condition,family,model,layer,head,selection_rho,selection_p,n_selection,selection_p_fdr
natural,gpt2,gpt2,10,9,-0.3904347826086956,0.05925750969939877,24,0.9917089108208642
natural,gpt2,gpt2,10,11,-0.30347826086956514,0.14940850037488196,24,0.9917089108208642
natural,gpt2,gpt2,9,0,-0.288695652173913,0.17126415242206866,24,0.9917089108208642
natural,gpt2,gpt2,11,11,-0.2826086956521739,0.1808793683193114,24,0.9917089108208642
natural,gpt2,gpt2,9,7,-0.27478260869565213,0.19378063586855726,24,0.9917089108208642
natural,gpt2,gpt2,9,3,-0.25217391304347825,0.2345275709216195,24,0.9917089108208642
natural,gpt2,gpt2,10,0,-0.2417391304347826,0.2551064662177336,24,0.9917089108208642
natural,gpt2,gpt2,9,6,-0.20347826086956516,0.3402613966398863,24,0.9917089108208642
natural,gpt2,gpt2,11,3,-0.19999999999999998,0.34875573272354543,24,0.9917089108208642
natural,gpt2,gpt2,10,10,-0.1869565217391304,0.381708968635058,24,0.9917089108208642
natural,gpt2,gpt2,8,7,-0.1660869565217391,0.43796690160823903,24,0.9917089108208642
natural,gpt2,gpt2,8,2,-0.15826086956521737,0.460148912728106,24,0.9917089108208642
natural,gpt2,gpt2,8,4,-0.1417391304347826,0.5088324543263878,24,0.9917089108208642
natural,gpt2,gpt2,8,1,-0.13217391304347825,0.5381181783911482,24,0.9917089108208642
natural,gpt2,gpt2,11,9,-0.1226086956521739,0.5681672657020507,24,0.9917089108208642
natural,gpt2,gpt2,8,9,-0.11739130434782606,0.5848655143600632,24,0.9917089108208642
natural,gpt2,gpt2,10,6,-0.11652173913043477,0.587669032951115,24,0.9917089108208642
natural,gpt2,gpt2,11,2,-0.08956521739130434,0.6772689468428972,24,0.9917089108208642
natural,gpt2,gpt2,8,0,-0.05913043478260869,0.783735252825447,24,0.9917089108208642
natural,gpt2,gpt2,10,3,-0.05826086956521739,0.7868436161547347,24,0.9917089108208642
natural,gpt2,gpt2,9,9,-0.05565217391304347,0.7961874995255513,24,0.9917089108208642
natural,gpt2,gpt2,9,1,-0.05565217391304347,0.7961874995255513,24,0.9917089108208642
natural,gpt2,gpt2,9,8,-0.04869565217391304,0.8212344730022532,24,0.9917089108208642
natural,gpt2,gpt2,11,6,-0.04434782608695652,0.8369769840650598,24,0.9917089108208642
natural,gpt2,gpt2,8,6,-0.04347826086956521,0.8401329841149333,24,0.9917089108208642
natural,gpt2,gpt2,8,11,-0.042608695652173914,0.8432913759776878,24,0.9917089108208642
natural,gpt2,gpt2,8,5,-0.03739130434782608,0.8622893584755251,24,0.9917089108208642
natural,gpt2,gpt2,9,11,-0.03565217391304347,0.8686390462246146,24,0.9917089108208642
natural,gpt2,gpt2,10,2,-0.033913043478260865,0.8749966229566861,24,0.9917089108208642
natural,gpt2,gpt2,11,10,-0.02260869565217391,0.9164870430337815,24,0.9917089108208642
natural,gpt2,gpt2,11,5,-0.015652173913043476,0.9421320594035385,24,0.9917089108208642
natural,gpt2,gpt2,8,10,-0.015652173913043476,0.9421320594035385,24,0.9917089108208642
natural,gpt2,gpt2,11,8,0.0,1.0,24,1.0
natural,gpt2,gpt2,8,3,0.007826086956521738,0.9710483085120961,24,0.9917089108208642
natural,gpt2,gpt2,9,10,0.007826086956521738,0.9710483085120961,24,0.9917089108208642
natural,gpt2,gpt2,10,7,0.017391304347826087,0.9357145967179171,24,0.9917089108208642
natural,gpt2,gpt2,9,2,0.03304347826086956,0.8781782520387229,24,0.9917089108208642
natural,gpt2,gpt2,8,8,0.05130434782608695,0.8118206065534151,24,0.9917089108208642
natural,gpt2,gpt2,9,4,0.05304347826086955,0.8055586374612034,24,0.9917089108208642
natural,gpt2,gpt2,10,1,0.0626086956521739,0.7713343005112614,24,0.9917089108208642
natural,gpt2,gpt2,9,5,0.06695652173913043,0.7559095203776366,24,0.9917089108208642
natural,gpt2,gpt2,11,1,0.07913043478260869,0.7132155791016112,24,0.9917089108208642
natural,gpt2,gpt2,11,0,0.12956521739130433,0.546239269258583,24,0.9917089108208642
natural,gpt2,gpt2,11,4,0.13826086956521738,0.5193911494591459,24,0.9917089108208642
natural,gpt2,gpt2,10,5,0.20347826086956516,0.3402613966398863,24,0.9917089108208642
natural,gpt2,gpt2,11,7,0.25565217391304346,0.22791835585505182,24,0.9917089108208642
natural,gpt2,gpt2,10,4,0.3104347826086956,0.13984001582896138,24,0.9917089108208642
natural,gpt2,gpt2,10,8,0.497391304347826,0.013398524953480468,24,0.6431291977670625
natural,gpt2,gpt2-large,28,16,-0.6991304347826087,0.0001440664963563472,24,0.03457595912552333
natural,gpt2,gpt2-large,29,7,-0.6008695652173912,0.0019025985739905028,24,0.1379243665355195
natural,gpt2,gpt2-large,30,1,-0.5965217391304348,0.002092699070468261,24,0.1379243665355195
natural,gpt2,gpt2-large,26,8,-0.5921739130434782,0.0022987394422586587,24,0.1379243665355195
natural,gpt2,gpt2-large,28,10,-0.5295652173913042,0.007784589602340773,24,0.27507807102942755
natural,gpt2,gpt2-large,24,10,-0.5156521739130434,0.009906970265358948,24,0.27507807102942755
natural,gpt2,gpt2-large,32,15,-0.5113043478260869,0.010660889916722198,24,0.27507807102942755
natural,gpt2,gpt2-large,32,18,-0.508695652173913,0.011135557260269265,24,0.27507807102942755
natural,gpt2,gpt2-large,26,16,-0.5069565217391303,0.011461586292892815,24,0.27507807102942755
natural,gpt2,gpt2-large,27,12,-0.5069565217391303,0.011461586292892815,24,0.27507807102942755
natural,gpt2,gpt2-large,33,16,-0.5008695652173912,0.012665278925668665,24,0.2763333583782254
natural,gpt2,gpt2-large,25,1,-0.49217391304347824,0.014563449230153696,24,0.2912689846030739
natural,gpt2,gpt2-large,34,16,-0.477391304347826,0.01832157146143348,24,0.30295266770454493
natural,gpt2,gpt2-large,30,10,-0.4756521739130434,0.01881128388890944,24,0.30295266770454493
natural,gpt2,gpt2-large,32,12,-0.4669565217391304,0.021421931678215295,24,0.30295266770454493
natural,gpt2,gpt2-large,34,4,-0.4660869565217391,0.0216983544469976,24,0.30295266770454493
natural,gpt2,gpt2-large,31,11,-0.45999999999999996,0.023715087669870637,24,0.30295266770454493
natural,gpt2,gpt2-large,34,1,-0.45739130434782604,0.024624404496205596,24,0.30295266770454493
natural,gpt2,gpt2-large,29,16,-0.45652173913043476,0.024933671317922936,24,0.30295266770454493
natural,gpt2,gpt2-large,31,1,-0.4556521739130434,0.02524605564204541,24,0.30295266770454493
natural,gpt2,gpt2-large,34,13,-0.4504347826086956,0.027187078784635655,24,0.3073384056618929
natural,gpt2,gpt2-large,29,9,-0.4460869565217391,0.028894442765709728,24,0.3073384056618929
natural,gpt2,gpt2-large,31,3,-0.4321739130434783,0.03494153662769787,24,0.3073384056618929
natural,gpt2,gpt2-large,32,3,-0.4313043478260869,0.035350455924713656,24,0.3073384056618929
natural,gpt2,gpt2-large,29,18,-0.43043478260869555,0.03576316089882472,24,0.3073384056618929
natural,gpt2,gpt2-large,32,8,-0.42869565217391303,0.036600023060006086,24,0.3073384056618929
natural,gpt2,gpt2-large,25,3,-0.4252173913043478,0.03832022472876961,24,0.3073384056618929
natural,gpt2,gpt2-large,29,13,-0.4243478260869564,0.038760097639367115,24,0.3073384056618929
natural,gpt2,gpt2-large,30,19,-0.42173913043478256,0.04010367500276703,24,0.3073384056618929
natural,gpt2,gpt2-large,28,1,-0.42,0.0410196000141129,24,0.3073384056618929
natural,gpt2,gpt2-large,32,14,-0.4165217391304347,0.042900817522030246,24,0.3073384056618929
natural,gpt2,gpt2-large,26,14,-0.4139130434782608,0.044355692190527395,24,0.3073384056618929
natural,gpt2,gpt2-large,24,19,-0.4139130434782608,0.044355692190527395,24,0.3073384056618929
natural,gpt2,gpt2-large,35,13,-0.4139130434782608,0.044355692190527395,24,0.3073384056618929
natural,gpt2,gpt2-large,30,14,-0.4104347826086956,0.04635539124201927,24,0.3073384056618929
natural,gpt2,gpt2-large,34,14,-0.40956521739130425,0.046866169264913146,24,0.3073384056618929
natural,gpt2,gpt2-large,32,19,-0.40869565217391296,0.047381337539541823,24,0.3073384056618929
natural,gpt2,gpt2-large,34,0,-0.40347826086956523,0.05056591564642584,24,0.3193636777669
natural,gpt2,gpt2-large,32,2,-0.3956521739130434,0.05565238288922824,24,0.3386143411394215
natural,gpt2,gpt2-large,25,13,-0.3921739130434782,0.05803633887025061,24,0.3386143411394215
natural,gpt2,gpt2-large,30,5,-0.3913043478260869,0.05864447105666783,24,0.3386143411394215
natural,gpt2,gpt2-large,30,15,-0.3904347826086956,0.05925750969939877,24,0.3386143411394215
natural,gpt2,gpt2-large,30,6,-0.38434782608695645,0.06368822401812063,24,0.3554691573104407
natural,gpt2,gpt2-large,26,13,-0.38,0.06700561062998242,24,0.36548514889081324
natural,gpt2,gpt2-large,24,16,-0.37652173913043474,0.06975342004393108,24,0.3712651829517241
natural,gpt2,gpt2-large,34,12,-0.37478260869565216,0.07115916006574712,24,0.3712651829517241
natural,gpt2,gpt2-large,27,8,-0.3695652173913043,0.07550604515168588,24,0.3767127885144846
natural,gpt2,gpt2-large,29,4,-0.368695652173913,0.0762496884790825,24,0.3767127885144846
natural,gpt2,gpt2-large,31,8,-0.3678260869565217,0.07699887080183039,24,0.3767127885144846
natural,gpt2,gpt2-large,32,11,-0.3660869565217391,0.07851394802456449,24,0.3767127885144846
natural,gpt2,gpt2-large,32,1,-0.3643478260869565,0.08005146755932797,24,0.3767127885144846
natural,gpt2,gpt2-large,32,0,-0.36,0.08399469645152523,24,0.384132252539496
natural,gpt2,gpt2-large,31,10,-0.35826086956521735,0.08561225508651164,24,0.384132252539496
natural,gpt2,gpt2-large,26,1,-0.35739130434782607,0.0864297568213866,24,0.384132252539496
natural,gpt2,gpt2-large,27,3,-0.35478260869565215,0.08891743107314608,24,0.38467909752781215
natural,gpt2,gpt2-large,27,2,-0.3539130434782608,0.08975845608982283,24,0.38467909752781215
natural,gpt2,gpt2-large,32,5,-0.3504347826086956,0.09318217165981718,24,0.39234598593607234
natural,gpt2,gpt2-large,31,9,-0.34695652173913033,0.09670236783045817,24,0.39336556405610107
natural,gpt2,gpt2-large,31,6,-0.34695652173913033,0.09670236783045817,24,0.39336556405610107
natural,gpt2,gpt2-large,35,16,-0.3426086956521739,0.10124049007057848,24,0.3954840820961904
natural,gpt2,gpt2-large,26,15,-0.3417391304347826,0.10216672120818251,24,0.3954840820961904
natural,gpt2,gpt2-large,26,7,-0.3417391304347826,0.10216672120818251,24,0.3954840820961904
natural,gpt2,gpt2-large,29,0,-0.3347826086956522,0.10980353592186973,24,0.41829918446426567
natural,gpt2,gpt2-large,27,16,-0.3321739130434782,0.11277279029569673,24,0.4228979636088627
natural,gpt2,gpt2-large,28,13,-0.32434782608695645,0.12203323885388005,24,0.449432831118174
natural,gpt2,gpt2-large,27,9,-0.32260869565217387,0.12416401155590813,24,0.449432831118174
natural,gpt2,gpt2-large,24,8,-0.3208695652173913,0.12632163923076095,24,0.449432831118174
natural,gpt2,gpt2-large,26,3,-0.3173913043478261,0.13071808560327577,24,0.449432831118174
natural,gpt2,gpt2-large,31,12,-0.3173913043478261,0.13071808560327577,24,0.449432831118174
natural,gpt2,gpt2-large,25,17,-0.31652173913043474,0.13183422455052596,24,0.449432831118174
natural,gpt2,gpt2-large,35,7,-0.31565217391304345,0.13295721253912648,24,0.449432831118174
natural,gpt2,gpt2-large,30,3,-0.31130434782608696,0.13867554266987714,24,0.45353518647230723
natural,gpt2,gpt2-large,35,9,-0.31130434782608696,0.13867554266987714,24,0.45353518647230723
natural,gpt2,gpt2-large,28,8,-0.3104347826086956,0.13984001582896138,24,0.45353518647230723
natural,gpt2,gpt2-large,35,2,-0.3060869565217391,0.14576740958659434,24,0.4641284758248727
natural,gpt2,gpt2-large,25,9,-0.3052173913043478,0.14697401734454302,24,0.4641284758248727
natural,gpt2,gpt2-large,29,6,-0.29739130434782607,0.15815426059539578,24,0.4905613947008109
natural,gpt2,gpt2-large,28,12,-0.2965217391304348,0.15943245327776354,24,0.4905613947008109
natural,gpt2,gpt2-large,27,17,-0.29478260869565215,0.16201059639566906,24,0.4921840903159566
natural,gpt2,gpt2-large,29,10,-0.2904347826086956,0.16858358873548324,24,0.503467220600029
natural,gpt2,gpt2-large,34,17,-0.2895652173913043,0.1699201869525098,24,0.503467220600029
natural,gpt2,gpt2-large,32,4,-0.2817391304347826,0.18228277001095713,24,0.5335105463735331
natural,gpt2,gpt2-large,25,8,-0.2782608695652174,0.18797139452214312,24,0.5435317431965584
natural,gpt2,gpt2-large,35,12,-0.27478260869565213,0.19378063586855726,24,0.5471453248053382
natural,gpt2,gpt2-large,34,18,-0.27304347826086955,0.1967307228902543,24,0.5490159708565236
natural,gpt2,gpt2-large,32,16,-0.2713043478260869,0.19971124015805522,24,0.550927559056704
natural,gpt2,gpt2-large,26,17,-0.2695652173913043,0.20272227336292592,24,0.5528789273534344
natural,gpt2,gpt2-large,35,0,-0.2669565217391304,0.20729622036281845,24,0.5531532713700927
natural,gpt2,gpt2-large,30,16,-0.26608695652173914,0.20883621481010178,24,0.5531532713700927
natural,gpt2,gpt2-large,33,9,-0.2643478260869565,0.21193927878705082,24,0.5531532713700927
natural,gpt2,gpt2-large,26,6,-0.2626086956521739,0.21507317009837812,24,0.5531532713700927
natural,gpt2,gpt2-large,31,14,-0.2617391304347826,0.21665169795328632,24,0.5531532713700927
natural,gpt2,gpt2-large,28,3,-0.25913043478260867,0.22143371075635887,24,0.5576080453294836
natural,gpt2,gpt2-large,24,5,-0.2582608695652174,0.22304321813179345,24,0.5576080453294836
natural,gpt2,gpt2-large,25,15,-0.25565217391304346,0.22791835585505182,24,0.5581674020940044
natural,gpt2,gpt2-large,31,17,-0.25565217391304346,0.22791835585505182,24,0.5581674020940044
natural,gpt2,gpt2-large,28,11,-0.25130434782608696,0.23619938811607974,24,0.5709096546473122
natural,gpt2,gpt2-large,33,10,-0.2504347826086956,0.23787902276971346,24,0.5709096546473122
natural,gpt2,gpt2-large,31,19,-0.248695652173913,0.2412617668879545,24,0.5732952876545453
natural,gpt2,gpt2-large,26,5,-0.23826086956521736,0.26221750952163636,24,0.6092652951088441
natural,gpt2,gpt2-large,30,0,-0.23739130434782607,0.26401496121383244,24,0.6092652951088441
natural,gpt2,gpt2-large,33,2,-0.23391304347826083,0.27128359982868233,24,0.618385983237352
natural,gpt2,gpt2-large,28,9,-0.23304347826086955,0.27312047592983046,24,0.618385983237352
natural,gpt2,gpt2-large,34,8,-0.2252173913043478,0.2900074275938717,24,0.6470022857281202
natural,gpt2,gpt2-large,35,19,-0.22347826086956518,0.2938468714348546,24,0.6470022857281202
natural,gpt2,gpt2-large,33,0,-0.2217391304347826,0.29771785747175966,24,0.64792470103821
natural,gpt2,gpt2-large,30,11,-0.2208695652173913,0.29966517423017214,24,0.64792470103821
natural,gpt2,gpt2-large,33,14,-0.21826086956521737,0.30555439158449416,24,0.6531678808118386
natural,gpt2,gpt2-large,33,8,-0.21478260869565213,0.31351686150284375,24,0.6542960587885435
natural,gpt2,gpt2-large,24,11,-0.21304347826086956,0.31754525245129134,24,0.6555069675340952
natural,gpt2,gpt2-large,33,5,-0.21043478260869564,0.3236466869695016,24,0.6555069675340952
natural,gpt2,gpt2-large,25,19,-0.20869565217391303,0.3277534837670476,24,0.6555069675340952
natural,gpt2,gpt2-large,28,17,-0.20869565217391303,0.3277534837670476,24,0.6555069675340952
natural,gpt2,gpt2-large,27,18,-0.2052173913043478,0.3360608896745527,24,0.6639246763705099
natural,gpt2,gpt2-large,29,15,-0.20434782608695648,0.33815724851317563,24,0.6639246763705099
natural,gpt2,gpt2-large,30,13,-0.20347826086956516,0.3402613966398863,24,0.6639246763705099
natural,gpt2,gpt2-large,27,10,-0.2008695652173913,0.3466205027349787,24,0.6696110068292073
natural,gpt2,gpt2-large,28,15,-0.19652173913043475,0.35737406951590356,24,0.6807125133636258
natural,gpt2,gpt2-large,34,6,-0.18608695652173912,0.38396703397174836,24,0.7230440134852801
natural,gpt2,gpt2-large,25,2,-0.1843478260869565,0.3885058997417008,24,0.7230440134852801
natural,gpt2,gpt2-large,24,2,-0.1826086956521739,0.393074993112294,24,0.7230440134852801
natural,gpt2,gpt2-large,35,15,-0.18086956521739128,0.39767420741690407,24,0.7230440134852801
natural,gpt2,gpt2-large,28,2,-0.18086956521739128,0.39767420741690407,24,0.7230440134852801
natural,gpt2,gpt2-large,31,7,-0.18086956521739128,0.39767420741690407,24,0.7230440134852801
natural,gpt2,gpt2-large,26,12,-0.1782608695652174,0.4046292620718748,24,0.7276502840737789
natural,gpt2,gpt2-large,26,0,-0.17652173913043476,0.4093032847915006,24,0.7276502840737789
natural,gpt2,gpt2-large,24,13,-0.17652173913043476,0.4093032847915006,24,0.7276502840737789
natural,gpt2,gpt2-large,26,2,-0.17478260869565218,0.41400702240858334,24,0.7306006277798529
natural,gpt2,gpt2-large,30,4,-0.17304347826086955,0.4187403495722347,24,0.7335597364769075
natural,gpt2,gpt2-large,27,6,-0.1695652173913043,0.42829525040358907,24,0.7448613050497201
natural,gpt2,gpt2-large,33,11,-0.16695652173913042,0.4355381053206143,24,0.7520082394024995
natural,gpt2,gpt2-large,27,5,-0.1652173913043478,0.4404029231283094,24,0.75261391612835
natural,gpt2,gpt2-large,33,19,-0.16347826086956518,0.4452965670426071,24,0.75261391612835
natural,gpt2,gpt2-large,27,7,-0.16347826086956518,0.4452965670426071,24,0.75261391612835
natural,gpt2,gpt2-large,24,17,-0.15739130434782608,0.46264909166367674,24,0.7706837313638669
natural,gpt2,gpt2-large,25,5,-0.15739130434782608,0.46264909166367674,24,0.7706837313638669
natural,gpt2,gpt2-large,29,12,-0.15565217391304348,0.46767051016381667,24,0.7706837313638669
natural,gpt2,gpt2-large,28,7,-0.15391304347826085,0.47271986689761514,24,0.7706837313638669
natural,gpt2,gpt2-large,28,0,-0.15391304347826085,0.47271986689761514,24,0.7706837313638669
natural,gpt2,gpt2-large,29,17,-0.15304347826086956,0.4752549676743846,24,0.7706837313638669
natural,gpt2,gpt2-large,28,19,-0.14782608695652172,0.49061007074296015,24,0.7849761131887363
natural,gpt2,gpt2-large,29,3,-0.1434782608695652,0.5035926462175362,24,0.8004121529285344
natural,gpt2,gpt2-large,31,16,-0.1408695652173913,0.511462281884675,24,0.8075720240284342
natural,gpt2,gpt2-large,25,4,-0.13652173913043478,0.5247096194478427,24,0.8218886367363986
natural,gpt2,gpt2-large,30,8,-0.13304347826086957,0.5354237325436195,24,0.8237288192978761
natural,gpt2,gpt2-large,35,3,-0.13304347826086957,0.5354237325436195,24,0.8237288192978761
natural,gpt2,gpt2-large,33,17,-0.1243478260869565,0.5626487416883164,24,0.8546563164885818
natural,gpt2,gpt2-large,30,2,-0.1208695652173913,0.5737097351958667,24,0.8611516775853691
natural,gpt2,gpt2-large,32,6,-0.12,0.5764898720889464,24,0.8611516775853691
natural,gpt2,gpt2-large,28,14,-0.11913043478260868,0.579275902008125,24,0.8611516775853691
natural,gpt2,gpt2-large,33,3,-0.11739130434782606,0.5848655143600632,24,0.8611516775853691
natural,gpt2,gpt2-large,27,11,-0.11739130434782606,0.5848655143600632,24,0.8611516775853691
natural,gpt2,gpt2-large,35,14,-0.11391304347826085,0.5961140506694134,24,0.8723620253698732
natural,gpt2,gpt2-large,25,0,-0.11043478260869564,0.6074532587517109,24,0.8734990573296205
natural,gpt2,gpt2-large,32,9,-0.10956521739130433,0.6103019785284629,24,0.8734990573296205
natural,gpt2,gpt2-large,27,19,-0.10956521739130433,0.6103019785284629,24,0.8734990573296205
natural,gpt2,gpt2-large,26,19,-0.10695652173913042,0.6188809974331805,24,0.8734990573296205
natural,gpt2,gpt2-large,27,15,-0.1060869565217391,0.6217515088671185,24,0.8734990573296205
natural,gpt2,gpt2-large,24,3,-0.1034782608695652,0.6303950708493536,24,0.8734990573296205
natural,gpt2,gpt2-large,34,10,-0.1034782608695652,0.6303950708493536,24,0.8734990573296205
natural,gpt2,gpt2-large,25,14,-0.1026086956521739,0.6332868165639749,24,0.8734990573296205
natural,gpt2,gpt2-large,24,7,-0.09999999999999999,0.6419932296067883,24,0.8804478577464525
natural,gpt2,gpt2-large,31,13,-0.09478260869565217,0.659543078769137,24,0.8892644204871967
natural,gpt2,gpt2-large,35,10,-0.09391304347826085,0.6624853858393347,24,0.8892644204871967
natural,gpt2,gpt2-large,33,15,-0.09217391304347824,0.6683845191595212,24,0.8892644204871967
natural,gpt2,gpt2-large,25,6,-0.09217391304347824,0.6683845191595212,24,0.8892644204871967
natural,gpt2,gpt2-large,28,4,-0.08782608695652173,0.6832152692148052,24,0.8892644204871967
natural,gpt2,gpt2-large,34,2,-0.08608695652173912,0.6891799258775774,24,0.8892644204871967
natural,gpt2,gpt2-large,35,11,-0.08608695652173912,0.6891799258775774,24,0.8892644204871967
natural,gpt2,gpt2-large,30,17,-0.08434782608695651,0.6951626031358499,24,0.8921872981422672
natural,gpt2,gpt2-large,29,1,-0.08173913043478259,0.7041697144360882,24,0.8980073021818896
natural,gpt2,gpt2-large,33,4,-0.08086956521739129,0.707180750468238,24,0.8980073021818896
natural,gpt2,gpt2-large,25,7,-0.07652173913043478,0.7222991032128186,24,0.912377814584613
natural,gpt2,gpt2-large,35,17,-0.07391304347826086,0.7314191793924034,24,0.9123946194992886
natural,gpt2,gpt2-large,32,7,-0.07304347826086956,0.7344671341768292,24,0.9123946194992886
natural,gpt2,gpt2-large,35,5,-0.07217391304347825,0.7375189840952583,24,0.9123946194992886
natural,gpt2,gpt2-large,25,11,-0.06956521739130435,0.7466974841785088,24,0.9143234500145007
natural,gpt2,gpt2-large,35,6,-0.06608695652173913,0.7589874525518234,24,0.9190781184459785
natural,gpt2,gpt2-large,30,9,-0.06521739130434781,0.7620689398781239,24,0.9190781184459785
natural,gpt2,gpt2-large,25,10,-0.06,0.7806300955564118,24,0.9320956364852679
natural,gpt2,gpt2-large,31,15,-0.04869565217391304,0.8212344730022532,24,0.9558003752323029
natural,gpt2,gpt2-large,30,18,-0.04869565217391304,0.8212344730022532,24,0.9558003752323029
natural,gpt2,gpt2-large,31,2,-0.047826086956521734,0.8243778236378612,24,0.9558003752323029
natural,gpt2,gpt2-large,34,19,-0.04434782608695652,0.8369769840650598,24,0.9571348908906648
natural,gpt2,gpt2-large,27,4,-0.04434782608695652,0.8369769840650598,24,0.9571348908906648
natural,gpt2,gpt2-large,24,4,-0.041739130434782605,0.8464521133997218,24,0.9571348908906648
natural,gpt2,gpt2-large,29,14,-0.04,0.8527804394339904,24,0.9571348908906648
natural,gpt2,gpt2-large,29,11,-0.03565217391304347,0.8686390462246146,24,0.9571348908906648
natural,gpt2,gpt2-large,26,9,-0.033913043478260865,0.8749966229566861,24,0.9571348908906648
natural,gpt2,gpt2-large,26,18,-0.03304347826086956,0.8781782520387229,24,0.9571348908906648
natural,gpt2,gpt2-large,27,13,-0.03217391304347826,0.8813617120284872,24,0.9571348908906648
natural,gpt2,gpt2-large,34,5,-0.023478260869565212,0.9132865779270147,24,0.965507549129855
natural,gpt2,gpt2-large,35,8,-0.020869565217391303,0.9228917031216202,24,0.965507549129855
natural,gpt2,gpt2-large,35,18,-0.0017391304347826085,0.9935650421080594,24,0.9967824967252693
natural,gpt2,gpt2-large,29,8,0.0008695652173913043,0.9967824967252694,24,0.9967824967252693
natural,gpt2,gpt2-large,33,7,0.0008695652173913043,0.9967824967252694,24,0.9967824967252693
natural,gpt2,gpt2-large,33,12,0.0017391304347826085,0.9935650421080594,24,0.9967824967252693
natural,gpt2,gpt2-large,31,18,0.003478260869565217,0.9871304734643621,24,0.9967824967252693
natural,gpt2,gpt2-large,29,19,0.005217391304347826,0.9806966832535792,24,0.9967824967252693
natural,gpt2,gpt2-large,33,13,0.009565217391304347,0.9646181660759277,24,0.9893519652060796
natural,gpt2,gpt2-large,24,18,0.014782608695652172,0.9453421257736343,24,0.973742962170267
natural,gpt2,gpt2-large,24,0,0.01652173913043478,0.9389228669455103,24,0.9712995175298382
natural,gpt2,gpt2-large,31,0,0.019130434782608695,0.9293010160374854,24,0.965507549129855
natural,gpt2,gpt2-large,34,7,0.02,0.9260958020254711,24,0.965507549129855
natural,gpt2,gpt2-large,30,12,0.020869565217391303,0.9228917031216202,24,0.965507549129855
natural,gpt2,gpt2-large,33,6,0.023478260869565212,0.9132865779270147,24,0.965507549129855
natural,gpt2,gpt2-large,26,4,0.02434782608695652,0.9100874200789535,24,0.965507549129855
natural,gpt2,gpt2-large,24,15,0.02869565217391304,0.8941129145750657,24,0.957978122758999
natural,gpt2,gpt2-large,24,6,0.029565217391304344,0.8909226043767046,24,0.957978122758999
natural,gpt2,gpt2-large,32,10,0.03043478260869565,0.8877339355759605,24,0.957978122758999
natural,gpt2,gpt2-large,34,3,0.03217391304347826,0.8813617120284872,24,0.9571348908906648
natural,gpt2,gpt2-large,34,11,0.033913043478260865,0.8749966229566861,24,0.9571348908906648
natural,gpt2,gpt2-large,24,9,0.034782608695652174,0.8718168719786574,24,0.9571348908906648
natural,gpt2,gpt2-large,35,1,0.03913043478260869,0.855947935071337,24,0.9571348908906648
natural,gpt2,gpt2-large,30,7,0.040869565217391296,0.8496151500324182,24,0.9571348908906648
natural,gpt2,gpt2-large,28,5,0.041739130434782605,0.8464521133997218,24,0.9571348908906648
natural,gpt2,gpt2-large,34,15,0.049565217391304345,0.8180937896030709,24,0.9558003752323029
natural,gpt2,gpt2-large,27,0,0.050434782608695654,0.8149558189775674,24,0.9558003752323029
natural,gpt2,gpt2-large,31,4,0.05130434782608695,0.8118206065534151,24,0.9558003752323029
natural,gpt2,gpt2-large,32,13,0.0608695652173913,0.7775281884531549,24,0.9320956364852679
natural,gpt2,gpt2-large,31,5,0.06608695652173913,0.7589874525518234,24,0.9190781184459785
natural,gpt2,gpt2-large,33,18,0.07043478260869565,0.7436342012968032,24,0.9143234500145007
natural,gpt2,gpt2-large,25,16,0.07217391304347825,0.7375189840952583,24,0.9123946194992886
natural,gpt2,gpt2-large,33,1,0.08695652173913042,0.6861953252985288,24,0.8892644204871967
natural,gpt2,gpt2-large,24,12,0.08782608695652173,0.6832152692148052,24,0.8892644204871967
natural,gpt2,gpt2-large,24,1,0.09130434782608696,0.671341269564641,24,0.8892644204871967
natural,gpt2,gpt2-large,29,2,0.09478260869565217,0.659543078769137,24,0.8892644204871967
natural,gpt2,gpt2-large,28,6,0.10521739130434782,0.6246273816458914,24,0.8734990573296205
natural,gpt2,gpt2-large,27,14,0.10782608695652172,0.6160158821815656,24,0.8734990573296205
natural,gpt2,gpt2-large,34,9,0.12869565217391304,0.5489587886992762,24,0.8391726706230974
natural,gpt2,gpt2-large,27,1,0.13565217391304346,0.5273785419058558,24,0.8218886367363986
natural,gpt2,gpt2-large,24,14,0.14956521739130432,0.48546433225418195,24,0.781955971416132
natural,gpt2,gpt2-large,29,5,0.19999999999999998,0.34875573272354543,24,0.6696110068292073
natural,gpt2,gpt2-large,26,11,0.20956521739130432,0.3256961715714217,24,0.6555069675340952
natural,gpt2,gpt2-large,28,18,0.21565217391304345,0.31151444912851106,24,0.6542960587885435
natural,gpt2,gpt2-large,25,12,0.21739130434782608,0.30753321054890737,24,0.6531678808118386
natural,gpt2,gpt2-large,32,17,0.22434782608695653,0.2919232059452402,24,0.6470022857281202
natural,gpt2,gpt2-large,35,4,0.23739130434782607,0.26401496121383244,24,0.6092652951088441
natural,gpt2,gpt2-large,26,10,0.26347826086956516,0.21350236658523813,24,0.5531532713700927
natural,gpt2,gpt2-large,25,18,0.27478260869565213,0.19378063586855726,24,0.5471453248053382
natural,gpt2,gpt2-medium,19,7,-0.4513043478260869,0.02685552027560792,24,0.9293640141854593
natural,gpt2,gpt2-medium,17,1,-0.4313043478260869,0.035350455924713656,24,0.9293640141854593
natural,gpt2,gpt2-medium,17,0,-0.4139130434782608,0.044355692190527395,24,0.9293640141854593
natural,gpt2,gpt2-medium,21,7,-0.40086956521739125,0.05221946082129628,24,0.9293640141854593
natural,gpt2,gpt2-medium,17,13,-0.3947826086956522,0.05624113516523863,24,0.9293640141854593
natural,gpt2,gpt2-medium,23,12,-0.38608695652173913,0.06239715956765035,24,0.9293640141854593
natural,gpt2,gpt2-medium,23,11,-0.3834782608695652,0.06434139809221918,24,0.9293640141854593
natural,gpt2,gpt2-medium,21,5,-0.3739130434782608,0.0718700737680595,24,0.9293640141854593
natural,gpt2,gpt2-medium,21,3,-0.36260869565217385,0.08161161940645154,24,0.9293640141854593
natural,gpt2,gpt2-medium,17,4,-0.36,0.08399469645152523,24,0.9293640141854593
natural,gpt2,gpt2-medium,16,6,-0.3504347826086956,0.09318217165981718,24,0.9293640141854593
natural,gpt2,gpt2-medium,22,10,-0.328695652173913,0.11682275058870725,24,0.9293640141854593
natural,gpt2,gpt2-medium,18,3,-0.3217391304347825,0.12523945866486338,24,0.9293640141854593
natural,gpt2,gpt2-medium,18,6,-0.3008695652173913,0.15311364746090095,24,0.9293640141854593
natural,gpt2,gpt2-medium,23,7,-0.2895652173913043,0.1699201869525098,24,0.9293640141854593
natural,gpt2,gpt2-medium,18,0,-0.2817391304347826,0.18228277001095713,24,0.9293640141854593
natural,gpt2,gpt2-medium,20,2,-0.2791304347826086,0.18653796075704562,24,0.9293640141854593
natural,gpt2,gpt2-medium,19,15,-0.2782608695652174,0.18797139452214312,24,0.9293640141854593
natural,gpt2,gpt2-medium,22,6,-0.27391304347826084,0.19525188107441607,24,0.9293640141854593
natural,gpt2,gpt2-medium,22,15,-0.2721739130434782,0.1982171723154793,24,0.9293640141854593
natural,gpt2,gpt2-medium,23,10,-0.2695652173913043,0.20272227336292592,24,0.9293640141854593
natural,gpt2,gpt2-medium,19,1,-0.2617391304347826,0.21665169795328632,24,0.9293640141854593
natural,gpt2,gpt2-medium,21,6,-0.25304347826086954,0.23286356530495447,24,0.9293640141854593
natural,gpt2,gpt2-medium,21,1,-0.25217391304347825,0.2345275709216195,24,0.9293640141854593
natural,gpt2,gpt2-medium,18,1,-0.24434782608695652,0.24985580217173986,24,0.9293640141854593
natural,gpt2,gpt2-medium,18,12,-0.24434782608695652,0.24985580217173986,24,0.9293640141854593
natural,gpt2,gpt2-medium,23,15,-0.2434782608695652,0.25159816184284284,24,0.9293640141854593
natural,gpt2,gpt2-medium,22,9,-0.2417391304347826,0.2551064662177336,24,0.9293640141854593
natural,gpt2,gpt2-medium,21,4,-0.23652173913043475,0.2658202941596181,24,0.9293640141854593
natural,gpt2,gpt2-medium,23,13,-0.23130434782608694,0.2768178964626149,24,0.9293640141854593
natural,gpt2,gpt2-medium,22,3,-0.23043478260869563,0.27867844240498885,24,0.9293640141854593
natural,gpt2,gpt2-medium,19,5,-0.2278260869565217,0.28430742700718314,24,0.9293640141854593
natural,gpt2,gpt2-medium,18,14,-0.2252173913043478,0.2900074275938717,24,0.9293640141854593
natural,gpt2,gpt2-medium,20,12,-0.2252173913043478,0.2900074275938717,24,0.9293640141854593
natural,gpt2,gpt2-medium,23,9,-0.2217391304347826,0.29771785747175966,24,0.9293640141854593
natural,gpt2,gpt2-medium,21,2,-0.21478260869565213,0.31351686150284375,24,0.9293640141854593
natural,gpt2,gpt2-medium,16,2,-0.21043478260869564,0.3236466869695016,24,0.9293640141854593
natural,gpt2,gpt2-medium,16,14,-0.20956521739130432,0.3256961715714217,24,0.9293640141854593
natural,gpt2,gpt2-medium,16,12,-0.2026086956521739,0.34237332678092103,24,0.9293640141854593
natural,gpt2,gpt2-medium,22,5,-0.2008695652173913,0.3466205027349787,24,0.9293640141854593
natural,gpt2,gpt2-medium,17,11,-0.19826086956521738,0.35304943524240395,24,0.9293640141854593
natural,gpt2,gpt2-medium,19,11,-0.19565217391304346,0.3595479632342291,24,0.9293640141854593
natural,gpt2,gpt2-medium,23,2,-0.18608695652173912,0.38396703397174836,24,0.9293640141854593
natural,gpt2,gpt2-medium,18,2,-0.1843478260869565,0.3885058997417008,24,0.9293640141854593
natural,gpt2,gpt2-medium,20,8,-0.1826086956521739,0.393074993112294,24,0.9293640141854593
natural,gpt2,gpt2-medium,21,13,-0.18173913043478263,0.3953708419767238,24,0.9293640141854593
natural,gpt2,gpt2-medium,16,8,-0.17652173913043476,0.4093032847915006,24,0.9293640141854593
natural,gpt2,gpt2-medium,16,15,-0.17565217391304347,0.41165144697505396,24,0.9293640141854593
natural,gpt2,gpt2-medium,19,13,-0.17304347826086955,0.4187403495722347,24,0.9293640141854593
natural,gpt2,gpt2-medium,23,0,-0.17217391304347823,0.42111806892778625,24,0.9293640141854593
natural,gpt2,gpt2-medium,23,1,-0.16,0.455169720215426,24,0.9811867267083346
natural,gpt2,gpt2-medium,21,14,-0.15478260869565216,0.4701917070737499,24,0.9811867267083346
natural,gpt2,gpt2-medium,18,9,-0.15391304347826085,0.47271986689761514,24,0.9811867267083346
natural,gpt2,gpt2-medium,16,4,-0.13739130434782607,0.5220471463273302,24,0.9811867267083346
natural,gpt2,gpt2-medium,20,10,-0.13478260869565215,0.5300538865453848,24,0.9811867267083346
natural,gpt2,gpt2-medium,16,7,-0.13304347826086957,0.5354237325436195,24,0.9811867267083346
natural,gpt2,gpt2-medium,20,9,-0.12869565217391304,0.5489587886992762,24,0.9811867267083346
natural,gpt2,gpt2-medium,18,10,-0.12869565217391304,0.5489587886992762,24,0.9811867267083346
natural,gpt2,gpt2-medium,23,6,-0.1269565217391304,0.5544163873133454,24,0.9811867267083346
natural,gpt2,gpt2-medium,23,5,-0.1243478260869565,0.5626487416883164,24,0.9811867267083346
natural,gpt2,gpt2-medium,20,13,-0.1226086956521739,0.5681672657020507,24,0.9811867267083346
natural,gpt2,gpt2-medium,20,15,-0.1217391304347826,0.5709355226889166,24,0.9811867267083346
natural,gpt2,gpt2-medium,23,8,-0.09826086956521737,0.6478231237133647,24,0.9811867267083346
natural,gpt2,gpt2-medium,19,6,-0.09739130434782609,0.6507456469889163,24,0.9811867267083346
natural,gpt2,gpt2-medium,22,12,-0.08434782608695651,0.6951626031358499,24,0.9811867267083346
natural,gpt2,gpt2-medium,16,3,-0.07826086956521738,0.7162392905010877,24,0.9811867267083346
natural,gpt2,gpt2-medium,21,0,-0.07652173913043478,0.7222991032128186,24,0.9811867267083346
natural,gpt2,gpt2-medium,20,7,-0.07652173913043478,0.7222991032128186,24,0.9811867267083346
natural,gpt2,gpt2-medium,20,14,-0.07391304347826086,0.7314191793924034,24,0.9811867267083346
natural,gpt2,gpt2-medium,20,3,-0.07391304347826086,0.7314191793924034,24,0.9811867267083346
natural,gpt2,gpt2-medium,20,11,-0.07217391304347825,0.7375189840952583,24,0.9811867267083346
natural,gpt2,gpt2-medium,17,3,-0.06956521739130435,0.7466974841785088,24,0.9811867267083346
natural,gpt2,gpt2-medium,16,10,-0.0626086956521739,0.7713343005112614,24,0.9811867267083346
natural,gpt2,gpt2-medium,21,12,-0.054782608695652164,0.799308243488264,24,0.9811867267083346
natural,gpt2,gpt2-medium,22,13,-0.05391304347826086,0.8024319710844886,24,0.9811867267083346
natural,gpt2,gpt2-medium,22,4,-0.050434782608695654,0.8149558189775674,24,0.9811867267083346
natural,gpt2,gpt2-medium,23,14,-0.049565217391304345,0.8180937896030709,24,0.9811867267083346
natural,gpt2,gpt2-medium,20,6,-0.047826086956521734,0.8243778236378612,24,0.9811867267083346
natural,gpt2,gpt2-medium,22,14,-0.04,0.8527804394339904,24,0.9811867267083346
natural,gpt2,gpt2-medium,23,4,-0.03652173913043478,0.8654631927363388,24,0.9811867267083346
natural,gpt2,gpt2-medium,22,1,-0.03565217391304347,0.8686390462246146,24,0.9811867267083346
natural,gpt2,gpt2-medium,20,4,-0.029565217391304344,0.8909226043767046,24,0.9811867267083346
natural,gpt2,gpt2-medium,18,5,-0.029565217391304344,0.8909226043767046,24,0.9811867267083346
natural,gpt2,gpt2-medium,19,14,-0.02695652173913043,0.9004982689028822,24,0.9811867267083346
natural,gpt2,gpt2-medium,17,15,-0.025217391304347827,0.9068896173989752,24,0.9811867267083346
natural,gpt2,gpt2-medium,19,4,-0.020869565217391303,0.9228917031216202,24,0.9811867267083346
natural,gpt2,gpt2-medium,18,11,-0.019130434782608695,0.9293010160374854,24,0.9811867267083346
natural,gpt2,gpt2-medium,21,15,-0.015652173913043476,0.9421320594035385,24,0.9811867267083346
natural,gpt2,gpt2-medium,23,3,-0.01217391304347826,0.9549770846497847,24,0.9811867267083346
natural,gpt2,gpt2-medium,22,0,0.002608695652173913,0.9903476848039034,24,0.9903476848039034
natural,gpt2,gpt2-medium,19,10,0.004347826086956522,0.9839134567350358,24,0.9903476848039034
natural,gpt2,gpt2-medium,17,2,0.008695652173913044,0.967832994170269,24,0.9831954226491622
natural,gpt2,gpt2-medium,18,4,0.011304347826086955,0.958190162801108,24,0.9811867267083346
natural,gpt2,gpt2-medium,19,12,0.013913043478260868,0.9485530177017847,24,0.9811867267083346
natural,gpt2,gpt2-medium,19,8,0.017391304347826087,0.9357145967179171,24,0.9811867267083346
natural,gpt2,gpt2-medium,21,9,0.019130434782608695,0.9293010160374854,24,0.9811867267083346
natural,gpt2,gpt2-medium,16,1,0.02,0.9260958020254711,24,0.9811867267083346
natural,gpt2,gpt2-medium,20,0,0.020869565217391303,0.9228917031216202,24,0.9811867267083346
natural,gpt2,gpt2-medium,20,1,0.021739130434782605,0.9196887674366272,24,0.9811867267083346
natural,gpt2,gpt2-medium,18,15,0.02608695652173913,0.903693217741266,24,0.9811867267083346
natural,gpt2,gpt2-medium,17,7,0.027826086956521737,0.8973048186218164,24,0.9811867267083346
natural,gpt2,gpt2-medium,21,11,0.033913043478260865,0.8749966229566861,24,0.9811867267083346
natural,gpt2,gpt2-medium,22,11,0.03565217391304347,0.8686390462246146,24,0.9811867267083346
natural,gpt2,gpt2-medium,19,3,0.03652173913043478,0.8654631927363388,24,0.9811867267083346
natural,gpt2,gpt2-medium,16,5,0.04434782608695652,0.8369769840650598,24,0.9811867267083346
natural,gpt2,gpt2-medium,21,8,0.04521739130434782,0.8338234219848106,24,0.9811867267083346
natural,gpt2,gpt2-medium,18,7,0.04608695652173912,0.8306723439322352,24,0.9811867267083346
natural,gpt2,gpt2-medium,19,0,0.05217391304347826,0.8086881976469136,24,0.9811867267083346
natural,gpt2,gpt2-medium,22,8,0.05652173913043478,0.7930697839291405,24,0.9811867267083346
natural,gpt2,gpt2-medium,22,7,0.05826086956521739,0.7868436161547347,24,0.9811867267083346
natural,gpt2,gpt2-medium,21,10,0.05826086956521739,0.7868436161547347,24,0.9811867267083346
natural,gpt2,gpt2-medium,17,8,0.06,0.7806300955564118,24,0.9811867267083346
natural,gpt2,gpt2-medium,17,5,0.0608695652173913,0.7775281884531549,24,0.9811867267083346
natural,gpt2,gpt2-medium,17,6,0.06521739130434781,0.7620689398781239,24,0.9811867267083346
natural,gpt2,gpt2-medium,17,12,0.06782608695652173,0.7528351863688199,24,0.9811867267083346
natural,gpt2,gpt2-medium,16,9,0.08869565217391304,0.6802397967489955,24,0.9811867267083346
natural,gpt2,gpt2-medium,16,11,0.09652173913043478,0.6536731719946905,24,0.9811867267083346
natural,gpt2,gpt2-medium,16,13,0.10869565217391304,0.6131561977406332,24,0.9811867267083346
natural,gpt2,gpt2-medium,19,2,0.11826086956521738,0.5820677933682575,24,0.9811867267083346
natural,gpt2,gpt2-medium,20,5,0.13130434782608694,0.5408189353993529,24,0.9811867267083346
natural,gpt2,gpt2-medium,19,9,0.19043478260869565,0.3727527778427129,24,0.9293640141854593
natural,gpt2,gpt2-medium,22,2,0.19652173913043475,0.35737406951590356,24,0.9293640141854593
natural,gpt2,gpt2-medium,16,0,0.20956521739130432,0.3256961715714217,24,0.9293640141854593
natural,gpt2,gpt2-medium,18,8,0.23478260869565212,0.2694546117695453,24,0.9293640141854593
natural,gpt2,gpt2-medium,17,10,0.25217391304347825,0.2345275709216195,24,0.9293640141854593
natural,gpt2,gpt2-medium,17,14,0.2626086956521739,0.21507317009837812,24,0.9293640141854593
natural,gpt2,gpt2-medium,17,9,0.2643478260869565,0.21193927878705082,24,0.9293640141854593
natural,gpt2,gpt2-medium,18,13,0.2826086956521739,0.1808793683193114,24,0.9293640141854593
natural,gpt2,gpt2-xl,44,20,-0.6052173913043478,0.0017274234785712643,24,0.5996052501596342
natural,gpt2,gpt2-xl,40,17,-0.5121739130434783,0.010506432119033723,24,0.5996052501596342
natural,gpt2,gpt2-xl,45,0,-0.49999999999999994,0.012845420968005795,24,0.5996052501596342
natural,gpt2,gpt2-xl,45,8,-0.49478260869565216,0.013971033061045203,24,0.5996052501596342
natural,gpt2,gpt2-xl,37,23,-0.49304347826086947,0.014363733768170055,24,0.5996052501596342
natural,gpt2,gpt2-xl,42,21,-0.4843478260869564,0.016465290910992983,24,0.5996052501596342
natural,gpt2,gpt2-xl,43,4,-0.4626086956521739,0.022833034205313595,24,0.5996052501596342
natural,gpt2,gpt2-xl,40,2,-0.46173913043478254,0.02312405927019514,24,0.5996052501596342
natural,gpt2,gpt2-xl,40,23,-0.4591304347826086,0.024015134743792063,24,0.5996052501596342
natural,gpt2,gpt2-xl,33,18,-0.4478260869565217,0.028201491909682255,24,0.5996052501596342
natural,gpt2,gpt2-xl,43,24,-0.4356521739130434,0.033343241979290644,24,0.5996052501596342
natural,gpt2,gpt2-xl,39,18,-0.4339130434782608,0.0341349601326374,24,0.5996052501596342
natural,gpt2,gpt2-xl,37,3,-0.42869565217391303,0.036600023060006086,24,0.5996052501596342
natural,gpt2,gpt2-xl,45,15,-0.4260869565217391,0.037884304812371185,24,0.5996052501596342
natural,gpt2,gpt2-xl,47,21,-0.42173913043478256,0.04010367500276703,24,0.5996052501596342
natural,gpt2,gpt2-xl,38,5,-0.41826086956521735,0.041951916181776266,24,0.5996052501596342
natural,gpt2,gpt2-xl,40,3,-0.40956521739130425,0.046866169264913146,24,0.5996052501596342
natural,gpt2,gpt2-xl,34,22,-0.40869565217391296,0.047381337539541823,24,0.5996052501596342
natural,gpt2,gpt2-xl,39,17,-0.40782608695652167,0.04790092056917202,24,0.5996052501596342
natural,gpt2,gpt2-xl,45,9,-0.40347826086956523,0.05056591564642584,24,0.5996052501596342
natural,gpt2,gpt2-xl,45,4,-0.4017391304347826,0.05166367606578417,24,0.5996052501596342
natural,gpt2,gpt2-xl,44,5,-0.4017391304347826,0.05166367606578417,24,0.5996052501596342
natural,gpt2,gpt2-xl,40,9,-0.40086956521739125,0.05221946082129628,24,0.5996052501596342
natural,gpt2,gpt2-xl,38,16,-0.39999999999999997,0.05277988140256792,24,0.5996052501596342
natural,gpt2,gpt2-xl,43,9,-0.39391304347826084,0.056834695519630066,24,0.5996052501596342
natural,gpt2,gpt2-xl,43,22,-0.39391304347826084,0.056834695519630066,24,0.5996052501596342
natural,gpt2,gpt2-xl,37,15,-0.3930434782608695,0.057433088555270156,24,0.5996052501596342
natural,gpt2,gpt2-xl,32,12,-0.38956521739130434,0.059875479374870595,24,0.5996052501596342
natural,gpt2,gpt2-xl,36,23,-0.38956521739130434,0.059875479374870595,24,0.5996052501596342
natural,gpt2,gpt2-xl,33,2,-0.38869565217391305,0.060498404649825734,24,0.5996052501596342
natural,gpt2,gpt2-xl,43,6,-0.38608695652173913,0.06239715956765035,24,0.5996052501596342
natural,gpt2,gpt2-xl,42,2,-0.3834782608695652,0.06434139809221918,24,0.5996052501596342
natural,gpt2,gpt2-xl,38,22,-0.3834782608695652,0.06434139809221918,24,0.5996052501596342
natural,gpt2,gpt2-xl,46,6,-0.38260869565217387,0.06499969935694089,24,0.5996052501596342
natural,gpt2,gpt2-xl,42,15,-0.3817391304347826,0.06566315225644624,24,0.5996052501596342
natural,gpt2,gpt2-xl,39,23,-0.3817391304347826,0.06566315225644624,24,0.5996052501596342
natural,gpt2,gpt2-xl,44,6,-0.37652173913043474,0.06975342004393108,24,0.5996052501596342
natural,gpt2,gpt2-xl,34,14,-0.37652173913043474,0.06975342004393108,24,0.5996052501596342
natural,gpt2,gpt2-xl,47,14,-0.37304347826086953,0.0725863821760811,24,0.6048865181340092
natural,gpt2,gpt2-xl,34,17,-0.3660869565217391,0.07851394802456449,24,0.6287771790550499
natural,gpt2,gpt2-xl,38,14,-0.36347826086956525,0.08082870259888666,24,0.6287771790550499
natural,gpt2,gpt2-xl,41,8,-0.36347826086956525,0.08082870259888666,24,0.6287771790550499
natural,gpt2,gpt2-xl,37,6,-0.36173913043478256,0.08240024160942253,24,0.6287771790550499
natural,gpt2,gpt2-xl,37,1,-0.36,0.08399469645152523,24,0.6287771790550499
natural,gpt2,gpt2-xl,43,8,-0.3565217391304348,0.08725310458309894,24,0.6287771790550499
natural,gpt2,gpt2-xl,41,12,-0.34695652173913033,0.09670236783045817,24,0.6287771790550499
natural,gpt2,gpt2-xl,33,0,-0.34347826086956523,0.10032049069469841,24,0.6287771790550499
natural,gpt2,gpt2-xl,47,16,-0.3408695652173913,0.10309920611122532,24,0.6287771790550499
natural,gpt2,gpt2-xl,42,1,-0.3408695652173913,0.10309920611122532,24,0.6287771790550499
natural,gpt2,gpt2-xl,39,22,-0.33999999999999997,0.10403796669819437,24,0.6287771790550499
natural,gpt2,gpt2-xl,35,12,-0.33826086956521734,0.1059344021632205,24,0.6287771790550499
natural,gpt2,gpt2-xl,32,13,-0.33739130434782605,0.10689212043935849,24,0.6287771790550499
natural,gpt2,gpt2-xl,43,16,-0.33739130434782605,0.10689212043935849,24,0.6287771790550499
natural,gpt2,gpt2-xl,35,15,-0.33739130434782605,0.10689212043935849,24,0.6287771790550499
natural,gpt2,gpt2-xl,47,12,-0.3304347826086956,0.11478470741054946,24,0.6654185936843446
natural,gpt2,gpt2-xl,36,2,-0.32695652173913037,0.11888708485840495,24,0.6789218653138158
natural,gpt2,gpt2-xl,40,22,-0.32434782608695645,0.12203323885388005,24,0.6789218653138158
natural,gpt2,gpt2-xl,41,3,-0.3217391304347825,0.12523945866486338,24,0.6789218653138158
natural,gpt2,gpt2-xl,41,1,-0.32,0.12741057282041748,24,0.6789218653138158
natural,gpt2,gpt2-xl,33,13,-0.32,0.12741057282041748,24,0.6789218653138158
natural,gpt2,gpt2-xl,39,3,-0.31913043478260866,0.12850627888142294,24,0.6789218653138158
natural,gpt2,gpt2-xl,45,13,-0.31652173913043474,0.13183422455052596,24,0.6789218653138158
natural,gpt2,gpt2-xl,44,2,-0.31652173913043474,0.13183422455052596,24,0.6789218653138158
natural,gpt2,gpt2-xl,36,24,-0.31478260869565217,0.13408706839947862,24,0.6789218653138158
natural,gpt2,gpt2-xl,46,18,-0.3121739130434782,0.13751802959214365,24,0.6848174946660599
natural,gpt2,gpt2-xl,43,0,-0.31130434782608696,0.13867554266987714,24,0.6848174946660599
natural,gpt2,gpt2-xl,35,0,-0.3043478260869565,0.14818770858628422,24,0.6973539227589846
natural,gpt2,gpt2-xl,33,3,-0.3017391304347826,0.15187145311574093,24,0.7063788517011207
natural,gpt2,gpt2-xl,38,24,-0.2982608695652174,0.15688329961066771,24,0.7200470950918625
natural,gpt2,gpt2-xl,42,24,-0.2965217391304348,0.15943245327776354,24,0.7200470950918625
natural,gpt2,gpt2-xl,41,19,-0.29478260869565215,0.16201059639566906,24,0.7200470950918625
natural,gpt2,gpt2-xl,36,15,-0.29478260869565215,0.16201059639566906,24,0.7200470950918625
natural,gpt2,gpt2-xl,32,21,-0.2904347826086956,0.16858358873548324,24,0.7248926745986014
natural,gpt2,gpt2-xl,40,7,-0.2869565217391304,0.1739742419036643,24,0.7248926745986014
natural,gpt2,gpt2-xl,40,18,-0.2869565217391304,0.1739742419036643,24,0.7248926745986014
natural,gpt2,gpt2-xl,47,4,-0.28521739130434776,0.17671396904879358,24,0.728717398139355
natural,gpt2,gpt2-xl,33,12,-0.2834782608695652,0.17948344297550767,24,0.7325854815326844
natural,gpt2,gpt2-xl,42,0,-0.28086956521739126,0.1836936608986879,24,0.7387642010180024
natural,gpt2,gpt2-xl,45,1,-0.27999999999999997,0.1851120536513263,24,0.7387642010180024
natural,gpt2,gpt2-xl,37,5,-0.2791304347826086,0.18653796075704562,24,0.7387642010180024
natural,gpt2,gpt2-xl,47,24,-0.27652173913043476,0.19086089033898046,24,0.7409987750111375
natural,gpt2,gpt2-xl,42,14,-0.27652173913043476,0.19086089033898046,24,0.7409987750111375
natural,gpt2,gpt2-xl,35,4,-0.27391304347826084,0.19525188107441607,24,0.7409987750111375
natural,gpt2,gpt2-xl,44,10,-0.27391304347826084,0.19525188107441607,24,0.7409987750111375
natural,gpt2,gpt2-xl,42,23,-0.2721739130434782,0.1982171723154793,24,0.7409987750111375
natural,gpt2,gpt2-xl,46,5,-0.2721739130434782,0.1982171723154793,24,0.7409987750111375
natural,gpt2,gpt2-xl,40,14,-0.268695652173913,0.2042392593734892,24,0.7451930853218149
natural,gpt2,gpt2-xl,44,22,-0.26347826086956516,0.21350236658523813,24,0.7451930853218149
natural,gpt2,gpt2-xl,38,12,-0.26347826086956516,0.21350236658523813,24,0.7451930853218149
natural,gpt2,gpt2-xl,36,16,-0.2617391304347826,0.21665169795328632,24,0.7451930853218149
natural,gpt2,gpt2-xl,40,0,-0.26086956521739124,0.21823795857184675,24,0.7451930853218149
natural,gpt2,gpt2-xl,34,8,-0.25999999999999995,0.21983196016993542,24,0.7451930853218149
natural,gpt2,gpt2-xl,44,23,-0.25999999999999995,0.21983196016993542,24,0.7451930853218149
natural,gpt2,gpt2-xl,38,19,-0.2573913043478261,0.22466048988773962,24,0.7480513501007632
natural,gpt2,gpt2-xl,37,0,-0.25652173913043474,0.22628553340548088,24,0.7480513501007632
natural,gpt2,gpt2-xl,42,20,-0.25217391304347825,0.2345275709216195,24,0.7555071117894514
natural,gpt2,gpt2-xl,34,7,-0.2504347826086956,0.23787902276971346,24,0.7555071117894514
natural,gpt2,gpt2-xl,44,19,-0.248695652173913,0.2412617668879545,24,0.7555071117894514
natural,gpt2,gpt2-xl,32,11,-0.248695652173913,0.2412617668879545,24,0.7555071117894514
natural,gpt2,gpt2-xl,36,4,-0.2452173913043478,0.24812129907550184,24,0.7555071117894514
natural,gpt2,gpt2-xl,47,2,-0.2452173913043478,0.24812129907550184,24,0.7555071117894514
natural,gpt2,gpt2-xl,44,8,-0.24434782608695652,0.24985580217173986,24,0.7555071117894514
natural,gpt2,gpt2-xl,39,4,-0.24434782608695652,0.24985580217173986,24,0.7555071117894514
natural,gpt2,gpt2-xl,33,9,-0.24260869565217388,0.25334838197246135,24,0.7555071117894514
natural,gpt2,gpt2-xl,33,6,-0.2417391304347826,0.2551064662177336,24,0.7555071117894514
natural,gpt2,gpt2-xl,43,14,-0.24086956521739128,0.2568724180084135,24,0.7555071117894514
natural,gpt2,gpt2-xl,37,8,-0.24086956521739128,0.2568724180084135,24,0.7555071117894514
natural,gpt2,gpt2-xl,37,20,-0.23913043478260865,0.260427936802927,24,0.7603735381107357
natural,gpt2,gpt2-xl,37,10,-0.23652173913043475,0.2658202941596181,24,0.7646671725905451
natural,gpt2,gpt2-xl,42,13,-0.23652173913043475,0.2658202941596181,24,0.7646671725905451
natural,gpt2,gpt2-xl,38,9,-0.23565217391304347,0.26763351040669076,24,0.7646671725905451
natural,gpt2,gpt2-xl,38,10,-0.23217391304347823,0.2749652411831776,24,0.7741067844583023
natural,gpt2,gpt2-xl,44,4,-0.23130434782608694,0.2768178964626149,24,0.7741067844583023
natural,gpt2,gpt2-xl,47,13,-0.2269565217391304,0.28619953720339847,24,0.7787742508936013
natural,gpt2,gpt2-xl,40,6,-0.2269565217391304,0.28619953720339847,24,0.7787742508936013
natural,gpt2,gpt2-xl,43,7,-0.22434782608695653,0.2919232059452402,24,0.7889816376898384
natural,gpt2,gpt2-xl,36,11,-0.2226086956521739,0.29577842253442194,24,0.793737817231162
natural,gpt2,gpt2-xl,34,4,-0.2208695652173913,0.29966517423017214,24,0.793737817231162
natural,gpt2,gpt2-xl,43,11,-0.22,0.3016203705478416,24,0.793737817231162
natural,gpt2,gpt2-xl,32,9,-0.21826086956521737,0.30555439158449416,24,0.7988350106784161
natural,gpt2,gpt2-xl,45,3,-0.21130434782608692,0.321605035459752,24,0.8142404289285544
natural,gpt2,gpt2-xl,38,23,-0.21043478260869564,0.3236466869695016,24,0.8142404289285544
natural,gpt2,gpt2-xl,46,13,-0.21043478260869564,0.3236466869695016,24,0.8142404289285544
natural,gpt2,gpt2-xl,46,16,-0.20956521739130432,0.3256961715714217,24,0.8142404289285544
natural,gpt2,gpt2-xl,46,15,-0.20956521739130432,0.3256961715714217,24,0.8142404289285544
natural,gpt2,gpt2-xl,41,13,-0.20956521739130432,0.3256961715714217,24,0.8142404289285544
natural,gpt2,gpt2-xl,47,23,-0.2069565217391304,0.3318915676831471,24,0.8194853523040669
natural,gpt2,gpt2-xl,42,19,-0.2052173913043478,0.3360608896745527,24,0.8196607065232993
natural,gpt2,gpt2-xl,39,2,-0.2052173913043478,0.3360608896745527,24,0.8196607065232993
natural,gpt2,gpt2-xl,45,12,-0.20347826086956516,0.3402613966398863,24,0.8248761130663911
natural,gpt2,gpt2-xl,39,5,-0.2026086956521739,0.34237332678092103,24,0.8249959681467977
natural,gpt2,gpt2-xl,34,24,-0.19913043478260867,0.3508987130768876,24,0.8305294984068345
natural,gpt2,gpt2-xl,46,24,-0.19913043478260867,0.3508987130768876,24,0.8305294984068345
natural,gpt2,gpt2-xl,45,16,-0.19652173913043475,0.35737406951590356,24,0.8319047473276063
natural,gpt2,gpt2-xl,45,19,-0.19652173913043475,0.35737406951590356,24,0.8319047473276063
natural,gpt2,gpt2-xl,42,9,-0.19391304347826085,0.3639188559293709,24,0.8319047473276063
natural,gpt2,gpt2-xl,43,3,-0.19130434782608693,0.37053280666994315,24,0.8319047473276063
natural,gpt2,gpt2-xl,45,17,-0.1878260869565217,0.37945849831738243,24,0.8319047473276063
natural,gpt2,gpt2-xl,44,9,-0.18608695652173912,0.38396703397174836,24,0.8319047473276063
natural,gpt2,gpt2-xl,38,7,-0.18608695652173912,0.38396703397174836,24,0.8319047473276063
natural,gpt2,gpt2-xl,33,16,-0.18521739130434778,0.38623268190217497,24,0.8319047473276063
natural,gpt2,gpt2-xl,42,11,-0.1843478260869565,0.3885058997417008,24,0.8319047473276063
natural,gpt2,gpt2-xl,36,0,-0.1826086956521739,0.393074993112294,24,0.8319047473276063
natural,gpt2,gpt2-xl,39,1,-0.1826086956521739,0.393074993112294,24,0.8319047473276063
natural,gpt2,gpt2-xl,35,9,-0.18,0.399985075450615,24,0.8376650794777277
natural,gpt2,gpt2-xl,38,0,-0.18,0.399985075450615,24,0.8376650794777277
natural,gpt2,gpt2-xl,33,23,-0.17565217391304347,0.41165144697505396,24,0.8487658700516577
natural,gpt2,gpt2-xl,34,23,-0.17565217391304347,0.41165144697505396,24,0.8487658700516577
natural,gpt2,gpt2-xl,35,19,-0.1695652173913043,0.42829525040358907,24,0.8785543598022341
natural,gpt2,gpt2-xl,37,21,-0.1678260869565217,0.4331165526494354,24,0.8794244723846404
natural,gpt2,gpt2-xl,36,7,-0.1678260869565217,0.4331165526494354,24,0.8794244723846404
natural,gpt2,gpt2-xl,39,14,-0.16695652173913042,0.4355381053206143,24,0.8798749602436653
natural,gpt2,gpt2-xl,35,21,-0.1660869565217391,0.43796690160823903,24,0.8803354806195759
natural,gpt2,gpt2-xl,43,21,-0.16347826086956518,0.4452965670426071,24,0.88616232247285
natural,gpt2,gpt2-xl,37,16,-0.16086956521739126,0.452690747765674,24,0.8945313420686359
natural,gpt2,gpt2-xl,44,14,-0.1591304347826087,0.45765578201494617,24,0.8945313420686359
natural,gpt2,gpt2-xl,45,2,-0.15826086956521737,0.460148912728106,24,0.8945313420686359
natural,gpt2,gpt2-xl,40,24,-0.15739130434782608,0.46264909166367674,24,0.8945313420686359
natural,gpt2,gpt2-xl,35,24,-0.15652173913043477,0.4651562978756907,24,0.8945313420686359
natural,gpt2,gpt2-xl,33,8,-0.15565217391304348,0.46767051016381667,24,0.8950631773470175
natural,gpt2,gpt2-xl,40,20,-0.15304347826086956,0.4752549676743846,24,0.9052475574750182
natural,gpt2,gpt2-xl,43,12,-0.15043478260869564,0.48290169232371793,24,0.9068576381666065
natural,gpt2,gpt2-xl,37,18,-0.15043478260869564,0.48290169232371793,24,0.9068576381666065
natural,gpt2,gpt2-xl,41,7,-0.15043478260869564,0.48290169232371793,24,0.9068576381666065
natural,gpt2,gpt2-xl,43,13,-0.14782608695652172,0.49061007074296015,24,0.9085371680425188
natural,gpt2,gpt2-xl,37,2,-0.14782608695652172,0.49061007074296015,24,0.9085371680425188
natural,gpt2,gpt2-xl,39,9,-0.1469565217391304,0.4931931221106659,24,0.9091117458261122
natural,gpt2,gpt2-xl,47,6,-0.1443478260869565,0.5009827163280622,24,0.9108776660510223
natural,gpt2,gpt2-xl,34,16,-0.1443478260869565,0.5009827163280622,24,0.9108776660510223
natural,gpt2,gpt2-xl,39,12,-0.14260869565217388,0.506209233952854,24,0.9120887098249622
natural,gpt2,gpt2-xl,43,20,-0.1417391304347826,0.5088324543263878,24,0.9127039539486776
natural,gpt2,gpt2-xl,32,5,-0.13826086956521738,0.5193911494591459,24,0.9135847519837753
natural,gpt2,gpt2-xl,42,6,-0.13565217391304346,0.5273785419058558,24,0.9135847519837753
natural,gpt2,gpt2-xl,46,19,-0.13391304347826086,0.5327356259700111,24,0.9135847519837753
natural,gpt2,gpt2-xl,38,4,-0.13391304347826086,0.5327356259700111,24,0.9135847519837753
natural,gpt2,gpt2-xl,39,21,-0.13304347826086957,0.5354237325436195,24,0.9135847519837753
natural,gpt2,gpt2-xl,47,11,-0.13130434782608694,0.5408189353993529,24,0.9135847519837753
natural,gpt2,gpt2-xl,45,23,-0.1269565217391304,0.5544163873133454,24,0.9135847519837753
natural,gpt2,gpt2-xl,35,7,-0.1269565217391304,0.5544163873133454,24,0.9135847519837753
natural,gpt2,gpt2-xl,35,14,-0.1252173913043478,0.559898535790483,24,0.9135847519837753
natural,gpt2,gpt2-xl,45,21,-0.1226086956521739,0.5681672657020507,24,0.9135847519837753
natural,gpt2,gpt2-xl,39,10,-0.1208695652173913,0.5737097351958667,24,0.9135847519837753
natural,gpt2,gpt2-xl,45,7,-0.12,0.5764898720889464,24,0.9135847519837753
natural,gpt2,gpt2-xl,39,0,-0.12,0.5764898720889464,24,0.9135847519837753
natural,gpt2,gpt2-xl,45,14,-0.11739130434782606,0.5848655143600632,24,0.9135847519837753
natural,gpt2,gpt2-xl,37,12,-0.11652173913043477,0.587669032951115,24,0.9135847519837753
natural,gpt2,gpt2-xl,32,8,-0.11652173913043477,0.587669032951115,24,0.9135847519837753
natural,gpt2,gpt2-xl,41,0,-0.11652173913043477,0.587669032951115,24,0.9135847519837753
natural,gpt2,gpt2-xl,47,10,-0.11565217391304347,0.590478316886841,24,0.9135847519837753
natural,gpt2,gpt2-xl,45,24,-0.11391304347826085,0.5961140506694134,24,0.9135847519837753
natural,gpt2,gpt2-xl,42,7,-0.1034782608695652,0.6303950708493536,24,0.9329721633709165
natural,gpt2,gpt2-xl,34,19,-0.1034782608695652,0.6303950708493536,24,0.9329721633709165
natural,gpt2,gpt2-xl,42,18,-0.10173913043478258,0.6361837822056855,24,0.9329721633709165
natural,gpt2,gpt2-xl,33,21,-0.10173913043478258,0.6361837822056855,24,0.9329721633709165
natural,gpt2,gpt2-xl,45,6,-0.10086956521739131,0.6390859319090778,24,0.9329721633709165
natural,gpt2,gpt2-xl,40,19,-0.10086956521739131,0.6390859319090778,24,0.9329721633709165
natural,gpt2,gpt2-xl,36,19,-0.09826086956521737,0.6478231237133647,24,0.9335683342977954
natural,gpt2,gpt2-xl,47,9,-0.09739130434782609,0.6507456469889163,24,0.9335683342977954
natural,gpt2,gpt2-xl,41,16,-0.09739130434782609,0.6507456469889163,24,0.9335683342977954
natural,gpt2,gpt2-xl,44,21,-0.09478260869565217,0.659543078769137,24,0.9335683342977954
natural,gpt2,gpt2-xl,36,10,-0.09478260869565217,0.659543078769137,24,0.9335683342977954
natural,gpt2,gpt2-xl,41,6,-0.09130434782608696,0.671341269564641,24,0.9335683342977954
natural,gpt2,gpt2-xl,47,20,-0.08869565217391304,0.6802397967489955,24,0.9335683342977954
natural,gpt2,gpt2-xl,43,2,-0.08869565217391304,0.6802397967489955,24,0.9335683342977954
natural,gpt2,gpt2-xl,37,9,-0.08782608695652173,0.6832152692148052,24,0.9335683342977954
natural,gpt2,gpt2-xl,44,16,-0.08695652173913042,0.6861953252985288,24,0.9335683342977954
natural,gpt2,gpt2-xl,41,11,-0.08695652173913042,0.6861953252985288,24,0.9335683342977954
natural,gpt2,gpt2-xl,44,13,-0.08521739130434783,0.692169031649988,24,0.9335683342977954
natural,gpt2,gpt2-xl,39,19,-0.08521739130434783,0.692169031649988,24,0.9335683342977954
natural,gpt2,gpt2-xl,34,18,-0.08347826086956521,0.6981606006787421,24,0.9335683342977954
natural,gpt2,gpt2-xl,40,8,-0.0826086956521739,0.7011629844471832,24,0.9335683342977954
natural,gpt2,gpt2-xl,42,5,-0.0826086956521739,0.7011629844471832,24,0.9335683342977954
natural,gpt2,gpt2-xl,38,3,-0.08086956521739129,0.707180750468238,24,0.9335683342977954
natural,gpt2,gpt2-xl,33,14,-0.08,0.7101960521957591,24,0.9335683342977954
natural,gpt2,gpt2-xl,43,15,-0.08,0.7101960521957591,24,0.9335683342977954
natural,gpt2,gpt2-xl,33,19,-0.07913043478260869,0.7132155791016112,24,0.9335683342977954
natural,gpt2,gpt2-xl,34,13,-0.07739130434782608,0.7192671455433247,24,0.9335683342977954
natural,gpt2,gpt2-xl,44,24,-0.07739130434782608,0.7192671455433247,24,0.9335683342977954
natural,gpt2,gpt2-xl,35,22,-0.07652173913043478,0.7222991032128186,24,0.9335683342977954
natural,gpt2,gpt2-xl,41,15,-0.07565217391304348,0.7253351223309568,24,0.9335683342977954
natural,gpt2,gpt2-xl,34,1,-0.07304347826086956,0.7344671341768292,24,0.9335683342977954
natural,gpt2,gpt2-xl,32,0,-0.07304347826086956,0.7344671341768292,24,0.9335683342977954
natural,gpt2,gpt2-xl,46,23,-0.07217391304347825,0.7375189840952583,24,0.9335683342977954
natural,gpt2,gpt2-xl,40,15,-0.07217391304347825,0.7375189840952583,24,0.9335683342977954
natural,gpt2,gpt2-xl,32,20,-0.06782608695652173,0.7528351863688199,24,0.9381123817679997
natural,gpt2,gpt2-xl,43,5,-0.06782608695652173,0.7528351863688199,24,0.9381123817679997
natural,gpt2,gpt2-xl,41,23,-0.06608695652173913,0.7589874525518234,24,0.9428415559649981
natural,gpt2,gpt2-xl,42,8,-0.06521739130434781,0.7620689398781239,24,0.9437386252360666
natural,gpt2,gpt2-xl,42,16,-0.0634782608695652,0.768242407223753,24,0.9484474163256211
natural,gpt2,gpt2-xl,33,1,-0.0608695652173913,0.7775281884531549,24,0.9517531823010126
natural,gpt2,gpt2-xl,40,11,-0.05826086956521739,0.7868436161547347,24,0.9517531823010126
natural,gpt2,gpt2-xl,46,3,-0.05826086956521739,0.7868436161547347,24,0.9517531823010126
natural,gpt2,gpt2-xl,37,17,-0.05826086956521739,0.7868436161547347,24,0.9517531823010126
natural,gpt2,gpt2-xl,32,23,-0.05739130434782608,0.7899551413098405,24,0.9517531823010126
natural,gpt2,gpt2-xl,39,24,-0.04869565217391304,0.8212344730022532,24,0.980578475226571
natural,gpt2,gpt2-xl,39,8,-0.04869565217391304,0.8212344730022532,24,0.980578475226571
natural,gpt2,gpt2-xl,40,5,-0.04521739130434782,0.8338234219848106,24,0.9867732804553973
natural,gpt2,gpt2-xl,32,3,-0.041739130434782605,0.8464521133997218,24,0.9900024718125401
natural,gpt2,gpt2-xl,36,13,-0.04,0.8527804394339904,24,0.991605162132547
natural,gpt2,gpt2-xl,46,14,-0.03652173913043478,0.8654631927363388,24,0.9967824967252694
natural,gpt2,gpt2-xl,32,15,-0.033913043478260865,0.8749966229566861,24,0.9967824967252694
natural,gpt2,gpt2-xl,47,18,-0.033913043478260865,0.8749966229566861,24,0.9967824967252694
natural,gpt2,gpt2-xl,47,1,-0.03304347826086956,0.8781782520387229,24,0.9967824967252694
natural,gpt2,gpt2-xl,37,11,-0.03130434782608695,0.884546955655295,24,0.9967824967252694
natural,gpt2,gpt2-xl,39,20,-0.03130434782608695,0.884546955655295,24,0.9967824967252694
natural,gpt2,gpt2-xl,41,18,-0.029565217391304344,0.8909226043767046,24,0.9967824967252694
natural,gpt2,gpt2-xl,42,3,-0.029565217391304344,0.8909226043767046,24,0.9967824967252694
natural,gpt2,gpt2-xl,40,21,-0.027826086956521737,0.8973048186218164,24,0.9967824967252694
natural,gpt2,gpt2-xl,32,6,-0.02695652173913043,0.9004982689028822,24,0.9967824967252694
natural,gpt2,gpt2-xl,34,20,-0.02434782608695652,0.9100874200789535,24,0.9967824967252694
natural,gpt2,gpt2-xl,35,6,-0.023478260869565212,0.9132865779270147,24,0.9967824967252694
natural,gpt2,gpt2-xl,44,1,-0.021739130434782605,0.9196887674366272,24,0.9967824967252694
natural,gpt2,gpt2-xl,45,18,-0.020869565217391303,0.9228917031216202,24,0.9967824967252694
natural,gpt2,gpt2-xl,41,22,-0.02,0.9260958020254711,24,0.9967824967252694
natural,gpt2,gpt2-xl,34,15,-0.019130434782608695,0.9293010160374854,24,0.9967824967252694
natural,gpt2,gpt2-xl,41,17,-0.019130434782608695,0.9293010160374854,24,0.9967824967252694
natural,gpt2,gpt2-xl,47,3,-0.017391304347826087,0.9357145967179171,24,0.9967824967252694
natural,gpt2,gpt2-xl,40,10,-0.017391304347826087,0.9357145967179171,24,0.9967824967252694
natural,gpt2,gpt2-xl,47,19,-0.014782608695652172,0.9453421257736343,24,0.9967824967252694
natural,gpt2,gpt2-xl,33,5,-0.013913043478260868,0.9485530177017847,24,0.9967824967252694
natural,gpt2,gpt2-xl,36,1,-0.010434782608695651,0.9614038727773804,24,0.9967824967252694
natural,gpt2,gpt2-xl,33,7,-0.010434782608695651,0.9614038727773804,24,0.9967824967252694
natural,gpt2,gpt2-xl,47,5,-0.009565217391304347,0.9646181660759277,24,0.9967824967252694
natural,gpt2,gpt2-xl,34,12,-0.007826086956521738,0.9710483085120961,24,0.9967824967252694
natural,gpt2,gpt2-xl,46,17,-0.005217391304347826,0.9806966832535792,24,0.9967824967252694
natural,gpt2,gpt2-xl,36,17,-0.004347826086956522,0.9839134567350358,24,0.9967824967252694
natural,gpt2,gpt2-xl,39,13,-0.003478260869565217,0.9871304734643621,24,0.9967824967252694
natural,gpt2,gpt2-xl,47,7,-0.0017391304347826085,0.9935650421080594,24,0.9967824967252694
natural,gpt2,gpt2-xl,41,9,-0.0008695652173913043,0.9967824967252694,24,0.9967824967252694
natural,gpt2,gpt2-xl,34,10,0.0008695652173913043,0.9967824967252694,24,0.9967824967252694
natural,gpt2,gpt2-xl,35,10,0.0017391304347826085,0.9935650421080594,24,0.9967824967252694
natural,gpt2,gpt2-xl,46,4,0.003478260869565217,0.9871304734643621,24,0.9967824967252694
natural,gpt2,gpt2-xl,35,17,0.004347826086956522,0.9839134567350358,24,0.9967824967252694
natural,gpt2,gpt2-xl,47,22,0.005217391304347826,0.9806966832535792,24,0.9967824967252694
natural,gpt2,gpt2-xl,37,13,0.005217391304347826,0.9806966832535792,24,0.9967824967252694
natural,gpt2,gpt2-xl,34,0,0.00608695652173913,0.9774802016477158,24,0.9967824967252694
natural,gpt2,gpt2-xl,36,9,0.007826086956521738,0.9710483085120961,24,0.9967824967252694
natural,gpt2,gpt2-xl,38,2,0.008695652173913044,0.967832994170269,24,0.9967824967252694
natural,gpt2,gpt2-xl,42,17,0.010434782608695651,0.9614038727773804,24,0.9967824967252694
natural,gpt2,gpt2-xl,38,17,0.011304347826086955,0.958190162801108,24,0.9967824967252694
natural,gpt2,gpt2-xl,33,11,0.011304347826086955,0.958190162801108,24,0.9967824967252694
natural,gpt2,gpt2-xl,46,2,0.011304347826086955,0.958190162801108,24,0.9967824967252694
natural,gpt2,gpt2-xl,39,6,0.01217391304347826,0.9549770846497847,24,0.9967824967252694
natural,gpt2,gpt2-xl,44,7,0.013913043478260868,0.9485530177017847,24,0.9967824967252694
natural,gpt2,gpt2-xl,37,19,0.01826086956521739,0.9325072970015154,24,0.9967824967252694
natural,gpt2,gpt2-xl,37,7,0.020869565217391303,0.9228917031216202,24,0.9967824967252694
natural,gpt2,gpt2-xl,42,4,0.020869565217391303,0.9228917031216202,24,0.9967824967252694
natural,gpt2,gpt2-xl,35,11,0.021739130434782605,0.9196887674366272,24,0.9967824967252694
natural,gpt2,gpt2-xl,40,1,0.02260869565217391,0.9164870430337815,24,0.9967824967252694
natural,gpt2,gpt2-xl,46,20,0.027826086956521737,0.8973048186218164,24,0.9967824967252694
natural,gpt2,gpt2-xl,36,12,0.02869565217391304,0.8941129145750657,24,0.9967824967252694
natural,gpt2,gpt2-xl,34,11,0.02869565217391304,0.8941129145750657,24,0.9967824967252694
natural,gpt2,gpt2-xl,33,15,0.03043478260869565,0.8877339355759605,24,0.9967824967252694
natural,gpt2,gpt2-xl,45,22,0.03304347826086956,0.8781782520387229,24,0.9967824967252694
natural,gpt2,gpt2-xl,43,1,0.03913043478260869,0.855947935071337,24,0.9924034029812603
natural,gpt2,gpt2-xl,41,4,0.04,0.8527804394339904,24,0.991605162132547
natural,gpt2,gpt2-xl,43,18,0.041739130434782605,0.8464521133997218,24,0.9900024718125401
natural,gpt2,gpt2-xl,32,18,0.04347826086956521,0.8401329841149333,24,0.9883917460175686
natural,gpt2,gpt2-xl,47,17,0.04347826086956521,0.8401329841149333,24,0.9883917460175686
natural,gpt2,gpt2-xl,38,20,0.046956521739130425,0.8275237958648594,24,0.9822240900473107
natural,gpt2,gpt2-xl,32,14,0.047826086956521734,0.8243778236378612,24,0.9814021709974537
natural,gpt2,gpt2-xl,43,17,0.05652173913043478,0.7930697839291405,24,0.9526363770920606
natural,gpt2,gpt2-xl,34,5,0.05739130434782608,0.7899551413098405,24,0.9517531823010126
natural,gpt2,gpt2-xl,36,20,0.05826086956521739,0.7868436161547347,24,0.9517531823010126
natural,gpt2,gpt2-xl,33,4,0.06173913043478261,0.7744295754905792,24,0.9517531823010126
natural,gpt2,gpt2-xl,41,2,0.06782608695652173,0.7528351863688199,24,0.9381123817679997
natural,gpt2,gpt2-xl,37,14,0.06869565217391303,0.749764493394595,24,0.9381123817679997
natural,gpt2,gpt2-xl,44,17,0.06956521739130435,0.7466974841785088,24,0.9381123817679997
natural,gpt2,gpt2-xl,35,16,0.07217391304347825,0.7375189840952583,24,0.9335683342977954
natural,gpt2,gpt2-xl,43,19,0.07304347826086956,0.7344671341768292,24,0.9335683342977954
natural,gpt2,gpt2-xl,39,11,0.07391304347826086,0.7314191793924034,24,0.9335683342977954
natural,gpt2,gpt2-xl,41,14,0.07565217391304348,0.7253351223309568,24,0.9335683342977954
natural,gpt2,gpt2-xl,38,1,0.07739130434782608,0.7192671455433247,24,0.9335683342977954
natural,gpt2,gpt2-xl,34,9,0.07826086956521738,0.7162392905010877,24,0.9335683342977954
natural,gpt2,gpt2-xl,32,19,0.07913043478260869,0.7132155791016112,24,0.9335683342977954
natural,gpt2,gpt2-xl,36,3,0.0826086956521739,0.7011629844471832,24,0.9335683342977954
natural,gpt2,gpt2-xl,46,1,0.08434782608695651,0.6951626031358499,24,0.9335683342977954
natural,gpt2,gpt2-xl,32,1,0.08956521739130434,0.6772689468428972,24,0.9335683342977954
natural,gpt2,gpt2-xl,44,12,0.09391304347826085,0.6624853858393347,24,0.9335683342977954
natural,gpt2,gpt2-xl,41,24,0.09478260869565217,0.659543078769137,24,0.9335683342977954
natural,gpt2,gpt2-xl,33,10,0.09652173913043478,0.6536731719946905,24,0.9335683342977954
natural,gpt2,gpt2-xl,33,24,0.09652173913043478,0.6536731719946905,24,0.9335683342977954
natural,gpt2,gpt2-xl,39,15,0.10086956521739131,0.6390859319090778,24,0.9329721633709165
natural,gpt2,gpt2-xl,38,15,0.10173913043478258,0.6361837822056855,24,0.9329721633709165
natural,gpt2,gpt2-xl,46,11,0.1026086956521739,0.6332868165639749,24,0.9329721633709165
natural,gpt2,gpt2-xl,44,11,0.1026086956521739,0.6332868165639749,24,0.9329721633709165
natural,gpt2,gpt2-xl,47,15,0.1034782608695652,0.6303950708493536,24,0.9329721633709165
natural,gpt2,gpt2-xl,40,13,0.10869565217391304,0.6131561977406332,24,0.9325569547386057
natural,gpt2,gpt2-xl,43,23,0.11304347826086956,0.5989404349055967,24,0.9144128777184682
natural,gpt2,gpt2-xl,43,10,0.11391304347826085,0.5961140506694134,24,0.9135847519837753
natural,gpt2,gpt2-xl,44,3,0.11478260869565216,0.5932933336915411,24,0.9135847519837753
natural,gpt2,gpt2-xl,46,8,0.11478260869565216,0.5932933336915411,24,0.9135847519837753
natural,gpt2,gpt2-xl,38,21,0.11652173913043477,0.587669032951115,24,0.9135847519837753
natural,gpt2,gpt2-xl,32,24,0.12,0.5764898720889464,24,0.9135847519837753
natural,gpt2,gpt2-xl,35,3,0.12,0.5764898720889464,24,0.9135847519837753
natural,gpt2,gpt2-xl,36,21,0.1208695652173913,0.5737097351958667,24,0.9135847519837753
natural,gpt2,gpt2-xl,38,13,0.1208695652173913,0.5737097351958667,24,0.9135847519837753
natural,gpt2,gpt2-xl,45,5,0.1217391304347826,0.5709355226889166,24,0.9135847519837753
natural,gpt2,gpt2-xl,33,20,0.1226086956521739,0.5681672657020507,24,0.9135847519837753
natural,gpt2,gpt2-xl,44,15,0.12347826086956522,0.5654049951421966,24,0.9135847519837753
natural,gpt2,gpt2-xl,37,24,0.12608695652173912,0.5571544076689683,24,0.9135847519837753
natural,gpt2,gpt2-xl,46,0,0.12608695652173912,0.5571544076689683,24,0.9135847519837753
natural,gpt2,gpt2-xl,47,0,0.13043478260869562,0.5435259752175851,24,0.9135847519837753
natural,gpt2,gpt2-xl,36,8,0.13391304347826086,0.5327356259700111,24,0.9135847519837753
natural,gpt2,gpt2-xl,46,9,0.13478260869565215,0.5300538865453848,24,0.9135847519837753
natural,gpt2,gpt2-xl,41,21,0.13739130434782607,0.5220471463273302,24,0.9135847519837753
natural,gpt2,gpt2-xl,42,12,0.1391304347826087,0.5167416555162507,24,0.9135847519837753
natural,gpt2,gpt2-xl,32,4,0.13999999999999999,0.5140986909290425,24,0.9135847519837753
natural,gpt2,gpt2-xl,45,11,0.1434782608695652,0.5035926462175362,24,0.9114799026561741
natural,gpt2,gpt2-xl,44,18,0.1452173913043478,0.4983794692456114,24,0.9108776660510223
natural,gpt2,gpt2-xl,44,0,0.14869565217391303,0.48803379955072457,24,0.9085371680425188
natural,gpt2,gpt2-xl,35,23,0.15652173913043477,0.4651562978756907,24,0.8945313420686359
natural,gpt2,gpt2-xl,41,5,0.1591304347826087,0.45765578201494617,24,0.8945313420686359
natural,gpt2,gpt2-xl,35,5,0.1643478260869565,0.4428461512393397,24,0.8856923024786794
natural,gpt2,gpt2-xl,40,4,0.17739130434782607,0.40696255139715687,24,0.8478386487440769
natural,gpt2,gpt2-xl,37,22,0.18347826086956517,0.3907866745462584,24,0.8319047473276063
natural,gpt2,gpt2-xl,37,4,0.1843478260869565,0.3885058997417008,24,0.8319047473276063
natural,gpt2,gpt2-xl,42,22,0.1869565217391304,0.381708968635058,24,0.8319047473276063
natural,gpt2,gpt2-xl,36,14,0.1869565217391304,0.381708968635058,24,0.8319047473276063
natural,gpt2,gpt2-xl,40,16,0.1869565217391304,0.381708968635058,24,0.8319047473276063
natural,gpt2,gpt2-xl,46,10,0.18956521739130433,0.3749803911439148,24,0.8319047473276063
natural,gpt2,gpt2-xl,32,17,0.19043478260869565,0.3727527778427129,24,0.8319047473276063
natural,gpt2,gpt2-xl,32,2,0.19043478260869565,0.3727527778427129,24,0.8319047473276063
natural,gpt2,gpt2-xl,39,16,0.19043478260869565,0.3727527778427129,24,0.8319047473276063
natural,gpt2,gpt2-xl,45,20,0.19999999999999998,0.34875573272354543,24,0.8305294984068345
natural,gpt2,gpt2-xl,34,3,0.2078260869565217,0.3298186178055177,24,0.8194251374050129
natural,gpt2,gpt2-xl,38,18,0.21043478260869564,0.3236466869695016,24,0.8142404289285544
natural,gpt2,gpt2-xl,32,22,0.22,0.3016203705478416,24,0.793737817231162
natural,gpt2,gpt2-xl,35,8,0.2269565217391304,0.28619953720339847,24,0.7787742508936013
natural,gpt2,gpt2-xl,32,16,0.23043478260869563,0.27867844240498885,24,0.7741067844583023
natural,gpt2,gpt2-xl,35,18,0.23391304347826083,0.27128359982868233,24,0.7695988647622194
natural,gpt2,gpt2-xl,34,21,0.2434782608695652,0.25159816184284284,24,0.7555071117894514
natural,gpt2,gpt2-xl,46,21,0.248695652173913,0.2412617668879545,24,0.7555071117894514
natural,gpt2,gpt2-xl,32,7,0.2504347826086956,0.23787902276971346,24,0.7555071117894514
natural,gpt2,gpt2-xl,36,5,0.25652173913043474,0.22628553340548088,24,0.7480513501007632
natural,gpt2,gpt2-xl,41,10,0.25999999999999995,0.21983196016993542,24,0.7451930853218149
natural,gpt2,gpt2-xl,40,12,0.26347826086956516,0.21350236658523813,24,0.7451930853218149
natural,gpt2,gpt2-xl,32,10,0.26608695652173914,0.20883621481010178,24,0.7451930853218149
natural,gpt2,gpt2-xl,36,18,0.268695652173913,0.2042392593734892,24,0.7451930853218149
natural,gpt2,gpt2-xl,41,20,0.2869565217391304,0.1739742419036643,24,0.7248926745986014
natural,gpt2,gpt2-xl,33,17,0.2895652173913043,0.1699201869525098,24,0.7248926745986014
natural,gpt2,gpt2-xl,45,10,0.29130434782608694,0.16725434336435271,24,0.7248926745986014
natural,gpt2,gpt2-xl,42,10,0.3069565217391304,0.1445678681051738,24,0.6884184195484467
natural,gpt2,gpt2-xl,46,12,0.3069565217391304,0.1445678681051738,24,0.6884184195484467
natural,gpt2,gpt2-xl,35,13,0.3078260869565217,0.1433753755501812,24,0.6884184195484467
natural,gpt2,gpt2-xl,35,2,0.31565217391304345,0.13295721253912648,24,0.6789218653138158
natural,gpt2,gpt2-xl,46,7,0.34521739130434775,0.09849909879561232,24,0.6287771790550499
natural,gpt2,gpt2-xl,46,22,0.35130434782608694,0.09231725461010774,24,0.6287771790550499
natural,gpt2,gpt2-xl,36,6,0.35130434782608694,0.09231725461010774,24,0.6287771790550499
natural,gpt2,gpt2-xl,35,1,0.3530434782608695,0.09060541970723546,24,0.6287771790550499
natural,gpt2,gpt2-xl,47,8,0.3539130434782608,0.08975845608982283,24,0.6287771790550499
natural,gpt2,gpt2-xl,38,11,0.3756521739130434,0.07045361689375702,24,0.5996052501596342
natural,gpt2,gpt2-xl,38,6,0.37739130434782603,0.06905854527666128,24,0.5996052501596342
natural,gpt2,gpt2-xl,33,22,0.3817391304347826,0.06566315225644624,24,0.5996052501596342
natural,gpt2,gpt2-xl,34,6,0.39652173913043476,0.05506841408516782,24,0.5996052501596342
natural,gpt2,gpt2-xl,39,7,0.40347826086956523,0.05056591564642584,24,0.5996052501596342
natural,gpt2,gpt2-xl,38,8,0.42869565217391303,0.036600023060006086,24,0.5996052501596342
natural,gpt2,gpt2-xl,36,22,0.43304347826086953,0.03453637926407846,24,0.5996052501596342
natural,gpt2,gpt2-xl,35,20,0.4878260869565217,0.015596440710648222,24,0.5996052501596342
natural,gpt2,gpt2-xl,34,2,0.4991304347826086,0.013027663764128785,24,0.5996052501596342
natural,olmo,OLMo-2-0425-1B,15,6,-0.6069565217391303,0.0016613144755187755,24,0.13290515804150205
natural,olmo,OLMo-2-0425-1B,15,9,-0.5443478260869564,0.005958587597088948,24,0.14409587830363685
natural,olmo,OLMo-2-0425-1B,12,4,-0.5365217391304348,0.006874530593332835,24,0.14409587830363685
natural,olmo,OLMo-2-0425-1B,15,10,-0.5339130434782609,0.007204793915181842,24,0.14409587830363685
natural,olmo,OLMo-2-0425-1B,12,3,-0.48086956521739127,0.017373241582602485,24,0.2712611591532061
natural,olmo,OLMo-2-0425-1B,14,3,-0.47043478260869553,0.020344586936490456,24,0.2712611591532061
natural,olmo,OLMo-2-0425-1B,11,4,-0.4165217391304347,0.042900817522030246,24,0.49029505739463136
natural,olmo,OLMo-2-0425-1B,14,11,-0.3878260869565217,0.06112631008008123,24,0.5489708463047291
natural,olmo,OLMo-2-0425-1B,12,8,-0.3869565217391304,0.061759220209282026,24,0.5489708463047291
natural,olmo,OLMo-2-0425-1B,13,5,-0.3521739130434782,0.09145834490857085,24,0.639622198715546
natural,olmo,OLMo-2-0425-1B,12,11,-0.34521739130434775,0.09849909879561232,24,0.639622198715546
natural,olmo,OLMo-2-0425-1B,15,11,-0.3391304347826086,0.10498302480093245,24,0.639622198715546
natural,olmo,OLMo-2-0425-1B,15,1,-0.32695652173913037,0.11888708485840495,24,0.639622198715546
natural,olmo,OLMo-2-0425-1B,12,12,-0.32608695652173914,0.11992916225916488,24,0.639622198715546
natural,olmo,OLMo-2-0425-1B,13,4,-0.31130434782608696,0.13867554266987714,24,0.6478551537181971
natural,olmo,OLMo-2-0425-1B,11,11,-0.3069565217391304,0.1445678681051738,24,0.6478551537181971
natural,olmo,OLMo-2-0425-1B,15,12,-0.3060869565217391,0.14576740958659434,24,0.6478551537181971
natural,olmo,OLMo-2-0425-1B,14,1,-0.3,0.1543630091360108,24,0.6499495121516246
natural,olmo,OLMo-2-0425-1B,14,4,-0.29304347826086957,0.16461785270058832,24,0.6584714108023533
natural,olmo,OLMo-2-0425-1B,11,10,-0.2860869565217391,0.17534039388346917,24,0.6628464364034805
natural,olmo,OLMo-2-0425-1B,15,2,-0.2817391304347826,0.18228277001095713,24,0.6628464364034805
natural,olmo,OLMo-2-0425-1B,13,11,-0.2678260869565217,0.20576390509564657,24,0.6983614674299097
natural,olmo,OLMo-2-0425-1B,11,3,-0.2643478260869565,0.21193927878705082,24,0.6983614674299097
natural,olmo,OLMo-2-0425-1B,13,6,-0.22869565217391302,0.2824232076363163,24,0.8231415361879529
natural,olmo,OLMo-2-0425-1B,12,14,-0.2278260869565217,0.28430742700718314,24,0.8231415361879529
natural,olmo,OLMo-2-0425-1B,13,13,-0.21478260869565213,0.31351686150284375,24,0.8414056818441215
natural,olmo,OLMo-2-0425-1B,11,7,-0.21391304347826084,0.3155271306915456,24,0.8414056818441215
natural,olmo,OLMo-2-0425-1B,13,12,-0.20869565217391303,0.3277534837670476,24,0.8458154419794778
natural,olmo,OLMo-2-0425-1B,11,13,-0.19130434782608693,0.37053280666994315,24,0.914462145902365
natural,olmo,OLMo-2-0425-1B,14,12,-0.18869565217391301,0.37721563518472556,24,0.914462145902365
natural,olmo,OLMo-2-0425-1B,15,14,-0.17478260869565218,0.41400702240858334,24,0.9264967408174106
natural,olmo,OLMo-2-0425-1B,11,5,-0.17478260869565218,0.41400702240858334,24,0.9264967408174106
natural,olmo,OLMo-2-0425-1B,12,10,-0.14869565217391303,0.48803379955072457,24,0.9264967408174106
natural,olmo,OLMo-2-0425-1B,14,7,-0.1434782608695652,0.5035926462175362,24,0.9264967408174106
natural,olmo,OLMo-2-0425-1B,13,8,-0.1408695652173913,0.511462281884675,24,0.9264967408174106
natural,olmo,OLMo-2-0425-1B,11,12,-0.13565217391304346,0.5273785419058558,24,0.9264967408174106
natural,olmo,OLMo-2-0425-1B,13,9,-0.13391304347826086,0.5327356259700111,24,0.9264967408174106
natural,olmo,OLMo-2-0425-1B,12,2,-0.12956521739130433,0.546239269258583,24,0.9297689689507795
natural,olmo,OLMo-2-0425-1B,11,8,-0.11304347826086956,0.5989404349055967,24,0.9778619345397497
natural,olmo,OLMo-2-0425-1B,15,3,-0.09217391304347824,0.6683845191595212,24,0.9888129023571258
natural,olmo,OLMo-2-0425-1B,15,4,-0.08521739130434783,0.692169031649988,24,0.9888129023571258
natural,olmo,OLMo-2-0425-1B,11,15,-0.05652173913043478,0.7930697839291405,24,0.9888464278444677
natural,olmo,OLMo-2-0425-1B,12,0,-0.05565217391304347,0.7961874995255513,24,0.9888464278444677
natural,olmo,OLMo-2-0425-1B,14,13,-0.05130434782608695,0.8118206065534151,24,0.9888464278444677
natural,olmo,OLMo-2-0425-1B,15,13,-0.04,0.8527804394339904,24,0.9888464278444677
natural,olmo,OLMo-2-0425-1B,12,1,-0.03913043478260869,0.855947935071337,24,0.9888464278444677
natural,olmo,OLMo-2-0425-1B,13,1,-0.034782608695652174,0.8718168719786574,24,0.9888464278444677
natural,olmo,OLMo-2-0425-1B,15,8,-0.03043478260869565,0.8877339355759605,24,0.9888464278444677
natural,olmo,OLMo-2-0425-1B,13,7,-0.029565217391304344,0.8909226043767046,24,0.9888464278444677
natural,olmo,OLMo-2-0425-1B,11,9,-0.027826086956521737,0.8973048186218164,24,0.9888464278444677
natural,olmo,OLMo-2-0425-1B,12,7,-0.02608695652173913,0.903693217741266,24,0.9888464278444677
natural,olmo,OLMo-2-0425-1B,11,1,-0.02260869565217391,0.9164870430337815,24,0.9888464278444677
natural,olmo,OLMo-2-0425-1B,14,8,-0.015652173913043476,0.9421320594035385,24,0.9888464278444677
natural,olmo,OLMo-2-0425-1B,13,2,-0.013043478260869565,0.9517646868003002,24,0.9888464278444677
natural,olmo,OLMo-2-0425-1B,15,7,-0.002608695652173913,0.9903476848039034,24,0.9967824967252694
natural,olmo,OLMo-2-0425-1B,15,0,-0.0008695652173913043,0.9967824967252694,24,0.9967824967252694
natural,olmo,OLMo-2-0425-1B,12,6,0.009565217391304347,0.9646181660759277,24,0.9893519652060797
natural,olmo,OLMo-2-0425-1B,13,0,0.013043478260869565,0.9517646868003002,24,0.9888464278444677
natural,olmo,OLMo-2-0425-1B,14,10,0.015652173913043476,0.9421320594035385,24,0.9888464278444677
natural,olmo,OLMo-2-0425-1B,14,2,0.019130434782608695,0.9293010160374854,24,0.9888464278444677
natural,olmo,OLMo-2-0425-1B,11,14,0.03130434782608695,0.884546955655295,24,0.9888464278444677
natural,olmo,OLMo-2-0425-1B,13,15,0.05304347826086955,0.8055586374612034,24,0.9888464278444677
natural,olmo,OLMo-2-0425-1B,14,0,0.05652173913043478,0.7930697839291405,24,0.9888464278444677
natural,olmo,OLMo-2-0425-1B,12,15,0.06434782608695652,0.7651539392008924,24,0.9888464278444677
natural,olmo,OLMo-2-0425-1B,12,13,0.07913043478260869,0.7132155791016112,24,0.9888464278444677
natural,olmo,OLMo-2-0425-1B,14,14,0.08608695652173912,0.6891799258775774,24,0.9888129023571258
natural,olmo,OLMo-2-0425-1B,11,6,0.08782608695652173,0.6832152692148052,24,0.9888129023571258
natural,olmo,OLMo-2-0425-1B,14,6,0.09217391304347824,0.6683845191595212,24,0.9888129023571258
natural,olmo,OLMo-2-0425-1B,12,5,0.09565217391304347,0.6566056616723346,24,0.9888129023571258
natural,olmo,OLMo-2-0425-1B,14,9,0.10869565217391304,0.6131561977406332,24,0.9810499163850132
natural,olmo,OLMo-2-0425-1B,13,3,0.1252173913043478,0.559898535790483,24,0.9331642263174716
natural,olmo,OLMo-2-0425-1B,14,5,0.1391304347826087,0.5167416555162507,24,0.9264967408174106
natural,olmo,OLMo-2-0425-1B,11,2,0.1469565217391304,0.4931931221106659,24,0.9264967408174106
natural,olmo,OLMo-2-0425-1B,12,9,0.14956521739130432,0.48546433225418195,24,0.9264967408174106
natural,olmo,OLMo-2-0425-1B,13,14,0.15391304347826085,0.47271986689761514,24,0.9264967408174106
natural,olmo,OLMo-2-0425-1B,15,15,0.16086956521739126,0.452690747765674,24,0.9264967408174106
natural,olmo,OLMo-2-0425-1B,13,10,0.1678260869565217,0.4331165526494354,24,0.9264967408174106
natural,olmo,OLMo-2-0425-1B,15,5,0.22608695652173913,0.2880995376657835,24,0.8231415361879529
natural,olmo,OLMo-2-0425-1B,14,15,0.26086956521739124,0.21823795857184675,24,0.6983614674299097
natural,olmo,OLMo-2-0425-1B,11,0,0.3408695652173913,0.10309920611122532,24,0.639622198715546
natural,olmo,OLMo-2-1124-13B,29,32,-0.6495652173913044,0.000592587629355936,24,0.21007343296409559
natural,olmo,OLMo-2-1124-13B,30,26,-0.6052173913043478,0.0017274234785712643,24,0.2994200696190191
natural,olmo,OLMo-2-1124-13B,28,17,-0.5895652173913043,0.00243045519129241,24,0.3023393988033167
natural,olmo,OLMo-2-1124-13B,29,26,-0.5739130434782608,0.0033630914138609155,24,0.3023393988033167
natural,olmo,OLMo-2-1124-13B,34,22,-0.5695652173913043,0.003670316994100729,24,0.3023393988033167
natural,olmo,OLMo-2-1124-13B,31,30,-0.5643478260869564,0.004069953445429263,24,0.3023393988033167
natural,olmo,OLMo-2-1124-13B,32,14,-0.5417391304347825,0.006251808267606682,24,0.34061704560823636
natural,olmo,OLMo-2-1124-13B,32,10,-0.5356521739130434,0.006983184749703951,24,0.34061704560823636
natural,olmo,OLMo-2-1124-13B,29,8,-0.5339130434782609,0.007204793915181842,24,0.34061704560823636
natural,olmo,OLMo-2-1124-13B,27,1,-0.5252173913043477,0.008402700736251656,24,0.34061704560823636
natural,olmo,OLMo-2-1124-13B,31,32,-0.5208695652173913,0.009061048624292236,24,0.34061704560823636
natural,olmo,OLMo-2-1124-13B,34,18,-0.5104347826086956,0.010817218599752949,24,0.34061704560823636
natural,olmo,OLMo-2-1124-13B,36,11,-0.5095652173913043,0.010975435304819026,24,0.34061704560823636
natural,olmo,OLMo-2-1124-13B,27,14,-0.508695652173913,0.011135557260269265,24,0.34061704560823636
natural,olmo,OLMo-2-1124-13B,38,26,-0.5034782608695652,0.012137275539587173,24,0.34351266627094595
natural,olmo,OLMo-2-1124-13B,27,27,-0.5008695652173912,0.012665278925668665,24,0.34351266627094595
natural,olmo,OLMo-2-1124-13B,27,33,-0.4982608695652173,0.013212025625805614,24,0.34351266627094595
natural,olmo,OLMo-2-1124-13B,30,18,-0.48086956521739127,0.017373241582602485,24,0.38907394180823285
natural,olmo,OLMo-2-1124-13B,27,21,-0.468695652173913,0.020877632609712343,24,0.38907394180823285
natural,olmo,OLMo-2-1124-13B,29,39,-0.46782608695652167,0.021148364845632338,24,0.38907394180823285
natural,olmo,OLMo-2-1124-13B,28,19,-0.46782608695652167,0.021148364845632338,24,0.38907394180823285
natural,olmo,OLMo-2-1124-13B,33,38,-0.4626086956521739,0.022833034205313595,24,0.3957725928921023
natural,olmo,OLMo-2-1124-13B,29,24,-0.4591304347826086,0.024015134743792063,24,0.4028345182829636
natural,olmo,OLMo-2-1124-13B,34,0,-0.45217391304347826,0.0265272136321037,24,0.42337398293816614
natural,olmo,OLMo-2-1124-13B,36,39,-0.4478260869565217,0.028201491909682255,24,0.42337398293816614
natural,olmo,OLMo-2-1124-13B,39,23,-0.4460869565217391,0.028894442765709728,24,0.42337398293816614
natural,olmo,OLMo-2-1124-13B,35,4,-0.44434782608695644,0.029600947331116845,24,0.42337398293816614
natural,olmo,OLMo-2-1124-13B,27,5,-0.44,0.03142771515017861,24,0.42337398293816614
natural,olmo,OLMo-2-1124-13B,33,30,-0.4391304347826086,0.0318036265324316,24,0.42337398293816614
natural,olmo,OLMo-2-1124-13B,35,12,-0.4356521739130434,0.033343241979290644,24,0.42337398293816614
natural,olmo,OLMo-2-1124-13B,32,39,-0.43043478260869555,0.03576316089882472,24,0.42337398293816614
natural,olmo,OLMo-2-1124-13B,31,27,-0.42956521739130427,0.03617967533529114,24,0.42337398293816614
natural,olmo,OLMo-2-1124-13B,38,7,-0.42869565217391303,0.036600023060006086,24,0.42337398293816614
natural,olmo,OLMo-2-1124-13B,33,33,-0.42869565217391303,0.036600023060006086,24,0.42337398293816614
natural,olmo,OLMo-2-1124-13B,30,31,-0.42869565217391303,0.036600023060006086,24,0.42337398293816614
natural,olmo,OLMo-2-1124-13B,33,32,-0.4269565217391304,0.03745231387529931,24,0.42337398293816614
natural,olmo,OLMo-2-1124-13B,28,23,-0.42,0.0410196000141129,24,0.4443790001528898
natural,olmo,OLMo-2-1124-13B,35,33,-0.4165217391304347,0.042900817522030246,24,0.45527398186644347
natural,olmo,OLMo-2-1124-13B,39,15,-0.40956521739130425,0.046866169264913146,24,0.48552697714275095
natural,olmo,OLMo-2-1124-13B,35,16,-0.40782608695652167,0.04790092056917202,24,0.48552697714275095
natural,olmo,OLMo-2-1124-13B,27,29,-0.4052173913043478,0.04948640343954962,24,0.48552697714275095
natural,olmo,OLMo-2-1124-13B,31,4,-0.4052173913043478,0.04948640343954962,24,0.48552697714275095
natural,olmo,OLMo-2-1124-13B,36,6,-0.4017391304347826,0.05166367606578417,24,0.4925673611701272
natural,olmo,OLMo-2-1124-13B,29,35,-0.3991304347826086,0.05334496241225273,24,0.4925673611701272
natural,olmo,OLMo-2-1124-13B,35,1,-0.39652173913043476,0.05506841408516782,24,0.4925673611701272
natural,olmo,OLMo-2-1124-13B,33,23,-0.3947826086956522,0.05624113516523863,24,0.4925673611701272
natural,olmo,OLMo-2-1124-13B,33,18,-0.39391304347826084,0.056834695519630066,24,0.4925673611701272
natural,olmo,OLMo-2-1124-13B,38,35,-0.3869565217391304,0.061759220209282026,24,0.5179805565939783
natural,olmo,OLMo-2-1124-13B,28,29,-0.3834782608695652,0.06434139809221918,24,0.5310718572691108
natural,olmo,OLMo-2-1124-13B,29,19,-0.3817391304347826,0.06566315225644624,24,0.5325933804356175
natural,olmo,OLMo-2-1124-13B,27,15,-0.37652173913043474,0.06975342004393108,24,0.5325933804356175
natural,olmo,OLMo-2-1124-13B,38,17,-0.3739130434782608,0.0718700737680595,24,0.5325933804356175
natural,olmo,OLMo-2-1124-13B,33,9,-0.37304347826086953,0.0725863821760811,24,0.5325933804356175
natural,olmo,OLMo-2-1124-13B,33,31,-0.37217391304347824,0.07330810943110252,24,0.5325933804356175
natural,olmo,OLMo-2-1124-13B,34,33,-0.37043478260869556,0.0747679168688463,24,0.5325933804356175
natural,olmo,OLMo-2-1124-13B,34,37,-0.36,0.08399469645152523,24,0.5823632287305749
natural,olmo,OLMo-2-1124-13B,27,26,-0.35739130434782607,0.0864297568213866,24,0.5847119915330029
natural,olmo,OLMo-2-1124-13B,32,6,-0.3565217391304348,0.08725310458309894,24,0.5847119915330029
natural,olmo,OLMo-2-1124-13B,31,3,-0.3556521739130434,0.0880823216085084,24,0.5847119915330029
natural,olmo,OLMo-2-1124-13B,33,13,-0.35478260869565215,0.08891743107314608,24,0.5847119915330029
natural,olmo,OLMo-2-1124-13B,37,19,-0.35130434782608694,0.09231725461010774,24,0.5847119915330029
natural,olmo,OLMo-2-1124-13B,28,8,-0.3478260869565217,0.09581319432361446,24,0.5847119915330029
natural,olmo,OLMo-2-1124-13B,31,16,-0.34695652173913033,0.09670236783045817,24,0.5847119915330029
natural,olmo,OLMo-2-1124-13B,39,38,-0.34695652173913033,0.09670236783045817,24,0.5847119915330029
natural,olmo,OLMo-2-1124-13B,38,5,-0.34521739130434775,0.09849909879561232,24,0.5887302456749242
natural,olmo,OLMo-2-1124-13B,31,25,-0.3356521739130434,0.10882666589446974,24,0.6172826416185505
natural,olmo,OLMo-2-1124-13B,29,29,-0.3347826086956522,0.10980353592186973,24,0.6172826416185505
natural,olmo,OLMo-2-1124-13B,39,11,-0.33391304347826084,0.11078683255713417,24,0.6172826416185505
natural,olmo,OLMo-2-1124-13B,27,39,-0.33391304347826084,0.11078683255713417,24,0.6172826416185505
natural,olmo,OLMo-2-1124-13B,34,31,-0.33304347826086955,0.11177657698587248,24,0.6172826416185505
natural,olmo,OLMo-2-1124-13B,30,32,-0.3321739130434782,0.11277279029569673,24,0.6172826416185505
natural,olmo,OLMo-2-1124-13B,28,0,-0.3304347826086956,0.11478470741054946,24,0.6217504984738095
natural,olmo,OLMo-2-1124-13B,37,39,-0.32260869565217387,0.12416401155590813,24,0.6588294490721656
natural,olmo,OLMo-2-1124-13B,30,21,-0.3182608695652174,0.12960877674073518,24,0.6712402963140367
natural,olmo,OLMo-2-1124-13B,31,1,-0.3173913043478261,0.13071808560327577,24,0.6712402963140367
natural,olmo,OLMo-2-1124-13B,28,37,-0.31565217391304345,0.13295721253912648,24,0.6712402963140367
natural,olmo,OLMo-2-1124-13B,33,12,-0.3139130434782608,0.13522381083434734,24,0.6761190541717367
natural,olmo,OLMo-2-1124-13B,27,25,-0.31130434782608696,0.13867554266987714,24,0.6802951149843028
natural,olmo,OLMo-2-1124-13B,38,4,-0.3095652173913043,0.1410114671131046,24,0.6839926173036168
natural,olmo,OLMo-2-1124-13B,30,22,-0.3078260869565217,0.1433753755501812,24,0.6839926173036168
natural,olmo,OLMo-2-1124-13B,30,24,-0.3078260869565217,0.1433753755501812,24,0.6839926173036168
natural,olmo,OLMo-2-1124-13B,37,4,-0.3052173913043478,0.14697401734454302,24,0.6863715231005905
natural,olmo,OLMo-2-1124-13B,29,38,-0.3043478260869565,0.14818770858628422,24,0.6863715231005905
natural,olmo,OLMo-2-1124-13B,37,13,-0.3026086956521739,0.15063640962783909,24,0.6863715231005905
natural,olmo,OLMo-2-1124-13B,30,38,-0.3026086956521739,0.15063640962783909,24,0.6863715231005905
natural,olmo,OLMo-2-1124-13B,34,9,-0.3008695652173913,0.15311364746090095,24,0.6863715231005905
natural,olmo,OLMo-2-1124-13B,30,9,-0.2982608695652174,0.15688329961066771,24,0.6972591093807454
natural,olmo,OLMo-2-1124-13B,32,18,-0.2965217391304348,0.15943245327776354,24,0.7025836924104834
natural,olmo,OLMo-2-1124-13B,33,21,-0.2939130434782608,0.1633105777659174,24,0.7125685259298797
natural,olmo,OLMo-2-1124-13B,36,23,-0.29217391304347823,0.16593243626569426,24,0.7125685259298797
natural,olmo,OLMo-2-1124-13B,28,4,-0.29130434782608694,0.16725434336435271,24,0.7125685259298797
natural,olmo,OLMo-2-1124-13B,34,28,-0.2895652173913043,0.1699201869525098,24,0.7125685259298797
natural,olmo,OLMo-2-1124-13B,30,13,-0.2843478260869565,0.17809498095312237,24,0.7404482146053052
natural,olmo,OLMo-2-1124-13B,37,25,-0.2817391304347826,0.18228277001095713,24,0.7404482146053052
natural,olmo,OLMo-2-1124-13B,29,21,-0.2817391304347826,0.18228277001095713,24,0.7404482146053052
natural,olmo,OLMo-2-1124-13B,29,14,-0.27999999999999997,0.1851120536513263,24,0.7404482146053052
natural,olmo,OLMo-2-1124-13B,27,7,-0.2756521739130435,0.19231697608300116,24,0.7519159967154933
natural,olmo,OLMo-2-1124-13B,29,31,-0.2756521739130435,0.19231697608300116,24,0.7519159967154933
natural,olmo,OLMo-2-1124-13B,34,17,-0.27304347826086955,0.1967307228902543,24,0.7580280648334943
natural,olmo,OLMo-2-1124-13B,33,37,-0.27043478260869563,0.20121293703333992,24,0.7581936757778026
natural,olmo,OLMo-2-1124-13B,32,21,-0.268695652173913,0.2042392593734892,24,0.7640605386634128
natural,olmo,OLMo-2-1124-13B,30,12,-0.2678260869565217,0.20576390509564657,24,0.7642659332124015
natural,olmo,OLMo-2-1124-13B,29,16,-0.2643478260869565,0.21193927878705082,24,0.7816200352430244
natural,olmo,OLMo-2-1124-13B,28,26,-0.26347826086956516,0.21350236658523813,24,0.7818396522839707
natural,olmo,OLMo-2-1124-13B,35,25,-0.2626086956521739,0.21507317009837812,24,0.7820842549031932
natural,olmo,OLMo-2-1124-13B,30,1,-0.26086956521739124,0.21823795857184675,24,0.7880815170650021
natural,olmo,OLMo-2-1124-13B,35,37,-0.25913043478260867,0.22143371075635887,24,0.7905341813310762
natural,olmo,OLMo-2-1124-13B,27,8,-0.2573913043478261,0.22466048988773962,24,0.7905341813310762
natural,olmo,OLMo-2-1124-13B,28,22,-0.2539130434782608,0.23120736516745433,24,0.7909725650465543
natural,olmo,OLMo-2-1124-13B,31,29,-0.25304347826086954,0.23286356530495447,24,0.7914317252194532
natural,olmo,OLMo-2-1124-13B,36,17,-0.248695652173913,0.2412617668879545,24,0.7990835591193397
natural,olmo,OLMo-2-1124-13B,32,1,-0.2452173913043478,0.24812129907550184,24,0.8114658837689369
natural,olmo,OLMo-2-1124-13B,28,33,-0.2417391304347826,0.2551064662177336,24,0.8188602619334657
natural,olmo,OLMo-2-1124-13B,29,30,-0.2417391304347826,0.2551064662177336,24,0.8188602619334657
natural,olmo,OLMo-2-1124-13B,29,0,-0.24086956521739128,0.2568724180084135,24,0.8194702905789878
natural,olmo,OLMo-2-1124-13B,38,20,-0.23826086956521736,0.26221750952163636,24,0.831421371653969
natural,olmo,OLMo-2-1124-13B,36,30,-0.23739130434782607,0.26401496121383244,24,0.832047150492078
natural,olmo,OLMo-2-1124-13B,36,3,-0.23391304347826083,0.27128359982868233,24,0.8396873328030643
natural,olmo,OLMo-2-1124-13B,33,3,-0.23391304347826083,0.27128359982868233,24,0.8396873328030643
natural,olmo,OLMo-2-1124-13B,33,34,-0.23217391304347823,0.2749652411831776,24,0.8459742398104646
natural,olmo,OLMo-2-1124-13B,37,21,-0.22869565217391302,0.2824232076363163,24,0.8459742398104646
natural,olmo,OLMo-2-1124-13B,28,7,-0.2278260869565217,0.28430742700718314,24,0.8459742398104646
natural,olmo,OLMo-2-1124-13B,28,15,-0.22608695652173913,0.2880995376657835,24,0.8459742398104646
natural,olmo,OLMo-2-1124-13B,34,19,-0.22608695652173913,0.2880995376657835,24,0.8459742398104646
natural,olmo,OLMo-2-1124-13B,30,36,-0.2252173913043478,0.2900074275938717,24,0.8459742398104646
natural,olmo,OLMo-2-1124-13B,27,9,-0.22434782608695653,0.2919232059452402,24,0.8459742398104646
natural,olmo,OLMo-2-1124-13B,27,31,-0.2226086956521739,0.29577842253442194,24,0.8459742398104646
natural,olmo,OLMo-2-1124-13B,37,2,-0.2217391304347826,0.29771785747175966,24,0.8459742398104646
natural,olmo,OLMo-2-1124-13B,27,30,-0.2217391304347826,0.29771785747175966,24,0.8459742398104646
natural,olmo,OLMo-2-1124-13B,32,38,-0.2208695652173913,0.29966517423017214,24,0.8468798402157038
natural,olmo,OLMo-2-1124-13B,36,5,-0.21913043478260866,0.3035834439172306,24,0.8487279077255908
natural,olmo,OLMo-2-1124-13B,39,30,-0.21826086956521737,0.30555439158449416,24,0.8496699659034062
natural,olmo,OLMo-2-1124-13B,29,1,-0.21652173913043476,0.30951989756230047,24,0.854552645622936
natural,olmo,OLMo-2-1124-13B,27,32,-0.21565217391304345,0.31151444912851106,24,0.854552645622936
natural,olmo,OLMo-2-1124-13B,38,14,-0.21391304347826084,0.3155271306915456,24,0.854552645622936
natural,olmo,OLMo-2-1124-13B,30,7,-0.21130434782608692,0.321605035459752,24,0.8576134278926719
natural,olmo,OLMo-2-1124-13B,37,28,-0.21130434782608692,0.321605035459752,24,0.8576134278926719
natural,olmo,OLMo-2-1124-13B,39,25,-0.2069565217391304,0.3318915676831471,24,0.8651072407463734
natural,olmo,OLMo-2-1124-13B,37,1,-0.2052173913043478,0.3360608896745527,24,0.8651072407463734
natural,olmo,OLMo-2-1124-13B,31,24,-0.20173913043478262,0.3444930314073976,24,0.8656939421945301
natural,olmo,OLMo-2-1124-13B,27,0,-0.2008695652173913,0.3466205027349787,24,0.8656939421945301
natural,olmo,OLMo-2-1124-13B,32,33,-0.19913043478260867,0.3508987130768876,24,0.8656939421945301
natural,olmo,OLMo-2-1124-13B,36,32,-0.19826086956521738,0.35304943524240395,24,0.8656939421945301
natural,olmo,OLMo-2-1124-13B,36,10,-0.1973913043478261,0.3552078904108176,24,0.8656939421945301
natural,olmo,OLMo-2-1124-13B,30,27,-0.19565217391304346,0.3595479632342291,24,0.8656939421945301
natural,olmo,OLMo-2-1124-13B,33,28,-0.19391304347826085,0.3639188559293709,24,0.8656939421945301
natural,olmo,OLMo-2-1124-13B,30,23,-0.19304347826086957,0.36611583497113953,24,0.8656939421945301
natural,olmo,OLMo-2-1124-13B,28,10,-0.19304347826086957,0.36611583497113953,24,0.8656939421945301
natural,olmo,OLMo-2-1124-13B,29,27,-0.19304347826086957,0.36611583497113953,24,0.8656939421945301
natural,olmo,OLMo-2-1124-13B,31,34,-0.19130434782608693,0.37053280666994315,24,0.8656939421945301
natural,olmo,OLMo-2-1124-13B,34,11,-0.19130434782608693,0.37053280666994315,24,0.8656939421945301
natural,olmo,OLMo-2-1124-13B,37,20,-0.19043478260869565,0.3727527778427129,24,0.8656939421945301
natural,olmo,OLMo-2-1124-13B,33,29,-0.18956521739130433,0.3749803911439148,24,0.8656939421945301
natural,olmo,OLMo-2-1124-13B,37,37,-0.1869565217391304,0.381708968635058,24,0.8656939421945301
natural,olmo,OLMo-2-1124-13B,36,34,-0.18608695652173912,0.38396703397174836,24,0.8656939421945301
natural,olmo,OLMo-2-1124-13B,28,35,-0.18608695652173912,0.38396703397174836,24,0.8656939421945301
natural,olmo,OLMo-2-1124-13B,35,2,-0.18608695652173912,0.38396703397174836,24,0.8656939421945301
natural,olmo,OLMo-2-1124-13B,39,22,-0.18608695652173912,0.38396703397174836,24,0.8656939421945301
natural,olmo,OLMo-2-1124-13B,38,1,-0.18521739130434778,0.38623268190217497,24,0.8656939421945301
natural,olmo,OLMo-2-1124-13B,33,35,-0.18173913043478263,0.3953708419767238,24,0.8753045378859875
natural,olmo,OLMo-2-1124-13B,31,11,-0.18173913043478263,0.3953708419767238,24,0.8753045378859875
natural,olmo,OLMo-2-1124-13B,30,37,-0.18,0.399985075450615,24,0.8753045378859875
natural,olmo,OLMo-2-1124-13B,35,34,-0.18,0.399985075450615,24,0.8753045378859875
natural,olmo,OLMo-2-1124-13B,37,16,-0.17913043478260868,0.40230343183605966,24,0.8753045378859875
natural,olmo,OLMo-2-1124-13B,29,20,-0.17652173913043476,0.4093032847915006,24,0.8801316973684926
natural,olmo,OLMo-2-1124-13B,32,0,-0.17652173913043476,0.4093032847915006,24,0.8801316973684926
natural,olmo,OLMo-2-1124-13B,31,17,-0.17565217391304347,0.41165144697505396,24,0.8801316973684926
natural,olmo,OLMo-2-1124-13B,34,6,-0.17217391304347823,0.42111806892778625,24,0.8826143800327595
natural,olmo,OLMo-2-1124-13B,32,16,-0.1695652173913043,0.42829525040358907,24,0.8826143800327595
natural,olmo,OLMo-2-1124-13B,31,6,-0.1678260869565217,0.4331165526494354,24,0.8826143800327595
natural,olmo,OLMo-2-1124-13B,33,15,-0.16695652173913042,0.4355381053206143,24,0.8826143800327595
natural,olmo,OLMo-2-1124-13B,27,11,-0.1643478260869565,0.4428461512393397,24,0.8826143800327595
natural,olmo,OLMo-2-1124-13B,30,34,-0.1643478260869565,0.4428461512393397,24,0.8826143800327595
natural,olmo,OLMo-2-1124-13B,33,16,-0.16173913043478258,0.4502188848463706,24,0.8826143800327595
natural,olmo,OLMo-2-1124-13B,30,5,-0.16173913043478258,0.4502188848463706,24,0.8826143800327595
natural,olmo,OLMo-2-1124-13B,34,30,-0.16173913043478258,0.4502188848463706,24,0.8826143800327595
natural,olmo,OLMo-2-1124-13B,28,13,-0.16173913043478258,0.4502188848463706,24,0.8826143800327595
natural,olmo,OLMo-2-1124-13B,32,15,-0.16086956521739126,0.452690747765674,24,0.8826143800327595
natural,olmo,OLMo-2-1124-13B,31,39,-0.16086956521739126,0.452690747765674,24,0.8826143800327595
natural,olmo,OLMo-2-1124-13B,32,30,-0.16,0.455169720215426,24,0.8826143800327595
natural,olmo,OLMo-2-1124-13B,39,18,-0.16,0.455169720215426,24,0.8826143800327595
natural,olmo,OLMo-2-1124-13B,27,28,-0.15652173913043477,0.4651562978756907,24,0.8826143800327595
natural,olmo,OLMo-2-1124-13B,31,2,-0.15565217391304348,0.46767051016381667,24,0.8826143800327595
natural,olmo,OLMo-2-1124-13B,30,17,-0.15478260869565216,0.4701917070737499,24,0.8826143800327595
natural,olmo,OLMo-2-1124-13B,31,18,-0.15391304347826085,0.47271986689761514,24,0.8826143800327595
natural,olmo,OLMo-2-1124-13B,31,5,-0.15391304347826085,0.47271986689761514,24,0.8826143800327595
natural,olmo,OLMo-2-1124-13B,27,13,-0.15304347826086956,0.4752549676743846,24,0.8826143800327595
natural,olmo,OLMo-2-1124-13B,28,36,-0.15217391304347824,0.4777969871903097,24,0.8826143800327595
natural,olmo,OLMo-2-1124-13B,27,35,-0.15130434782608695,0.4803459029793672,24,0.8826143800327595
natural,olmo,OLMo-2-1124-13B,32,22,-0.14956521739130432,0.48546433225418195,24,0.885759483411139
natural,olmo,OLMo-2-1124-13B,35,11,-0.14956521739130432,0.48546433225418195,24,0.885759483411139
natural,olmo,OLMo-2-1124-13B,28,34,-0.14869565217391303,0.48803379955072457,24,0.8873341810013173
natural,olmo,OLMo-2-1124-13B,27,2,-0.14608695652173911,0.4957829296843136,24,0.8875250822182121
natural,olmo,OLMo-2-1124-13B,36,16,-0.1452173913043478,0.4983794692456114,24,0.8875250822182121
natural,olmo,OLMo-2-1124-13B,27,10,-0.1452173913043478,0.4983794692456114,24,0.8875250822182121
natural,olmo,OLMo-2-1124-13B,28,24,-0.1443478260869565,0.5009827163280622,24,0.8891160835856394
natural,olmo,OLMo-2-1124-13B,34,26,-0.1434782608695652,0.5035926462175362,24,0.890708081745302
natural,olmo,OLMo-2-1124-13B,28,6,-0.14260869565217388,0.506209233952854,24,0.8923010225609629
natural,olmo,OLMo-2-1124-13B,33,25,-0.1408695652173913,0.511462281884675,24,0.8924845187249363
natural,olmo,OLMo-2-1124-13B,32,8,-0.1408695652173913,0.511462281884675,24,0.8924845187249363
natural,olmo,OLMo-2-1124-13B,27,16,-0.13999999999999999,0.5140986909290425,24,0.8940846798765956
natural,olmo,OLMo-2-1124-13B,35,27,-0.1391304347826087,0.5167416555162507,24,0.8956855362281679
natural,olmo,OLMo-2-1124-13B,39,1,-0.13826086956521738,0.5193911494591459,24,0.8959224953472333
natural,olmo,OLMo-2-1124-13B,30,35,-0.13739130434782607,0.5220471463273302,24,0.8959224953472333
natural,olmo,OLMo-2-1124-13B,33,24,-0.13739130434782607,0.5220471463273302,24,0.8959224953472333
natural,olmo,OLMo-2-1124-13B,28,16,-0.13565217391304346,0.5273785419058558,24,0.8978111433342021
natural,olmo,OLMo-2-1124-13B,33,10,-0.13565217391304346,0.5273785419058558,24,0.8978111433342021
natural,olmo,OLMo-2-1124-13B,37,23,-0.13478260869565215,0.5300538865453848,24,0.8978111433342021
natural,olmo,OLMo-2-1124-13B,31,26,-0.13478260869565215,0.5300538865453848,24,0.8978111433342021
natural,olmo,OLMo-2-1124-13B,30,29,-0.13217391304347825,0.5381181783911482,24,0.9029824508407164
natural,olmo,OLMo-2-1124-13B,37,38,-0.13130434782608694,0.5408189353993529,24,0.9029824508407164
natural,olmo,OLMo-2-1124-13B,34,35,-0.13043478260869562,0.5435259752175851,24,0.9029824508407164
natural,olmo,OLMo-2-1124-13B,36,27,-0.1243478260869565,0.5626487416883164,24,0.9200545461569952
natural,olmo,OLMo-2-1124-13B,27,34,-0.1243478260869565,0.5626487416883164,24,0.9200545461569952
natural,olmo,OLMo-2-1124-13B,36,33,-0.12347826086956522,0.5654049951421966,24,0.921663314965336
natural,olmo,OLMo-2-1124-13B,28,25,-0.1217391304347826,0.5709355226889166,24,0.9223837953423143
natural,olmo,OLMo-2-1124-13B,27,23,-0.1208695652173913,0.5737097351958667,24,0.9223837953423143
natural,olmo,OLMo-2-1124-13B,33,0,-0.12,0.5764898720889464,24,0.9223837953423143
natural,olmo,OLMo-2-1124-13B,39,36,-0.12,0.5764898720889464,24,0.9223837953423143
natural,olmo,OLMo-2-1124-13B,33,1,-0.11565217391304347,0.590478316886841,24,0.929254619034944
natural,olmo,OLMo-2-1124-13B,30,25,-0.11565217391304347,0.590478316886841,24,0.929254619034944
natural,olmo,OLMo-2-1124-13B,36,25,-0.11478260869565216,0.5932933336915411,24,0.929254619034944
natural,olmo,OLMo-2-1124-13B,33,17,-0.10956521739130433,0.6103019785284629,24,0.9382452439220229
natural,olmo,OLMo-2-1124-13B,35,31,-0.10956521739130433,0.6103019785284629,24,0.9382452439220229
natural,olmo,OLMo-2-1124-13B,32,28,-0.10956521739130433,0.6103019785284629,24,0.9382452439220229
natural,olmo,OLMo-2-1124-13B,37,18,-0.10869565217391304,0.6131561977406332,24,0.9382452439220229
natural,olmo,OLMo-2-1124-13B,29,13,-0.10869565217391304,0.6131561977406332,24,0.9382452439220229
natural,olmo,OLMo-2-1124-13B,32,3,-0.10695652173913042,0.6188809974331805,24,0.9382452439220229
natural,olmo,OLMo-2-1124-13B,39,4,-0.10695652173913042,0.6188809974331805,24,0.9382452439220229
natural,olmo,OLMo-2-1124-13B,31,37,-0.10695652173913042,0.6188809974331805,24,0.9382452439220229
natural,olmo,OLMo-2-1124-13B,39,8,-0.10521739130434782,0.6246273816458914,24,0.9414673578430827
natural,olmo,OLMo-2-1124-13B,28,5,-0.1026086956521739,0.6332868165639749,24,0.9462906454404222
natural,olmo,OLMo-2-1124-13B,32,5,-0.09999999999999999,0.6419932296067883,24,0.9477680160914531
natural,olmo,OLMo-2-1124-13B,32,37,-0.09999999999999999,0.6419932296067883,24,0.9477680160914531
natural,olmo,OLMo-2-1124-13B,34,15,-0.09999999999999999,0.6419932296067883,24,0.9477680160914531
natural,olmo,OLMo-2-1124-13B,36,0,-0.09913043478260869,0.6449056390307348,24,0.9477680160914531
natural,olmo,OLMo-2-1124-13B,33,8,-0.09913043478260869,0.6449056390307348,24,0.9477680160914531
natural,olmo,OLMo-2-1124-13B,35,20,-0.09739130434782609,0.6507456469889163,24,0.9477680160914531
natural,olmo,OLMo-2-1124-13B,35,19,-0.09739130434782609,0.6507456469889163,24,0.9477680160914531
natural,olmo,OLMo-2-1124-13B,28,9,-0.09565217391304347,0.6566056616723346,24,0.9477680160914531
natural,olmo,OLMo-2-1124-13B,33,20,-0.09565217391304347,0.6566056616723346,24,0.9477680160914531
natural,olmo,OLMo-2-1124-13B,27,6,-0.09478260869565217,0.659543078769137,24,0.9477680160914531
natural,olmo,OLMo-2-1124-13B,32,35,-0.09478260869565217,0.659543078769137,24,0.9477680160914531
natural,olmo,OLMo-2-1124-13B,30,30,-0.09304347826086956,0.6654325452454303,24,0.9477680160914531
natural,olmo,OLMo-2-1124-13B,31,12,-0.09304347826086956,0.6654325452454303,24,0.9477680160914531
natural,olmo,OLMo-2-1124-13B,34,24,-0.09130434782608696,0.671341269564641,24,0.9477680160914531
natural,olmo,OLMo-2-1124-13B,39,28,-0.09130434782608696,0.671341269564641,24,0.9477680160914531
natural,olmo,OLMo-2-1124-13B,38,31,-0.09043478260869564,0.6743027582561099,24,0.9477680160914531
natural,olmo,OLMo-2-1124-13B,29,22,-0.08869565217391304,0.6802397967489955,24,0.9477680160914531
natural,olmo,OLMo-2-1124-13B,30,39,-0.08695652173913042,0.6861953252985288,24,0.9477680160914531
natural,olmo,OLMo-2-1124-13B,36,22,-0.08608695652173912,0.6891799258775774,24,0.9477680160914531
natural,olmo,OLMo-2-1124-13B,38,10,-0.08608695652173912,0.6891799258775774,24,0.9477680160914531
natural,olmo,OLMo-2-1124-13B,30,3,-0.08608695652173912,0.6891799258775774,24,0.9477680160914531
natural,olmo,OLMo-2-1124-13B,28,30,-0.08521739130434783,0.692169031649988,24,0.9477680160914531
natural,olmo,OLMo-2-1124-13B,33,39,-0.08434782608695651,0.6951626031358499,24,0.9477680160914531
natural,olmo,OLMo-2-1124-13B,32,23,-0.08434782608695651,0.6951626031358499,24,0.9477680160914531
natural,olmo,OLMo-2-1124-13B,28,14,-0.08347826086956521,0.6981606006787421,24,0.9477680160914531
natural,olmo,OLMo-2-1124-13B,32,2,-0.08173913043478259,0.7041697144360882,24,0.9477680160914531
natural,olmo,OLMo-2-1124-13B,28,39,-0.08173913043478259,0.7041697144360882,24,0.9477680160914531
natural,olmo,OLMo-2-1124-13B,35,35,-0.08086956521739129,0.707180750468238,24,0.9477680160914531
natural,olmo,OLMo-2-1124-13B,35,39,-0.07739130434782608,0.7192671455433247,24,0.9597309506669147
natural,olmo,OLMo-2-1124-13B,35,36,-0.07565217391304348,0.7253351223309568,24,0.9597309506669147
natural,olmo,OLMo-2-1124-13B,35,5,-0.07565217391304348,0.7253351223309568,24,0.9597309506669147
natural,olmo,OLMo-2-1124-13B,38,36,-0.07304347826086956,0.7344671341768292,24,0.9602894989290379
natural,olmo,OLMo-2-1124-13B,32,11,-0.07217391304347825,0.7375189840952583,24,0.9602894989290379
natural,olmo,OLMo-2-1124-13B,30,8,-0.07217391304347825,0.7375189840952583,24,0.9602894989290379
natural,olmo,OLMo-2-1124-13B,39,20,-0.07043478260869565,0.7436342012968032,24,0.9602894989290379
natural,olmo,OLMo-2-1124-13B,27,19,-0.06869565217391303,0.749764493394595,24,0.9602894989290379
natural,olmo,OLMo-2-1124-13B,34,2,-0.06869565217391303,0.749764493394595,24,0.9602894989290379
natural,olmo,OLMo-2-1124-13B,28,1,-0.06695652173913043,0.7559095203776366,24,0.9634140945989486
natural,olmo,OLMo-2-1124-13B,30,6,-0.06434782608695652,0.7651539392008924,24,0.9657282727778254
natural,olmo,OLMo-2-1124-13B,38,13,-0.06434782608695652,0.7651539392008924,24,0.9657282727778254
natural,olmo,OLMo-2-1124-13B,32,20,-0.06434782608695652,0.7651539392008924,24,0.9657282727778254
natural,olmo,OLMo-2-1124-13B,29,6,-0.0634782608695652,0.768242407223753,24,0.9672785756812387
natural,olmo,OLMo-2-1124-13B,31,21,-0.06173913043478261,0.7744295754905792,24,0.9727134764615971
natural,olmo,OLMo-2-1124-13B,38,18,-0.0608695652173913,0.7775281884531549,24,0.9739451339980202
natural,olmo,OLMo-2-1124-13B,36,9,-0.05913043478260869,0.783735252825447,24,0.9739451339980202
natural,olmo,OLMo-2-1124-13B,32,13,-0.05826086956521739,0.7868436161547347,24,0.9739451339980202
natural,olmo,OLMo-2-1124-13B,37,36,-0.05565217391304347,0.7961874995255513,24,0.9739451339980202
natural,olmo,OLMo-2-1124-13B,27,20,-0.05565217391304347,0.7961874995255513,24,0.9739451339980202
natural,olmo,OLMo-2-1124-13B,35,8,-0.054782608695652164,0.799308243488264,24,0.9739451339980202
natural,olmo,OLMo-2-1124-13B,30,0,-0.054782608695652164,0.799308243488264,24,0.9739451339980202
natural,olmo,OLMo-2-1124-13B,37,0,-0.05391304347826086,0.8024319710844886,24,0.9739451339980202
natural,olmo,OLMo-2-1124-13B,38,27,-0.05391304347826086,0.8024319710844886,24,0.9739451339980202
natural,olmo,OLMo-2-1124-13B,35,22,-0.05391304347826086,0.8024319710844886,24,0.9739451339980202
natural,olmo,OLMo-2-1124-13B,30,33,-0.05391304347826086,0.8024319710844886,24,0.9739451339980202
natural,olmo,OLMo-2-1124-13B,28,12,-0.05217391304347826,0.8086881976469136,24,0.9739451339980202
natural,olmo,OLMo-2-1124-13B,36,18,-0.050434782608695654,0.8149558189775674,24,0.9739451339980202
natural,olmo,OLMo-2-1124-13B,27,12,-0.04869565217391304,0.8212344730022532,24,0.9739451339980202
natural,olmo,OLMo-2-1124-13B,34,20,-0.047826086956521734,0.8243778236378612,24,0.9739451339980202
natural,olmo,OLMo-2-1124-13B,31,0,-0.04521739130434782,0.8338234219848106,24,0.9739451339980202
natural,olmo,OLMo-2-1124-13B,39,14,-0.042608695652173914,0.8432913759776878,24,0.9739451339980202
natural,olmo,OLMo-2-1124-13B,38,8,-0.042608695652173914,0.8432913759776878,24,0.9739451339980202
natural,olmo,OLMo-2-1124-13B,34,12,-0.041739130434782605,0.8464521133997218,24,0.9739451339980202
natural,olmo,OLMo-2-1124-13B,39,35,-0.040869565217391296,0.8496151500324182,24,0.9739451339980202
natural,olmo,OLMo-2-1124-13B,29,36,-0.040869565217391296,0.8496151500324182,24,0.9739451339980202
natural,olmo,OLMo-2-1124-13B,28,3,-0.040869565217391296,0.8496151500324182,24,0.9739451339980202
natural,olmo,OLMo-2-1124-13B,35,32,-0.040869565217391296,0.8496151500324182,24,0.9739451339980202
natural,olmo,OLMo-2-1124-13B,32,34,-0.04,0.8527804394339904,24,0.9739451339980202
natural,olmo,OLMo-2-1124-13B,35,24,-0.04,0.8527804394339904,24,0.9739451339980202
natural,olmo,OLMo-2-1124-13B,31,10,-0.03739130434782608,0.8622893584755251,24,0.9762274625225512
natural,olmo,OLMo-2-1124-13B,32,32,-0.03652173913043478,0.8654631927363388,24,0.9762274625225512
natural,olmo,OLMo-2-1124-13B,33,19,-0.03652173913043478,0.8654631927363388,24,0.9762274625225512
natural,olmo,OLMo-2-1124-13B,35,9,-0.03130434782608695,0.884546955655295,24,0.9871310309533634
natural,olmo,OLMo-2-1124-13B,29,33,-0.029565217391304344,0.8909226043767046,24,0.9871310309533634
natural,olmo,OLMo-2-1124-13B,30,19,-0.02869565217391304,0.8941129145750657,24,0.9871310309533634
natural,olmo,OLMo-2-1124-13B,29,25,-0.02434782608695652,0.9100874200789535,24,0.9963062282969596
natural,olmo,OLMo-2-1124-13B,33,11,-0.023478260869565212,0.9132865779270147,24,0.9977080263068229
natural,olmo,OLMo-2-1124-13B,30,28,-0.020869565217391303,0.9228917031216202,24,0.9987030795705976
natural,olmo,OLMo-2-1124-13B,29,9,-0.02,0.9260958020254711,24,0.9987030795705976
natural,olmo,OLMo-2-1124-13B,29,28,-0.019130434782608695,0.9293010160374854,24,0.9987030795705976
natural,olmo,OLMo-2-1124-13B,36,35,-0.019130434782608695,0.9293010160374854,24,0.9987030795705976
natural,olmo,OLMo-2-1124-13B,29,11,-0.019130434782608695,0.9293010160374854,24,0.9987030795705976
natural,olmo,OLMo-2-1124-13B,34,8,-0.01652173913043478,0.9389228669455103,24,0.9987030795705976
natural,olmo,OLMo-2-1124-13B,35,28,-0.01652173913043478,0.9389228669455103,24,0.9987030795705976
natural,olmo,OLMo-2-1124-13B,27,22,-0.01652173913043478,0.9389228669455103,24,0.9987030795705976
natural,olmo,OLMo-2-1124-13B,30,10,-0.015652173913043476,0.9421320594035385,24,0.9987030795705976
natural,olmo,OLMo-2-1124-13B,32,4,-0.015652173913043476,0.9421320594035385,24,0.9987030795705976
natural,olmo,OLMo-2-1124-13B,35,10,-0.015652173913043476,0.9421320594035385,24,0.9987030795705976
natural,olmo,OLMo-2-1124-13B,30,14,-0.014782608695652172,0.9453421257736343,24,0.9987030795705976
natural,olmo,OLMo-2-1124-13B,35,14,-0.01217391304347826,0.9549770846497847,24,0.9987030795705976
natural,olmo,OLMo-2-1124-13B,37,27,-0.011304347826086955,0.958190162801108,24,0.9987030795705976
natural,olmo,OLMo-2-1124-13B,33,6,-0.011304347826086955,0.958190162801108,24,0.9987030795705976
natural,olmo,OLMo-2-1124-13B,28,2,-0.010434782608695651,0.9614038727773804,24,0.9987030795705976
natural,olmo,OLMo-2-1124-13B,38,33,-0.010434782608695651,0.9614038727773804,24,0.9987030795705976
natural,olmo,OLMo-2-1124-13B,30,20,-0.007826086956521738,0.9710483085120961,24,0.9987030795705976
natural,olmo,OLMo-2-1124-13B,27,24,-0.006956521739130434,0.9742640605332525,24,0.9987030795705976
natural,olmo,OLMo-2-1124-13B,37,6,-0.00608695652173913,0.9774802016477158,24,0.9987030795705976
natural,olmo,OLMo-2-1124-13B,38,22,-0.004347826086956522,0.9839134567350358,24,0.9987030795705976
natural,olmo,OLMo-2-1124-13B,33,36,-0.003478260869565217,0.9871304734643621,24,0.9987030795705976
natural,olmo,OLMo-2-1124-13B,35,13,-0.002608695652173913,0.9903476848039034,24,0.9987030795705976
natural,olmo,OLMo-2-1124-13B,27,37,-0.002608695652173913,0.9903476848039034,24,0.9987030795705976
natural,olmo,OLMo-2-1124-13B,28,27,-0.002608695652173913,0.9903476848039034,24,0.9987030795705976
natural,olmo,OLMo-2-1124-13B,29,2,-0.0017391304347826085,0.9935650421080594,24,0.9987030795705976
natural,olmo,OLMo-2-1124-13B,39,7,0.0,1.0,24,1.0
natural,olmo,OLMo-2-1124-13B,36,38,0.0008695652173913043,0.9967824967252694,24,0.9987030795705976
natural,olmo,OLMo-2-1124-13B,36,36,0.0008695652173913043,0.9967824967252694,24,0.9987030795705976
natural,olmo,OLMo-2-1124-13B,36,28,0.0017391304347826085,0.9935650421080594,24,0.9987030795705976
natural,olmo,OLMo-2-1124-13B,36,26,0.0017391304347826085,0.9935650421080594,24,0.9987030795705976
natural,olmo,OLMo-2-1124-13B,35,30,0.002608695652173913,0.9903476848039034,24,0.9987030795705976
natural,olmo,OLMo-2-1124-13B,38,39,0.003478260869565217,0.9871304734643621,24,0.9987030795705976
natural,olmo,OLMo-2-1124-13B,38,29,0.004347826086956522,0.9839134567350358,24,0.9987030795705976
natural,olmo,OLMo-2-1124-13B,39,34,0.00608695652173913,0.9774802016477158,24,0.9987030795705976
natural,olmo,OLMo-2-1124-13B,37,14,0.007826086956521738,0.9710483085120961,24,0.9987030795705976
natural,olmo,OLMo-2-1124-13B,37,33,0.009565217391304347,0.9646181660759277,24,0.9987030795705976
natural,olmo,OLMo-2-1124-13B,27,3,0.010434782608695651,0.9614038727773804,24,0.9987030795705976
natural,olmo,OLMo-2-1124-13B,28,20,0.010434782608695651,0.9614038727773804,24,0.9987030795705976
natural,olmo,OLMo-2-1124-13B,32,25,0.01217391304347826,0.9549770846497847,24,0.9987030795705976
natural,olmo,OLMo-2-1124-13B,32,9,0.013913043478260868,0.9485530177017847,24,0.9987030795705976
natural,olmo,OLMo-2-1124-13B,29,34,0.015652173913043476,0.9421320594035385,24,0.9987030795705976
natural,olmo,OLMo-2-1124-13B,31,36,0.017391304347826087,0.9357145967179171,24,0.9987030795705976
natural,olmo,OLMo-2-1124-13B,37,26,0.020869565217391303,0.9228917031216202,24,0.9987030795705976
natural,olmo,OLMo-2-1124-13B,27,36,0.025217391304347827,0.9068896173989752,24,0.9949000022098462
natural,olmo,OLMo-2-1124-13B,29,3,0.02608695652173913,0.903693217741266,24,0.9934893725696793
natural,olmo,OLMo-2-1124-13B,37,3,0.02695652173913043,0.9004982689028822,24,0.9920743640455482
natural,olmo,OLMo-2-1124-13B,35,6,0.02869565217391304,0.8941129145750657,24,0.9871310309533634
natural,olmo,OLMo-2-1124-13B,32,36,0.02869565217391304,0.8941129145750657,24,0.9871310309533634
natural,olmo,OLMo-2-1124-13B,37,24,0.03043478260869565,0.8877339355759605,24,0.9871310309533634
natural,olmo,OLMo-2-1124-13B,31,31,0.03043478260869565,0.8877339355759605,24,0.9871310309533634
natural,olmo,OLMo-2-1124-13B,36,14,0.03304347826086956,0.8781782520387229,24,0.9841652824571895
natural,olmo,OLMo-2-1124-13B,28,38,0.033913043478260865,0.8749966229566861,24,0.9827175894977901
natural,olmo,OLMo-2-1124-13B,38,15,0.03565217391304347,0.8686390462246146,24,0.9776889697766226
natural,olmo,OLMo-2-1124-13B,28,18,0.03739130434782608,0.8622893584755251,24,0.9762274625225512
natural,olmo,OLMo-2-1124-13B,32,31,0.03913043478260869,0.855947935071337,24,0.9739451339980202
natural,olmo,OLMo-2-1124-13B,30,15,0.03913043478260869,0.855947935071337,24,0.9739451339980202
natural,olmo,OLMo-2-1124-13B,38,19,0.040869565217391296,0.8496151500324182,24,0.9739451339980202
natural,olmo,OLMo-2-1124-13B,39,12,0.041739130434782605,0.8464521133997218,24,0.9739451339980202
natural,olmo,OLMo-2-1124-13B,34,21,0.041739130434782605,0.8464521133997218,24,0.9739451339980202
natural,olmo,OLMo-2-1124-13B,38,9,0.04434782608695652,0.8369769840650598,24,0.9739451339980202
natural,olmo,OLMo-2-1124-13B,31,28,0.04434782608695652,0.8369769840650598,24,0.9739451339980202
natural,olmo,OLMo-2-1124-13B,33,27,0.04521739130434782,0.8338234219848106,24,0.9739451339980202
natural,olmo,OLMo-2-1124-13B,29,7,0.04521739130434782,0.8338234219848106,24,0.9739451339980202
natural,olmo,OLMo-2-1124-13B,39,24,0.04608695652173912,0.8306723439322352,24,0.9739451339980202
natural,olmo,OLMo-2-1124-13B,39,16,0.046956521739130425,0.8275237958648594,24,0.9739451339980202
natural,olmo,OLMo-2-1124-13B,38,2,0.047826086956521734,0.8243778236378612,24,0.9739451339980202
natural,olmo,OLMo-2-1124-13B,34,10,0.050434782608695654,0.8149558189775674,24,0.9739451339980202
natural,olmo,OLMo-2-1124-13B,35,7,0.050434782608695654,0.8149558189775674,24,0.9739451339980202
natural,olmo,OLMo-2-1124-13B,33,22,0.05130434782608695,0.8118206065534151,24,0.9739451339980202
natural,olmo,OLMo-2-1124-13B,35,29,0.05217391304347826,0.8086881976469136,24,0.9739451339980202
natural,olmo,OLMo-2-1124-13B,36,21,0.05391304347826086,0.8024319710844886,24,0.9739451339980202
natural,olmo,OLMo-2-1124-13B,39,6,0.054782608695652164,0.799308243488264,24,0.9739451339980202
natural,olmo,OLMo-2-1124-13B,38,34,0.06521739130434781,0.7620689398781239,24,0.9657282727778254
natural,olmo,OLMo-2-1124-13B,31,20,0.06782608695652173,0.7528351863688199,24,0.9618533093655683
natural,olmo,OLMo-2-1124-13B,38,11,0.06869565217391303,0.749764493394595,24,0.9602894989290379
natural,olmo,OLMo-2-1124-13B,34,23,0.06956521739130435,0.7466974841785088,24,0.9602894989290379
natural,olmo,OLMo-2-1124-13B,29,10,0.07130434782608694,0.7405746871767942,24,0.9602894989290379
natural,olmo,OLMo-2-1124-13B,31,8,0.07130434782608694,0.7405746871767942,24,0.9602894989290379
natural,olmo,OLMo-2-1124-13B,36,2,0.07304347826086956,0.7344671341768292,24,0.9602894989290379
natural,olmo,OLMo-2-1124-13B,37,12,0.07304347826086956,0.7344671341768292,24,0.9602894989290379
natural,olmo,OLMo-2-1124-13B,33,7,0.07391304347826086,0.7314191793924034,24,0.9602894989290379
natural,olmo,OLMo-2-1124-13B,39,2,0.07652173913043478,0.7222991032128186,24,0.9597309506669147
natural,olmo,OLMo-2-1124-13B,31,33,0.07652173913043478,0.7222991032128186,24,0.9597309506669147
natural,olmo,OLMo-2-1124-13B,29,15,0.08086956521739129,0.707180750468238,24,0.9477680160914531
natural,olmo,OLMo-2-1124-13B,31,38,0.08173913043478259,0.7041697144360882,24,0.9477680160914531
natural,olmo,OLMo-2-1124-13B,28,11,0.0826086956521739,0.7011629844471832,24,0.9477680160914531
natural,olmo,OLMo-2-1124-13B,31,13,0.08347826086956521,0.6981606006787421,24,0.9477680160914531
natural,olmo,OLMo-2-1124-13B,33,26,0.08434782608695651,0.6951626031358499,24,0.9477680160914531
natural,olmo,OLMo-2-1124-13B,36,24,0.08695652173913042,0.6861953252985288,24,0.9477680160914531
natural,olmo,OLMo-2-1124-13B,38,0,0.08782608695652173,0.6832152692148052,24,0.9477680160914531
natural,olmo,OLMo-2-1124-13B,36,15,0.09043478260869564,0.6743027582561099,24,0.9477680160914531
natural,olmo,OLMo-2-1124-13B,35,15,0.09304347826086956,0.6654325452454303,24,0.9477680160914531
natural,olmo,OLMo-2-1124-13B,27,38,0.09391304347826085,0.6624853858393347,24,0.9477680160914531
natural,olmo,OLMo-2-1124-13B,33,14,0.09565217391304347,0.6566056616723346,24,0.9477680160914531
natural,olmo,OLMo-2-1124-13B,29,4,0.09739130434782609,0.6507456469889163,24,0.9477680160914531
natural,olmo,OLMo-2-1124-13B,30,16,0.1034782608695652,0.6303950708493536,24,0.9446842560278498
natural,olmo,OLMo-2-1124-13B,33,2,0.10434782608695652,0.6275085807240485,24,0.943076479700882
natural,olmo,OLMo-2-1124-13B,29,17,0.10521739130434782,0.6246273816458914,24,0.9414673578430827
natural,olmo,OLMo-2-1124-13B,34,1,0.10695652173913042,0.6188809974331805,24,0.9382452439220229
natural,olmo,OLMo-2-1124-13B,39,31,0.11217391304347826,0.601772453267223,24,0.9368912446076525
natural,olmo,OLMo-2-1124-13B,39,37,0.11217391304347826,0.601772453267223,24,0.9368912446076525
natural,olmo,OLMo-2-1124-13B,35,3,0.11478260869565216,0.5932933336915411,24,0.929254619034944
natural,olmo,OLMo-2-1124-13B,32,29,0.11652173913043477,0.587669032951115,24,0.929254619034944
natural,olmo,OLMo-2-1124-13B,39,33,0.11739130434782606,0.5848655143600632,24,0.929254619034944
natural,olmo,OLMo-2-1124-13B,31,22,0.11826086956521738,0.5820677933682575,24,0.928451694943233
natural,olmo,OLMo-2-1124-13B,39,13,0.12,0.5764898720889464,24,0.9223837953423143
natural,olmo,OLMo-2-1124-13B,35,17,0.1217391304347826,0.5709355226889166,24,0.9223837953423143
natural,olmo,OLMo-2-1124-13B,37,10,0.1243478260869565,0.5626487416883164,24,0.9200545461569952
natural,olmo,OLMo-2-1124-13B,32,7,0.12608695652173912,0.5571544076689683,24,0.9197469586916301
natural,olmo,OLMo-2-1124-13B,37,5,0.12956521739130433,0.546239269258583,24,0.9046000637403286
natural,olmo,OLMo-2-1124-13B,36,13,0.13043478260869562,0.5435259752175851,24,0.9029824508407164
natural,olmo,OLMo-2-1124-13B,34,13,0.13130434782608694,0.5408189353993529,24,0.9029824508407164
natural,olmo,OLMo-2-1124-13B,38,28,0.13391304347826086,0.5327356259700111,24,0.8994237841052136
natural,olmo,OLMo-2-1124-13B,33,4,0.1408695652173913,0.511462281884675,24,0.8924845187249363
natural,olmo,OLMo-2-1124-13B,28,21,0.1452173913043478,0.4983794692456114,24,0.8875250822182121
natural,olmo,OLMo-2-1124-13B,39,26,0.1469565217391304,0.4931931221106659,24,0.8875250822182121
natural,olmo,OLMo-2-1124-13B,36,19,0.14782608695652172,0.49061007074296015,24,0.8875250822182121
natural,olmo,OLMo-2-1124-13B,33,5,0.15130434782608695,0.4803459029793672,24,0.8826143800327595
natural,olmo,OLMo-2-1124-13B,29,5,0.15130434782608695,0.4803459029793672,24,0.8826143800327595
natural,olmo,OLMo-2-1124-13B,36,37,0.15130434782608695,0.4803459029793672,24,0.8826143800327595
natural,olmo,OLMo-2-1124-13B,31,35,0.15304347826086956,0.4752549676743846,24,0.8826143800327595
natural,olmo,OLMo-2-1124-13B,39,19,0.15391304347826085,0.47271986689761514,24,0.8826143800327595
natural,olmo,OLMo-2-1124-13B,36,12,0.15565217391304348,0.46767051016381667,24,0.8826143800327595
natural,olmo,OLMo-2-1124-13B,31,14,0.15565217391304348,0.46767051016381667,24,0.8826143800327595
natural,olmo,OLMo-2-1124-13B,27,4,0.15826086956521737,0.460148912728106,24,0.8826143800327595
natural,olmo,OLMo-2-1124-13B,27,18,0.16173913043478258,0.4502188848463706,24,0.8826143800327595
natural,olmo,OLMo-2-1124-13B,29,18,0.16260869565217392,0.44775415138241526,24,0.8826143800327595
natural,olmo,OLMo-2-1124-13B,37,29,0.16260869565217392,0.44775415138241526,24,0.8826143800327595
natural,olmo,OLMo-2-1124-13B,39,29,0.1652173913043478,0.4404029231283094,24,0.8826143800327595
natural,olmo,OLMo-2-1124-13B,39,9,0.1660869565217391,0.43796690160823903,24,0.8826143800327595
natural,olmo,OLMo-2-1124-13B,32,27,0.17043478260869566,0.4258955363074477,24,0.8826143800327595
natural,olmo,OLMo-2-1124-13B,32,12,0.17304347826086955,0.4187403495722347,24,0.8815586306783889
natural,olmo,OLMo-2-1124-13B,34,38,0.17391304347826084,0.4163699952935561,24,0.8801316973684926
natural,olmo,OLMo-2-1124-13B,38,12,0.17391304347826084,0.4163699952935561,24,0.8801316973684926
natural,olmo,OLMo-2-1124-13B,37,7,0.17478260869565218,0.41400702240858334,24,0.8801316973684926
natural,olmo,OLMo-2-1124-13B,31,19,0.17478260869565218,0.41400702240858334,24,0.8801316973684926
natural,olmo,OLMo-2-1124-13B,29,37,0.17913043478260868,0.40230343183605966,24,0.8753045378859875
natural,olmo,OLMo-2-1124-13B,37,34,0.18086956521739128,0.39767420741690407,24,0.8753045378859875
natural,olmo,OLMo-2-1124-13B,38,3,0.18521739130434778,0.38623268190217497,24,0.8656939421945301
natural,olmo,OLMo-2-1124-13B,35,26,0.18608695652173912,0.38396703397174836,24,0.8656939421945301
natural,olmo,OLMo-2-1124-13B,36,29,0.18869565217391301,0.37721563518472556,24,0.8656939421945301
natural,olmo,OLMo-2-1124-13B,38,37,0.19130434782608693,0.37053280666994315,24,0.8656939421945301
natural,olmo,OLMo-2-1124-13B,39,39,0.19565217391304346,0.3595479632342291,24,0.8656939421945301
natural,olmo,OLMo-2-1124-13B,31,9,0.19565217391304346,0.3595479632342291,24,0.8656939421945301
natural,olmo,OLMo-2-1124-13B,36,7,0.19913043478260867,0.3508987130768876,24,0.8656939421945301
natural,olmo,OLMo-2-1124-13B,34,7,0.19999999999999998,0.34875573272354543,24,0.8656939421945301
natural,olmo,OLMo-2-1124-13B,39,21,0.20347826086956516,0.3402613966398863,24,0.8656939421945301
natural,olmo,OLMo-2-1124-13B,38,23,0.20434782608695648,0.33815724851317563,24,0.8656939421945301
natural,olmo,OLMo-2-1124-13B,36,31,0.2052173913043478,0.3360608896745527,24,0.8651072407463734
natural,olmo,OLMo-2-1124-13B,34,25,0.2052173913043478,0.3360608896745527,24,0.8651072407463734
natural,olmo,OLMo-2-1124-13B,34,34,0.2069565217391304,0.3318915676831471,24,0.8651072407463734
natural,olmo,OLMo-2-1124-13B,34,32,0.20869565217391303,0.3277534837670476,24,0.8651072407463734
natural,olmo,OLMo-2-1124-13B,37,8,0.20956521739130432,0.3256961715714217,24,0.8640918837609148
natural,olmo,OLMo-2-1124-13B,39,32,0.21304347826086956,0.31754525245129134,24,0.8555623382107332
natural,olmo,OLMo-2-1124-13B,37,17,0.21391304347826084,0.3155271306915456,24,0.854552645622936
natural,olmo,OLMo-2-1124-13B,35,21,0.21391304347826084,0.3155271306915456,24,0.854552645622936
natural,olmo,OLMo-2-1124-13B,39,0,0.21913043478260866,0.3035834439172306,24,0.8487279077255908
natural,olmo,OLMo-2-1124-13B,38,6,0.2226086956521739,0.29577842253442194,24,0.8459742398104646
natural,olmo,OLMo-2-1124-13B,34,16,0.22608695652173913,0.2880995376657835,24,0.8459742398104646
natural,olmo,OLMo-2-1124-13B,38,30,0.2269565217391304,0.28619953720339847,24,0.8459742398104646
natural,olmo,OLMo-2-1124-13B,34,4,0.2295652173913043,0.28054687940936796,24,0.8459742398104646
natural,olmo,OLMo-2-1124-13B,28,32,0.23043478260869563,0.27867844240498885,24,0.8459742398104646
natural,olmo,OLMo-2-1124-13B,38,38,0.23652173913043475,0.2658202941596181,24,0.83269007809037
natural,olmo,OLMo-2-1124-13B,32,24,0.24260869565217388,0.25334838197246135,24,0.8188602619334657
natural,olmo,OLMo-2-1124-13B,37,35,0.2478260869565217,0.2429648870203895,24,0.7996312737379907
natural,olmo,OLMo-2-1124-13B,39,17,0.248695652173913,0.2412617668879545,24,0.7990835591193397
natural,olmo,OLMo-2-1124-13B,30,4,0.2495652173913043,0.2395664805456788,24,0.7990835591193397
natural,olmo,OLMo-2-1124-13B,37,31,0.2504347826086956,0.23787902276971346,24,0.7990835591193397
natural,olmo,OLMo-2-1124-13B,34,27,0.25478260869565217,0.22955896419421634,24,0.7905341813310762
natural,olmo,OLMo-2-1124-13B,38,32,0.25478260869565217,0.22955896419421634,24,0.7905341813310762
natural,olmo,OLMo-2-1124-13B,38,24,0.25565217391304346,0.22791835585505182,24,0.7905341813310762
natural,olmo,OLMo-2-1124-13B,32,17,0.25565217391304346,0.22791835585505182,24,0.7905341813310762
natural,olmo,OLMo-2-1124-13B,30,11,0.25652173913043474,0.22628553340548088,24,0.7905341813310762
natural,olmo,OLMo-2-1124-13B,31,23,0.2713043478260869,0.19971124015805522,24,0.7580280648334943
natural,olmo,OLMo-2-1124-13B,39,5,0.2713043478260869,0.19971124015805522,24,0.7580280648334943
natural,olmo,OLMo-2-1124-13B,30,2,0.2721739130434782,0.1982171723154793,24,0.7580280648334943
natural,olmo,OLMo-2-1124-13B,34,39,0.2791304347826086,0.18653796075704562,24,0.7404560274325475
natural,olmo,OLMo-2-1124-13B,32,19,0.28086956521739126,0.1836936608986879,24,0.7404482146053052
natural,olmo,OLMo-2-1124-13B,36,8,0.2826086956521739,0.1808793683193114,24,0.7404482146053052
natural,olmo,OLMo-2-1124-13B,31,7,0.2904347826086956,0.16858358873548324,24,0.7125685259298797
natural,olmo,OLMo-2-1124-13B,34,36,0.29304347826086957,0.16461785270058832,24,0.7125685259298797
natural,olmo,OLMo-2-1124-13B,28,28,0.3008695652173913,0.15311364746090095,24,0.6863715231005905
natural,olmo,OLMo-2-1124-13B,38,16,0.3052173913043478,0.14697401734454302,24,0.6863715231005905
natural,olmo,OLMo-2-1124-13B,34,5,0.31130434782608696,0.13867554266987714,24,0.6802951149843028
natural,olmo,OLMo-2-1124-13B,39,27,0.31652173913043474,0.13183422455052596,24,0.6712402963140367
natural,olmo,OLMo-2-1124-13B,31,15,0.3182608695652174,0.12960877674073518,24,0.6712402963140367
natural,olmo,OLMo-2-1124-13B,39,10,0.3278260869565217,0.11785162108888597,24,0.631781886249698
natural,olmo,OLMo-2-1124-13B,38,21,0.3408695652173913,0.10309920611122532,24,0.6023773840206423
natural,olmo,OLMo-2-1124-13B,27,17,0.3408695652173913,0.10309920611122532,24,0.6023773840206423
natural,olmo,OLMo-2-1124-13B,37,9,0.34695652173913033,0.09670236783045817,24,0.5847119915330029
natural,olmo,OLMo-2-1124-13B,37,22,0.34956521739130436,0.0940531188359595,24,0.5847119915330029
natural,olmo,OLMo-2-1124-13B,39,3,0.34956521739130436,0.0940531188359595,24,0.5847119915330029
natural,olmo,OLMo-2-1124-13B,34,14,0.3608695652173913,0.08319459278354294,24,0.5823632287305749
natural,olmo,OLMo-2-1124-13B,37,30,0.37043478260869556,0.0747679168688463,24,0.5325933804356175
natural,olmo,OLMo-2-1124-13B,32,26,0.37130434782608696,0.0740352796389887,24,0.5325933804356175
natural,olmo,OLMo-2-1124-13B,28,31,0.3756521739130434,0.07045361689375702,24,0.5325933804356175
natural,olmo,OLMo-2-1124-13B,35,38,0.37913043478260866,0.0676846648820043,24,0.5325933804356175
natural,olmo,OLMo-2-1124-13B,36,4,0.38869565217391305,0.060498404649825734,24,0.5157241052116291
natural,olmo,OLMo-2-1124-13B,37,32,0.39739130434782605,0.05448920414427135,24,0.4925673611701272
natural,olmo,OLMo-2-1124-13B,29,12,0.39999999999999997,0.05277988140256792,24,0.4925673611701272
natural,olmo,OLMo-2-1124-13B,35,0,0.4243478260869564,0.038760097639367115,24,0.4288351228185298
natural,olmo,OLMo-2-1124-13B,29,23,0.4278260869565217,0.03702422793856046,24,0.42337398293816614
natural,olmo,OLMo-2-1124-13B,35,23,0.4417391304347826,0.030686519885684042,24,0.42337398293816614
natural,olmo,OLMo-2-1124-13B,37,15,0.4660869565217391,0.0216983544469976,24,0.38907394180823285
natural,olmo,OLMo-2-1124-13B,36,1,0.4669565217391304,0.021421931678215295,24,0.38907394180823285
natural,olmo,OLMo-2-1124-13B,38,25,0.47130434782608693,0.020082231188607965,24,0.38907394180823285
natural,olmo,OLMo-2-1124-13B,35,18,0.4834782608695652,0.016688563317628143,24,0.38907394180823285
natural,olmo,OLMo-2-1124-13B,36,20,0.4860869565217391,0.016026057350818954,24,0.38907394180823285
natural,olmo,OLMo-2-1124-13B,37,11,0.5130434782608695,0.010353828161824782,24,0.34061704560823636
natural,olmo,OLMo-2-1124-13B,34,29,0.5208695652173913,0.009061048624292236,24,0.34061704560823636
natural,olmo,OLMo-2-1124-13B,34,3,0.6373913043478261,0.0008079747421695984,24,0.21007343296409559
natural,olmo,OLMo-2-1124-7B,22,28,-0.6643478260869564,0.00039924328712659537,24,0.08682264635362179
natural,olmo,OLMo-2-1124-7B,30,7,-0.6017391304347826,0.0018664011338972051,24,0.08682264635362179
natural,olmo,OLMo-2-1124-7B,30,5,-0.5973913043478261,0.0020534369448034903,24,0.08682264635362179
natural,olmo,OLMo-2-1124-7B,29,14,-0.5852173913043477,0.0026642325357170145,24,0.08682264635362179
natural,olmo,OLMo-2-1124-7B,23,12,-0.5843478260869565,0.002713207698550681,24,0.08682264635362179
natural,olmo,OLMo-2-1124-7B,31,20,-0.5730434782608694,0.0034227320772804424,24,0.0898358909746307
natural,olmo,OLMo-2-1124-7B,23,0,-0.5695652173913043,0.003670316994100729,24,0.0898358909746307
natural,olmo,OLMo-2-1124-7B,23,13,-0.5643478260869564,0.004069953445429263,24,0.0898358909746307
natural,olmo,OLMo-2-1124-7B,28,31,-0.5643478260869564,0.004069953445429263,24,0.0898358909746307
natural,olmo,OLMo-2-1124-7B,23,30,-0.5626086956521739,0.004211057389435814,24,0.0898358909746307
natural,olmo,OLMo-2-1124-7B,31,10,-0.5591304347826086,0.004505654150996766,24,0.09011308301993531
natural,olmo,OLMo-2-1124-7B,23,17,-0.5521739130434782,0.005147076384055005,24,0.09688614369985891
natural,olmo,OLMo-2-1124-7B,23,6,-0.5426086956521738,0.006152756669820387,24,0.0984441067171262
natural,olmo,OLMo-2-1124-7B,22,24,-0.5321739130434783,0.007432234862799776,24,0.11325310267123469
natural,olmo,OLMo-2-1124-7B,30,13,-0.5252173913043477,0.008402700736251656,24,0.1222211016182059
natural,olmo,OLMo-2-1124-7B,25,19,-0.5199999999999999,0.009197719807264302,24,0.12448127445866435
natural,olmo,OLMo-2-1124-7B,31,18,-0.5113043478260869,0.010660889916722198,24,0.1338975026480059
natural,olmo,OLMo-2-1124-7B,22,1,-0.5095652173913043,0.010975435304819026,24,0.1338975026480059
natural,olmo,OLMo-2-1124-7B,26,12,-0.5078260869565216,0.011297601785925497,24,0.1338975026480059
natural,olmo,OLMo-2-1124-7B,27,29,-0.5026086956521739,0.012311224300312232,24,0.13584799227930738
natural,olmo,OLMo-2-1124-7B,22,14,-0.49217391304347824,0.014563449230153696,24,0.15534345845497277
natural,olmo,OLMo-2-1124-7B,25,10,-0.47913043478260864,0.01784227838501129,24,0.18417835752269718
natural,olmo,OLMo-2-1124-7B,23,11,-0.4765217391304347,0.018565115014353994,24,0.18482519919864845
natural,olmo,OLMo-2-1124-7B,22,26,-0.47478260869565214,0.019060098667360623,24,0.18482519919864845
natural,olmo,OLMo-2-1124-7B,29,13,-0.4669565217391304,0.021421931678215295,24,0.20093855601528365
natural,olmo,OLMo-2-1124-7B,25,17,-0.4539130434782608,0.025880265803651995,24,0.2300468071435733
natural,olmo,OLMo-2-1124-7B,25,4,-0.4452173913043478,0.029245989362288137,24,0.24628201568242644
natural,olmo,OLMo-2-1124-7B,26,21,-0.44,0.03142771515017861,24,0.25786843200146553
natural,olmo,OLMo-2-1124-7B,30,3,-0.4278260869565217,0.03702422793856046,24,0.28511961886502984
natural,olmo,OLMo-2-1124-7B,28,13,-0.4252173913043478,0.03832022472876961,24,0.28511961886502984
natural,olmo,OLMo-2-1124-7B,29,26,-0.4243478260869564,0.038760097639367115,24,0.28511961886502984
natural,olmo,OLMo-2-1124-7B,26,13,-0.4234782608695652,0.03920394759394161,24,0.28511961886502984
natural,olmo,OLMo-2-1124-7B,24,22,-0.4156521739130434,0.043381548380330745,24,0.29899435933211765
natural,olmo,OLMo-2-1124-7B,27,13,-0.41478260869565214,0.04386649848070579,24,0.29899435933211765
natural,olmo,OLMo-2-1124-7B,22,20,-0.4139130434782608,0.044355692190527395,24,0.29899435933211765
natural,olmo,OLMo-2-1124-7B,23,19,-0.4130434782608695,0.04484915389981765,24,0.29899435933211765
natural,olmo,OLMo-2-1124-7B,22,18,-0.4104347826086956,0.04635539124201927,24,0.30272908566216666
natural,olmo,OLMo-2-1124-7B,27,12,-0.40347826086956523,0.05056591564642584,24,0.3236218601371254
natural,olmo,OLMo-2-1124-7B,22,5,-0.3878260869565217,0.06112631008008123,24,0.3690645136910565
natural,olmo,OLMo-2-1124-7B,26,7,-0.38608695652173913,0.06239715956765035,24,0.36976094558607614
natural,olmo,OLMo-2-1124-7B,30,17,-0.3817391304347826,0.06566315225644624,24,0.3749919905650841
natural,olmo,OLMo-2-1124-7B,31,30,-0.3817391304347826,0.06566315225644624,24,0.3749919905650841
natural,olmo,OLMo-2-1124-7B,28,26,-0.3782608695652173,0.06836896832220618,24,0.3749919905650841
natural,olmo,OLMo-2-1124-7B,22,3,-0.37739130434782603,0.06905854527666128,24,0.3749919905650841
natural,olmo,OLMo-2-1124-7B,24,8,-0.3756521739130434,0.07045361689375702,24,0.3749919905650841
natural,olmo,OLMo-2-1124-7B,29,17,-0.37478260869565216,0.07115916006574712,24,0.3749919905650841
natural,olmo,OLMo-2-1124-7B,24,24,-0.3695652173913043,0.07550604515168588,24,0.3749919905650841
natural,olmo,OLMo-2-1124-7B,24,4,-0.368695652173913,0.0762496884790825,24,0.3749919905650841
natural,olmo,OLMo-2-1124-7B,28,23,-0.3678260869565217,0.07699887080183039,24,0.3749919905650841
natural,olmo,OLMo-2-1124-7B,23,20,-0.3660869565217391,0.07851394802456449,24,0.3749919905650841
natural,olmo,OLMo-2-1124-7B,25,21,-0.36347826086956525,0.08082870259888666,24,0.3784886697110796
natural,olmo,OLMo-2-1124-7B,30,31,-0.36260869565217385,0.08161161940645154,24,0.3784886697110796
natural,olmo,OLMo-2-1124-7B,25,27,-0.35826086956521735,0.08561225508651164,24,0.3895425659555452
natural,olmo,OLMo-2-1124-7B,30,18,-0.35739130434782607,0.0864297568213866,24,0.3895425659555452
natural,olmo,OLMo-2-1124-7B,29,21,-0.34956521739130436,0.0940531188359595,24,0.4093469040856616
natural,olmo,OLMo-2-1124-7B,25,14,-0.3460869565217391,0.09759766185158254,24,0.4093469040856616
natural,olmo,OLMo-2-1124-7B,26,2,-0.34521739130434775,0.09849909879561232,24,0.4093469040856616
natural,olmo,OLMo-2-1124-7B,22,0,-0.3417391304347826,0.10216672120818251,24,0.41761703741255823
natural,olmo,OLMo-2-1124-7B,26,24,-0.33739130434782605,0.10689212043935849,24,0.4222898585258607
natural,olmo,OLMo-2-1124-7B,25,28,-0.33391304347826084,0.11078683255713417,24,0.432338858759548
natural,olmo,OLMo-2-1124-7B,23,1,-0.3313043478260869,0.11377549347480266,24,0.4334304513325816
natural,olmo,OLMo-2-1124-7B,24,9,-0.32956521739130434,0.11580045288804089,24,0.4359546461667422
natural,olmo,OLMo-2-1124-7B,24,17,-0.32434782608695645,0.12203323885388005,24,0.44375723219592744
natural,olmo,OLMo-2-1124-7B,24,1,-0.32260869565217387,0.12416401155590813,24,0.44420796213014835
natural,olmo,OLMo-2-1124-7B,29,25,-0.3208695652173913,0.12632163923076095,24,0.44420796213014835
natural,olmo,OLMo-2-1124-7B,26,28,-0.31652173913043474,0.13183422455052596,24,0.452620298005537
natural,olmo,OLMo-2-1124-7B,30,24,-0.31304347826086953,0.13636745841746561,24,0.45366772648954606
natural,olmo,OLMo-2-1124-7B,30,6,-0.30347826086956514,0.14940850037488196,24,0.48293656686830533
natural,olmo,OLMo-2-1124-7B,27,9,-0.29739130434782607,0.15815426059539578,24,0.5060936339052665
natural,olmo,OLMo-2-1124-7B,26,5,-0.29478260869565215,0.16201059639566906,24,0.5105613423559823
natural,olmo,OLMo-2-1124-7B,27,5,-0.29304347826086957,0.16461785270058832,24,0.5105613423559823
natural,olmo,OLMo-2-1124-7B,24,19,-0.29217391304347823,0.16593243626569426,24,0.5105613423559823
natural,olmo,OLMo-2-1124-7B,24,11,-0.2904347826086956,0.16858358873548324,24,0.5137785561462346
natural,olmo,OLMo-2-1124-7B,28,7,-0.2869565217391304,0.1739742419036643,24,0.5187933036294857
natural,olmo,OLMo-2-1124-7B,22,27,-0.28521739130434776,0.17671396904879358,24,0.5187933036294857
natural,olmo,OLMo-2-1124-7B,28,28,-0.2826086956521739,0.1808793683193114,24,0.526194526019815
natural,olmo,OLMo-2-1124-7B,30,14,-0.28086956521739126,0.1836936608986879,24,0.52956731069892
natural,olmo,OLMo-2-1124-7B,27,11,-0.2791304347826086,0.18653796075704562,24,0.5329656021629875
natural,olmo,OLMo-2-1124-7B,30,19,-0.2756521739130435,0.19231697608300116,24,0.544614445544782
natural,olmo,OLMo-2-1124-7B,23,23,-0.2713043478260869,0.19971124015805522,24,0.5605929548296287
natural,olmo,OLMo-2-1124-7B,28,14,-0.2652173913043478,0.2103838978731484,24,0.573528453595675
natural,olmo,OLMo-2-1124-7B,25,13,-0.2643478260869565,0.21193927878705082,24,0.573528453595675
natural,olmo,OLMo-2-1124-7B,31,28,-0.2643478260869565,0.21193927878705082,24,0.573528453595675
natural,olmo,OLMo-2-1124-7B,29,11,-0.26347826086956516,0.21350236658523813,24,0.573528453595675
natural,olmo,OLMo-2-1124-7B,29,16,-0.2582608695652174,0.22304321813179345,24,0.5787887900330259
natural,olmo,OLMo-2-1124-7B,23,15,-0.25652173913043474,0.22628553340548088,24,0.5787887900330259
natural,olmo,OLMo-2-1124-7B,28,24,-0.25478260869565217,0.22955896419421634,24,0.5787887900330259
natural,olmo,OLMo-2-1124-7B,28,11,-0.2539130434782608,0.23120736516745433,24,0.5787887900330259
natural,olmo,OLMo-2-1124-7B,28,4,-0.25217391304347825,0.2345275709216195,24,0.5787887900330259
natural,olmo,OLMo-2-1124-7B,29,27,-0.25130434782608696,0.23619938811607974,24,0.5787887900330259
natural,olmo,OLMo-2-1124-7B,29,29,-0.248695652173913,0.2412617668879545,24,0.5787887900330259
natural,olmo,OLMo-2-1124-7B,30,20,-0.2452173913043478,0.24812129907550184,24,0.5787887900330259
natural,olmo,OLMo-2-1124-7B,22,25,-0.24434782608695652,0.24985580217173986,24,0.5787887900330259
natural,olmo,OLMo-2-1124-7B,28,3,-0.24434782608695652,0.24985580217173986,24,0.5787887900330259
natural,olmo,OLMo-2-1124-7B,26,25,-0.24434782608695652,0.24985580217173986,24,0.5787887900330259
natural,olmo,OLMo-2-1124-7B,22,7,-0.2434782608695652,0.25159816184284284,24,0.5787887900330259
natural,olmo,OLMo-2-1124-7B,27,27,-0.24260869565217388,0.25334838197246135,24,0.5787887900330259
natural,olmo,OLMo-2-1124-7B,31,22,-0.24086956521739128,0.2568724180084135,24,0.5787887900330259
natural,olmo,OLMo-2-1124-7B,22,16,-0.24,0.25864624054600843,24,0.5787887900330259
natural,olmo,OLMo-2-1124-7B,22,22,-0.24,0.25864624054600843,24,0.5787887900330259
natural,olmo,OLMo-2-1124-7B,25,0,-0.23304347826086955,0.27312047592983046,24,0.6027486365347983
natural,olmo,OLMo-2-1124-7B,31,19,-0.23043478260869563,0.27867844240498885,24,0.610802065545181
natural,olmo,OLMo-2-1124-7B,22,12,-0.22347826086956518,0.2938468714348546,24,0.6396666589058059
natural,olmo,OLMo-2-1124-7B,23,7,-0.2217391304347826,0.29771785747175966,24,0.6434567905020621
natural,olmo,OLMo-2-1124-7B,31,17,-0.22,0.3016203705478416,24,0.6434567905020621
natural,olmo,OLMo-2-1124-7B,30,8,-0.22,0.3016203705478416,24,0.6434567905020621
natural,olmo,OLMo-2-1124-7B,24,14,-0.21478260869565213,0.31351686150284375,24,0.6642676435611485
natural,olmo,OLMo-2-1124-7B,25,11,-0.21391304347826084,0.3155271306915456,24,0.6642676435611485
natural,olmo,OLMo-2-1124-7B,25,1,-0.2069565217391304,0.3318915676831471,24,0.6892377039758993
natural,olmo,OLMo-2-1124-7B,29,20,-0.19999999999999998,0.34875573272354543,24,0.7063407245033831
natural,olmo,OLMo-2-1124-7B,25,2,-0.1973913043478261,0.3552078904108176,24,0.7148838046003876
natural,olmo,OLMo-2-1124-7B,27,22,-0.19217391304347822,0.3683204887556274,24,0.7229908422828158
natural,olmo,OLMo-2-1124-7B,30,28,-0.19217391304347822,0.3683204887556274,24,0.7229908422828158
natural,olmo,OLMo-2-1124-7B,22,31,-0.19130434782608693,0.37053280666994315,24,0.7229908422828158
natural,olmo,OLMo-2-1124-7B,22,17,-0.18608695652173912,0.38396703397174836,24,0.7442840106268289
natural,olmo,OLMo-2-1124-7B,26,30,-0.1826086956521739,0.393074993112294,24,0.7442840106268289
natural,olmo,OLMo-2-1124-7B,28,27,-0.17652173913043476,0.4093032847915006,24,0.77016415314415
natural,olmo,OLMo-2-1124-7B,23,14,-0.17565217391304347,0.41165144697505396,24,0.77016415314415
natural,olmo,OLMo-2-1124-7B,22,13,-0.17478260869565218,0.41400702240858334,24,0.77016415314415
natural,olmo,OLMo-2-1124-7B,31,31,-0.17130434782608694,0.42350313678440454,24,0.7788563435115485
natural,olmo,OLMo-2-1124-7B,31,24,-0.1643478260869565,0.4428461512393397,24,0.7829324220806005
natural,olmo,OLMo-2-1124-7B,26,27,-0.1643478260869565,0.4428461512393397,24,0.7829324220806005
natural,olmo,OLMo-2-1124-7B,29,7,-0.15739130434782608,0.46264909166367674,24,0.8134489523756953
natural,olmo,OLMo-2-1124-7B,31,16,-0.15565217391304348,0.46767051016381667,24,0.8177247079543477
natural,olmo,OLMo-2-1124-7B,27,30,-0.15478260869565216,0.4701917070737499,24,0.8177247079543477
natural,olmo,OLMo-2-1124-7B,23,25,-0.15130434782608695,0.4803459029793672,24,0.8219603273595198
natural,olmo,OLMo-2-1124-7B,22,9,-0.15130434782608695,0.4803459029793672,24,0.8219603273595198
natural,olmo,OLMo-2-1124-7B,27,25,-0.15043478260869564,0.48290169232371793,24,0.8219603273595198
natural,olmo,OLMo-2-1124-7B,24,5,-0.14869565217391303,0.48803379955072457,24,0.8263006129959357
natural,olmo,OLMo-2-1124-7B,26,0,-0.1469565217391304,0.4931931221106659,24,0.8263632434277315
natural,olmo,OLMo-2-1124-7B,24,13,-0.1452173913043478,0.4983794692456114,24,0.8263632434277315
natural,olmo,OLMo-2-1124-7B,29,9,-0.1443478260869565,0.5009827163280622,24,0.8263632434277315
natural,olmo,OLMo-2-1124-7B,31,0,-0.1417391304347826,0.5088324543263878,24,0.8307468642063475
natural,olmo,OLMo-2-1124-7B,24,18,-0.13826086956521738,0.5193911494591459,24,0.8394200395299328
natural,olmo,OLMo-2-1124-7B,28,29,-0.13478260869565215,0.5300538865453848,24,0.8442051674526484
natural,olmo,OLMo-2-1124-7B,24,28,-0.13391304347826086,0.5327356259700111,24,0.8442051674526484
natural,olmo,OLMo-2-1124-7B,31,11,-0.13217391304347825,0.5381181783911482,24,0.8442051674526484
natural,olmo,OLMo-2-1124-7B,29,12,-0.13043478260869562,0.5435259752175851,24,0.8443121945127535
natural,olmo,OLMo-2-1124-7B,27,1,-0.1252173913043478,0.559898535790483,24,0.8572609160428448
natural,olmo,OLMo-2-1124-7B,27,0,-0.1226086956521739,0.5681672657020507,24,0.8657786905936009
natural,olmo,OLMo-2-1124-7B,28,5,-0.11826086956521738,0.5820677933682575,24,0.8747826916842091
natural,olmo,OLMo-2-1124-7B,27,6,-0.11652173913043477,0.587669032951115,24,0.8747826916842091
natural,olmo,OLMo-2-1124-7B,24,0,-0.10695652173913042,0.6188809974331805,24,0.9084491705441181
natural,olmo,OLMo-2-1124-7B,25,30,-0.10695652173913042,0.6188809974331805,24,0.9084491705441181
natural,olmo,OLMo-2-1124-7B,28,6,-0.1060869565217391,0.6217515088671185,24,0.9084953554222736
natural,olmo,OLMo-2-1124-7B,26,31,-0.10521739130434782,0.6246273816458914,24,0.9085489187576601
natural,olmo,OLMo-2-1124-7B,23,28,-0.09913043478260869,0.6449056390307348,24,0.9215518058559082
natural,olmo,OLMo-2-1124-7B,29,0,-0.09739130434782609,0.6507456469889163,24,0.9215518058559082
natural,olmo,OLMo-2-1124-7B,24,10,-0.09565217391304347,0.6566056616723346,24,0.9215518058559082
natural,olmo,OLMo-2-1124-7B,28,18,-0.09565217391304347,0.6566056616723346,24,0.9215518058559082
natural,olmo,OLMo-2-1124-7B,24,31,-0.09217391304347824,0.6683845191595212,24,0.9263935853760071
natural,olmo,OLMo-2-1124-7B,27,17,-0.08869565217391304,0.6802397967489955,24,0.9263935853760071
natural,olmo,OLMo-2-1124-7B,31,21,-0.08782608695652173,0.6832152692148052,24,0.9263935853760071
natural,olmo,OLMo-2-1124-7B,27,16,-0.08782608695652173,0.6832152692148052,24,0.9263935853760071
natural,olmo,OLMo-2-1124-7B,23,27,-0.08434782608695651,0.6951626031358499,24,0.9307616443659915
natural,olmo,OLMo-2-1124-7B,28,0,-0.07913043478260869,0.7132155791016112,24,0.935496216164686
natural,olmo,OLMo-2-1124-7B,30,11,-0.07913043478260869,0.7132155791016112,24,0.935496216164686
natural,olmo,OLMo-2-1124-7B,23,21,-0.07826086956521738,0.7162392905010877,24,0.935496216164686
natural,olmo,OLMo-2-1124-7B,28,15,-0.07826086956521738,0.7162392905010877,24,0.935496216164686
natural,olmo,OLMo-2-1124-7B,22,4,-0.07652173913043478,0.7222991032128186,24,0.9395760692199268
natural,olmo,OLMo-2-1124-7B,25,18,-0.07565217391304348,0.7253351223309568,24,0.9397054216433448
natural,olmo,OLMo-2-1124-7B,26,6,-0.07304347826086956,0.7344671341768292,24,0.943893505769419
natural,olmo,OLMo-2-1124-7B,24,29,-0.07130434782608694,0.7405746871767942,24,0.9441589637313711
natural,olmo,OLMo-2-1124-7B,27,19,-0.06956521739130435,0.7466974841785088,24,0.9444395056803274
natural,olmo,OLMo-2-1124-7B,24,16,-0.06782608695652173,0.7528351863688199,24,0.9447343515216563
natural,olmo,OLMo-2-1124-7B,31,8,-0.06695652173913043,0.7559095203776366,24,0.9448869004720457
natural,olmo,OLMo-2-1124-7B,25,16,-0.06521739130434781,0.7620689398781239,24,0.9452017858953474
natural,olmo,OLMo-2-1124-7B,23,26,-0.06173913043478261,0.7744295754905792,24,0.9534413380841672
natural,olmo,OLMo-2-1124-7B,26,15,-0.0608695652173913,0.7775281884531549,24,0.9534413380841672
natural,olmo,OLMo-2-1124-7B,25,25,-0.06,0.7806300955564118,24,0.9534413380841672
natural,olmo,OLMo-2-1124-7B,29,18,-0.05913043478260869,0.783735252825447,24,0.9535942239701256
natural,olmo,OLMo-2-1124-7B,28,10,-0.05304347826086955,0.8055586374612034,24,0.9654635355340265
natural,olmo,OLMo-2-1124-7B,23,29,-0.05217391304347826,0.8086881976469136,24,0.9655978479366133
natural,olmo,OLMo-2-1124-7B,30,0,-0.049565217391304345,0.8180937896030709,24,0.9731970731337647
natural,olmo,OLMo-2-1124-7B,31,9,-0.04869565217391304,0.8212344730022532,24,0.9733149309656334
natural,olmo,OLMo-2-1124-7B,30,27,-0.04521739130434782,0.8338234219848106,24,0.9740066034289804
natural,olmo,OLMo-2-1124-7B,24,2,-0.04,0.8527804394339904,24,0.9740066034289804
natural,olmo,OLMo-2-1124-7B,22,11,-0.03913043478260869,0.855947935071337,24,0.9740066034289804
natural,olmo,OLMo-2-1124-7B,22,8,-0.03652173913043478,0.8654631927363388,24,0.9740066034289804
natural,olmo,OLMo-2-1124-7B,30,16,-0.03652173913043478,0.8654631927363388,24,0.9740066034289804
natural,olmo,OLMo-2-1124-7B,26,1,-0.034782608695652174,0.8718168719786574,24,0.9740066034289804
natural,olmo,OLMo-2-1124-7B,29,8,-0.03217391304347826,0.8813617120284872,24,0.9740066034289804
natural,olmo,OLMo-2-1124-7B,22,15,-0.03217391304347826,0.8813617120284872,24,0.9740066034289804
natural,olmo,OLMo-2-1124-7B,31,12,-0.03043478260869565,0.8877339355759605,24,0.9740066034289804
natural,olmo,OLMo-2-1124-7B,26,19,-0.029565217391304344,0.8909226043767046,24,0.9740066034289804
natural,olmo,OLMo-2-1124-7B,25,23,-0.029565217391304344,0.8909226043767046,24,0.9740066034289804
natural,olmo,OLMo-2-1124-7B,22,29,-0.02869565217391304,0.8941129145750657,24,0.9740066034289804
natural,olmo,OLMo-2-1124-7B,30,29,-0.02695652173913043,0.9004982689028822,24,0.9740066034289804
natural,olmo,OLMo-2-1124-7B,26,3,-0.02608695652173913,0.903693217741266,24,0.9740066034289804
natural,olmo,OLMo-2-1124-7B,23,24,-0.02434782608695652,0.9100874200789535,24,0.9740066034289804
natural,olmo,OLMo-2-1124-7B,28,22,-0.020869565217391303,0.9228917031216202,24,0.9830503603321556
natural,olmo,OLMo-2-1124-7B,24,20,-0.01652173913043478,0.9389228669455103,24,0.9830503603321556
natural,olmo,OLMo-2-1124-7B,27,7,-0.013043478260869565,0.9517646868003002,24,0.9830503603321556
natural,olmo,OLMo-2-1124-7B,24,15,-0.013043478260869565,0.9517646868003002,24,0.9830503603321556
natural,olmo,OLMo-2-1124-7B,26,22,-0.013043478260869565,0.9517646868003002,24,0.9830503603321556
natural,olmo,OLMo-2-1124-7B,30,10,-0.011304347826086955,0.958190162801108,24,0.9830503603321556
natural,olmo,OLMo-2-1124-7B,26,20,-0.010434782608695651,0.9614038727773804,24,0.9830503603321556
natural,olmo,OLMo-2-1124-7B,25,15,-0.010434782608695651,0.9614038727773804,24,0.9830503603321556
natural,olmo,OLMo-2-1124-7B,23,22,-0.009565217391304347,0.9646181660759277,24,0.9830503603321556
natural,olmo,OLMo-2-1124-7B,25,6,-0.009565217391304347,0.9646181660759277,24,0.9830503603321556
natural,olmo,OLMo-2-1124-7B,26,23,-0.009565217391304347,0.9646181660759277,24,0.9830503603321556
natural,olmo,OLMo-2-1124-7B,27,8,-0.00608695652173913,0.9774802016477158,24,0.9898533687571804
natural,olmo,OLMo-2-1124-7B,29,1,-0.003478260869565217,0.9871304734643621,24,0.9902249263592346
natural,olmo,OLMo-2-1124-7B,30,2,-0.0017391304347826085,0.9935650421080594,24,0.9935650421080593
natural,olmo,OLMo-2-1124-7B,23,31,0.004347826086956522,0.9839134567350358,24,0.9901015916830549
natural,olmo,OLMo-2-1124-7B,29,28,0.005217391304347826,0.9806966832535792,24,0.9899777244200169
natural,olmo,OLMo-2-1124-7B,29,22,0.00608695652173913,0.9774802016477158,24,0.9898533687571804
natural,olmo,OLMo-2-1124-7B,26,10,0.013043478260869565,0.9517646868003002,24,0.9830503603321556
natural,olmo,OLMo-2-1124-7B,27,3,0.013913043478260868,0.9485530177017847,24,0.9830503603321556
natural,olmo,OLMo-2-1124-7B,27,31,0.015652173913043476,0.9421320594035385,24,0.9830503603321556
natural,olmo,OLMo-2-1124-7B,27,26,0.01652173913043478,0.9389228669455103,24,0.9830503603321556
natural,olmo,OLMo-2-1124-7B,23,3,0.02434782608695652,0.9100874200789535,24,0.9740066034289804
natural,olmo,OLMo-2-1124-7B,23,10,0.025217391304347827,0.9068896173989752,24,0.9740066034289804
natural,olmo,OLMo-2-1124-7B,26,4,0.025217391304347827,0.9068896173989752,24,0.9740066034289804
natural,olmo,OLMo-2-1124-7B,25,20,0.02695652173913043,0.9004982689028822,24,0.9740066034289804
natural,olmo,OLMo-2-1124-7B,24,3,0.02869565217391304,0.8941129145750657,24,0.9740066034289804
natural,olmo,OLMo-2-1124-7B,22,19,0.029565217391304344,0.8909226043767046,24,0.9740066034289804
natural,olmo,OLMo-2-1124-7B,27,23,0.03043478260869565,0.8877339355759605,24,0.9740066034289804
natural,olmo,OLMo-2-1124-7B,31,15,0.03304347826086956,0.8781782520387229,24,0.9740066034289804
natural,olmo,OLMo-2-1124-7B,30,1,0.03652173913043478,0.8654631927363388,24,0.9740066034289804
natural,olmo,OLMo-2-1124-7B,22,21,0.03913043478260869,0.855947935071337,24,0.9740066034289804
natural,olmo,OLMo-2-1124-7B,29,19,0.041739130434782605,0.8464521133997218,24,0.9740066034289804
natural,olmo,OLMo-2-1124-7B,31,23,0.04347826086956521,0.8401329841149333,24,0.9740066034289804
natural,olmo,OLMo-2-1124-7B,28,20,0.04521739130434782,0.8338234219848106,24,0.9740066034289804
natural,olmo,OLMo-2-1124-7B,22,6,0.04608695652173912,0.8306723439322352,24,0.9740066034289804
natural,olmo,OLMo-2-1124-7B,29,30,0.05304347826086955,0.8055586374612034,24,0.9654635355340265
natural,olmo,OLMo-2-1124-7B,27,2,0.05391304347826086,0.8024319710844886,24,0.9654635355340265
natural,olmo,OLMo-2-1124-7B,23,4,0.05565217391304347,0.7961874995255513,24,0.9650757570006683
natural,olmo,OLMo-2-1124-7B,23,9,0.06,0.7806300955564118,24,0.9534413380841672
natural,olmo,OLMo-2-1124-7B,25,22,0.06608695652173913,0.7589874525518234,24,0.9450427424769786
natural,olmo,OLMo-2-1124-7B,28,25,0.06869565217391303,0.749764493394595,24,0.9445851885286237
natural,olmo,OLMo-2-1124-7B,25,8,0.06956521739130435,0.7466974841785088,24,0.9444395056803274
natural,olmo,OLMo-2-1124-7B,26,11,0.07217391304347825,0.7375189840952583,24,0.9440242996419306
natural,olmo,OLMo-2-1124-7B,28,16,0.07304347826086956,0.7344671341768292,24,0.943893505769419
natural,olmo,OLMo-2-1124-7B,31,1,0.08173913043478259,0.7041697144360882,24,0.934997131201445
natural,olmo,OLMo-2-1124-7B,22,30,0.08347826086956521,0.6981606006787421,24,0.9308808009049894
natural,olmo,OLMo-2-1124-7B,24,6,0.08521739130434783,0.692169031649988,24,0.9306474375125889
natural,olmo,OLMo-2-1124-7B,30,21,0.08608695652173912,0.6891799258775774,24,0.9305382965435645
natural,olmo,OLMo-2-1124-7B,25,3,0.08782608695652173,0.6832152692148052,24,0.9263935853760071
natural,olmo,OLMo-2-1124-7B,26,18,0.08956521739130434,0.6772689468428972,24,0.9263935853760071
natural,olmo,OLMo-2-1124-7B,28,21,0.09130434782608696,0.671341269564641,24,0.9263935853760071
natural,olmo,OLMo-2-1124-7B,31,29,0.09130434782608696,0.671341269564641,24,0.9263935853760071
natural,olmo,OLMo-2-1124-7B,26,17,0.09565217391304347,0.6566056616723346,24,0.9215518058559082
natural,olmo,OLMo-2-1124-7B,23,5,0.09565217391304347,0.6566056616723346,24,0.9215518058559082
natural,olmo,OLMo-2-1124-7B,24,12,0.09999999999999999,0.6419932296067883,24,0.9215518058559082
natural,olmo,OLMo-2-1124-7B,29,15,0.1026086956521739,0.6332868165639749,24,0.9169763859749862
natural,olmo,OLMo-2-1124-7B,27,4,0.11565217391304347,0.590478316886841,24,0.8747826916842091
natural,olmo,OLMo-2-1124-7B,31,27,0.11565217391304347,0.590478316886841,24,0.8747826916842091
natural,olmo,OLMo-2-1124-7B,23,8,0.11739130434782606,0.5848655143600632,24,0.8747826916842091
natural,olmo,OLMo-2-1124-7B,31,3,0.11913043478260868,0.579275902008125,24,0.8747826916842091
natural,olmo,OLMo-2-1124-7B,23,2,0.12782608695652173,0.5516845044816034,24,0.8487453915101592
natural,olmo,OLMo-2-1124-7B,27,10,0.12869565217391304,0.5489587886992762,24,0.848631943882939
natural,olmo,OLMo-2-1124-7B,27,14,0.13130434782608694,0.5408189353993529,24,0.8442051674526484
natural,olmo,OLMo-2-1124-7B,27,24,0.13130434782608694,0.5408189353993529,24,0.8442051674526484
natural,olmo,OLMo-2-1124-7B,24,27,0.13304347826086957,0.5354237325436195,24,0.8442051674526484
natural,olmo,OLMo-2-1124-7B,22,2,0.13391304347826086,0.5327356259700111,24,0.8442051674526484
natural,olmo,OLMo-2-1124-7B,29,4,0.13826086956521738,0.5193911494591459,24,0.8394200395299328
natural,olmo,OLMo-2-1124-7B,28,30,0.1434782608695652,0.5035926462175362,24,0.8264084450749312
natural,olmo,OLMo-2-1124-7B,28,9,0.1443478260869565,0.5009827163280622,24,0.8263632434277315
natural,olmo,OLMo-2-1124-7B,24,21,0.14608695652173911,0.4957829296843136,24,0.8263632434277315
natural,olmo,OLMo-2-1124-7B,30,23,0.15217391304347824,0.4777969871903097,24,0.8219603273595198
natural,olmo,OLMo-2-1124-7B,24,23,0.1652173913043478,0.4404029231283094,24,0.7829324220806005
natural,olmo,OLMo-2-1124-7B,26,16,0.16695652173913042,0.4355381053206143,24,0.7829324220806005
natural,olmo,OLMo-2-1124-7B,25,5,0.1678260869565217,0.4331165526494354,24,0.7829324220806005
natural,olmo,OLMo-2-1124-7B,24,25,0.16869565217391302,0.43070226172098125,24,0.7829324220806005
natural,olmo,OLMo-2-1124-7B,25,24,0.16869565217391302,0.43070226172098125,24,0.7829324220806005
natural,olmo,OLMo-2-1124-7B,26,29,0.17391304347826084,0.4163699952935561,24,0.77016415314415
natural,olmo,OLMo-2-1124-7B,28,2,0.1826086956521739,0.393074993112294,24,0.7442840106268289
natural,olmo,OLMo-2-1124-7B,31,5,0.1843478260869565,0.3885058997417008,24,0.7442840106268289
natural,olmo,OLMo-2-1124-7B,26,9,0.18521739130434778,0.38623268190217497,24,0.7442840106268289
natural,olmo,OLMo-2-1124-7B,31,25,0.19130434782608693,0.37053280666994315,24,0.7229908422828158
natural,olmo,OLMo-2-1124-7B,29,3,0.19565217391304346,0.3595479632342291,24,0.7190959264684582
natural,olmo,OLMo-2-1124-7B,30,26,0.20434782608695648,0.33815724851317563,24,0.6892377039758993
natural,olmo,OLMo-2-1124-7B,23,16,0.20434782608695648,0.33815724851317563,24,0.6892377039758993
natural,olmo,OLMo-2-1124-7B,26,14,0.2052173913043478,0.3360608896745527,24,0.6892377039758993
natural,olmo,OLMo-2-1124-7B,29,10,0.21043478260869564,0.3236466869695016,24,0.6769081034656242
natural,olmo,OLMo-2-1124-7B,30,12,0.23304347826086955,0.27312047592983046,24,0.6027486365347983
natural,olmo,OLMo-2-1124-7B,22,23,0.24086956521739128,0.2568724180084135,24,0.5787887900330259
natural,olmo,OLMo-2-1124-7B,26,8,0.2417391304347826,0.2551064662177336,24,0.5787887900330259
natural,olmo,OLMo-2-1124-7B,24,26,0.2452173913043478,0.24812129907550184,24,0.5787887900330259
natural,olmo,OLMo-2-1124-7B,31,14,0.24608695652173912,0.2463946484448484,24,0.5787887900330259
natural,olmo,OLMo-2-1124-7B,25,26,0.2495652173913043,0.2395664805456788,24,0.5787887900330259
natural,olmo,OLMo-2-1124-7B,31,26,0.2495652173913043,0.2395664805456788,24,0.5787887900330259
natural,olmo,OLMo-2-1124-7B,29,5,0.2573913043478261,0.22466048988773962,24,0.5787887900330259
natural,olmo,OLMo-2-1124-7B,28,17,0.2626086956521739,0.21507317009837812,24,0.573528453595675
natural,olmo,OLMo-2-1124-7B,25,12,0.2678260869565217,0.20576390509564657,24,0.5725604315704949
natural,olmo,OLMo-2-1124-7B,23,18,0.28521739130434776,0.17671396904879358,24,0.5187933036294857
natural,olmo,OLMo-2-1124-7B,30,9,0.28782608695652173,0.17261549938271942,24,0.5187933036294857
natural,olmo,OLMo-2-1124-7B,28,19,0.2939130434782608,0.1633105777659174,24,0.5105613423559823
natural,olmo,OLMo-2-1124-7B,29,31,0.30347826086956514,0.14940850037488196,24,0.48293656686830533
natural,olmo,OLMo-2-1124-7B,31,4,0.3121739130434782,0.13751802959214365,24,0.45366772648954606
natural,olmo,OLMo-2-1124-7B,31,2,0.3139130434782608,0.13522381083434734,24,0.45366772648954606
natural,olmo,OLMo-2-1124-7B,27,18,0.31565217391304345,0.13295721253912648,24,0.452620298005537
natural,olmo,OLMo-2-1124-7B,29,2,0.31913043478260866,0.12850627888142294,24,0.4469783613266885
natural,olmo,OLMo-2-1124-7B,22,10,0.3208695652173913,0.12632163923076095,24,0.44420796213014835
natural,olmo,OLMo-2-1124-7B,29,6,0.32608695652173914,0.11992916225916488,24,0.4411187577348593
natural,olmo,OLMo-2-1124-7B,31,6,0.3278260869565217,0.11785162108888597,24,0.43851765986562224
natural,olmo,OLMo-2-1124-7B,28,1,0.3313043478260869,0.11377549347480266,24,0.4334304513325816
natural,olmo,OLMo-2-1124-7B,27,15,0.33739130434782605,0.10689212043935849,24,0.4222898585258607
natural,olmo,OLMo-2-1124-7B,25,9,0.3408695652173913,0.10309920611122532,24,0.41761703741255823
natural,olmo,OLMo-2-1124-7B,30,15,0.3460869565217391,0.09759766185158254,24,0.4093469040856616
natural,olmo,OLMo-2-1124-7B,27,21,0.3460869565217391,0.09759766185158254,24,0.4093469040856616
natural,olmo,OLMo-2-1124-7B,31,7,0.3539130434782608,0.08975845608982283,24,0.3989264715103237
natural,olmo,OLMo-2-1124-7B,25,29,0.36695652173913035,0.07775361602859569,24,0.3749919905650841
natural,olmo,OLMo-2-1124-7B,30,30,0.37217391304347824,0.07330810943110252,24,0.3749919905650841
natural,olmo,OLMo-2-1124-7B,24,7,0.37217391304347824,0.07330810943110252,24,0.3749919905650841
natural,olmo,OLMo-2-1124-7B,30,4,0.39652173913043476,0.05506841408516782,24,0.33888254821641733
natural,olmo,OLMo-2-1124-7B,30,25,0.39826086956521733,0.05391472845659877,24,0.33828849227669816
natural,olmo,OLMo-2-1124-7B,24,30,0.437391304347826,0.0325661934420119,24,0.2605295475360952
natural,olmo,OLMo-2-1124-7B,28,12,0.4460869565217391,0.028894442765709728,24,0.24628201568242644
natural,olmo,OLMo-2-1124-7B,27,20,0.4652173913043478,0.02197765456417165,24,0.20093855601528365
natural,olmo,OLMo-2-1124-7B,30,22,0.5034782608695652,0.012137275539587173,24,0.13584799227930738
natural,olmo,OLMo-2-1124-7B,29,23,0.5191304347826087,0.009336095584399826,24,0.12448127445866435
natural,olmo,OLMo-2-1124-7B,31,13,0.5452173913043478,0.005863442846778438,24,0.0984441067171262
natural,olmo,OLMo-2-1124-7B,25,31,0.5469565217391303,0.005676965428637728,24,0.0984441067171262
natural,olmo,OLMo-2-1124-7B,27,28,0.5860869565217391,0.0026160096152165265,24,0.08682264635362179
natural,olmo,OLMo-2-1124-7B,26,26,0.5930434782608696,0.002256205841038741,24,0.08682264635362179
natural,olmo,OLMo-2-1124-7B,28,8,0.5991304347826086,0.001976792001481573,24,0.08682264635362179
natural,olmo,OLMo-2-1124-7B,29,24,0.6252173913043478,0.0010876485622887484,24,0.08682264635362179
natural,olmo,OLMo-2-1124-7B,25,7,0.6365217391304347,0.0008256547775658431,24,0.08682264635362179
natural,pythia,pythia-12b,26,37,-0.6852173913043478,0.00022013984529677285,24,
natural,pythia,pythia-12b,34,36,-0.6547826086956522,0.000516719100681465,24,
natural,pythia,pythia-12b,30,13,-0.58,0.002969699186636186,24,
natural,pythia,pythia-12b,29,6,-0.5747826086956522,0.003304331825036474,24,
natural,pythia,pythia-12b,33,9,-0.557391304347826,0.004659335734393889,24,
natural,pythia,pythia-12b,32,19,-0.5556521739130434,0.004817401046333093,24,
natural,pythia,pythia-12b,29,3,-0.5452173913043478,0.005863442846778438,24,
natural,pythia,pythia-12b,32,9,-0.5434782608695652,0.006055021007749128,24,
natural,pythia,pythia-12b,30,4,-0.5426086956521738,0.006152756669820387,24,
natural,pythia,pythia-12b,28,7,-0.5417391304347825,0.006251808267606682,24,
natural,pythia,pythia-12b,31,12,-0.5321739130434783,0.007432234862799776,24,
natural,pythia,pythia-12b,32,7,-0.5313043478260869,0.00754817909858789,24,
natural,pythia,pythia-12b,35,36,-0.5313043478260869,0.00754817909858789,24,
natural,pythia,pythia-12b,29,11,-0.5226086956521738,0.008792755659654788,24,
natural,pythia,pythia-12b,25,33,-0.5130434782608695,0.010353828161824782,24,
natural,pythia,pythia-12b,25,22,-0.5113043478260869,0.010660889916722198,24,
natural,pythia,pythia-12b,32,18,-0.508695652173913,0.011135557260269265,24,
natural,pythia,pythia-12b,32,23,-0.5034782608695652,0.012137275539587173,24,
natural,pythia,pythia-12b,25,18,-0.49304347826086947,0.014363733768170055,24,
natural,pythia,pythia-12b,31,19,-0.48956521739130426,0.015176284460359705,24,
natural,pythia,pythia-12b,34,2,-0.47913043478260864,0.01784227838501129,24,
natural,pythia,pythia-12b,29,34,-0.47478260869565214,0.019060098667360623,24,
natural,pythia,pythia-12b,34,13,-0.4730434782608695,0.01956574865505622,24,
natural,pythia,pythia-12b,30,29,-0.45999999999999996,0.023715087669870637,24,
natural,pythia,pythia-12b,33,19,-0.4504347826086956,0.027187078784635655,24,
natural,pythia,pythia-12b,33,26,-0.4504347826086956,0.027187078784635655,24,
natural,pythia,pythia-12b,25,36,-0.4452173913043478,0.029245989362288137,24,
natural,pythia,pythia-12b,25,32,-0.44434782608695644,0.029600947331116845,24,
natural,pythia,pythia-12b,31,26,-0.4408695652173913,0.031055354027520514,24,
natural,pythia,pythia-12b,27,38,-0.4408695652173913,0.031055354027520514,24,
natural,pythia,pythia-12b,29,28,-0.4408695652173913,0.031055354027520514,24,
natural,pythia,pythia-12b,28,10,-0.4382608695652173,0.032183111503461904,24,
natural,pythia,pythia-12b,31,11,-0.43478260869565216,0.033737255575550164,24,
natural,pythia,pythia-12b,34,20,-0.4339130434782608,0.0341349601326374,24,
natural,pythia,pythia-12b,25,35,-0.42,0.0410196000141129,24,
natural,pythia,pythia-12b,24,14,-0.40782608695652167,0.04790092056917202,24,
natural,pythia,pythia-12b,34,5,-0.40695652173913033,0.04842494287210425,24,
natural,pythia,pythia-12b,30,31,-0.4060869565217391,0.04895342898055785,24,
natural,pythia,pythia-12b,30,2,-0.40434782608695646,0.0500238908057655,24,
natural,pythia,pythia-12b,26,30,-0.40086956521739125,0.05221946082129628,24,
natural,pythia,pythia-12b,33,23,-0.39999999999999997,0.05277988140256792,24,
natural,pythia,pythia-12b,31,14,-0.39826086956521733,0.05391472845659877,24,
natural,pythia,pythia-12b,30,17,-0.39826086956521733,0.05391472845659877,24,
natural,pythia,pythia-12b,24,23,-0.3956521739130434,0.05565238288922824,24,
natural,pythia,pythia-12b,26,2,-0.38608695652173913,0.06239715956765035,24,
natural,pythia,pythia-12b,25,30,-0.3852173913043478,0.06304015267072925,24,
natural,pythia,pythia-12b,27,19,-0.3834782608695652,0.06434139809221918,24,
natural,pythia,pythia-12b,27,21,-0.37652173913043474,0.06975342004393108,24,
natural,pythia,pythia-12b,31,38,-0.37304347826086953,0.0725863821760811,24,
natural,pythia,pythia-12b,32,4,-0.368695652173913,0.0762496884790825,24,
natural,pythia,pythia-12b,32,3,-0.36695652173913035,0.07775361602859569,24,
natural,pythia,pythia-12b,35,38,-0.35913043478260864,0.08480057608167493,24,
natural,pythia,pythia-12b,26,39,-0.35913043478260864,0.08480057608167493,24,
natural,pythia,pythia-12b,28,24,-0.35739130434782607,0.0864297568213866,24,
natural,pythia,pythia-12b,26,20,-0.35739130434782607,0.0864297568213866,24,
natural,pythia,pythia-12b,28,34,-0.3478260869565217,0.09581319432361446,24,
natural,pythia,pythia-12b,31,35,-0.34347826086956523,0.10032049069469841,24,
natural,pythia,pythia-12b,35,29,-0.34224159787105884,0.10163074870903084,24,
natural,pythia,pythia-12b,27,3,-0.3417391304347826,0.10216672120818251,24,
natural,pythia,pythia-12b,29,0,-0.3391304347826086,0.10498302480093245,24,
natural,pythia,pythia-12b,24,34,-0.3391304347826086,0.10498302480093245,24,
natural,pythia,pythia-12b,24,2,-0.33739130434782605,0.10689212043935849,24,
natural,pythia,pythia-12b,27,18,-0.33739130434782605,0.10689212043935849,24,
natural,pythia,pythia-12b,33,38,-0.33652173913043476,0.10785620119274736,24,
natural,pythia,pythia-12b,26,35,-0.3313043478260869,0.11377549347480266,24,
natural,pythia,pythia-12b,29,13,-0.32695652173913037,0.11888708485840495,24,
natural,pythia,pythia-12b,24,9,-0.32608695652173914,0.11992916225916488,24,
natural,pythia,pythia-12b,25,14,-0.32,0.12741057282041748,24,
natural,pythia,pythia-12b,33,30,-0.31913043478260866,0.12850627888142294,24,
natural,pythia,pythia-12b,30,5,-0.31913043478260866,0.12850627888142294,24,
natural,pythia,pythia-12b,25,28,-0.3173913043478261,0.13071808560327577,24,
natural,pythia,pythia-12b,32,37,-0.3173913043478261,0.13071808560327577,24,
natural,pythia,pythia-12b,28,26,-0.31565217391304345,0.13295721253912648,24,
natural,pythia,pythia-12b,26,10,-0.3104347826086956,0.13984001582896138,24,
natural,pythia,pythia-12b,25,24,-0.3069565217391304,0.1445678681051738,24,
natural,pythia,pythia-12b,25,27,-0.3043478260869565,0.14818770858628422,24,
natural,pythia,pythia-12b,27,0,-0.30347826086956514,0.14940850037488196,24,
natural,pythia,pythia-12b,35,33,-0.3026086956521739,0.15063640962783909,24,
natural,pythia,pythia-12b,31,27,-0.29565217391304344,0.1607178933622431,24,
natural,pythia,pythia-12b,35,28,-0.29478260869565215,0.16201059639566906,24,
natural,pythia,pythia-12b,28,23,-0.29304347826086957,0.16461785270058832,24,
natural,pythia,pythia-12b,33,24,-0.29304347826086957,0.16461785270058832,24,
natural,pythia,pythia-12b,26,21,-0.29217391304347823,0.16593243626569426,24,
natural,pythia,pythia-12b,26,6,-0.2895652173913043,0.1699201869525098,24,
natural,pythia,pythia-12b,24,12,-0.28782608695652173,0.17261549938271942,24,
natural,pythia,pythia-12b,25,8,-0.2869565217391304,0.1739742419036643,24,
natural,pythia,pythia-12b,28,8,-0.2817391304347826,0.18228277001095713,24,
natural,pythia,pythia-12b,24,33,-0.27478260869565213,0.19378063586855726,24,
natural,pythia,pythia-12b,27,15,-0.27391304347826084,0.19525188107441607,24,
natural,pythia,pythia-12b,28,2,-0.2713043478260869,0.19971124015805522,24,
natural,pythia,pythia-12b,28,18,-0.2678260869565217,0.20576390509564657,24,
natural,pythia,pythia-12b,30,28,-0.2643478260869565,0.21193927878705082,24,
natural,pythia,pythia-12b,29,2,-0.2643478260869565,0.21193927878705082,24,
natural,pythia,pythia-12b,35,25,-0.25999999999999995,0.21983196016993542,24,
natural,pythia,pythia-12b,26,17,-0.25999999999999995,0.21983196016993542,24,
natural,pythia,pythia-12b,26,29,-0.2573913043478261,0.22466048988773962,24,
natural,pythia,pythia-12b,27,28,-0.25652173913043474,0.22628553340548088,24,
natural,pythia,pythia-12b,34,12,-0.25652173913043474,0.22628553340548088,24,
natural,pythia,pythia-12b,26,14,-0.25565217391304346,0.22791835585505182,24,
natural,pythia,pythia-12b,31,39,-0.25478260869565217,0.22955896419421634,24,
natural,pythia,pythia-12b,31,32,-0.25130434782608696,0.23619938811607974,24,
natural,pythia,pythia-12b,25,11,-0.2495652173913043,0.2395664805456788,24,
natural,pythia,pythia-12b,29,33,-0.24434782608695652,0.24985580217173986,24,
natural,pythia,pythia-12b,28,31,-0.24260869565217388,0.25334838197246135,24,
natural,pythia,pythia-12b,26,22,-0.2417391304347826,0.2551064662177336,24,
natural,pythia,pythia-12b,32,30,-0.23913043478260865,0.260427936802927,24,
natural,pythia,pythia-12b,32,21,-0.23478260869565212,0.2694546117695453,24,
natural,pythia,pythia-12b,24,39,-0.23043478260869563,0.27867844240498885,24,
natural,pythia,pythia-12b,25,25,-0.2278260869565217,0.28430742700718314,24,
natural,pythia,pythia-12b,33,3,-0.22434782608695653,0.2919232059452402,24,
natural,pythia,pythia-12b,25,23,-0.2208695652173913,0.29966517423017214,24,
natural,pythia,pythia-12b,24,3,-0.21739130434782608,0.30753321054890737,24,
natural,pythia,pythia-12b,29,8,-0.21391304347826084,0.3155271306915456,24,
natural,pythia,pythia-12b,29,9,-0.21304347826086956,0.31754525245129134,24,
natural,pythia,pythia-12b,33,15,-0.21130434782608692,0.321605035459752,24,
natural,pythia,pythia-12b,26,26,-0.20956521739130432,0.3256961715714217,24,
natural,pythia,pythia-12b,28,27,-0.2078260869565217,0.3298186178055177,24,
natural,pythia,pythia-12b,28,11,-0.2069565217391304,0.3318915676831471,24,
natural,pythia,pythia-12b,29,30,-0.20173913043478262,0.3444930314073976,24,
natural,pythia,pythia-12b,24,32,-0.20173913043478262,0.3444930314073976,24,
natural,pythia,pythia-12b,29,22,-0.2011012010425457,0.3460530259283353,24,
natural,pythia,pythia-12b,29,26,-0.19826086956521738,0.35304943524240395,24,
natural,pythia,pythia-12b,27,23,-0.1973913043478261,0.3552078904108176,24,
natural,pythia,pythia-12b,26,7,-0.19652173913043475,0.35737406951590356,24,
natural,pythia,pythia-12b,34,16,-0.19514120921317668,0.36082895824332606,24,
natural,pythia,pythia-12b,27,32,-0.19478260869565217,0.3617295619849086,24,
natural,pythia,pythia-12b,28,39,-0.19130434782608693,0.37053280666994315,24,
natural,pythia,pythia-12b,34,39,-0.19043478260869565,0.3727527778427129,24,
natural,pythia,pythia-12b,29,38,-0.18869565217391301,0.37721563518472556,24,
natural,pythia,pythia-12b,24,26,-0.1869565217391304,0.381708968635058,24,
natural,pythia,pythia-12b,35,11,-0.1869565217391304,0.381708968635058,24,
natural,pythia,pythia-12b,26,23,-0.1869565217391304,0.381708968635058,24,
natural,pythia,pythia-12b,31,24,-0.18521739130434778,0.38623268190217497,24,
natural,pythia,pythia-12b,27,34,-0.1843478260869565,0.3885058997417008,24,
natural,pythia,pythia-12b,24,17,-0.18347826086956517,0.3907866745462584,24,
natural,pythia,pythia-12b,24,27,-0.1826086956521739,0.393074993112294,24,
natural,pythia,pythia-12b,28,33,-0.18173913043478263,0.3953708419767238,24,
natural,pythia,pythia-12b,27,20,-0.18173913043478263,0.3953708419767238,24,
natural,pythia,pythia-12b,29,31,-0.17913043478260868,0.40230343183605966,24,
natural,pythia,pythia-12b,24,11,-0.17652173913043476,0.4093032847915006,24,
natural,pythia,pythia-12b,24,28,-0.17478260869565218,0.41400702240858334,24,
natural,pythia,pythia-12b,24,6,-0.17304347826086955,0.4187403495722347,24,
natural,pythia,pythia-12b,30,19,-0.17217391304347823,0.42111806892778625,24,
natural,pythia,pythia-12b,27,31,-0.17130434782608694,0.42350313678440454,24,
natural,pythia,pythia-12b,29,27,-0.1678260869565217,0.4331165526494354,24,
natural,pythia,pythia-12b,25,9,-0.1678260869565217,0.4331165526494354,24,
natural,pythia,pythia-12b,33,25,-0.16695652173913042,0.4355381053206143,24,
natural,pythia,pythia-12b,24,20,-0.16695652173913042,0.4355381053206143,24,
natural,pythia,pythia-12b,28,28,-0.16260869565217392,0.44775415138241526,24,
natural,pythia,pythia-12b,35,0,-0.15826086956521737,0.460148912728106,24,
natural,pythia,pythia-12b,26,36,-0.15826086956521737,0.460148912728106,24,
natural,pythia,pythia-12b,25,15,-0.15826086956521737,0.460148912728106,24,
natural,pythia,pythia-12b,26,18,-0.15739130434782608,0.46264909166367674,24,
natural,pythia,pythia-12b,25,7,-0.15739130434782608,0.46264909166367674,24,
natural,pythia,pythia-12b,30,38,-0.15652173913043477,0.4651562978756907,24,
natural,pythia,pythia-12b,28,25,-0.15565217391304348,0.46767051016381667,24,
natural,pythia,pythia-12b,30,39,-0.15391304347826085,0.47271986689761514,24,
natural,pythia,pythia-12b,31,8,-0.15130434782608695,0.4803459029793672,24,
natural,pythia,pythia-12b,26,33,-0.15130434782608695,0.4803459029793672,24,
natural,pythia,pythia-12b,28,37,-0.14956521739130432,0.48546433225418195,24,
natural,pythia,pythia-12b,31,23,-0.14869565217391303,0.48803379955072457,24,
natural,pythia,pythia-12b,28,12,-0.14608695652173911,0.4957829296843136,24,
natural,pythia,pythia-12b,27,39,-0.1443478260869565,0.5009827163280622,24,
natural,pythia,pythia-12b,27,27,-0.1434782608695652,0.5035926462175362,24,
natural,pythia,pythia-12b,31,0,-0.1434782608695652,0.5035926462175362,24,
natural,pythia,pythia-12b,30,16,-0.14260869565217388,0.506209233952854,24,
natural,pythia,pythia-12b,26,15,-0.1417391304347826,0.5088324543263878,24,
natural,pythia,pythia-12b,25,3,-0.1391304347826087,0.5167416555162507,24,
natural,pythia,pythia-12b,33,12,-0.13652173913043478,0.5247096194478427,24,
natural,pythia,pythia-12b,30,23,-0.13515966698651827,0.5288930246651748,24,
natural,pythia,pythia-12b,24,5,-0.13478260869565215,0.5300538865453848,24,
natural,pythia,pythia-12b,31,30,-0.13304347826086957,0.5354237325436195,24,
natural,pythia,pythia-12b,26,31,-0.13304347826086957,0.5354237325436195,24,
natural,pythia,pythia-12b,26,9,-0.13217391304347825,0.5381181783911482,24,
natural,pythia,pythia-12b,29,12,-0.13217391304347825,0.5381181783911482,24,
natural,pythia,pythia-12b,27,16,-0.13043478260869562,0.5435259752175851,24,
natural,pythia,pythia-12b,26,28,-0.12347826086956522,0.5654049951421966,24,
natural,pythia,pythia-12b,24,16,-0.1226086956521739,0.5681672657020507,24,
natural,pythia,pythia-12b,32,39,-0.1217391304347826,0.5709355226889166,24,
natural,pythia,pythia-12b,29,35,-0.1208695652173913,0.5737097351958667,24,
natural,pythia,pythia-12b,33,32,-0.11913043478260868,0.579275902008125,24,
natural,pythia,pythia-12b,26,4,-0.11826086956521738,0.5820677933682575,24,
natural,pythia,pythia-12b,29,32,-0.11739130434782606,0.5848655143600632,24,
natural,pythia,pythia-12b,26,24,-0.11739130434782606,0.5848655143600632,24,
natural,pythia,pythia-12b,28,29,-0.11391304347826085,0.5961140506694134,24,
natural,pythia,pythia-12b,27,8,-0.11304347826086956,0.5989404349055967,24,
natural,pythia,pythia-12b,34,17,-0.11304347826086956,0.5989404349055967,24,
natural,pythia,pythia-12b,29,16,-0.11304347826086956,0.5989404349055967,24,
natural,pythia,pythia-12b,29,7,-0.11217391304347826,0.601772453267223,24,
natural,pythia,pythia-12b,31,9,-0.11130434782608695,0.6046100724044843,24,
natural,pythia,pythia-12b,27,22,-0.11043478260869564,0.6074532587517109,24,
natural,pythia,pythia-12b,24,1,-0.10956521739130433,0.6103019785284629,24,
natural,pythia,pythia-12b,30,26,-0.10869565217391304,0.6131561977406332,24,
natural,pythia,pythia-12b,25,4,-0.10869565217391304,0.6131561977406332,24,
natural,pythia,pythia-12b,32,32,-0.10695652173913042,0.6188809974331805,24,
natural,pythia,pythia-12b,35,39,-0.1034782608695652,0.6303950708493536,24,
natural,pythia,pythia-12b,32,22,-0.1026086956521739,0.6332868165639749,24,
natural,pythia,pythia-12b,32,8,-0.1026086956521739,0.6332868165639749,24,
natural,pythia,pythia-12b,31,10,-0.10173913043478258,0.6361837822056855,24,
natural,pythia,pythia-12b,25,5,-0.09999999999999999,0.6419932296067883,24,
natural,pythia,pythia-12b,32,38,-0.09652173913043478,0.6536731719946905,24,
natural,pythia,pythia-12b,32,0,-0.09652173913043478,0.6536731719946905,24,
natural,pythia,pythia-12b,27,9,-0.09565217391304347,0.6566056616723346,24,
natural,pythia,pythia-12b,33,1,-0.09478260869565217,0.659543078769137,24,
natural,pythia,pythia-12b,28,20,-0.09478260869565217,0.659543078769137,24,
natural,pythia,pythia-12b,32,25,-0.09130434782608696,0.671341269564641,24,
natural,pythia,pythia-12b,29,1,-0.08782608695652173,0.6832152692148052,24,
natural,pythia,pythia-12b,29,17,-0.08782608695652173,0.6832152692148052,24,
natural,pythia,pythia-12b,26,27,-0.08695652173913042,0.6861953252985288,24,
natural,pythia,pythia-12b,26,19,-0.08434782608695651,0.6951626031358499,24,
natural,pythia,pythia-12b,33,8,-0.08434782608695651,0.6951626031358499,24,
natural,pythia,pythia-12b,26,32,-0.08434782608695651,0.6951626031358499,24,
natural,pythia,pythia-12b,31,25,-0.08347826086956521,0.6981606006787421,24,
natural,pythia,pythia-12b,24,38,-0.08347826086956521,0.6981606006787421,24,
natural,pythia,pythia-12b,26,25,-0.08173913043478259,0.7041697144360882,24,
natural,pythia,pythia-12b,29,10,-0.08,0.7101960521957591,24,
natural,pythia,pythia-12b,32,1,-0.07913043478260869,0.7132155791016112,24,
natural,pythia,pythia-12b,34,0,-0.07826086956521738,0.7162392905010877,24,
natural,pythia,pythia-12b,33,10,-0.07652173913043478,0.7222991032128186,24,
natural,pythia,pythia-12b,28,1,-0.07652173913043478,0.7222991032128186,24,
natural,pythia,pythia-12b,24,30,-0.07565217391304348,0.7253351223309568,24,
natural,pythia,pythia-12b,34,35,-0.07391304347826086,0.7314191793924034,24,
natural,pythia,pythia-12b,27,4,-0.07217391304347825,0.7375189840952583,24,
natural,pythia,pythia-12b,34,24,-0.07043478260869565,0.7436342012968032,24,
natural,pythia,pythia-12b,32,20,-0.06956521739130435,0.7466974841785088,24,
natural,pythia,pythia-12b,26,38,-0.06956521739130435,0.7466974841785088,24,
natural,pythia,pythia-12b,31,29,-0.06782608695652173,0.7528351863688199,24,
natural,pythia,pythia-12b,32,36,-0.06782608695652173,0.7528351863688199,24,
natural,pythia,pythia-12b,25,17,-0.06782608695652173,0.7528351863688199,24,
natural,pythia,pythia-12b,31,3,-0.06695652173913043,0.7559095203776366,24,
natural,pythia,pythia-12b,29,23,-0.06521739130434781,0.7620689398781239,24,
natural,pythia,pythia-12b,31,20,-0.06521739130434781,0.7620689398781239,24,
natural,pythia,pythia-12b,28,17,-0.06434782608695652,0.7651539392008924,24,
natural,pythia,pythia-12b,25,38,-0.0634782608695652,0.768242407223753,24,
natural,pythia,pythia-12b,27,11,-0.0626086956521739,0.7713343005112614,24,
natural,pythia,pythia-12b,25,29,-0.06173913043478261,0.7744295754905792,24,
natural,pythia,pythia-12b,31,17,-0.06,0.7806300955564118,24,
natural,pythia,pythia-12b,35,24,-0.05826086956521739,0.7868436161547347,24,
natural,pythia,pythia-12b,33,22,-0.05739130434782608,0.7899551413098405,24,
natural,pythia,pythia-12b,27,7,-0.05739130434782608,0.7899551413098405,24,
natural,pythia,pythia-12b,24,10,-0.05652173913043478,0.7930697839291405,24,
natural,pythia,pythia-12b,30,14,-0.054782608695652164,0.799308243488264,24,
natural,pythia,pythia-12b,33,11,-0.05304347826086955,0.8055586374612034,24,
natural,pythia,pythia-12b,33,0,-0.05217391304347826,0.8086881976469136,24,
natural,pythia,pythia-12b,29,15,-0.04869565217391304,0.8212344730022532,24,
natural,pythia,pythia-12b,35,1,-0.04869565217391304,0.8212344730022532,24,
natural,pythia,pythia-12b,30,8,-0.04608695652173912,0.8306723439322352,24,
natural,pythia,pythia-12b,25,16,-0.04608695652173912,0.8306723439322352,24,
natural,pythia,pythia-12b,31,22,-0.045719809747465937,0.8320024823562266,24,
natural,pythia,pythia-12b,28,3,-0.04521739130434782,0.8338234219848106,24,
natural,pythia,pythia-12b,29,4,-0.04347826086956521,0.8401329841149333,24,
natural,pythia,pythia-12b,29,14,-0.041739130434782605,0.8464521133997218,24,
natural,pythia,pythia-12b,31,28,-0.03913043478260869,0.855947935071337,24,
natural,pythia,pythia-12b,29,24,-0.03826086956521739,0.8591175903218993,24,
natural,pythia,pythia-12b,25,26,-0.03652173913043478,0.8654631927363388,24,
natural,pythia,pythia-12b,28,4,-0.03652173913043478,0.8654631927363388,24,
natural,pythia,pythia-12b,25,39,-0.03565217391304347,0.8686390462246146,24,
natural,pythia,pythia-12b,29,19,-0.034782608695652174,0.8718168719786574,24,
natural,pythia,pythia-12b,29,36,-0.03304347826086956,0.8781782520387229,24,
natural,pythia,pythia-12b,33,33,-0.03043478260869565,0.8877339355759605,24,
natural,pythia,pythia-12b,33,37,-0.02869565217391304,0.8941129145750657,24,
natural,pythia,pythia-12b,35,2,-0.027826086956521737,0.8973048186218164,24,
natural,pythia,pythia-12b,29,18,-0.02695652173913043,0.9004982689028822,24,
natural,pythia,pythia-12b,26,13,-0.02608695652173913,0.903693217741266,24,
natural,pythia,pythia-12b,32,15,-0.023478260869565212,0.9132865779270147,24,
natural,pythia,pythia-12b,35,13,-0.02260869565217391,0.9164870430337815,24,
natural,pythia,pythia-12b,26,16,-0.019130434782608695,0.9293010160374854,24,
natural,pythia,pythia-12b,32,2,-0.019130434782608695,0.9293010160374854,24,
natural,pythia,pythia-12b,24,21,-0.01826086956521739,0.9325072970015154,24,
natural,pythia,pythia-12b,25,6,-0.01826086956521739,0.9325072970015154,24,
natural,pythia,pythia-12b,30,36,-0.017391304347826087,0.9357145967179171,24,
natural,pythia,pythia-12b,33,17,-0.017391304347826087,0.9357145967179171,24,
natural,pythia,pythia-12b,31,16,-0.014782608695652172,0.9453421257736343,24,
natural,pythia,pythia-12b,28,32,-0.013043478260869565,0.9517646868003002,24,
natural,pythia,pythia-12b,27,25,-0.013043478260869565,0.9517646868003002,24,
natural,pythia,pythia-12b,32,14,-0.013043478260869565,0.9517646868003002,24,
natural,pythia,pythia-12b,35,9,-0.01217391304347826,0.9549770846497847,24,
natural,pythia,pythia-12b,24,22,-0.011304347826086955,0.958190162801108,24,
natural,pythia,pythia-12b,34,30,-0.010434782608695651,0.9614038727773804,24,
natural,pythia,pythia-12b,34,37,-0.009565217391304347,0.9646181660759277,24,
natural,pythia,pythia-12b,35,3,-0.007826086956521738,0.9710483085120961,24,
natural,pythia,pythia-12b,28,38,-0.00608695652173913,0.9774802016477158,24,
natural,pythia,pythia-12b,35,10,-0.00608695652173913,0.9774802016477158,24,
natural,pythia,pythia-12b,30,25,-0.004347826086956522,0.9839134567350358,24,
natural,pythia,pythia-12b,31,34,-0.0017391304347826085,0.9935650421080594,24,
natural,pythia,pythia-12b,32,17,-0.0008695652173913043,0.9967824967252694,24,
natural,pythia,pythia-12b,33,2,0.0,1.0,24,
natural,pythia,pythia-12b,34,9,0.0022147321408020186,0.9918053192266483,24,
natural,pythia,pythia-12b,30,9,0.003478260869565217,0.9871304734643621,24,
natural,pythia,pythia-12b,35,15,0.004842996223142838,0.9820816461094323,24,
natural,pythia,pythia-12b,25,37,0.00608695652173913,0.9774802016477158,24,
natural,pythia,pythia-12b,26,8,0.006956521739130434,0.9742640605332525,24,
natural,pythia,pythia-12b,29,20,0.006956521739130434,0.9742640605332525,24,
natural,pythia,pythia-12b,35,35,0.007826086956521738,0.9710483085120961,24,
natural,pythia,pythia-12b,33,35,0.013043478260869565,0.9517646868003002,24,
natural,pythia,pythia-12b,25,12,0.013913043478260868,0.9485530177017847,24,
natural,pythia,pythia-12b,34,3,0.013913043478260868,0.9485530177017847,24,
natural,pythia,pythia-12b,27,24,0.01652173913043478,0.9389228669455103,24,
natural,pythia,pythia-12b,35,21,0.018699717771911283,0.9308890353970996,24,
natural,pythia,pythia-12b,29,37,0.019130434782608695,0.9293010160374854,24,
natural,pythia,pythia-12b,35,4,0.023478260869565212,0.9132865779270147,24,
natural,pythia,pythia-12b,27,30,0.023478260869565212,0.9132865779270147,24,
natural,pythia,pythia-12b,30,32,0.02434782608695652,0.9100874200789535,24,
natural,pythia,pythia-12b,27,29,0.025217391304347827,0.9068896173989752,24,
natural,pythia,pythia-12b,27,17,0.02869565217391304,0.8941129145750657,24,
natural,pythia,pythia-12b,30,0,0.029565217391304344,0.8909226043767046,24,
natural,pythia,pythia-12b,26,11,0.03043478260869565,0.8877339355759605,24,
natural,pythia,pythia-12b,26,34,0.03304347826086956,0.8781782520387229,24,
natural,pythia,pythia-12b,28,6,0.03565217391304347,0.8686390462246146,24,
natural,pythia,pythia-12b,28,13,0.03739130434782608,0.8622893584755251,24,
natural,pythia,pythia-12b,32,13,0.03739130434782608,0.8622893584755251,24,
natural,pythia,pythia-12b,24,31,0.03826086956521739,0.8591175903218993,24,
natural,pythia,pythia-12b,32,35,0.04,0.8527804394339904,24,
natural,pythia,pythia-12b,30,1,0.04521739130434782,0.8338234219848106,24,
natural,pythia,pythia-12b,35,14,0.04521739130434782,0.8338234219848106,24,
natural,pythia,pythia-12b,35,16,0.04608695652173912,0.8306723439322352,24,
natural,pythia,pythia-12b,25,0,0.046956521739130425,0.8275237958648594,24,
natural,pythia,pythia-12b,27,2,0.047826086956521734,0.8243778236378612,24,
natural,pythia,pythia-12b,30,7,0.049565217391304345,0.8180937896030709,24,
natural,pythia,pythia-12b,31,33,0.05217391304347826,0.8086881976469136,24,
natural,pythia,pythia-12b,29,5,0.05304347826086955,0.8055586374612034,24,
natural,pythia,pythia-12b,33,6,0.05565217391304347,0.7961874995255513,24,
natural,pythia,pythia-12b,31,2,0.05652173913043478,0.7930697839291405,24,
natural,pythia,pythia-12b,30,11,0.05652173913043478,0.7930697839291405,24,
natural,pythia,pythia-12b,24,24,0.05826086956521739,0.7868436161547347,24,
natural,pythia,pythia-12b,34,33,0.05913043478260869,0.783735252825447,24,
natural,pythia,pythia-12b,27,14,0.0608695652173913,0.7775281884531549,24,
natural,pythia,pythia-12b,27,37,0.0626086956521739,0.7713343005112614,24,
natural,pythia,pythia-12b,35,6,0.06521739130434781,0.7620689398781239,24,
natural,pythia,pythia-12b,25,31,0.06608695652173913,0.7589874525518234,24,
natural,pythia,pythia-12b,34,34,0.06608695652173913,0.7589874525518234,24,
natural,pythia,pythia-12b,28,5,0.06608695652173913,0.7589874525518234,24,
natural,pythia,pythia-12b,27,10,0.06695652173913043,0.7559095203776366,24,
natural,pythia,pythia-12b,29,39,0.06956521739130435,0.7466974841785088,24,
natural,pythia,pythia-12b,25,10,0.07043478260869565,0.7436342012968032,24,
natural,pythia,pythia-12b,27,35,0.07130434782608694,0.7405746871767942,24,
natural,pythia,pythia-12b,31,13,0.07217391304347825,0.7375189840952583,24,
natural,pythia,pythia-12b,33,4,0.07217391304347825,0.7375189840952583,24,
natural,pythia,pythia-12b,35,34,0.07217391304347825,0.7375189840952583,24,
natural,pythia,pythia-12b,26,3,0.07304347826086956,0.7344671341768292,24,
natural,pythia,pythia-12b,32,11,0.07391304347826086,0.7314191793924034,24,
natural,pythia,pythia-12b,25,34,0.07652173913043478,0.7222991032128186,24,
natural,pythia,pythia-12b,28,36,0.0826086956521739,0.7011629844471832,24,
natural,pythia,pythia-12b,33,29,0.08782608695652173,0.6832152692148052,24,
natural,pythia,pythia-12b,28,14,0.08956521739130434,0.6772689468428972,24,
natural,pythia,pythia-12b,31,18,0.09567642848264718,0.6565237994797299,24,
natural,pythia,pythia-12b,32,34,0.09739130434782609,0.6507456469889163,24,
natural,pythia,pythia-12b,24,37,0.09999999999999999,0.6419932296067883,24,
natural,pythia,pythia-12b,27,26,0.10086956521739131,0.6390859319090778,24,
natural,pythia,pythia-12b,29,21,0.1026086956521739,0.6332868165639749,24,
natural,pythia,pythia-12b,34,21,0.1026086956521739,0.6332868165639749,24,
natural,pythia,pythia-12b,25,13,0.1026086956521739,0.6332868165639749,24,
natural,pythia,pythia-12b,35,7,0.1034782608695652,0.6303950708493536,24,
natural,pythia,pythia-12b,33,39,0.10695652173913042,0.6188809974331805,24,
natural,pythia,pythia-12b,32,28,0.10782608695652172,0.6160158821815656,24,
natural,pythia,pythia-12b,24,13,0.10782608695652172,0.6160158821815656,24,
natural,pythia,pythia-12b,33,31,0.11043478260869564,0.6074532587517109,24,
natural,pythia,pythia-12b,35,20,0.11391304347826085,0.5961140506694134,24,
natural,pythia,pythia-12b,28,15,0.11652173913043477,0.587669032951115,24,
natural,pythia,pythia-12b,28,22,0.11652173913043477,0.587669032951115,24,
natural,pythia,pythia-12b,31,21,0.11913043478260868,0.579275902008125,24,
natural,pythia,pythia-12b,26,12,0.11913043478260868,0.579275902008125,24,
natural,pythia,pythia-12b,31,36,0.1208695652173913,0.5737097351958667,24,
natural,pythia,pythia-12b,24,18,0.1226086956521739,0.5681672657020507,24,
natural,pythia,pythia-12b,24,8,0.1243478260869565,0.5626487416883164,24,
natural,pythia,pythia-12b,32,16,0.1269565217391304,0.5544163873133454,24,
natural,pythia,pythia-12b,27,12,0.12782608695652173,0.5516845044816034,24,
natural,pythia,pythia-12b,26,0,0.13304347826086957,0.5354237325436195,24,
natural,pythia,pythia-12b,35,37,0.13304347826086957,0.5354237325436195,24,
natural,pythia,pythia-12b,33,21,0.13391304347826086,0.5327356259700111,24,
natural,pythia,pythia-12b,30,10,0.13565217391304346,0.5273785419058558,24,
natural,pythia,pythia-12b,31,37,0.13565217391304346,0.5273785419058558,24,
natural,pythia,pythia-12b,28,0,0.13565217391304346,0.5273785419058558,24,
natural,pythia,pythia-12b,30,3,0.13739130434782607,0.5220471463273302,24,
natural,pythia,pythia-12b,24,4,0.13826086956521738,0.5193911494591459,24,
natural,pythia,pythia-12b,34,25,0.1391304347826087,0.5167416555162507,24,
natural,pythia,pythia-12b,27,36,0.13999999999999999,0.5140986909290425,24,
natural,pythia,pythia-12b,32,12,0.1408695652173913,0.511462281884675,24,
natural,pythia,pythia-12b,30,18,0.1417391304347826,0.5088324543263878,24,
natural,pythia,pythia-12b,30,27,0.1434782608695652,0.5035926462175362,24,
natural,pythia,pythia-12b,33,36,0.1443478260869565,0.5009827163280622,24,
natural,pythia,pythia-12b,30,22,0.1452173913043478,0.4983794692456114,24,
natural,pythia,pythia-12b,32,26,0.14956521739130432,0.48546433225418195,24,
natural,pythia,pythia-12b,28,30,0.14956521739130432,0.48546433225418195,24,
natural,pythia,pythia-12b,28,16,0.14956521739130432,0.48546433225418195,24,
natural,pythia,pythia-12b,27,33,0.15043478260869564,0.48290169232371793,24,
natural,pythia,pythia-12b,30,35,0.15130434782608695,0.4803459029793672,24,
natural,pythia,pythia-12b,32,6,0.15565217391304348,0.46767051016381667,24,
natural,pythia,pythia-12b,28,21,0.16,0.455169720215426,24,
natural,pythia,pythia-12b,33,20,0.16,0.455169720215426,24,
natural,pythia,pythia-12b,24,0,0.16086956521739126,0.452690747765674,24,
natural,pythia,pythia-12b,31,31,0.16086956521739126,0.452690747765674,24,
natural,pythia,pythia-12b,32,10,0.16086956521739126,0.452690747765674,24,
natural,pythia,pythia-12b,25,1,0.16347826086956518,0.4452965670426071,24,
natural,pythia,pythia-12b,33,14,0.16347826086956518,0.4452965670426071,24,
natural,pythia,pythia-12b,26,5,0.1660869565217391,0.43796690160823903,24,
natural,pythia,pythia-12b,32,27,0.1678260869565217,0.4331165526494354,24,
natural,pythia,pythia-12b,33,27,0.1695652173913043,0.42829525040358907,24,
natural,pythia,pythia-12b,30,30,0.1695652173913043,0.42829525040358907,24,
natural,pythia,pythia-12b,25,19,0.17043478260869566,0.4258955363074477,24,
natural,pythia,pythia-12b,35,17,0.17391304347826084,0.4163699952935561,24,
natural,pythia,pythia-12b,27,1,0.17391304347826084,0.4163699952935561,24,
natural,pythia,pythia-12b,27,6,0.17391304347826084,0.4163699952935561,24,
natural,pythia,pythia-12b,28,35,0.17391304347826084,0.4163699952935561,24,
natural,pythia,pythia-12b,34,14,0.17478260869565218,0.41400702240858334,24,
natural,pythia,pythia-12b,30,37,0.17652173913043476,0.4093032847915006,24,
natural,pythia,pythia-12b,26,1,0.17652173913043476,0.4093032847915006,24,
natural,pythia,pythia-12b,35,8,0.18521739130434778,0.38623268190217497,24,
natural,pythia,pythia-12b,33,13,0.18869565217391301,0.37721563518472556,24,
natural,pythia,pythia-12b,33,7,0.18956521739130433,0.3749803911439148,24,
natural,pythia,pythia-12b,32,31,0.19217391304347822,0.3683204887556274,24,
natural,pythia,pythia-12b,35,18,0.19565217391304346,0.3595479632342291,24,
natural,pythia,pythia-12b,30,33,0.1973913043478261,0.3552078904108176,24,
natural,pythia,pythia-12b,29,25,0.2052173913043478,0.3360608896745527,24,
natural,pythia,pythia-12b,31,1,0.2078260869565217,0.3298186178055177,24,
natural,pythia,pythia-12b,25,20,0.2121739130434782,0.319571222288681,24,
natural,pythia,pythia-12b,24,35,0.21304347826086956,0.31754525245129134,24,
natural,pythia,pythia-12b,30,24,0.21304347826086956,0.31754525245129134,24,
natural,pythia,pythia-12b,31,5,0.21826086956521737,0.30555439158449416,24,
natural,pythia,pythia-12b,30,6,0.2217391304347826,0.29771785747175966,24,
natural,pythia,pythia-12b,30,15,0.2217391304347826,0.29771785747175966,24,
natural,pythia,pythia-12b,24,29,0.2252173913043478,0.2900074275938717,24,
natural,pythia,pythia-12b,35,5,0.22608695652173913,0.2880995376657835,24,
natural,pythia,pythia-12b,35,19,0.2278260869565217,0.28430742700718314,24,
natural,pythia,pythia-12b,34,29,0.22869565217391302,0.2824232076363163,24,
natural,pythia,pythia-12b,33,34,0.22869565217391302,0.2824232076363163,24,
natural,pythia,pythia-12b,27,13,0.23565217391304347,0.26763351040669076,24,
natural,pythia,pythia-12b,30,34,0.23652173913043475,0.2658202941596181,24,
natural,pythia,pythia-12b,34,10,0.24260869565217388,0.25334838197246135,24,
natural,pythia,pythia-12b,35,23,0.2478260869565217,0.2429648870203895,24,
natural,pythia,pythia-12b,33,18,0.25130434782608696,0.23619938811607974,24,
natural,pythia,pythia-12b,32,33,0.25304347826086954,0.23286356530495447,24,
natural,pythia,pythia-12b,24,7,0.2573913043478261,0.22466048988773962,24,
natural,pythia,pythia-12b,25,2,0.2573913043478261,0.22466048988773962,24,
natural,pythia,pythia-12b,34,15,0.25999999999999995,0.21983196016993542,24,
natural,pythia,pythia-12b,28,19,0.25999999999999995,0.21983196016993542,24,
natural,pythia,pythia-12b,29,29,0.26347826086956516,0.21350236658523813,24,
natural,pythia,pythia-12b,28,9,0.2643478260869565,0.21193927878705082,24,
natural,pythia,pythia-12b,31,15,0.2652173913043478,0.2103838978731484,24,
natural,pythia,pythia-12b,34,11,0.2652173913043478,0.2103838978731484,24,
natural,pythia,pythia-12b,35,22,0.26608695652173914,0.20883621481010178,24,
natural,pythia,pythia-12b,31,6,0.2695652173913043,0.20272227336292592,24,
natural,pythia,pythia-12b,24,15,0.27304347826086955,0.1967307228902543,24,
natural,pythia,pythia-12b,33,28,0.27652173913043476,0.19086089033898046,24,
natural,pythia,pythia-12b,32,24,0.2782608695652174,0.18797139452214312,24,
natural,pythia,pythia-12b,35,27,0.28782608695652173,0.17261549938271942,24,
natural,pythia,pythia-12b,24,19,0.288695652173913,0.17126415242206866,24,
natural,pythia,pythia-12b,34,38,0.288695652173913,0.17126415242206866,24,
natural,pythia,pythia-12b,24,25,0.2904347826086956,0.16858358873548324,24,
natural,pythia,pythia-12b,24,36,0.3017391304347826,0.15187145311574093,24,
natural,pythia,pythia-12b,33,5,0.3026086956521739,0.15063640962783909,24,
natural,pythia,pythia-12b,32,5,0.31304347826086953,0.13636745841746561,24,
natural,pythia,pythia-12b,30,12,0.33739130434782605,0.10689212043935849,24,
natural,pythia,pythia-12b,35,31,0.33739130434782605,0.10689212043935849,24,
natural,pythia,pythia-12b,31,4,0.3426086956521739,0.10124049007057848,24,
natural,pythia,pythia-12b,33,16,0.3530434782608695,0.09060541970723546,24,
natural,pythia,pythia-12b,32,29,0.3643478260869565,0.08005146755932797,24,
natural,pythia,pythia-12b,27,5,0.38869565217391305,0.060498404649825734,24,
natural,pythia,pythia-12b,35,32,0.3904347826086956,0.05925750969939877,24,
natural,pythia,pythia-12b,34,31,0.4026086956521739,0.05111250253814526,24,
natural,pythia,pythia-12b,31,7,0.4026086956521739,0.05111250253814526,24,
natural,pythia,pythia-12b,34,7,0.41478260869565214,0.04386649848070579,24,
natural,pythia,pythia-12b,30,21,0.4278260869565217,0.03702422793856046,24,
natural,pythia,pythia-12b,35,12,0.45217391304347826,0.0265272136321037,24,
natural,pythia,pythia-12b,25,21,0.46086956521739125,0.0234180698132485,24,
natural,pythia,pythia-12b,35,26,0.4652173913043478,0.02197765456417165,24,
natural,pythia,pythia-12b,35,30,0.4782608695652173,0.018080632726500265,24,
natural,pythia,pythia-12b,30,20,,,24,
natural,pythia,pythia-12b,34,1,,,24,
natural,pythia,pythia-12b,34,4,,,24,
natural,pythia,pythia-12b,34,6,,,24,
natural,pythia,pythia-12b,34,8,,,24,
natural,pythia,pythia-12b,34,18,,,24,
natural,pythia,pythia-12b,34,19,,,24,
natural,pythia,pythia-12b,34,22,,,24,
natural,pythia,pythia-12b,34,23,,,24,
natural,pythia,pythia-12b,34,26,,,24,
natural,pythia,pythia-12b,34,27,,,24,
natural,pythia,pythia-12b,34,28,,,24,
natural,pythia,pythia-12b,34,32,,,24,
natural,pythia,pythia-160m,10,9,-0.5547826086956522,0.004898108173454637,24,0.2164317393809582
natural,pythia,pythia-160m,11,1,-0.48215858121553934,0.017032121528352026,24,0.2164317393809582
natural,pythia,pythia-160m,8,4,-0.48173913043478256,0.017142518672419713,24,0.2164317393809582
natural,pythia,pythia-160m,8,11,-0.47391304347826085,0.019311580010082523,24,0.2164317393809582
natural,pythia,pythia-160m,11,5,-0.46347826086956523,0.022544972852183147,24,0.2164317393809582
natural,pythia,pythia-160m,11,10,-0.4382608695652173,0.032183111503461904,24,0.25746489202769524
natural,pythia,pythia-160m,11,11,-0.3817391304347826,0.06566315225644624,24,0.38043867154689587
natural,pythia,pythia-160m,8,2,-0.3756521739130434,0.07045361689375702,24,0.38043867154689587
natural,pythia,pythia-160m,10,1,-0.37217391304347824,0.07330810943110252,24,0.38043867154689587
natural,pythia,pythia-160m,9,7,-0.36173913043478256,0.08240024160942253,24,0.38043867154689587
natural,pythia,pythia-160m,8,8,-0.34434782608695647,0.09940670099301682,24,0.38043867154689587
natural,pythia,pythia-160m,8,1,-0.33826086956521734,0.1059344021632205,24,0.38043867154689587
natural,pythia,pythia-160m,9,8,-0.33391304347826084,0.11078683255713417,24,0.38043867154689587
natural,pythia,pythia-160m,9,0,-0.328695652173913,0.11682275058870725,24,0.38043867154689587
natural,pythia,pythia-160m,10,5,-0.32695652173913037,0.11888708485840495,24,0.38043867154689587
natural,pythia,pythia-160m,9,3,-0.31478260869565217,0.13408706839947862,24,0.39954760571468406
natural,pythia,pythia-160m,9,9,-0.3060869565217391,0.14576740958659434,24,0.39954760571468406
natural,pythia,pythia-160m,8,3,-0.3,0.1543630091360108,24,0.39954760571468406
natural,pythia,pythia-160m,9,4,-0.29739130434782607,0.15815426059539578,24,0.39954760571468406
natural,pythia,pythia-160m,11,4,-0.2626086956521739,0.21507317009837812,24,0.4999648289648949
natural,pythia,pythia-160m,8,6,-0.25652173913043474,0.22628553340548088,24,0.4999648289648949
natural,pythia,pythia-160m,9,1,-0.25478260869565217,0.22955896419421634,24,0.4999648289648949
natural,pythia,pythia-160m,11,2,-0.2495652173913043,0.2395664805456788,24,0.4999648289648949
natural,pythia,pythia-160m,10,6,-0.22347826086956518,0.2938468714348546,24,0.5876937428697092
natural,pythia,pythia-160m,10,11,-0.21391304347826084,0.3155271306915456,24,0.6050833546468571
natural,pythia,pythia-160m,11,3,-0.20869565217391303,0.3277534837670476,24,0.6050833546468571
natural,pythia,pythia-160m,11,6,-0.19826086956521738,0.35304943524240395,24,0.6276434404309404
natural,pythia,pythia-160m,8,9,-0.17478260869565218,0.41400702240858334,24,0.6852530026073104
natural,pythia,pythia-160m,10,8,-0.17478260869565218,0.41400702240858334,24,0.6852530026073104
natural,pythia,pythia-160m,10,10,-0.1660869565217391,0.43796690160823903,24,0.7007470425731824
natural,pythia,pythia-160m,11,9,-0.14869565217391303,0.48803379955072457,24,0.7436743945264703
natural,pythia,pythia-160m,11,8,-0.14608695652173911,0.4957829296843136,24,0.7436743945264703
natural,pythia,pythia-160m,11,0,-0.13739130434782607,0.5220471463273302,24,0.7575563542694009
natural,pythia,pythia-160m,9,10,-0.13043478260869562,0.5435259752175851,24,0.7575563542694009
natural,pythia,pythia-160m,9,11,-0.1269565217391304,0.5544163873133454,24,0.7575563542694009
natural,pythia,pythia-160m,9,5,-0.09913043478260869,0.6449056390307348,24,0.8254846893860784
natural,pythia,pythia-160m,10,3,-0.09130434782608696,0.671341269564641,24,0.8254846893860784
natural,pythia,pythia-160m,9,2,-0.08086956521739129,0.707180750468238,24,0.8254846893860784
natural,pythia,pythia-160m,10,2,-0.07739130434782608,0.7192671455433247,24,0.8254846893860784
natural,pythia,pythia-160m,10,0,-0.07652173913043478,0.7222991032128186,24,0.8254846893860784
natural,pythia,pythia-160m,8,5,-0.04,0.8527804394339904,24,0.9130111307427594
natural,pythia,pythia-160m,11,7,-0.03913043478260869,0.855947935071337,24,0.9130111307427594
natural,pythia,pythia-160m,9,6,-0.021739130434782605,0.9196887674366272,24,0.9588999492209467
natural,pythia,pythia-160m,8,7,0.010434782608695651,0.9614038727773804,24,0.9614038727773804
natural,pythia,pythia-160m,10,7,0.01652173913043478,0.9389228669455103,24,0.9588999492209467
natural,pythia,pythia-160m,10,4,0.06173913043478261,0.7744295754905792,24,0.8644795261290187
natural,pythia,pythia-160m,8,10,0.09043478260869564,0.6743027582561099,24,0.8254846893860784
natural,pythia,pythia-160m,8,0,0.1226086956521739,0.5681672657020507,24,0.7575563542694009
natural,pythia,pythia-1b,14,4,-0.5069565217391303,0.011461586292892815,24,0.4068917387298091
natural,pythia,pythia-1b,15,4,-0.47043478260869553,0.020344586936490456,24,0.4068917387298091
natural,pythia,pythia-1b,13,4,-0.44,0.03142771515017861,24,0.41903620200238145
natural,pythia,pythia-1b,15,6,-0.3930434782608695,0.057433088555270156,24,0.5199975948555271
natural,pythia,pythia-1b,12,5,-0.38260869565217387,0.06499969935694089,24,0.5199975948555271
natural,pythia,pythia-1b,13,1,-0.36,0.08399469645152523,24,0.5599646430101682
natural,pythia,pythia-1b,13,5,-0.31913043478260866,0.12850627888142294,24,0.7262226914838371
natural,pythia,pythia-1b,15,1,-0.2791304347826086,0.18653796075704562,24,0.7262226914838371
natural,pythia,pythia-1b,11,6,-0.2773913043478261,0.1894123670698225,24,0.7262226914838371
natural,pythia,pythia-1b,14,6,-0.27391304347826084,0.19525188107441607,24,0.7262226914838371
natural,pythia,pythia-1b,11,3,-0.2713043478260869,0.19971124015805522,24,0.7262226914838371
natural,pythia,pythia-1b,15,5,-0.2573913043478261,0.22466048988773962,24,0.7488682996257987
natural,pythia,pythia-1b,12,7,-0.2208695652173913,0.29966517423017214,24,0.7606164614836951
natural,pythia,pythia-1b,14,0,-0.19999999999999998,0.34875573272354543,24,0.7606164614836951
natural,pythia,pythia-1b,14,2,-0.1782608695652174,0.4046292620718748,24,0.7606164614836951
natural,pythia,pythia-1b,15,0,-0.1782608695652174,0.4046292620718748,24,0.7606164614836951
natural,pythia,pythia-1b,15,2,-0.17739130434782607,0.40696255139715687,24,0.7606164614836951
natural,pythia,pythia-1b,12,3,-0.17391304347826084,0.4163699952935561,24,0.7606164614836951
natural,pythia,pythia-1b,14,7,-0.1652173913043478,0.4404029231283094,24,0.7606164614836951
natural,pythia,pythia-1b,12,2,-0.16,0.455169720215426,24,0.7606164614836951
natural,pythia,pythia-1b,14,1,-0.16,0.455169720215426,24,0.7606164614836951
natural,pythia,pythia-1b,11,7,-0.15130434782608695,0.4803459029793672,24,0.7606164614836951
natural,pythia,pythia-1b,13,2,-0.14869565217391303,0.48803379955072457,24,0.7606164614836951
natural,pythia,pythia-1b,12,6,-0.14608695652173911,0.4957829296843136,24,0.7606164614836951
natural,pythia,pythia-1b,11,0,-0.14260869565217388,0.506209233952854,24,0.7606164614836951
natural,pythia,pythia-1b,13,0,-0.13565217391304346,0.5273785419058558,24,0.7606164614836951
natural,pythia,pythia-1b,15,7,-0.1208695652173913,0.5737097351958667,24,0.7606164614836951
natural,pythia,pythia-1b,11,2,-0.11565217391304347,0.590478316886841,24,0.7606164614836951
natural,pythia,pythia-1b,14,3,-0.11565217391304347,0.590478316886841,24,0.7606164614836951
natural,pythia,pythia-1b,13,6,-0.11391304347826085,0.5961140506694134,24,0.7606164614836951
natural,pythia,pythia-1b,12,0,-0.1060869565217391,0.6217515088671185,24,0.7606164614836951
natural,pythia,pythia-1b,14,5,-0.10434782608695652,0.6275085807240485,24,0.7606164614836951
natural,pythia,pythia-1b,13,7,-0.09217391304347824,0.6683845191595212,24,0.7638680218965958
natural,pythia,pythia-1b,15,3,-0.09217391304347824,0.6683845191595212,24,0.7638680218965958
natural,pythia,pythia-1b,11,4,-0.08086956521739129,0.707180750468238,24,0.7677795158873071
natural,pythia,pythia-1b,11,1,-0.08,0.7101960521957591,24,0.7677795158873071
natural,pythia,pythia-1b,11,5,-0.05826086956521739,0.7868436161547347,24,0.8086881976469137
natural,pythia,pythia-1b,13,3,-0.05565217391304347,0.7961874995255513,24,0.8086881976469137
natural,pythia,pythia-1b,12,4,-0.05217391304347826,0.8086881976469136,24,0.8086881976469137
natural,pythia,pythia-1b,12,1,0.1243478260869565,0.5626487416883164,24,0.7606164614836951
natural,pythia,pythia-2.8b,22,11,-0.6417391304347826,0.0007243804451471963,24,0.2318017424471028
natural,pythia,pythia-2.8b,25,3,-0.5834782608695652,0.0027629445069863624,24,0.31499591294412743
natural,pythia,pythia-2.8b,22,6,-0.5678260869565217,0.003799673322503558,24,0.31499591294412743
natural,pythia,pythia-2.8b,29,10,-0.5643478260869564,0.004069953445429263,24,0.31499591294412743
natural,pythia,pythia-2.8b,30,6,-0.5339130434782609,0.007204793915181842,24,0.31499591294412743
natural,pythia,pythia-2.8b,26,20,-0.5191304347826087,0.009336095584399826,24,0.31499591294412743
natural,pythia,pythia-2.8b,30,7,-0.5165217391304348,0.009761613063737264,24,0.31499591294412743
natural,pythia,pythia-2.8b,22,4,-0.5130434782608695,0.010353828161824782,24,0.31499591294412743
natural,pythia,pythia-2.8b,28,11,-0.5104347826086956,0.010817218599752949,24,0.31499591294412743
natural,pythia,pythia-2.8b,23,22,-0.5017391304347826,0.012487219414302085,24,0.31499591294412743
natural,pythia,pythia-2.8b,28,31,-0.49999999999999994,0.012845420968005795,24,0.31499591294412743
natural,pythia,pythia-2.8b,23,29,-0.49652173913043474,0.013587180235989135,24,0.31499591294412743
natural,pythia,pythia-2.8b,29,19,-0.49478260869565216,0.013971033061045203,24,0.31499591294412743
natural,pythia,pythia-2.8b,25,15,-0.4913043478260869,0.014765433419255973,24,0.31499591294412743
natural,pythia,pythia-2.8b,27,28,-0.47130434782608693,0.020082231188607965,24,0.374689117011976
natural,pythia,pythia-2.8b,28,22,-0.46956521739130425,0.020609713704158844,24,0.374689117011976
natural,pythia,pythia-2.8b,25,6,-0.4669565217391304,0.021421931678215295,24,0.374689117011976
natural,pythia,pythia-2.8b,22,1,-0.46173913043478254,0.02312405927019514,24,0.374689117011976
natural,pythia,pythia-2.8b,28,30,-0.46086956521739125,0.0234180698132485,24,0.374689117011976
natural,pythia,pythia-2.8b,28,13,-0.4495652173913043,0.027521911769761136,24,0.40523697311308776
natural,pythia,pythia-2.8b,23,30,-0.44869565217391305,0.027860041901524784,24,0.40523697311308776
natural,pythia,pythia-2.8b,30,3,-0.44,0.03142771515017861,24,0.43725516730683284
natural,pythia,pythia-2.8b,28,17,-0.43478260869565216,0.033737255575550164,24,0.44983007434066885
natural,pythia,pythia-2.8b,28,5,-0.4234782608695652,0.03920394759394161,24,0.48524361156663337
natural,pythia,pythia-2.8b,24,17,-0.41913043478260864,0.04148369708784365,24,0.48524361156663337
natural,pythia,pythia-2.8b,23,23,-0.4130434782608695,0.04484915389981765,24,0.48524361156663337
natural,pythia,pythia-2.8b,27,8,-0.4104347826086956,0.04635539124201927,24,0.48524361156663337
natural,pythia,pythia-2.8b,28,10,-0.40869565217391296,0.047381337539541823,24,0.48524361156663337
natural,pythia,pythia-2.8b,29,28,-0.40782608695652167,0.04790092056917202,24,0.48524361156663337
natural,pythia,pythia-2.8b,24,1,-0.4060869565217391,0.04895342898055785,24,0.48524361156663337
natural,pythia,pythia-2.8b,25,25,-0.39999999999999997,0.05277988140256792,24,0.48524361156663337
natural,pythia,pythia-2.8b,31,11,-0.39999999999999997,0.05277988140256792,24,0.48524361156663337
natural,pythia,pythia-2.8b,26,29,-0.39391304347826084,0.056834695519630066,24,0.48524361156663337
natural,pythia,pythia-2.8b,28,25,-0.3913043478260869,0.05864447105666783,24,0.48524361156663337
natural,pythia,pythia-2.8b,29,16,-0.3913043478260869,0.05864447105666783,24,0.48524361156663337
natural,pythia,pythia-2.8b,29,13,-0.38956521739130434,0.059875479374870595,24,0.48524361156663337
natural,pythia,pythia-2.8b,24,20,-0.38956521739130434,0.059875479374870595,24,0.48524361156663337
natural,pythia,pythia-2.8b,24,18,-0.3852173913043478,0.06304015267072925,24,0.48524361156663337
natural,pythia,pythia-2.8b,22,10,-0.3852173913043478,0.06304015267072925,24,0.48524361156663337
natural,pythia,pythia-2.8b,27,26,-0.38434782608695645,0.06368822401812063,24,0.48524361156663337
natural,pythia,pythia-2.8b,22,5,-0.38,0.06700561062998242,24,0.48617933029124394
natural,pythia,pythia-2.8b,27,15,-0.3782608695652173,0.06836896832220618,24,0.48617933029124394
natural,pythia,pythia-2.8b,22,25,-0.3782608695652173,0.06836896832220618,24,0.48617933029124394
natural,pythia,pythia-2.8b,28,1,-0.3756521739130434,0.07045361689375702,24,0.49011211752178796
natural,pythia,pythia-2.8b,23,24,-0.36695652173913035,0.07775361602859569,24,0.5293863218968218
natural,pythia,pythia-2.8b,23,2,-0.36173913043478256,0.08240024160942253,24,0.5427236869227196
natural,pythia,pythia-2.8b,26,30,-0.36,0.08399469645152523,24,0.5427236869227196
natural,pythia,pythia-2.8b,31,9,-0.35913043478260864,0.08480057608167493,24,0.5427236869227196
natural,pythia,pythia-2.8b,31,20,-0.3521739130434782,0.09145834490857085,24,0.5457729400561016
natural,pythia,pythia-2.8b,30,4,-0.35130434782608694,0.09231725461010774,24,0.5457729400561016
natural,pythia,pythia-2.8b,29,0,-0.34956521739130436,0.0940531188359595,24,0.5457729400561016
natural,pythia,pythia-2.8b,28,2,-0.348695652173913,0.09493011884568245,24,0.5457729400561016
natural,pythia,pythia-2.8b,28,9,-0.3478260869565217,0.09581319432361446,24,0.5457729400561016
natural,pythia,pythia-2.8b,22,21,-0.34434782608695647,0.09940670099301682,24,0.5457729400561016
natural,pythia,pythia-2.8b,31,18,-0.34347826086956523,0.10032049069469841,24,0.5457729400561016
natural,pythia,pythia-2.8b,29,26,-0.3426086956521739,0.10124049007057848,24,0.5457729400561016
natural,pythia,pythia-2.8b,29,9,-0.3408695652173913,0.10309920611122532,24,0.5457729400561016
natural,pythia,pythia-2.8b,30,11,-0.33999999999999997,0.10403796669819437,24,0.5457729400561016
natural,pythia,pythia-2.8b,30,20,-0.33652173913043476,0.10785620119274736,24,0.5566771674464379
natural,pythia,pythia-2.8b,26,19,-0.3304347826086956,0.11478470741054946,24,0.5676069099698657
natural,pythia,pythia-2.8b,27,14,-0.328695652173913,0.11682275058870725,24,0.5676069099698657
natural,pythia,pythia-2.8b,29,30,-0.32695652173913037,0.11888708485840495,24,0.5676069099698657
natural,pythia,pythia-2.8b,27,27,-0.32434782608695645,0.12203323885388005,24,0.5676069099698657
natural,pythia,pythia-2.8b,27,13,-0.32347826086956516,0.12309527821926133,24,0.5676069099698657
natural,pythia,pythia-2.8b,26,26,-0.3208695652173913,0.12632163923076095,24,0.5693369655470916
natural,pythia,pythia-2.8b,30,1,-0.31913043478260866,0.12850627888142294,24,0.5711390172507687
natural,pythia,pythia-2.8b,23,7,-0.31565217391304345,0.13295721253912648,24,0.5798359714572048
natural,pythia,pythia-2.8b,23,8,-0.31478260869565217,0.13408706839947862,24,0.5798359714572048
natural,pythia,pythia-2.8b,26,9,-0.31130434782608696,0.13867554266987714,24,0.5882066689238203
natural,pythia,pythia-2.8b,24,25,-0.3095652173913043,0.1410114671131046,24,0.5882066689238203
natural,pythia,pythia-2.8b,23,12,-0.308695652173913,0.1421899144300473,24,0.5882066689238203
natural,pythia,pythia-2.8b,28,21,-0.3078260869565217,0.1433753755501812,24,0.5882066689238203
natural,pythia,pythia-2.8b,31,28,-0.30347826086956514,0.14940850037488196,24,0.6051989888602813
natural,pythia,pythia-2.8b,29,21,-0.2982608695652174,0.15688329961066771,24,0.6062807862233953
natural,pythia,pythia-2.8b,25,24,-0.29739130434782607,0.15815426059539578,24,0.6062807862233953
natural,pythia,pythia-2.8b,24,0,-0.2965217391304348,0.15943245327776354,24,0.6062807862233953
natural,pythia,pythia-2.8b,25,9,-0.29565217391304344,0.1607178933622431,24,0.6062807862233953
natural,pythia,pythia-2.8b,27,2,-0.2939130434782608,0.1633105777659174,24,0.6062807862233953
natural,pythia,pythia-2.8b,26,27,-0.29217391304347823,0.16593243626569426,24,0.6062807862233953
natural,pythia,pythia-2.8b,28,28,-0.29130434782608694,0.16725434336435271,24,0.6062807862233953
natural,pythia,pythia-2.8b,30,5,-0.29130434782608694,0.16725434336435271,24,0.6062807862233953
natural,pythia,pythia-2.8b,23,28,-0.2904347826086956,0.16858358873548324,24,0.6062807862233953
natural,pythia,pythia-2.8b,28,4,-0.28782608695652173,0.17261549938271942,24,0.6062807862233953
natural,pythia,pythia-2.8b,27,6,-0.2869565217391304,0.1739742419036643,24,0.6062807862233953
natural,pythia,pythia-2.8b,26,0,-0.2860869565217391,0.17534039388346917,24,0.6062807862233953
natural,pythia,pythia-2.8b,22,12,-0.2843478260869565,0.17809498095312237,24,0.6062807862233953
natural,pythia,pythia-2.8b,26,18,-0.2843478260869565,0.17809498095312237,24,0.6062807862233953
natural,pythia,pythia-2.8b,31,5,-0.2773913043478261,0.1894123670698225,24,0.6380206048667705
natural,pythia,pythia-2.8b,24,14,-0.27304347826086955,0.1967307228902543,24,0.6557690763008477
natural,pythia,pythia-2.8b,24,11,-0.26608695652173914,0.20883621481010178,24,0.680837136544729
natural,pythia,pythia-2.8b,28,3,-0.2643478260869565,0.21193927878705082,24,0.680837136544729
natural,pythia,pythia-2.8b,26,16,-0.26086956521739124,0.21823795857184675,24,0.680837136544729
natural,pythia,pythia-2.8b,26,11,-0.25999999999999995,0.21983196016993542,24,0.680837136544729
natural,pythia,pythia-2.8b,26,17,-0.2573913043478261,0.22466048988773962,24,0.680837136544729
natural,pythia,pythia-2.8b,28,19,-0.25652173913043474,0.22628553340548088,24,0.680837136544729
natural,pythia,pythia-2.8b,24,2,-0.25652173913043474,0.22628553340548088,24,0.680837136544729
natural,pythia,pythia-2.8b,23,27,-0.25478260869565217,0.22955896419421634,24,0.680837136544729
natural,pythia,pythia-2.8b,22,19,-0.25304347826086954,0.23286356530495447,24,0.680837136544729
natural,pythia,pythia-2.8b,23,10,-0.25304347826086954,0.23286356530495447,24,0.680837136544729
natural,pythia,pythia-2.8b,27,3,-0.25217391304347825,0.2345275709216195,24,0.680837136544729
natural,pythia,pythia-2.8b,23,9,-0.25130434782608696,0.23619938811607974,24,0.680837136544729
natural,pythia,pythia-2.8b,31,31,-0.248695652173913,0.2412617668879545,24,0.680837136544729
natural,pythia,pythia-2.8b,30,29,-0.2478260869565217,0.2429648870203895,24,0.680837136544729
natural,pythia,pythia-2.8b,30,13,-0.2478260869565217,0.2429648870203895,24,0.680837136544729
natural,pythia,pythia-2.8b,26,12,-0.24695652173913044,0.244675845945762,24,0.680837136544729
natural,pythia,pythia-2.8b,29,4,-0.24434782608695652,0.24985580217173986,24,0.6892573853013514
natural,pythia,pythia-2.8b,30,8,-0.24260869565217388,0.25334838197246135,24,0.6929186515486122
natural,pythia,pythia-2.8b,23,5,-0.24086956521739128,0.2568724180084135,24,0.6966031674804433
natural,pythia,pythia-2.8b,31,19,-0.23652173913043475,0.2658202941596181,24,0.701020128180931
natural,pythia,pythia-2.8b,22,7,-0.23652173913043475,0.2658202941596181,24,0.701020128180931
natural,pythia,pythia-2.8b,28,6,-0.23565217391304347,0.26763351040669076,24,0.701020128180931
natural,pythia,pythia-2.8b,24,7,-0.23478260869565212,0.2694546117695453,24,0.701020128180931
natural,pythia,pythia-2.8b,24,6,-0.23304347826086955,0.27312047592983046,24,0.7039110174289347
natural,pythia,pythia-2.8b,22,2,-0.2278260869565217,0.28430742700718314,24,0.7076926204733095
natural,pythia,pythia-2.8b,28,16,-0.2269565217391304,0.28619953720339847,24,0.7076926204733095
natural,pythia,pythia-2.8b,27,12,-0.22608695652173913,0.2880995376657835,24,0.7076926204733095
natural,pythia,pythia-2.8b,25,19,-0.2252173913043478,0.2900074275938717,24,0.7076926204733095
natural,pythia,pythia-2.8b,24,19,-0.22434782608695653,0.2919232059452402,24,0.7076926204733095
natural,pythia,pythia-2.8b,26,4,-0.22434782608695653,0.2919232059452402,24,0.7076926204733095
natural,pythia,pythia-2.8b,27,9,-0.21652173913043476,0.30951989756230047,24,0.7197922319525899
natural,pythia,pythia-2.8b,25,27,-0.21478260869565213,0.31351686150284375,24,0.7197922319525899
natural,pythia,pythia-2.8b,31,4,-0.21304347826086956,0.31754525245129134,24,0.7197922319525899
natural,pythia,pythia-2.8b,22,15,-0.2121739130434782,0.319571222288681,24,0.7197922319525899
natural,pythia,pythia-2.8b,30,16,-0.21130434782608692,0.321605035459752,24,0.7197922319525899
natural,pythia,pythia-2.8b,31,6,-0.21043478260869564,0.3236466869695016,24,0.7197922319525899
natural,pythia,pythia-2.8b,27,17,-0.21043478260869564,0.3236466869695016,24,0.7197922319525899
natural,pythia,pythia-2.8b,27,19,-0.20956521739130432,0.3256961715714217,24,0.7197922319525899
natural,pythia,pythia-2.8b,29,17,-0.2078260869565217,0.3298186178055177,24,0.7197922319525899
natural,pythia,pythia-2.8b,25,23,-0.20434782608695648,0.33815724851317563,24,0.7197922319525899
natural,pythia,pythia-2.8b,29,7,-0.20434782608695648,0.33815724851317563,24,0.7197922319525899
natural,pythia,pythia-2.8b,29,11,-0.20347826086956516,0.3402613966398863,24,0.7197922319525899
natural,pythia,pythia-2.8b,23,21,-0.2026086956521739,0.34237332678092103,24,0.7197922319525899
natural,pythia,pythia-2.8b,24,28,-0.2026086956521739,0.34237332678092103,24,0.7197922319525899
natural,pythia,pythia-2.8b,26,10,-0.2026086956521739,0.34237332678092103,24,0.7197922319525899
natural,pythia,pythia-2.8b,26,1,-0.2008695652173913,0.3466205027349787,24,0.7197922319525899
natural,pythia,pythia-2.8b,30,12,-0.19913043478260867,0.3508987130768876,24,0.7197922319525899
natural,pythia,pythia-2.8b,30,30,-0.19913043478260867,0.3508987130768876,24,0.7197922319525899
natural,pythia,pythia-2.8b,28,23,-0.19913043478260867,0.3508987130768876,24,0.7197922319525899
natural,pythia,pythia-2.8b,26,7,-0.19652173913043475,0.35737406951590356,24,0.7237955838296781
natural,pythia,pythia-2.8b,24,26,-0.19391304347826085,0.3639188559293709,24,0.7317845945378413
natural,pythia,pythia-2.8b,30,17,-0.19130434782608693,0.37053280666994315,24,0.7317845945378413
natural,pythia,pythia-2.8b,22,30,-0.19043478260869565,0.3727527778427129,24,0.7317845945378413
natural,pythia,pythia-2.8b,25,13,-0.19043478260869565,0.3727527778427129,24,0.7317845945378413
natural,pythia,pythia-2.8b,25,26,-0.19043478260869565,0.3727527778427129,24,0.7317845945378413
natural,pythia,pythia-2.8b,28,8,-0.18347826086956517,0.3907866745462584,24,0.7616550815470584
natural,pythia,pythia-2.8b,27,18,-0.18086956521739128,0.39767420741690407,24,0.7616550815470584
natural,pythia,pythia-2.8b,23,15,-0.18,0.399985075450615,24,0.7616550815470584
natural,pythia,pythia-2.8b,24,8,-0.18,0.399985075450615,24,0.7616550815470584
natural,pythia,pythia-2.8b,27,11,-0.1782608695652174,0.4046292620718748,24,0.7616550815470584
natural,pythia,pythia-2.8b,26,6,-0.17565217391304347,0.41165144697505396,24,0.7703418890761243
natural,pythia,pythia-2.8b,24,16,-0.17043478260869566,0.4258955363074477,24,0.7832561587263407
natural,pythia,pythia-2.8b,28,7,-0.17043478260869566,0.4258955363074477,24,0.7832561587263407
natural,pythia,pythia-2.8b,31,14,-0.17043478260869566,0.4258955363074477,24,0.7832561587263407
natural,pythia,pythia-2.8b,31,12,-0.16695652173913042,0.4355381053206143,24,0.796412535443409
natural,pythia,pythia-2.8b,31,7,-0.1652173913043478,0.4404029231283094,24,0.8007325875060172
natural,pythia,pythia-2.8b,26,2,-0.16347826086956518,0.4452965670426071,24,0.8048605762616683
natural,pythia,pythia-2.8b,22,14,-0.16260869565217392,0.44775415138241526,24,0.8048605762616683
natural,pythia,pythia-2.8b,29,15,-0.16173913043478258,0.4502188848463706,24,0.8048605762616683
natural,pythia,pythia-2.8b,24,10,-0.1591304347826087,0.45765578201494617,24,0.8089674745664186
natural,pythia,pythia-2.8b,28,14,-0.1591304347826087,0.45765578201494617,24,0.8089674745664186
natural,pythia,pythia-2.8b,22,26,-0.15652173913043477,0.4651562978756907,24,0.8089674745664186
natural,pythia,pythia-2.8b,22,23,-0.14869565217391303,0.48803379955072457,24,0.8396280422378056
natural,pythia,pythia-2.8b,27,0,-0.1469565217391304,0.4931931221106659,24,0.8437154282178617
natural,pythia,pythia-2.8b,26,24,-0.1443478260869565,0.5009827163280622,24,0.8437154282178617
natural,pythia,pythia-2.8b,29,27,-0.1434782608695652,0.5035926462175362,24,0.8437154282178617
natural,pythia,pythia-2.8b,26,28,-0.1434782608695652,0.5035926462175362,24,0.8437154282178617
natural,pythia,pythia-2.8b,23,26,-0.1434782608695652,0.5035926462175362,24,0.8437154282178617
natural,pythia,pythia-2.8b,22,22,-0.13652173913043478,0.5247096194478427,24,0.8654417097942249
natural,pythia,pythia-2.8b,23,0,-0.13565217391304346,0.5273785419058558,24,0.8654417097942249
natural,pythia,pythia-2.8b,29,8,-0.13391304347826086,0.5327356259700111,24,0.8696859448745828
natural,pythia,pythia-2.8b,25,2,-0.13304347826086957,0.5354237325436195,24,0.8696859448745828
natural,pythia,pythia-2.8b,30,19,-0.13217391304347825,0.5381181783911482,24,0.8696859448745828
natural,pythia,pythia-2.8b,29,14,-0.12956521739130433,0.546239269258583,24,0.8782809626354207
natural,pythia,pythia-2.8b,30,9,-0.12608695652173912,0.5571544076689683,24,0.8782809626354207
natural,pythia,pythia-2.8b,31,13,-0.1243478260869565,0.5626487416883164,24,0.8782809626354207
natural,pythia,pythia-2.8b,28,12,-0.12347826086956522,0.5654049951421966,24,0.8782990215801112
natural,pythia,pythia-2.8b,22,24,-0.1208695652173913,0.5737097351958667,24,0.8784072500606571
natural,pythia,pythia-2.8b,24,15,-0.1208695652173913,0.5737097351958667,24,0.8784072500606571
natural,pythia,pythia-2.8b,25,7,-0.11478260869565216,0.5932933336915411,24,0.8913327078933951
natural,pythia,pythia-2.8b,26,13,-0.11391304347826085,0.5961140506694134,24,0.8913854963280948
natural,pythia,pythia-2.8b,31,10,-0.11130434782608695,0.6046100724044843,24,0.891590890181728
natural,pythia,pythia-2.8b,31,30,-0.1034782608695652,0.6303950708493536,24,0.9169382848717871
natural,pythia,pythia-2.8b,23,31,-0.10173913043478258,0.6361837822056855,24,0.9170216680442314
natural,pythia,pythia-2.8b,29,3,-0.09913043478260869,0.6449056390307348,24,0.9254251322414132
natural,pythia,pythia-2.8b,23,3,-0.09826086956521737,0.6478231237133647,24,0.9254616053048067
natural,pythia,pythia-2.8b,31,25,-0.09565217391304347,0.6566056616723346,24,0.9256115054411765
natural,pythia,pythia-2.8b,27,7,-0.09565217391304347,0.6566056616723346,24,0.9256115054411765
natural,pythia,pythia-2.8b,25,5,-0.09391304347826085,0.6624853858393347,24,0.9298040503008207
natural,pythia,pythia-2.8b,22,17,-0.08782608695652173,0.6832152692148052,24,0.9425933601842033
natural,pythia,pythia-2.8b,30,14,-0.08695652173913042,0.6861953252985288,24,0.9425933601842033
natural,pythia,pythia-2.8b,27,25,-0.08608695652173912,0.6891799258775774,24,0.9425933601842033
natural,pythia,pythia-2.8b,27,21,-0.08608695652173912,0.6891799258775774,24,0.9425933601842033
natural,pythia,pythia-2.8b,26,8,-0.08521739130434783,0.692169031649988,24,0.9425933601842033
natural,pythia,pythia-2.8b,28,26,-0.08434782608695651,0.6951626031358499,24,0.9425933601842033
natural,pythia,pythia-2.8b,26,3,-0.07739130434782608,0.7192671455433247,24,0.9577712130946273
natural,pythia,pythia-2.8b,29,31,-0.07652173913043478,0.7222991032128186,24,0.9577712130946273
natural,pythia,pythia-2.8b,30,10,-0.06521739130434781,0.7620689398781239,24,0.9577712130946273
natural,pythia,pythia-2.8b,24,12,-0.0634782608695652,0.768242407223753,24,0.9577712130946273
natural,pythia,pythia-2.8b,22,13,-0.0626086956521739,0.7713343005112614,24,0.9577712130946273
natural,pythia,pythia-2.8b,25,8,-0.06173913043478261,0.7744295754905792,24,0.9577712130946273
natural,pythia,pythia-2.8b,24,21,-0.05826086956521739,0.7868436161547347,24,0.9577712130946273
natural,pythia,pythia-2.8b,25,18,-0.05391304347826086,0.8024319710844886,24,0.9577712130946273
natural,pythia,pythia-2.8b,31,24,-0.05304347826086955,0.8055586374612034,24,0.9577712130946273
natural,pythia,pythia-2.8b,30,26,-0.05304347826086955,0.8055586374612034,24,0.9577712130946273
natural,pythia,pythia-2.8b,31,27,-0.05217391304347826,0.8086881976469136,24,0.9577712130946273
natural,pythia,pythia-2.8b,25,20,-0.05217391304347826,0.8086881976469136,24,0.9577712130946273
natural,pythia,pythia-2.8b,24,27,-0.05130434782608695,0.8118206065534151,24,0.9577712130946273
natural,pythia,pythia-2.8b,26,23,-0.050434782608695654,0.8149558189775674,24,0.9577712130946273
natural,pythia,pythia-2.8b,30,31,-0.049565217391304345,0.8180937896030709,24,0.9577712130946273
natural,pythia,pythia-2.8b,23,17,-0.049565217391304345,0.8180937896030709,24,0.9577712130946273
natural,pythia,pythia-2.8b,26,22,-0.049565217391304345,0.8180937896030709,24,0.9577712130946273
natural,pythia,pythia-2.8b,22,9,-0.04869565217391304,0.8212344730022532,24,0.9577712130946273
natural,pythia,pythia-2.8b,31,29,-0.04869565217391304,0.8212344730022532,24,0.9577712130946273
natural,pythia,pythia-2.8b,29,1,-0.046956521739130425,0.8275237958648594,24,0.9577712130946273
natural,pythia,pythia-2.8b,22,3,-0.04521739130434782,0.8338234219848106,24,0.9577712130946273
natural,pythia,pythia-2.8b,25,11,-0.04521739130434782,0.8338234219848106,24,0.9577712130946273
natural,pythia,pythia-2.8b,25,28,-0.04347826086956521,0.8401329841149333,24,0.9577712130946273
natural,pythia,pythia-2.8b,24,4,-0.041739130434782605,0.8464521133997218,24,0.9577712130946273
natural,pythia,pythia-2.8b,29,18,-0.041739130434782605,0.8464521133997218,24,0.9577712130946273
natural,pythia,pythia-2.8b,29,23,-0.04,0.8527804394339904,24,0.9577712130946273
natural,pythia,pythia-2.8b,27,5,-0.03826086956521739,0.8591175903218993,24,0.9577712130946273
natural,pythia,pythia-2.8b,23,4,-0.03826086956521739,0.8591175903218993,24,0.9577712130946273
natural,pythia,pythia-2.8b,22,31,-0.03826086956521739,0.8591175903218993,24,0.9577712130946273
natural,pythia,pythia-2.8b,30,25,-0.03739130434782608,0.8622893584755251,24,0.9577712130946273
natural,pythia,pythia-2.8b,27,30,-0.03652173913043478,0.8654631927363388,24,0.9577712130946273
natural,pythia,pythia-2.8b,31,26,-0.034782608695652174,0.8718168719786574,24,0.9577712130946273
natural,pythia,pythia-2.8b,23,11,-0.033913043478260865,0.8749966229566861,24,0.9577712130946273
natural,pythia,pythia-2.8b,24,30,-0.03130434782608695,0.884546955655295,24,0.9577712130946273
natural,pythia,pythia-2.8b,24,29,-0.027826086956521737,0.8973048186218164,24,0.9577712130946273
natural,pythia,pythia-2.8b,22,27,-0.02695652173913043,0.9004982689028822,24,0.9577712130946273
natural,pythia,pythia-2.8b,26,14,-0.02695652173913043,0.9004982689028822,24,0.9577712130946273
natural,pythia,pythia-2.8b,28,24,-0.025217391304347827,0.9068896173989752,24,0.9577712130946273
natural,pythia,pythia-2.8b,23,1,-0.025217391304347827,0.9068896173989752,24,0.9577712130946273
natural,pythia,pythia-2.8b,22,18,-0.020869565217391303,0.9228917031216202,24,0.9651155065324133
natural,pythia,pythia-2.8b,30,2,-0.013913043478260868,0.9485530177017847,24,0.9823202772316216
natural,pythia,pythia-2.8b,30,28,-0.01217391304347826,0.9549770846497847,24,0.9857827970578422
natural,pythia,pythia-2.8b,27,1,-0.008695652173913044,0.967832994170269,24,0.98947782151593
natural,pythia,pythia-2.8b,25,17,-0.007826086956521738,0.9710483085120961,24,0.9896033717320725
natural,pythia,pythia-2.8b,29,6,-0.00608695652173913,0.9774802016477158,24,0.9898533687571804
natural,pythia,pythia-2.8b,28,18,-0.003478260869565217,0.9871304734643621,24,0.9964724022353182
natural,pythia,pythia-2.8b,23,19,-0.0008695652173913043,0.9967824967252694,24,0.9999072067463518
natural,pythia,pythia-2.8b,29,12,0.0,1.0,24,1.0
natural,pythia,pythia-2.8b,24,23,0.0017391304347826085,0.9935650421080594,24,0.9998138788508774
natural,pythia,pythia-2.8b,26,21,0.006956521739130434,0.9742640605332525,24,0.9897285694306057
natural,pythia,pythia-2.8b,25,0,0.009565217391304347,0.9646181660759277,24,0.9893519652060797
natural,pythia,pythia-2.8b,26,5,0.010434782608695651,0.9614038727773804,24,0.9892258498030922
natural,pythia,pythia-2.8b,24,3,0.01652173913043478,0.9389228669455103,24,0.9755042773459848
natural,pythia,pythia-2.8b,31,8,0.02,0.9260958020254711,24,0.9653115851731296
natural,pythia,pythia-2.8b,31,22,0.020869565217391303,0.9228917031216202,24,0.9651155065324133
natural,pythia,pythia-2.8b,30,24,0.02260869565217391,0.9164870430337815,24,0.9647232031934541
natural,pythia,pythia-2.8b,30,18,0.025217391304347827,0.9068896173989752,24,0.9577712130946273
natural,pythia,pythia-2.8b,25,1,0.02695652173913043,0.9004982689028822,24,0.9577712130946273
natural,pythia,pythia-2.8b,30,22,0.02869565217391304,0.8941129145750657,24,0.9577712130946273
natural,pythia,pythia-2.8b,28,0,0.02869565217391304,0.8941129145750657,24,0.9577712130946273
natural,pythia,pythia-2.8b,26,25,0.029565217391304344,0.8909226043767046,24,0.9577712130946273
natural,pythia,pythia-2.8b,31,0,0.03217391304347826,0.8813617120284872,24,0.9577712130946273
natural,pythia,pythia-2.8b,23,18,0.03565217391304347,0.8686390462246146,24,0.9577712130946273
natural,pythia,pythia-2.8b,27,22,0.03826086956521739,0.8591175903218993,24,0.9577712130946273
natural,pythia,pythia-2.8b,24,9,0.04,0.8527804394339904,24,0.9577712130946273
natural,pythia,pythia-2.8b,22,16,0.041739130434782605,0.8464521133997218,24,0.9577712130946273
natural,pythia,pythia-2.8b,29,5,0.041739130434782605,0.8464521133997218,24,0.9577712130946273
natural,pythia,pythia-2.8b,31,16,0.04869565217391304,0.8212344730022532,24,0.9577712130946273
natural,pythia,pythia-2.8b,30,0,0.05391304347826086,0.8024319710844886,24,0.9577712130946273
natural,pythia,pythia-2.8b,22,20,0.05652173913043478,0.7930697839291405,24,0.9577712130946273
natural,pythia,pythia-2.8b,24,5,0.05826086956521739,0.7868436161547347,24,0.9577712130946273
natural,pythia,pythia-2.8b,29,22,0.06,0.7806300955564118,24,0.9577712130946273
natural,pythia,pythia-2.8b,28,20,0.0608695652173913,0.7775281884531549,24,0.9577712130946273
natural,pythia,pythia-2.8b,23,25,0.06173913043478261,0.7744295754905792,24,0.9577712130946273
natural,pythia,pythia-2.8b,27,20,0.0634782608695652,0.768242407223753,24,0.9577712130946273
natural,pythia,pythia-2.8b,27,4,0.0634782608695652,0.768242407223753,24,0.9577712130946273
natural,pythia,pythia-2.8b,31,1,0.06434782608695652,0.7651539392008924,24,0.9577712130946273
natural,pythia,pythia-2.8b,27,16,0.06521739130434781,0.7620689398781239,24,0.9577712130946273
natural,pythia,pythia-2.8b,25,16,0.06695652173913043,0.7559095203776366,24,0.9577712130946273
natural,pythia,pythia-2.8b,27,29,0.06695652173913043,0.7559095203776366,24,0.9577712130946273
natural,pythia,pythia-2.8b,31,17,0.07043478260869565,0.7436342012968032,24,0.9577712130946273
natural,pythia,pythia-2.8b,27,10,0.07478260869565216,0.7283751615575544,24,0.9577712130946273
natural,pythia,pythia-2.8b,30,23,0.07565217391304348,0.7253351223309568,24,0.9577712130946273
natural,pythia,pythia-2.8b,31,23,0.07652173913043478,0.7222991032128186,24,0.9577712130946273
natural,pythia,pythia-2.8b,29,25,0.08434782608695651,0.6951626031358499,24,0.9425933601842033
natural,pythia,pythia-2.8b,25,29,0.09217391304347824,0.6683845191595212,24,0.933987101008938
natural,pythia,pythia-2.8b,24,31,0.09739130434782609,0.6507456469889163,24,0.9255049201620144
natural,pythia,pythia-2.8b,30,27,0.1026086956521739,0.6332868165639749,24,0.9169763859749862
natural,pythia,pythia-2.8b,24,13,0.10434782608695652,0.6275085807240485,24,0.9169075152132216
natural,pythia,pythia-2.8b,23,13,0.10956521739130433,0.6103019785284629,24,0.8958561152711382
natural,pythia,pythia-2.8b,31,3,0.11217391304347826,0.601772453267223,24,0.891514745581071
natural,pythia,pythia-2.8b,24,24,0.11304347826086956,0.5989404349055967,24,0.891446228696702
natural,pythia,pythia-2.8b,23,20,0.11478260869565216,0.5932933336915411,24,0.8913327078933951
natural,pythia,pythia-2.8b,23,16,0.11739130434782606,0.5848655143600632,24,0.8869998322048351
natural,pythia,pythia-2.8b,22,0,0.11826086956521738,0.5820677933682575,24,0.8869604470373449
natural,pythia,pythia-2.8b,22,29,0.1208695652173913,0.5737097351958667,24,0.8784072500606571
natural,pythia,pythia-2.8b,29,2,0.1243478260869565,0.5626487416883164,24,0.8782809626354207
natural,pythia,pythia-2.8b,28,27,0.1252173913043478,0.559898535790483,24,0.8782809626354207
natural,pythia,pythia-2.8b,22,8,0.12608695652173912,0.5571544076689683,24,0.8782809626354207
natural,pythia,pythia-2.8b,23,6,0.1269565217391304,0.5544163873133454,24,0.8782809626354207
natural,pythia,pythia-2.8b,30,15,0.13565217391304346,0.5273785419058558,24,0.8654417097942249
natural,pythia,pythia-2.8b,31,15,0.1408695652173913,0.511462281884675,24,0.8524371364744584
natural,pythia,pythia-2.8b,28,29,0.15130434782608695,0.4803459029793672,24,0.8308685889372838
natural,pythia,pythia-2.8b,25,4,0.15739130434782608,0.46264909166367674,24,0.8089674745664186
natural,pythia,pythia-2.8b,31,21,0.15826086956521737,0.460148912728106,24,0.8089674745664186
natural,pythia,pythia-2.8b,29,24,0.1782608695652174,0.4046292620718748,24,0.7616550815470584
natural,pythia,pythia-2.8b,25,14,0.1826086956521739,0.393074993112294,24,0.7616550815470584
natural,pythia,pythia-2.8b,31,2,0.19652173913043475,0.35737406951590356,24,0.7237955838296781
natural,pythia,pythia-2.8b,23,14,0.19999999999999998,0.34875573272354543,24,0.7197922319525899
natural,pythia,pythia-2.8b,25,31,0.21043478260869564,0.3236466869695016,24,0.7197922319525899
natural,pythia,pythia-2.8b,24,22,0.21739130434782608,0.30753321054890737,24,0.7197922319525899
natural,pythia,pythia-2.8b,27,23,0.21913043478260866,0.3035834439172306,24,0.7197922319525899
natural,pythia,pythia-2.8b,25,12,0.2208695652173913,0.29966517423017214,24,0.7197922319525899
natural,pythia,pythia-2.8b,25,10,0.22869565217391302,0.2824232076363163,24,0.7076926204733095
natural,pythia,pythia-2.8b,29,20,0.23217391304347823,0.2749652411831776,24,0.7039110174289347
natural,pythia,pythia-2.8b,26,31,0.23565217391304347,0.26763351040669076,24,0.701020128180931
natural,pythia,pythia-2.8b,25,30,0.2495652173913043,0.2395664805456788,24,0.680837136544729
natural,pythia,pythia-2.8b,27,24,0.2539130434782608,0.23120736516745433,24,0.680837136544729
natural,pythia,pythia-2.8b,27,31,0.2643478260869565,0.21193927878705082,24,0.680837136544729
natural,pythia,pythia-2.8b,29,29,0.28782608695652173,0.17261549938271942,24,0.6062807862233953
natural,pythia,pythia-2.8b,22,28,0.32260869565217387,0.12416401155590813,24,0.5676069099698657
natural,pythia,pythia-2.8b,25,21,0.32260869565217387,0.12416401155590813,24,0.5676069099698657
natural,pythia,pythia-2.8b,28,15,0.3347826086956522,0.10980353592186973,24,0.5577322459523542
natural,pythia,pythia-2.8b,26,15,0.3565217391304348,0.08725310458309894,24,0.5457729400561016
natural,pythia,pythia-2.8b,30,21,0.3852173913043478,0.06304015267072925,24,0.48524361156663337
natural,pythia,pythia-2.8b,25,22,0.5408695652173913,0.0063521895787367125,24,0.31499591294412743
natural,pythia,pythia-410m,23,12,-0.748695652173913,2.572115022075952e-05,24,0.0032923072282572186
natural,pythia,pythia-410m,20,12,-0.6686956521739129,0.0003540118899656703,24,0.022656760957802898
natural,pythia,pythia-410m,22,3,-0.5965217391304348,0.002092699070468261,24,0.08928849367331247
natural,pythia,pythia-410m,16,15,-0.5617391304347825,0.004283140443219148,24,0.13706049418301275
natural,pythia,pythia-410m,23,14,-0.5243478260869565,0.00853108886118977,24,0.19917003913386297
natural,pythia,pythia-410m,22,11,-0.5191304347826087,0.009336095584399826,24,0.19917003913386297
natural,pythia,pythia-410m,23,7,-0.5008695652173912,0.012665278925668665,24,0.23159367178365559
natural,pythia,pythia-410m,22,6,-0.4834782608695652,0.016688563317628143,24,0.2670170130820503
natural,pythia,pythia-410m,21,2,-0.44,0.03142771515017861,24,0.39589122751639694
natural,pythia,pythia-410m,20,6,-0.4269565217391304,0.03745231387529931,24,0.39589122751639694
natural,pythia,pythia-410m,20,9,-0.42260869565217385,0.039651798676195504,24,0.39589122751639694
natural,pythia,pythia-410m,20,11,-0.41826086956521735,0.041951916181776266,24,0.39589122751639694
natural,pythia,pythia-410m,22,5,-0.41478260869565214,0.04386649848070579,24,0.39589122751639694
natural,pythia,pythia-410m,21,15,-0.41478260869565214,0.04386649848070579,24,0.39589122751639694
natural,pythia,pythia-410m,21,6,-0.4060869565217391,0.04895342898055785,24,0.39589122751639694
natural,pythia,pythia-410m,21,3,-0.4052173913043478,0.04948640343954962,24,0.39589122751639694
natural,pythia,pythia-410m,18,10,-0.39652173913043476,0.05506841408516782,24,0.4146327648765577
natural,pythia,pythia-410m,20,7,-0.3904347826086956,0.05925750969939877,24,0.42138673564016904
natural,pythia,pythia-410m,18,5,-0.37652173913043474,0.06975342004393108,24,0.469917777138062
natural,pythia,pythia-410m,22,0,-0.3643478260869565,0.08005146755932797,24,0.5042388575011365
natural,pythia,pythia-410m,19,14,-0.35913043478260864,0.08480057608167493,24,0.5042388575011365
natural,pythia,pythia-410m,20,0,-0.3565217391304348,0.08725310458309894,24,0.5042388575011365
natural,pythia,pythia-410m,23,10,-0.34434782608695647,0.09940670099301682,24,0.5293425092818311
natural,pythia,pythia-410m,21,10,-0.33304347826086955,0.11177657698587248,24,0.5293425092818311
natural,pythia,pythia-410m,22,10,-0.3304347826086956,0.11478470741054946,24,0.5293425092818311
natural,pythia,pythia-410m,17,0,-0.32956521739130434,0.11580045288804089,24,0.5293425092818311
natural,pythia,pythia-410m,18,11,-0.328695652173913,0.11682275058870725,24,0.5293425092818311
natural,pythia,pythia-410m,20,5,-0.32608695652173914,0.11992916225916488,24,0.5293425092818311
natural,pythia,pythia-410m,17,3,-0.3026086956521739,0.15063640962783909,24,0.5510177951122109
natural,pythia,pythia-410m,18,2,-0.29913043478260865,0.155619554462795,24,0.5510177951122109
natural,pythia,pythia-410m,22,8,-0.2982608695652174,0.15688329961066771,24,0.5510177951122109
natural,pythia,pythia-410m,16,0,-0.29478260869565215,0.16201059639566906,24,0.5510177951122109
natural,pythia,pythia-410m,19,2,-0.2939130434782608,0.1633105777659174,24,0.5510177951122109
natural,pythia,pythia-410m,17,4,-0.29130434782608694,0.16725434336435271,24,0.5510177951122109
natural,pythia,pythia-410m,22,15,-0.2869565217391304,0.1739742419036643,24,0.5510177951122109
natural,pythia,pythia-410m,20,4,-0.2860869565217391,0.17534039388346917,24,0.5510177951122109
natural,pythia,pythia-410m,23,11,-0.28521739130434776,0.17671396904879358,24,0.5510177951122109
natural,pythia,pythia-410m,19,15,-0.28086956521739126,0.1836936608986879,24,0.5510177951122109
natural,pythia,pythia-410m,21,12,-0.27999999999999997,0.1851120536513263,24,0.5510177951122109
natural,pythia,pythia-410m,21,7,-0.2791304347826086,0.18653796075704562,24,0.5510177951122109
natural,pythia,pythia-410m,21,11,-0.2773913043478261,0.1894123670698225,24,0.5510177951122109
natural,pythia,pythia-410m,18,14,-0.2695652173913043,0.20272227336292592,24,0.573528453595675
natural,pythia,pythia-410m,18,13,-0.2652173913043478,0.2103838978731484,24,0.573528453595675
natural,pythia,pythia-410m,23,6,-0.26347826086956516,0.21350236658523813,24,0.573528453595675
natural,pythia,pythia-410m,17,6,-0.2626086956521739,0.21507317009837812,24,0.573528453595675
natural,pythia,pythia-410m,22,1,-0.24260869565217388,0.25334838197246135,24,0.648571857849501
natural,pythia,pythia-410m,22,9,-0.23739130434782607,0.26401496121383244,24,0.6626257850072658
natural,pythia,pythia-410m,19,13,-0.23478260869565212,0.2694546117695453,24,0.66327289050965
natural,pythia,pythia-410m,20,14,-0.22869565217391302,0.2824232076363163,24,0.6820786901405375
natural,pythia,pythia-410m,23,5,-0.22347826086956518,0.2938468714348546,24,0.695062226104815
natural,pythia,pythia-410m,16,1,-0.2208695652173913,0.29966517423017214,24,0.695062226104815
natural,pythia,pythia-410m,23,9,-0.21739130434782608,0.30753321054890737,24,0.695062226104815
natural,pythia,pythia-410m,21,5,-0.21652173913043476,0.30951989756230047,24,0.695062226104815
natural,pythia,pythia-410m,21,14,-0.21391304347826084,0.3155271306915456,24,0.6963357366985834
natural,pythia,pythia-410m,17,15,-0.21130434782608692,0.321605035459752,24,0.6977193989635297
natural,pythia,pythia-410m,22,14,-0.2069565217391304,0.3318915676831471,24,0.7080353443907138
natural,pythia,pythia-410m,22,12,-0.20173913043478262,0.3444930314073976,24,0.7200118353002228
natural,pythia,pythia-410m,18,8,-0.1973913043478261,0.3552078904108176,24,0.7216922217870579
natural,pythia,pythia-410m,16,2,-0.19391304347826085,0.3639188559293709,24,0.7278377118587418
natural,pythia,pythia-410m,23,0,-0.18869565217391301,0.37721563518472556,24,0.7428246354406903
natural,pythia,pythia-410m,17,5,-0.18086956521739128,0.39767420741690407,24,0.7557907647818064
natural,pythia,pythia-410m,23,8,-0.18,0.399985075450615,24,0.7557907647818064
natural,pythia,pythia-410m,23,13,-0.1660869565217391,0.43796690160823903,24,0.7557907647818064
natural,pythia,pythia-410m,17,14,-0.1652173913043478,0.4404029231283094,24,0.7557907647818064
natural,pythia,pythia-410m,23,15,-0.1652173913043478,0.4404029231283094,24,0.7557907647818064
natural,pythia,pythia-410m,18,1,-0.1643478260869565,0.4428461512393397,24,0.7557907647818064
natural,pythia,pythia-410m,17,10,-0.1643478260869565,0.4428461512393397,24,0.7557907647818064
natural,pythia,pythia-410m,21,13,-0.1643478260869565,0.4428461512393397,24,0.7557907647818064
natural,pythia,pythia-410m,20,2,-0.1643478260869565,0.4428461512393397,24,0.7557907647818064
natural,pythia,pythia-410m,21,1,-0.15739130434782608,0.46264909166367674,24,0.7577979820553085
natural,pythia,pythia-410m,17,8,-0.15391304347826085,0.47271986689761514,24,0.7577979820553085
natural,pythia,pythia-410m,18,0,-0.15217391304347824,0.4777969871903097,24,0.7577979820553085
natural,pythia,pythia-410m,22,2,-0.15130434782608695,0.4803459029793672,24,0.7577979820553085
natural,pythia,pythia-410m,21,4,-0.14956521739130432,0.48546433225418195,24,0.7577979820553085
natural,pythia,pythia-410m,21,0,-0.1452173913043478,0.4983794692456114,24,0.7634022344046663
natural,pythia,pythia-410m,19,9,-0.1443478260869565,0.5009827163280622,24,0.7634022344046663
natural,pythia,pythia-410m,17,13,-0.13999999999999999,0.5140986909290425,24,0.7741721463402051
natural,pythia,pythia-410m,19,4,-0.13478260869565215,0.5300538865453848,24,0.7877498593745207
natural,pythia,pythia-410m,23,2,-0.13304347826086957,0.5354237325436195,24,0.7877498593745207
natural,pythia,pythia-410m,20,3,-0.12782608695652173,0.5516845044816034,24,0.8011255650659889
natural,pythia,pythia-410m,17,9,-0.1252173913043478,0.559898535790483,24,0.8011255650659889
natural,pythia,pythia-410m,19,6,-0.12,0.5764898720889464,24,0.8011255650659889
natural,pythia,pythia-410m,16,12,-0.11826086956521738,0.5820677933682575,24,0.8011255650659889
natural,pythia,pythia-410m,19,12,-0.11826086956521738,0.5820677933682575,24,0.8011255650659889
natural,pythia,pythia-410m,18,3,-0.11140126064185746,0.6042935442203397,24,0.8184633381075683
natural,pythia,pythia-410m,16,3,-0.11043478260869564,0.6074532587517109,24,0.8184633381075683
natural,pythia,pythia-410m,20,10,-0.09913043478260869,0.6449056390307348,24,0.8527425664893892
natural,pythia,pythia-410m,16,7,-0.09739130434782609,0.6507456469889163,24,0.8527425664893892
natural,pythia,pythia-410m,23,1,-0.09478260869565217,0.659543078769137,24,0.8527425664893892
natural,pythia,pythia-410m,21,8,-0.09478260869565217,0.659543078769137,24,0.8527425664893892
natural,pythia,pythia-410m,16,9,-0.08695652173913042,0.6861953252985288,24,0.8696336795862543
natural,pythia,pythia-410m,17,11,-0.07391304347826086,0.7314191793924034,24,0.9105095196725962
natural,pythia,pythia-410m,19,11,-0.07217391304347825,0.7375189840952583,24,0.9105095196725962
natural,pythia,pythia-410m,20,1,-0.0634782608695652,0.768242407223753,24,0.9105095196725962
natural,pythia,pythia-410m,23,4,-0.04869565217391304,0.8212344730022532,24,0.9305284148719314
natural,pythia,pythia-410m,20,15,-0.04869565217391304,0.8212344730022532,24,0.9305284148719314
natural,pythia,pythia-410m,23,3,-0.047826086956521734,0.8243778236378612,24,0.9305284148719314
natural,pythia,pythia-410m,17,2,-0.046956521739130425,0.8275237958648594,24,0.9305284148719314
natural,pythia,pythia-410m,18,9,-0.04608695652173912,0.8306723439322352,24,0.9305284148719314
natural,pythia,pythia-410m,19,7,-0.02608695652173913,0.903693217741266,24,0.9627371055380665
natural,pythia,pythia-410m,18,6,-0.025217391304347827,0.9068896173989752,24,0.9627371055380665
natural,pythia,pythia-410m,18,12,-0.02434782608695652,0.9100874200789535,24,0.9627371055380665
natural,pythia,pythia-410m,19,0,-0.01826086956521739,0.9325072970015154,24,0.9783683116081473
natural,pythia,pythia-410m,22,7,-0.008695652173913044,0.967832994170269,24,0.9916608067880676
natural,pythia,pythia-410m,20,13,-0.00608695652173913,0.9774802016477158,24,0.9916608067880676
natural,pythia,pythia-410m,18,4,-0.0017391304347826085,0.9935650421080594,24,0.9935650421080594
natural,pythia,pythia-410m,17,12,0.004347826086956522,0.9839134567350358,24,0.9916608067880676
natural,pythia,pythia-410m,17,7,0.004347826086956522,0.9839134567350358,24,0.9916608067880676
natural,pythia,pythia-410m,16,4,0.009565217391304347,0.9646181660759277,24,0.9916608067880676
natural,pythia,pythia-410m,22,4,0.02608695652173913,0.903693217741266,24,0.9627371055380665
natural,pythia,pythia-410m,16,13,0.02608695652173913,0.903693217741266,24,0.9627371055380665
natural,pythia,pythia-410m,21,9,0.042608695652173914,0.8432913759776878,24,0.9305284148719314
natural,pythia,pythia-410m,16,11,0.04434782608695652,0.8369769840650598,24,0.9305284148719314
natural,pythia,pythia-410m,20,8,0.050434782608695654,0.8149558189775674,24,0.9305284148719314
natural,pythia,pythia-410m,18,7,0.06521739130434781,0.7620689398781239,24,0.9105095196725962
natural,pythia,pythia-410m,19,10,0.06608695652173913,0.7589874525518234,24,0.9105095196725962
natural,pythia,pythia-410m,16,10,0.06782608695652173,0.7528351863688199,24,0.9105095196725962
natural,pythia,pythia-410m,19,8,0.07130434782608694,0.7405746871767942,24,0.9105095196725962
natural,pythia,pythia-410m,17,1,0.09130434782608696,0.671341269564641,24,0.8593168250427405
natural,pythia,pythia-410m,22,13,0.12,0.5764898720889464,24,0.8011255650659889
natural,pythia,pythia-410m,18,15,0.15217391304347824,0.4777969871903097,24,0.7577979820553085
natural,pythia,pythia-410m,16,8,0.15304347826086956,0.4752549676743846,24,0.7577979820553085
natural,pythia,pythia-410m,19,5,0.1643478260869565,0.4428461512393397,24,0.7557907647818064
natural,pythia,pythia-410m,16,5,0.19999999999999998,0.34875573272354543,24,0.7200118353002228
natural,pythia,pythia-410m,19,3,0.2478260869565217,0.2429648870203895,24,0.6346837865022419
natural,pythia,pythia-410m,19,1,0.2965217391304348,0.15943245327776354,24,0.5510177951122109
natural,pythia,pythia-410m,16,14,0.32260869565217387,0.12416401155590813,24,0.529766449305208
natural,pythia,pythia-410m,16,6,0.3530434782608695,0.09060541970723546,24,0.5042388575011365
natural,pythia,pythia-6.9b,25,12,-0.606086956521739,0.0016940936259311093,24,
natural,pythia,pythia-6.9b,22,14,-0.5756521739130435,0.0032464428872563678,24,
natural,pythia,pythia-6.9b,22,2,-0.5530434782608695,0.005062933315680412,24,
natural,pythia,pythia-6.9b,22,13,-0.5460869565217391,0.0057695732589104496,24,
natural,pythia,pythia-6.9b,30,14,-0.5391304347826086,0.0065569969186163235,24,
natural,pythia,pythia-6.9b,26,3,-0.5139130434782608,0.01020306109223003,24,
natural,pythia,pythia-6.9b,27,30,-0.5026086956521739,0.012311224300312232,24,
natural,pythia,pythia-6.9b,23,30,-0.4991304347826086,0.013027663764128785,24,
natural,pythia,pythia-6.9b,26,13,-0.49652173913043474,0.013587180235989135,24,
natural,pythia,pythia-6.9b,23,27,-0.49478260869565216,0.013971033061045203,24,
natural,pythia,pythia-6.9b,26,11,-0.4843478260869564,0.016465290910992983,24,
natural,pythia,pythia-6.9b,31,7,-0.47391304347826085,0.019311580010082523,24,
natural,pythia,pythia-6.9b,30,22,-0.47043478260869553,0.020344586936490456,24,
natural,pythia,pythia-6.9b,25,19,-0.46347826086956523,0.022544972852183147,24,
natural,pythia,pythia-6.9b,25,14,-0.4626086956521739,0.022833034205313595,24,
natural,pythia,pythia-6.9b,25,8,-0.45999999999999996,0.023715087669870637,24,
natural,pythia,pythia-6.9b,23,22,-0.45652173913043476,0.024933671317922936,24,
natural,pythia,pythia-6.9b,22,19,-0.45652173913043476,0.024933671317922936,24,
natural,pythia,pythia-6.9b,23,26,-0.4530434782608695,0.026202136304258578,24,
natural,pythia,pythia-6.9b,31,11,-0.44260869565217387,0.030321189497146267,24,
natural,pythia,pythia-6.9b,31,23,-0.4339130434782608,0.0341349601326374,24,
natural,pythia,pythia-6.9b,25,25,-0.4321739130434783,0.03494153662769787,24,
natural,pythia,pythia-6.9b,27,23,-0.41739130434782606,0.04242428156214387,24,
natural,pythia,pythia-6.9b,27,26,-0.40782608695652167,0.04790092056917202,24,
natural,pythia,pythia-6.9b,22,12,-0.40695652173913033,0.04842494287210425,24,
natural,pythia,pythia-6.9b,28,26,-0.40086956521739125,0.05221946082129628,24,
natural,pythia,pythia-6.9b,26,31,-0.3913043478260869,0.05864447105666783,24,
natural,pythia,pythia-6.9b,29,18,-0.3852173913043478,0.06304015267072925,24,
natural,pythia,pythia-6.9b,29,7,-0.3817391304347826,0.06566315225644624,24,
natural,pythia,pythia-6.9b,26,29,-0.3808695652173913,0.06633178121385941,24,
natural,pythia,pythia-6.9b,29,11,-0.36695652173913035,0.07775361602859569,24,
natural,pythia,pythia-6.9b,31,29,-0.36347826086956525,0.08082870259888666,24,
natural,pythia,pythia-6.9b,30,30,-0.36347826086956525,0.08082870259888666,24,
natural,pythia,pythia-6.9b,28,22,-0.36347826086956525,0.08082870259888666,24,
natural,pythia,pythia-6.9b,23,5,-0.36260869565217385,0.08161161940645154,24,
natural,pythia,pythia-6.9b,23,8,-0.3539130434782608,0.08975845608982283,24,
natural,pythia,pythia-6.9b,29,24,-0.3539130434782608,0.08975845608982283,24,
natural,pythia,pythia-6.9b,30,25,-0.348695652173913,0.09493011884568245,24,
natural,pythia,pythia-6.9b,26,2,-0.34434782608695647,0.09940670099301682,24,
natural,pythia,pythia-6.9b,25,0,-0.34434782608695647,0.09940670099301682,24,
natural,pythia,pythia-6.9b,31,25,-0.34347826086956523,0.10032049069469841,24,
natural,pythia,pythia-6.9b,27,8,-0.33739130434782605,0.10689212043935849,24,
natural,pythia,pythia-6.9b,31,17,-0.3356521739130434,0.10882666589446974,24,
natural,pythia,pythia-6.9b,31,19,-0.3321739130434782,0.11277279029569673,24,
natural,pythia,pythia-6.9b,24,0,-0.328695652173913,0.11682275058870725,24,
natural,pythia,pythia-6.9b,22,5,-0.328695652173913,0.11682275058870725,24,
natural,pythia,pythia-6.9b,29,2,-0.3208695652173913,0.12632163923076095,24,
natural,pythia,pythia-6.9b,30,3,-0.31565217391304345,0.13295721253912648,24,
natural,pythia,pythia-6.9b,31,8,-0.3121739130434782,0.13751802959214365,24,
natural,pythia,pythia-6.9b,22,21,-0.3026086956521739,0.15063640962783909,24,
natural,pythia,pythia-6.9b,27,22,-0.3,0.1543630091360108,24,
natural,pythia,pythia-6.9b,24,13,-0.2939130434782608,0.1633105777659174,24,
natural,pythia,pythia-6.9b,23,21,-0.288695652173913,0.17126415242206866,24,
natural,pythia,pythia-6.9b,25,6,-0.2869565217391304,0.1739742419036643,24,
natural,pythia,pythia-6.9b,22,23,-0.2834782608695652,0.17948344297550767,24,
natural,pythia,pythia-6.9b,27,3,-0.27999999999999997,0.1851120536513263,24,
natural,pythia,pythia-6.9b,30,20,-0.2756521739130435,0.19231697608300116,24,
natural,pythia,pythia-6.9b,24,28,-0.2721739130434782,0.1982171723154793,24,
natural,pythia,pythia-6.9b,29,10,-0.2695652173913043,0.20272227336292592,24,
natural,pythia,pythia-6.9b,24,2,-0.268695652173913,0.2042392593734892,24,
natural,pythia,pythia-6.9b,30,13,-0.2669565217391304,0.20729622036281845,24,
natural,pythia,pythia-6.9b,24,23,-0.2643478260869565,0.21193927878705082,24,
natural,pythia,pythia-6.9b,31,2,-0.26347826086956516,0.21350236658523813,24,
natural,pythia,pythia-6.9b,24,22,-0.2617391304347826,0.21665169795328632,24,
natural,pythia,pythia-6.9b,31,0,-0.2617391304347826,0.21665169795328632,24,
natural,pythia,pythia-6.9b,28,21,-0.25652173913043474,0.22628553340548088,24,
natural,pythia,pythia-6.9b,29,30,-0.25130434782608696,0.23619938811607974,24,
natural,pythia,pythia-6.9b,22,7,-0.25130434782608696,0.23619938811607974,24,
natural,pythia,pythia-6.9b,31,30,-0.2504347826086956,0.23787902276971346,24,
natural,pythia,pythia-6.9b,24,11,-0.2478260869565217,0.2429648870203895,24,
natural,pythia,pythia-6.9b,28,15,-0.24086956521739128,0.2568724180084135,24,
natural,pythia,pythia-6.9b,22,6,-0.23913043478260865,0.260427936802927,24,
natural,pythia,pythia-6.9b,31,27,-0.23826086956521736,0.26221750952163636,24,
natural,pythia,pythia-6.9b,25,17,-0.23478260869565212,0.2694546117695453,24,
natural,pythia,pythia-6.9b,26,5,-0.23391304347826083,0.27128359982868233,24,
natural,pythia,pythia-6.9b,28,17,-0.23130434782608694,0.2768178964626149,24,
natural,pythia,pythia-6.9b,31,18,-0.23130434782608694,0.2768178964626149,24,
natural,pythia,pythia-6.9b,31,13,-0.2278260869565217,0.28430742700718314,24,
natural,pythia,pythia-6.9b,23,13,-0.2217391304347826,0.29771785747175966,24,
natural,pythia,pythia-6.9b,22,26,-0.2217391304347826,0.29771785747175966,24,
natural,pythia,pythia-6.9b,29,12,-0.2217391304347826,0.29771785747175966,24,
natural,pythia,pythia-6.9b,25,2,-0.21478260869565213,0.31351686150284375,24,
natural,pythia,pythia-6.9b,28,11,-0.21478260869565213,0.31351686150284375,24,
natural,pythia,pythia-6.9b,30,15,-0.21391304347826084,0.3155271306915456,24,
natural,pythia,pythia-6.9b,27,14,-0.2121739130434782,0.319571222288681,24,
natural,pythia,pythia-6.9b,23,10,-0.21043478260869564,0.3236466869695016,24,
natural,pythia,pythia-6.9b,24,16,-0.21043478260869564,0.3236466869695016,24,
natural,pythia,pythia-6.9b,24,30,-0.2026086956521739,0.34237332678092103,24,
natural,pythia,pythia-6.9b,24,8,-0.2008695652173913,0.3466205027349787,24,
natural,pythia,pythia-6.9b,27,18,-0.19913043478260867,0.3508987130768876,24,
natural,pythia,pythia-6.9b,24,9,-0.1973913043478261,0.3552078904108176,24,
natural,pythia,pythia-6.9b,31,28,-0.19565217391304346,0.3595479632342291,24,
natural,pythia,pythia-6.9b,22,25,-0.19478260869565217,0.3617295619849086,24,
natural,pythia,pythia-6.9b,25,3,-0.19478260869565217,0.3617295619849086,24,
natural,pythia,pythia-6.9b,24,4,-0.19217391304347822,0.3683204887556274,24,
natural,pythia,pythia-6.9b,29,15,-0.19130434782608693,0.37053280666994315,24,
natural,pythia,pythia-6.9b,30,4,-0.18956521739130433,0.3749803911439148,24,
natural,pythia,pythia-6.9b,29,1,-0.18869565217391301,0.37721563518472556,24,
natural,pythia,pythia-6.9b,22,10,-0.1826086956521739,0.393074993112294,24,
natural,pythia,pythia-6.9b,24,27,-0.17217391304347823,0.42111806892778625,24,
natural,pythia,pythia-6.9b,30,6,-0.17217391304347823,0.42111806892778625,24,
natural,pythia,pythia-6.9b,22,3,-0.17217391304347823,0.42111806892778625,24,
natural,pythia,pythia-6.9b,27,16,-0.16695652173913042,0.4355381053206143,24,
natural,pythia,pythia-6.9b,31,14,-0.16695652173913042,0.4355381053206143,24,
natural,pythia,pythia-6.9b,27,11,-0.1660869565217391,0.43796690160823903,24,
natural,pythia,pythia-6.9b,24,3,-0.1652173913043478,0.4404029231283094,24,
natural,pythia,pythia-6.9b,27,20,-0.1652173913043478,0.4404029231283094,24,
natural,pythia,pythia-6.9b,30,24,-0.1652173913043478,0.4404029231283094,24,
natural,pythia,pythia-6.9b,28,18,-0.16347826086956518,0.4452965670426071,24,
natural,pythia,pythia-6.9b,27,19,-0.16347826086956518,0.4452965670426071,24,
natural,pythia,pythia-6.9b,31,22,-0.16260869565217392,0.44775415138241526,24,
natural,pythia,pythia-6.9b,29,6,-0.16260869565217392,0.44775415138241526,24,
natural,pythia,pythia-6.9b,28,2,-0.16086956521739126,0.452690747765674,24,
natural,pythia,pythia-6.9b,22,1,-0.16,0.455169720215426,24,
natural,pythia,pythia-6.9b,23,31,-0.1591304347826087,0.45765578201494617,24,
natural,pythia,pythia-6.9b,25,18,-0.15652173913043477,0.4651562978756907,24,
natural,pythia,pythia-6.9b,22,24,-0.15130434782608695,0.4803459029793672,24,
natural,pythia,pythia-6.9b,22,4,-0.14782608695652172,0.49061007074296015,24,
natural,pythia,pythia-6.9b,30,21,-0.1452173913043478,0.4983794692456114,24,
natural,pythia,pythia-6.9b,29,9,-0.1434782608695652,0.5035926462175362,24,
natural,pythia,pythia-6.9b,26,22,-0.1417391304347826,0.5088324543263878,24,
natural,pythia,pythia-6.9b,31,20,-0.1417391304347826,0.5088324543263878,24,
natural,pythia,pythia-6.9b,27,10,-0.1408695652173913,0.511462281884675,24,
natural,pythia,pythia-6.9b,26,20,-0.12608695652173912,0.5571544076689683,24,
natural,pythia,pythia-6.9b,26,12,-0.1252173913043478,0.559898535790483,24,
natural,pythia,pythia-6.9b,26,16,-0.12347826086956522,0.5654049951421966,24,
natural,pythia,pythia-6.9b,22,16,-0.11913043478260868,0.579275902008125,24,
natural,pythia,pythia-6.9b,27,15,-0.11913043478260868,0.579275902008125,24,
natural,pythia,pythia-6.9b,30,5,-0.11826086956521738,0.5820677933682575,24,
natural,pythia,pythia-6.9b,22,20,-0.11739130434782606,0.5848655143600632,24,
natural,pythia,pythia-6.9b,30,1,-0.11565217391304347,0.590478316886841,24,
natural,pythia,pythia-6.9b,27,0,-0.11391304347826085,0.5961140506694134,24,
natural,pythia,pythia-6.9b,29,21,-0.11304347826086956,0.5989404349055967,24,
natural,pythia,pythia-6.9b,31,9,-0.10956521739130433,0.6103019785284629,24,
natural,pythia,pythia-6.9b,22,27,-0.10782608695652172,0.6160158821815656,24,
natural,pythia,pythia-6.9b,24,1,-0.10695652173913042,0.6188809974331805,24,
natural,pythia,pythia-6.9b,30,26,-0.1060869565217391,0.6217515088671185,24,
natural,pythia,pythia-6.9b,31,4,-0.1060869565217391,0.6217515088671185,24,
natural,pythia,pythia-6.9b,22,22,-0.1026086956521739,0.6332868165639749,24,
natural,pythia,pythia-6.9b,24,7,-0.1026086956521739,0.6332868165639749,24,
natural,pythia,pythia-6.9b,25,24,-0.10086956521739131,0.6390859319090778,24,
natural,pythia,pythia-6.9b,28,8,-0.09739130434782609,0.6507456469889163,24,
natural,pythia,pythia-6.9b,22,28,-0.09652173913043478,0.6536731719946905,24,
natural,pythia,pythia-6.9b,23,17,-0.09565217391304347,0.6566056616723346,24,
natural,pythia,pythia-6.9b,25,26,-0.09391304347826085,0.6624853858393347,24,
natural,pythia,pythia-6.9b,28,29,-0.09391304347826085,0.6624853858393347,24,
natural,pythia,pythia-6.9b,29,17,-0.09304347826086956,0.6654325452454303,24,
natural,pythia,pythia-6.9b,27,2,-0.08956521739130434,0.6772689468428972,24,
natural,pythia,pythia-6.9b,22,18,-0.08956521739130434,0.6772689468428972,24,
natural,pythia,pythia-6.9b,23,4,-0.0826086956521739,0.7011629844471832,24,
natural,pythia,pythia-6.9b,24,26,-0.0826086956521739,0.7011629844471832,24,
natural,pythia,pythia-6.9b,26,10,-0.08086956521739129,0.707180750468238,24,
natural,pythia,pythia-6.9b,30,17,-0.08,0.7101960521957591,24,
natural,pythia,pythia-6.9b,22,8,-0.07652173913043478,0.7222991032128186,24,
natural,pythia,pythia-6.9b,23,7,-0.07565217391304348,0.7253351223309568,24,
natural,pythia,pythia-6.9b,26,17,-0.07217391304347825,0.7375189840952583,24,
natural,pythia,pythia-6.9b,29,31,-0.07217391304347825,0.7375189840952583,24,
natural,pythia,pythia-6.9b,25,20,-0.06434782608695652,0.7651539392008924,24,
natural,pythia,pythia-6.9b,27,13,-0.06173913043478261,0.7744295754905792,24,
natural,pythia,pythia-6.9b,23,18,-0.0608695652173913,0.7775281884531549,24,
natural,pythia,pythia-6.9b,27,9,-0.05913043478260869,0.783735252825447,24,
natural,pythia,pythia-6.9b,25,30,-0.05739130434782608,0.7899551413098405,24,
natural,pythia,pythia-6.9b,30,27,-0.05652173913043478,0.7930697839291405,24,
natural,pythia,pythia-6.9b,22,29,-0.05652173913043478,0.7930697839291405,24,
natural,pythia,pythia-6.9b,26,23,-0.05217391304347826,0.8086881976469136,24,
natural,pythia,pythia-6.9b,31,5,-0.05217391304347826,0.8086881976469136,24,
natural,pythia,pythia-6.9b,26,26,-0.05130434782608695,0.8118206065534151,24,
natural,pythia,pythia-6.9b,22,9,-0.050434782608695654,0.8149558189775674,24,
natural,pythia,pythia-6.9b,26,1,-0.050434782608695654,0.8149558189775674,24,
natural,pythia,pythia-6.9b,29,23,-0.050434782608695654,0.8149558189775674,24,
natural,pythia,pythia-6.9b,28,23,-0.049565217391304345,0.8180937896030709,24,
natural,pythia,pythia-6.9b,31,15,-0.047826086956521734,0.8243778236378612,24,
natural,pythia,pythia-6.9b,26,18,-0.046956521739130425,0.8275237958648594,24,
natural,pythia,pythia-6.9b,31,26,-0.046956521739130425,0.8275237958648594,24,
natural,pythia,pythia-6.9b,28,6,-0.046956521739130425,0.8275237958648594,24,
natural,pythia,pythia-6.9b,26,28,-0.04608695652173912,0.8306723439322352,24,
natural,pythia,pythia-6.9b,27,5,-0.04608695652173912,0.8306723439322352,24,
natural,pythia,pythia-6.9b,30,31,-0.042608695652173914,0.8432913759776878,24,
natural,pythia,pythia-6.9b,23,29,-0.03826086956521739,0.8591175903218993,24,
natural,pythia,pythia-6.9b,31,16,-0.033913043478260865,0.8749966229566861,24,
natural,pythia,pythia-6.9b,24,18,-0.03043478260869565,0.8877339355759605,24,
natural,pythia,pythia-6.9b,24,14,-0.02695652173913043,0.9004982689028822,24,
natural,pythia,pythia-6.9b,30,7,-0.025217391304347827,0.9068896173989752,24,
natural,pythia,pythia-6.9b,24,19,-0.023478260869565212,0.9132865779270147,24,
natural,pythia,pythia-6.9b,27,29,-0.021739130434782605,0.9196887674366272,24,
natural,pythia,pythia-6.9b,25,31,-0.020869565217391303,0.9228917031216202,24,
natural,pythia,pythia-6.9b,23,14,-0.020869565217391303,0.9228917031216202,24,
natural,pythia,pythia-6.9b,25,16,-0.01652173913043478,0.9389228669455103,24,
natural,pythia,pythia-6.9b,25,21,-0.013043478260869565,0.9517646868003002,24,
natural,pythia,pythia-6.9b,26,8,-0.01217391304347826,0.9549770846497847,24,
natural,pythia,pythia-6.9b,27,17,-0.006956521739130434,0.9742640605332525,24,
natural,pythia,pythia-6.9b,24,24,-0.002608695652173913,0.9903476848039034,24,
natural,pythia,pythia-6.9b,31,31,0.004347826086956522,0.9839134567350358,24,
natural,pythia,pythia-6.9b,23,20,0.005217391304347826,0.9806966832535792,24,
natural,pythia,pythia-6.9b,28,10,0.00608695652173913,0.9774802016477158,24,
natural,pythia,pythia-6.9b,31,10,0.00608695652173913,0.9774802016477158,24,
natural,pythia,pythia-6.9b,24,31,0.009565217391304347,0.9646181660759277,24,
natural,pythia,pythia-6.9b,25,13,0.011304347826086955,0.958190162801108,24,
natural,pythia,pythia-6.9b,24,12,0.011304347826086955,0.958190162801108,24,
natural,pythia,pythia-6.9b,30,19,0.013913043478260868,0.9485530177017847,24,
natural,pythia,pythia-6.9b,30,0,0.01652173913043478,0.9389228669455103,24,
natural,pythia,pythia-6.9b,27,27,0.01652173913043478,0.9389228669455103,24,
natural,pythia,pythia-6.9b,29,5,0.01652173913043478,0.9389228669455103,24,
natural,pythia,pythia-6.9b,27,25,0.017391304347826087,0.9357145967179171,24,
natural,pythia,pythia-6.9b,23,11,0.02,0.9260958020254711,24,
natural,pythia,pythia-6.9b,31,24,0.02,0.9260958020254711,24,
natural,pythia,pythia-6.9b,28,4,0.020869565217391303,0.9228917031216202,24,
natural,pythia,pythia-6.9b,23,25,0.020869565217391303,0.9228917031216202,24,
natural,pythia,pythia-6.9b,26,24,0.023478260869565212,0.9132865779270147,24,
natural,pythia,pythia-6.9b,28,19,0.025217391304347827,0.9068896173989752,24,
natural,pythia,pythia-6.9b,28,13,0.03043478260869565,0.8877339355759605,24,
natural,pythia,pythia-6.9b,27,7,0.03217391304347826,0.8813617120284872,24,
natural,pythia,pythia-6.9b,30,16,0.033913043478260865,0.8749966229566861,24,
natural,pythia,pythia-6.9b,26,15,0.033913043478260865,0.8749966229566861,24,
natural,pythia,pythia-6.9b,29,27,0.03652173913043478,0.8654631927363388,24,
natural,pythia,pythia-6.9b,29,19,0.03739130434782608,0.8622893584755251,24,
natural,pythia,pythia-6.9b,23,23,0.04347826086956521,0.8401329841149333,24,
natural,pythia,pythia-6.9b,29,13,0.047826086956521734,0.8243778236378612,24,
natural,pythia,pythia-6.9b,30,23,0.05217391304347826,0.8086881976469136,24,
natural,pythia,pythia-6.9b,23,19,0.05391304347826086,0.8024319710844886,24,
natural,pythia,pythia-6.9b,29,0,0.054782608695652164,0.799308243488264,24,
natural,pythia,pythia-6.9b,29,20,0.05652173913043478,0.7930697839291405,24,
natural,pythia,pythia-6.9b,28,12,0.06173913043478261,0.7744295754905792,24,
natural,pythia,pythia-6.9b,23,1,0.0634782608695652,0.768242407223753,24,
natural,pythia,pythia-6.9b,26,9,0.06608695652173913,0.7589874525518234,24,
natural,pythia,pythia-6.9b,27,4,0.06695652173913043,0.7559095203776366,24,
natural,pythia,pythia-6.9b,26,27,0.06869565217391303,0.749764493394595,24,
natural,pythia,pythia-6.9b,26,25,0.07217391304347825,0.7375189840952583,24,
natural,pythia,pythia-6.9b,22,17,0.07217391304347825,0.7375189840952583,24,
natural,pythia,pythia-6.9b,28,20,0.07391304347826086,0.7314191793924034,24,
natural,pythia,pythia-6.9b,29,3,0.07739130434782608,0.7192671455433247,24,
natural,pythia,pythia-6.9b,30,11,0.07739130434782608,0.7192671455433247,24,
natural,pythia,pythia-6.9b,24,21,0.08,0.7101960521957591,24,
natural,pythia,pythia-6.9b,24,6,0.08,0.7101960521957591,24,
natural,pythia,pythia-6.9b,29,16,0.08,0.7101960521957591,24,
natural,pythia,pythia-6.9b,25,1,0.08086956521739129,0.707180750468238,24,
natural,pythia,pythia-6.9b,29,29,0.08347826086956521,0.6981606006787421,24,
natural,pythia,pythia-6.9b,28,0,0.08608695652173912,0.6891799258775774,24,
natural,pythia,pythia-6.9b,24,15,0.08869565217391304,0.6802397967489955,24,
natural,pythia,pythia-6.9b,31,12,0.09217391304347824,0.6683845191595212,24,
natural,pythia,pythia-6.9b,23,12,0.09478260869565217,0.659543078769137,24,
natural,pythia,pythia-6.9b,22,11,0.09652173913043478,0.6536731719946905,24,
natural,pythia,pythia-6.9b,28,30,0.09739130434782609,0.6507456469889163,24,
natural,pythia,pythia-6.9b,31,3,0.1026086956521739,0.6332868165639749,24,
natural,pythia,pythia-6.9b,29,8,0.10434782608695652,0.6275085807240485,24,
natural,pythia,pythia-6.9b,26,19,0.10521739130434782,0.6246273816458914,24,
natural,pythia,pythia-6.9b,24,20,0.10869565217391304,0.6131561977406332,24,
natural,pythia,pythia-6.9b,25,22,0.11304347826086956,0.5989404349055967,24,
natural,pythia,pythia-6.9b,27,24,0.11391304347826085,0.5961140506694134,24,
natural,pythia,pythia-6.9b,25,7,0.11652173913043477,0.587669032951115,24,
natural,pythia,pythia-6.9b,27,28,0.11652173913043477,0.587669032951115,24,
natural,pythia,pythia-6.9b,29,14,0.12,0.5764898720889464,24,
natural,pythia,pythia-6.9b,25,15,0.12,0.5764898720889464,24,
natural,pythia,pythia-6.9b,27,12,0.12,0.5764898720889464,24,
natural,pythia,pythia-6.9b,28,7,0.1226086956521739,0.5681672657020507,24,
natural,pythia,pythia-6.9b,24,29,0.1243478260869565,0.5626487416883164,24,
natural,pythia,pythia-6.9b,24,10,0.1252173913043478,0.559898535790483,24,
natural,pythia,pythia-6.9b,28,1,0.12608695652173912,0.5571544076689683,24,
natural,pythia,pythia-6.9b,25,23,0.12869565217391304,0.5489587886992762,24,
natural,pythia,pythia-6.9b,30,12,0.13043478260869562,0.5435259752175851,24,
natural,pythia,pythia-6.9b,23,16,0.13130434782608694,0.5408189353993529,24,
natural,pythia,pythia-6.9b,25,10,0.13478260869565215,0.5300538865453848,24,
natural,pythia,pythia-6.9b,23,9,0.13999999999999999,0.5140986909290425,24,
natural,pythia,pythia-6.9b,24,25,0.1443478260869565,0.5009827163280622,24,
natural,pythia,pythia-6.9b,22,30,0.1452173913043478,0.4983794692456114,24,
natural,pythia,pythia-6.9b,27,6,0.1469565217391304,0.4931931221106659,24,
natural,pythia,pythia-6.9b,24,17,0.14869565217391303,0.48803379955072457,24,
natural,pythia,pythia-6.9b,31,6,0.14956521739130432,0.48546433225418195,24,
natural,pythia,pythia-6.9b,29,4,0.15043478260869564,0.48290169232371793,24,
natural,pythia,pythia-6.9b,28,28,0.15478260869565216,0.4701917070737499,24,
natural,pythia,pythia-6.9b,29,26,0.15478260869565216,0.4701917070737499,24,
natural,pythia,pythia-6.9b,28,9,0.16,0.455169720215426,24,
natural,pythia,pythia-6.9b,27,1,0.16,0.455169720215426,24,
natural,pythia,pythia-6.9b,25,9,0.16347826086956518,0.4452965670426071,24,
natural,pythia,pythia-6.9b,25,27,0.1660869565217391,0.43796690160823903,24,
natural,pythia,pythia-6.9b,30,18,0.17565217391304347,0.41165144697505396,24,
natural,pythia,pythia-6.9b,25,5,0.17739130434782607,0.40696255139715687,24,
natural,pythia,pythia-6.9b,23,6,0.1782608695652174,0.4046292620718748,24,
natural,pythia,pythia-6.9b,26,0,0.17913043478260868,0.40230343183605966,24,
natural,pythia,pythia-6.9b,31,21,0.18086956521739128,0.39767420741690407,24,
natural,pythia,pythia-6.9b,23,28,0.19217391304347822,0.3683204887556274,24,
natural,pythia,pythia-6.9b,30,28,0.19304347826086957,0.36611583497113953,24,
natural,pythia,pythia-6.9b,30,2,0.19565217391304346,0.3595479632342291,24,
natural,pythia,pythia-6.9b,31,1,0.2008695652173913,0.3466205027349787,24,
natural,pythia,pythia-6.9b,26,6,0.2026086956521739,0.34237332678092103,24,
natural,pythia,pythia-6.9b,26,4,0.20608695652173914,0.3339723271430127,24,
natural,pythia,pythia-6.9b,26,30,0.2078260869565217,0.3298186178055177,24,
natural,pythia,pythia-6.9b,28,31,0.21130434782608692,0.321605035459752,24,
natural,pythia,pythia-6.9b,28,16,0.2121739130434782,0.319571222288681,24,
natural,pythia,pythia-6.9b,25,28,0.22347826086956518,0.2938468714348546,24,
natural,pythia,pythia-6.9b,23,0,0.22434782608695653,0.2919232059452402,24,
natural,pythia,pythia-6.9b,23,15,0.2252173913043478,0.2900074275938717,24,
natural,pythia,pythia-6.9b,22,31,0.22608695652173913,0.2880995376657835,24,
natural,pythia,pythia-6.9b,28,24,0.2278260869565217,0.28430742700718314,24,
natural,pythia,pythia-6.9b,22,0,0.23565217391304347,0.26763351040669076,24,
natural,pythia,pythia-6.9b,29,25,0.2417391304347826,0.2551064662177336,24,
natural,pythia,pythia-6.9b,25,29,0.2495652173913043,0.2395664805456788,24,
natural,pythia,pythia-6.9b,25,11,0.2617391304347826,0.21665169795328632,24,
natural,pythia,pythia-6.9b,27,31,0.26608695652173914,0.20883621481010178,24,
natural,pythia,pythia-6.9b,26,14,0.2773913043478261,0.1894123670698225,24,
natural,pythia,pythia-6.9b,26,21,0.2791304347826086,0.18653796075704562,24,
natural,pythia,pythia-6.9b,29,22,0.2843478260869565,0.17809498095312237,24,
natural,pythia,pythia-6.9b,28,14,0.28782608695652173,0.17261549938271942,24,
natural,pythia,pythia-6.9b,30,10,0.29304347826086957,0.16461785270058832,24,
natural,pythia,pythia-6.9b,28,25,0.3069565217391304,0.1445678681051738,24,
natural,pythia,pythia-6.9b,23,2,0.31130434782608696,0.13867554266987714,24,
natural,pythia,pythia-6.9b,30,29,0.3173913043478261,0.13071808560327577,24,
natural,pythia,pythia-6.9b,26,7,0.32956521739130434,0.11580045288804089,24,
natural,pythia,pythia-6.9b,27,21,0.3321739130434782,0.11277279029569673,24,
natural,pythia,pythia-6.9b,25,4,0.33739130434782605,0.10689212043935849,24,
natural,pythia,pythia-6.9b,30,8,0.3460869565217391,0.09759766185158254,24,
natural,pythia,pythia-6.9b,29,28,0.3478260869565217,0.09581319432361446,24,
natural,pythia,pythia-6.9b,23,24,0.3652173913043478,0.07927989061008897,24,
natural,pythia,pythia-6.9b,24,5,0.37217391304347824,0.07330810943110252,24,
natural,pythia,pythia-6.9b,28,5,0.3991304347826086,0.05334496241225273,24,
natural,pythia,pythia-6.9b,23,3,0.4356521739130434,0.033343241979290644,24,
natural,pythia,pythia-6.9b,28,27,0.5147826086956522,0.010054114049541199,24,
natural,pythia,pythia-6.9b,22,15,0.5721739130434782,0.0034832643257208984,24,
natural,pythia,pythia-6.9b,28,3,,,24,
natural,pythia,pythia-6.9b,30,9,,,24,
