condition,family,model,layer,head,selection_rho,selection_p,n_selection,selection_p_fdr
uniform,gpt2,gpt2,10,10,-0.5017391304347826,0.012487219414302055,24,0.44643529022853107
uniform,gpt2,gpt2,11,8,-0.43304347826086953,0.034536379264078446,24,0.44643529022853107
uniform,gpt2,gpt2,10,9,-0.3904347826086956,0.05925750969939887,24,0.44643529022853107
uniform,gpt2,gpt2,9,0,-0.3904347826086956,0.05925750969939887,24,0.44643529022853107
uniform,gpt2,gpt2,11,9,-0.38869565217391305,0.060498404649825706,24,0.44643529022853107
uniform,gpt2,gpt2,9,7,-0.37652173913043474,0.06975342004393095,24,0.44643529022853107
uniform,gpt2,gpt2,10,11,-0.3678260869565217,0.07699887080183038,24,0.44643529022853107
uniform,gpt2,gpt2,10,0,-0.35478260869565215,0.08891743107314606,24,0.44643529022853107
uniform,gpt2,gpt2,10,2,-0.3304347826086956,0.11478470741054941,24,0.44643529022853107
uniform,gpt2,gpt2,11,10,-0.32608695652173914,0.11992916225916488,24,0.44643529022853107
uniform,gpt2,gpt2,8,2,-0.32521739130434785,0.1209778735437234,24,0.44643529022853107
uniform,gpt2,gpt2,9,6,-0.3173913043478261,0.1307180856032758,24,0.44643529022853107
uniform,gpt2,gpt2,10,3,-0.31304347826086953,0.1363674584174657,24,0.44643529022853107
uniform,gpt2,gpt2,8,9,-0.3017391304347826,0.1518714531157409,24,0.44643529022853107
uniform,gpt2,gpt2,9,9,-0.2939130434782608,0.16331057776591754,24,0.44643529022853107
uniform,gpt2,gpt2,8,10,-0.288695652173913,0.17126415242206844,24,0.44643529022853107
uniform,gpt2,gpt2,11,11,-0.28782608695652173,0.17261549938271947,24,0.44643529022853107
uniform,gpt2,gpt2,9,8,-0.2869565217391304,0.17397424190366442,24,0.44643529022853107
uniform,gpt2,gpt2,11,2,-0.28521739130434776,0.17671396904879355,24,0.44643529022853107
uniform,gpt2,gpt2,8,3,-0.27652173913043476,0.19086089033898035,24,0.45806613681355285
uniform,gpt2,gpt2,9,3,-0.2695652173913043,0.20272227336292598,24,0.46336519625811656
uniform,gpt2,gpt2,11,6,-0.25913043478260867,0.22143371075635881,24,0.4756556991757602
uniform,gpt2,gpt2,8,8,-0.25565217391304346,0.22791835585505177,24,0.4756556991757602
uniform,gpt2,gpt2,10,7,-0.2417391304347826,0.2551064662177334,24,0.5102129324354668
uniform,gpt2,gpt2,10,6,-0.23478260869565212,0.26945461176954527,24,0.5110484242386738
uniform,gpt2,gpt2,10,1,-0.23130434782608694,0.27681789646261495,24,0.5110484242386738
uniform,gpt2,gpt2,8,5,-0.21565217391304345,0.31151444912851095,24,0.5340247699345902
uniform,gpt2,gpt2,9,4,-0.20434782608695648,0.33815724851317586,24,0.5524807331334413
uniform,gpt2,gpt2,8,7,-0.19913043478260867,0.35089871307688764,24,0.5524807331334413
uniform,gpt2,gpt2,8,11,-0.19478260869565217,0.36172956198490885,24,0.5524807331334413
uniform,gpt2,gpt2,9,11,-0.19217391304347822,0.3683204887556275,24,0.5524807331334413
uniform,gpt2,gpt2,8,1,-0.1660869565217391,0.4379669016082391,24,0.6251945664555384
uniform,gpt2,gpt2,9,2,-0.1643478260869565,0.4428461512393397,24,0.6251945664555384
uniform,gpt2,gpt2,11,3,-0.15130434782608695,0.4803459029793671,24,0.6587600955145606
uniform,gpt2,gpt2,8,0,-0.1434782608695652,0.5035926462175363,24,0.6714568616233818
uniform,gpt2,gpt2,9,1,-0.08086956521739129,0.7071807504682381,24,0.8733672877200626
uniform,gpt2,gpt2,11,5,-0.07478260869565216,0.7283751615575543,24,0.8733672877200626
uniform,gpt2,gpt2,10,8,-0.054782608695652164,0.799308243488264,24,0.8733672877200626
uniform,gpt2,gpt2,11,0,-0.050434782608695654,0.8149558189775675,24,0.8733672877200626
uniform,gpt2,gpt2,11,1,-0.04608695652173912,0.8306723439322353,24,0.8733672877200626
uniform,gpt2,gpt2,8,6,-0.04434782608695652,0.8369769840650598,24,0.8733672877200626
uniform,gpt2,gpt2,9,10,-0.017391304347826087,0.9357145967179171,24,0.9357145967179171
uniform,gpt2,gpt2,8,4,0.03304347826086956,0.8781782520387229,24,0.8968628956991213
uniform,gpt2,gpt2,11,4,0.04434782608695652,0.8369769840650598,24,0.8733672877200626
uniform,gpt2,gpt2,11,7,0.05652173913043478,0.7930697839291404,24,0.8733672877200626
uniform,gpt2,gpt2,9,5,0.06608695652173913,0.7589874525518234,24,0.8733672877200626
uniform,gpt2,gpt2,10,5,0.10695652173913042,0.6188809974331807,24,0.8028726453187208
uniform,gpt2,gpt2,10,4,0.21913043478260866,0.30358344391723047,24,0.5340247699345902
uniform,gpt2,gpt2-large,28,16,-0.5669565217391304,0.0038657806979389172,24,0.4825974743779769
uniform,gpt2,gpt2-large,34,1,-0.5599999999999999,0.004430427026282591,24,0.4825974743779769
uniform,gpt2,gpt2-large,25,1,-0.5165217391304348,0.00976161306373726,24,0.4825974743779769
uniform,gpt2,gpt2-large,34,13,-0.5165217391304348,0.00976161306373726,24,0.4825974743779769
uniform,gpt2,gpt2-large,24,10,-0.5147826086956522,0.010054114049541185,24,0.4825974743779769
uniform,gpt2,gpt2-large,29,7,-0.45999999999999996,0.02371508766987063,24,0.5602824276698201
uniform,gpt2,gpt2-large,26,8,-0.45826086956521733,0.02431823300642526,24,0.5602824276698201
uniform,gpt2,gpt2-large,35,13,-0.4539130434782608,0.02588026580365202,24,0.5602824276698201
uniform,gpt2,gpt2-large,32,12,-0.44695652173913036,0.02854628458244438,24,0.5602824276698201
uniform,gpt2,gpt2-large,34,14,-0.44260869565217387,0.030321189497146277,24,0.5602824276698201
uniform,gpt2,gpt2-large,35,7,-0.4313043478260869,0.0353504559247137,24,0.5602824276698201
uniform,gpt2,gpt2-large,28,1,-0.42956521739130427,0.036179675335291185,24,0.5602824276698201
uniform,gpt2,gpt2-large,29,4,-0.42869565217391303,0.03660002306000617,24,0.5602824276698201
uniform,gpt2,gpt2-large,30,10,-0.42869565217391303,0.03660002306000617,24,0.5602824276698201
uniform,gpt2,gpt2-large,34,0,-0.4269565217391304,0.03745231387529936,24,0.5602824276698201
uniform,gpt2,gpt2-large,32,15,-0.41826086956521735,0.041951916181776204,24,0.5602824276698201
uniform,gpt2,gpt2-large,31,1,-0.4139130434782608,0.04435569219052743,24,0.5602824276698201
uniform,gpt2,gpt2-large,29,9,-0.4139130434782608,0.04435569219052743,24,0.5602824276698201
uniform,gpt2,gpt2-large,35,16,-0.40782608695652167,0.04790092056917194,24,0.5748110468300632
uniform,gpt2,gpt2-large,30,1,-0.40347826086956523,0.05056591564642587,24,0.5778961788162956
uniform,gpt2,gpt2-large,34,18,-0.39391304347826084,0.05683469551963003,24,0.6200148602141458
uniform,gpt2,gpt2-large,32,1,-0.3834782608695652,0.06434139809221924,24,0.671388501831853
uniform,gpt2,gpt2-large,24,19,-0.37043478260869556,0.0747679168688463,24,0.7476791686884631
uniform,gpt2,gpt2-large,27,8,-0.36173913043478256,0.08240024160942257,24,0.7606176148562084
uniform,gpt2,gpt2-large,28,9,-0.3521739130434782,0.09145834490857088,24,0.7652313827369961
uniform,gpt2,gpt2-large,32,19,-0.35130434782608694,0.0923172546101079,24,0.7652313827369961
uniform,gpt2,gpt2-large,34,4,-0.348695652173913,0.09493011884568243,24,0.7652313827369961
uniform,gpt2,gpt2-large,25,13,-0.34434782608695647,0.09940670099301671,24,0.7652313827369961
uniform,gpt2,gpt2-large,29,16,-0.3417391304347826,0.10216672120818253,24,0.7652313827369961
uniform,gpt2,gpt2-large,35,2,-0.3408695652173913,0.10309920611122532,24,0.7652313827369961
uniform,gpt2,gpt2-large,31,16,-0.33739130434782605,0.10689212043935839,24,0.7652313827369961
uniform,gpt2,gpt2-large,30,15,-0.3347826086956522,0.1098035359218697,24,0.7652313827369961
uniform,gpt2,gpt2-large,32,5,-0.33304347826086955,0.11177657698587243,24,0.7652313827369961
uniform,gpt2,gpt2-large,26,16,-0.3304347826086956,0.11478470741054941,24,0.7652313827369961
uniform,gpt2,gpt2-large,32,18,-0.32608695652173914,0.11992916225916488,24,0.7779188903297181
uniform,gpt2,gpt2-large,30,5,-0.31304347826086953,0.1363674584174657,24,0.8462647974901143
uniform,gpt2,gpt2-large,35,10,-0.3121739130434782,0.13751802959214357,24,0.8462647974901143
uniform,gpt2,gpt2-large,35,19,-0.30347826086956514,0.14940850037488204,24,0.8920231646098808
uniform,gpt2,gpt2-large,28,13,-0.2982608695652174,0.15688329961066771,24,0.8920231646098808
uniform,gpt2,gpt2-large,32,8,-0.29304347826086957,0.16461785270058826,24,0.8920231646098808
uniform,gpt2,gpt2-large,31,3,-0.29217391304347823,0.1659324362656943,24,0.8920231646098808
uniform,gpt2,gpt2-large,25,2,-0.29130434782608694,0.16725434336435266,24,0.8920231646098808
uniform,gpt2,gpt2-large,35,12,-0.28521739130434776,0.17671396904879355,24,0.895382211633819
uniform,gpt2,gpt2-large,28,15,-0.2843478260869565,0.1780949809531224,24,0.895382211633819
uniform,gpt2,gpt2-large,31,17,-0.2826086956521739,0.18087936831931134,24,0.895382211633819
uniform,gpt2,gpt2-large,29,13,-0.28086956521739126,0.18369366089868788,24,0.895382211633819
uniform,gpt2,gpt2-large,32,14,-0.27391304347826084,0.195251881074416,24,0.9009878816130042
uniform,gpt2,gpt2-large,33,10,-0.2695652173913043,0.20272227336292598,24,0.9009878816130042
uniform,gpt2,gpt2-large,25,3,-0.2695652173913043,0.20272227336292598,24,0.9009878816130042
uniform,gpt2,gpt2-large,26,14,-0.2643478260869565,0.2119392787870507,24,0.9128690842800296
uniform,gpt2,gpt2-large,30,14,-0.2582608695652174,0.2230432181317936,24,0.9128690842800296
uniform,gpt2,gpt2-large,35,9,-0.25478260869565217,0.2295589641942164,24,0.9128690842800296
uniform,gpt2,gpt2-large,28,10,-0.2539130434782608,0.23120736516745433,24,0.9128690842800296
uniform,gpt2,gpt2-large,27,9,-0.248695652173913,0.24126176688795445,24,0.9128690842800296
uniform,gpt2,gpt2-large,35,0,-0.24434782608695652,0.24985580217173994,24,0.9128690842800296
uniform,gpt2,gpt2-large,32,3,-0.24434782608695652,0.24985580217173994,24,0.9128690842800296
uniform,gpt2,gpt2-large,29,18,-0.24086956521739128,0.25687241800841343,24,0.9128690842800296
uniform,gpt2,gpt2-large,32,2,-0.24086956521739128,0.25687241800841343,24,0.9128690842800296
uniform,gpt2,gpt2-large,33,8,-0.24086956521739128,0.25687241800841343,24,0.9128690842800296
uniform,gpt2,gpt2-large,32,9,-0.24,0.2586462405460084,24,0.9128690842800296
uniform,gpt2,gpt2-large,34,17,-0.24,0.2586462405460084,24,0.9128690842800296
uniform,gpt2,gpt2-large,28,11,-0.23652173913043475,0.265820294159618,24,0.917014985336391
uniform,gpt2,gpt2-large,27,3,-0.23391304347826083,0.27128359982868233,24,0.917014985336391
uniform,gpt2,gpt2-large,31,10,-0.23130434782608694,0.27681789646261495,24,0.9223459049075111
uniform,gpt2,gpt2-large,25,9,-0.2295652173913043,0.28054687940936796,24,0.9223459049075111
uniform,gpt2,gpt2-large,30,11,-0.2252173913043478,0.2900074275938714,24,0.93403958759357
uniform,gpt2,gpt2-large,25,17,-0.2217391304347826,0.2977178574717595,24,0.93403958759357
uniform,gpt2,gpt2-large,31,11,-0.2217391304347826,0.2977178574717595,24,0.93403958759357
uniform,gpt2,gpt2-large,25,5,-0.21391304347826084,0.3155271306915456,24,0.93403958759357
uniform,gpt2,gpt2-large,33,16,-0.20956521739130432,0.32569617157142167,24,0.93403958759357
uniform,gpt2,gpt2-large,27,11,-0.20956521739130432,0.32569617157142167,24,0.93403958759357
uniform,gpt2,gpt2-large,24,2,-0.20608695652173914,0.3339723271430128,24,0.93403958759357
uniform,gpt2,gpt2-large,31,8,-0.2026086956521739,0.34237332678092103,24,0.93403958759357
uniform,gpt2,gpt2-large,28,8,-0.2026086956521739,0.34237332678092103,24,0.93403958759357
uniform,gpt2,gpt2-large,32,16,-0.19826086956521738,0.353049435242404,24,0.93403958759357
uniform,gpt2,gpt2-large,34,11,-0.19565217391304346,0.35954796323422916,24,0.93403958759357
uniform,gpt2,gpt2-large,31,18,-0.19565217391304346,0.35954796323422916,24,0.93403958759357
uniform,gpt2,gpt2-large,35,15,-0.19217391304347822,0.3683204887556275,24,0.93403958759357
uniform,gpt2,gpt2-large,29,0,-0.19043478260869565,0.3727527778427131,24,0.93403958759357
uniform,gpt2,gpt2-large,31,6,-0.1869565217391304,0.3817089686350579,24,0.93403958759357
uniform,gpt2,gpt2-large,30,16,-0.1869565217391304,0.3817089686350579,24,0.93403958759357
uniform,gpt2,gpt2-large,31,14,-0.18608695652173912,0.38396703397174825,24,0.93403958759357
uniform,gpt2,gpt2-large,27,12,-0.1843478260869565,0.38850589974170063,24,0.93403958759357
uniform,gpt2,gpt2-large,26,5,-0.1782608695652174,0.4046292620718749,24,0.9369126230254747
uniform,gpt2,gpt2-large,34,12,-0.17391304347826084,0.41636999529355606,24,0.9369126230254747
uniform,gpt2,gpt2-large,31,12,-0.17391304347826084,0.41636999529355606,24,0.9369126230254747
uniform,gpt2,gpt2-large,26,15,-0.1660869565217391,0.4379669016082391,24,0.9369126230254747
uniform,gpt2,gpt2-large,27,17,-0.1660869565217391,0.4379669016082391,24,0.9369126230254747
uniform,gpt2,gpt2-large,30,13,-0.16260869565217392,0.44775415138241526,24,0.9369126230254747
uniform,gpt2,gpt2-large,30,19,-0.16,0.4551697202154259,24,0.9369126230254747
uniform,gpt2,gpt2-large,27,10,-0.1591304347826087,0.45765578201494633,24,0.9369126230254747
uniform,gpt2,gpt2-large,35,8,-0.15652173913043477,0.46515629787569074,24,0.9369126230254747
uniform,gpt2,gpt2-large,31,19,-0.15652173913043477,0.46515629787569074,24,0.9369126230254747
uniform,gpt2,gpt2-large,27,18,-0.15391304347826085,0.4727198668976152,24,0.9369126230254747
uniform,gpt2,gpt2-large,33,2,-0.15304347826086956,0.4752549676743846,24,0.9369126230254747
uniform,gpt2,gpt2-large,28,12,-0.15130434782608695,0.4803459029793671,24,0.9369126230254747
uniform,gpt2,gpt2-large,25,4,-0.15043478260869564,0.4829016923237181,24,0.9369126230254747
uniform,gpt2,gpt2-large,35,3,-0.14782608695652172,0.49061007074296015,24,0.9369126230254747
uniform,gpt2,gpt2-large,24,16,-0.14608695652173911,0.4957829296843137,24,0.9369126230254747
uniform,gpt2,gpt2-large,27,2,-0.14608695652173911,0.4957829296843137,24,0.9369126230254747
uniform,gpt2,gpt2-large,31,4,-0.13739130434782607,0.5220471463273303,24,0.9486880446319079
uniform,gpt2,gpt2-large,32,0,-0.13565217391304346,0.527378541905856,24,0.9486880446319079
uniform,gpt2,gpt2-large,26,19,-0.12956521739130433,0.546239269258583,24,0.9486880446319079
uniform,gpt2,gpt2-large,27,15,-0.12608695652173912,0.5571544076689684,24,0.9486880446319079
uniform,gpt2,gpt2-large,31,13,-0.1243478260869565,0.5626487416883165,24,0.9486880446319079
uniform,gpt2,gpt2-large,27,19,-0.1243478260869565,0.5626487416883165,24,0.9486880446319079
uniform,gpt2,gpt2-large,32,11,-0.1217391304347826,0.5709355226889165,24,0.9486880446319079
uniform,gpt2,gpt2-large,30,18,-0.11478260869565216,0.5932933336915411,24,0.9486880446319079
uniform,gpt2,gpt2-large,25,15,-0.10956521739130433,0.610301978528463,24,0.9486880446319079
uniform,gpt2,gpt2-large,29,17,-0.10869565217391304,0.6131561977406331,24,0.9486880446319079
uniform,gpt2,gpt2-large,35,14,-0.10173913043478258,0.6361837822056855,24,0.9486880446319079
uniform,gpt2,gpt2-large,35,5,-0.10173913043478258,0.6361837822056855,24,0.9486880446319079
uniform,gpt2,gpt2-large,24,18,-0.10086956521739131,0.6390859319090779,24,0.9486880446319079
uniform,gpt2,gpt2-large,35,4,-0.09913043478260869,0.6449056390307348,24,0.9486880446319079
uniform,gpt2,gpt2-large,34,19,-0.09739130434782609,0.6507456469889162,24,0.9486880446319079
uniform,gpt2,gpt2-large,24,0,-0.09652173913043478,0.6536731719946907,24,0.9486880446319079
uniform,gpt2,gpt2-large,26,12,-0.09217391304347824,0.6683845191595215,24,0.9486880446319079
uniform,gpt2,gpt2-large,26,9,-0.09130434782608696,0.6713412695646411,24,0.9486880446319079
uniform,gpt2,gpt2-large,24,15,-0.08869565217391304,0.6802397967489956,24,0.9486880446319079
uniform,gpt2,gpt2-large,29,6,-0.08782608695652173,0.6832152692148052,24,0.9486880446319079
uniform,gpt2,gpt2-large,26,0,-0.08521739130434783,0.6921690316499881,24,0.9486880446319079
uniform,gpt2,gpt2-large,33,0,-0.08434782608695651,0.69516260313585,24,0.9486880446319079
uniform,gpt2,gpt2-large,33,11,-0.08434782608695651,0.69516260313585,24,0.9486880446319079
uniform,gpt2,gpt2-large,34,9,-0.08347826086956521,0.6981606006787423,24,0.9486880446319079
uniform,gpt2,gpt2-large,30,17,-0.08173913043478259,0.7041697144360881,24,0.9486880446319079
uniform,gpt2,gpt2-large,24,8,-0.07826086956521738,0.7162392905010878,24,0.9486880446319079
uniform,gpt2,gpt2-large,29,3,-0.07739130434782608,0.7192671455433247,24,0.9486880446319079
uniform,gpt2,gpt2-large,34,2,-0.07391304347826086,0.7314191793924034,24,0.9486880446319079
uniform,gpt2,gpt2-large,29,14,-0.07304347826086956,0.7344671341768291,24,0.9486880446319079
uniform,gpt2,gpt2-large,26,18,-0.06956521739130435,0.7466974841785088,24,0.9486880446319079
uniform,gpt2,gpt2-large,28,0,-0.06608695652173913,0.7589874525518234,24,0.9486880446319079
uniform,gpt2,gpt2-large,31,7,-0.06521739130434781,0.7620689398781239,24,0.9486880446319079
uniform,gpt2,gpt2-large,26,17,-0.06521739130434781,0.7620689398781239,24,0.9486880446319079
uniform,gpt2,gpt2-large,33,17,-0.06173913043478261,0.7744295754905792,24,0.9486880446319079
uniform,gpt2,gpt2-large,26,7,-0.05739130434782608,0.7899551413098405,24,0.9486880446319079
uniform,gpt2,gpt2-large,34,10,-0.05739130434782608,0.7899551413098405,24,0.9486880446319079
uniform,gpt2,gpt2-large,33,19,-0.05652173913043478,0.7930697839291404,24,0.9486880446319079
uniform,gpt2,gpt2-large,27,16,-0.05652173913043478,0.7930697839291404,24,0.9486880446319079
uniform,gpt2,gpt2-large,34,3,-0.05565217391304347,0.7961874995255512,24,0.9486880446319079
uniform,gpt2,gpt2-large,26,3,-0.05565217391304347,0.7961874995255512,24,0.9486880446319079
uniform,gpt2,gpt2-large,34,6,-0.05565217391304347,0.7961874995255512,24,0.9486880446319079
uniform,gpt2,gpt2-large,24,17,-0.054782608695652164,0.799308243488264,24,0.9486880446319079
uniform,gpt2,gpt2-large,24,12,-0.05391304347826086,0.8024319710844887,24,0.9486880446319079
uniform,gpt2,gpt2-large,31,2,-0.05217391304347826,0.8086881976469138,24,0.9513978795846044
uniform,gpt2,gpt2-large,26,6,-0.047826086956521734,0.8243778236378612,24,0.9548351490748377
uniform,gpt2,gpt2-large,27,5,-0.04521739130434782,0.8338234219848106,24,0.957500580269639
uniform,gpt2,gpt2-large,32,4,-0.042608695652173914,0.8432913759776879,24,0.9599416094257988
uniform,gpt2,gpt2-large,26,13,-0.041739130434782605,0.8464521133997217,24,0.9599416094257988
uniform,gpt2,gpt2-large,24,4,-0.03913043478260869,0.8559479350713372,24,0.9599416094257988
uniform,gpt2,gpt2-large,31,9,-0.03913043478260869,0.8559479350713372,24,0.9599416094257988
uniform,gpt2,gpt2-large,24,5,-0.03913043478260869,0.8559479350713372,24,0.9599416094257988
uniform,gpt2,gpt2-large,28,5,-0.03652173913043478,0.8654631927363388,24,0.9651544958051274
uniform,gpt2,gpt2-large,34,16,-0.03565217391304347,0.8686390462246146,24,0.9651544958051274
uniform,gpt2,gpt2-large,29,1,-0.03304347826086956,0.8781782520387229,24,0.9668017453637316
uniform,gpt2,gpt2-large,25,11,-0.03304347826086956,0.8781782520387229,24,0.9668017453637316
uniform,gpt2,gpt2-large,25,7,-0.03130434782608695,0.8845469556552951,24,0.967517760409091
uniform,gpt2,gpt2-large,33,5,-0.02434782608695652,0.9100874200789536,24,0.9785213334932301
uniform,gpt2,gpt2-large,30,6,-0.023478260869565212,0.9132865779270147,24,0.9785213334932301
uniform,gpt2,gpt2-large,26,4,-0.020869565217391303,0.92289170312162,24,0.9791321254894848
uniform,gpt2,gpt2-large,26,2,-0.02,0.9260958020254711,24,0.9791321254894848
uniform,gpt2,gpt2-large,27,4,-0.02,0.9260958020254711,24,0.9791321254894848
uniform,gpt2,gpt2-large,24,3,-0.01826086956521739,0.9325072970015154,24,0.9815866284226477
uniform,gpt2,gpt2-large,28,3,-0.014782608695652172,0.9453421257736343,24,0.9864439573290097
uniform,gpt2,gpt2-large,28,2,-0.009565217391304347,0.9646181660759277,24,0.9912607264914097
uniform,gpt2,gpt2-large,25,14,-0.007826086956521738,0.9710483085120961,24,0.9912607264914097
uniform,gpt2,gpt2-large,31,0,-0.006956521739130434,0.9742640605332524,24,0.9912607264914097
uniform,gpt2,gpt2-large,25,10,-0.0008695652173913043,0.9967824967252694,24,0.9967824967252693
uniform,gpt2,gpt2-large,33,1,0.003478260869565217,0.9871304734643621,24,0.9912607264914097
uniform,gpt2,gpt2-large,28,17,0.003478260869565217,0.9871304734643621,24,0.9912607264914097
uniform,gpt2,gpt2-large,30,2,0.004347826086956522,0.9839134567350358,24,0.9912607264914097
uniform,gpt2,gpt2-large,29,8,0.005217391304347826,0.9806966832535792,24,0.9912607264914097
uniform,gpt2,gpt2-large,24,11,0.011304347826086955,0.9581901628011082,24,0.9912312028976982
uniform,gpt2,gpt2-large,24,6,0.01217391304347826,0.9549770846497846,24,0.9912312028976982
uniform,gpt2,gpt2-large,29,19,0.01652173913043478,0.9389228669455103,24,0.9840239653577401
uniform,gpt2,gpt2-large,30,9,0.025217391304347827,0.9068896173989752,24,0.9785213334932301
uniform,gpt2,gpt2-large,35,6,0.029565217391304344,0.8909226043767047,24,0.967517760409091
uniform,gpt2,gpt2-large,28,19,0.029565217391304344,0.8909226043767047,24,0.967517760409091
uniform,gpt2,gpt2-large,30,8,0.046956521739130425,0.8275237958648594,24,0.9548351490748377
uniform,gpt2,gpt2-large,29,10,0.046956521739130425,0.8275237958648594,24,0.9548351490748377
uniform,gpt2,gpt2-large,35,17,0.047826086956521734,0.8243778236378612,24,0.9548351490748377
uniform,gpt2,gpt2-large,30,12,0.05652173913043478,0.7930697839291404,24,0.9486880446319079
uniform,gpt2,gpt2-large,26,1,0.05652173913043478,0.7930697839291404,24,0.9486880446319079
uniform,gpt2,gpt2-large,28,14,0.0608695652173913,0.7775281884531549,24,0.9486880446319079
uniform,gpt2,gpt2-large,32,10,0.0626086956521739,0.7713343005112614,24,0.9486880446319079
uniform,gpt2,gpt2-large,33,7,0.06608695652173913,0.7589874525518234,24,0.9486880446319079
uniform,gpt2,gpt2-large,25,6,0.06869565217391303,0.749764493394595,24,0.9486880446319079
uniform,gpt2,gpt2-large,29,2,0.07043478260869565,0.7436342012968032,24,0.9486880446319079
uniform,gpt2,gpt2-large,27,6,0.07043478260869565,0.7436342012968032,24,0.9486880446319079
uniform,gpt2,gpt2-large,33,3,0.07217391304347825,0.7375189840952583,24,0.9486880446319079
uniform,gpt2,gpt2-large,24,9,0.07478260869565216,0.7283751615575543,24,0.9486880446319079
uniform,gpt2,gpt2-large,30,4,0.07826086956521738,0.7162392905010878,24,0.9486880446319079
uniform,gpt2,gpt2-large,30,3,0.0826086956521739,0.7011629844471833,24,0.9486880446319079
uniform,gpt2,gpt2-large,30,0,0.08434782608695651,0.69516260313585,24,0.9486880446319079
uniform,gpt2,gpt2-large,29,12,0.08521739130434783,0.6921690316499881,24,0.9486880446319079
uniform,gpt2,gpt2-large,33,9,0.08956521739130434,0.6772689468428974,24,0.9486880446319079
uniform,gpt2,gpt2-large,28,18,0.09043478260869564,0.6743027582561099,24,0.9486880446319079
uniform,gpt2,gpt2-large,33,18,0.09478260869565217,0.6595430787691372,24,0.9486880446319079
uniform,gpt2,gpt2-large,27,0,0.09652173913043478,0.6536731719946907,24,0.9486880446319079
uniform,gpt2,gpt2-large,29,11,0.09826086956521737,0.6478231237133648,24,0.9486880446319079
uniform,gpt2,gpt2-large,33,13,0.10695652173913042,0.6188809974331807,24,0.9486880446319079
uniform,gpt2,gpt2-large,34,8,0.10956521739130433,0.610301978528463,24,0.9486880446319079
uniform,gpt2,gpt2-large,30,7,0.11217391304347826,0.6017724532672231,24,0.9486880446319079
uniform,gpt2,gpt2-large,24,1,0.11478260869565216,0.5932933336915411,24,0.9486880446319079
uniform,gpt2,gpt2-large,29,15,0.11826086956521738,0.5820677933682574,24,0.9486880446319079
uniform,gpt2,gpt2-large,33,14,0.11826086956521738,0.5820677933682574,24,0.9486880446319079
uniform,gpt2,gpt2-large,31,15,0.11913043478260868,0.5792759020081251,24,0.9486880446319079
uniform,gpt2,gpt2-large,24,13,0.1226086956521739,0.5681672657020509,24,0.9486880446319079
uniform,gpt2,gpt2-large,33,15,0.1243478260869565,0.5626487416883165,24,0.9486880446319079
uniform,gpt2,gpt2-large,35,11,0.1269565217391304,0.5544163873133454,24,0.9486880446319079
uniform,gpt2,gpt2-large,27,7,0.12869565217391304,0.5489587886992761,24,0.9486880446319079
uniform,gpt2,gpt2-large,26,11,0.12869565217391304,0.5489587886992761,24,0.9486880446319079
uniform,gpt2,gpt2-large,24,7,0.13391304347826086,0.5327356259700111,24,0.9486880446319079
uniform,gpt2,gpt2-large,28,7,0.1408695652173913,0.5114622818846749,24,0.9486880446319079
uniform,gpt2,gpt2-large,32,13,0.14608695652173911,0.4957829296843137,24,0.9369126230254747
uniform,gpt2,gpt2-large,25,19,0.14782608695652172,0.49061007074296015,24,0.9369126230254747
uniform,gpt2,gpt2-large,27,14,0.15130434782608695,0.4803459029793671,24,0.9369126230254747
uniform,gpt2,gpt2-large,27,13,0.15652173913043477,0.46515629787569074,24,0.9369126230254747
uniform,gpt2,gpt2-large,32,7,0.15826086956521737,0.46014891272810604,24,0.9369126230254747
uniform,gpt2,gpt2-large,28,4,0.15826086956521737,0.46014891272810604,24,0.9369126230254747
uniform,gpt2,gpt2-large,34,7,0.17304347826086955,0.41874034957223477,24,0.9369126230254747
uniform,gpt2,gpt2-large,33,12,0.17391304347826084,0.41636999529355606,24,0.9369126230254747
uniform,gpt2,gpt2-large,27,1,0.18086956521739128,0.39767420741690407,24,0.935704017451539
uniform,gpt2,gpt2-large,33,6,0.1826086956521739,0.39307499311229405,24,0.93403958759357
uniform,gpt2,gpt2-large,31,5,0.18347826086956517,0.3907866745462583,24,0.93403958759357
uniform,gpt2,gpt2-large,34,15,0.18347826086956517,0.3907866745462583,24,0.93403958759357
uniform,gpt2,gpt2-large,29,5,0.1869565217391304,0.3817089686350579,24,0.93403958759357
uniform,gpt2,gpt2-large,25,16,0.1878260869565217,0.3794584983173827,24,0.93403958759357
uniform,gpt2,gpt2-large,32,17,0.19913043478260867,0.35089871307688764,24,0.93403958759357
uniform,gpt2,gpt2-large,34,5,0.19913043478260867,0.35089871307688764,24,0.93403958759357
uniform,gpt2,gpt2-large,25,0,0.21478260869565213,0.3135168615028437,24,0.93403958759357
uniform,gpt2,gpt2-large,28,6,0.21478260869565213,0.3135168615028437,24,0.93403958759357
uniform,gpt2,gpt2-large,25,8,0.21826086956521737,0.30555439158449416,24,0.93403958759357
uniform,gpt2,gpt2-large,33,4,0.23391304347826083,0.27128359982868233,24,0.917014985336391
uniform,gpt2,gpt2-large,25,12,0.24695652173913044,0.24467584594576178,24,0.9128690842800296
uniform,gpt2,gpt2-large,35,1,0.26086956521739124,0.21823795857184652,24,0.9128690842800296
uniform,gpt2,gpt2-large,35,18,0.2713043478260869,0.19971124015805522,24,0.9009878816130042
uniform,gpt2,gpt2-large,24,14,0.2791304347826086,0.18653796075704562,24,0.895382211633819
uniform,gpt2,gpt2-large,26,10,0.2982608695652174,0.15688329961066771,24,0.8920231646098808
uniform,gpt2,gpt2-large,25,18,0.3643478260869565,0.08005146755932814,24,0.7606176148562084
uniform,gpt2,gpt2-large,32,6,0.4513043478260869,0.0268555202756079,24,0.5602824276698201
uniform,gpt2,gpt2-medium,19,7,-0.4513043478260869,0.0268555202756079,24,0.9293640141854593
uniform,gpt2,gpt2-medium,17,1,-0.4313043478260869,0.0353504559247137,24,0.9293640141854593
uniform,gpt2,gpt2-medium,17,0,-0.4139130434782608,0.04435569219052743,24,0.9293640141854593
uniform,gpt2,gpt2-medium,21,7,-0.40086956521739125,0.05221946082129626,24,0.9293640141854593
uniform,gpt2,gpt2-medium,17,13,-0.3947826086956522,0.056241135165238536,24,0.9293640141854593
uniform,gpt2,gpt2-medium,23,12,-0.38608695652173913,0.06239715956765034,24,0.9293640141854593
uniform,gpt2,gpt2-medium,23,11,-0.3834782608695652,0.06434139809221924,24,0.9293640141854593
uniform,gpt2,gpt2-medium,21,5,-0.3739130434782608,0.07187007376805954,24,0.9293640141854593
uniform,gpt2,gpt2-medium,21,3,-0.36260869565217385,0.08161161940645165,24,0.9293640141854593
uniform,gpt2,gpt2-medium,17,4,-0.36,0.08399469645152526,24,0.9293640141854593
uniform,gpt2,gpt2-medium,16,6,-0.3504347826086956,0.09318217165981711,24,0.9293640141854593
uniform,gpt2,gpt2-medium,22,10,-0.328695652173913,0.11682275058870734,24,0.9293640141854593
uniform,gpt2,gpt2-medium,18,3,-0.3217391304347825,0.12523945866486327,24,0.9293640141854593
uniform,gpt2,gpt2-medium,18,6,-0.3008695652173913,0.15311364746090092,24,0.9293640141854593
uniform,gpt2,gpt2-medium,23,7,-0.2895652173913043,0.16992018695250974,24,0.9293640141854593
uniform,gpt2,gpt2-medium,18,0,-0.2817391304347826,0.1822827700109572,24,0.9293640141854593
uniform,gpt2,gpt2-medium,20,2,-0.2791304347826086,0.18653796075704562,24,0.9293640141854593
uniform,gpt2,gpt2-medium,19,15,-0.2782608695652174,0.1879713945221431,24,0.9293640141854593
uniform,gpt2,gpt2-medium,22,6,-0.27391304347826084,0.195251881074416,24,0.9293640141854593
uniform,gpt2,gpt2-medium,22,15,-0.2721739130434782,0.198217172315479,24,0.9293640141854593
uniform,gpt2,gpt2-medium,23,10,-0.2695652173913043,0.20272227336292598,24,0.9293640141854593
uniform,gpt2,gpt2-medium,19,1,-0.2617391304347826,0.21665169795328637,24,0.9293640141854593
uniform,gpt2,gpt2-medium,21,6,-0.25304347826086954,0.23286356530495436,24,0.9293640141854593
uniform,gpt2,gpt2-medium,21,1,-0.25217391304347825,0.23452757092161952,24,0.9293640141854593
uniform,gpt2,gpt2-medium,18,12,-0.24434782608695652,0.24985580217173994,24,0.9293640141854593
uniform,gpt2,gpt2-medium,18,1,-0.24434782608695652,0.24985580217173994,24,0.9293640141854593
uniform,gpt2,gpt2-medium,23,15,-0.2434782608695652,0.2515981618428429,24,0.9293640141854593
uniform,gpt2,gpt2-medium,22,9,-0.2417391304347826,0.2551064662177334,24,0.9293640141854593
uniform,gpt2,gpt2-medium,21,4,-0.23652173913043475,0.265820294159618,24,0.9293640141854593
uniform,gpt2,gpt2-medium,23,13,-0.23130434782608694,0.27681789646261495,24,0.9293640141854593
uniform,gpt2,gpt2-medium,22,3,-0.23043478260869563,0.27867844240498885,24,0.9293640141854593
uniform,gpt2,gpt2-medium,19,5,-0.2278260869565217,0.28430742700718314,24,0.9293640141854593
uniform,gpt2,gpt2-medium,20,12,-0.2252173913043478,0.2900074275938714,24,0.9293640141854593
uniform,gpt2,gpt2-medium,18,14,-0.2252173913043478,0.2900074275938714,24,0.9293640141854593
uniform,gpt2,gpt2-medium,23,9,-0.2217391304347826,0.2977178574717595,24,0.9293640141854593
uniform,gpt2,gpt2-medium,21,2,-0.21478260869565213,0.3135168615028437,24,0.9293640141854593
uniform,gpt2,gpt2-medium,16,2,-0.21043478260869564,0.3236466869695018,24,0.9293640141854593
uniform,gpt2,gpt2-medium,16,14,-0.20956521739130432,0.32569617157142167,24,0.9293640141854593
uniform,gpt2,gpt2-medium,16,12,-0.2026086956521739,0.34237332678092103,24,0.9293640141854593
uniform,gpt2,gpt2-medium,22,5,-0.2008695652173913,0.3466205027349787,24,0.9293640141854593
uniform,gpt2,gpt2-medium,17,11,-0.19826086956521738,0.353049435242404,24,0.9293640141854593
uniform,gpt2,gpt2-medium,19,11,-0.19565217391304346,0.35954796323422916,24,0.9293640141854593
uniform,gpt2,gpt2-medium,23,2,-0.18608695652173912,0.38396703397174825,24,0.9293640141854593
uniform,gpt2,gpt2-medium,18,2,-0.1843478260869565,0.38850589974170063,24,0.9293640141854593
uniform,gpt2,gpt2-medium,20,8,-0.1826086956521739,0.39307499311229405,24,0.9293640141854593
uniform,gpt2,gpt2-medium,21,13,-0.18173913043478263,0.3953708419767238,24,0.9293640141854593
uniform,gpt2,gpt2-medium,16,8,-0.17652173913043476,0.40930328479150074,24,0.9293640141854593
uniform,gpt2,gpt2-medium,16,15,-0.17565217391304347,0.41165144697505385,24,0.9293640141854593
uniform,gpt2,gpt2-medium,19,13,-0.17304347826086955,0.41874034957223477,24,0.9293640141854593
uniform,gpt2,gpt2-medium,23,0,-0.17217391304347823,0.42111806892778625,24,0.9293640141854593
uniform,gpt2,gpt2-medium,23,1,-0.16,0.4551697202154259,24,0.9811867267083348
uniform,gpt2,gpt2-medium,21,14,-0.15478260869565216,0.47019170707374996,24,0.9811867267083348
uniform,gpt2,gpt2-medium,18,9,-0.15391304347826085,0.4727198668976152,24,0.9811867267083348
uniform,gpt2,gpt2-medium,16,4,-0.13739130434782607,0.5220471463273303,24,0.9811867267083348
uniform,gpt2,gpt2-medium,20,10,-0.13478260869565215,0.5300538865453849,24,0.9811867267083348
uniform,gpt2,gpt2-medium,16,7,-0.13304347826086957,0.5354237325436195,24,0.9811867267083348
uniform,gpt2,gpt2-medium,18,10,-0.12869565217391304,0.5489587886992761,24,0.9811867267083348
uniform,gpt2,gpt2-medium,20,9,-0.12869565217391304,0.5489587886992761,24,0.9811867267083348
uniform,gpt2,gpt2-medium,23,6,-0.1269565217391304,0.5544163873133454,24,0.9811867267083348
uniform,gpt2,gpt2-medium,23,5,-0.1243478260869565,0.5626487416883165,24,0.9811867267083348
uniform,gpt2,gpt2-medium,20,13,-0.1226086956521739,0.5681672657020509,24,0.9811867267083348
uniform,gpt2,gpt2-medium,20,15,-0.1217391304347826,0.5709355226889165,24,0.9811867267083348
uniform,gpt2,gpt2-medium,23,8,-0.09826086956521737,0.6478231237133648,24,0.9811867267083348
uniform,gpt2,gpt2-medium,19,6,-0.09739130434782609,0.6507456469889162,24,0.9811867267083348
uniform,gpt2,gpt2-medium,22,12,-0.08434782608695651,0.69516260313585,24,0.9811867267083348
uniform,gpt2,gpt2-medium,16,3,-0.07826086956521738,0.7162392905010878,24,0.9811867267083348
uniform,gpt2,gpt2-medium,20,7,-0.07652173913043478,0.7222991032128188,24,0.9811867267083348
uniform,gpt2,gpt2-medium,21,0,-0.07652173913043478,0.7222991032128188,24,0.9811867267083348
uniform,gpt2,gpt2-medium,20,3,-0.07391304347826086,0.7314191793924034,24,0.9811867267083348
uniform,gpt2,gpt2-medium,20,14,-0.07391304347826086,0.7314191793924034,24,0.9811867267083348
uniform,gpt2,gpt2-medium,20,11,-0.07217391304347825,0.7375189840952583,24,0.9811867267083348
uniform,gpt2,gpt2-medium,17,3,-0.06956521739130435,0.7466974841785088,24,0.9811867267083348
uniform,gpt2,gpt2-medium,16,10,-0.0626086956521739,0.7713343005112614,24,0.9811867267083348
uniform,gpt2,gpt2-medium,21,12,-0.054782608695652164,0.799308243488264,24,0.9811867267083348
uniform,gpt2,gpt2-medium,22,13,-0.05391304347826086,0.8024319710844887,24,0.9811867267083348
uniform,gpt2,gpt2-medium,22,4,-0.050434782608695654,0.8149558189775675,24,0.9811867267083348
uniform,gpt2,gpt2-medium,23,14,-0.049565217391304345,0.8180937896030709,24,0.9811867267083348
uniform,gpt2,gpt2-medium,20,6,-0.047826086956521734,0.8243778236378612,24,0.9811867267083348
uniform,gpt2,gpt2-medium,22,14,-0.04,0.8527804394339903,24,0.9811867267083348
uniform,gpt2,gpt2-medium,23,4,-0.03652173913043478,0.8654631927363388,24,0.9811867267083348
uniform,gpt2,gpt2-medium,22,1,-0.03565217391304347,0.8686390462246146,24,0.9811867267083348
uniform,gpt2,gpt2-medium,18,5,-0.029565217391304344,0.8909226043767047,24,0.9811867267083348
uniform,gpt2,gpt2-medium,20,4,-0.029565217391304344,0.8909226043767047,24,0.9811867267083348
uniform,gpt2,gpt2-medium,19,14,-0.02695652173913043,0.9004982689028821,24,0.9811867267083348
uniform,gpt2,gpt2-medium,17,15,-0.025217391304347827,0.9068896173989752,24,0.9811867267083348
uniform,gpt2,gpt2-medium,19,4,-0.020869565217391303,0.92289170312162,24,0.9811867267083348
uniform,gpt2,gpt2-medium,18,11,-0.019130434782608695,0.9293010160374854,24,0.9811867267083348
uniform,gpt2,gpt2-medium,21,15,-0.015652173913043476,0.9421320594035385,24,0.9811867267083348
uniform,gpt2,gpt2-medium,23,3,-0.01217391304347826,0.9549770846497846,24,0.9811867267083348
uniform,gpt2,gpt2-medium,22,0,0.002608695652173913,0.9903476848039034,24,0.9903476848039034
uniform,gpt2,gpt2-medium,19,10,0.004347826086956522,0.9839134567350358,24,0.9903476848039034
uniform,gpt2,gpt2-medium,17,2,0.008695652173913044,0.9678329941702691,24,0.9831954226491623
uniform,gpt2,gpt2-medium,18,4,0.011304347826086955,0.9581901628011082,24,0.9811867267083348
uniform,gpt2,gpt2-medium,19,12,0.013913043478260868,0.9485530177017848,24,0.9811867267083348
uniform,gpt2,gpt2-medium,19,8,0.017391304347826087,0.9357145967179171,24,0.9811867267083348
uniform,gpt2,gpt2-medium,21,9,0.019130434782608695,0.9293010160374854,24,0.9811867267083348
uniform,gpt2,gpt2-medium,16,1,0.02,0.9260958020254711,24,0.9811867267083348
uniform,gpt2,gpt2-medium,20,0,0.020869565217391303,0.92289170312162,24,0.9811867267083348
uniform,gpt2,gpt2-medium,20,1,0.021739130434782605,0.9196887674366273,24,0.9811867267083348
uniform,gpt2,gpt2-medium,18,15,0.02608695652173913,0.903693217741266,24,0.9811867267083348
uniform,gpt2,gpt2-medium,17,7,0.027826086956521737,0.8973048186218164,24,0.9811867267083348
uniform,gpt2,gpt2-medium,21,11,0.033913043478260865,0.8749966229566862,24,0.9811867267083348
uniform,gpt2,gpt2-medium,22,11,0.03565217391304347,0.8686390462246146,24,0.9811867267083348
uniform,gpt2,gpt2-medium,19,3,0.03652173913043478,0.8654631927363388,24,0.9811867267083348
uniform,gpt2,gpt2-medium,16,5,0.04434782608695652,0.8369769840650598,24,0.9811867267083348
uniform,gpt2,gpt2-medium,21,8,0.04521739130434782,0.8338234219848106,24,0.9811867267083348
uniform,gpt2,gpt2-medium,18,7,0.04608695652173912,0.8306723439322353,24,0.9811867267083348
uniform,gpt2,gpt2-medium,19,0,0.05217391304347826,0.8086881976469138,24,0.9811867267083348
uniform,gpt2,gpt2-medium,22,8,0.05652173913043478,0.7930697839291404,24,0.9811867267083348
uniform,gpt2,gpt2-medium,22,7,0.05826086956521739,0.7868436161547347,24,0.9811867267083348
uniform,gpt2,gpt2-medium,21,10,0.05826086956521739,0.7868436161547347,24,0.9811867267083348
uniform,gpt2,gpt2-medium,17,8,0.06,0.7806300955564118,24,0.9811867267083348
uniform,gpt2,gpt2-medium,17,5,0.0608695652173913,0.7775281884531549,24,0.9811867267083348
uniform,gpt2,gpt2-medium,17,6,0.06521739130434781,0.7620689398781239,24,0.9811867267083348
uniform,gpt2,gpt2-medium,17,12,0.06782608695652173,0.75283518636882,24,0.9811867267083348
uniform,gpt2,gpt2-medium,16,9,0.08869565217391304,0.6802397967489956,24,0.9811867267083348
uniform,gpt2,gpt2-medium,16,11,0.09652173913043478,0.6536731719946907,24,0.9811867267083348
uniform,gpt2,gpt2-medium,16,13,0.10869565217391304,0.6131561977406331,24,0.9811867267083348
uniform,gpt2,gpt2-medium,19,2,0.11826086956521738,0.5820677933682574,24,0.9811867267083348
uniform,gpt2,gpt2-medium,20,5,0.13130434782608694,0.5408189353993529,24,0.9811867267083348
uniform,gpt2,gpt2-medium,19,9,0.19043478260869565,0.3727527778427131,24,0.9293640141854593
uniform,gpt2,gpt2-medium,22,2,0.19652173913043475,0.35737406951590367,24,0.9293640141854593
uniform,gpt2,gpt2-medium,16,0,0.20956521739130432,0.32569617157142167,24,0.9293640141854593
uniform,gpt2,gpt2-medium,18,8,0.23478260869565212,0.26945461176954527,24,0.9293640141854593
uniform,gpt2,gpt2-medium,17,10,0.25217391304347825,0.23452757092161952,24,0.9293640141854593
uniform,gpt2,gpt2-medium,17,14,0.2626086956521739,0.21507317009837784,24,0.9293640141854593
uniform,gpt2,gpt2-medium,17,9,0.2643478260869565,0.2119392787870507,24,0.9293640141854593
uniform,gpt2,gpt2-medium,18,13,0.2826086956521739,0.18087936831931134,24,0.9293640141854593
uniform,gpt2,gpt2-xl,38,5,-0.6660869565217391,0.00038058316640382045,24,0.1522332665615282
uniform,gpt2,gpt2-xl,37,23,-0.6130434782608695,0.001446665230327324,24,0.2088276406435936
uniform,gpt2,gpt2-xl,47,16,-0.6095652173913042,0.0015662073048269519,24,0.2088276406435936
uniform,gpt2,gpt2-xl,45,8,-0.5556521739130434,0.0048174010463330865,24,0.35724618672038105
uniform,gpt2,gpt2-xl,42,15,-0.5530434782608695,0.005062933315680416,24,0.35724618672038105
uniform,gpt2,gpt2-xl,41,1,-0.5452173913043478,0.005863442846778428,24,0.35724618672038105
uniform,gpt2,gpt2-xl,35,12,-0.5417391304347825,0.006251808267606669,24,0.35724618672038105
uniform,gpt2,gpt2-xl,33,18,-0.5208695652173913,0.009061048624292217,24,0.45305243121461086
uniform,gpt2,gpt2-xl,40,9,-0.47391304347826085,0.01931158001008251,24,0.7342455211355712
uniform,gpt2,gpt2-xl,41,19,-0.4556521739130434,0.02524605564204541,24,0.7342455211355712
uniform,gpt2,gpt2-xl,47,2,-0.45217391304347826,0.026527213632103662,24,0.7342455211355712
uniform,gpt2,gpt2-xl,44,4,-0.4434782608695652,0.029959339686467554,24,0.7342455211355712
uniform,gpt2,gpt2-xl,37,5,-0.44,0.0314277151501786,24,0.7342455211355712
uniform,gpt2,gpt2-xl,44,5,-0.437391304347826,0.03256619344201188,24,0.7342455211355712
uniform,gpt2,gpt2-xl,43,6,-0.4339130434782608,0.03413496013263738,24,0.7342455211355712
uniform,gpt2,gpt2-xl,42,14,-0.4339130434782608,0.03413496013263738,24,0.7342455211355712
uniform,gpt2,gpt2-xl,34,7,-0.43304347826086953,0.034536379264078446,24,0.7342455211355712
uniform,gpt2,gpt2-xl,33,2,-0.4278260869565217,0.03702422793856043,24,0.7342455211355712
uniform,gpt2,gpt2-xl,43,24,-0.4260869565217391,0.03788430481237119,24,0.7342455211355712
uniform,gpt2,gpt2-xl,35,15,-0.4252173913043478,0.03832022472876959,24,0.7342455211355712
uniform,gpt2,gpt2-xl,33,3,-0.41913043478260864,0.04148369708784366,24,0.7342455211355712
uniform,gpt2,gpt2-xl,36,4,-0.4130434782608695,0.0448491538998177,24,0.7342455211355712
uniform,gpt2,gpt2-xl,45,0,-0.40695652173913033,0.048424942872104186,24,0.7342455211355712
uniform,gpt2,gpt2-xl,37,3,-0.4060869565217391,0.04895342898055787,24,0.7342455211355712
uniform,gpt2,gpt2-xl,33,0,-0.40086956521739125,0.05221946082129626,24,0.7342455211355712
uniform,gpt2,gpt2-xl,37,10,-0.40086956521739125,0.05221946082129626,24,0.7342455211355712
uniform,gpt2,gpt2-xl,40,18,-0.39826086956521733,0.0539147284565988,24,0.7342455211355712
uniform,gpt2,gpt2-xl,45,4,-0.39652173913043476,0.055068414085167834,24,0.7342455211355712
uniform,gpt2,gpt2-xl,35,21,-0.39652173913043476,0.055068414085167834,24,0.7342455211355712
uniform,gpt2,gpt2-xl,40,2,-0.3878260869565217,0.06112631008008118,24,0.7485966085973585
uniform,gpt2,gpt2-xl,32,12,-0.3869565217391304,0.06175922020928209,24,0.7485966085973585
uniform,gpt2,gpt2-xl,37,20,-0.3739130434782608,0.07187007376805954,24,0.7659897368250205
uniform,gpt2,gpt2-xl,43,4,-0.37130434782608696,0.07403527963898868,24,0.7659897368250205
uniform,gpt2,gpt2-xl,40,17,-0.37130434782608696,0.07403527963898868,24,0.7659897368250205
uniform,gpt2,gpt2-xl,38,16,-0.3678260869565217,0.07699887080183038,24,0.7659897368250205
uniform,gpt2,gpt2-xl,44,20,-0.3678260869565217,0.07699887080183038,24,0.7659897368250205
uniform,gpt2,gpt2-xl,45,9,-0.3660869565217391,0.0785139480245646,24,0.7659897368250205
uniform,gpt2,gpt2-xl,46,18,-0.36173913043478256,0.08240024160942257,24,0.7847642058040245
uniform,gpt2,gpt2-xl,40,14,-0.35913043478260864,0.08480057608167486,24,0.7888425682016267
uniform,gpt2,gpt2-xl,43,9,-0.3565217391304348,0.08725310458309882,24,0.7932100416645347
uniform,gpt2,gpt2-xl,44,6,-0.3530434782608695,0.0906054197072354,24,0.7939843277385293
uniform,gpt2,gpt2-xl,42,2,-0.34956521739130436,0.09405311883595951,24,0.7939843277385293
uniform,gpt2,gpt2-xl,33,13,-0.3478260869565217,0.09581319432361446,24,0.7939843277385293
uniform,gpt2,gpt2-xl,32,8,-0.3460869565217391,0.09759766185158254,24,0.7939843277385293
uniform,gpt2,gpt2-xl,35,0,-0.3417391304347826,0.10216672120818253,24,0.7939843277385293
uniform,gpt2,gpt2-xl,33,16,-0.33652173913043476,0.10785620119274743,24,0.7939843277385293
uniform,gpt2,gpt2-xl,47,7,-0.3313043478260869,0.11377549347480255,24,0.7939843277385293
uniform,gpt2,gpt2-xl,47,12,-0.32608695652173914,0.11992916225916488,24,0.7939843277385293
uniform,gpt2,gpt2-xl,37,1,-0.32521739130434785,0.1209778735437234,24,0.7939843277385293
uniform,gpt2,gpt2-xl,43,14,-0.32521739130434785,0.1209778735437234,24,0.7939843277385293
uniform,gpt2,gpt2-xl,39,18,-0.32434782608695645,0.12203323885388004,24,0.7939843277385293
uniform,gpt2,gpt2-xl,33,6,-0.32434782608695645,0.12203323885388004,24,0.7939843277385293
uniform,gpt2,gpt2-xl,39,4,-0.32260869565217387,0.12416401155590807,24,0.7939843277385293
uniform,gpt2,gpt2-xl,45,1,-0.3173913043478261,0.1307180856032758,24,0.7939843277385293
uniform,gpt2,gpt2-xl,38,10,-0.31652173913043474,0.13183422455052596,24,0.7939843277385293
uniform,gpt2,gpt2-xl,40,11,-0.31304347826086953,0.1363674584174657,24,0.7939843277385293
uniform,gpt2,gpt2-xl,34,22,-0.3121739130434782,0.13751802959214357,24,0.7939843277385293
uniform,gpt2,gpt2-xl,36,23,-0.3104347826086956,0.13984001582896144,24,0.7939843277385293
uniform,gpt2,gpt2-xl,38,12,-0.308695652173913,0.14218991443004733,24,0.7939843277385293
uniform,gpt2,gpt2-xl,37,15,-0.308695652173913,0.14218991443004733,24,0.7939843277385293
uniform,gpt2,gpt2-xl,37,11,-0.3060869565217391,0.1457674095865942,24,0.7939843277385293
uniform,gpt2,gpt2-xl,34,17,-0.3060869565217391,0.1457674095865942,24,0.7939843277385293
uniform,gpt2,gpt2-xl,34,24,-0.3,0.15436300913601078,24,0.7939843277385293
uniform,gpt2,gpt2-xl,44,2,-0.2982608695652174,0.15688329961066771,24,0.7939843277385293
uniform,gpt2,gpt2-xl,39,17,-0.29739130434782607,0.1581542605953959,24,0.7939843277385293
uniform,gpt2,gpt2-xl,47,11,-0.29478260869565215,0.16201059639566892,24,0.7939843277385293
uniform,gpt2,gpt2-xl,39,3,-0.29304347826086957,0.16461785270058826,24,0.7939843277385293
uniform,gpt2,gpt2-xl,45,13,-0.29304347826086957,0.16461785270058826,24,0.7939843277385293
uniform,gpt2,gpt2-xl,46,15,-0.29304347826086957,0.16461785270058826,24,0.7939843277385293
uniform,gpt2,gpt2-xl,43,0,-0.2869565217391304,0.17397424190366442,24,0.7939843277385293
uniform,gpt2,gpt2-xl,39,22,-0.28086956521739126,0.18369366089868788,24,0.7939843277385293
uniform,gpt2,gpt2-xl,44,19,-0.28086956521739126,0.18369366089868788,24,0.7939843277385293
uniform,gpt2,gpt2-xl,38,19,-0.27999999999999997,0.18511205365132619,24,0.7939843277385293
uniform,gpt2,gpt2-xl,33,21,-0.27999999999999997,0.18511205365132619,24,0.7939843277385293
uniform,gpt2,gpt2-xl,45,15,-0.2782608695652174,0.1879713945221431,24,0.7939843277385293
uniform,gpt2,gpt2-xl,47,23,-0.2773913043478261,0.1894123670698224,24,0.7939843277385293
uniform,gpt2,gpt2-xl,38,9,-0.2756521739130435,0.1923169760830011,24,0.7939843277385293
uniform,gpt2,gpt2-xl,38,14,-0.2756521739130435,0.1923169760830011,24,0.7939843277385293
uniform,gpt2,gpt2-xl,42,13,-0.2721739130434782,0.198217172315479,24,0.7939843277385293
uniform,gpt2,gpt2-xl,33,12,-0.27043478260869563,0.20121293703333998,24,0.7939843277385293
uniform,gpt2,gpt2-xl,35,14,-0.27043478260869563,0.20121293703333998,24,0.7939843277385293
uniform,gpt2,gpt2-xl,36,24,-0.2695652173913043,0.20272227336292598,24,0.7939843277385293
uniform,gpt2,gpt2-xl,37,21,-0.268695652173913,0.20423925937348922,24,0.7939843277385293
uniform,gpt2,gpt2-xl,39,2,-0.2669565217391304,0.20729622036281856,24,0.7939843277385293
uniform,gpt2,gpt2-xl,40,7,-0.2669565217391304,0.20729622036281856,24,0.7939843277385293
uniform,gpt2,gpt2-xl,47,4,-0.2669565217391304,0.20729622036281856,24,0.7939843277385293
uniform,gpt2,gpt2-xl,47,14,-0.26608695652173914,0.20883621481010184,24,0.7939843277385293
uniform,gpt2,gpt2-xl,44,23,-0.2652173913043478,0.2103838978731484,24,0.7939843277385293
uniform,gpt2,gpt2-xl,42,0,-0.2652173913043478,0.2103838978731484,24,0.7939843277385293
uniform,gpt2,gpt2-xl,32,21,-0.2626086956521739,0.21507317009837784,24,0.7939843277385293
uniform,gpt2,gpt2-xl,41,7,-0.2626086956521739,0.21507317009837784,24,0.7939843277385293
uniform,gpt2,gpt2-xl,46,24,-0.25999999999999995,0.21983196016993545,24,0.7939843277385293
uniform,gpt2,gpt2-xl,40,22,-0.25913043478260867,0.22143371075635881,24,0.7939843277385293
uniform,gpt2,gpt2-xl,44,24,-0.2582608695652174,0.2230432181317936,24,0.7939843277385293
uniform,gpt2,gpt2-xl,47,1,-0.2582608695652174,0.2230432181317936,24,0.7939843277385293
uniform,gpt2,gpt2-xl,40,23,-0.2573913043478261,0.2246604898877398,24,0.7939843277385293
uniform,gpt2,gpt2-xl,36,2,-0.2573913043478261,0.2246604898877398,24,0.7939843277385293
uniform,gpt2,gpt2-xl,34,23,-0.2539130434782608,0.23120736516745433,24,0.7961147531793311
uniform,gpt2,gpt2-xl,43,8,-0.2539130434782608,0.23120736516745433,24,0.7961147531793311
uniform,gpt2,gpt2-xl,37,0,-0.25304347826086954,0.23286356530495436,24,0.7961147531793311
uniform,gpt2,gpt2-xl,40,3,-0.2495652173913043,0.2395664805456787,24,0.8031897091583123
uniform,gpt2,gpt2-xl,45,3,-0.248695652173913,0.24126176688795445,24,0.8031897091583123
uniform,gpt2,gpt2-xl,43,21,-0.24434782608695652,0.24985580217173994,24,0.8182054043669688
uniform,gpt2,gpt2-xl,41,11,-0.2434782608695652,0.2515981618428429,24,0.8182054043669688
uniform,gpt2,gpt2-xl,36,12,-0.24086956521739128,0.25687241800841343,24,0.8286207032529466
uniform,gpt2,gpt2-xl,46,3,-0.23913043478260865,0.260427936802927,24,0.8333693977693662
uniform,gpt2,gpt2-xl,39,5,-0.23652173913043475,0.265820294159618,24,0.8363547200209086
uniform,gpt2,gpt2-xl,44,10,-0.23565217391304347,0.26763351040669076,24,0.8363547200209086
uniform,gpt2,gpt2-xl,42,8,-0.23391304347826083,0.27128359982868233,24,0.8403706951687081
uniform,gpt2,gpt2-xl,46,5,-0.23304347826086955,0.27312047592983013,24,0.8403706951687081
uniform,gpt2,gpt2-xl,42,23,-0.2278260869565217,0.28430742700718314,24,0.8579470698827866
uniform,gpt2,gpt2-xl,46,6,-0.22608695652173913,0.2880995376657831,24,0.8579470698827866
uniform,gpt2,gpt2-xl,34,8,-0.22608695652173913,0.2880995376657831,24,0.8579470698827866
uniform,gpt2,gpt2-xl,46,0,-0.2252173913043478,0.2900074275938714,24,0.8579470698827866
uniform,gpt2,gpt2-xl,33,14,-0.22434782608695653,0.2919232059452401,24,0.8579470698827866
uniform,gpt2,gpt2-xl,34,14,-0.22,0.3016203705478415,24,0.86023275678016
uniform,gpt2,gpt2-xl,32,13,-0.22,0.3016203705478415,24,0.86023275678016
uniform,gpt2,gpt2-xl,46,9,-0.21913043478260866,0.30358344391723047,24,0.86023275678016
uniform,gpt2,gpt2-xl,32,9,-0.21913043478260866,0.30358344391723047,24,0.86023275678016
uniform,gpt2,gpt2-xl,44,12,-0.21826086956521737,0.30555439158449416,24,0.86023275678016
uniform,gpt2,gpt2-xl,44,14,-0.21739130434782608,0.3075332105489072,24,0.86023275678016
uniform,gpt2,gpt2-xl,47,24,-0.21565217391304345,0.31151444912851095,24,0.8653179142458637
uniform,gpt2,gpt2-xl,38,24,-0.20869565217391303,0.32775348376704777,24,0.8773606897511739
uniform,gpt2,gpt2-xl,34,4,-0.20869565217391303,0.32775348376704777,24,0.8773606897511739
uniform,gpt2,gpt2-xl,34,16,-0.2069565217391304,0.3318915676831471,24,0.8773606897511739
uniform,gpt2,gpt2-xl,37,12,-0.2069565217391304,0.3318915676831471,24,0.8773606897511739
uniform,gpt2,gpt2-xl,40,6,-0.2069565217391304,0.3318915676831471,24,0.8773606897511739
uniform,gpt2,gpt2-xl,42,6,-0.20608695652173914,0.3339723271430128,24,0.8773606897511739
uniform,gpt2,gpt2-xl,32,0,-0.2052173913043478,0.3360608896745526,24,0.8773606897511739
uniform,gpt2,gpt2-xl,40,0,-0.20434782608695648,0.33815724851317586,24,0.8773606897511739
uniform,gpt2,gpt2-xl,38,0,-0.20347826086956516,0.3402613966398864,24,0.8773606897511739
uniform,gpt2,gpt2-xl,33,5,-0.19999999999999998,0.34875573272354554,24,0.8773606897511739
uniform,gpt2,gpt2-xl,38,23,-0.19826086956521738,0.353049435242404,24,0.8773606897511739
uniform,gpt2,gpt2-xl,34,19,-0.1973913043478261,0.3552078904108177,24,0.8773606897511739
uniform,gpt2,gpt2-xl,43,22,-0.19652173913043475,0.35737406951590367,24,0.8773606897511739
uniform,gpt2,gpt2-xl,44,8,-0.19565217391304346,0.35954796323422916,24,0.8773606897511739
uniform,gpt2,gpt2-xl,46,19,-0.19565217391304346,0.35954796323422916,24,0.8773606897511739
uniform,gpt2,gpt2-xl,45,7,-0.19478260869565217,0.36172956198490885,24,0.8773606897511739
uniform,gpt2,gpt2-xl,37,2,-0.19304347826086957,0.36611583497113975,24,0.8773606897511739
uniform,gpt2,gpt2-xl,38,22,-0.19304347826086957,0.36611583497113975,24,0.8773606897511739
uniform,gpt2,gpt2-xl,41,13,-0.19217391304347822,0.3683204887556275,24,0.8773606897511739
uniform,gpt2,gpt2-xl,38,1,-0.19043478260869565,0.3727527778427131,24,0.8773606897511739
uniform,gpt2,gpt2-xl,45,19,-0.18956521739130433,0.374980391143915,24,0.8773606897511739
uniform,gpt2,gpt2-xl,46,13,-0.1878260869565217,0.3794584983173827,24,0.8773606897511739
uniform,gpt2,gpt2-xl,39,11,-0.1878260869565217,0.3794584983173827,24,0.8773606897511739
uniform,gpt2,gpt2-xl,42,1,-0.1843478260869565,0.38850589974170063,24,0.8871308075790556
uniform,gpt2,gpt2-xl,36,0,-0.18086956521739128,0.39767420741690407,24,0.8871308075790556
uniform,gpt2,gpt2-xl,33,11,-0.18086956521739128,0.39767420741690407,24,0.8871308075790556
uniform,gpt2,gpt2-xl,33,23,-0.18,0.399985075450615,24,0.8871308075790556
uniform,gpt2,gpt2-xl,33,9,-0.1782608695652174,0.4046292620718749,24,0.8871308075790556
uniform,gpt2,gpt2-xl,46,23,-0.17652173913043476,0.40930328479150074,24,0.8871308075790556
uniform,gpt2,gpt2-xl,33,8,-0.17565217391304347,0.41165144697505385,24,0.8871308075790556
uniform,gpt2,gpt2-xl,38,4,-0.17391304347826084,0.41636999529355606,24,0.8871308075790556
uniform,gpt2,gpt2-xl,34,9,-0.17391304347826084,0.41636999529355606,24,0.8871308075790556
uniform,gpt2,gpt2-xl,44,22,-0.17304347826086955,0.41874034957223477,24,0.8871308075790556
uniform,gpt2,gpt2-xl,42,20,-0.17043478260869566,0.4258955363074478,24,0.8871308075790556
uniform,gpt2,gpt2-xl,38,7,-0.17043478260869566,0.4258955363074478,24,0.8871308075790556
uniform,gpt2,gpt2-xl,43,13,-0.17043478260869566,0.4258955363074478,24,0.8871308075790556
uniform,gpt2,gpt2-xl,34,0,-0.16869565217391302,0.4307022617209813,24,0.8871308075790556
uniform,gpt2,gpt2-xl,34,12,-0.16695652173913042,0.4355381053206145,24,0.8871308075790556
uniform,gpt2,gpt2-xl,42,7,-0.1660869565217391,0.4379669016082391,24,0.8871308075790556
uniform,gpt2,gpt2-xl,45,23,-0.1643478260869565,0.4428461512393397,24,0.8871308075790556
uniform,gpt2,gpt2-xl,44,16,-0.16347826086956518,0.4452965670426073,24,0.8871308075790556
uniform,gpt2,gpt2-xl,35,4,-0.16260869565217392,0.44775415138241526,24,0.8871308075790556
uniform,gpt2,gpt2-xl,43,19,-0.16173913043478258,0.45021888484637074,24,0.8871308075790556
uniform,gpt2,gpt2-xl,44,9,-0.16173913043478258,0.45021888484637074,24,0.8871308075790556
uniform,gpt2,gpt2-xl,46,2,-0.16,0.4551697202154259,24,0.8908009717406036
uniform,gpt2,gpt2-xl,32,6,-0.15652173913043477,0.46515629787569074,24,0.8908009717406036
uniform,gpt2,gpt2-xl,39,19,-0.15565217391304348,0.4676705101638169,24,0.8908009717406036
uniform,gpt2,gpt2-xl,32,20,-0.15391304347826085,0.4727198668976152,24,0.8961514064409767
uniform,gpt2,gpt2-xl,43,11,-0.15130434782608695,0.4803459029793671,24,0.9005884147369697
uniform,gpt2,gpt2-xl,43,1,-0.14956521739130432,0.4854643322541819,24,0.9005884147369697
uniform,gpt2,gpt2-xl,35,19,-0.14608695652173911,0.4957829296843137,24,0.9005884147369697
uniform,gpt2,gpt2-xl,32,23,-0.1452173913043478,0.49837946924561144,24,0.9005884147369697
uniform,gpt2,gpt2-xl,41,12,-0.14260869565217388,0.506209233952854,24,0.9005884147369697
uniform,gpt2,gpt2-xl,43,16,-0.14260869565217388,0.506209233952854,24,0.9005884147369697
uniform,gpt2,gpt2-xl,32,11,-0.14260869565217388,0.506209233952854,24,0.9005884147369697
uniform,gpt2,gpt2-xl,45,12,-0.1417391304347826,0.5088324543263879,24,0.9005884147369697
uniform,gpt2,gpt2-xl,36,1,-0.1417391304347826,0.5088324543263879,24,0.9005884147369697
uniform,gpt2,gpt2-xl,37,6,-0.1408695652173913,0.5114622818846749,24,0.9012551222637443
uniform,gpt2,gpt2-xl,43,2,-0.13739130434782607,0.5220471463273303,24,0.9158721865391759
uniform,gpt2,gpt2-xl,41,18,-0.13652173913043478,0.5247096194478428,24,0.9165233527473237
uniform,gpt2,gpt2-xl,37,9,-0.13304347826086957,0.5354237325436195,24,0.9311717087715122
uniform,gpt2,gpt2-xl,36,15,-0.12956521739130433,0.546239269258583,24,0.9357238604444649
uniform,gpt2,gpt2-xl,43,7,-0.12869565217391304,0.5489587886992761,24,0.9357238604444649
uniform,gpt2,gpt2-xl,40,8,-0.12869565217391304,0.5489587886992761,24,0.9357238604444649
uniform,gpt2,gpt2-xl,47,22,-0.12782608695652173,0.5516845044816036,24,0.9357238604444649
uniform,gpt2,gpt2-xl,43,20,-0.1269565217391304,0.5544163873133454,24,0.9357238604444649
uniform,gpt2,gpt2-xl,42,24,-0.1269565217391304,0.5544163873133454,24,0.9357238604444649
uniform,gpt2,gpt2-xl,35,7,-0.1252173913043478,0.559898535790483,24,0.9380986267338057
uniform,gpt2,gpt2-xl,39,9,-0.12347826086956522,0.5654049951421964,24,0.9380986267338057
uniform,gpt2,gpt2-xl,42,18,-0.12347826086956522,0.5654049951421964,24,0.9380986267338057
uniform,gpt2,gpt2-xl,37,18,-0.1208695652173913,0.5737097351958669,24,0.9380986267338057
uniform,gpt2,gpt2-xl,32,24,-0.12,0.5764898720889465,24,0.9380986267338057
uniform,gpt2,gpt2-xl,42,11,-0.12,0.5764898720889465,24,0.9380986267338057
uniform,gpt2,gpt2-xl,42,9,-0.12,0.5764898720889465,24,0.9380986267338057
uniform,gpt2,gpt2-xl,39,1,-0.12,0.5764898720889465,24,0.9380986267338057
uniform,gpt2,gpt2-xl,39,23,-0.11913043478260868,0.5792759020081251,24,0.9380986267338057
uniform,gpt2,gpt2-xl,35,6,-0.11913043478260868,0.5792759020081251,24,0.9380986267338057
uniform,gpt2,gpt2-xl,44,21,-0.11739130434782606,0.5848655143600633,24,0.9381517509678932
uniform,gpt2,gpt2-xl,37,17,-0.11478260869565216,0.5932933336915411,24,0.9381517509678932
uniform,gpt2,gpt2-xl,42,21,-0.11391304347826085,0.5961140506694131,24,0.9381517509678932
uniform,gpt2,gpt2-xl,35,17,-0.11217391304347826,0.6017724532672231,24,0.9381517509678932
uniform,gpt2,gpt2-xl,46,17,-0.11130434782608695,0.6046100724044845,24,0.9381517509678932
uniform,gpt2,gpt2-xl,43,15,-0.11043478260869564,0.6074532587517109,24,0.9381517509678932
uniform,gpt2,gpt2-xl,36,11,-0.11043478260869564,0.6074532587517109,24,0.9381517509678932
uniform,gpt2,gpt2-xl,33,10,-0.11043478260869564,0.6074532587517109,24,0.9381517509678932
uniform,gpt2,gpt2-xl,34,1,-0.1060869565217391,0.6217515088671185,24,0.9385342802033737
uniform,gpt2,gpt2-xl,40,5,-0.10434782608695652,0.6275085807240484,24,0.9385342802033737
uniform,gpt2,gpt2-xl,37,8,-0.1034782608695652,0.6303950708493536,24,0.9385342802033737
uniform,gpt2,gpt2-xl,32,18,-0.1026086956521739,0.6332868165639751,24,0.9385342802033737
uniform,gpt2,gpt2-xl,32,22,-0.10173913043478258,0.6361837822056855,24,0.9385342802033737
uniform,gpt2,gpt2-xl,35,11,-0.09999999999999999,0.6419932296067887,24,0.9385342802033737
uniform,gpt2,gpt2-xl,45,18,-0.09913043478260869,0.6449056390307348,24,0.9385342802033737
uniform,gpt2,gpt2-xl,36,16,-0.09478260869565217,0.6595430787691372,24,0.9385342802033737
uniform,gpt2,gpt2-xl,40,24,-0.09478260869565217,0.6595430787691372,24,0.9385342802033737
uniform,gpt2,gpt2-xl,39,14,-0.09391304347826085,0.6624853858393348,24,0.9385342802033737
uniform,gpt2,gpt2-xl,35,24,-0.09391304347826085,0.6624853858393348,24,0.9385342802033737
uniform,gpt2,gpt2-xl,44,11,-0.09304347826086956,0.6654325452454302,24,0.9385342802033737
uniform,gpt2,gpt2-xl,42,19,-0.09304347826086956,0.6654325452454302,24,0.9385342802033737
uniform,gpt2,gpt2-xl,47,10,-0.08956521739130434,0.6772689468428974,24,0.9385342802033737
uniform,gpt2,gpt2-xl,41,8,-0.08782608695652173,0.6832152692148052,24,0.9385342802033737
uniform,gpt2,gpt2-xl,41,6,-0.08695652173913042,0.6861953252985288,24,0.9385342802033737
uniform,gpt2,gpt2-xl,37,24,-0.08608695652173912,0.6891799258775776,24,0.9385342802033737
uniform,gpt2,gpt2-xl,47,13,-0.08521739130434783,0.6921690316499881,24,0.9385342802033737
uniform,gpt2,gpt2-xl,43,5,-0.08521739130434783,0.6921690316499881,24,0.9385342802033737
uniform,gpt2,gpt2-xl,39,0,-0.08347826086956521,0.6981606006787423,24,0.9402836372777674
uniform,gpt2,gpt2-xl,47,9,-0.08347826086956521,0.6981606006787423,24,0.9402836372777674
uniform,gpt2,gpt2-xl,32,3,-0.07913043478260869,0.7132155791016113,24,0.9455304165030862
uniform,gpt2,gpt2-xl,46,11,-0.07913043478260869,0.7132155791016113,24,0.9455304165030862
uniform,gpt2,gpt2-xl,39,8,-0.07826086956521738,0.7162392905010878,24,0.9455304165030862
uniform,gpt2,gpt2-xl,39,13,-0.07826086956521738,0.7162392905010878,24,0.9455304165030862
uniform,gpt2,gpt2-xl,41,14,-0.07739130434782608,0.7192671455433247,24,0.9464041388727957
uniform,gpt2,gpt2-xl,45,17,-0.07652173913043478,0.7222991032128188,24,0.9472775124102542
uniform,gpt2,gpt2-xl,47,6,-0.07478260869565216,0.7283751615575543,24,0.9490230118013738
uniform,gpt2,gpt2-xl,34,11,-0.07478260869565216,0.7283751615575543,24,0.9490230118013738
uniform,gpt2,gpt2-xl,45,14,-0.06869565217391303,0.749764493394595,24,0.968276767033852
uniform,gpt2,gpt2-xl,41,23,-0.06782608695652173,0.75283518636882,24,0.968276767033852
uniform,gpt2,gpt2-xl,47,21,-0.06782608695652173,0.75283518636882,24,0.968276767033852
uniform,gpt2,gpt2-xl,44,13,-0.06782608695652173,0.75283518636882,24,0.968276767033852
uniform,gpt2,gpt2-xl,47,0,-0.0634782608695652,0.7682424072237529,24,0.9697338241104411
uniform,gpt2,gpt2-xl,41,21,-0.0634782608695652,0.7682424072237529,24,0.9697338241104411
uniform,gpt2,gpt2-xl,36,7,-0.06173913043478261,0.7744295754905792,24,0.9697338241104411
uniform,gpt2,gpt2-xl,34,5,-0.06,0.7806300955564118,24,0.9697338241104411
uniform,gpt2,gpt2-xl,42,3,-0.05913043478260869,0.783735252825447,24,0.9697338241104411
uniform,gpt2,gpt2-xl,46,12,-0.05826086956521739,0.7868436161547347,24,0.9697338241104411
uniform,gpt2,gpt2-xl,44,7,-0.05652173913043478,0.7930697839291404,24,0.9697338241104411
uniform,gpt2,gpt2-xl,44,1,-0.054782608695652164,0.799308243488264,24,0.9697338241104411
uniform,gpt2,gpt2-xl,39,10,-0.05391304347826086,0.8024319710844887,24,0.9697338241104411
uniform,gpt2,gpt2-xl,42,16,-0.05391304347826086,0.8024319710844887,24,0.9697338241104411
uniform,gpt2,gpt2-xl,35,9,-0.05304347826086955,0.8055586374612034,24,0.9697338241104411
uniform,gpt2,gpt2-xl,34,3,-0.05217391304347826,0.8086881976469138,24,0.9697338241104411
uniform,gpt2,gpt2-xl,46,8,-0.049565217391304345,0.8180937896030709,24,0.9697338241104411
uniform,gpt2,gpt2-xl,45,24,-0.049565217391304345,0.8180937896030709,24,0.9697338241104411
uniform,gpt2,gpt2-xl,40,20,-0.04608695652173912,0.8306723439322353,24,0.9697338241104411
uniform,gpt2,gpt2-xl,36,13,-0.04608695652173912,0.8306723439322353,24,0.9697338241104411
uniform,gpt2,gpt2-xl,47,5,-0.04521739130434782,0.8338234219848106,24,0.9697338241104411
uniform,gpt2,gpt2-xl,38,17,-0.04521739130434782,0.8338234219848106,24,0.9697338241104411
uniform,gpt2,gpt2-xl,36,3,-0.04,0.8527804394339903,24,0.9697338241104411
uniform,gpt2,gpt2-xl,35,23,-0.03913043478260869,0.8559479350713372,24,0.9697338241104411
uniform,gpt2,gpt2-xl,43,12,-0.03652173913043478,0.8654631927363388,24,0.9697338241104411
uniform,gpt2,gpt2-xl,43,3,-0.03565217391304347,0.8686390462246146,24,0.9697338241104411
uniform,gpt2,gpt2-xl,40,21,-0.03565217391304347,0.8686390462246146,24,0.9697338241104411
uniform,gpt2,gpt2-xl,41,4,-0.033913043478260865,0.8749966229566862,24,0.9697338241104411
uniform,gpt2,gpt2-xl,36,20,-0.033913043478260865,0.8749966229566862,24,0.9697338241104411
uniform,gpt2,gpt2-xl,47,17,-0.03217391304347826,0.8813617120284872,24,0.9697338241104411
uniform,gpt2,gpt2-xl,41,3,-0.029565217391304344,0.8909226043767047,24,0.9697338241104411
uniform,gpt2,gpt2-xl,34,10,-0.02869565217391304,0.8941129145750657,24,0.9697338241104411
uniform,gpt2,gpt2-xl,46,14,-0.02869565217391304,0.8941129145750657,24,0.9697338241104411
uniform,gpt2,gpt2-xl,41,0,-0.02869565217391304,0.8941129145750657,24,0.9697338241104411
uniform,gpt2,gpt2-xl,41,15,-0.02695652173913043,0.9004982689028821,24,0.9697338241104411
uniform,gpt2,gpt2-xl,40,19,-0.025217391304347827,0.9068896173989752,24,0.9697338241104411
uniform,gpt2,gpt2-xl,44,0,-0.025217391304347827,0.9068896173989752,24,0.9697338241104411
uniform,gpt2,gpt2-xl,40,15,-0.023478260869565212,0.9132865779270147,24,0.9697338241104411
uniform,gpt2,gpt2-xl,32,14,-0.023478260869565212,0.9132865779270147,24,0.9697338241104411
uniform,gpt2,gpt2-xl,32,19,-0.02260869565217391,0.9164870430337817,24,0.9697338241104411
uniform,gpt2,gpt2-xl,34,21,-0.020869565217391303,0.92289170312162,24,0.9697338241104411
uniform,gpt2,gpt2-xl,36,17,-0.020869565217391303,0.92289170312162,24,0.9697338241104411
uniform,gpt2,gpt2-xl,46,20,-0.02,0.9260958020254711,24,0.9697338241104411
uniform,gpt2,gpt2-xl,32,17,-0.02,0.9260958020254711,24,0.9697338241104411
uniform,gpt2,gpt2-xl,36,10,-0.02,0.9260958020254711,24,0.9697338241104411
uniform,gpt2,gpt2-xl,44,15,-0.01652173913043478,0.9389228669455103,24,0.980598294460063
uniform,gpt2,gpt2-xl,40,10,-0.013913043478260868,0.9485530177017848,24,0.9862846495339899
uniform,gpt2,gpt2-xl,34,18,-0.013043478260869565,0.9517646868003002,24,0.9862846495339899
uniform,gpt2,gpt2-xl,37,16,-0.008695652173913044,0.9678329941702691,24,0.9865965169956986
uniform,gpt2,gpt2-xl,46,4,-0.007826086956521738,0.9710483085120961,24,0.9865965169956986
uniform,gpt2,gpt2-xl,45,21,-0.007826086956521738,0.9710483085120961,24,0.9865965169956986
uniform,gpt2,gpt2-xl,38,3,-0.007826086956521738,0.9710483085120961,24,0.9865965169956986
uniform,gpt2,gpt2-xl,35,10,-0.006956521739130434,0.9742640605332524,24,0.9865965169956986
uniform,gpt2,gpt2-xl,33,19,-0.0017391304347826085,0.9935650421080594,24,0.9985578312643812
uniform,gpt2,gpt2-xl,45,2,0.0,1.0,24,1.0
uniform,gpt2,gpt2-xl,32,5,0.0,1.0,24,1.0
uniform,gpt2,gpt2-xl,47,8,0.004347826086956522,0.9839134567350358,24,0.9913485710176683
uniform,gpt2,gpt2-xl,46,16,0.00608695652173913,0.9774802016477157,24,0.9873537390380965
uniform,gpt2,gpt2-xl,41,22,0.006956521739130434,0.9742640605332524,24,0.9865965169956986
uniform,gpt2,gpt2-xl,37,7,0.008695652173913044,0.9678329941702691,24,0.9865965169956986
uniform,gpt2,gpt2-xl,39,21,0.009565217391304347,0.9646181660759277,24,0.9865965169956986
uniform,gpt2,gpt2-xl,44,17,0.011304347826086955,0.9581901628011082,24,0.9865965169956986
uniform,gpt2,gpt2-xl,39,6,0.013043478260869565,0.9517646868003002,24,0.9862846495339899
uniform,gpt2,gpt2-xl,34,13,0.02,0.9260958020254711,24,0.9697338241104411
uniform,gpt2,gpt2-xl,41,24,0.02,0.9260958020254711,24,0.9697338241104411
uniform,gpt2,gpt2-xl,45,16,0.021739130434782605,0.9196887674366273,24,0.9697338241104411
uniform,gpt2,gpt2-xl,39,12,0.02869565217391304,0.8941129145750657,24,0.9697338241104411
uniform,gpt2,gpt2-xl,35,18,0.02869565217391304,0.8941129145750657,24,0.9697338241104411
uniform,gpt2,gpt2-xl,39,24,0.029565217391304344,0.8909226043767047,24,0.9697338241104411
uniform,gpt2,gpt2-xl,36,5,0.03043478260869565,0.8877339355759605,24,0.9697338241104411
uniform,gpt2,gpt2-xl,38,2,0.03043478260869565,0.8877339355759605,24,0.9697338241104411
uniform,gpt2,gpt2-xl,38,13,0.033913043478260865,0.8749966229566862,24,0.9697338241104411
uniform,gpt2,gpt2-xl,44,3,0.03739130434782608,0.8622893584755253,24,0.9697338241104411
uniform,gpt2,gpt2-xl,40,13,0.03826086956521739,0.8591175903218993,24,0.9697338241104411
uniform,gpt2,gpt2-xl,47,19,0.04,0.8527804394339903,24,0.9697338241104411
uniform,gpt2,gpt2-xl,33,4,0.040869565217391296,0.8496151500324183,24,0.9697338241104411
uniform,gpt2,gpt2-xl,32,15,0.041739130434782605,0.8464521133997217,24,0.9697338241104411
uniform,gpt2,gpt2-xl,37,22,0.04347826086956521,0.8401329841149333,24,0.9697338241104411
uniform,gpt2,gpt2-xl,43,17,0.04347826086956521,0.8401329841149333,24,0.9697338241104411
uniform,gpt2,gpt2-xl,38,20,0.04434782608695652,0.8369769840650598,24,0.9697338241104411
uniform,gpt2,gpt2-xl,32,2,0.04434782608695652,0.8369769840650598,24,0.9697338241104411
uniform,gpt2,gpt2-xl,33,7,0.046956521739130425,0.8275237958648594,24,0.9697338241104411
uniform,gpt2,gpt2-xl,37,4,0.046956521739130425,0.8275237958648594,24,0.9697338241104411
uniform,gpt2,gpt2-xl,41,16,0.046956521739130425,0.8275237958648594,24,0.9697338241104411
uniform,gpt2,gpt2-xl,35,5,0.050434782608695654,0.8149558189775675,24,0.9697338241104411
uniform,gpt2,gpt2-xl,45,6,0.050434782608695654,0.8149558189775675,24,0.9697338241104411
uniform,gpt2,gpt2-xl,39,15,0.05217391304347826,0.8086881976469138,24,0.9697338241104411
uniform,gpt2,gpt2-xl,43,23,0.05391304347826086,0.8024319710844887,24,0.9697338241104411
uniform,gpt2,gpt2-xl,33,1,0.05565217391304347,0.7961874995255512,24,0.9697338241104411
uniform,gpt2,gpt2-xl,43,10,0.05652173913043478,0.7930697839291404,24,0.9697338241104411
uniform,gpt2,gpt2-xl,37,19,0.05739130434782608,0.7899551413098405,24,0.9697338241104411
uniform,gpt2,gpt2-xl,34,20,0.05739130434782608,0.7899551413098405,24,0.9697338241104411
uniform,gpt2,gpt2-xl,33,20,0.05826086956521739,0.7868436161547347,24,0.9697338241104411
uniform,gpt2,gpt2-xl,45,5,0.07826086956521738,0.7162392905010878,24,0.9455304165030862
uniform,gpt2,gpt2-xl,45,11,0.08173913043478259,0.7041697144360881,24,0.945194247565219
uniform,gpt2,gpt2-xl,36,14,0.08608695652173912,0.6891799258775776,24,0.9385342802033737
uniform,gpt2,gpt2-xl,35,3,0.08695652173913042,0.6861953252985288,24,0.9385342802033737
uniform,gpt2,gpt2-xl,47,18,0.08695652173913042,0.6861953252985288,24,0.9385342802033737
uniform,gpt2,gpt2-xl,47,15,0.08782608695652173,0.6832152692148052,24,0.9385342802033737
uniform,gpt2,gpt2-xl,40,12,0.08956521739130434,0.6772689468428974,24,0.9385342802033737
uniform,gpt2,gpt2-xl,39,7,0.09130434782608696,0.6713412695646411,24,0.9385342802033737
uniform,gpt2,gpt2-xl,37,14,0.09217391304347824,0.6683845191595215,24,0.9385342802033737
uniform,gpt2,gpt2-xl,32,1,0.09217391304347824,0.6683845191595215,24,0.9385342802033737
uniform,gpt2,gpt2-xl,45,20,0.09217391304347824,0.6683845191595215,24,0.9385342802033737
uniform,gpt2,gpt2-xl,34,15,0.09478260869565217,0.6595430787691372,24,0.9385342802033737
uniform,gpt2,gpt2-xl,41,2,0.09739130434782609,0.6507456469889162,24,0.9385342802033737
uniform,gpt2,gpt2-xl,36,9,0.09913043478260869,0.6449056390307348,24,0.9385342802033737
uniform,gpt2,gpt2-xl,39,20,0.10086956521739131,0.6390859319090779,24,0.9385342802033737
uniform,gpt2,gpt2-xl,44,18,0.1034782608695652,0.6303950708493536,24,0.9385342802033737
uniform,gpt2,gpt2-xl,46,22,0.1034782608695652,0.6303950708493536,24,0.9385342802033737
uniform,gpt2,gpt2-xl,42,5,0.10521739130434782,0.6246273816458915,24,0.9385342802033737
uniform,gpt2,gpt2-xl,33,15,0.10869565217391304,0.6131561977406331,24,0.9385342802033737
uniform,gpt2,gpt2-xl,33,24,0.11130434782608695,0.6046100724044845,24,0.9381517509678932
uniform,gpt2,gpt2-xl,43,18,0.11130434782608695,0.6046100724044845,24,0.9381517509678932
uniform,gpt2,gpt2-xl,35,1,0.11391304347826085,0.5961140506694131,24,0.9381517509678932
uniform,gpt2,gpt2-xl,42,12,0.11478260869565216,0.5932933336915411,24,0.9381517509678932
uniform,gpt2,gpt2-xl,42,4,0.12956521739130433,0.546239269258583,24,0.9357238604444649
uniform,gpt2,gpt2-xl,36,19,0.1443478260869565,0.5009827163280623,24,0.9005884147369697
uniform,gpt2,gpt2-xl,37,13,0.14608695652173911,0.4957829296843137,24,0.9005884147369697
uniform,gpt2,gpt2-xl,38,8,0.14608695652173911,0.4957829296843137,24,0.9005884147369697
uniform,gpt2,gpt2-xl,32,7,0.14869565217391303,0.4880337995507246,24,0.9005884147369697
uniform,gpt2,gpt2-xl,32,4,0.14869565217391303,0.4880337995507246,24,0.9005884147369697
uniform,gpt2,gpt2-xl,39,16,0.15304347826086956,0.4752549676743846,24,0.896707486178084
uniform,gpt2,gpt2-xl,41,17,0.15565217391304348,0.4676705101638169,24,0.8908009717406036
uniform,gpt2,gpt2-xl,35,22,0.15739130434782608,0.46264909166367685,24,0.8908009717406036
uniform,gpt2,gpt2-xl,45,10,0.15826086956521737,0.46014891272810604,24,0.8908009717406036
uniform,gpt2,gpt2-xl,33,17,0.1591304347826087,0.45765578201494633,24,0.8908009717406036
uniform,gpt2,gpt2-xl,38,15,0.16347826086956518,0.4452965670426073,24,0.8871308075790556
uniform,gpt2,gpt2-xl,47,3,0.16347826086956518,0.4452965670426073,24,0.8871308075790556
uniform,gpt2,gpt2-xl,38,18,0.1678260869565217,0.4331165526494355,24,0.8871308075790556
uniform,gpt2,gpt2-xl,46,1,0.16869565217391302,0.4307022617209813,24,0.8871308075790556
uniform,gpt2,gpt2-xl,36,21,0.17217391304347823,0.42111806892778625,24,0.8871308075790556
uniform,gpt2,gpt2-xl,46,7,0.17391304347826084,0.41636999529355606,24,0.8871308075790556
uniform,gpt2,gpt2-xl,40,16,0.17391304347826084,0.41636999529355606,24,0.8871308075790556
uniform,gpt2,gpt2-xl,41,9,0.17739130434782607,0.40696255139715665,24,0.8871308075790556
uniform,gpt2,gpt2-xl,38,6,0.18173913043478263,0.3953708419767238,24,0.8871308075790556
uniform,gpt2,gpt2-xl,45,22,0.1878260869565217,0.3794584983173827,24,0.8773606897511739
uniform,gpt2,gpt2-xl,40,1,0.18956521739130433,0.374980391143915,24,0.8773606897511739
uniform,gpt2,gpt2-xl,42,22,0.19217391304347822,0.3683204887556275,24,0.8773606897511739
uniform,gpt2,gpt2-xl,41,5,0.19391304347826085,0.3639188559293712,24,0.8773606897511739
uniform,gpt2,gpt2-xl,40,4,0.19913043478260867,0.35089871307688764,24,0.8773606897511739
uniform,gpt2,gpt2-xl,46,21,0.2078260869565217,0.3298186178055175,24,0.8773606897511739
uniform,gpt2,gpt2-xl,38,11,0.22347826086956518,0.2938468714348544,24,0.8579470698827866
uniform,gpt2,gpt2-xl,32,10,0.23043478260869563,0.27867844240498885,24,0.8509265416946223
uniform,gpt2,gpt2-xl,32,16,0.23652173913043475,0.265820294159618,24,0.8363547200209086
uniform,gpt2,gpt2-xl,35,20,0.2478260869565217,0.24296488702038951,24,0.8031897091583123
uniform,gpt2,gpt2-xl,47,20,0.2478260869565217,0.24296488702038951,24,0.8031897091583123
uniform,gpt2,gpt2-xl,35,16,0.25652173913043474,0.22628553340548088,24,0.7939843277385293
uniform,gpt2,gpt2-xl,36,18,0.2678260869565217,0.20576390509564654,24,0.7939843277385293
uniform,gpt2,gpt2-xl,34,6,0.2782608695652174,0.1879713945221431,24,0.7939843277385293
uniform,gpt2,gpt2-xl,34,2,0.2817391304347826,0.1822827700109572,24,0.7939843277385293
uniform,gpt2,gpt2-xl,35,8,0.29217391304347823,0.1659324362656943,24,0.7939843277385293
uniform,gpt2,gpt2-xl,36,22,0.3026086956521739,0.15063640962783914,24,0.7939843277385293
uniform,gpt2,gpt2-xl,41,10,0.3060869565217391,0.1457674095865942,24,0.7939843277385293
uniform,gpt2,gpt2-xl,38,21,0.3104347826086956,0.13984001582896144,24,0.7939843277385293
uniform,gpt2,gpt2-xl,42,10,0.3208695652173913,0.1263216392307609,24,0.7939843277385293
uniform,gpt2,gpt2-xl,42,17,0.3217391304347825,0.12523945866486327,24,0.7939843277385293
uniform,gpt2,gpt2-xl,35,13,0.3217391304347825,0.12523945866486327,24,0.7939843277385293
uniform,gpt2,gpt2-xl,36,6,0.32260869565217387,0.12416401155590807,24,0.7939843277385293
uniform,gpt2,gpt2-xl,33,22,0.3426086956521739,0.1012404900705785,24,0.7939843277385293
uniform,gpt2,gpt2-xl,35,2,0.37217391304347824,0.0733081094311025,24,0.7659897368250205
uniform,gpt2,gpt2-xl,36,8,0.3817391304347826,0.06566315225644623,24,0.7659897368250205
uniform,gpt2,gpt2-xl,46,10,0.38956521739130434,0.05987547937487061,24,0.7485966085973585
uniform,gpt2,gpt2-xl,41,20,0.4139130434782608,0.04435569219052743,24,0.7342455211355712
uniform,olmo,OLMo-2-0425-1B,12,8,-0.7043478260869565,0.00012214433051770487,24,0.009771546441416389
uniform,olmo,OLMo-2-0425-1B,11,10,-0.6443478260869565,0.0006778931573613403,24,0.021752971245775025
uniform,olmo,OLMo-2-0425-1B,14,3,-0.6295652173913043,0.000979490126448207,24,0.021752971245775025
uniform,olmo,OLMo-2-0425-1B,11,4,-0.6252173913043478,0.0010876485622887512,24,0.021752971245775025
uniform,olmo,OLMo-2-0425-1B,14,11,-0.5913043478260869,0.0023419530222507667,24,0.03747124835601227
uniform,olmo,OLMo-2-0425-1B,13,12,-0.5547826086956522,0.004898108173454644,24,0.05736812865991017
uniform,olmo,OLMo-2-0425-1B,12,4,-0.548695652173913,0.005495481886180108,24,0.05736812865991017
uniform,olmo,OLMo-2-0425-1B,15,6,-0.5417391304347825,0.006251808267606669,24,0.05736812865991017
uniform,olmo,OLMo-2-0425-1B,11,11,-0.54,0.006453914474239895,24,0.05736812865991017
uniform,olmo,OLMo-2-0425-1B,15,9,-0.528695652173913,0.007905085955029825,24,0.0632406876402386
uniform,olmo,OLMo-2-0425-1B,12,12,-0.5147826086956522,0.010054114049541185,24,0.07312082945120862
uniform,olmo,OLMo-2-0425-1B,11,6,-0.5069565217391303,0.011461586292892808,24,0.07363295493999744
uniform,olmo,OLMo-2-0425-1B,11,7,-0.5043478260869565,0.011965355177749585,24,0.07363295493999744
uniform,olmo,OLMo-2-0425-1B,15,10,-0.4956521739130434,0.013778010050266383,24,0.0787314860015222
uniform,olmo,OLMo-2-0425-1B,15,13,-0.4452173913043478,0.029245989362288102,24,0.13638453282526233
uniform,olmo,OLMo-2-0425-1B,13,6,-0.4434782608695652,0.029959339686467554,24,0.13638453282526233
uniform,olmo,OLMo-2-0425-1B,12,11,-0.4434782608695652,0.029959339686467554,24,0.13638453282526233
uniform,olmo,OLMo-2-0425-1B,11,1,-0.4417391304347826,0.030686519885684025,24,0.13638453282526233
uniform,olmo,OLMo-2-0425-1B,14,12,-0.4269565217391304,0.03745231387529936,24,0.1576939531591552
uniform,olmo,OLMo-2-0425-1B,13,5,-0.41478260869565214,0.04386649848070577,24,0.1704224336905933
uniform,olmo,OLMo-2-0425-1B,13,7,-0.40956521739130425,0.04686616926491315,24,0.1704224336905933
uniform,olmo,OLMo-2-0425-1B,11,3,-0.40956521739130425,0.04686616926491315,24,0.1704224336905933
uniform,olmo,OLMo-2-0425-1B,15,8,-0.4017391304347826,0.05166367606578415,24,0.17969974283751008
uniform,olmo,OLMo-2-0425-1B,15,14,-0.37913043478260866,0.06768466488200442,24,0.22321094414057904
uniform,olmo,OLMo-2-0425-1B,15,4,-0.37652173913043474,0.06975342004393095,24,0.22321094414057904
uniform,olmo,OLMo-2-0425-1B,13,11,-0.3565217391304348,0.08725310458309882,24,0.26846050283625306
uniform,olmo,OLMo-2-0425-1B,14,7,-0.3530434782608695,0.0906054197072354,24,0.26846050283625306
uniform,olmo,OLMo-2-0425-1B,13,0,-0.348695652173913,0.09493011884568243,24,0.2712289109876641
uniform,olmo,OLMo-2-0425-1B,14,13,-0.34521739130434775,0.09849909879561222,24,0.2717216518499648
uniform,olmo,OLMo-2-0425-1B,12,14,-0.31304347826086953,0.1363674584174657,24,0.34184598088025386
uniform,olmo,OLMo-2-0425-1B,11,13,-0.3121739130434782,0.13751802959214357,24,0.34184598088025386
uniform,olmo,OLMo-2-0425-1B,15,2,-0.31130434782608696,0.13867554266987714,24,0.34184598088025386
uniform,olmo,OLMo-2-0425-1B,15,11,-0.3095652173913043,0.14101146711310472,24,0.34184598088025386
uniform,olmo,OLMo-2-0425-1B,12,10,-0.2965217391304348,0.15943245327776348,24,0.37513518418297287
uniform,olmo,OLMo-2-0425-1B,15,0,-0.2869565217391304,0.17397424190366442,24,0.3976554100655187
uniform,olmo,OLMo-2-0425-1B,14,4,-0.2773913043478261,0.1894123670698224,24,0.40795923340748896
uniform,olmo,OLMo-2-0425-1B,15,12,-0.27652173913043476,0.19086089033898035,24,0.40795923340748896
uniform,olmo,OLMo-2-0425-1B,13,13,-0.27478260869565213,0.19378063586855726,24,0.40795923340748896
uniform,olmo,OLMo-2-0425-1B,13,2,-0.2695652173913043,0.20272227336292598,24,0.4158405607444635
uniform,olmo,OLMo-2-0425-1B,11,5,-0.25999999999999995,0.21983196016993545,24,0.4289404100876789
uniform,olmo,OLMo-2-0425-1B,13,15,-0.25999999999999995,0.21983196016993545,24,0.4289404100876789
uniform,olmo,OLMo-2-0425-1B,14,5,-0.25478260869565217,0.2295589641942164,24,0.43323454010224066
uniform,olmo,OLMo-2-0425-1B,11,15,-0.25304347826086954,0.23286356530495436,24,0.43323454010224066
uniform,olmo,OLMo-2-0425-1B,12,15,-0.24260869565217388,0.25334838197246123,24,0.45666207645940166
uniform,olmo,OLMo-2-0425-1B,12,3,-0.24086956521739128,0.25687241800841343,24,0.45666207645940166
uniform,olmo,OLMo-2-0425-1B,12,2,-0.23478260869565212,0.26945461176954527,24,0.458646147692843
uniform,olmo,OLMo-2-0425-1B,14,8,-0.23478260869565212,0.26945461176954527,24,0.458646147692843
uniform,olmo,OLMo-2-0425-1B,15,1,-0.2278260869565217,0.28430742700718314,24,0.47384571167863854
uniform,olmo,OLMo-2-0425-1B,13,9,-0.2078260869565217,0.3298186178055175,24,0.5238781602243338
uniform,olmo,OLMo-2-0425-1B,13,1,-0.20608695652173914,0.3339723271430128,24,0.5238781602243338
uniform,olmo,OLMo-2-0425-1B,14,1,-0.19999999999999998,0.34875573272354554,24,0.536547281113147
uniform,olmo,OLMo-2-0425-1B,12,13,-0.19391304347826085,0.3639188559293712,24,0.5493114806481074
uniform,olmo,OLMo-2-0425-1B,12,1,-0.18869565217391301,0.3772156351847255,24,0.5588379780514452
uniform,olmo,OLMo-2-0425-1B,15,7,-0.18347826086956517,0.3907866745462583,24,0.568416981158194
uniform,olmo,OLMo-2-0425-1B,11,9,-0.17739130434782607,0.40696255139715665,24,0.5813750734245094
uniform,olmo,OLMo-2-0425-1B,11,8,-0.17304347826086955,0.41874034957223477,24,0.5877057537855926
uniform,olmo,OLMo-2-0425-1B,15,15,-0.15739130434782608,0.46264909166367685,24,0.6273208022558331
uniform,olmo,OLMo-2-0425-1B,14,9,-0.15304347826086956,0.4752549676743846,24,0.6336732902325128
uniform,olmo,OLMo-2-0425-1B,13,4,-0.14782608695652172,0.49061007074296015,24,0.6434230435973248
uniform,olmo,OLMo-2-0425-1B,13,8,-0.13999999999999999,0.5140986909290426,24,0.6489984636892357
uniform,olmo,OLMo-2-0425-1B,11,2,-0.13478260869565215,0.5300538865453849,24,0.6489984636892357
uniform,olmo,OLMo-2-0425-1B,14,0,-0.13478260869565215,0.5300538865453849,24,0.6489984636892357
uniform,olmo,OLMo-2-0425-1B,14,10,-0.13391304347826086,0.5327356259700111,24,0.6489984636892357
uniform,olmo,OLMo-2-0425-1B,12,9,-0.13304347826086957,0.5354237325436195,24,0.6489984636892357
uniform,olmo,OLMo-2-0425-1B,12,6,-0.11913043478260868,0.5792759020081251,24,0.6916727188156717
uniform,olmo,OLMo-2-0425-1B,14,14,-0.10869565217391304,0.6131561977406331,24,0.710905736510879
uniform,olmo,OLMo-2-0425-1B,14,15,-0.07826086956521738,0.7162392905010878,24,0.8104418541333237
uniform,olmo,OLMo-2-0425-1B,15,3,-0.07739130434782608,0.7192671455433247,24,0.8104418541333237
uniform,olmo,OLMo-2-0425-1B,12,0,-0.07043478260869565,0.7436342012968032,24,0.8262602236631147
uniform,olmo,OLMo-2-0425-1B,13,3,-0.040869565217391296,0.8496151500324183,24,0.8827170389947203
uniform,olmo,OLMo-2-0425-1B,11,12,-0.01826086956521739,0.9325072970015154,24,0.9443111868369776
uniform,olmo,OLMo-2-0425-1B,13,14,-0.013913043478260868,0.9485530177017848,24,0.9485530177017848
uniform,olmo,OLMo-2-0425-1B,14,6,0.02695652173913043,0.9004982689028821,24,0.9235879681055201
uniform,olmo,OLMo-2-0425-1B,14,2,0.04347826086956521,0.8401329841149333,24,0.8827170389947203
uniform,olmo,OLMo-2-0425-1B,12,5,0.04869565217391304,0.8212344730022532,24,0.87598343786907
uniform,olmo,OLMo-2-0425-1B,12,7,0.050434782608695654,0.8149558189775675,24,0.87598343786907
uniform,olmo,OLMo-2-0425-1B,13,10,0.06608695652173913,0.7589874525518234,24,0.8317670712896695
uniform,olmo,OLMo-2-0425-1B,11,14,0.11130434782608695,0.6046100724044845,24,0.710905736510879
uniform,olmo,OLMo-2-0425-1B,11,0,0.1678260869565217,0.4331165526494355,24,0.5974021415854283
uniform,olmo,OLMo-2-0425-1B,15,5,0.2226086956521739,0.295778422534422,24,0.4829035469949747
uniform,olmo,OLMo-2-1124-13B,32,14,-0.6347826086956522,0.0008620162988746105,24,0.27687896327396894
uniform,olmo,OLMo-2-1124-13B,34,37,-0.6139130434782608,0.0014180303842615035,24,0.27687896327396894
uniform,olmo,OLMo-2-1124-13B,29,26,-0.5782608695652174,0.003077897042102435,24,0.286898625667838
uniform,olmo,OLMo-2-1124-13B,30,18,-0.568695652173913,0.003734522433591378,24,0.286898625667838
uniform,olmo,OLMo-2-1124-13B,38,7,-0.5617391304347825,0.004283140443219152,24,0.286898625667838
uniform,olmo,OLMo-2-1124-13B,27,27,-0.5599999999999999,0.004430427026282591,24,0.286898625667838
uniform,olmo,OLMo-2-1124-13B,32,10,-0.5530434782608695,0.005062933315680416,24,0.286898625667838
uniform,olmo,OLMo-2-1124-13B,29,32,-0.548695652173913,0.005495481886180108,24,0.286898625667838
uniform,olmo,OLMo-2-1124-13B,28,29,-0.5408695652173913,0.006352189578736696,24,0.286898625667838
uniform,olmo,OLMo-2-1124-13B,30,26,-0.5382608695652172,0.006661450969899961,24,0.286898625667838
uniform,olmo,OLMo-2-1124-13B,36,11,-0.5295652173913042,0.00778458960234077,24,0.286898625667838
uniform,olmo,OLMo-2-1124-13B,28,17,-0.5260869565217391,0.008275921894264559,24,0.286898625667838
uniform,olmo,OLMo-2-1124-13B,27,5,-0.5034782608695652,0.012137275539587164,24,0.36588583563042826
uniform,olmo,OLMo-2-1124-13B,35,12,-0.5008695652173912,0.01266527892566867,24,0.36588583563042826
uniform,olmo,OLMo-2-1124-13B,27,26,-0.48521739130434777,0.016244462180402992,24,0.4280975636858167
uniform,olmo,OLMo-2-1124-13B,34,0,-0.4843478260869564,0.016465290910992948,24,0.4280975636858167
uniform,olmo,OLMo-2-1124-13B,27,1,-0.46347826086956523,0.022544972852183126,24,0.4777884405610928
uniform,olmo,OLMo-2-1124-13B,33,23,-0.4626086956521739,0.022833034205313588,24,0.4777884405610928
uniform,olmo,OLMo-2-1124-13B,29,8,-0.45826086956521733,0.02431823300642526,24,0.4777884405610928
uniform,olmo,OLMo-2-1124-13B,31,32,-0.4556521739130434,0.02524605564204541,24,0.4777884405610928
uniform,olmo,OLMo-2-1124-13B,27,15,-0.4530434782608695,0.02620213630425854,24,0.4777884405610928
uniform,olmo,OLMo-2-1124-13B,31,4,-0.4495652173913043,0.027521911769761126,24,0.4777884405610928
uniform,olmo,OLMo-2-1124-13B,33,9,-0.44869565217391305,0.02786004190152475,24,0.4777884405610928
uniform,olmo,OLMo-2-1124-13B,33,33,-0.44869565217391305,0.02786004190152475,24,0.4777884405610928
uniform,olmo,OLMo-2-1124-13B,35,4,-0.44260869565217387,0.030321189497146277,24,0.4777884405610928
uniform,olmo,OLMo-2-1124-13B,35,11,-0.44260869565217387,0.030321189497146277,24,0.4777884405610928
uniform,olmo,OLMo-2-1124-13B,34,22,-0.44260869565217387,0.030321189497146277,24,0.4777884405610928
uniform,olmo,OLMo-2-1124-13B,27,13,-0.4321739130434783,0.034941536627697875,24,0.5026173964159152
uniform,olmo,OLMo-2-1124-13B,28,23,-0.4321739130434783,0.034941536627697875,24,0.5026173964159152
uniform,olmo,OLMo-2-1124-13B,34,26,-0.4313043478260869,0.0353504559247137,24,0.5026173964159152
uniform,olmo,OLMo-2-1124-13B,38,5,-0.41826086956521735,0.041951916181776204,24,0.5593588824236827
uniform,olmo,OLMo-2-1124-13B,29,21,-0.41478260869565214,0.04386649848070577,24,0.5656840682197798
uniform,olmo,OLMo-2-1124-13B,30,31,-0.41130434782608694,0.04584897898373572,24,0.5656840682197798
uniform,olmo,OLMo-2-1124-13B,37,28,-0.4104347826086956,0.04635539124201919,24,0.5656840682197798
uniform,olmo,OLMo-2-1124-13B,28,19,-0.40782608695652167,0.04790092056917194,24,0.5656840682197798
uniform,olmo,OLMo-2-1124-13B,33,32,-0.4060869565217391,0.04895342898055787,24,0.5656840682197798
uniform,olmo,OLMo-2-1124-13B,36,23,-0.4060869565217391,0.04895342898055787,24,0.5656840682197798
uniform,olmo,OLMo-2-1124-13B,34,18,-0.40347826086956523,0.05056591564642587,24,0.5661098051912528
uniform,olmo,OLMo-2-1124-13B,29,24,-0.40086956521739125,0.05221946082129626,24,0.5661098051912528
uniform,olmo,OLMo-2-1124-13B,30,12,-0.39999999999999997,0.05277988140256797,24,0.5661098051912528
uniform,olmo,OLMo-2-1124-13B,33,30,-0.3991304347826086,0.053344962412252665,24,0.5661098051912528
uniform,olmo,OLMo-2-1124-13B,33,31,-0.3956521739130434,0.055652382889228295,24,0.5743308855527012
uniform,olmo,OLMo-2-1124-13B,27,21,-0.39391304347826084,0.05683469551963003,24,0.5743308855527012
uniform,olmo,OLMo-2-1124-13B,36,39,-0.3930434782608695,0.057433088555270115,24,0.5743308855527012
uniform,olmo,OLMo-2-1124-13B,31,18,-0.38869565217391305,0.060498404649825706,24,0.5935692531681013
uniform,olmo,OLMo-2-1124-13B,34,28,-0.3834782608695652,0.06434139809221924,24,0.5985073923977297
uniform,olmo,OLMo-2-1124-13B,34,9,-0.38,0.06700561062998242,24,0.5985073923977297
uniform,olmo,OLMo-2-1124-13B,29,35,-0.37913043478260866,0.06768466488200442,24,0.5985073923977297
uniform,olmo,OLMo-2-1124-13B,36,17,-0.3756521739130434,0.07045361689375705,24,0.6005882095861257
uniform,olmo,OLMo-2-1124-13B,28,22,-0.3643478260869565,0.08005146755932814,24,0.6212949721022483
uniform,olmo,OLMo-2-1124-13B,27,33,-0.36260869565217385,0.08161161940645165,24,0.6240888542846302
uniform,olmo,OLMo-2-1124-13B,38,20,-0.3521739130434782,0.09145834490857088,24,0.6667357277396682
uniform,olmo,OLMo-2-1124-13B,39,38,-0.348695652173913,0.09493011884568243,24,0.6739412022857678
uniform,olmo,OLMo-2-1124-13B,27,29,-0.34695652173913033,0.09670236783045821,24,0.6739412022857678
uniform,olmo,OLMo-2-1124-13B,30,24,-0.34521739130434775,0.09849909879561222,24,0.6739412022857678
uniform,olmo,OLMo-2-1124-13B,33,13,-0.33999999999999997,0.1040379666981944,24,0.6903162534787252
uniform,olmo,OLMo-2-1124-13B,31,12,-0.3391304347826086,0.10498302480093244,24,0.6903162534787252
uniform,olmo,OLMo-2-1124-13B,39,11,-0.3347826086956522,0.1098035359218697,24,0.6903162534787252
uniform,olmo,OLMo-2-1124-13B,30,38,-0.33304347826086955,0.11177657698587243,24,0.6903162534787252
uniform,olmo,OLMo-2-1124-13B,29,29,-0.3321739130434782,0.11277279029569683,24,0.6903162534787252
uniform,olmo,OLMo-2-1124-13B,30,1,-0.3304347826086956,0.11478470741054941,24,0.6903162534787252
uniform,olmo,OLMo-2-1124-13B,32,33,-0.32956521739130434,0.11580045288804075,24,0.6903162534787252
uniform,olmo,OLMo-2-1124-13B,30,5,-0.32695652173913037,0.11888708485840496,24,0.6928140266566905
uniform,olmo,OLMo-2-1124-13B,32,20,-0.32434782608695645,0.12203323885388004,24,0.6928140266566905
uniform,olmo,OLMo-2-1124-13B,28,37,-0.32434782608695645,0.12203323885388004,24,0.6928140266566905
uniform,olmo,OLMo-2-1124-13B,35,1,-0.32260869565217387,0.12416401155590807,24,0.6928140266566905
uniform,olmo,OLMo-2-1124-13B,35,16,-0.32260869565217387,0.12416401155590807,24,0.6928140266566905
uniform,olmo,OLMo-2-1124-13B,30,32,-0.3217391304347825,0.12523945866486327,24,0.6928140266566905
uniform,olmo,OLMo-2-1124-13B,35,33,-0.31478260869565217,0.13408706839947865,24,0.7223169231102491
uniform,olmo,OLMo-2-1124-13B,32,13,-0.31478260869565217,0.13408706839947865,24,0.7223169231102491
uniform,olmo,OLMo-2-1124-13B,31,30,-0.31304347826086953,0.1363674584174657,24,0.7223169231102491
uniform,olmo,OLMo-2-1124-13B,36,18,-0.3095652173913043,0.14101146711310472,24,0.7228393405258685
uniform,olmo,OLMo-2-1124-13B,27,14,-0.308695652173913,0.14218991443004733,24,0.7228393405258685
uniform,olmo,OLMo-2-1124-13B,28,33,-0.3078260869565217,0.14337537555018112,24,0.7228393405258685
uniform,olmo,OLMo-2-1124-13B,39,23,-0.3043478260869565,0.1481877085862842,24,0.7231420247813118
uniform,olmo,OLMo-2-1124-13B,37,19,-0.30347826086956514,0.14940850037488204,24,0.7231420247813118
uniform,olmo,OLMo-2-1124-13B,28,8,-0.3008695652173913,0.15311364746090092,24,0.7231420247813118
uniform,olmo,OLMo-2-1124-13B,29,14,-0.3008695652173913,0.15311364746090092,24,0.7231420247813118
uniform,olmo,OLMo-2-1124-13B,30,33,-0.3,0.15436300913601078,24,0.7231420247813118
uniform,olmo,OLMo-2-1124-13B,29,39,-0.29565217391304344,0.16071789336224301,24,0.736011233549385
uniform,olmo,OLMo-2-1124-13B,33,28,-0.29217391304347823,0.1659324362656943,24,0.736011233549385
uniform,olmo,OLMo-2-1124-13B,38,4,-0.29217391304347823,0.1659324362656943,24,0.736011233549385
uniform,olmo,OLMo-2-1124-13B,31,3,-0.29130434782608694,0.16725434336435266,24,0.736011233549385
uniform,olmo,OLMo-2-1124-13B,33,37,-0.29130434782608694,0.16725434336435266,24,0.736011233549385
uniform,olmo,OLMo-2-1124-13B,35,20,-0.2895652173913043,0.16992018695250974,24,0.736011233549385
uniform,olmo,OLMo-2-1124-13B,36,27,-0.288695652173913,0.17126415242206844,24,0.736011233549385
uniform,olmo,OLMo-2-1124-13B,30,6,-0.2791304347826086,0.18653796075704562,24,0.7634435613559214
uniform,olmo,OLMo-2-1124-13B,28,26,-0.2782608695652174,0.1879713945221431,24,0.7634435613559214
uniform,olmo,OLMo-2-1124-13B,27,32,-0.27652173913043476,0.19086089033898035,24,0.7634435613559214
uniform,olmo,OLMo-2-1124-13B,32,21,-0.27478260869565213,0.19378063586855726,24,0.7635031822522154
uniform,olmo,OLMo-2-1124-13B,35,31,-0.27304347826086955,0.19673072289025423,24,0.7635031822522154
uniform,olmo,OLMo-2-1124-13B,29,9,-0.27304347826086955,0.19673072289025423,24,0.7635031822522154
uniform,olmo,OLMo-2-1124-13B,33,12,-0.2721739130434782,0.198217172315479,24,0.7635031822522154
uniform,olmo,OLMo-2-1124-13B,38,18,-0.2713043478260869,0.19971124015805522,24,0.7636018006043288
uniform,olmo,OLMo-2-1124-13B,28,38,-0.27043478260869563,0.20121293703333998,24,0.7637279361849401
uniform,olmo,OLMo-2-1124-13B,31,27,-0.2695652173913043,0.20272227336292598,24,0.7638810300631994
uniform,olmo,OLMo-2-1124-13B,38,35,-0.2652173913043478,0.2103838978731484,24,0.7758838786811146
uniform,olmo,OLMo-2-1124-13B,39,22,-0.2626086956521739,0.21507317009837784,24,0.787591890501102
uniform,olmo,OLMo-2-1124-13B,30,27,-0.26086956521739124,0.21823795857184652,24,0.7880815170650013
uniform,olmo,OLMo-2-1124-13B,37,21,-0.2573913043478261,0.2246604898877398,24,0.7947173791947257
uniform,olmo,OLMo-2-1124-13B,33,18,-0.2539130434782608,0.23120736516745433,24,0.8023311636792246
uniform,olmo,OLMo-2-1124-13B,33,38,-0.25304347826086954,0.23286356530495436,24,0.8023311636792246
uniform,olmo,OLMo-2-1124-13B,33,21,-0.25217391304347825,0.23452757092161952,24,0.8023311636792246
uniform,olmo,OLMo-2-1124-13B,34,31,-0.25217391304347825,0.23452757092161952,24,0.8023311636792246
uniform,olmo,OLMo-2-1124-13B,37,1,-0.2495652173913043,0.2395664805456787,24,0.8047244665643475
uniform,olmo,OLMo-2-1124-13B,27,25,-0.248695652173913,0.24126176688795445,24,0.8047244665643475
uniform,olmo,OLMo-2-1124-13B,37,2,-0.2478260869565217,0.24296488702038951,24,0.8047244665643475
uniform,olmo,OLMo-2-1124-13B,37,33,-0.2478260869565217,0.24296488702038951,24,0.8047244665643475
uniform,olmo,OLMo-2-1124-13B,35,7,-0.24695652173913044,0.24467584594576178,24,0.805262277796178
uniform,olmo,OLMo-2-1124-13B,31,39,-0.2452173913043478,0.24812129907550173,24,0.8063942219953807
uniform,olmo,OLMo-2-1124-13B,37,6,-0.24086956521739128,0.25687241800841343,24,0.8164856583907238
uniform,olmo,OLMo-2-1124-13B,28,15,-0.24086956521739128,0.25687241800841343,24,0.8164856583907238
uniform,olmo,OLMo-2-1124-13B,29,20,-0.23913043478260865,0.260427936802927,24,0.8164856583907238
uniform,olmo,OLMo-2-1124-13B,39,36,-0.23826086956521736,0.2622175095216363,24,0.8164856583907238
uniform,olmo,OLMo-2-1124-13B,27,9,-0.23391304347826083,0.27128359982868233,24,0.8328321267275528
uniform,olmo,OLMo-2-1124-13B,32,30,-0.23217391304347823,0.2749652411831776,24,0.8328321267275528
uniform,olmo,OLMo-2-1124-13B,33,29,-0.23217391304347823,0.2749652411831776,24,0.8328321267275528
uniform,olmo,OLMo-2-1124-13B,33,1,-0.23130434782608694,0.27681789646261495,24,0.8328321267275528
uniform,olmo,OLMo-2-1124-13B,32,22,-0.23043478260869563,0.27867844240498885,24,0.8328321267275528
uniform,olmo,OLMo-2-1124-13B,33,15,-0.23043478260869563,0.27867844240498885,24,0.8328321267275528
uniform,olmo,OLMo-2-1124-13B,31,0,-0.22608695652173913,0.2880995376657831,24,0.8369372043922191
uniform,olmo,OLMo-2-1124-13B,33,3,-0.2252173913043478,0.2900074275938714,24,0.8377992352711839
uniform,olmo,OLMo-2-1124-13B,36,0,-0.2208695652173913,0.2996651742301719,24,0.8524053950265086
uniform,olmo,OLMo-2-1124-13B,33,24,-0.2208695652173913,0.2996651742301719,24,0.8524053950265086
uniform,olmo,OLMo-2-1124-13B,30,9,-0.22,0.3016203705478415,24,0.8524053950265086
uniform,olmo,OLMo-2-1124-13B,37,20,-0.22,0.3016203705478415,24,0.8524053950265086
uniform,olmo,OLMo-2-1124-13B,35,8,-0.21739130434782608,0.3075332105489072,24,0.8551725640932178
uniform,olmo,OLMo-2-1124-13B,27,39,-0.21652173913043476,0.30951989756230047,24,0.8561188655978523
uniform,olmo,OLMo-2-1124-13B,31,25,-0.21304347826086956,0.31754525245129106,24,0.8565826576809997
uniform,olmo,OLMo-2-1124-13B,39,14,-0.21304347826086956,0.31754525245129106,24,0.8565826576809997
uniform,olmo,OLMo-2-1124-13B,33,34,-0.2121739130434782,0.3195712222886807,24,0.8565826576809997
uniform,olmo,OLMo-2-1124-13B,34,11,-0.2121739130434782,0.3195712222886807,24,0.8565826576809997
uniform,olmo,OLMo-2-1124-13B,30,0,-0.20956521739130432,0.32569617157142167,24,0.8642433491557231
uniform,olmo,OLMo-2-1124-13B,38,14,-0.2078260869565217,0.3298186178055175,24,0.8642433491557231
uniform,olmo,OLMo-2-1124-13B,28,0,-0.2069565217391304,0.3318915676831471,24,0.8642433491557231
uniform,olmo,OLMo-2-1124-13B,30,13,-0.20608695652173914,0.3339723271430128,24,0.8642433491557231
uniform,olmo,OLMo-2-1124-13B,31,29,-0.2052173913043478,0.3360608896745526,24,0.8642433491557231
uniform,olmo,OLMo-2-1124-13B,38,13,-0.2052173913043478,0.3360608896745526,24,0.8642433491557231
uniform,olmo,OLMo-2-1124-13B,35,35,-0.20434782608695648,0.33815724851317586,24,0.8642433491557231
uniform,olmo,OLMo-2-1124-13B,27,8,-0.2026086956521739,0.34237332678092103,24,0.8642433491557231
uniform,olmo,OLMo-2-1124-13B,31,5,-0.19652173913043475,0.35737406951590367,24,0.8799416753565946
uniform,olmo,OLMo-2-1124-13B,29,30,-0.19565217391304346,0.35954796323422916,24,0.8799416753565946
uniform,olmo,OLMo-2-1124-13B,28,30,-0.19304347826086957,0.36611583497113975,24,0.8799416753565946
uniform,olmo,OLMo-2-1124-13B,33,20,-0.19304347826086957,0.36611583497113975,24,0.8799416753565946
uniform,olmo,OLMo-2-1124-13B,33,0,-0.19217391304347822,0.3683204887556275,24,0.8799416753565946
uniform,olmo,OLMo-2-1124-13B,36,38,-0.19217391304347822,0.3683204887556275,24,0.8799416753565946
uniform,olmo,OLMo-2-1124-13B,27,34,-0.19217391304347822,0.3683204887556275,24,0.8799416753565946
uniform,olmo,OLMo-2-1124-13B,37,39,-0.19130434782608693,0.3705328066699431,24,0.8799416753565946
uniform,olmo,OLMo-2-1124-13B,36,3,-0.18956521739130433,0.374980391143915,24,0.8799416753565946
uniform,olmo,OLMo-2-1124-13B,38,10,-0.1869565217391304,0.3817089686350579,24,0.8799416753565946
uniform,olmo,OLMo-2-1124-13B,39,8,-0.18521739130434778,0.3862326819021752,24,0.8799416753565946
uniform,olmo,OLMo-2-1124-13B,29,38,-0.1826086956521739,0.39307499311229405,24,0.8799416753565946
uniform,olmo,OLMo-2-1124-13B,32,16,-0.17913043478260868,0.40230343183605966,24,0.8799416753565946
uniform,olmo,OLMo-2-1124-13B,27,11,-0.17913043478260868,0.40230343183605966,24,0.8799416753565946
uniform,olmo,OLMo-2-1124-13B,35,3,-0.17913043478260868,0.40230343183605966,24,0.8799416753565946
uniform,olmo,OLMo-2-1124-13B,27,16,-0.1782608695652174,0.4046292620718749,24,0.8799416753565946
uniform,olmo,OLMo-2-1124-13B,36,6,-0.17739130434782607,0.40696255139715665,24,0.8799416753565946
uniform,olmo,OLMo-2-1124-13B,29,27,-0.17739130434782607,0.40696255139715665,24,0.8799416753565946
uniform,olmo,OLMo-2-1124-13B,38,31,-0.17739130434782607,0.40696255139715665,24,0.8799416753565946
uniform,olmo,OLMo-2-1124-13B,29,34,-0.17478260869565218,0.41400702240858334,24,0.8799416753565946
uniform,olmo,OLMo-2-1124-13B,34,2,-0.17478260869565218,0.41400702240858334,24,0.8799416753565946
uniform,olmo,OLMo-2-1124-13B,27,2,-0.17478260869565218,0.41400702240858334,24,0.8799416753565946
uniform,olmo,OLMo-2-1124-13B,30,21,-0.17478260869565218,0.41400702240858334,24,0.8799416753565946
uniform,olmo,OLMo-2-1124-13B,36,22,-0.17304347826086955,0.41874034957223477,24,0.8799416753565946
uniform,olmo,OLMo-2-1124-13B,30,22,-0.17217391304347823,0.42111806892778625,24,0.8799416753565946
uniform,olmo,OLMo-2-1124-13B,33,11,-0.1695652173913043,0.4282952504035892,24,0.8799416753565946
uniform,olmo,OLMo-2-1124-13B,35,37,-0.16869565217391302,0.4307022617209813,24,0.8799416753565946
uniform,olmo,OLMo-2-1124-13B,27,35,-0.16869565217391302,0.4307022617209813,24,0.8799416753565946
uniform,olmo,OLMo-2-1124-13B,28,4,-0.1678260869565217,0.4331165526494355,24,0.8799416753565946
uniform,olmo,OLMo-2-1124-13B,39,1,-0.16347826086956518,0.4452965670426073,24,0.8799416753565946
uniform,olmo,OLMo-2-1124-13B,28,34,-0.16260869565217392,0.44775415138241526,24,0.8799416753565946
uniform,olmo,OLMo-2-1124-13B,32,39,-0.16,0.4551697202154259,24,0.8799416753565946
uniform,olmo,OLMo-2-1124-13B,28,35,-0.15826086956521737,0.46014891272810604,24,0.8799416753565946
uniform,olmo,OLMo-2-1124-13B,33,16,-0.15652173913043477,0.46515629787569074,24,0.8799416753565946
uniform,olmo,OLMo-2-1124-13B,28,7,-0.15652173913043477,0.46515629787569074,24,0.8799416753565946
uniform,olmo,OLMo-2-1124-13B,34,33,-0.15565217391304348,0.4676705101638169,24,0.8799416753565946
uniform,olmo,OLMo-2-1124-13B,36,16,-0.15478260869565216,0.47019170707374996,24,0.8799416753565946
uniform,olmo,OLMo-2-1124-13B,29,19,-0.15478260869565216,0.47019170707374996,24,0.8799416753565946
uniform,olmo,OLMo-2-1124-13B,35,15,-0.15304347826086956,0.4752549676743846,24,0.8799416753565946
uniform,olmo,OLMo-2-1124-13B,32,18,-0.15304347826086956,0.4752549676743846,24,0.8799416753565946
uniform,olmo,OLMo-2-1124-13B,33,25,-0.15304347826086956,0.4752549676743846,24,0.8799416753565946
uniform,olmo,OLMo-2-1124-13B,31,16,-0.15217391304347824,0.47779698719030983,24,0.8799416753565946
uniform,olmo,OLMo-2-1124-13B,39,28,-0.15130434782608695,0.4803459029793671,24,0.8799416753565946
uniform,olmo,OLMo-2-1124-13B,34,19,-0.15130434782608695,0.4803459029793671,24,0.8799416753565946
uniform,olmo,OLMo-2-1124-13B,35,39,-0.14956521739130432,0.4854643322541819,24,0.8799416753565946
uniform,olmo,OLMo-2-1124-13B,29,7,-0.14956521739130432,0.4854643322541819,24,0.8799416753565946
uniform,olmo,OLMo-2-1124-13B,36,29,-0.1469565217391304,0.493193122110666,24,0.8799416753565946
uniform,olmo,OLMo-2-1124-13B,34,15,-0.14608695652173911,0.4957829296843137,24,0.8799416753565946
uniform,olmo,OLMo-2-1124-13B,37,16,-0.1452173913043478,0.49837946924561144,24,0.8799416753565946
uniform,olmo,OLMo-2-1124-13B,39,30,-0.1434782608695652,0.5035926462175363,24,0.8799416753565946
uniform,olmo,OLMo-2-1124-13B,37,3,-0.1434782608695652,0.5035926462175363,24,0.8799416753565946
uniform,olmo,OLMo-2-1124-13B,38,27,-0.14260869565217388,0.506209233952854,24,0.8799416753565946
uniform,olmo,OLMo-2-1124-13B,35,2,-0.14260869565217388,0.506209233952854,24,0.8799416753565946
uniform,olmo,OLMo-2-1124-13B,36,33,-0.14260869565217388,0.506209233952854,24,0.8799416753565946
uniform,olmo,OLMo-2-1124-13B,37,23,-0.14260869565217388,0.506209233952854,24,0.8799416753565946
uniform,olmo,OLMo-2-1124-13B,31,34,-0.1417391304347826,0.5088324543263879,24,0.8799416753565946
uniform,olmo,OLMo-2-1124-13B,27,0,-0.1408695652173913,0.5114622818846749,24,0.8799416753565946
uniform,olmo,OLMo-2-1124-13B,28,10,-0.13999999999999999,0.5140986909290426,24,0.8799416753565946
uniform,olmo,OLMo-2-1124-13B,29,16,-0.1391304347826087,0.5167416555162507,24,0.8799416753565946
uniform,olmo,OLMo-2-1124-13B,35,34,-0.1391304347826087,0.5167416555162507,24,0.8799416753565946
uniform,olmo,OLMo-2-1124-13B,28,3,-0.13826086956521738,0.519391149459146,24,0.8799416753565946
uniform,olmo,OLMo-2-1124-13B,38,24,-0.13826086956521738,0.519391149459146,24,0.8799416753565946
uniform,olmo,OLMo-2-1124-13B,35,22,-0.13478260869565215,0.5300538865453849,24,0.8799416753565946
uniform,olmo,OLMo-2-1124-13B,34,6,-0.13391304347826086,0.5327356259700111,24,0.8799416753565946
uniform,olmo,OLMo-2-1124-13B,31,26,-0.13304347826086957,0.5354237325436195,24,0.8799416753565946
uniform,olmo,OLMo-2-1124-13B,34,21,-0.13217391304347825,0.5381181783911482,24,0.8799416753565946
uniform,olmo,OLMo-2-1124-13B,27,30,-0.13217391304347825,0.5381181783911482,24,0.8799416753565946
uniform,olmo,OLMo-2-1124-13B,28,6,-0.1269565217391304,0.5544163873133454,24,0.8925588897923827
uniform,olmo,OLMo-2-1124-13B,31,1,-0.1269565217391304,0.5544163873133454,24,0.8925588897923827
uniform,olmo,OLMo-2-1124-13B,35,27,-0.1226086956521739,0.5681672657020509,24,0.90402746152076
uniform,olmo,OLMo-2-1124-13B,28,36,-0.1217391304347826,0.5709355226889165,24,0.90402746152076
uniform,olmo,OLMo-2-1124-13B,30,23,-0.11826086956521738,0.5820677933682574,24,0.9116724474442587
uniform,olmo,OLMo-2-1124-13B,35,13,-0.11478260869565216,0.5932933336915411,24,0.9209329358794072
uniform,olmo,OLMo-2-1124-13B,39,19,-0.11478260869565216,0.5932933336915411,24,0.9209329358794072
uniform,olmo,OLMo-2-1124-13B,39,25,-0.11217391304347826,0.6017724532672231,24,0.9258037742572662
uniform,olmo,OLMo-2-1124-13B,31,37,-0.11130434782608695,0.6046100724044845,24,0.9263216848999697
uniform,olmo,OLMo-2-1124-13B,30,20,-0.11043478260869564,0.6074532587517109,24,0.9263216848999697
uniform,olmo,OLMo-2-1124-13B,36,34,-0.10782608695652172,0.6160158821815657,24,0.9355177868175987
uniform,olmo,OLMo-2-1124-13B,31,38,-0.10434782608695652,0.6275085807240484,24,0.9387702954596625
uniform,olmo,OLMo-2-1124-13B,32,7,-0.10434782608695652,0.6275085807240484,24,0.9387702954596625
uniform,olmo,OLMo-2-1124-13B,29,36,-0.1034782608695652,0.6303950708493536,24,0.9387702954596625
uniform,olmo,OLMo-2-1124-13B,38,22,-0.1034782608695652,0.6303950708493536,24,0.9387702954596625
uniform,olmo,OLMo-2-1124-13B,27,37,-0.1026086956521739,0.6332868165639751,24,0.9387702954596625
uniform,olmo,OLMo-2-1124-13B,34,34,-0.10173913043478258,0.6361837822056855,24,0.9387702954596625
uniform,olmo,OLMo-2-1124-13B,27,19,-0.10173913043478258,0.6361837822056855,24,0.9387702954596625
uniform,olmo,OLMo-2-1124-13B,37,24,-0.10086956521739131,0.6390859319090779,24,0.9387702954596625
uniform,olmo,OLMo-2-1124-13B,32,34,-0.10086956521739131,0.6390859319090779,24,0.9387702954596625
uniform,olmo,OLMo-2-1124-13B,31,24,-0.09999999999999999,0.6419932296067887,24,0.9397595207780518
uniform,olmo,OLMo-2-1124-13B,33,35,-0.09565217391304347,0.6566056616723346,24,0.9397595207780518
uniform,olmo,OLMo-2-1124-13B,35,32,-0.09565217391304347,0.6566056616723346,24,0.9397595207780518
uniform,olmo,OLMo-2-1124-13B,30,34,-0.09391304347826085,0.6624853858393348,24,0.9397595207780518
uniform,olmo,OLMo-2-1124-13B,37,0,-0.09304347826086956,0.6654325452454302,24,0.9397595207780518
uniform,olmo,OLMo-2-1124-13B,27,3,-0.09130434782608696,0.6713412695646411,24,0.9397595207780518
uniform,olmo,OLMo-2-1124-13B,38,36,-0.09130434782608696,0.6713412695646411,24,0.9397595207780518
uniform,olmo,OLMo-2-1124-13B,38,26,-0.09043478260869564,0.6743027582561099,24,0.9397595207780518
uniform,olmo,OLMo-2-1124-13B,27,6,-0.09043478260869564,0.6743027582561099,24,0.9397595207780518
uniform,olmo,OLMo-2-1124-13B,39,9,-0.08956521739130434,0.6772689468428974,24,0.9397595207780518
uniform,olmo,OLMo-2-1124-13B,38,39,-0.08608695652173912,0.6891799258775776,24,0.9397595207780518
uniform,olmo,OLMo-2-1124-13B,36,19,-0.08608695652173912,0.6891799258775776,24,0.9397595207780518
uniform,olmo,OLMo-2-1124-13B,33,7,-0.08521739130434783,0.6921690316499881,24,0.9397595207780518
uniform,olmo,OLMo-2-1124-13B,35,19,-0.08521739130434783,0.6921690316499881,24,0.9397595207780518
uniform,olmo,OLMo-2-1124-13B,30,39,-0.08521739130434783,0.6921690316499881,24,0.9397595207780518
uniform,olmo,OLMo-2-1124-13B,33,17,-0.0826086956521739,0.7011629844471833,24,0.942131141892856
uniform,olmo,OLMo-2-1124-13B,38,11,-0.0826086956521739,0.7011629844471833,24,0.942131141892856
uniform,olmo,OLMo-2-1124-13B,37,13,-0.08086956521739129,0.7071807504682381,24,0.9438696993429733
uniform,olmo,OLMo-2-1124-13B,28,25,-0.08086956521739129,0.7071807504682381,24,0.9438696993429733
uniform,olmo,OLMo-2-1124-13B,31,11,-0.07913043478260869,0.7132155791016113,24,0.9438696993429733
uniform,olmo,OLMo-2-1124-13B,28,5,-0.07739130434782608,0.7192671455433247,24,0.9438696993429733
uniform,olmo,OLMo-2-1124-13B,39,4,-0.07739130434782608,0.7192671455433247,24,0.9438696993429733
uniform,olmo,OLMo-2-1124-13B,33,39,-0.07652173913043478,0.7222991032128188,24,0.9438696993429733
uniform,olmo,OLMo-2-1124-13B,34,8,-0.07652173913043478,0.7222991032128188,24,0.9438696993429733
uniform,olmo,OLMo-2-1124-13B,28,24,-0.07565217391304348,0.725335122330957,24,0.9438696993429733
uniform,olmo,OLMo-2-1124-13B,34,24,-0.07478260869565216,0.7283751615575543,24,0.9438696993429733
uniform,olmo,OLMo-2-1124-13B,36,10,-0.07391304347826086,0.7314191793924034,24,0.9438696993429733
uniform,olmo,OLMo-2-1124-13B,32,6,-0.07391304347826086,0.7314191793924034,24,0.9438696993429733
uniform,olmo,OLMo-2-1124-13B,28,9,-0.07304347826086956,0.7344671341768291,24,0.9438696993429733
uniform,olmo,OLMo-2-1124-13B,28,16,-0.07217391304347825,0.7375189840952583,24,0.9438696993429733
uniform,olmo,OLMo-2-1124-13B,37,25,-0.07217391304347825,0.7375189840952583,24,0.9438696993429733
uniform,olmo,OLMo-2-1124-13B,32,11,-0.07217391304347825,0.7375189840952583,24,0.9438696993429733
uniform,olmo,OLMo-2-1124-13B,34,35,-0.07130434782608694,0.7405746871767944,24,0.9438696993429733
uniform,olmo,OLMo-2-1124-13B,38,32,-0.06956521739130435,0.7466974841785088,24,0.9470309555434746
uniform,olmo,OLMo-2-1124-13B,35,28,-0.06869565217391303,0.749764493394595,24,0.9486071449274681
uniform,olmo,OLMo-2-1124-13B,36,25,-0.06782608695652173,0.75283518636882,24,0.9494515714888189
uniform,olmo,OLMo-2-1124-13B,39,17,-0.06695652173913043,0.7559095203776366,24,0.9494515714888189
uniform,olmo,OLMo-2-1124-13B,29,1,-0.06608695652173913,0.7589874525518234,24,0.9495943875524199
uniform,olmo,OLMo-2-1124-13B,36,13,-0.06434782608695652,0.7651539392008921,24,0.9495943875524199
uniform,olmo,OLMo-2-1124-13B,30,37,-0.06173913043478261,0.7744295754905792,24,0.9506502334644827
uniform,olmo,OLMo-2-1124-13B,38,33,-0.0608695652173913,0.7775281884531549,24,0.9506502334644827
uniform,olmo,OLMo-2-1124-13B,27,7,-0.0608695652173913,0.7775281884531549,24,0.9506502334644827
uniform,olmo,OLMo-2-1124-13B,27,36,-0.06,0.7806300955564118,24,0.9506502334644827
uniform,olmo,OLMo-2-1124-13B,29,25,-0.05739130434782608,0.7899551413098405,24,0.9552945894909698
uniform,olmo,OLMo-2-1124-13B,35,25,-0.05739130434782608,0.7899551413098405,24,0.9552945894909698
uniform,olmo,OLMo-2-1124-13B,31,17,-0.05565217391304347,0.7961874995255512,24,0.9561605075133641
uniform,olmo,OLMo-2-1124-13B,35,24,-0.05565217391304347,0.7961874995255512,24,0.9561605075133641
uniform,olmo,OLMo-2-1124-13B,29,15,-0.054782608695652164,0.799308243488264,24,0.9568671167225175
uniform,olmo,OLMo-2-1124-13B,27,38,-0.05130434782608695,0.8118206065534153,24,0.9568671167225175
uniform,olmo,OLMo-2-1124-13B,29,0,-0.050434782608695654,0.8149558189775675,24,0.9568671167225175
uniform,olmo,OLMo-2-1124-13B,32,2,-0.04608695652173912,0.8306723439322353,24,0.9571482989671115
uniform,olmo,OLMo-2-1124-13B,32,3,-0.04608695652173912,0.8306723439322353,24,0.9571482989671115
uniform,olmo,OLMo-2-1124-13B,31,21,-0.04521739130434782,0.8338234219848106,24,0.9571482989671115
uniform,olmo,OLMo-2-1124-13B,32,27,-0.04347826086956521,0.8401329841149333,24,0.9595437976113734
uniform,olmo,OLMo-2-1124-13B,34,13,-0.04,0.8527804394339903,24,0.9640126706645108
uniform,olmo,OLMo-2-1124-13B,35,17,-0.03826086956521739,0.8591175903218993,24,0.9686854133096194
uniform,olmo,OLMo-2-1124-13B,29,22,-0.03739130434782608,0.8622893584755253,24,0.9686854133096194
uniform,olmo,OLMo-2-1124-13B,31,6,-0.03565217391304347,0.8686390462246146,24,0.9686854133096194
uniform,olmo,OLMo-2-1124-13B,34,20,-0.034782608695652174,0.8718168719786574,24,0.9686854133096194
uniform,olmo,OLMo-2-1124-13B,30,10,-0.034782608695652174,0.8718168719786574,24,0.9686854133096194
uniform,olmo,OLMo-2-1124-13B,30,36,-0.029565217391304344,0.8909226043767047,24,0.9723352598916848
uniform,olmo,OLMo-2-1124-13B,30,8,-0.02695652173913043,0.9004982689028821,24,0.9723352598916848
uniform,olmo,OLMo-2-1124-13B,37,38,-0.02608695652173913,0.903693217741266,24,0.9723352598916848
uniform,olmo,OLMo-2-1124-13B,36,5,-0.025217391304347827,0.9068896173989752,24,0.9723352598916848
uniform,olmo,OLMo-2-1124-13B,27,22,-0.025217391304347827,0.9068896173989752,24,0.9723352598916848
uniform,olmo,OLMo-2-1124-13B,34,17,-0.023478260869565212,0.9132865779270147,24,0.9759962429939718
uniform,olmo,OLMo-2-1124-13B,35,10,-0.02260869565217391,0.9164870430337817,24,0.9759962429939718
uniform,olmo,OLMo-2-1124-13B,39,37,-0.021739130434782605,0.9196887674366273,24,0.9759962429939718
uniform,olmo,OLMo-2-1124-13B,39,35,-0.021739130434782605,0.9196887674366273,24,0.9759962429939718
uniform,olmo,OLMo-2-1124-13B,32,35,-0.02,0.9260958020254711,24,0.9772920584538566
uniform,olmo,OLMo-2-1124-13B,38,1,-0.01652173913043478,0.9389228669455103,24,0.9772920584538566
uniform,olmo,OLMo-2-1124-13B,36,2,-0.01652173913043478,0.9389228669455103,24,0.9772920584538566
uniform,olmo,OLMo-2-1124-13B,35,9,-0.015652173913043476,0.9421320594035385,24,0.9772920584538566
uniform,olmo,OLMo-2-1124-13B,31,33,-0.014782608695652172,0.9453421257736343,24,0.9772920584538566
uniform,olmo,OLMo-2-1124-13B,31,13,-0.013913043478260868,0.9485530177017848,24,0.9786658119145398
uniform,olmo,OLMo-2-1124-13B,28,39,-0.01217391304347826,0.9549770846497846,24,0.9833427406294811
uniform,olmo,OLMo-2-1124-13B,37,10,-0.010434782608695651,0.9614038727773804,24,0.9880039799293238
uniform,olmo,OLMo-2-1124-13B,27,12,-0.008695652173913044,0.9678329941702691,24,0.990088471424098
uniform,olmo,OLMo-2-1124-13B,32,38,-0.007826086956521738,0.9710483085120961,24,0.990088471424098
uniform,olmo,OLMo-2-1124-13B,29,31,-0.004347826086956522,0.9839134567350358,24,0.9934660145674149
uniform,olmo,OLMo-2-1124-13B,39,5,-0.004347826086956522,0.9839134567350358,24,0.9934660145674149
uniform,olmo,OLMo-2-1124-13B,37,36,-0.002608695652173913,0.9903476848039034,24,0.9941714210386676
uniform,olmo,OLMo-2-1124-13B,37,26,0.0008695652173913043,0.9967824967252694,24,0.9967824967252695
uniform,olmo,OLMo-2-1124-13B,31,36,0.0017391304347826085,0.9935650421080594,24,0.9954794256188648
uniform,olmo,OLMo-2-1124-13B,36,9,0.002608695652173913,0.9903476848039034,24,0.9941714210386676
uniform,olmo,OLMo-2-1124-13B,27,10,0.002608695652173913,0.9903476848039034,24,0.9941714210386676
uniform,olmo,OLMo-2-1124-13B,36,30,0.004347826086956522,0.9839134567350358,24,0.9934660145674149
uniform,olmo,OLMo-2-1124-13B,32,1,0.004347826086956522,0.9839134567350358,24,0.9934660145674149
uniform,olmo,OLMo-2-1124-13B,28,2,0.004347826086956522,0.9839134567350358,24,0.9934660145674149
uniform,olmo,OLMo-2-1124-13B,32,5,0.007826086956521738,0.9710483085120961,24,0.990088471424098
uniform,olmo,OLMo-2-1124-13B,30,29,0.009565217391304347,0.9646181660759277,24,0.9893519652060797
uniform,olmo,OLMo-2-1124-13B,27,23,0.014782608695652172,0.9453421257736343,24,0.9772920584538566
uniform,olmo,OLMo-2-1124-13B,29,10,0.014782608695652172,0.9453421257736343,24,0.9772920584538566
uniform,olmo,OLMo-2-1124-13B,35,36,0.015652173913043476,0.9421320594035385,24,0.9772920584538566
uniform,olmo,OLMo-2-1124-13B,36,32,0.015652173913043476,0.9421320594035385,24,0.9772920584538566
uniform,olmo,OLMo-2-1124-13B,33,8,0.01652173913043478,0.9389228669455103,24,0.9772920584538566
uniform,olmo,OLMo-2-1124-13B,27,31,0.01652173913043478,0.9389228669455103,24,0.9772920584538566
uniform,olmo,OLMo-2-1124-13B,32,37,0.017391304347826087,0.9357145967179171,24,0.9772920584538566
uniform,olmo,OLMo-2-1124-13B,30,17,0.01826086956521739,0.9325072970015154,24,0.9772920584538566
uniform,olmo,OLMo-2-1124-13B,28,21,0.02260869565217391,0.9164870430337817,24,0.9759962429939718
uniform,olmo,OLMo-2-1124-13B,29,37,0.025217391304347827,0.9068896173989752,24,0.9723352598916848
uniform,olmo,OLMo-2-1124-13B,32,29,0.02608695652173913,0.903693217741266,24,0.9723352598916848
uniform,olmo,OLMo-2-1124-13B,35,30,0.02608695652173913,0.903693217741266,24,0.9723352598916848
uniform,olmo,OLMo-2-1124-13B,33,4,0.02608695652173913,0.903693217741266,24,0.9723352598916848
uniform,olmo,OLMo-2-1124-13B,29,3,0.02608695652173913,0.903693217741266,24,0.9723352598916848
uniform,olmo,OLMo-2-1124-13B,35,29,0.02869565217391304,0.8941129145750657,24,0.9723352598916848
uniform,olmo,OLMo-2-1124-13B,35,6,0.029565217391304344,0.8909226043767047,24,0.9723352598916848
uniform,olmo,OLMo-2-1124-13B,30,30,0.029565217391304344,0.8909226043767047,24,0.9723352598916848
uniform,olmo,OLMo-2-1124-13B,38,3,0.029565217391304344,0.8909226043767047,24,0.9723352598916848
uniform,olmo,OLMo-2-1124-13B,32,32,0.03043478260869565,0.8877339355759605,24,0.9723352598916848
uniform,olmo,OLMo-2-1124-13B,32,24,0.03130434782608695,0.8845469556552951,24,0.9723352598916848
uniform,olmo,OLMo-2-1124-13B,32,26,0.033913043478260865,0.8749966229566862,24,0.9701455094615711
uniform,olmo,OLMo-2-1124-13B,28,18,0.034782608695652174,0.8718168719786574,24,0.9686854133096194
uniform,olmo,OLMo-2-1124-13B,37,4,0.03565217391304347,0.8686390462246146,24,0.9686854133096194
uniform,olmo,OLMo-2-1124-13B,33,6,0.03565217391304347,0.8686390462246146,24,0.9686854133096194
uniform,olmo,OLMo-2-1124-13B,39,12,0.04,0.8527804394339903,24,0.9640126706645108
uniform,olmo,OLMo-2-1124-13B,27,24,0.040869565217391296,0.8496151500324183,24,0.9640126706645108
uniform,olmo,OLMo-2-1124-13B,31,19,0.042608695652173914,0.8432913759776879,24,0.9595437976113734
uniform,olmo,OLMo-2-1124-13B,30,15,0.042608695652173914,0.8432913759776879,24,0.9595437976113734
uniform,olmo,OLMo-2-1124-13B,32,4,0.04434782608695652,0.8369769840650598,24,0.9586520522331082
uniform,olmo,OLMo-2-1124-13B,28,27,0.04521739130434782,0.8338234219848106,24,0.9571482989671115
uniform,olmo,OLMo-2-1124-13B,36,26,0.046956521739130425,0.8275237958648594,24,0.9571482989671115
uniform,olmo,OLMo-2-1124-13B,38,17,0.047826086956521734,0.8243778236378612,24,0.9568671167225175
uniform,olmo,OLMo-2-1124-13B,37,27,0.047826086956521734,0.8243778236378612,24,0.9568671167225175
uniform,olmo,OLMo-2-1124-13B,39,20,0.04869565217391304,0.8212344730022532,24,0.9568671167225175
uniform,olmo,OLMo-2-1124-13B,33,10,0.04869565217391304,0.8212344730022532,24,0.9568671167225175
uniform,olmo,OLMo-2-1124-13B,34,30,0.04869565217391304,0.8212344730022532,24,0.9568671167225175
uniform,olmo,OLMo-2-1124-13B,32,9,0.049565217391304345,0.8180937896030709,24,0.9568671167225175
uniform,olmo,OLMo-2-1124-13B,36,35,0.050434782608695654,0.8149558189775675,24,0.9568671167225175
uniform,olmo,OLMo-2-1124-13B,38,9,0.05130434782608695,0.8118206065534153,24,0.9568671167225175
uniform,olmo,OLMo-2-1124-13B,34,12,0.05130434782608695,0.8118206065534153,24,0.9568671167225175
uniform,olmo,OLMo-2-1124-13B,30,19,0.05217391304347826,0.8086881976469138,24,0.9568671167225175
uniform,olmo,OLMo-2-1124-13B,29,5,0.05304347826086955,0.8055586374612034,24,0.9568671167225175
uniform,olmo,OLMo-2-1124-13B,32,23,0.05391304347826086,0.8024319710844887,24,0.9568671167225175
uniform,olmo,OLMo-2-1124-13B,32,36,0.05565217391304347,0.7961874995255512,24,0.9561605075133641
uniform,olmo,OLMo-2-1124-13B,33,14,0.05826086956521739,0.7868436161547347,24,0.9552945894909698
uniform,olmo,OLMo-2-1124-13B,33,22,0.06,0.7806300955564118,24,0.9506502334644827
uniform,olmo,OLMo-2-1124-13B,29,13,0.0608695652173913,0.7775281884531549,24,0.9506502334644827
uniform,olmo,OLMo-2-1124-13B,39,29,0.06173913043478261,0.7744295754905792,24,0.9506502334644827
uniform,olmo,OLMo-2-1124-13B,33,19,0.0634782608695652,0.7682424072237529,24,0.9506502334644827
uniform,olmo,OLMo-2-1124-13B,39,13,0.06434782608695652,0.7651539392008921,24,0.9495943875524199
uniform,olmo,OLMo-2-1124-13B,30,28,0.06434782608695652,0.7651539392008921,24,0.9495943875524199
uniform,olmo,OLMo-2-1124-13B,38,2,0.06521739130434781,0.7620689398781239,24,0.9495943875524199
uniform,olmo,OLMo-2-1124-13B,38,28,0.06695652173913043,0.7559095203776366,24,0.9494515714888189
uniform,olmo,OLMo-2-1124-13B,36,21,0.07043478260869565,0.7436342012968032,24,0.9454517962697743
uniform,olmo,OLMo-2-1124-13B,32,19,0.07130434782608694,0.7405746871767944,24,0.9438696993429733
uniform,olmo,OLMo-2-1124-13B,36,12,0.07304347826086956,0.7344671341768291,24,0.9438696993429733
uniform,olmo,OLMo-2-1124-13B,32,0,0.07478260869565216,0.7283751615575543,24,0.9438696993429733
uniform,olmo,OLMo-2-1124-13B,33,36,0.07739130434782608,0.7192671455433247,24,0.9438696993429733
uniform,olmo,OLMo-2-1124-13B,36,14,0.07913043478260869,0.7132155791016113,24,0.9438696993429733
uniform,olmo,OLMo-2-1124-13B,37,18,0.0826086956521739,0.7011629844471833,24,0.942131141892856
uniform,olmo,OLMo-2-1124-13B,37,17,0.08434782608695651,0.69516260313585,24,0.9413660250797968
uniform,olmo,OLMo-2-1124-13B,32,28,0.08521739130434783,0.6921690316499881,24,0.9397595207780518
uniform,olmo,OLMo-2-1124-13B,39,18,0.08695652173913042,0.6861953252985288,24,0.9397595207780518
uniform,olmo,OLMo-2-1124-13B,36,15,0.08695652173913042,0.6861953252985288,24,0.9397595207780518
uniform,olmo,OLMo-2-1124-13B,29,28,0.08782608695652173,0.6832152692148052,24,0.9397595207780518
uniform,olmo,OLMo-2-1124-13B,31,22,0.08956521739130434,0.6772689468428974,24,0.9397595207780518
uniform,olmo,OLMo-2-1124-13B,32,8,0.09043478260869564,0.6743027582561099,24,0.9397595207780518
uniform,olmo,OLMo-2-1124-13B,29,17,0.09217391304347824,0.6683845191595215,24,0.9397595207780518
uniform,olmo,OLMo-2-1124-13B,35,26,0.09304347826086956,0.6654325452454302,24,0.9397595207780518
uniform,olmo,OLMo-2-1124-13B,39,15,0.09478260869565217,0.6595430787691372,24,0.9397595207780518
uniform,olmo,OLMo-2-1124-13B,33,27,0.09478260869565217,0.6595430787691372,24,0.9397595207780518
uniform,olmo,OLMo-2-1124-13B,39,26,0.09565217391304347,0.6566056616723346,24,0.9397595207780518
uniform,olmo,OLMo-2-1124-13B,34,23,0.09652173913043478,0.6536731719946907,24,0.9397595207780518
uniform,olmo,OLMo-2-1124-13B,39,34,0.09652173913043478,0.6536731719946907,24,0.9397595207780518
uniform,olmo,OLMo-2-1124-13B,31,9,0.09826086956521737,0.6478231237133648,24,0.9397595207780518
uniform,olmo,OLMo-2-1124-13B,27,4,0.1060869565217391,0.6217515088671185,24,0.9371327090171062
uniform,olmo,OLMo-2-1124-13B,28,14,0.10695652173913042,0.6188809974331807,24,0.9355177868175987
uniform,olmo,OLMo-2-1124-13B,29,2,0.10695652173913042,0.6188809974331807,24,0.9355177868175987
uniform,olmo,OLMo-2-1124-13B,30,3,0.11043478260869564,0.6074532587517109,24,0.9263216848999697
uniform,olmo,OLMo-2-1124-13B,28,12,0.11217391304347826,0.6017724532672231,24,0.9258037742572662
uniform,olmo,OLMo-2-1124-13B,31,8,0.11304347826086956,0.5989404349055965,24,0.9258037742572662
uniform,olmo,OLMo-2-1124-13B,39,21,0.11739130434782606,0.5848655143600633,24,0.9133035059076062
uniform,olmo,OLMo-2-1124-13B,30,7,0.12,0.5764898720889465,24,0.9056638473904901
uniform,olmo,OLMo-2-1124-13B,38,6,0.1208695652173913,0.5737097351958669,24,0.90402746152076
uniform,olmo,OLMo-2-1124-13B,31,10,0.1208695652173913,0.5737097351958669,24,0.90402746152076
uniform,olmo,OLMo-2-1124-13B,36,36,0.1217391304347826,0.5709355226889165,24,0.90402746152076
uniform,olmo,OLMo-2-1124-13B,30,4,0.1243478260869565,0.5626487416883165,24,0.9002379867013063
uniform,olmo,OLMo-2-1124-13B,30,11,0.12608695652173912,0.5571544076689684,24,0.8941984320613073
uniform,olmo,OLMo-2-1124-13B,37,7,0.12956521739130433,0.546239269258583,24,0.8848735825995738
uniform,olmo,OLMo-2-1124-13B,38,23,0.13043478260869562,0.5435259752175852,24,0.8832297097285758
uniform,olmo,OLMo-2-1124-13B,27,18,0.13130434782608694,0.5408189353993529,24,0.881585725415873
uniform,olmo,OLMo-2-1124-13B,31,7,0.13304347826086957,0.5354237325436195,24,0.8799416753565946
uniform,olmo,OLMo-2-1124-13B,34,4,0.13391304347826086,0.5327356259700111,24,0.8799416753565946
uniform,olmo,OLMo-2-1124-13B,27,20,0.13391304347826086,0.5327356259700111,24,0.8799416753565946
uniform,olmo,OLMo-2-1124-13B,33,2,0.13391304347826086,0.5327356259700111,24,0.8799416753565946
uniform,olmo,OLMo-2-1124-13B,29,33,0.13391304347826086,0.5327356259700111,24,0.8799416753565946
uniform,olmo,OLMo-2-1124-13B,34,38,0.13565217391304346,0.527378541905856,24,0.8799416753565946
uniform,olmo,OLMo-2-1124-13B,35,5,0.13565217391304346,0.527378541905856,24,0.8799416753565946
uniform,olmo,OLMo-2-1124-13B,37,37,0.1391304347826087,0.5167416555162507,24,0.8799416753565946
uniform,olmo,OLMo-2-1124-13B,34,39,0.1408695652173913,0.5114622818846749,24,0.8799416753565946
uniform,olmo,OLMo-2-1124-13B,38,12,0.1408695652173913,0.5114622818846749,24,0.8799416753565946
uniform,olmo,OLMo-2-1124-13B,39,10,0.1443478260869565,0.5009827163280623,24,0.8799416753565946
uniform,olmo,OLMo-2-1124-13B,34,1,0.1452173913043478,0.49837946924561144,24,0.8799416753565946
uniform,olmo,OLMo-2-1124-13B,29,11,0.1452173913043478,0.49837946924561144,24,0.8799416753565946
uniform,olmo,OLMo-2-1124-13B,37,12,0.14608695652173911,0.4957829296843137,24,0.8799416753565946
uniform,olmo,OLMo-2-1124-13B,39,27,0.1469565217391304,0.493193122110666,24,0.8799416753565946
uniform,olmo,OLMo-2-1124-13B,32,15,0.14782608695652172,0.49061007074296015,24,0.8799416753565946
uniform,olmo,OLMo-2-1124-13B,31,14,0.15478260869565216,0.47019170707374996,24,0.8799416753565946
uniform,olmo,OLMo-2-1124-13B,31,20,0.15478260869565216,0.47019170707374996,24,0.8799416753565946
uniform,olmo,OLMo-2-1124-13B,39,7,0.15565217391304348,0.4676705101638169,24,0.8799416753565946
uniform,olmo,OLMo-2-1124-13B,35,38,0.15652173913043477,0.46515629787569074,24,0.8799416753565946
uniform,olmo,OLMo-2-1124-13B,38,29,0.15739130434782608,0.46264909166367685,24,0.8799416753565946
uniform,olmo,OLMo-2-1124-13B,36,37,0.15739130434782608,0.46264909166367685,24,0.8799416753565946
uniform,olmo,OLMo-2-1124-13B,32,12,0.1591304347826087,0.45765578201494633,24,0.8799416753565946
uniform,olmo,OLMo-2-1124-13B,34,10,0.16086956521739126,0.452690747765674,24,0.8799416753565946
uniform,olmo,OLMo-2-1124-13B,31,23,0.16260869565217392,0.44775415138241526,24,0.8799416753565946
uniform,olmo,OLMo-2-1124-13B,30,16,0.16347826086956518,0.4452965670426073,24,0.8799416753565946
uniform,olmo,OLMo-2-1124-13B,34,32,0.1652173913043478,0.44040292312830936,24,0.8799416753565946
uniform,olmo,OLMo-2-1124-13B,35,14,0.16695652173913042,0.4355381053206145,24,0.8799416753565946
uniform,olmo,OLMo-2-1124-13B,37,29,0.1678260869565217,0.4331165526494355,24,0.8799416753565946
uniform,olmo,OLMo-2-1124-13B,34,27,0.17391304347826084,0.41636999529355606,24,0.8799416753565946
uniform,olmo,OLMo-2-1124-13B,28,11,0.17391304347826084,0.41636999529355606,24,0.8799416753565946
uniform,olmo,OLMo-2-1124-13B,38,38,0.17565217391304347,0.41165144697505385,24,0.8799416753565946
uniform,olmo,OLMo-2-1124-13B,32,31,0.17652173913043476,0.40930328479150074,24,0.8799416753565946
uniform,olmo,OLMo-2-1124-13B,37,34,0.17652173913043476,0.40930328479150074,24,0.8799416753565946
uniform,olmo,OLMo-2-1124-13B,38,19,0.17913043478260868,0.40230343183605966,24,0.8799416753565946
uniform,olmo,OLMo-2-1124-13B,29,23,0.18,0.399985075450615,24,0.8799416753565946
uniform,olmo,OLMo-2-1124-13B,34,14,0.18173913043478263,0.3953708419767238,24,0.8799416753565946
uniform,olmo,OLMo-2-1124-13B,31,31,0.1826086956521739,0.39307499311229405,24,0.8799416753565946
uniform,olmo,OLMo-2-1124-13B,28,20,0.1843478260869565,0.38850589974170063,24,0.8799416753565946
uniform,olmo,OLMo-2-1124-13B,28,1,0.18956521739130433,0.374980391143915,24,0.8799416753565946
uniform,olmo,OLMo-2-1124-13B,32,25,0.19043478260869565,0.3727527778427131,24,0.8799416753565946
uniform,olmo,OLMo-2-1124-13B,32,17,0.19304347826086957,0.36611583497113975,24,0.8799416753565946
uniform,olmo,OLMo-2-1124-13B,33,26,0.19478260869565217,0.36172956198490885,24,0.8799416753565946
uniform,olmo,OLMo-2-1124-13B,31,2,0.19652173913043475,0.35737406951590367,24,0.8799416753565946
uniform,olmo,OLMo-2-1124-13B,37,32,0.19913043478260867,0.35089871307688764,24,0.8799416753565946
uniform,olmo,OLMo-2-1124-13B,27,28,0.2026086956521739,0.34237332678092103,24,0.8642433491557231
uniform,olmo,OLMo-2-1124-13B,37,8,0.20347826086956516,0.3402613966398864,24,0.8642433491557231
uniform,olmo,OLMo-2-1124-13B,34,5,0.20608695652173914,0.3339723271430128,24,0.8642433491557231
uniform,olmo,OLMo-2-1124-13B,37,30,0.20869565217391303,0.32775348376704777,24,0.8642433491557231
uniform,olmo,OLMo-2-1124-13B,30,35,0.21391304347826084,0.3155271306915456,24,0.8565826576809997
uniform,olmo,OLMo-2-1124-13B,39,3,0.21565217391304345,0.31151444912851095,24,0.8565826576809997
uniform,olmo,OLMo-2-1124-13B,38,16,0.21739130434782608,0.3075332105489072,24,0.8551725640932178
uniform,olmo,OLMo-2-1124-13B,36,1,0.21739130434782608,0.3075332105489072,24,0.8551725640932178
uniform,olmo,OLMo-2-1124-13B,33,5,0.22608695652173913,0.2880995376657831,24,0.8369372043922191
uniform,olmo,OLMo-2-1124-13B,29,6,0.2269565217391304,0.2861995372033982,24,0.8369372043922191
uniform,olmo,OLMo-2-1124-13B,36,7,0.2278260869565217,0.28430742700718314,24,0.8369372043922191
uniform,olmo,OLMo-2-1124-13B,31,28,0.2295652173913043,0.28054687940936796,24,0.8336250131021219
uniform,olmo,OLMo-2-1124-13B,29,18,0.23130434782608694,0.27681789646261495,24,0.8328321267275528
uniform,olmo,OLMo-2-1124-13B,37,5,0.23826086956521736,0.2622175095216363,24,0.8164856583907238
uniform,olmo,OLMo-2-1124-13B,34,16,0.24,0.2586462405460084,24,0.8164856583907238
uniform,olmo,OLMo-2-1124-13B,31,35,0.2434782608695652,0.2515981618428429,24,0.8126151811073187
uniform,olmo,OLMo-2-1124-13B,28,13,0.24608695652173912,0.24639464844484832,24,0.8058189760460448
uniform,olmo,OLMo-2-1124-13B,38,37,0.2495652173913043,0.2395664805456787,24,0.8047244665643475
uniform,olmo,OLMo-2-1124-13B,35,21,0.2539130434782608,0.23120736516745433,24,0.8023311636792246
uniform,olmo,OLMo-2-1124-13B,36,8,0.2573913043478261,0.2246604898877398,24,0.7947173791947257
uniform,olmo,OLMo-2-1124-13B,37,22,0.2573913043478261,0.2246604898877398,24,0.7947173791947257
uniform,olmo,OLMo-2-1124-13B,37,15,0.2617391304347826,0.21665169795328637,24,0.7878243561937687
uniform,olmo,OLMo-2-1124-13B,28,32,0.2652173913043478,0.2103838978731484,24,0.7758838786811146
uniform,olmo,OLMo-2-1124-13B,38,34,0.268695652173913,0.20423925937348922,24,0.764060538663413
uniform,olmo,OLMo-2-1124-13B,30,25,0.2721739130434782,0.198217172315479,24,0.7635031822522154
uniform,olmo,OLMo-2-1124-13B,36,28,0.27652173913043476,0.19086089033898035,24,0.7634435613559214
uniform,olmo,OLMo-2-1124-13B,38,30,0.27652173913043476,0.19086089033898035,24,0.7634435613559214
uniform,olmo,OLMo-2-1124-13B,34,36,0.2791304347826086,0.18653796075704562,24,0.7634435613559214
uniform,olmo,OLMo-2-1124-13B,39,6,0.27999999999999997,0.18511205365132619,24,0.7634435613559214
uniform,olmo,OLMo-2-1124-13B,39,32,0.27999999999999997,0.18511205365132619,24,0.7634435613559214
uniform,olmo,OLMo-2-1124-13B,30,2,0.2826086956521739,0.18087936831931134,24,0.7634435613559214
uniform,olmo,OLMo-2-1124-13B,34,7,0.288695652173913,0.17126415242206844,24,0.736011233549385
uniform,olmo,OLMo-2-1124-13B,35,18,0.2904347826086956,0.16858358873548313,24,0.736011233549385
uniform,olmo,OLMo-2-1124-13B,30,14,0.2939130434782608,0.16331057776591754,24,0.736011233549385
uniform,olmo,OLMo-2-1124-13B,37,35,0.3008695652173913,0.15311364746090092,24,0.7231420247813118
uniform,olmo,OLMo-2-1124-13B,37,14,0.3017391304347826,0.1518714531157409,24,0.7231420247813118
uniform,olmo,OLMo-2-1124-13B,29,4,0.3069565217391304,0.1445678681051737,24,0.7228393405258685
uniform,olmo,OLMo-2-1124-13B,34,25,0.3078260869565217,0.14337537555018112,24,0.7228393405258685
uniform,olmo,OLMo-2-1124-13B,39,24,0.3121739130434782,0.13751802959214357,24,0.7223169231102491
uniform,olmo,OLMo-2-1124-13B,37,9,0.3121739130434782,0.13751802959214357,24,0.7223169231102491
uniform,olmo,OLMo-2-1124-13B,31,15,0.328695652173913,0.11682275058870734,24,0.6903162534787252
uniform,olmo,OLMo-2-1124-13B,34,29,0.32956521739130434,0.11580045288804075,24,0.6903162534787252
uniform,olmo,OLMo-2-1124-13B,39,39,0.3321739130434782,0.11277279029569683,24,0.6903162534787252
uniform,olmo,OLMo-2-1124-13B,38,25,0.33391304347826084,0.11078683255713415,24,0.6903162534787252
uniform,olmo,OLMo-2-1124-13B,35,23,0.33652173913043476,0.10785620119274743,24,0.6903162534787252
uniform,olmo,OLMo-2-1124-13B,37,31,0.34521739130434775,0.09849909879561222,24,0.6739412022857678
uniform,olmo,OLMo-2-1124-13B,29,12,0.35130434782608694,0.0923172546101079,24,0.6667357277396682
uniform,olmo,OLMo-2-1124-13B,36,4,0.3530434782608695,0.0906054197072354,24,0.6667357277396682
uniform,olmo,OLMo-2-1124-13B,36,20,0.35826086956521735,0.0856122550865117,24,0.6451938064490736
uniform,olmo,OLMo-2-1124-13B,39,31,0.3643478260869565,0.08005146755932814,24,0.6212949721022483
uniform,olmo,OLMo-2-1124-13B,38,0,0.3652173913043478,0.07927989061008901,24,0.6212949721022483
uniform,olmo,OLMo-2-1124-13B,39,2,0.3678260869565217,0.07699887080183038,24,0.6212949721022483
uniform,olmo,OLMo-2-1124-13B,37,11,0.368695652173913,0.07624968847908253,24,0.6212949721022483
uniform,olmo,OLMo-2-1124-13B,28,28,0.3739130434782608,0.07187007376805954,24,0.6027812638611445
uniform,olmo,OLMo-2-1124-13B,38,21,0.37739130434782603,0.06905854527666111,24,0.5985073923977297
uniform,olmo,OLMo-2-1124-13B,36,31,0.3782608695652173,0.06836896832220613,24,0.5985073923977297
uniform,olmo,OLMo-2-1124-13B,38,15,0.37913043478260866,0.06768466488200442,24,0.5985073923977297
uniform,olmo,OLMo-2-1124-13B,38,8,0.3852173913043478,0.06304015267072927,24,0.5985073923977297
uniform,olmo,OLMo-2-1124-13B,27,17,0.4260869565217391,0.03788430481237119,24,0.5184168026956059
uniform,olmo,OLMo-2-1124-13B,36,24,0.43043478260869555,0.03576316089882473,24,0.5026173964159152
uniform,olmo,OLMo-2-1124-13B,28,31,0.4452173913043478,0.029245989362288102,24,0.4777884405610928
uniform,olmo,OLMo-2-1124-13B,39,16,0.45652173913043476,0.02493367131792297,24,0.4777884405610928
uniform,olmo,OLMo-2-1124-13B,35,0,0.5217391304347825,0.008926065916873605,24,0.2900971422983922
uniform,olmo,OLMo-2-1124-13B,34,3,0.5321739130434783,0.007432234862799776,24,0.286898625667838
uniform,olmo,OLMo-2-1124-13B,39,33,0.5443478260869564,0.005958587597088936,24,0.286898625667838
uniform,olmo,OLMo-2-1124-13B,39,0,0.608695652173913,0.0015973786342728979,24,0.27687896327396894
uniform,olmo,OLMo-2-1124-7B,23,17,-0.686086956521739,0.00021452533237049378,24,0.068648106358558
uniform,olmo,OLMo-2-1124-7B,23,12,-0.5939130434782608,0.002214343550987704,24,0.20052708501616628
uniform,olmo,OLMo-2-1124-7B,29,14,-0.5852173913043477,0.0026642325357170136,24,0.20052708501616628
uniform,olmo,OLMo-2-1124-7B,22,24,-0.5817391304347826,0.0028647410909035526,24,0.20052708501616628
uniform,olmo,OLMo-2-1124-7B,23,19,-0.577391304347826,0.0031332357033775978,24,0.20052708501616628
uniform,olmo,OLMo-2-1124-7B,25,10,-0.5460869565217391,0.005769573258910435,24,0.2797971159656865
uniform,olmo,OLMo-2-1124-7B,25,17,-0.5330434782608695,0.0073177780709402455,24,0.2797971159656865
uniform,olmo,OLMo-2-1124-7B,30,28,-0.5321739130434783,0.007432234862799776,24,0.2797971159656865
uniform,olmo,OLMo-2-1124-7B,25,4,-0.5199999999999999,0.009197719807264297,24,0.2797971159656865
uniform,olmo,OLMo-2-1124-7B,29,17,-0.5113043478260869,0.010660889916722193,24,0.2821313549019768
uniform,olmo,OLMo-2-1124-7B,26,12,-0.5069565217391303,0.011461586292892808,24,0.2821313549019768
uniform,olmo,OLMo-2-1124-7B,30,7,-0.497391304347826,0.013398524953480467,24,0.2858351990075833
uniform,olmo,OLMo-2-1124-7B,31,20,-0.45826086956521733,0.02431823300642526,24,0.3989387410867675
uniform,olmo,OLMo-2-1124-7B,24,22,-0.45739130434782604,0.02462440449620561,24,0.3989387410867675
uniform,olmo,OLMo-2-1124-7B,23,0,-0.45652173913043476,0.02493367131792297,24,0.3989387410867675
uniform,olmo,OLMo-2-1124-7B,22,28,-0.45652173913043476,0.02493367131792297,24,0.3989387410867675
uniform,olmo,OLMo-2-1124-7B,23,6,-0.44869565217391305,0.02786004190152475,24,0.4140713870336066
uniform,olmo,OLMo-2-1124-7B,25,19,-0.4434782608695652,0.029959339686467554,24,0.4140713870336066
uniform,olmo,OLMo-2-1124-7B,24,8,-0.4408695652173913,0.031055354027520493,24,0.4140713870336066
uniform,olmo,OLMo-2-1124-7B,31,10,-0.42869565217391303,0.03660002306000617,24,0.4185386802994495
uniform,olmo,OLMo-2-1124-7B,22,26,-0.4269565217391304,0.03745231387529936,24,0.4185386802994495
uniform,olmo,OLMo-2-1124-7B,28,28,-0.4243478260869564,0.03876009763936715,24,0.4185386802994495
uniform,olmo,OLMo-2-1124-7B,30,31,-0.42173913043478256,0.04010367500276698,24,0.4185386802994495
uniform,olmo,OLMo-2-1124-7B,22,27,-0.42173913043478256,0.04010367500276698,24,0.4185386802994495
uniform,olmo,OLMo-2-1124-7B,23,30,-0.4208695652173913,0.040559600722234454,24,0.4185386802994495
uniform,olmo,OLMo-2-1124-7B,24,18,-0.41826086956521735,0.041951916181776204,24,0.4185386802994495
uniform,olmo,OLMo-2-1124-7B,30,3,-0.41130434782608694,0.04584897898373572,24,0.4185386802994495
uniform,olmo,OLMo-2-1124-7B,28,26,-0.40782608695652167,0.04790092056917194,24,0.4185386802994495
uniform,olmo,OLMo-2-1124-7B,30,13,-0.4060869565217391,0.04895342898055787,24,0.4185386802994495
uniform,olmo,OLMo-2-1124-7B,30,5,-0.4052173913043478,0.04948640343954956,24,0.4185386802994495
uniform,olmo,OLMo-2-1124-7B,30,29,-0.40347826086956523,0.05056591564642587,24,0.4185386802994495
uniform,olmo,OLMo-2-1124-7B,26,30,-0.39999999999999997,0.05277988140256797,24,0.4185386802994495
uniform,olmo,OLMo-2-1124-7B,28,31,-0.39826086956521733,0.0539147284565988,24,0.4185386802994495
uniform,olmo,OLMo-2-1124-7B,27,13,-0.39652173913043476,0.055068414085167834,24,0.4185386802994495
uniform,olmo,OLMo-2-1124-7B,31,16,-0.39652173913043476,0.055068414085167834,24,0.4185386802994495
uniform,olmo,OLMo-2-1124-7B,29,25,-0.3947826086956522,0.056241135165238536,24,0.4185386802994495
uniform,olmo,OLMo-2-1124-7B,27,5,-0.3947826086956522,0.056241135165238536,24,0.4185386802994495
uniform,olmo,OLMo-2-1124-7B,28,23,-0.38869565217391305,0.060498404649825706,24,0.4346759827916884
uniform,olmo,OLMo-2-1124-7B,22,18,-0.3878260869565217,0.06112631008008118,24,0.4346759827916884
uniform,olmo,OLMo-2-1124-7B,26,21,-0.37739130434782603,0.06905854527666111,24,0.47018584018152243
uniform,olmo,OLMo-2-1124-7B,31,18,-0.37478260869565216,0.0711591600657471,24,0.4740335162519583
uniform,olmo,OLMo-2-1124-7B,24,17,-0.37304347826086953,0.07258638217608111,24,0.4740335162519583
uniform,olmo,OLMo-2-1124-7B,29,21,-0.3660869565217391,0.0785139480245646,24,0.4836244112974913
uniform,olmo,OLMo-2-1124-7B,27,29,-0.3643478260869565,0.08005146755932814,24,0.4836244112974913
uniform,olmo,OLMo-2-1124-7B,25,13,-0.36347826086956525,0.08082870259888662,24,0.4836244112974913
uniform,olmo,OLMo-2-1124-7B,23,21,-0.36347826086956525,0.08082870259888662,24,0.4836244112974913
uniform,olmo,OLMo-2-1124-7B,31,28,-0.36260869565217385,0.08161161940645165,24,0.4836244112974913
uniform,olmo,OLMo-2-1124-7B,22,3,-0.36,0.08399469645152526,24,0.4886964157179651
uniform,olmo,OLMo-2-1124-7B,23,11,-0.35478260869565215,0.08891743107314606,24,0.5016166337917841
uniform,olmo,OLMo-2-1124-7B,22,20,-0.3539130434782608,0.08975845608982275,24,0.5016166337917841
uniform,olmo,OLMo-2-1124-7B,25,21,-0.3408695652173913,0.10309920611122532,24,0.5166098458690891
uniform,olmo,OLMo-2-1124-7B,23,20,-0.33826086956521734,0.1059344021632204,24,0.5166098458690891
uniform,olmo,OLMo-2-1124-7B,29,16,-0.33739130434782605,0.10689212043935839,24,0.5166098458690891
uniform,olmo,OLMo-2-1124-7B,22,5,-0.33391304347826084,0.11078683255713415,24,0.5166098458690891
uniform,olmo,OLMo-2-1124-7B,30,18,-0.33391304347826084,0.11078683255713415,24,0.5166098458690891
uniform,olmo,OLMo-2-1124-7B,22,14,-0.33304347826086955,0.11177657698587243,24,0.5166098458690891
uniform,olmo,OLMo-2-1124-7B,24,24,-0.3313043478260869,0.11377549347480255,24,0.5166098458690891
uniform,olmo,OLMo-2-1124-7B,26,13,-0.32956521739130434,0.11580045288804075,24,0.5166098458690891
uniform,olmo,OLMo-2-1124-7B,26,3,-0.32956521739130434,0.11580045288804075,24,0.5166098458690891
uniform,olmo,OLMo-2-1124-7B,23,14,-0.328695652173913,0.11682275058870734,24,0.5166098458690891
uniform,olmo,OLMo-2-1124-7B,24,4,-0.3278260869565217,0.11785162108888596,24,0.5166098458690891
uniform,olmo,OLMo-2-1124-7B,31,17,-0.3208695652173913,0.1263216392307609,24,0.5436184440337808
uniform,olmo,OLMo-2-1124-7B,31,30,-0.32,0.12741057282041737,24,0.5436184440337808
uniform,olmo,OLMo-2-1124-7B,24,9,-0.3173913043478261,0.1307180856032758,24,0.5503919393822139
uniform,olmo,OLMo-2-1124-7B,23,15,-0.3060869565217391,0.1457674095865942,24,0.5904502666798752
uniform,olmo,OLMo-2-1124-7B,23,24,-0.3017391304347826,0.1518714531157409,24,0.6074858124629636
uniform,olmo,OLMo-2-1124-7B,27,11,-0.2965217391304348,0.15943245327776348,24,0.6148162927658072
uniform,olmo,OLMo-2-1124-7B,29,11,-0.2965217391304348,0.15943245327776348,24,0.6148162927658072
uniform,olmo,OLMo-2-1124-7B,24,0,-0.2939130434782608,0.16331057776591754,24,0.6148162927658072
uniform,olmo,OLMo-2-1124-7B,26,7,-0.2939130434782608,0.16331057776591754,24,0.6148162927658072
uniform,olmo,OLMo-2-1124-7B,29,27,-0.29130434782608694,0.16725434336435266,24,0.6223417427510797
uniform,olmo,OLMo-2-1124-7B,27,9,-0.28521739130434776,0.17671396904879355,24,0.6291456289367351
uniform,olmo,OLMo-2-1124-7B,22,11,-0.2826086956521739,0.18087936831931134,24,0.6291456289367351
uniform,olmo,OLMo-2-1124-7B,28,27,-0.2826086956521739,0.18087936831931134,24,0.6291456289367351
uniform,olmo,OLMo-2-1124-7B,30,2,-0.2773913043478261,0.1894123670698224,24,0.6503410834911955
uniform,olmo,OLMo-2-1124-7B,22,16,-0.27478260869565213,0.19378063586855726,24,0.6503410834911955
uniform,olmo,OLMo-2-1124-7B,28,5,-0.27304347826086955,0.19673072289025423,24,0.6503410834911955
uniform,olmo,OLMo-2-1124-7B,28,0,-0.2713043478260869,0.19971124015805522,24,0.6503410834911955
uniform,olmo,OLMo-2-1124-7B,26,25,-0.2713043478260869,0.19971124015805522,24,0.6503410834911955
uniform,olmo,OLMo-2-1124-7B,29,18,-0.2695652173913043,0.20272227336292598,24,0.6503410834911955
uniform,olmo,OLMo-2-1124-7B,25,14,-0.2678260869565217,0.20576390509564654,24,0.6503410834911955
uniform,olmo,OLMo-2-1124-7B,30,6,-0.2678260869565217,0.20576390509564654,24,0.6503410834911955
uniform,olmo,OLMo-2-1124-7B,30,21,-0.2669565217391304,0.20729622036281856,24,0.6503410834911955
uniform,olmo,OLMo-2-1124-7B,23,1,-0.25565217391304346,0.22791835585505177,24,0.6920117026028023
uniform,olmo,OLMo-2-1124-7B,24,14,-0.25304347826086954,0.23286356530495436,24,0.6920117026028023
uniform,olmo,OLMo-2-1124-7B,28,13,-0.25217391304347825,0.23452757092161952,24,0.6920117026028023
uniform,olmo,OLMo-2-1124-7B,27,12,-0.25130434782608696,0.23619938811607963,24,0.6920117026028023
uniform,olmo,OLMo-2-1124-7B,23,22,-0.248695652173913,0.24126176688795445,24,0.6955294180553643
uniform,olmo,OLMo-2-1124-7B,26,28,-0.24608695652173912,0.24639464844484832,24,0.7039847098424238
uniform,olmo,OLMo-2-1124-7B,22,0,-0.24434782608695652,0.24985580217173994,24,0.7075562539376706
uniform,olmo,OLMo-2-1124-7B,22,13,-0.24086956521739128,0.25687241800841343,24,0.7210453838832658
uniform,olmo,OLMo-2-1124-7B,22,31,-0.23826086956521736,0.2622175095216363,24,0.7296487221471619
uniform,olmo,OLMo-2-1124-7B,28,15,-0.23565217391304347,0.26763351040669076,24,0.73829933905294
uniform,olmo,OLMo-2-1124-7B,30,10,-0.23391304347826083,0.27128359982868233,24,0.7419722388476782
uniform,olmo,OLMo-2-1124-7B,27,1,-0.23217391304347823,0.2749652411831776,24,0.7443842593952671
uniform,olmo,OLMo-2-1124-7B,27,2,-0.22869565217391302,0.28242320763631645,24,0.749527252463826
uniform,olmo,OLMo-2-1124-7B,30,19,-0.2278260869565217,0.28430742700718314,24,0.749527252463826
uniform,olmo,OLMo-2-1124-7B,30,1,-0.22434782608695653,0.2919232059452401,24,0.7533502088909423
uniform,olmo,OLMo-2-1124-7B,31,8,-0.21913043478260866,0.30358344391723047,24,0.7570048259665408
uniform,olmo,OLMo-2-1124-7B,26,2,-0.21739130434782608,0.3075332105489072,24,0.7570048259665408
uniform,olmo,OLMo-2-1124-7B,25,0,-0.21739130434782608,0.3075332105489072,24,0.7570048259665408
uniform,olmo,OLMo-2-1124-7B,22,4,-0.21391304347826084,0.3155271306915456,24,0.7680120249785121
uniform,olmo,OLMo-2-1124-7B,24,11,-0.21304347826086956,0.31754525245129106,24,0.7680120249785121
uniform,olmo,OLMo-2-1124-7B,27,27,-0.2121739130434782,0.3195712222886807,24,0.7680120249785121
uniform,olmo,OLMo-2-1124-7B,23,10,-0.21130434782608692,0.32160503545975194,24,0.7680120249785121
uniform,olmo,OLMo-2-1124-7B,23,26,-0.2078260869565217,0.3298186178055175,24,0.7712187675324422
uniform,olmo,OLMo-2-1124-7B,30,16,-0.20347826086956516,0.3402613966398864,24,0.7712187675324422
uniform,olmo,OLMo-2-1124-7B,31,31,-0.2026086956521739,0.34237332678092103,24,0.7712187675324422
uniform,olmo,OLMo-2-1124-7B,22,19,-0.20173913043478262,0.3444930314073976,24,0.7712187675324422
uniform,olmo,OLMo-2-1124-7B,24,29,-0.2008695652173913,0.3466205027349787,24,0.7712187675324422
uniform,olmo,OLMo-2-1124-7B,27,7,-0.19999999999999998,0.34875573272354554,24,0.7712187675324422
uniform,olmo,OLMo-2-1124-7B,28,7,-0.19826086956521738,0.353049435242404,24,0.7712187675324422
uniform,olmo,OLMo-2-1124-7B,25,28,-0.19826086956521738,0.353049435242404,24,0.7712187675324422
uniform,olmo,OLMo-2-1124-7B,27,4,-0.19826086956521738,0.353049435242404,24,0.7712187675324422
uniform,olmo,OLMo-2-1124-7B,24,28,-0.1973913043478261,0.3552078904108177,24,0.7712187675324422
uniform,olmo,OLMo-2-1124-7B,28,4,-0.19565217391304346,0.35954796323422916,24,0.7712187675324422
uniform,olmo,OLMo-2-1124-7B,22,1,-0.19391304347826085,0.3639188559293712,24,0.7712187675324422
uniform,olmo,OLMo-2-1124-7B,30,17,-0.19217391304347822,0.3683204887556275,24,0.7754115552750053
uniform,olmo,OLMo-2-1124-7B,24,13,-0.18521739130434778,0.3862326819021752,24,0.8016136913769402
uniform,olmo,OLMo-2-1124-7B,23,8,-0.18347826086956517,0.3907866745462583,24,0.8016136913769402
uniform,olmo,OLMo-2-1124-7B,25,27,-0.18347826086956517,0.3907866745462583,24,0.8016136913769402
uniform,olmo,OLMo-2-1124-7B,28,3,-0.17739130434782607,0.40696255139715665,24,0.8242279521967729
uniform,olmo,OLMo-2-1124-7B,24,16,-0.17217391304347823,0.42111806892778625,24,0.8314172010491375
uniform,olmo,OLMo-2-1124-7B,22,12,-0.17130434782608694,0.42350313678440443,24,0.8314172010491375
uniform,olmo,OLMo-2-1124-7B,29,26,-0.17130434782608694,0.42350313678440443,24,0.8314172010491375
uniform,olmo,OLMo-2-1124-7B,29,0,-0.16869565217391302,0.4307022617209813,24,0.8349234749868636
uniform,olmo,OLMo-2-1124-7B,29,13,-0.16869565217391302,0.4307022617209813,24,0.8349234749868636
uniform,olmo,OLMo-2-1124-7B,29,7,-0.1678260869565217,0.4331165526494355,24,0.8349234749868636
uniform,olmo,OLMo-2-1124-7B,27,30,-0.1660869565217391,0.4379669016082391,24,0.8392180150577037
uniform,olmo,OLMo-2-1124-7B,24,19,-0.15565217391304348,0.4676705101638169,24,0.8693698701565338
uniform,olmo,OLMo-2-1124-7B,25,1,-0.15391304347826085,0.4727198668976152,24,0.8693698701565338
uniform,olmo,OLMo-2-1124-7B,24,2,-0.15391304347826085,0.4727198668976152,24,0.8693698701565338
uniform,olmo,OLMo-2-1124-7B,22,25,-0.15130434782608695,0.4803459029793671,24,0.872195681320818
uniform,olmo,OLMo-2-1124-7B,25,2,-0.14956521739130432,0.4854643322541819,24,0.872195681320818
uniform,olmo,OLMo-2-1124-7B,26,5,-0.1434782608695652,0.5035926462175363,24,0.8744100176677404
uniform,olmo,OLMo-2-1124-7B,31,22,-0.14260869565217388,0.506209233952854,24,0.8744100176677404
uniform,olmo,OLMo-2-1124-7B,24,31,-0.1408695652173913,0.5114622818846749,24,0.8744100176677404
uniform,olmo,OLMo-2-1124-7B,31,12,-0.13999999999999999,0.5140986909290426,24,0.8744100176677404
uniform,olmo,OLMo-2-1124-7B,29,29,-0.1391304347826087,0.5167416555162507,24,0.8744100176677404
uniform,olmo,OLMo-2-1124-7B,24,20,-0.13826086956521738,0.519391149459146,24,0.8744100176677404
uniform,olmo,OLMo-2-1124-7B,30,11,-0.13652173913043478,0.5247096194478428,24,0.8744100176677404
uniform,olmo,OLMo-2-1124-7B,23,28,-0.13565217391304346,0.527378541905856,24,0.8744100176677404
uniform,olmo,OLMo-2-1124-7B,26,27,-0.13217391304347825,0.5381181783911482,24,0.8782809626354208
uniform,olmo,OLMo-2-1124-7B,30,14,-0.13043478260869562,0.5435259752175852,24,0.8782809626354208
uniform,olmo,OLMo-2-1124-7B,22,21,-0.12782608695652173,0.5516845044816036,24,0.8782809626354208
uniform,olmo,OLMo-2-1124-7B,29,12,-0.12608695652173912,0.5571544076689684,24,0.8782809626354208
uniform,olmo,OLMo-2-1124-7B,25,23,-0.1252173913043478,0.559898535790483,24,0.8782809626354208
uniform,olmo,OLMo-2-1124-7B,22,17,-0.12347826086956522,0.5654049951421964,24,0.8782990215801109
uniform,olmo,OLMo-2-1124-7B,24,15,-0.1226086956521739,0.5681672657020509,24,0.8783262078485811
uniform,olmo,OLMo-2-1124-7B,27,16,-0.11478260869565216,0.5932933336915411,24,0.8838287535000118
uniform,olmo,OLMo-2-1124-7B,25,3,-0.11478260869565216,0.5932933336915411,24,0.8838287535000118
uniform,olmo,OLMo-2-1124-7B,27,25,-0.11217391304347826,0.6017724532672231,24,0.8838287535000118
uniform,olmo,OLMo-2-1124-7B,27,19,-0.11217391304347826,0.6017724532672231,24,0.8838287535000118
uniform,olmo,OLMo-2-1124-7B,24,3,-0.11130434782608695,0.6046100724044845,24,0.8838287535000118
uniform,olmo,OLMo-2-1124-7B,23,29,-0.11043478260869564,0.6074532587517109,24,0.8838287535000118
uniform,olmo,OLMo-2-1124-7B,25,24,-0.10956521739130433,0.610301978528463,24,0.8838287535000118
uniform,olmo,OLMo-2-1124-7B,31,1,-0.10869565217391304,0.6131561977406331,24,0.8838287535000118
uniform,olmo,OLMo-2-1124-7B,29,15,-0.1034782608695652,0.6303950708493536,24,0.8884764692231779
uniform,olmo,OLMo-2-1124-7B,22,7,-0.10086956521739131,0.6390859319090779,24,0.8884764692231779
uniform,olmo,OLMo-2-1124-7B,25,18,-0.10086956521739131,0.6390859319090779,24,0.8884764692231779
uniform,olmo,OLMo-2-1124-7B,23,25,-0.09913043478260869,0.6449056390307348,24,0.8884764692231779
uniform,olmo,OLMo-2-1124-7B,26,0,-0.09739130434782609,0.6507456469889162,24,0.8884764692231779
uniform,olmo,OLMo-2-1124-7B,22,22,-0.09304347826086956,0.6654325452454302,24,0.8884764692231779
uniform,olmo,OLMo-2-1124-7B,27,26,-0.09130434782608696,0.6713412695646411,24,0.8884764692231779
uniform,olmo,OLMo-2-1124-7B,26,31,-0.08956521739130434,0.6772689468428974,24,0.8884764692231779
uniform,olmo,OLMo-2-1124-7B,31,3,-0.08956521739130434,0.6772689468428974,24,0.8884764692231779
uniform,olmo,OLMo-2-1124-7B,27,6,-0.08869565217391304,0.6802397967489956,24,0.8884764692231779
uniform,olmo,OLMo-2-1124-7B,27,0,-0.08869565217391304,0.6802397967489956,24,0.8884764692231779
uniform,olmo,OLMo-2-1124-7B,22,29,-0.08869565217391304,0.6802397967489956,24,0.8884764692231779
uniform,olmo,OLMo-2-1124-7B,26,29,-0.08695652173913042,0.6861953252985288,24,0.8926118052663788
uniform,olmo,OLMo-2-1124-7B,25,11,-0.08347826086956521,0.6981606006787423,24,0.8936455688687902
uniform,olmo,OLMo-2-1124-7B,30,20,-0.08086956521739129,0.7071807504682381,24,0.8980073021818896
uniform,olmo,OLMo-2-1124-7B,24,1,-0.08086956521739129,0.7071807504682381,24,0.8980073021818896
uniform,olmo,OLMo-2-1124-7B,23,23,-0.07826086956521738,0.7162392905010878,24,0.8990839319291559
uniform,olmo,OLMo-2-1124-7B,27,23,-0.07826086956521738,0.7162392905010878,24,0.8990839319291559
uniform,olmo,OLMo-2-1124-7B,31,11,-0.07739130434782608,0.7192671455433247,24,0.8990839319291559
uniform,olmo,OLMo-2-1124-7B,28,18,-0.07478260869565216,0.7283751615575543,24,0.899922979530569
uniform,olmo,OLMo-2-1124-7B,24,5,-0.07391304347826086,0.7314191793924034,24,0.9002082207906503
uniform,olmo,OLMo-2-1124-7B,26,11,-0.07217391304347825,0.7375189840952583,24,0.9007865454598575
uniform,olmo,OLMo-2-1124-7B,29,20,-0.06956521739130435,0.7466974841785088,24,0.9016724337249918
uniform,olmo,OLMo-2-1124-7B,23,7,-0.06956521739130435,0.7466974841785088,24,0.9016724337249918
uniform,olmo,OLMo-2-1124-7B,29,8,-0.06173913043478261,0.7744295754905792,24,0.9144555872951489
uniform,olmo,OLMo-2-1124-7B,23,5,-0.05304347826086955,0.8055586374612034,24,0.9373773235912185
uniform,olmo,OLMo-2-1124-7B,23,13,-0.05304347826086955,0.8055586374612034,24,0.9373773235912185
uniform,olmo,OLMo-2-1124-7B,29,9,-0.04347826086956521,0.8401329841149333,24,0.9496153126232859
uniform,olmo,OLMo-2-1124-7B,27,14,-0.041739130434782605,0.8464521133997217,24,0.9496153126232859
uniform,olmo,OLMo-2-1124-7B,25,8,-0.04,0.8527804394339903,24,0.9496153126232859
uniform,olmo,OLMo-2-1124-7B,25,30,-0.03826086956521739,0.8591175903218993,24,0.9496153126232859
uniform,olmo,OLMo-2-1124-7B,26,24,-0.033913043478260865,0.8749966229566862,24,0.9496153126232859
uniform,olmo,OLMo-2-1124-7B,26,10,-0.03304347826086956,0.8781782520387229,24,0.9496153126232859
uniform,olmo,OLMo-2-1124-7B,30,0,-0.03304347826086956,0.8781782520387229,24,0.9496153126232859
uniform,olmo,OLMo-2-1124-7B,23,31,-0.03217391304347826,0.8813617120284872,24,0.9496153126232859
uniform,olmo,OLMo-2-1124-7B,28,24,-0.03217391304347826,0.8813617120284872,24,0.9496153126232859
uniform,olmo,OLMo-2-1124-7B,29,1,-0.03217391304347826,0.8813617120284872,24,0.9496153126232859
uniform,olmo,OLMo-2-1124-7B,28,21,-0.03043478260869565,0.8877339355759605,24,0.9532713402157964
uniform,olmo,OLMo-2-1124-7B,27,8,-0.02608695652173913,0.903693217741266,24,0.9575557274079639
uniform,olmo,OLMo-2-1124-7B,28,30,-0.02608695652173913,0.903693217741266,24,0.9575557274079639
uniform,olmo,OLMo-2-1124-7B,28,11,-0.02434782608695652,0.9100874200789536,24,0.9579867579778458
uniform,olmo,OLMo-2-1124-7B,26,19,-0.023478260869565212,0.9132865779270147,24,0.9582023112676876
uniform,olmo,OLMo-2-1124-7B,26,22,-0.02,0.9260958020254711,24,0.9653115851731296
uniform,olmo,OLMo-2-1124-7B,23,27,-0.01652173913043478,0.9389228669455103,24,0.9692107013631075
uniform,olmo,OLMo-2-1124-7B,22,30,-0.013913043478260868,0.9485530177017848,24,0.9728748899505485
uniform,olmo,OLMo-2-1124-7B,29,22,-0.013043478260869565,0.9517646868003002,24,0.9730501590290609
uniform,olmo,OLMo-2-1124-7B,28,25,-0.008695652173913044,0.9678329941702691,24,0.9863266182626946
uniform,olmo,OLMo-2-1124-7B,28,22,-0.006956521739130434,0.9742640605332524,24,0.9897285694306057
uniform,olmo,OLMo-2-1124-7B,28,10,-0.00608695652173913,0.9774802016477157,24,0.9898533687571804
uniform,olmo,OLMo-2-1124-7B,22,8,-0.005217391304347826,0.9806966832535792,24,0.9899777244200169
uniform,olmo,OLMo-2-1124-7B,31,21,-0.004347826086956522,0.9839134567350358,24,0.9901015916830549
uniform,olmo,OLMo-2-1124-7B,28,6,-0.002608695652173913,0.9903476848039034,24,0.9934522230007808
uniform,olmo,OLMo-2-1124-7B,25,29,-0.0017391304347826085,0.9935650421080594,24,0.9935650421080593
uniform,olmo,OLMo-2-1124-7B,26,14,0.013913043478260868,0.9485530177017848,24,0.9728748899505485
uniform,olmo,OLMo-2-1124-7B,28,17,0.017391304347826087,0.9357145967179171,24,0.9690248250800436
uniform,olmo,OLMo-2-1124-7B,27,3,0.01826086956521739,0.9325072970015154,24,0.9688387501314445
uniform,olmo,OLMo-2-1124-7B,27,22,0.02260869565217391,0.9164870430337817,24,0.9584178227804253
uniform,olmo,OLMo-2-1124-7B,27,18,0.025217391304347827,0.9068896173989752,24,0.9577712130946273
uniform,olmo,OLMo-2-1124-7B,28,29,0.027826086956521737,0.8973048186218164,24,0.9571251398632709
uniform,olmo,OLMo-2-1124-7B,25,16,0.02869565217391304,0.8941129145750657,24,0.9569101426890336
uniform,olmo,OLMo-2-1124-7B,29,28,0.034782608695652174,0.8718168719786574,24,0.9496153126232859
uniform,olmo,OLMo-2-1124-7B,24,6,0.03652173913043478,0.8654631927363388,24,0.9496153126232859
uniform,olmo,OLMo-2-1124-7B,24,10,0.03739130434782608,0.8622893584755253,24,0.9496153126232859
uniform,olmo,OLMo-2-1124-7B,26,1,0.03739130434782608,0.8622893584755253,24,0.9496153126232859
uniform,olmo,OLMo-2-1124-7B,31,0,0.040869565217391296,0.8496151500324183,24,0.9496153126232859
uniform,olmo,OLMo-2-1124-7B,30,8,0.042608695652173914,0.8432913759776879,24,0.9496153126232859
uniform,olmo,OLMo-2-1124-7B,25,22,0.04347826086956521,0.8401329841149333,24,0.9496153126232859
uniform,olmo,OLMo-2-1124-7B,25,5,0.04434782608695652,0.8369769840650598,24,0.9496153126232859
uniform,olmo,OLMo-2-1124-7B,24,7,0.04608695652173912,0.8306723439322353,24,0.9496153126232859
uniform,olmo,OLMo-2-1124-7B,26,6,0.04608695652173912,0.8306723439322353,24,0.9496153126232859
uniform,olmo,OLMo-2-1124-7B,31,15,0.04869565217391304,0.8212344730022532,24,0.9487185247679458
uniform,olmo,OLMo-2-1124-7B,23,4,0.049565217391304345,0.8180937896030709,24,0.9485145386702272
uniform,olmo,OLMo-2-1124-7B,24,21,0.05304347826086955,0.8055586374612034,24,0.9373773235912185
uniform,olmo,OLMo-2-1124-7B,26,18,0.05826086956521739,0.7868436161547347,24,0.9256983719467468
uniform,olmo,OLMo-2-1124-7B,25,15,0.06173913043478261,0.7744295754905792,24,0.9144555872951489
uniform,olmo,OLMo-2-1124-7B,27,20,0.0634782608695652,0.7682424072237529,24,0.9138943134260258
uniform,olmo,OLMo-2-1124-7B,26,8,0.06521739130434781,0.7620689398781239,24,0.9099330625410434
uniform,olmo,OLMo-2-1124-7B,31,5,0.06521739130434781,0.7620689398781239,24,0.9099330625410434
uniform,olmo,OLMo-2-1124-7B,26,20,0.06782608695652173,0.75283518636882,24,0.9056663896166256
uniform,olmo,OLMo-2-1124-7B,26,4,0.06956521739130435,0.7466974841785088,24,0.9016724337249918
uniform,olmo,OLMo-2-1124-7B,30,24,0.07217391304347825,0.7375189840952583,24,0.9007865454598575
uniform,olmo,OLMo-2-1124-7B,28,14,0.07565217391304348,0.725335122330957,24,0.8996404618058381
uniform,olmo,OLMo-2-1124-7B,27,21,0.07652173913043478,0.7222991032128188,24,0.899360751082109
uniform,olmo,OLMo-2-1124-7B,25,6,0.07739130434782608,0.7192671455433247,24,0.8990839319291559
uniform,olmo,OLMo-2-1124-7B,23,16,0.08347826086956521,0.6981606006787423,24,0.8936455688687902
uniform,olmo,OLMo-2-1124-7B,27,28,0.08521739130434783,0.6921690316499881,24,0.893121331161275
uniform,olmo,OLMo-2-1124-7B,22,2,0.08608695652173912,0.6891799258775776,24,0.892864681298886
uniform,olmo,OLMo-2-1124-7B,28,9,0.08956521739130434,0.6772689468428974,24,0.8884764692231779
uniform,olmo,OLMo-2-1124-7B,31,23,0.09043478260869564,0.6743027582561099,24,0.8884764692231779
uniform,olmo,OLMo-2-1124-7B,26,23,0.09391304347826085,0.6624853858393348,24,0.8884764692231779
uniform,olmo,OLMo-2-1124-7B,28,16,0.09391304347826085,0.6624853858393348,24,0.8884764692231779
uniform,olmo,OLMo-2-1124-7B,26,17,0.09565217391304347,0.6566056616723346,24,0.8884764692231779
uniform,olmo,OLMo-2-1124-7B,31,29,0.09739130434782609,0.6507456469889162,24,0.8884764692231779
uniform,olmo,OLMo-2-1124-7B,28,2,0.09913043478260869,0.6449056390307348,24,0.8884764692231779
uniform,olmo,OLMo-2-1124-7B,31,27,0.10086956521739131,0.6390859319090779,24,0.8884764692231779
uniform,olmo,OLMo-2-1124-7B,30,12,0.1034782608695652,0.6303950708493536,24,0.8884764692231779
uniform,olmo,OLMo-2-1124-7B,30,27,0.10695652173913042,0.6188809974331807,24,0.8841157106188297
uniform,olmo,OLMo-2-1124-7B,26,15,0.10695652173913042,0.6188809974331807,24,0.8841157106188297
uniform,olmo,OLMo-2-1124-7B,22,9,0.10869565217391304,0.6131561977406331,24,0.8838287535000118
uniform,olmo,OLMo-2-1124-7B,24,27,0.10869565217391304,0.6131561977406331,24,0.8838287535000118
uniform,olmo,OLMo-2-1124-7B,25,25,0.10869565217391304,0.6131561977406331,24,0.8838287535000118
uniform,olmo,OLMo-2-1124-7B,24,30,0.10956521739130433,0.610301978528463,24,0.8838287535000118
uniform,olmo,OLMo-2-1124-7B,31,24,0.11391304347826085,0.5961140506694131,24,0.8838287535000118
uniform,olmo,OLMo-2-1124-7B,29,4,0.11391304347826085,0.5961140506694131,24,0.8838287535000118
uniform,olmo,OLMo-2-1124-7B,29,6,0.1217391304347826,0.5709355226889165,24,0.878362342598333
uniform,olmo,OLMo-2-1124-7B,28,20,0.1243478260869565,0.5626487416883165,24,0.8782809626354208
uniform,olmo,OLMo-2-1124-7B,27,17,0.1243478260869565,0.5626487416883165,24,0.8782809626354208
uniform,olmo,OLMo-2-1124-7B,31,14,0.12782608695652173,0.5516845044816036,24,0.8782809626354208
uniform,olmo,OLMo-2-1124-7B,24,12,0.12782608695652173,0.5516845044816036,24,0.8782809626354208
uniform,olmo,OLMo-2-1124-7B,23,9,0.12869565217391304,0.5489587886992761,24,0.8782809626354208
uniform,olmo,OLMo-2-1124-7B,30,4,0.13043478260869562,0.5435259752175852,24,0.8782809626354208
uniform,olmo,OLMo-2-1124-7B,31,6,0.13391304347826086,0.5327356259700111,24,0.8782809626354208
uniform,olmo,OLMo-2-1124-7B,24,26,0.13652173913043478,0.5247096194478428,24,0.8744100176677404
uniform,olmo,OLMo-2-1124-7B,27,31,0.13826086956521738,0.519391149459146,24,0.8744100176677404
uniform,olmo,OLMo-2-1124-7B,28,1,0.1408695652173913,0.5114622818846749,24,0.8744100176677404
uniform,olmo,OLMo-2-1124-7B,23,3,0.1417391304347826,0.5088324543263879,24,0.8744100176677404
uniform,olmo,OLMo-2-1124-7B,29,30,0.1452173913043478,0.49837946924561144,24,0.8744100176677404
uniform,olmo,OLMo-2-1124-7B,28,12,0.14782608695652172,0.49061007074296015,24,0.872195681320818
uniform,olmo,OLMo-2-1124-7B,29,19,0.14869565217391303,0.4880337995507246,24,0.872195681320818
uniform,olmo,OLMo-2-1124-7B,25,12,0.15043478260869564,0.4829016923237181,24,0.872195681320818
uniform,olmo,OLMo-2-1124-7B,29,10,0.15130434782608695,0.4803459029793671,24,0.872195681320818
uniform,olmo,OLMo-2-1124-7B,23,2,0.15565217391304348,0.4676705101638169,24,0.8693698701565338
uniform,olmo,OLMo-2-1124-7B,27,10,0.15652173913043477,0.46515629787569074,24,0.8693698701565338
uniform,olmo,OLMo-2-1124-7B,24,23,0.16,0.4551697202154259,24,0.861859825259978
uniform,olmo,OLMo-2-1124-7B,22,6,0.16,0.4551697202154259,24,0.861859825259978
uniform,olmo,OLMo-2-1124-7B,29,3,0.17478260869565218,0.41400702240858334,24,0.8280140448171667
uniform,olmo,OLMo-2-1124-7B,30,26,0.17478260869565218,0.41400702240858334,24,0.8280140448171667
uniform,olmo,OLMo-2-1124-7B,30,9,0.18173913043478263,0.3953708419767238,24,0.8058513976595644
uniform,olmo,OLMo-2-1124-7B,31,19,0.18956521739130433,0.374980391143915,24,0.784272713503613
uniform,olmo,OLMo-2-1124-7B,28,19,0.19391304347826085,0.3639188559293712,24,0.7712187675324422
uniform,olmo,OLMo-2-1124-7B,25,20,0.19478260869565217,0.36172956198490885,24,0.7712187675324422
uniform,olmo,OLMo-2-1124-7B,23,18,0.19478260869565217,0.36172956198490885,24,0.7712187675324422
uniform,olmo,OLMo-2-1124-7B,31,26,0.2008695652173913,0.3466205027349787,24,0.7712187675324422
uniform,olmo,OLMo-2-1124-7B,22,10,0.20608695652173914,0.3339723271430128,24,0.7712187675324422
uniform,olmo,OLMo-2-1124-7B,27,24,0.21739130434782608,0.3075332105489072,24,0.7570048259665408
uniform,olmo,OLMo-2-1124-7B,24,25,0.21739130434782608,0.3075332105489072,24,0.7570048259665408
uniform,olmo,OLMo-2-1124-7B,31,9,0.21826086956521737,0.30555439158449416,24,0.7570048259665408
uniform,olmo,OLMo-2-1124-7B,31,7,0.22608695652173913,0.2880995376657831,24,0.749527252463826
uniform,olmo,OLMo-2-1124-7B,22,15,0.2269565217391304,0.2861995372033982,24,0.749527252463826
uniform,olmo,OLMo-2-1124-7B,30,23,0.23130434782608694,0.27681789646261495,24,0.7443842593952671
uniform,olmo,OLMo-2-1124-7B,29,2,0.2504347826086956,0.23787902276971332,24,0.6920117026028023
uniform,olmo,OLMo-2-1124-7B,31,2,0.2539130434782608,0.23120736516745433,24,0.6920117026028023
uniform,olmo,OLMo-2-1124-7B,31,13,0.26086956521739124,0.21823795857184652,24,0.671501410990297
uniform,olmo,OLMo-2-1124-7B,25,9,0.2643478260869565,0.2119392787870507,24,0.6584521282704487
uniform,olmo,OLMo-2-1124-7B,25,26,0.2695652173913043,0.20272227336292598,24,0.6503410834911955
uniform,olmo,OLMo-2-1124-7B,31,4,0.2843478260869565,0.1780949809531224,24,0.6291456289367351
uniform,olmo,OLMo-2-1124-7B,26,9,0.28521739130434776,0.17671396904879355,24,0.6291456289367351
uniform,olmo,OLMo-2-1124-7B,30,15,0.2860869565217391,0.1753403938834693,24,0.6291456289367351
uniform,olmo,OLMo-2-1124-7B,27,15,0.2939130434782608,0.16331057776591754,24,0.6148162927658072
uniform,olmo,OLMo-2-1124-7B,30,30,0.31130434782608696,0.13867554266987714,24,0.5689253032610344
uniform,olmo,OLMo-2-1124-7B,22,23,0.31478260869565217,0.13408706839947865,24,0.5572449595822488
uniform,olmo,OLMo-2-1124-7B,29,5,0.33304347826086955,0.11177657698587243,24,0.5166098458690891
uniform,olmo,OLMo-2-1124-7B,31,25,0.33304347826086955,0.11177657698587243,24,0.5166098458690891
uniform,olmo,OLMo-2-1124-7B,30,25,0.34956521739130436,0.09405311883595951,24,0.5016166337917841
uniform,olmo,OLMo-2-1124-7B,28,8,0.3504347826086956,0.09318217165981711,24,0.5016166337917841
uniform,olmo,OLMo-2-1124-7B,30,22,0.35130434782608694,0.0923172546101079,24,0.5016166337917841
uniform,olmo,OLMo-2-1124-7B,26,16,0.37739130434782603,0.06905854527666111,24,0.47018584018152243
uniform,olmo,OLMo-2-1124-7B,25,31,0.42,0.04101960001411289,24,0.4185386802994495
uniform,olmo,OLMo-2-1124-7B,29,31,0.44434782608695644,0.029600947331116814,24,0.4140713870336066
uniform,olmo,OLMo-2-1124-7B,25,7,0.48521739130434777,0.016244462180402992,24,0.3248892436080598
uniform,olmo,OLMo-2-1124-7B,29,23,0.497391304347826,0.013398524953480467,24,0.2858351990075833
uniform,olmo,OLMo-2-1124-7B,26,26,0.5173913043478261,0.009618025861320474,24,0.2797971159656865
uniform,olmo,OLMo-2-1124-7B,29,24,0.5243478260869565,0.008531088861189766,24,0.2797971159656865
uniform,pythia,pythia-12b,26,37,-0.6626086956521738,0.0004186914397087574,24,0.07569508864382288
uniform,pythia,pythia-12b,29,3,-0.6599999999999999,0.00044940190781049327,24,0.07569508864382288
uniform,pythia,pythia-12b,35,36,-0.6521739130434783,0.0005535306808586618,24,0.07569508864382288
uniform,pythia,pythia-12b,25,33,-0.646086956521739,0.000648351936992059,24,0.07569508864382288
uniform,pythia,pythia-12b,33,19,-0.6295652173913043,0.000979490126448207,24,0.08759215287057967
uniform,pythia,pythia-12b,30,4,-0.6121739130434782,0.0014757933898440646,24,0.08759215287057967
uniform,pythia,pythia-12b,31,12,-0.6121739130434782,0.0014757933898440646,24,0.08759215287057967
uniform,pythia,pythia-12b,32,19,-0.6026086956521738,0.0018307926730697932,24,0.08759215287057967
uniform,pythia,pythia-12b,32,7,-0.6008695652173912,0.0019025985739905046,24,0.08759215287057967
uniform,pythia,pythia-12b,33,9,-0.5904347826086956,0.0023858553290152036,24,0.08759215287057967
uniform,pythia,pythia-12b,32,9,-0.5904347826086956,0.0023858553290152036,24,0.08759215287057967
uniform,pythia,pythia-12b,32,23,-0.588695652173913,0.002475761518903458,24,0.08759215287057967
uniform,pythia,pythia-12b,27,31,-0.5852173913043477,0.0026642325357170136,24,0.08759215287057967
uniform,pythia,pythia-12b,27,19,-0.5826086956521739,0.002813452447663159,24,0.08759215287057967
uniform,pythia,pythia-12b,29,11,-0.5826086956521739,0.002813452447663159,24,0.08759215287057967
uniform,pythia,pythia-12b,35,38,-0.5730434782608694,0.0034227320772804493,24,0.09990099250562312
uniform,pythia,pythia-12b,30,29,-0.557391304347826,0.004659335734393892,24,0.12799469340952632
uniform,pythia,pythia-12b,32,3,-0.551304347826087,0.005232389972592134,24,0.1357514509555848
uniform,pythia,pythia-12b,31,19,-0.5469565217391303,0.005676965428637715,24,0.13953383448283224
uniform,pythia,pythia-12b,26,2,-0.5417391304347825,0.006251808267606669,24,0.14352276473666814
uniform,pythia,pythia-12b,31,26,-0.54,0.006453914474239895,24,0.14352276473666814
uniform,pythia,pythia-12b,30,31,-0.5339130434782609,0.007204793915181838,24,0.15293812538135995
uniform,pythia,pythia-12b,28,31,-0.5217391304347825,0.008926065916873605,24,0.17897229791635114
uniform,pythia,pythia-12b,25,35,-0.5199999999999999,0.009197719807264297,24,0.17897229791635114
uniform,pythia,pythia-12b,33,38,-0.5147826086956522,0.010054114049541185,24,0.18781085044542933
uniform,pythia,pythia-12b,32,4,-0.5121739130434783,0.010506432119033718,24,0.18871168459956716
uniform,pythia,pythia-12b,25,32,-0.5069565217391303,0.011461586292892808,24,0.19227918697596733
uniform,pythia,pythia-12b,27,38,-0.5052173913043477,0.011795445350401591,24,0.19227918697596733
uniform,pythia,pythia-12b,30,17,-0.5043478260869565,0.011965355177749585,24,0.19227918697596733
uniform,pythia,pythia-12b,24,34,-0.49999999999999994,0.012845420968005769,24,0.19227918697596733
uniform,pythia,pythia-12b,28,23,-0.497391304347826,0.013398524953480467,24,0.19227918697596733
uniform,pythia,pythia-12b,29,6,-0.49652173913043474,0.013587180235989125,24,0.19227918697596733
uniform,pythia,pythia-12b,29,14,-0.49652173913043474,0.013587180235989125,24,0.19227918697596733
uniform,pythia,pythia-12b,27,32,-0.4869565217391304,0.01581005673034734,24,0.21715577920800613
uniform,pythia,pythia-12b,30,2,-0.48,0.01760648809201034,24,0.225253066054377
uniform,pythia,pythia-12b,29,9,-0.47913043478260864,0.017842278385011272,24,0.225253066054377
uniform,pythia,pythia-12b,29,13,-0.4782608695652173,0.01808063272650026,24,0.225253066054377
uniform,pythia,pythia-12b,26,35,-0.4756521739130434,0.01881128388890943,24,0.225253066054377
uniform,pythia,pythia-12b,34,36,-0.4756521739130434,0.01881128388890943,24,0.225253066054377
uniform,pythia,pythia-12b,27,39,-0.47043478260869553,0.020344586936490466,24,0.23265214171457016
uniform,pythia,pythia-12b,31,11,-0.46956521739130425,0.020609713704158806,24,0.23265214171457016
uniform,pythia,pythia-12b,25,18,-0.4669565217391304,0.02142193167821524,24,0.23265214171457016
uniform,pythia,pythia-12b,31,27,-0.4669565217391304,0.02142193167821524,24,0.23265214171457016
uniform,pythia,pythia-12b,28,34,-0.4591304347826086,0.024015134743792032,24,0.25488790739433814
uniform,pythia,pythia-12b,35,28,-0.45739130434782604,0.02462440449620561,24,0.2555465977717338
uniform,pythia,pythia-12b,27,28,-0.4556521739130434,0.02524605564204541,24,0.25630234749641756
uniform,pythia,pythia-12b,33,3,-0.4539130434782608,0.02588026580365202,24,0.2571507261767126
uniform,pythia,pythia-12b,27,23,-0.4495652173913043,0.027521911769761126,24,0.26776526659330097
uniform,pythia,pythia-12b,32,18,-0.4478260869565217,0.02820149190968224,24,0.2687774841188083
uniform,pythia,pythia-12b,32,39,-0.44434782608695644,0.029600947331116814,24,0.2710518118359128
uniform,pythia,pythia-12b,25,30,-0.44434782608695644,0.029600947331116814,24,0.2710518118359128
uniform,pythia,pythia-12b,34,20,-0.4408695652173913,0.031055354027520493,24,0.27890096790100133
uniform,pythia,pythia-12b,30,28,-0.43652173913043474,0.03295289577552709,24,0.28311443644234036
uniform,pythia,pythia-12b,28,25,-0.4356521739130434,0.03334324197929062,24,0.28311443644234036
uniform,pythia,pythia-12b,34,2,-0.4356521739130434,0.03334324197929062,24,0.28311443644234036
uniform,pythia,pythia-12b,33,8,-0.4321739130434783,0.034941536627697875,24,0.2913874572345519
uniform,pythia,pythia-12b,28,10,-0.42869565217391303,0.03660002306000617,24,0.2998633468249628
uniform,pythia,pythia-12b,31,32,-0.4260869565217391,0.03788430481237119,24,0.30503397150650596
uniform,pythia,pythia-12b,24,2,-0.4243478260869564,0.03876009763936715,24,0.3051373921061786
uniform,pythia,pythia-12b,29,33,-0.4234782608695652,0.03920394759394157,24,0.3051373921061786
uniform,pythia,pythia-12b,34,5,-0.4208695652173913,0.040559600722234454,24,0.310513664545631
uniform,pythia,pythia-12b,28,33,-0.41913043478260864,0.04148369708784366,24,0.31246591193585466
uniform,pythia,pythia-12b,28,39,-0.4165217391304347,0.04290081752203015,24,0.31315410765524043
uniform,pythia,pythia-12b,29,26,-0.4156521739130434,0.043381548380330814,24,0.31315410765524043
uniform,pythia,pythia-12b,33,24,-0.41478260869565214,0.04386649848070577,24,0.31315410765524043
uniform,pythia,pythia-12b,35,29,-0.41408728820421004,0.0442573257071646,24,0.31315410765524043
uniform,pythia,pythia-12b,29,27,-0.4121739130434783,0.04534690802018244,24,0.31607471709589846
uniform,pythia,pythia-12b,25,24,-0.40869565217391296,0.04738133753954189,24,0.321544746949363
uniform,pythia,pythia-12b,29,22,-0.4084817254212238,0.04750875276125493,24,0.321544746949363
uniform,pythia,pythia-12b,24,3,-0.40086956521739125,0.05221946082129626,24,0.343471664838667
uniform,pythia,pythia-12b,24,32,-0.40086956521739125,0.05221946082129626,24,0.343471664838667
uniform,pythia,pythia-12b,24,9,-0.39391304347826084,0.05683469551963003,24,0.3686361501064892
uniform,pythia,pythia-12b,31,35,-0.3921739130434782,0.058036338870250594,24,0.3707271013947781
uniform,pythia,pythia-12b,29,31,-0.3904347826086956,0.05925750969939887,24,0.3707271013947781
uniform,pythia,pythia-12b,30,13,-0.3878260869565217,0.06112631008008118,24,0.3707271013947781
uniform,pythia,pythia-12b,31,10,-0.3878260869565217,0.06112631008008118,24,0.3707271013947781
uniform,pythia,pythia-12b,31,14,-0.38608695652173913,0.06239715956765034,24,0.37265507971177936
uniform,pythia,pythia-12b,25,27,-0.38,0.06700561062998242,24,0.3911452520525224
uniform,pythia,pythia-12b,24,28,-0.3782608695652173,0.06836896832220613,24,0.39417664452432416
uniform,pythia,pythia-12b,26,20,-0.37304347826086953,0.07258638217608111,24,0.3946841161451543
uniform,pythia,pythia-12b,33,26,-0.37304347826086953,0.07258638217608111,24,0.3946841161451543
uniform,pythia,pythia-12b,34,16,-0.37291118530970624,0.07269583342941215,24,0.3946841161451543
uniform,pythia,pythia-12b,33,30,-0.37217391304347824,0.0733081094311025,24,0.3946841161451543
uniform,pythia,pythia-12b,28,2,-0.37217391304347824,0.0733081094311025,24,0.3946841161451543
uniform,pythia,pythia-12b,25,28,-0.3695652173913043,0.0755060451516858,24,0.3946841161451543
uniform,pythia,pythia-12b,32,37,-0.368695652173913,0.07624968847908253,24,0.3946841161451543
uniform,pythia,pythia-12b,35,33,-0.368695652173913,0.07624968847908253,24,0.3946841161451543
uniform,pythia,pythia-12b,30,14,-0.3678260869565217,0.07699887080183038,24,0.3946841161451543
uniform,pythia,pythia-12b,29,34,-0.36695652173913035,0.0777536160285957,24,0.3946841161451543
uniform,pythia,pythia-12b,26,10,-0.36260869565217385,0.08161161940645165,24,0.4054534708809885
uniform,pythia,pythia-12b,30,36,-0.35739130434782607,0.08642975682138672,24,0.424870488795659
uniform,pythia,pythia-12b,24,23,-0.3556521739130434,0.08808232160850835,24,0.4284837936580563
uniform,pythia,pythia-12b,35,13,-0.3530434782608695,0.0906054197072354,24,0.4317625612579483
uniform,pythia,pythia-12b,26,24,-0.3530434782608695,0.0906054197072354,24,0.4317625612579483
uniform,pythia,pythia-12b,30,26,-0.348695652173913,0.09493011884568243,24,0.4378473752749921
uniform,pythia,pythia-12b,24,14,-0.3478260869565217,0.09581319432361446,24,0.4378473752749921
uniform,pythia,pythia-12b,24,26,-0.34695652173913033,0.09670236783045821,24,0.4378473752749921
uniform,pythia,pythia-12b,25,9,-0.3460869565217391,0.09759766185158254,24,0.4378473752749921
uniform,pythia,pythia-12b,33,12,-0.34434782608695647,0.09940670099301671,24,0.4378473752749921
uniform,pythia,pythia-12b,33,23,-0.34434782608695647,0.09940670099301671,24,0.4378473752749921
uniform,pythia,pythia-12b,24,11,-0.34434782608695647,0.09940670099301671,24,0.4378473752749921
uniform,pythia,pythia-12b,29,28,-0.34347826086956523,0.10032049069469841,24,0.4378473752749921
uniform,pythia,pythia-12b,33,25,-0.34347826086956523,0.10032049069469841,24,0.4378473752749921
uniform,pythia,pythia-12b,25,36,-0.3417391304347826,0.10216672120818253,24,0.4417186170086443
uniform,pythia,pythia-12b,26,26,-0.3408695652173913,0.10309920611122532,24,0.4417186170086443
uniform,pythia,pythia-12b,28,24,-0.33739130434782605,0.10689212043935839,24,0.44570196647482474
uniform,pythia,pythia-12b,34,13,-0.33739130434782605,0.10689212043935839,24,0.44570196647482474
uniform,pythia,pythia-12b,28,26,-0.3356521739130434,0.10882666589446974,24,0.44975268117448997
uniform,pythia,pythia-12b,33,11,-0.33391304347826084,0.11078683255713415,24,0.4498908765581013
uniform,pythia,pythia-12b,31,38,-0.3321739130434782,0.11277279029569683,24,0.4540076988628484
uniform,pythia,pythia-12b,26,29,-0.3304347826086956,0.11478470741054941,24,0.4581577637668938
uniform,pythia,pythia-12b,33,22,-0.32956521739130434,0.11580045288804075,24,0.45829501270097484
uniform,pythia,pythia-12b,29,2,-0.32434782608695645,0.12203323885388004,24,0.4762891447430514
uniform,pythia,pythia-12b,32,38,-0.32260869565217387,0.12416401155590807,24,0.4762891447430514
uniform,pythia,pythia-12b,30,19,-0.3208695652173913,0.1263216392307609,24,0.4762891447430514
uniform,pythia,pythia-12b,30,5,-0.3208695652173913,0.1263216392307609,24,0.4762891447430514
uniform,pythia,pythia-12b,26,14,-0.32,0.12741057282041737,24,0.4762891447430514
uniform,pythia,pythia-12b,32,21,-0.32,0.12741057282041737,24,0.4762891447430514
uniform,pythia,pythia-12b,27,20,-0.31913043478260866,0.12850627888142285,24,0.4762891447430514
uniform,pythia,pythia-12b,24,30,-0.3182608695652174,0.12960877674073523,24,0.47659290344821537
uniform,pythia,pythia-12b,25,5,-0.31565217391304345,0.1329572125391265,24,0.48168200725043486
uniform,pythia,pythia-12b,35,24,-0.31478260869565217,0.13408706839947865,24,0.48168200725043486
uniform,pythia,pythia-12b,24,12,-0.31478260869565217,0.13408706839947865,24,0.48168200725043486
uniform,pythia,pythia-12b,27,34,-0.31304347826086953,0.1363674584174657,24,0.48245153849209454
uniform,pythia,pythia-12b,24,20,-0.31130434782608696,0.13867554266987714,24,0.48519058247778685
uniform,pythia,pythia-12b,35,25,-0.308695652173913,0.14218991443004733,24,0.48519058247778685
uniform,pythia,pythia-12b,27,3,-0.3078260869565217,0.14337537555018112,24,0.48519058247778685
uniform,pythia,pythia-12b,28,8,-0.3078260869565217,0.14337537555018112,24,0.48519058247778685
uniform,pythia,pythia-12b,34,17,-0.3078260869565217,0.14337537555018112,24,0.48519058247778685
uniform,pythia,pythia-12b,33,17,-0.3052173913043478,0.1469740173445431,24,0.4937904035964146
uniform,pythia,pythia-12b,29,7,-0.3043478260869565,0.1481877085862842,24,0.49431185649853376
uniform,pythia,pythia-12b,26,30,-0.30347826086956514,0.14940850037488204,24,0.49435302753894106
uniform,pythia,pythia-12b,35,9,-0.3017391304347826,0.1518714531157409,24,0.49435302753894106
uniform,pythia,pythia-12b,24,1,-0.3008695652173913,0.15311364746090092,24,0.49435302753894106
uniform,pythia,pythia-12b,34,12,-0.29913043478260865,0.15561955446279502,24,0.49435302753894106
uniform,pythia,pythia-12b,27,21,-0.29739130434782607,0.1581542605953959,24,0.49435302753894106
uniform,pythia,pythia-12b,26,28,-0.2965217391304348,0.15943245327776348,24,0.49435302753894106
uniform,pythia,pythia-12b,25,11,-0.2965217391304348,0.15943245327776348,24,0.49435302753894106
uniform,pythia,pythia-12b,25,14,-0.29565217391304344,0.16071789336224301,24,0.49435302753894106
uniform,pythia,pythia-12b,28,27,-0.29478260869565215,0.16201059639566892,24,0.49435302753894106
uniform,pythia,pythia-12b,34,39,-0.29130434782608694,0.16725434336435266,24,0.49435302753894106
uniform,pythia,pythia-12b,25,8,-0.29130434782608694,0.16725434336435266,24,0.49435302753894106
uniform,pythia,pythia-12b,25,3,-0.29130434782608694,0.16725434336435266,24,0.49435302753894106
uniform,pythia,pythia-12b,26,17,-0.28782608695652173,0.17261549938271947,24,0.505456567552964
uniform,pythia,pythia-12b,28,37,-0.2869565217391304,0.17397424190366442,24,0.505456567552964
uniform,pythia,pythia-12b,29,0,-0.2860869565217391,0.1753403938834693,24,0.505456567552964
uniform,pythia,pythia-12b,31,23,-0.28521739130434776,0.17671396904879355,24,0.5062909419986907
uniform,pythia,pythia-12b,30,23,-0.28450002034539257,0.17785273407206406,24,0.5064465049491093
uniform,pythia,pythia-12b,26,32,-0.27478260869565213,0.19378063586855726,24,0.5451539575338328
uniform,pythia,pythia-12b,28,18,-0.27304347826086955,0.19673072289025423,24,0.5477362098895189
uniform,pythia,pythia-12b,24,38,-0.2721739130434782,0.198217172315479,24,0.5477362098895189
uniform,pythia,pythia-12b,27,8,-0.2721739130434782,0.198217172315479,24,0.5477362098895189
uniform,pythia,pythia-12b,31,0,-0.268695652173913,0.20423925937348922,24,0.5577762229673653
uniform,pythia,pythia-12b,35,1,-0.26608695652173914,0.20883621481010184,24,0.5670146064902184
uniform,pythia,pythia-12b,35,39,-0.2643478260869565,0.2119392787870507,24,0.5721135444714028
uniform,pythia,pythia-12b,27,27,-0.26086956521739124,0.21823795857184652,24,0.5857306129485765
uniform,pythia,pythia-12b,27,18,-0.25999999999999995,0.21983196016993545,24,0.5866372879963421
uniform,pythia,pythia-12b,24,33,-0.25565217391304346,0.22791835585505177,24,0.5955779793261059
uniform,pythia,pythia-12b,24,16,-0.25478260869565217,0.2295589641942164,24,0.5955779793261059
uniform,pythia,pythia-12b,24,37,-0.25478260869565217,0.2295589641942164,24,0.5955779793261059
uniform,pythia,pythia-12b,29,4,-0.24434782608695652,0.24985580217173994,24,0.6376101618262434
uniform,pythia,pythia-12b,28,11,-0.24260869565217388,0.25334838197246123,24,0.6430092085931489
uniform,pythia,pythia-12b,35,35,-0.24,0.2586462405460084,24,0.6503735106254914
uniform,pythia,pythia-12b,25,29,-0.23913043478260865,0.260427936802927,24,0.6503735106254914
uniform,pythia,pythia-12b,27,0,-0.23913043478260865,0.260427936802927,24,0.6503735106254914
uniform,pythia,pythia-12b,26,22,-0.23652173913043475,0.265820294159618,24,0.6543709390571968
uniform,pythia,pythia-12b,35,11,-0.23478260869565212,0.26945461176954527,24,0.6553922067519669
uniform,pythia,pythia-12b,28,28,-0.23391304347826083,0.27128359982868233,24,0.6564219747149982
uniform,pythia,pythia-12b,31,22,-0.23283696003401705,0.273557885860025,24,0.6585130551372766
uniform,pythia,pythia-12b,24,6,-0.2295652173913043,0.28054687940936796,24,0.6671938111173594
uniform,pythia,pythia-12b,26,39,-0.22869565217391302,0.28242320763631645,24,0.6671938111173594
uniform,pythia,pythia-12b,26,6,-0.22869565217391302,0.28242320763631645,24,0.6671938111173594
uniform,pythia,pythia-12b,26,21,-0.2278260869565217,0.28430742700718314,24,0.6671938111173594
uniform,pythia,pythia-12b,33,1,-0.2278260869565217,0.28430742700718314,24,0.6671938111173594
uniform,pythia,pythia-12b,29,38,-0.2226086956521739,0.295778422534422,24,0.6838045709087875
uniform,pythia,pythia-12b,24,31,-0.2226086956521739,0.295778422534422,24,0.6838045709087875
uniform,pythia,pythia-12b,28,3,-0.22,0.3016203705478415,24,0.6871059172967902
uniform,pythia,pythia-12b,32,22,-0.21913043478260866,0.30358344391723047,24,0.6877408332203405
uniform,pythia,pythia-12b,26,15,-0.21826086956521737,0.30555439158449416,24,0.6877408332203405
uniform,pythia,pythia-12b,31,16,-0.21739130434782608,0.3075332105489072,24,0.6877408332203405
uniform,pythia,pythia-12b,30,38,-0.21652173913043476,0.30951989756230047,24,0.6877408332203405
uniform,pythia,pythia-12b,26,18,-0.21652173913043476,0.30951989756230047,24,0.6877408332203405
uniform,pythia,pythia-12b,29,35,-0.21478260869565213,0.3135168615028437,24,0.6877408332203405
uniform,pythia,pythia-12b,30,39,-0.21391304347826084,0.3155271306915456,24,0.6877408332203405
uniform,pythia,pythia-12b,33,37,-0.21304347826086956,0.31754525245129106,24,0.6877408332203405
uniform,pythia,pythia-12b,28,4,-0.2121739130434782,0.3195712222886807,24,0.6877408332203405
uniform,pythia,pythia-12b,27,7,-0.21130434782608692,0.32160503545975194,24,0.6889428970628632
uniform,pythia,pythia-12b,27,16,-0.2052173913043478,0.3360608896745526,24,0.7068636453154368
uniform,pythia,pythia-12b,31,29,-0.20347826086956516,0.3402613966398864,24,0.7068636453154368
uniform,pythia,pythia-12b,31,20,-0.20347826086956516,0.3402613966398864,24,0.7068636453154368
uniform,pythia,pythia-12b,29,12,-0.2026086956521739,0.34237332678092103,24,0.7068636453154368
uniform,pythia,pythia-12b,35,21,-0.20134812391616103,0.3454487043172403,24,0.7068636453154368
uniform,pythia,pythia-12b,24,27,-0.2008695652173913,0.3466205027349787,24,0.7068636453154368
uniform,pythia,pythia-12b,31,37,-0.19913043478260867,0.35089871307688764,24,0.7093926363935348
uniform,pythia,pythia-12b,28,7,-0.19826086956521738,0.353049435242404,24,0.710664164906046
uniform,pythia,pythia-12b,34,3,-0.1973913043478261,0.3552078904108177,24,0.7114783848745129
uniform,pythia,pythia-12b,28,38,-0.19652173913043475,0.35737406951590367,24,0.7114783848745129
uniform,pythia,pythia-12b,25,25,-0.19565217391304346,0.35954796323422916,24,0.7114783848745129
uniform,pythia,pythia-12b,24,10,-0.19565217391304346,0.35954796323422916,24,0.7114783848745129
uniform,pythia,pythia-12b,24,17,-0.19391304347826085,0.3639188559293712,24,0.7140760744496485
uniform,pythia,pythia-12b,25,22,-0.19217391304347822,0.3683204887556275,24,0.7196889884890294
uniform,pythia,pythia-12b,29,10,-0.19043478260869565,0.3727527778427131,24,0.7201309432321544
uniform,pythia,pythia-12b,31,39,-0.18956521739130433,0.374980391143915,24,0.7201309432321544
uniform,pythia,pythia-12b,31,24,-0.18956521739130433,0.374980391143915,24,0.7201309432321544
uniform,pythia,pythia-12b,32,17,-0.18869565217391301,0.3772156351847255,24,0.7201309432321544
uniform,pythia,pythia-12b,31,28,-0.1878260869565217,0.3794584983173827,24,0.7201309432321544
uniform,pythia,pythia-12b,27,11,-0.1878260869565217,0.3794584983173827,24,0.7201309432321544
uniform,pythia,pythia-12b,28,1,-0.1869565217391304,0.3817089686350579,24,0.7201309432321544
uniform,pythia,pythia-12b,29,16,-0.18608695652173912,0.38396703397174825,24,0.7201309432321544
uniform,pythia,pythia-12b,28,21,-0.18608695652173912,0.38396703397174825,24,0.7201309432321544
uniform,pythia,pythia-12b,34,9,-0.1843073043904217,0.3886120159652961,24,0.7230351054015669
uniform,pythia,pythia-12b,27,29,-0.1826086956521739,0.39307499311229405,24,0.7269219811146851
uniform,pythia,pythia-12b,33,31,-0.18173913043478263,0.3953708419767238,24,0.7269219811146851
uniform,pythia,pythia-12b,26,7,-0.18173913043478263,0.3953708419767238,24,0.7269219811146851
uniform,pythia,pythia-12b,33,21,-0.17652173913043476,0.40930328479150074,24,0.7466587265532455
uniform,pythia,pythia-12b,32,20,-0.17478260869565218,0.41400702240858334,24,0.7493848041271645
uniform,pythia,pythia-12b,31,8,-0.17478260869565218,0.41400702240858334,24,0.7493848041271645
uniform,pythia,pythia-12b,27,15,-0.17304347826086955,0.41874034957223477,24,0.7550260357151878
uniform,pythia,pythia-12b,25,26,-0.17043478260869566,0.4258955363074478,24,0.7649739055983774
uniform,pythia,pythia-12b,25,4,-0.1695652173913043,0.4282952504035892,24,0.7663367124079545
uniform,pythia,pythia-12b,28,6,-0.16869565217391302,0.4307022617209813,24,0.7675331893763282
uniform,pythia,pythia-12b,35,15,-0.1670242142719765,0.4353493359000837,24,0.7675331893763282
uniform,pythia,pythia-12b,25,15,-0.16695652173913042,0.4355381053206145,24,0.7675331893763282
uniform,pythia,pythia-12b,29,30,-0.16695652173913042,0.4355381053206145,24,0.7675331893763282
uniform,pythia,pythia-12b,24,13,-0.1660869565217391,0.4379669016082391,24,0.7689118159813821
uniform,pythia,pythia-12b,25,38,-0.16347826086956518,0.4452965670426073,24,0.7788520479733992
uniform,pythia,pythia-12b,30,32,-0.16173913043478258,0.45021888484637074,24,0.7828763743625639
uniform,pythia,pythia-12b,26,36,-0.16086956521739126,0.452690747765674,24,0.7828763743625639
uniform,pythia,pythia-12b,27,9,-0.16086956521739126,0.452690747765674,24,0.7828763743625639
uniform,pythia,pythia-12b,30,37,-0.1591304347826087,0.45765578201494633,24,0.7828763743625639
uniform,pythia,pythia-12b,31,30,-0.1591304347826087,0.45765578201494633,24,0.7828763743625639
uniform,pythia,pythia-12b,35,37,-0.15739130434782608,0.46264909166367685,24,0.7842165743969227
uniform,pythia,pythia-12b,26,19,-0.15739130434782608,0.46264909166367685,24,0.7842165743969227
uniform,pythia,pythia-12b,26,27,-0.15652173913043477,0.46515629787569074,24,0.7842165743969227
uniform,pythia,pythia-12b,35,16,-0.15652173913043477,0.46515629787569074,24,0.7842165743969227
uniform,pythia,pythia-12b,26,4,-0.15304347826086956,0.4752549676743846,24,0.7968971179209811
uniform,pythia,pythia-12b,33,29,-0.15217391304347824,0.47779698719030983,24,0.7968971179209811
uniform,pythia,pythia-12b,29,32,-0.15130434782608695,0.4803459029793671,24,0.7982972835991616
uniform,pythia,pythia-12b,29,8,-0.14869565217391303,0.4880337995507246,24,0.8053419943116198
uniform,pythia,pythia-12b,25,23,-0.14608695652173911,0.4957829296843137,24,0.8095476509180927
uniform,pythia,pythia-12b,32,13,-0.1443478260869565,0.5009827163280623,24,0.8151879042690074
uniform,pythia,pythia-12b,24,5,-0.1434782608695652,0.5035926462175363,24,0.8165894645263523
uniform,pythia,pythia-12b,24,24,-0.13999999999999999,0.5140986909290426,24,0.8278761678064238
uniform,pythia,pythia-12b,30,7,-0.13652173913043478,0.5247096194478428,24,0.8334517340629453
uniform,pythia,pythia-12b,26,33,-0.13565217391304346,0.527378541905856,24,0.8334517340629453
uniform,pythia,pythia-12b,33,15,-0.13478260869565215,0.5300538865453849,24,0.8334517340629453
uniform,pythia,pythia-12b,33,10,-0.13391304347826086,0.5327356259700111,24,0.8348575078120644
uniform,pythia,pythia-12b,27,33,-0.13217391304347825,0.5381181783911482,24,0.8348876721218147
uniform,pythia,pythia-12b,30,3,-0.13043478260869562,0.5435259752175852,24,0.8350610889985731
uniform,pythia,pythia-12b,30,8,-0.12956521739130433,0.546239269258583,24,0.8350610889985731
uniform,pythia,pythia-12b,32,30,-0.12956521739130433,0.546239269258583,24,0.8350610889985731
uniform,pythia,pythia-12b,33,6,-0.12869565217391304,0.5489587886992761,24,0.8350610889985731
uniform,pythia,pythia-12b,29,18,-0.1243478260869565,0.5626487416883165,24,0.8409048813102094
uniform,pythia,pythia-12b,34,33,-0.12347826086956522,0.5654049951421964,24,0.8409048813102094
uniform,pythia,pythia-12b,27,24,-0.12347826086956522,0.5654049951421964,24,0.8409048813102094
uniform,pythia,pythia-12b,35,6,-0.1226086956521739,0.5681672657020509,24,0.842330517723358
uniform,pythia,pythia-12b,28,13,-0.11739130434782606,0.5848655143600633,24,0.8590447787730684
uniform,pythia,pythia-12b,27,10,-0.11565217391304347,0.5904783168868414,24,0.8590447787730684
uniform,pythia,pythia-12b,26,3,-0.11565217391304347,0.5904783168868414,24,0.8590447787730684
uniform,pythia,pythia-12b,26,8,-0.11217391304347826,0.6017724532672231,24,0.8662949056923775
uniform,pythia,pythia-12b,24,4,-0.11130434782608695,0.6046100724044845,24,0.8662949056923775
uniform,pythia,pythia-12b,30,16,-0.11043478260869564,0.6074532587517109,24,0.8662949056923775
uniform,pythia,pythia-12b,29,5,-0.10956521739130433,0.610301978528463,24,0.8662949056923775
uniform,pythia,pythia-12b,34,34,-0.10782608695652172,0.6160158821815657,24,0.8705344150641426
uniform,pythia,pythia-12b,35,22,-0.10695652173913042,0.6188809974331807,24,0.8705344150641426
uniform,pythia,pythia-12b,35,0,-0.10434782608695652,0.6275085807240484,24,0.8715431343789835
uniform,pythia,pythia-12b,33,7,-0.10434782608695652,0.6275085807240484,24,0.8715431343789835
uniform,pythia,pythia-12b,32,14,-0.1034782608695652,0.6303950708493536,24,0.8715431343789835
uniform,pythia,pythia-12b,32,32,-0.1026086956521739,0.6332868165639751,24,0.8715431343789835
uniform,pythia,pythia-12b,31,33,-0.10173913043478258,0.6361837822056855,24,0.8715431343789835
uniform,pythia,pythia-12b,26,13,-0.10086956521739131,0.6390859319090779,24,0.8715431343789835
uniform,pythia,pythia-12b,34,24,-0.10086956521739131,0.6390859319090779,24,0.8715431343789835
uniform,pythia,pythia-12b,28,29,-0.09999999999999999,0.6419932296067887,24,0.8715431343789835
uniform,pythia,pythia-12b,28,12,-0.09999999999999999,0.6419932296067887,24,0.8715431343789835
uniform,pythia,pythia-12b,29,17,-0.09999999999999999,0.6419932296067887,24,0.8715431343789835
uniform,pythia,pythia-12b,32,8,-0.09739130434782609,0.6507456469889162,24,0.8808643975183301
uniform,pythia,pythia-12b,25,12,-0.09304347826086956,0.6654325452454302,24,0.8955533101718037
uniform,pythia,pythia-12b,32,2,-0.09043478260869564,0.6743027582561099,24,0.8997125374445808
uniform,pythia,pythia-12b,29,15,-0.08956521739130434,0.6772689468428974,24,0.9010957212981
uniform,pythia,pythia-12b,35,2,-0.08347826086956521,0.6981606006787423,24,0.9184253535689371
uniform,pythia,pythia-12b,31,9,-0.08086956521739129,0.7071807504682381,24,0.9224955599683441
uniform,pythia,pythia-12b,25,6,-0.08,0.710196052195759,24,0.9238483464496363
uniform,pythia,pythia-12b,32,25,-0.07826086956521738,0.7162392905010878,24,0.9265477802327092
uniform,pythia,pythia-12b,24,29,-0.07826086956521738,0.7162392905010878,24,0.9265477802327092
uniform,pythia,pythia-12b,24,0,-0.07652173913043478,0.7222991032128188,24,0.9292387911856375
uniform,pythia,pythia-12b,35,17,-0.07391304347826086,0.7314191793924034,24,0.9358157719897325
uniform,pythia,pythia-12b,24,39,-0.07391304347826086,0.7314191793924034,24,0.9358157719897325
uniform,pythia,pythia-12b,31,18,-0.07234738693064223,0.736909846375662,24,0.9390137069210656
uniform,pythia,pythia-12b,24,22,-0.07043478260869565,0.7436342012968032,24,0.9390137069210656
uniform,pythia,pythia-12b,29,39,-0.06956521739130435,0.7466974841785088,24,0.9390137069210656
uniform,pythia,pythia-12b,26,31,-0.06956521739130435,0.7466974841785088,24,0.9390137069210656
uniform,pythia,pythia-12b,29,19,-0.06956521739130435,0.7466974841785088,24,0.9390137069210656
uniform,pythia,pythia-12b,32,16,-0.06956521739130435,0.7466974841785088,24,0.9390137069210656
uniform,pythia,pythia-12b,27,1,-0.06782608695652173,0.75283518636882,24,0.9390137069210656
uniform,pythia,pythia-12b,30,25,-0.06695652173913043,0.7559095203776366,24,0.9390137069210656
uniform,pythia,pythia-12b,35,20,-0.06608695652173913,0.7589874525518234,24,0.9390137069210656
uniform,pythia,pythia-12b,27,2,-0.06608695652173913,0.7589874525518234,24,0.9390137069210656
uniform,pythia,pythia-12b,31,21,-0.06608695652173913,0.7589874525518234,24,0.9390137069210656
uniform,pythia,pythia-12b,27,4,-0.06521739130434781,0.7620689398781239,24,0.9390137069210656
uniform,pythia,pythia-12b,33,2,-0.06521739130434781,0.7620689398781239,24,0.9390137069210656
uniform,pythia,pythia-12b,32,33,-0.0634782608695652,0.7682424072237529,24,0.9391863983599282
uniform,pythia,pythia-12b,34,0,-0.0634782608695652,0.7682424072237529,24,0.9391863983599282
uniform,pythia,pythia-12b,26,0,-0.0634782608695652,0.7682424072237529,24,0.9391863983599282
uniform,pythia,pythia-12b,28,5,-0.0626086956521739,0.7713343005112614,24,0.9405042254275693
uniform,pythia,pythia-12b,34,35,-0.0608695652173913,0.7775281884531549,24,0.9431315948249956
uniform,pythia,pythia-12b,31,2,-0.05565217391304347,0.7961874995255512,24,0.958297840923795
uniform,pythia,pythia-12b,33,36,-0.054782608695652164,0.799308243488264,24,0.9595808475810265
uniform,pythia,pythia-12b,30,9,-0.05391304347826086,0.8024319710844887,24,0.9608608474268109
uniform,pythia,pythia-12b,27,30,-0.049565217391304345,0.8180937896030709,24,0.9660365211386707
uniform,pythia,pythia-12b,35,8,-0.049565217391304345,0.8180937896030709,24,0.9660365211386707
uniform,pythia,pythia-12b,24,19,-0.049565217391304345,0.8180937896030709,24,0.9660365211386707
uniform,pythia,pythia-12b,29,1,-0.04869565217391304,0.8212344730022532,24,0.9660365211386707
uniform,pythia,pythia-12b,24,35,-0.04869565217391304,0.8212344730022532,24,0.9660365211386707
uniform,pythia,pythia-12b,26,25,-0.047826086956521734,0.8243778236378612,24,0.9661340316722233
uniform,pythia,pythia-12b,26,5,-0.04608695652173912,0.8306723439322353,24,0.9673914828338003
uniform,pythia,pythia-12b,32,1,-0.04521739130434782,0.8338234219848106,24,0.9686456170818571
uniform,pythia,pythia-12b,35,5,-0.041739130434782605,0.8464521133997217,24,0.9716908811790763
uniform,pythia,pythia-12b,30,10,-0.04,0.8527804394339903,24,0.9716908811790763
uniform,pythia,pythia-12b,30,0,-0.03826086956521739,0.8591175903218993,24,0.9716908811790763
uniform,pythia,pythia-12b,32,11,-0.03826086956521739,0.8591175903218993,24,0.9716908811790763
uniform,pythia,pythia-12b,26,23,-0.03565217391304347,0.8686390462246146,24,0.9716908811790763
uniform,pythia,pythia-12b,34,21,-0.03565217391304347,0.8686390462246146,24,0.9716908811790763
uniform,pythia,pythia-12b,27,17,-0.034782608695652174,0.8718168719786574,24,0.9716908811790763
uniform,pythia,pythia-12b,25,0,-0.034782608695652174,0.8718168719786574,24,0.9716908811790763
uniform,pythia,pythia-12b,31,25,-0.03217391304347826,0.8813617120284872,24,0.9742533686109028
uniform,pythia,pythia-12b,24,15,-0.03130434782608695,0.8845469556552951,24,0.9742533686109028
uniform,pythia,pythia-12b,28,20,-0.03130434782608695,0.8845469556552951,24,0.9742533686109028
uniform,pythia,pythia-12b,26,1,-0.029565217391304344,0.8909226043767047,24,0.9766686766289228
uniform,pythia,pythia-12b,26,16,-0.029565217391304344,0.8909226043767047,24,0.9766686766289228
uniform,pythia,pythia-12b,35,4,-0.02,0.9260958020254711,24,0.9833497980879209
uniform,pythia,pythia-12b,25,13,-0.01826086956521739,0.9325072970015154,24,0.9833497980879209
uniform,pythia,pythia-12b,27,14,-0.01826086956521739,0.9325072970015154,24,0.9833497980879209
uniform,pythia,pythia-12b,27,25,-0.01652173913043478,0.9389228669455103,24,0.9833497980879209
uniform,pythia,pythia-12b,29,23,-0.014782608695652172,0.9453421257736343,24,0.9833497980879209
uniform,pythia,pythia-12b,32,15,-0.013913043478260868,0.9485530177017848,24,0.9833497980879209
uniform,pythia,pythia-12b,33,14,-0.013043478260869565,0.9517646868003002,24,0.9833497980879209
uniform,pythia,pythia-12b,29,24,-0.013043478260869565,0.9517646868003002,24,0.9833497980879209
uniform,pythia,pythia-12b,29,20,-0.013043478260869565,0.9517646868003002,24,0.9833497980879209
uniform,pythia,pythia-12b,30,18,-0.013043478260869565,0.9517646868003002,24,0.9833497980879209
uniform,pythia,pythia-12b,24,21,-0.011304347826086955,0.9581901628011082,24,0.9856273260531223
uniform,pythia,pythia-12b,25,37,-0.007826086956521738,0.9710483085120961,24,0.9912446977538756
uniform,pythia,pythia-12b,26,12,-0.00608695652173913,0.9774802016477157,24,0.9913102837216915
uniform,pythia,pythia-12b,33,0,-0.005217391304347826,0.9806966832535792,24,0.9913102837216915
uniform,pythia,pythia-12b,28,17,-0.004347826086956522,0.9839134567350358,24,0.9913761959308754
uniform,pythia,pythia-12b,30,34,-0.003478260869565217,0.9871304734643621,24,0.9913761959308754
uniform,pythia,pythia-12b,31,34,-0.0017391304347826085,0.9935650421080594,24,0.9956971559323257
uniform,pythia,pythia-12b,24,18,0.0008695652173913043,0.9967824967252694,24,0.9967824967252694
uniform,pythia,pythia-12b,33,20,0.003478260869565217,0.9871304734643621,24,0.9913761959308754
uniform,pythia,pythia-12b,31,13,0.005217391304347826,0.9806966832535792,24,0.9913102837216915
uniform,pythia,pythia-12b,30,1,0.006956521739130434,0.9742640605332524,24,0.9912446977538756
uniform,pythia,pythia-12b,26,34,0.006956521739130434,0.9742640605332524,24,0.9912446977538756
uniform,pythia,pythia-12b,33,13,0.007826086956521738,0.9710483085120961,24,0.9912446977538756
uniform,pythia,pythia-12b,25,7,0.007826086956521738,0.9710483085120961,24,0.9912446977538756
uniform,pythia,pythia-12b,25,10,0.011304347826086955,0.9581901628011082,24,0.9856273260531223
uniform,pythia,pythia-12b,31,1,0.013043478260869565,0.9517646868003002,24,0.9833497980879209
uniform,pythia,pythia-12b,32,35,0.013043478260869565,0.9517646868003002,24,0.9833497980879209
uniform,pythia,pythia-12b,26,11,0.015652173913043476,0.9421320594035385,24,0.9833497980879209
uniform,pythia,pythia-12b,35,10,0.01652173913043478,0.9389228669455103,24,0.9833497980879209
uniform,pythia,pythia-12b,24,8,0.01652173913043478,0.9389228669455103,24,0.9833497980879209
uniform,pythia,pythia-12b,32,36,0.017391304347826087,0.9357145967179171,24,0.9833497980879209
uniform,pythia,pythia-12b,35,14,0.01826086956521739,0.9325072970015154,24,0.9833497980879209
uniform,pythia,pythia-12b,27,37,0.02,0.9260958020254711,24,0.9833497980879209
uniform,pythia,pythia-12b,32,31,0.021739130434782605,0.9196887674366273,24,0.9833497980879209
uniform,pythia,pythia-12b,34,37,0.021739130434782605,0.9196887674366273,24,0.9833497980879209
uniform,pythia,pythia-12b,28,22,0.021739130434782605,0.9196887674366273,24,0.9833497980879209
uniform,pythia,pythia-12b,33,33,0.02434782608695652,0.9100874200789536,24,0.9833497980879209
uniform,pythia,pythia-12b,25,39,0.02434782608695652,0.9100874200789536,24,0.9833497980879209
uniform,pythia,pythia-12b,31,17,0.025217391304347827,0.9068896173989752,24,0.9833497980879209
uniform,pythia,pythia-12b,27,6,0.02695652173913043,0.9004982689028821,24,0.9825530177047802
uniform,pythia,pythia-12b,35,3,0.02869565217391304,0.8941129145750657,24,0.9778705646523552
uniform,pythia,pythia-12b,24,7,0.03130434782608695,0.8845469556552951,24,0.9742533686109028
uniform,pythia,pythia-12b,28,35,0.03304347826086956,0.8781782520387229,24,0.9742533686109028
uniform,pythia,pythia-12b,31,31,0.03565217391304347,0.8686390462246146,24,0.9716908811790763
uniform,pythia,pythia-12b,25,16,0.03565217391304347,0.8686390462246146,24,0.9716908811790763
uniform,pythia,pythia-12b,32,0,0.03565217391304347,0.8686390462246146,24,0.9716908811790763
uniform,pythia,pythia-12b,28,32,0.03652173913043478,0.8654631927363388,24,0.9716908811790763
uniform,pythia,pythia-12b,27,13,0.03826086956521739,0.8591175903218993,24,0.9716908811790763
uniform,pythia,pythia-12b,32,12,0.04,0.8527804394339903,24,0.9716908811790763
uniform,pythia,pythia-12b,27,26,0.04,0.8527804394339903,24,0.9716908811790763
uniform,pythia,pythia-12b,25,17,0.042608695652173914,0.8432913759776879,24,0.9716908811790763
uniform,pythia,pythia-12b,29,29,0.04347826086956521,0.8401329841149333,24,0.9716908811790763
uniform,pythia,pythia-12b,25,31,0.046956521739130425,0.8275237958648594,24,0.9661340316722233
uniform,pythia,pythia-12b,27,12,0.046956521739130425,0.8275237958648594,24,0.9661340316722233
uniform,pythia,pythia-12b,29,37,0.05130434782608695,0.8118206065534153,24,0.9660365211386707
uniform,pythia,pythia-12b,32,26,0.05217391304347826,0.8086881976469138,24,0.9658756734043702
uniform,pythia,pythia-12b,26,38,0.05739130434782608,0.7899551413098405,24,0.9532533617356472
uniform,pythia,pythia-12b,30,24,0.05913043478260869,0.783735252825447,24,0.9481978317862274
uniform,pythia,pythia-12b,28,30,0.0608695652173913,0.7775281884531549,24,0.9431315948249956
uniform,pythia,pythia-12b,28,36,0.06869565217391303,0.749764493394595,24,0.9390137069210656
uniform,pythia,pythia-12b,33,39,0.07739130434782608,0.7192671455433247,24,0.9278943562672173
uniform,pythia,pythia-12b,30,12,0.08086956521739129,0.7071807504682381,24,0.9224955599683441
uniform,pythia,pythia-12b,33,4,0.0826086956521739,0.7011629844471833,24,0.919784027350659
uniform,pythia,pythia-12b,29,21,0.08695652173913042,0.6861953252985288,24,0.9052350760294151
uniform,pythia,pythia-12b,34,11,0.08782608695652173,0.6832152692148052,24,0.903857027544799
uniform,pythia,pythia-12b,25,20,0.08869565217391304,0.6802397967489956,24,0.9024772303459685
uniform,pythia,pythia-12b,31,36,0.09130434782608696,0.6713412695646411,24,0.8983277160077003
uniform,pythia,pythia-12b,24,25,0.09217391304347824,0.6683845191595215,24,0.8969412943893579
uniform,pythia,pythia-12b,25,2,0.09652173913043478,0.6536731719946907,24,0.8822698593107531
uniform,pythia,pythia-12b,30,33,0.1034782608695652,0.6303950708493536,24,0.8715431343789835
uniform,pythia,pythia-12b,35,27,0.1060869565217391,0.6217515088671185,24,0.8715431343789835
uniform,pythia,pythia-12b,31,4,0.10695652173913042,0.6188809974331807,24,0.8705344150641426
uniform,pythia,pythia-12b,35,23,0.10956521739130433,0.610301978528463,24,0.8662949056923775
uniform,pythia,pythia-12b,34,29,0.10956521739130433,0.610301978528463,24,0.8662949056923775
uniform,pythia,pythia-12b,32,34,0.11130434782608695,0.6046100724044845,24,0.8662949056923775
uniform,pythia,pythia-12b,26,9,0.11304347826086956,0.5989404349055965,24,0.8662949056923775
uniform,pythia,pythia-12b,31,3,0.11652173913043477,0.587669032951115,24,0.8590447787730684
uniform,pythia,pythia-12b,25,19,0.11652173913043477,0.587669032951115,24,0.8590447787730684
uniform,pythia,pythia-12b,30,27,0.1217391304347826,0.5709355226889165,24,0.8437559781510252
uniform,pythia,pythia-12b,28,9,0.12347826086956522,0.5654049951421964,24,0.8409048813102094
uniform,pythia,pythia-12b,33,32,0.12608695652173912,0.5571544076689684,24,0.8393261560690588
uniform,pythia,pythia-12b,32,24,0.12608695652173912,0.5571544076689684,24,0.8393261560690588
uniform,pythia,pythia-12b,29,36,0.1269565217391304,0.5544163873133454,24,0.8393261560690588
uniform,pythia,pythia-12b,30,35,0.12869565217391304,0.5489587886992761,24,0.8350610889985731
uniform,pythia,pythia-12b,33,35,0.13130434782608694,0.5408189353993529,24,0.8350610889985731
uniform,pythia,pythia-12b,30,30,0.13217391304347825,0.5381181783911482,24,0.8348876721218147
uniform,pythia,pythia-12b,27,5,0.13304347826086957,0.5354237325436195,24,0.8348876721218147
uniform,pythia,pythia-12b,27,35,0.13478260869565215,0.5300538865453849,24,0.8334517340629453
uniform,pythia,pythia-12b,29,25,0.13652173913043478,0.5247096194478428,24,0.8334517340629453
uniform,pythia,pythia-12b,34,14,0.13739130434782607,0.5220471463273303,24,0.8334517340629453
uniform,pythia,pythia-12b,30,11,0.13826086956521738,0.519391149459146,24,0.8334517340629453
uniform,pythia,pythia-12b,32,6,0.14260869565217388,0.506209233952854,24,0.8179920839307364
uniform,pythia,pythia-12b,33,27,0.14608695652173911,0.4957829296843137,24,0.8095476509180927
uniform,pythia,pythia-12b,28,15,0.14608695652173911,0.4957829296843137,24,0.8095476509180927
uniform,pythia,pythia-12b,25,1,0.14869565217391303,0.4880337995507246,24,0.8053419943116198
uniform,pythia,pythia-12b,35,19,0.15217391304347824,0.47779698719030983,24,0.7968971179209811
uniform,pythia,pythia-12b,28,0,0.16,0.4551697202154259,24,0.7828763743625639
uniform,pythia,pythia-12b,34,38,0.17913043478260868,0.40230343183605966,24,0.7367674614409406
uniform,pythia,pythia-12b,30,22,0.1843478260869565,0.38850589974170063,24,0.7230351054015669
uniform,pythia,pythia-12b,30,6,0.19043478260869565,0.3727527778427131,24,0.7201309432321544
uniform,pythia,pythia-12b,33,34,0.19478260869565217,0.36172956198490885,24,0.7127751284681538
uniform,pythia,pythia-12b,30,15,0.19999999999999998,0.34875573272354554,24,0.7081257703560686
uniform,pythia,pythia-12b,34,25,0.2008695652173913,0.3466205027349787,24,0.7068636453154368
uniform,pythia,pythia-12b,34,15,0.2026086956521739,0.34237332678092103,24,0.7068636453154368
uniform,pythia,pythia-12b,25,34,0.20608695652173914,0.3339723271430128,24,0.7057243293022035
uniform,pythia,pythia-12b,35,7,0.20869565217391303,0.32775348376704777,24,0.6957312587236877
uniform,pythia,pythia-12b,35,34,0.20956521739130432,0.32569617157142167,24,0.6945210599262736
uniform,pythia,pythia-12b,35,32,0.2121739130434782,0.3195712222886807,24,0.6877408332203405
uniform,pythia,pythia-12b,35,31,0.21391304347826084,0.3155271306915456,24,0.6877408332203405
uniform,pythia,pythia-12b,34,30,0.21565217391304345,0.31151444912851095,24,0.6877408332203405
uniform,pythia,pythia-12b,28,14,0.22,0.3016203705478415,24,0.6871059172967902
uniform,pythia,pythia-12b,31,5,0.2208695652173913,0.2996651742301719,24,0.6871059172967902
uniform,pythia,pythia-12b,32,28,0.22347826086956518,0.2938468714348544,24,0.6838045709087875
uniform,pythia,pythia-12b,27,36,0.23565217391304347,0.26763351040669076,24,0.6543709390571968
uniform,pythia,pythia-12b,35,26,0.23565217391304347,0.26763351040669076,24,0.6543709390571968
uniform,pythia,pythia-12b,31,15,0.23739130434782607,0.2640149612138324,24,0.6543709390571968
uniform,pythia,pythia-12b,31,7,0.248695652173913,0.24126176688795445,24,0.6190617864652458
uniform,pythia,pythia-12b,32,29,0.25304347826086954,0.23286356530495436,24,0.6008137292674789
uniform,pythia,pythia-12b,31,6,0.25565217391304346,0.22791835585505177,24,0.5955779793261059
uniform,pythia,pythia-12b,33,5,0.2582608695652174,0.2230432181317936,24,0.5918249026565205
uniform,pythia,pythia-12b,27,22,0.27043478260869563,0.20121293703333998,24,0.5527437740857045
uniform,pythia,pythia-12b,32,10,0.2773913043478261,0.1894123670698224,24,0.5360943964945882
uniform,pythia,pythia-12b,32,5,0.2860869565217391,0.1753403938834693,24,0.505456567552964
uniform,pythia,pythia-12b,28,16,0.29130434782608694,0.16725434336435266,24,0.49435302753894106
uniform,pythia,pythia-12b,28,19,0.29217391304347823,0.1659324362656943,24,0.49435302753894106
uniform,pythia,pythia-12b,24,36,0.29217391304347823,0.1659324362656943,24,0.49435302753894106
uniform,pythia,pythia-12b,33,16,0.2939130434782608,0.16331057776591754,24,0.49435302753894106
uniform,pythia,pythia-12b,33,18,0.2939130434782608,0.16331057776591754,24,0.49435302753894106
uniform,pythia,pythia-12b,34,10,0.29913043478260865,0.15561955446279502,24,0.49435302753894106
uniform,pythia,pythia-12b,35,18,0.3095652173913043,0.14101146711310472,24,0.48519058247778685
uniform,pythia,pythia-12b,33,28,0.3139130434782608,0.1352238108343473,24,0.48205740198198627
uniform,pythia,pythia-12b,35,12,0.31913043478260866,0.12850627888142285,24,0.4762891447430514
uniform,pythia,pythia-12b,25,21,0.3347826086956522,0.1098035359218697,24,0.44980922171502763
uniform,pythia,pythia-12b,35,30,0.33739130434782605,0.10689212043935839,24,0.44570196647482474
uniform,pythia,pythia-12b,32,27,0.3652173913043478,0.07927989061008901,24,0.398104396934533
uniform,pythia,pythia-12b,34,7,0.37130434782608696,0.07403527963898868,24,0.3946841161451543
uniform,pythia,pythia-12b,34,31,0.3852173913043478,0.06304015267072927,24,0.37265507971177936
uniform,pythia,pythia-12b,30,21,0.3878260869565217,0.06112631008008118,24,0.3707271013947781
uniform,pythia,pythia-12b,30,20,,,24,
uniform,pythia,pythia-12b,34,1,,,24,
uniform,pythia,pythia-12b,34,4,,,24,
uniform,pythia,pythia-12b,34,6,,,24,
uniform,pythia,pythia-12b,34,8,,,24,
uniform,pythia,pythia-12b,34,18,,,24,
uniform,pythia,pythia-12b,34,19,,,24,
uniform,pythia,pythia-12b,34,22,,,24,
uniform,pythia,pythia-12b,34,23,,,24,
uniform,pythia,pythia-12b,34,26,,,24,
uniform,pythia,pythia-12b,34,27,,,24,
uniform,pythia,pythia-12b,34,28,,,24,
uniform,pythia,pythia-12b,34,32,,,24,
uniform,pythia,pythia-160m,8,2,-0.4547826086956522,0.025561579704034464,24,0.48513903195434044
uniform,pythia,pythia-160m,11,1,-0.44629246481371854,0.028811856044447432,24,0.48513903195434044
uniform,pythia,pythia-160m,8,4,-0.44260869565217387,0.030321189497146277,24,0.48513903195434044
uniform,pythia,pythia-160m,10,1,-0.3913043478260869,0.05864447105666786,24,0.5487500694514253
uniform,pythia,pythia-160m,8,11,-0.38608695652173913,0.06239715956765034,24,0.5487500694514253
uniform,pythia,pythia-160m,11,5,-0.3678260869565217,0.07699887080183038,24,0.5487500694514253
uniform,pythia,pythia-160m,8,3,-0.35826086956521735,0.0856122550865117,24,0.5487500694514253
uniform,pythia,pythia-160m,11,11,-0.3521739130434782,0.09145834490857088,24,0.5487500694514253
uniform,pythia,pythia-160m,11,4,-0.3313043478260869,0.11377549347480255,24,0.6068026318656137
uniform,pythia,pythia-160m,9,7,-0.31478260869565217,0.13408706839947865,24,0.6436179283174975
uniform,pythia,pythia-160m,10,11,-0.3043478260869565,0.1481877085862842,24,0.6466372738310583
uniform,pythia,pythia-160m,11,10,-0.28782608695652173,0.17261549938271947,24,0.6904619975308779
uniform,pythia,pythia-160m,9,2,-0.26086956521739124,0.21823795857184652,24,0.739183945334545
uniform,pythia,pythia-160m,8,1,-0.2573913043478261,0.2246604898877398,24,0.739183945334545
uniform,pythia,pythia-160m,9,8,-0.25304347826086954,0.23286356530495436,24,0.739183945334545
uniform,pythia,pythia-160m,8,8,-0.24608695652173912,0.24639464844484832,24,0.739183945334545
uniform,pythia,pythia-160m,9,9,-0.22347826086956518,0.2938468714348544,24,0.7866457242172405
uniform,pythia,pythia-160m,9,4,-0.21565217391304345,0.31151444912851095,24,0.7866457242172405
uniform,pythia,pythia-160m,11,6,-0.19304347826086957,0.36611583497113975,24,0.7866457242172405
uniform,pythia,pythia-160m,9,1,-0.18869565217391301,0.3772156351847255,24,0.7866457242172405
uniform,pythia,pythia-160m,11,2,-0.18,0.399985075450615,24,0.7866457242172405
uniform,pythia,pythia-160m,11,8,-0.15739130434782608,0.46264909166367685,24,0.7866457242172405
uniform,pythia,pythia-160m,11,3,-0.14782608695652172,0.49061007074296015,24,0.7866457242172405
uniform,pythia,pythia-160m,10,5,-0.1469565217391304,0.493193122110666,24,0.7866457242172405
uniform,pythia,pythia-160m,10,3,-0.1452173913043478,0.49837946924561144,24,0.7866457242172405
uniform,pythia,pythia-160m,8,7,-0.1434782608695652,0.5035926462175363,24,0.7866457242172405
uniform,pythia,pythia-160m,9,0,-0.1408695652173913,0.5114622818846749,24,0.7866457242172405
uniform,pythia,pythia-160m,9,6,-0.1408695652173913,0.5114622818846749,24,0.7866457242172405
uniform,pythia,pythia-160m,8,9,-0.13565217391304346,0.527378541905856,24,0.7866457242172405
uniform,pythia,pythia-160m,10,6,-0.13391304347826086,0.5327356259700111,24,0.7866457242172405
uniform,pythia,pythia-160m,10,2,-0.13130434782608694,0.5408189353993529,24,0.7866457242172405
uniform,pythia,pythia-160m,11,7,-0.11478260869565216,0.5932933336915411,24,0.8214040250133894
uniform,pythia,pythia-160m,10,8,-0.11304347826086956,0.5989404349055965,24,0.8214040250133894
uniform,pythia,pythia-160m,10,7,-0.09217391304347824,0.6683845191595215,24,0.8670934302610009
uniform,pythia,pythia-160m,10,10,-0.07826086956521738,0.7162392905010878,24,0.8815252806167234
uniform,pythia,pythia-160m,10,9,-0.07043478260869565,0.7436342012968032,24,0.8923610415561638
uniform,pythia,pythia-160m,10,0,-0.03217391304347826,0.8813617120284872,24,0.940119159497053
uniform,pythia,pythia-160m,9,5,-0.02260869565217391,0.9164870430337817,24,0.9563343057743808
uniform,pythia,pythia-160m,9,3,-0.014782608695652172,0.9453421257736343,24,0.9654557880241371
uniform,pythia,pythia-160m,8,6,0.0017391304347826085,0.9935650421080594,24,0.9935650421080594
uniform,pythia,pythia-160m,11,9,0.041739130434782605,0.8464521133997217,24,0.9234023055269691
uniform,pythia,pythia-160m,9,11,0.04434782608695652,0.8369769840650598,24,0.9234023055269691
uniform,pythia,pythia-160m,10,4,0.04608695652173912,0.8306723439322353,24,0.9234023055269691
uniform,pythia,pythia-160m,9,10,0.05739130434782608,0.7899551413098405,24,0.9234023055269691
uniform,pythia,pythia-160m,11,0,0.08,0.710196052195759,24,0.8815252806167234
uniform,pythia,pythia-160m,8,0,0.09999999999999999,0.6419932296067887,24,0.8559909728090517
uniform,pythia,pythia-160m,8,5,0.14869565217391303,0.4880337995507246,24,0.7866457242172405
uniform,pythia,pythia-160m,8,10,0.16,0.4551697202154259,24,0.7866457242172405
uniform,pythia,pythia-1b,12,0,-0.5269565217391303,0.008150736777295301,24,0.2021412633143085
uniform,pythia,pythia-1b,15,6,-0.48521739130434777,0.016244462180402992,24,0.2021412633143085
uniform,pythia,pythia-1b,13,5,-0.4721739130434783,0.019822625417352614,24,0.2021412633143085
uniform,pythia,pythia-1b,15,1,-0.46782608695652167,0.02114836484563233,24,0.2021412633143085
uniform,pythia,pythia-1b,15,4,-0.4539130434782608,0.02588026580365202,24,0.2021412633143085
uniform,pythia,pythia-1b,11,6,-0.44260869565217387,0.030321189497146277,24,0.2021412633143085
uniform,pythia,pythia-1b,11,2,-0.35913043478260864,0.08480057608167486,24,0.453027098536177
uniform,pythia,pythia-1b,15,2,-0.3530434782608695,0.0906054197072354,24,0.453027098536177
uniform,pythia,pythia-1b,13,1,-0.3017391304347826,0.1518714531157409,24,0.6572853834098267
uniform,pythia,pythia-1b,11,5,-0.2826086956521739,0.18087936831931134,24,0.6572853834098267
uniform,pythia,pythia-1b,15,0,-0.24434782608695652,0.24985580217173994,24,0.6572853834098267
uniform,pythia,pythia-1b,12,7,-0.23739130434782607,0.2640149612138324,24,0.6572853834098267
uniform,pythia,pythia-1b,14,2,-0.23304347826086955,0.27312047592983013,24,0.6572853834098267
uniform,pythia,pythia-1b,11,4,-0.23304347826086955,0.27312047592983013,24,0.6572853834098267
uniform,pythia,pythia-1b,13,4,-0.23217391304347823,0.2749652411831776,24,0.6572853834098267
uniform,pythia,pythia-1b,14,4,-0.23130434782608694,0.27681789646261495,24,0.6572853834098267
uniform,pythia,pythia-1b,12,6,-0.2278260869565217,0.28430742700718314,24,0.6572853834098267
uniform,pythia,pythia-1b,14,1,-0.2226086956521739,0.295778422534422,24,0.6572853834098267
uniform,pythia,pythia-1b,12,2,-0.19043478260869565,0.3727527778427131,24,0.7331190525187753
uniform,pythia,pythia-1b,15,5,-0.1843478260869565,0.38850589974170063,24,0.7331190525187753
uniform,pythia,pythia-1b,13,0,-0.18,0.399985075450615,24,0.7331190525187753
uniform,pythia,pythia-1b,12,3,-0.17391304347826084,0.41636999529355606,24,0.7331190525187753
uniform,pythia,pythia-1b,11,3,-0.16869565217391302,0.4307022617209813,24,0.7331190525187753
uniform,pythia,pythia-1b,11,7,-0.16086956521739126,0.452690747765674,24,0.7331190525187753
uniform,pythia,pythia-1b,14,6,-0.14869565217391303,0.4880337995507246,24,0.7331190525187753
uniform,pythia,pythia-1b,14,5,-0.1452173913043478,0.49837946924561144,24,0.7331190525187753
uniform,pythia,pythia-1b,13,2,-0.13652173913043478,0.5247096194478428,24,0.7331190525187753
uniform,pythia,pythia-1b,12,5,-0.13391304347826086,0.5327356259700111,24,0.7331190525187753
uniform,pythia,pythia-1b,11,1,-0.13217391304347825,0.5381181783911482,24,0.7331190525187753
uniform,pythia,pythia-1b,15,7,-0.1226086956521739,0.5681672657020509,24,0.7331190525187753
uniform,pythia,pythia-1b,13,6,-0.11391304347826085,0.5961140506694131,24,0.7451425633367664
uniform,pythia,pythia-1b,11,0,-0.07391304347826086,0.7314191793924034,24,0.8604931522263569
uniform,pythia,pythia-1b,15,3,-0.0608695652173913,0.7775281884531549,24,0.8886036439464626
uniform,pythia,pythia-1b,12,4,-0.04,0.8527804394339903,24,0.9219247993880976
uniform,pythia,pythia-1b,12,1,0.002608695652173913,0.9903476848039034,24,0.9903476848039034
uniform,pythia,pythia-1b,14,7,0.010434782608695651,0.9614038727773804,24,0.9860552541306464
uniform,pythia,pythia-1b,14,0,0.029565217391304344,0.8909226043767047,24,0.9378132677649523
uniform,pythia,pythia-1b,14,3,0.04608695652173912,0.8306723439322353,24,0.9219247993880976
uniform,pythia,pythia-1b,13,7,0.07565217391304348,0.725335122330957,24,0.8604931522263569
uniform,pythia,pythia-1b,13,3,0.1252173913043478,0.559898535790483,24,0.7331190525187753
uniform,pythia,pythia-2.8b,22,11,-0.6678260869565217,0.0003626841727529303,24,0.11605893528093769
uniform,pythia,pythia-2.8b,26,19,-0.6121739130434782,0.0014757933898440646,24,0.20052708501616628
uniform,pythia,pythia-2.8b,29,9,-0.5904347826086956,0.0023858553290152036,24,0.20052708501616628
uniform,pythia,pythia-2.8b,29,10,-0.5826086956521739,0.002813452447663159,24,0.20052708501616628
uniform,pythia,pythia-2.8b,29,16,-0.577391304347826,0.0031332357033775978,24,0.20052708501616628
uniform,pythia,pythia-2.8b,29,0,-0.5478260869565217,0.005585606044072482,24,0.244263273530771
uniform,pythia,pythia-2.8b,23,7,-0.5460869565217391,0.005769573258910435,24,0.244263273530771
uniform,pythia,pythia-2.8b,23,30,-0.5347826086956522,0.007093267681508555,24,0.244263273530771
uniform,pythia,pythia-2.8b,27,18,-0.5321739130434783,0.007432234862799776,24,0.244263273530771
uniform,pythia,pythia-2.8b,24,6,-0.5191304347826087,0.009336095584399809,24,0.244263273530771
uniform,pythia,pythia-2.8b,22,4,-0.5182608695652173,0.00947619216747269,24,0.244263273530771
uniform,pythia,pythia-2.8b,30,7,-0.5121739130434783,0.010506432119033718,24,0.244263273530771
uniform,pythia,pythia-2.8b,30,4,-0.49999999999999994,0.012845420968005769,24,0.244263273530771
uniform,pythia,pythia-2.8b,28,1,-0.497391304347826,0.013398524953480467,24,0.244263273530771
uniform,pythia,pythia-2.8b,26,0,-0.49304347826086947,0.014363733768170043,24,0.244263273530771
uniform,pythia,pythia-2.8b,22,19,-0.49217391304347824,0.014563449230153668,24,0.244263273530771
uniform,pythia,pythia-2.8b,27,15,-0.4904347826086956,0.014969705434406773,24,0.244263273530771
uniform,pythia,pythia-2.8b,23,28,-0.4904347826086956,0.014969705434406773,24,0.244263273530771
uniform,pythia,pythia-2.8b,29,26,-0.4904347826086956,0.014969705434406773,24,0.244263273530771
uniform,pythia,pythia-2.8b,24,14,-0.48869565217391303,0.015385189767333836,24,0.244263273530771
uniform,pythia,pythia-2.8b,28,4,-0.48260869565217385,0.016914299258078334,24,0.244263273530771
uniform,pythia,pythia-2.8b,23,2,-0.48260869565217385,0.016914299258078334,24,0.244263273530771
uniform,pythia,pythia-2.8b,27,13,-0.48,0.01760648809201034,24,0.244263273530771
uniform,pythia,pythia-2.8b,29,13,-0.4721739130434783,0.019822625417352614,24,0.244263273530771
uniform,pythia,pythia-2.8b,23,22,-0.47043478260869553,0.020344586936490466,24,0.244263273530771
uniform,pythia,pythia-2.8b,31,20,-0.46956521739130425,0.020609713704158806,24,0.244263273530771
uniform,pythia,pythia-2.8b,24,18,-0.46956521739130425,0.020609713704158806,24,0.244263273530771
uniform,pythia,pythia-2.8b,28,17,-0.4591304347826086,0.024015134743792032,24,0.2744586827861947
uniform,pythia,pythia-2.8b,29,12,-0.45652173913043476,0.02493367131792297,24,0.2751301662667362
uniform,pythia,pythia-2.8b,29,8,-0.4539130434782608,0.02588026580365202,24,0.27521911769761126
uniform,pythia,pythia-2.8b,22,10,-0.4513043478260869,0.0268555202756079,24,0.27521911769761126
uniform,pythia,pythia-2.8b,24,17,-0.4495652173913043,0.027521911769761126,24,0.27521911769761126
uniform,pythia,pythia-2.8b,30,11,-0.4460869565217391,0.028894442765709717,24,0.2752563704685939
uniform,pythia,pythia-2.8b,22,12,-0.4452173913043478,0.029245989362288102,24,0.2752563704685939
uniform,pythia,pythia-2.8b,27,11,-0.4408695652173913,0.031055354027520493,24,0.2819297102315996
uniform,pythia,pythia-2.8b,24,20,-0.43478260869565216,0.033737255575550254,24,0.2819297102315996
uniform,pythia,pythia-2.8b,23,26,-0.4339130434782608,0.03413496013263738,24,0.2819297102315996
uniform,pythia,pythia-2.8b,29,31,-0.4321739130434783,0.034941536627697875,24,0.2819297102315996
uniform,pythia,pythia-2.8b,28,3,-0.4269565217391304,0.03745231387529936,24,0.2819297102315996
uniform,pythia,pythia-2.8b,25,3,-0.4269565217391304,0.03745231387529936,24,0.2819297102315996
uniform,pythia,pythia-2.8b,22,25,-0.4260869565217391,0.03788430481237119,24,0.2819297102315996
uniform,pythia,pythia-2.8b,22,21,-0.4260869565217391,0.03788430481237119,24,0.2819297102315996
uniform,pythia,pythia-2.8b,22,7,-0.42173913043478256,0.04010367500276698,24,0.28387643001937557
uniform,pythia,pythia-2.8b,30,29,-0.42,0.04101960001411289,24,0.28387643001937557
uniform,pythia,pythia-2.8b,31,9,-0.41826086956521735,0.041951916181776204,24,0.28387643001937557
uniform,pythia,pythia-2.8b,26,20,-0.4165217391304347,0.04290081752203015,24,0.28387643001937557
uniform,pythia,pythia-2.8b,28,31,-0.4139130434782608,0.04435569219052743,24,0.28387643001937557
uniform,pythia,pythia-2.8b,24,7,-0.4139130434782608,0.04435569219052743,24,0.28387643001937557
uniform,pythia,pythia-2.8b,23,12,-0.4104347826086956,0.04635539124201919,24,0.29085735681266944
uniform,pythia,pythia-2.8b,25,6,-0.40695652173913033,0.048424942872104186,24,0.2942016910337505
uniform,pythia,pythia-2.8b,30,5,-0.40434782608695646,0.050023890805765504,24,0.2942016910337505
uniform,pythia,pythia-2.8b,22,22,-0.40434782608695646,0.050023890805765504,24,0.2942016910337505
uniform,pythia,pythia-2.8b,27,26,-0.40347826086956523,0.05056591564642587,24,0.2942016910337505
uniform,pythia,pythia-2.8b,24,0,-0.39826086956521733,0.0539147284565988,24,0.308084162609136
uniform,pythia,pythia-2.8b,30,20,-0.39652173913043476,0.055068414085167834,24,0.3091560088991879
uniform,pythia,pythia-2.8b,31,18,-0.3947826086956522,0.056241135165238536,24,0.3102959181530402
uniform,pythia,pythia-2.8b,26,30,-0.3913043478260869,0.05864447105666786,24,0.31807170742599516
uniform,pythia,pythia-2.8b,22,6,-0.38869565217391305,0.060498404649825706,24,0.3226581581324038
uniform,pythia,pythia-2.8b,24,11,-0.3869565217391304,0.06175922020928209,24,0.32398279454049617
uniform,pythia,pythia-2.8b,23,23,-0.3834782608695652,0.06434139809221924,24,0.3320846353146799
uniform,pythia,pythia-2.8b,29,3,-0.37652173913043474,0.06975342004393095,24,0.35430308593742704
uniform,pythia,pythia-2.8b,25,24,-0.3739130434782608,0.07187007376805954,24,0.3593503688402977
uniform,pythia,pythia-2.8b,22,9,-0.368695652173913,0.07624968847908253,24,0.373327858433117
uniform,pythia,pythia-2.8b,30,3,-0.3678260869565217,0.07699887080183038,24,0.373327858433117
uniform,pythia,pythia-2.8b,31,11,-0.3565217391304348,0.08725310458309882,24,0.4045451542076518
uniform,pythia,pythia-2.8b,25,15,-0.3556521739130434,0.08808232160850835,24,0.4045451542076518
uniform,pythia,pythia-2.8b,25,25,-0.3556521739130434,0.08808232160850835,24,0.4045451542076518
uniform,pythia,pythia-2.8b,27,28,-0.35478260869565215,0.08891743107314606,24,0.4045451542076518
uniform,pythia,pythia-2.8b,30,6,-0.3521739130434782,0.09145834490857088,24,0.4064815329269817
uniform,pythia,pythia-2.8b,29,14,-0.3504347826086956,0.09318217165981711,24,0.4084697935772805
uniform,pythia,pythia-2.8b,27,9,-0.3478260869565217,0.09581319432361446,24,0.41432732680481926
uniform,pythia,pythia-2.8b,29,30,-0.34434782608695647,0.09940670099301671,24,0.42090224855706315
uniform,pythia,pythia-2.8b,23,24,-0.3426086956521739,0.1012404900705785,24,0.42090224855706315
uniform,pythia,pythia-2.8b,26,11,-0.3417391304347826,0.10216672120818253,24,0.42090224855706315
uniform,pythia,pythia-2.8b,31,13,-0.33999999999999997,0.1040379666981944,24,0.42090224855706315
uniform,pythia,pythia-2.8b,24,21,-0.3391304347826086,0.10498302480093244,24,0.42090224855706315
uniform,pythia,pythia-2.8b,31,7,-0.33739130434782605,0.10689212043935839,24,0.42090224855706315
uniform,pythia,pythia-2.8b,23,29,-0.33652173913043476,0.10785620119274743,24,0.42090224855706315
uniform,pythia,pythia-2.8b,27,10,-0.33652173913043476,0.10785620119274743,24,0.42090224855706315
uniform,pythia,pythia-2.8b,22,26,-0.33391304347826084,0.11078683255713415,24,0.4221966249583427
uniform,pythia,pythia-2.8b,23,21,-0.3321739130434782,0.11277279029569683,24,0.4221966249583427
uniform,pythia,pythia-2.8b,22,5,-0.3313043478260869,0.11377549347480255,24,0.4221966249583427
uniform,pythia,pythia-2.8b,22,18,-0.3304347826086956,0.11478470741054941,24,0.4221966249583427
uniform,pythia,pythia-2.8b,27,8,-0.32608695652173914,0.11992916225916488,24,0.4361060445787814
uniform,pythia,pythia-2.8b,24,1,-0.32,0.12741057282041737,24,0.4497826601403038
uniform,pythia,pythia-2.8b,28,30,-0.31913043478260866,0.12850627888142285,24,0.4497826601403038
uniform,pythia,pythia-2.8b,28,10,-0.3182608695652174,0.12960877674073523,24,0.4497826601403038
uniform,pythia,pythia-2.8b,31,6,-0.3173913043478261,0.1307180856032758,24,0.4497826601403038
uniform,pythia,pythia-2.8b,22,1,-0.3173913043478261,0.1307180856032758,24,0.4497826601403038
uniform,pythia,pythia-2.8b,24,31,-0.31304347826086953,0.1363674584174657,24,0.46422964567647895
uniform,pythia,pythia-2.8b,27,3,-0.3104347826086956,0.13984001582896144,24,0.46613338609653815
uniform,pythia,pythia-2.8b,27,21,-0.3104347826086956,0.13984001582896144,24,0.46613338609653815
uniform,pythia,pythia-2.8b,27,24,-0.3069565217391304,0.1445678681051737,24,0.47597521497663414
uniform,pythia,pythia-2.8b,27,25,-0.3060869565217391,0.1457674095865942,24,0.47597521497663414
uniform,pythia,pythia-2.8b,22,17,-0.3026086956521739,0.15063640962783914,24,0.4803565410538068
uniform,pythia,pythia-2.8b,28,25,-0.3008695652173913,0.15311364746090092,24,0.4803565410538068
uniform,pythia,pythia-2.8b,26,12,-0.3008695652173913,0.15311364746090092,24,0.4803565410538068
uniform,pythia,pythia-2.8b,28,2,-0.2982608695652174,0.15688329961066771,24,0.48271784495590064
uniform,pythia,pythia-2.8b,31,5,-0.2982608695652174,0.15688329961066771,24,0.48271784495590064
uniform,pythia,pythia-2.8b,22,15,-0.2939130434782608,0.16331057776591754,24,0.4930130649537133
uniform,pythia,pythia-2.8b,23,17,-0.2939130434782608,0.16331057776591754,24,0.4930130649537133
uniform,pythia,pythia-2.8b,28,22,-0.2860869565217391,0.1753403938834693,24,0.524382486380469
uniform,pythia,pythia-2.8b,27,12,-0.2834782608695652,0.1794834429755076,24,0.526923869285894
uniform,pythia,pythia-2.8b,24,26,-0.2834782608695652,0.1794834429755076,24,0.526923869285894
uniform,pythia,pythia-2.8b,26,26,-0.28086956521739126,0.18369366089868788,24,0.5282490924093327
uniform,pythia,pythia-2.8b,28,11,-0.27999999999999997,0.18511205365132619,24,0.5282490924093327
uniform,pythia,pythia-2.8b,27,27,-0.2791304347826086,0.18653796075704562,24,0.5282490924093327
uniform,pythia,pythia-2.8b,23,8,-0.2756521739130435,0.1923169760830011,24,0.529496626642484
uniform,pythia,pythia-2.8b,29,11,-0.2756521739130435,0.1923169760830011,24,0.529496626642484
uniform,pythia,pythia-2.8b,31,27,-0.27478260869565213,0.19378063586855726,24,0.529496626642484
uniform,pythia,pythia-2.8b,24,28,-0.27391304347826084,0.195251881074416,24,0.529496626642484
uniform,pythia,pythia-2.8b,31,29,-0.2695652173913043,0.20272227336292598,24,0.5451355250095488
uniform,pythia,pythia-2.8b,25,9,-0.2652173913043478,0.2103838978731484,24,0.561023727661729
uniform,pythia,pythia-2.8b,23,10,-0.2626086956521739,0.21507317009837784,24,0.5636466938622084
uniform,pythia,pythia-2.8b,24,2,-0.2617391304347826,0.21665169795328637,24,0.5636466938622084
uniform,pythia,pythia-2.8b,26,10,-0.25913043478260867,0.22143371075635881,24,0.5668702995362785
uniform,pythia,pythia-2.8b,24,8,-0.25913043478260867,0.22143371075635881,24,0.5668702995362785
uniform,pythia,pythia-2.8b,22,24,-0.25565217391304346,0.22791835585505177,24,0.5742824714457997
uniform,pythia,pythia-2.8b,31,19,-0.24608695652173912,0.24639464844484832,24,0.6159866211121208
uniform,pythia,pythia-2.8b,22,30,-0.24260869565217388,0.25334838197246123,24,0.6188662765739511
uniform,pythia,pythia-2.8b,26,18,-0.24260869565217388,0.25334838197246123,24,0.6188662765739511
uniform,pythia,pythia-2.8b,23,27,-0.24260869565217388,0.25334838197246123,24,0.6188662765739511
uniform,pythia,pythia-2.8b,24,23,-0.23652173913043475,0.265820294159618,24,0.6343905431862299
uniform,pythia,pythia-2.8b,30,13,-0.23565217391304347,0.26763351040669076,24,0.6343905431862299
uniform,pythia,pythia-2.8b,28,28,-0.23391304347826083,0.27128359982868233,24,0.638314352538076
uniform,pythia,pythia-2.8b,30,16,-0.22869565217391302,0.28242320763631645,24,0.6588766324107008
uniform,pythia,pythia-2.8b,24,16,-0.2269565217391304,0.2861995372033982,24,0.6588766324107008
uniform,pythia,pythia-2.8b,24,13,-0.2269565217391304,0.2861995372033982,24,0.6588766324107008
uniform,pythia,pythia-2.8b,24,5,-0.2252173913043478,0.2900074275938714,24,0.6625207510813961
uniform,pythia,pythia-2.8b,29,27,-0.22434782608695653,0.2919232059452401,24,0.6625207510813961
uniform,pythia,pythia-2.8b,26,4,-0.2208695652173913,0.2996651742301719,24,0.6753018010820776
uniform,pythia,pythia-2.8b,24,29,-0.21913043478260866,0.30358344391723047,24,0.6793475668077884
uniform,pythia,pythia-2.8b,31,31,-0.2052173913043478,0.3360608896745526,24,0.7266181398368705
uniform,pythia,pythia-2.8b,26,17,-0.20347826086956516,0.3402613966398864,24,0.7307627310386823
uniform,pythia,pythia-2.8b,29,15,-0.2008695652173913,0.3466205027349787,24,0.7394570725012879
uniform,pythia,pythia-2.8b,29,19,-0.1973913043478261,0.3552078904108177,24,0.7471126508763203
uniform,pythia,pythia-2.8b,24,15,-0.1973913043478261,0.3552078904108177,24,0.7471126508763203
uniform,pythia,pythia-2.8b,30,2,-0.19565217391304346,0.35954796323422916,24,0.7471126508763203
uniform,pythia,pythia-2.8b,22,27,-0.19565217391304346,0.35954796323422916,24,0.7471126508763203
uniform,pythia,pythia-2.8b,30,14,-0.19217391304347822,0.3683204887556275,24,0.7604035896890374
uniform,pythia,pythia-2.8b,31,28,-0.18521739130434778,0.3862326819021752,24,0.7861499862245881
uniform,pythia,pythia-2.8b,23,31,-0.1843478260869565,0.38850589974170063,24,0.7861499862245881
uniform,pythia,pythia-2.8b,23,25,-0.1843478260869565,0.38850589974170063,24,0.7861499862245881
uniform,pythia,pythia-2.8b,31,30,-0.1826086956521739,0.39307499311229405,24,0.7861499862245881
uniform,pythia,pythia-2.8b,30,18,-0.17565217391304347,0.41165144697505385,24,0.8131386606914643
uniform,pythia,pythia-2.8b,31,4,-0.17391304347826084,0.41636999529355606,24,0.8174134876928708
uniform,pythia,pythia-2.8b,31,25,-0.1678260869565217,0.4331165526494355,24,0.8338990260417692
uniform,pythia,pythia-2.8b,22,23,-0.1678260869565217,0.4331165526494355,24,0.8338990260417692
uniform,pythia,pythia-2.8b,29,5,-0.1678260869565217,0.4331165526494355,24,0.8338990260417692
uniform,pythia,pythia-2.8b,30,9,-0.16695652173913042,0.4355381053206145,24,0.8338990260417692
uniform,pythia,pythia-2.8b,28,21,-0.1660869565217391,0.4379669016082391,24,0.8338990260417692
uniform,pythia,pythia-2.8b,23,11,-0.15826086956521737,0.46014891272810604,24,0.8444182598010371
uniform,pythia,pythia-2.8b,27,6,-0.15826086956521737,0.46014891272810604,24,0.8444182598010371
uniform,pythia,pythia-2.8b,28,27,-0.15478260869565216,0.47019170707374996,24,0.8444182598010371
uniform,pythia,pythia-2.8b,26,29,-0.15478260869565216,0.47019170707374996,24,0.8444182598010371
uniform,pythia,pythia-2.8b,23,9,-0.15217391304347824,0.47779698719030983,24,0.8444182598010371
uniform,pythia,pythia-2.8b,26,2,-0.15130434782608695,0.4803459029793671,24,0.8444182598010371
uniform,pythia,pythia-2.8b,24,19,-0.15043478260869564,0.4829016923237181,24,0.8444182598010371
uniform,pythia,pythia-2.8b,30,17,-0.14782608695652172,0.49061007074296015,24,0.8524371364744582
uniform,pythia,pythia-2.8b,28,9,-0.1469565217391304,0.493193122110666,24,0.8524371364744582
uniform,pythia,pythia-2.8b,28,13,-0.1452173913043478,0.49837946924561144,24,0.8524371364744582
uniform,pythia,pythia-2.8b,23,0,-0.1443478260869565,0.5009827163280623,24,0.8524371364744582
uniform,pythia,pythia-2.8b,23,20,-0.1417391304347826,0.5088324543263879,24,0.8524371364744582
uniform,pythia,pythia-2.8b,23,19,-0.1408695652173913,0.5114622818846749,24,0.8524371364744582
uniform,pythia,pythia-2.8b,26,9,-0.1408695652173913,0.5114622818846749,24,0.8524371364744582
uniform,pythia,pythia-2.8b,29,22,-0.13130434782608694,0.5408189353993529,24,0.8739676983042642
uniform,pythia,pythia-2.8b,27,17,-0.12956521739130433,0.546239269258583,24,0.8739676983042642
uniform,pythia,pythia-2.8b,31,12,-0.12869565217391304,0.5489587886992761,24,0.8739676983042642
uniform,pythia,pythia-2.8b,29,2,-0.1269565217391304,0.5544163873133454,24,0.8739676983042642
uniform,pythia,pythia-2.8b,26,13,-0.12608695652173912,0.5571544076689684,24,0.8739676983042642
uniform,pythia,pythia-2.8b,22,13,-0.12608695652173912,0.5571544076689684,24,0.8739676983042642
uniform,pythia,pythia-2.8b,29,7,-0.12347826086956522,0.5654049951421964,24,0.8741034856954629
uniform,pythia,pythia-2.8b,28,23,-0.1226086956521739,0.5681672657020509,24,0.8741034856954629
uniform,pythia,pythia-2.8b,23,5,-0.1226086956521739,0.5681672657020509,24,0.8741034856954629
uniform,pythia,pythia-2.8b,24,27,-0.1208695652173913,0.5737097351958669,24,0.8745652551178517
uniform,pythia,pythia-2.8b,28,24,-0.11913043478260868,0.5792759020081251,24,0.8745652551178517
uniform,pythia,pythia-2.8b,23,14,-0.11913043478260868,0.5792759020081251,24,0.8745652551178517
uniform,pythia,pythia-2.8b,29,17,-0.11826086956521738,0.5820677933682574,24,0.8745652551178517
uniform,pythia,pythia-2.8b,26,6,-0.11739130434782606,0.5848655143600633,24,0.8745652551178517
uniform,pythia,pythia-2.8b,24,25,-0.11652173913043477,0.587669032951115,24,0.8746701885784036
uniform,pythia,pythia-2.8b,28,7,-0.11478260869565216,0.5932933336915411,24,0.8749026118953602
uniform,pythia,pythia-2.8b,23,1,-0.11478260869565216,0.5932933336915411,24,0.8749026118953602
uniform,pythia,pythia-2.8b,25,27,-0.11043478260869564,0.6074532587517109,24,0.8756083009033669
uniform,pythia,pythia-2.8b,22,16,-0.11043478260869564,0.6074532587517109,24,0.8756083009033669
uniform,pythia,pythia-2.8b,28,19,-0.10869565217391304,0.6131561977406331,24,0.8759374253437616
uniform,pythia,pythia-2.8b,25,8,-0.10695652173913042,0.6188809974331807,24,0.8801863074605237
uniform,pythia,pythia-2.8b,26,24,-0.1060869565217391,0.6217515088671185,24,0.8803561187499023
uniform,pythia,pythia-2.8b,23,4,-0.10521739130434782,0.6246273816458915,24,0.8805319917475123
uniform,pythia,pythia-2.8b,22,2,-0.1026086956521739,0.6332868165639751,24,0.8810947013064002
uniform,pythia,pythia-2.8b,24,3,-0.1026086956521739,0.6332868165639751,24,0.8810947013064002
uniform,pythia,pythia-2.8b,30,8,-0.09739130434782609,0.6507456469889162,24,0.8835618858030608
uniform,pythia,pythia-2.8b,26,27,-0.09478260869565217,0.6595430787691372,24,0.8835618858030608
uniform,pythia,pythia-2.8b,28,26,-0.09391304347826085,0.6624853858393348,24,0.8835618858030608
uniform,pythia,pythia-2.8b,22,29,-0.09391304347826085,0.6624853858393348,24,0.8835618858030608
uniform,pythia,pythia-2.8b,24,12,-0.09391304347826085,0.6624853858393348,24,0.8835618858030608
uniform,pythia,pythia-2.8b,29,1,-0.09391304347826085,0.6624853858393348,24,0.8835618858030608
uniform,pythia,pythia-2.8b,22,14,-0.09304347826086956,0.6654325452454302,24,0.8835618858030608
uniform,pythia,pythia-2.8b,25,23,-0.09304347826086956,0.6654325452454302,24,0.8835618858030608
uniform,pythia,pythia-2.8b,30,10,-0.08782608695652173,0.6832152692148052,24,0.8997073504063279
uniform,pythia,pythia-2.8b,31,22,-0.08347826086956521,0.6981606006787423,24,0.9008523879725707
uniform,pythia,pythia-2.8b,30,30,-0.08347826086956521,0.6981606006787423,24,0.9008523879725707
uniform,pythia,pythia-2.8b,25,7,-0.08347826086956521,0.6981606006787423,24,0.9008523879725707
uniform,pythia,pythia-2.8b,27,14,-0.08,0.710196052195759,24,0.9069262712000676
uniform,pythia,pythia-2.8b,29,20,-0.07739130434782608,0.7192671455433247,24,0.9069262712000676
uniform,pythia,pythia-2.8b,25,20,-0.07565217391304348,0.725335122330957,24,0.9069262712000676
uniform,pythia,pythia-2.8b,30,28,-0.07565217391304348,0.725335122330957,24,0.9069262712000676
uniform,pythia,pythia-2.8b,30,0,-0.07478260869565216,0.7283751615575543,24,0.9069262712000676
uniform,pythia,pythia-2.8b,30,15,-0.07130434782608694,0.7405746871767944,24,0.907984290791472
uniform,pythia,pythia-2.8b,30,12,-0.07130434782608694,0.7405746871767944,24,0.907984290791472
uniform,pythia,pythia-2.8b,26,1,-0.06869565217391303,0.749764493394595,24,0.9093648365445252
uniform,pythia,pythia-2.8b,30,24,-0.06782608695652173,0.75283518636882,24,0.9093648365445252
uniform,pythia,pythia-2.8b,27,7,-0.06695652173913043,0.7559095203776366,24,0.9093648365445252
uniform,pythia,pythia-2.8b,25,16,-0.0626086956521739,0.7713343005112614,24,0.9244456036090025
uniform,pythia,pythia-2.8b,24,30,-0.06173913043478261,0.7744295754905792,24,0.9246920304365125
uniform,pythia,pythia-2.8b,24,4,-0.054782608695652164,0.799308243488264,24,0.9334986785264398
uniform,pythia,pythia-2.8b,29,4,-0.054782608695652164,0.799308243488264,24,0.9334986785264398
uniform,pythia,pythia-2.8b,24,10,-0.054782608695652164,0.799308243488264,24,0.9334986785264398
uniform,pythia,pythia-2.8b,25,5,-0.050434782608695654,0.8149558189775675,24,0.9448763118580493
uniform,pythia,pythia-2.8b,31,24,-0.047826086956521734,0.8243778236378612,24,0.9489241135399841
uniform,pythia,pythia-2.8b,26,14,-0.04521739130434782,0.8338234219848106,24,0.9539538526679785
uniform,pythia,pythia-2.8b,23,15,-0.04434782608695652,0.8369769840650598,24,0.9539538526679785
uniform,pythia,pythia-2.8b,25,31,-0.04347826086956521,0.8401329841149333,24,0.9539538526679785
uniform,pythia,pythia-2.8b,30,26,-0.042608695652173914,0.8432913759776879,24,0.9539538526679785
uniform,pythia,pythia-2.8b,31,1,-0.041739130434782605,0.8464521133997217,24,0.9539538526679785
uniform,pythia,pythia-2.8b,22,31,-0.040869565217391296,0.8496151500324183,24,0.9539538526679785
uniform,pythia,pythia-2.8b,25,13,-0.03565217391304347,0.8686390462246146,24,0.9618148608715457
uniform,pythia,pythia-2.8b,25,2,-0.034782608695652174,0.8718168719786574,24,0.9620048242523116
uniform,pythia,pythia-2.8b,29,24,-0.03217391304347826,0.8813617120284872,24,0.9625793441949348
uniform,pythia,pythia-2.8b,25,17,-0.02869565217391304,0.8941129145750657,24,0.9635487985200714
uniform,pythia,pythia-2.8b,26,3,-0.02260869565217391,0.9164870430337817,24,0.9743383846206317
uniform,pythia,pythia-2.8b,31,10,-0.02,0.9260958020254711,24,0.9782115958289319
uniform,pythia,pythia-2.8b,31,26,-0.019130434782608695,0.9293010160374854,24,0.9782115958289319
uniform,pythia,pythia-2.8b,25,11,-0.015652173913043476,0.9421320594035385,24,0.9884664229807618
uniform,pythia,pythia-2.8b,28,5,-0.013913043478260868,0.9485530177017848,24,0.9887197578650526
uniform,pythia,pythia-2.8b,26,28,-0.013913043478260868,0.9485530177017848,24,0.9887197578650526
uniform,pythia,pythia-2.8b,27,0,-0.011304347826086955,0.9581901628011082,24,0.9890995228914665
uniform,pythia,pythia-2.8b,28,20,-0.011304347826086955,0.9581901628011082,24,0.9890995228914665
uniform,pythia,pythia-2.8b,22,3,-0.010434782608695651,0.9614038727773804,24,0.9892258498030922
uniform,pythia,pythia-2.8b,30,25,-0.00608695652173913,0.9774802016477157,24,0.9929957604040286
uniform,pythia,pythia-2.8b,25,18,-0.003478260869565217,0.9871304734643621,24,0.9933388412219996
uniform,pythia,pythia-2.8b,27,5,0.0,1.0,24,1.0
uniform,pythia,pythia-2.8b,31,21,0.0008695652173913043,0.9967824967252694,24,0.9999072067463518
uniform,pythia,pythia-2.8b,28,12,0.003478260869565217,0.9871304734643621,24,0.9933388412219996
uniform,pythia,pythia-2.8b,26,16,0.003478260869565217,0.9871304734643621,24,0.9933388412219996
uniform,pythia,pythia-2.8b,31,3,0.006956521739130434,0.9742640605332524,24,0.992880571244079
uniform,pythia,pythia-2.8b,27,29,0.008695652173913044,0.9678329941702691,24,0.98947782151593
uniform,pythia,pythia-2.8b,23,3,0.008695652173913044,0.9678329941702691,24,0.98947782151593
uniform,pythia,pythia-2.8b,27,19,0.013043478260869565,0.9517646868003002,24,0.9888464278444677
uniform,pythia,pythia-2.8b,27,1,0.019130434782608695,0.9293010160374854,24,0.9782115958289319
uniform,pythia,pythia-2.8b,30,1,0.023478260869565212,0.9132865779270147,24,0.9741723497888157
uniform,pythia,pythia-2.8b,28,6,0.02434782608695652,0.9100874200789536,24,0.9740066034289804
uniform,pythia,pythia-2.8b,28,14,0.027826086956521737,0.8973048186218164,24,0.9635487985200714
uniform,pythia,pythia-2.8b,26,23,0.027826086956521737,0.8973048186218164,24,0.9635487985200714
uniform,pythia,pythia-2.8b,22,0,0.029565217391304344,0.8909226043767047,24,0.9635487985200714
uniform,pythia,pythia-2.8b,25,28,0.03130434782608695,0.8845469556552951,24,0.9627721966316137
uniform,pythia,pythia-2.8b,29,21,0.03217391304347826,0.8813617120284872,24,0.9625793441949348
uniform,pythia,pythia-2.8b,28,16,0.033913043478260865,0.8749966229566862,24,0.9621955991276274
uniform,pythia,pythia-2.8b,27,23,0.03652173913043478,0.8654631927363388,24,0.9616257697070432
uniform,pythia,pythia-2.8b,31,17,0.03739130434782608,0.8622893584755253,24,0.9614376122375196
uniform,pythia,pythia-2.8b,29,25,0.03826086956521739,0.8591175903218993,24,0.9612504507098174
uniform,pythia,pythia-2.8b,30,31,0.040869565217391296,0.8496151500324183,24,0.9539538526679785
uniform,pythia,pythia-2.8b,30,22,0.047826086956521734,0.8243778236378612,24,0.9489241135399841
uniform,pythia,pythia-2.8b,23,6,0.05391304347826086,0.8024319710844887,24,0.9337390208983142
uniform,pythia,pythia-2.8b,24,24,0.054782608695652164,0.799308243488264,24,0.9334986785264398
uniform,pythia,pythia-2.8b,25,26,0.05913043478260869,0.783735252825447,24,0.9288714107560853
uniform,pythia,pythia-2.8b,29,28,0.06,0.7806300955564118,24,0.9286305969444305
uniform,pythia,pythia-2.8b,25,14,0.06695652173913043,0.7559095203776366,24,0.9093648365445252
uniform,pythia,pythia-2.8b,27,2,0.06695652173913043,0.7559095203776366,24,0.9093648365445252
uniform,pythia,pythia-2.8b,26,8,0.07217391304347825,0.7375189840952583,24,0.907984290791472
uniform,pythia,pythia-2.8b,23,16,0.07304347826086956,0.7344671341768291,24,0.907984290791472
uniform,pythia,pythia-2.8b,31,16,0.07478260869565216,0.7283751615575543,24,0.9069262712000676
uniform,pythia,pythia-2.8b,26,31,0.07652173913043478,0.7222991032128188,24,0.9069262712000676
uniform,pythia,pythia-2.8b,31,0,0.07739130434782608,0.7192671455433247,24,0.9069262712000676
uniform,pythia,pythia-2.8b,27,31,0.07739130434782608,0.7192671455433247,24,0.9069262712000676
uniform,pythia,pythia-2.8b,30,27,0.08434782608695651,0.69516260313585,24,0.9008523879725707
uniform,pythia,pythia-2.8b,22,20,0.08695652173913042,0.6861953252985288,24,0.8999282954734803
uniform,pythia,pythia-2.8b,26,22,0.08956521739130434,0.6772689468428974,24,0.8955622437592031
uniform,pythia,pythia-2.8b,22,8,0.09478260869565217,0.6595430787691372,24,0.8835618858030608
uniform,pythia,pythia-2.8b,26,5,0.09652173913043478,0.6536731719946907,24,0.8835618858030608
uniform,pythia,pythia-2.8b,25,0,0.09913043478260869,0.6449056390307348,24,0.8835618858030608
uniform,pythia,pythia-2.8b,29,18,0.1026086956521739,0.6332868165639751,24,0.8810947013064002
uniform,pythia,pythia-2.8b,29,6,0.10869565217391304,0.6131561977406331,24,0.8759374253437616
uniform,pythia,pythia-2.8b,31,23,0.11043478260869564,0.6074532587517109,24,0.8756083009033669
uniform,pythia,pythia-2.8b,30,19,0.11217391304347826,0.6017724532672231,24,0.8756083009033669
uniform,pythia,pythia-2.8b,31,15,0.11304347826086956,0.5989404349055965,24,0.8756083009033669
uniform,pythia,pythia-2.8b,25,19,0.11739130434782606,0.5848655143600633,24,0.8745652551178517
uniform,pythia,pythia-2.8b,27,16,0.12347826086956522,0.5654049951421964,24,0.8741034856954629
uniform,pythia,pythia-2.8b,22,28,0.1269565217391304,0.5544163873133454,24,0.8739676983042642
uniform,pythia,pythia-2.8b,28,8,0.13130434782608694,0.5408189353993529,24,0.8739676983042642
uniform,pythia,pythia-2.8b,28,18,0.13391304347826086,0.5327356259700111,24,0.8697724505632835
uniform,pythia,pythia-2.8b,25,1,0.13478260869565215,0.5300538865453849,24,0.8697724505632835
uniform,pythia,pythia-2.8b,26,21,0.13826086956521738,0.519391149459146,24,0.8567276692109626
uniform,pythia,pythia-2.8b,26,7,0.1391304347826087,0.5167416555162507,24,0.8567276692109626
uniform,pythia,pythia-2.8b,28,0,0.14260869565217388,0.506209233952854,24,0.8524371364744582
uniform,pythia,pythia-2.8b,25,12,0.1434782608695652,0.5035926462175363,24,0.8524371364744582
uniform,pythia,pythia-2.8b,30,21,0.15043478260869564,0.4829016923237181,24,0.8444182598010371
uniform,pythia,pythia-2.8b,27,20,0.15130434782608695,0.4803459029793671,24,0.8444182598010371
uniform,pythia,pythia-2.8b,26,25,0.15217391304347824,0.47779698719030983,24,0.8444182598010371
uniform,pythia,pythia-2.8b,25,30,0.15391304347826085,0.4727198668976152,24,0.8444182598010371
uniform,pythia,pythia-2.8b,31,8,0.1591304347826087,0.45765578201494633,24,0.8444182598010371
uniform,pythia,pythia-2.8b,27,22,0.16086956521739126,0.452690747765674,24,0.8444182598010371
uniform,pythia,pythia-2.8b,23,13,0.16086956521739126,0.452690747765674,24,0.8444182598010371
uniform,pythia,pythia-2.8b,25,4,0.1652173913043478,0.44040292312830936,24,0.8338990260417692
uniform,pythia,pythia-2.8b,31,2,0.17913043478260868,0.40230343183605966,24,0.7996093055126652
uniform,pythia,pythia-2.8b,30,23,0.1826086956521739,0.39307499311229405,24,0.7861499862245881
uniform,pythia,pythia-2.8b,31,14,0.2052173913043478,0.3360608896745526,24,0.7266181398368705
uniform,pythia,pythia-2.8b,27,30,0.20956521739130432,0.32569617157142167,24,0.713854622622294
uniform,pythia,pythia-2.8b,27,4,0.21130434782608692,0.32160503545975194,24,0.7097490437732457
uniform,pythia,pythia-2.8b,23,18,0.21478260869565213,0.3135168615028437,24,0.6967041366729859
uniform,pythia,pythia-2.8b,29,29,0.23652173913043475,0.265820294159618,24,0.6343905431862299
uniform,pythia,pythia-2.8b,28,15,0.23913043478260865,0.260427936802927,24,0.6313404528555805
uniform,pythia,pythia-2.8b,25,29,0.2573913043478261,0.2246604898877398,24,0.5705663235244185
uniform,pythia,pythia-2.8b,24,9,0.26347826086956516,0.21350236658523822,24,0.5636466938622084
uniform,pythia,pythia-2.8b,25,21,0.2773913043478261,0.1894123670698224,24,0.529496626642484
uniform,pythia,pythia-2.8b,26,15,0.2791304347826086,0.18653796075704562,24,0.5282490924093327
uniform,pythia,pythia-2.8b,24,22,0.3008695652173913,0.15311364746090092,24,0.4803565410538068
uniform,pythia,pythia-2.8b,25,10,0.3304347826086956,0.11478470741054941,24,0.4221966249583427
uniform,pythia,pythia-2.8b,29,23,0.3539130434782608,0.08975845608982275,24,0.4045451542076518
uniform,pythia,pythia-2.8b,28,29,0.41826086956521735,0.041951916181776204,24,0.28387643001937557
uniform,pythia,pythia-2.8b,25,22,0.43043478260869555,0.03576316089882473,24,0.2819297102315996
uniform,pythia,pythia-410m,22,6,-0.7191304347826086,7.50469673311602e-05,24,0.009606011818388506
uniform,pythia,pythia-410m,23,12,-0.6130434782608695,0.001446665230327324,24,0.09099087504557896
uniform,pythia,pythia-410m,16,15,-0.5956521739130434,0.002132598633880757,24,0.09099087504557896
uniform,pythia,pythia-410m,23,7,-0.571304347826087,0.00354469875674885,24,0.09293354107717318
uniform,pythia,pythia-410m,19,14,-0.5626086956521739,0.004211057389435817,24,0.09293354107717318
uniform,pythia,pythia-410m,18,10,-0.5608695652173912,0.004356259737992493,24,0.09293354107717318
uniform,pythia,pythia-410m,22,8,-0.5443478260869564,0.005958587597088936,24,0.10895703034676911
uniform,pythia,pythia-410m,20,11,-0.5278260869565217,0.008027129921072601,24,0.12318011620443037
uniform,pythia,pythia-410m,21,15,-0.5234782608695652,0.00866110192062401,24,0.12318011620443037
uniform,pythia,pythia-410m,19,9,-0.5026086956521739,0.012311224300312234,24,0.1575836710439966
uniform,pythia,pythia-410m,21,6,-0.47478260869565214,0.01906009866736062,24,0.2217902390383781
uniform,pythia,pythia-410m,23,2,-0.4513043478260869,0.0268555202756079,24,0.2776762280337944
uniform,pythia,pythia-410m,17,10,-0.4478260869565217,0.02820149190968224,24,0.2776762280337944
uniform,pythia,pythia-410m,22,0,-0.43478260869565216,0.033737255575550254,24,0.2878912475780288
uniform,pythia,pythia-410m,23,10,-0.43478260869565216,0.033737255575550254,24,0.2878912475780288
uniform,pythia,pythia-410m,22,3,-0.4234782608695652,0.03920394759394157,24,0.2985547194442954
uniform,pythia,pythia-410m,18,2,-0.42260869565217385,0.039651798676195484,24,0.2985547194442954
uniform,pythia,pythia-410m,21,2,-0.3956521739130434,0.055652382889228295,24,0.3921761407525744
uniform,pythia,pythia-410m,18,11,-0.38434782608695645,0.06368822401812056,24,0.3921761407525744
uniform,pythia,pythia-410m,16,0,-0.38434782608695645,0.06368822401812056,24,0.3921761407525744
uniform,pythia,pythia-410m,20,9,-0.3834782608695652,0.06434139809221924,24,0.3921761407525744
uniform,pythia,pythia-410m,20,12,-0.37304347826086953,0.07258638217608111,24,0.41202242581698045
uniform,pythia,pythia-410m,17,0,-0.37130434782608696,0.07403527963898868,24,0.41202242581698045
uniform,pythia,pythia-410m,20,0,-0.35913043478260864,0.08480057608167486,24,0.4522697391022659
uniform,pythia,pythia-410m,22,2,-0.3539130434782608,0.08975845608982275,24,0.4595632951798925
uniform,pythia,pythia-410m,20,7,-0.3426086956521739,0.1012404900705785,24,0.47746047309289247
uniform,pythia,pythia-410m,23,8,-0.3347826086956522,0.1098035359218697,24,0.47746047309289247
uniform,pythia,pythia-410m,20,6,-0.3304347826086956,0.11478470741054941,24,0.47746047309289247
uniform,pythia,pythia-410m,22,1,-0.32956521739130434,0.11580045288804075,24,0.47746047309289247
uniform,pythia,pythia-410m,18,14,-0.32521739130434785,0.1209778735437234,24,0.47746047309289247
uniform,pythia,pythia-410m,17,6,-0.32347826086956516,0.12309527821926133,24,0.47746047309289247
uniform,pythia,pythia-410m,17,4,-0.31565217391304345,0.1329572125391265,24,0.5005448001472999
uniform,pythia,pythia-410m,20,5,-0.308695652173913,0.14218991443004733,24,0.5182841229745572
uniform,pythia,pythia-410m,22,12,-0.3060869565217391,0.1457674095865942,24,0.5182841229745572
uniform,pythia,pythia-410m,16,1,-0.2982608695652174,0.15688329961066771,24,0.521696686245048
uniform,pythia,pythia-410m,18,13,-0.29739130434782607,0.1581542605953959,24,0.521696686245048
uniform,pythia,pythia-410m,20,4,-0.29217391304347823,0.1659324362656943,24,0.521696686245048
uniform,pythia,pythia-410m,21,3,-0.2860869565217391,0.1753403938834693,24,0.521696686245048
uniform,pythia,pythia-410m,22,7,-0.28086956521739126,0.18369366089868788,24,0.521696686245048
uniform,pythia,pythia-410m,18,8,-0.2782608695652174,0.1879713945221431,24,0.521696686245048
uniform,pythia,pythia-410m,22,5,-0.2773913043478261,0.1894123670698224,24,0.521696686245048
uniform,pythia,pythia-410m,21,7,-0.27652173913043476,0.19086089033898035,24,0.521696686245048
uniform,pythia,pythia-410m,23,14,-0.27391304347826084,0.195251881074416,24,0.521696686245048
uniform,pythia,pythia-410m,22,11,-0.2713043478260869,0.19971124015805522,24,0.521696686245048
uniform,pythia,pythia-410m,21,11,-0.2713043478260869,0.19971124015805522,24,0.521696686245048
uniform,pythia,pythia-410m,17,14,-0.2652173913043478,0.2103838978731484,24,0.521696686245048
uniform,pythia,pythia-410m,20,3,-0.2652173913043478,0.2103838978731484,24,0.521696686245048
uniform,pythia,pythia-410m,23,6,-0.2652173913043478,0.2103838978731484,24,0.521696686245048
uniform,pythia,pythia-410m,20,2,-0.2643478260869565,0.2119392787870507,24,0.521696686245048
uniform,pythia,pythia-410m,16,13,-0.248695652173913,0.24126176688795445,24,0.565445555247452
uniform,pythia,pythia-410m,23,3,-0.2478260869565217,0.24296488702038951,24,0.565445555247452
uniform,pythia,pythia-410m,22,9,-0.24260869565217388,0.25334838197246123,24,0.5790820159370542
uniform,pythia,pythia-410m,23,11,-0.23826086956521736,0.2622175095216363,24,0.5888393196275341
uniform,pythia,pythia-410m,23,13,-0.22608695652173913,0.2880995376657831,24,0.5931138152538212
uniform,pythia,pythia-410m,17,13,-0.2252173913043478,0.2900074275938714,24,0.5931138152538212
uniform,pythia,pythia-410m,22,4,-0.2252173913043478,0.2900074275938714,24,0.5931138152538212
uniform,pythia,pythia-410m,18,6,-0.22434782608695653,0.2919232059452401,24,0.5931138152538212
uniform,pythia,pythia-410m,17,15,-0.22434782608695653,0.2919232059452401,24,0.5931138152538212
uniform,pythia,pythia-410m,23,0,-0.22434782608695653,0.2919232059452401,24,0.5931138152538212
uniform,pythia,pythia-410m,16,7,-0.2217391304347826,0.2977178574717595,24,0.595435714943519
uniform,pythia,pythia-410m,23,4,-0.21652173913043476,0.30951989756230047,24,0.6041492346734758
uniform,pythia,pythia-410m,19,6,-0.21565217391304345,0.31151444912851095,24,0.6041492346734758
uniform,pythia,pythia-410m,19,2,-0.2078260869565217,0.3298186178055175,24,0.6301012399866603
uniform,pythia,pythia-410m,19,13,-0.19913043478260867,0.35089871307688764,24,0.6509425402006032
uniform,pythia,pythia-410m,18,0,-0.19913043478260867,0.35089871307688764,24,0.6509425402006032
uniform,pythia,pythia-410m,17,11,-0.19217391304347822,0.3683204887556275,24,0.6563606457381755
uniform,pythia,pythia-410m,21,12,-0.18869565217391301,0.3772156351847255,24,0.6563606457381755
uniform,pythia,pythia-410m,21,10,-0.1878260869565217,0.3794584983173827,24,0.6563606457381755
uniform,pythia,pythia-410m,21,1,-0.1878260869565217,0.3794584983173827,24,0.6563606457381755
uniform,pythia,pythia-410m,18,3,-0.17928640384548933,0.4018870507107134,24,0.6858872332129509
uniform,pythia,pythia-410m,22,10,-0.1695652173913043,0.4282952504035892,24,0.708053394181647
uniform,pythia,pythia-410m,20,13,-0.16260869565217392,0.44775415138241526,24,0.708053394181647
uniform,pythia,pythia-410m,21,4,-0.16173913043478258,0.45021888484637074,24,0.708053394181647
uniform,pythia,pythia-410m,23,5,-0.16173913043478258,0.45021888484637074,24,0.708053394181647
uniform,pythia,pythia-410m,16,2,-0.15739130434782608,0.46264909166367685,24,0.708053394181647
uniform,pythia,pythia-410m,20,14,-0.15739130434782608,0.46264909166367685,24,0.708053394181647
uniform,pythia,pythia-410m,18,5,-0.15652173913043477,0.46515629787569074,24,0.708053394181647
uniform,pythia,pythia-410m,17,2,-0.15565217391304348,0.4676705101638169,24,0.708053394181647
uniform,pythia,pythia-410m,17,12,-0.15565217391304348,0.4676705101638169,24,0.708053394181647
uniform,pythia,pythia-410m,21,5,-0.15478260869565216,0.47019170707374996,24,0.708053394181647
uniform,pythia,pythia-410m,17,8,-0.15217391304347824,0.47779698719030983,24,0.7104760530739761
uniform,pythia,pythia-410m,22,15,-0.15043478260869564,0.4829016923237181,24,0.7104760530739761
uniform,pythia,pythia-410m,19,4,-0.1452173913043478,0.49837946924561144,24,0.7247013002901136
uniform,pythia,pythia-410m,18,1,-0.1417391304347826,0.5088324543263879,24,0.7247013002901136
uniform,pythia,pythia-410m,17,1,-0.1391304347826087,0.5167416555162507,24,0.7247013002901136
uniform,pythia,pythia-410m,19,0,-0.13304347826086957,0.5354237325436195,24,0.7247013002901136
uniform,pythia,pythia-410m,18,4,-0.13130434782608694,0.5408189353993529,24,0.7247013002901136
uniform,pythia,pythia-410m,17,3,-0.13130434782608694,0.5408189353993529,24,0.7247013002901136
uniform,pythia,pythia-410m,21,14,-0.11913043478260868,0.5792759020081251,24,0.7644053139901031
uniform,pythia,pythia-410m,17,9,-0.10956521739130433,0.610301978528463,24,0.780693395240004
uniform,pythia,pythia-410m,23,1,-0.10869565217391304,0.6131561977406331,24,0.780693395240004
uniform,pythia,pythia-410m,21,9,-0.10782608695652172,0.6160158821815657,24,0.780693395240004
uniform,pythia,pythia-410m,18,9,-0.1034782608695652,0.6303950708493536,24,0.7865673008111729
uniform,pythia,pythia-410m,23,15,-0.1026086956521739,0.6332868165639751,24,0.7865673008111729
uniform,pythia,pythia-410m,19,12,-0.08608695652173912,0.6891799258775776,24,0.8322172689842446
uniform,pythia,pythia-410m,19,11,-0.08347826086956521,0.6981606006787423,24,0.8339916943216252
uniform,pythia,pythia-410m,22,14,-0.08,0.710196052195759,24,0.8339916943216252
uniform,pythia,pythia-410m,16,12,-0.07478260869565216,0.7283751615575543,24,0.8475638243578814
uniform,pythia,pythia-410m,20,15,-0.06869565217391303,0.749764493394595,24,0.8516496018931669
uniform,pythia,pythia-410m,18,7,-0.06521739130434781,0.7620689398781239,24,0.8516496018931669
uniform,pythia,pythia-410m,19,15,-0.06521739130434781,0.7620689398781239,24,0.8516496018931669
uniform,pythia,pythia-410m,21,8,-0.05652173913043478,0.7930697839291404,24,0.8744568817649384
uniform,pythia,pythia-410m,16,4,-0.054782608695652164,0.799308243488264,24,0.8744568817649384
uniform,pythia,pythia-410m,16,9,-0.046956521739130425,0.8275237958648594,24,0.8976529311076441
uniform,pythia,pythia-410m,16,14,-0.03739130434782608,0.8622893584755253,24,0.9121738668170847
uniform,pythia,pythia-410m,17,7,-0.02608695652173913,0.903693217741266,24,0.940428714397415
uniform,pythia,pythia-410m,16,5,-0.02260869565217391,0.9164870430337817,24,0.9460511411961617
uniform,pythia,pythia-410m,20,8,-0.006956521739130434,0.9742640605332524,24,0.9819354310886323
uniform,pythia,pythia-410m,19,7,-0.006956521739130434,0.9742640605332524,24,0.9819354310886323
uniform,pythia,pythia-410m,21,13,-0.0008695652173913043,0.9967824967252694,24,0.9967824967252694
uniform,pythia,pythia-410m,20,1,0.011304347826086955,0.9581901628011082,24,0.9811867267083348
uniform,pythia,pythia-410m,21,0,0.03130434782608695,0.8845469556552951,24,0.9280492649498178
uniform,pythia,pythia-410m,16,3,0.03826086956521739,0.8591175903218993,24,0.9121738668170847
uniform,pythia,pythia-410m,19,5,0.04,0.8527804394339903,24,0.9121738668170847
uniform,pythia,pythia-410m,18,12,0.06434782608695652,0.7651539392008921,24,0.8516496018931669
uniform,pythia,pythia-410m,20,10,0.06782608695652173,0.75283518636882,24,0.8516496018931669
uniform,pythia,pythia-410m,19,8,0.08,0.710196052195759,24,0.8339916943216252
uniform,pythia,pythia-410m,16,11,0.09043478260869564,0.6743027582561099,24,0.822007171969353
uniform,pythia,pythia-410m,19,10,0.10086956521739131,0.6390859319090779,24,0.7865673008111729
uniform,pythia,pythia-410m,23,9,0.11652173913043477,0.587669032951115,24,0.7675677165075787
uniform,pythia,pythia-410m,18,15,0.13043478260869562,0.5435259752175852,24,0.7247013002901136
uniform,pythia,pythia-410m,17,5,0.13652173913043478,0.5247096194478428,24,0.7247013002901136
uniform,pythia,pythia-410m,16,10,0.13999999999999999,0.5140986909290426,24,0.7247013002901136
uniform,pythia,pythia-410m,19,3,0.19391304347826085,0.3639188559293712,24,0.6563606457381755
uniform,pythia,pythia-410m,19,1,0.248695652173913,0.24126176688795445,24,0.565445555247452
uniform,pythia,pythia-410m,16,8,0.27043478260869563,0.20121293703333998,24,0.521696686245048
uniform,pythia,pythia-410m,22,13,0.32695652173913037,0.11888708485840496,24,0.47746047309289247
uniform,pythia,pythia-410m,16,6,0.33999999999999997,0.1040379666981944,24,0.47746047309289247
uniform,pythia,pythia-6.9b,22,2,-0.677391304347826,0.0002767104364917353,24,0.06500987671071824
uniform,pythia,pythia-6.9b,25,19,-0.6634782608695651,0.00040886714912401407,24,0.06500987671071824
uniform,pythia,pythia-6.9b,22,14,-0.6286956521739131,0.0010003492233837039,24,0.10603701767867262
uniform,pythia,pythia-6.9b,25,25,-0.6139130434782608,0.0014180303842615035,24,0.11273341554878953
uniform,pythia,pythia-6.9b,26,31,-0.5973913043478261,0.002053436944803491,24,0.13059858968950205
uniform,pythia,pythia-6.9b,22,13,-0.5704347826086955,0.0036070460553329366,24,0.19117344093264566
uniform,pythia,pythia-6.9b,24,2,-0.5591304347826086,0.004505654150996758,24,0.20468543143099557
uniform,pythia,pythia-6.9b,23,30,-0.5478260869565217,0.005585606044072482,24,0.22202784025188116
uniform,pythia,pythia-6.9b,23,27,-0.5295652173913042,0.00778458960234077,24,0.25728760306604814
uniform,pythia,pythia-6.9b,27,18,-0.5121739130434783,0.010506432119033718,24,0.25728760306604814
uniform,pythia,pythia-6.9b,26,3,-0.5121739130434783,0.010506432119033718,24,0.25728760306604814
uniform,pythia,pythia-6.9b,23,22,-0.5052173913043477,0.011795445350401591,24,0.25728760306604814
uniform,pythia,pythia-6.9b,23,5,-0.5034782608695652,0.012137275539587164,24,0.25728760306604814
uniform,pythia,pythia-6.9b,30,3,-0.49999999999999994,0.012845420968005769,24,0.25728760306604814
uniform,pythia,pythia-6.9b,29,18,-0.49304347826086947,0.014363733768170043,24,0.25728760306604814
uniform,pythia,pythia-6.9b,25,14,-0.49304347826086947,0.014363733768170043,24,0.25728760306604814
uniform,pythia,pythia-6.9b,23,8,-0.49217391304347824,0.014563449230153668,24,0.25728760306604814
uniform,pythia,pythia-6.9b,29,11,-0.48521739130434777,0.016244462180402992,24,0.2653481567502872
uniform,pythia,pythia-6.9b,26,29,-0.4834782608695652,0.01668856331762813,24,0.2653481567502872
uniform,pythia,pythia-6.9b,22,5,-0.4782608695652173,0.01808063272650026,24,0.27190855803059993
uniform,pythia,pythia-6.9b,25,12,-0.4756521739130434,0.01881128388890943,24,0.27190855803059993
uniform,pythia,pythia-6.9b,30,14,-0.4660869565217391,0.021698354446997654,24,0.2949430590604165
uniform,pythia,pythia-6.9b,26,13,-0.45652173913043476,0.02493367131792297,24,0.3048120194652349
uniform,pythia,pythia-6.9b,28,26,-0.45652173913043476,0.02493367131792297,24,0.3048120194652349
uniform,pythia,pythia-6.9b,22,21,-0.4382608695652173,0.03218311150346187,24,0.3517150426931223
uniform,pythia,pythia-6.9b,31,23,-0.4356521739130434,0.03334324197929062,24,0.3517150426931223
uniform,pythia,pythia-6.9b,26,20,-0.43478260869565216,0.033737255575550254,24,0.3517150426931223
uniform,pythia,pythia-6.9b,22,7,-0.4321739130434783,0.034941536627697875,24,0.3517150426931223
uniform,pythia,pythia-6.9b,29,10,-0.4278260869565217,0.03702422793856043,24,0.3517150426931223
uniform,pythia,pythia-6.9b,30,7,-0.4269565217391304,0.03745231387529936,24,0.3517150426931223
uniform,pythia,pythia-6.9b,24,20,-0.4252173913043478,0.03832022472876959,24,0.3517150426931223
uniform,pythia,pythia-6.9b,23,21,-0.41913043478260864,0.04148369708784366,24,0.3517150426931223
uniform,pythia,pythia-6.9b,28,21,-0.41739130434782606,0.042424281562143853,24,0.3517150426931223
uniform,pythia,pythia-6.9b,30,1,-0.4156521739130434,0.043381548380330814,24,0.3517150426931223
uniform,pythia,pythia-6.9b,24,0,-0.4156521739130434,0.043381548380330814,24,0.3517150426931223
uniform,pythia,pythia-6.9b,26,11,-0.4130434782608695,0.0448491538998177,24,0.3517150426931223
uniform,pythia,pythia-6.9b,22,20,-0.4130434782608695,0.0448491538998177,24,0.3517150426931223
uniform,pythia,pythia-6.9b,23,10,-0.4121739130434783,0.04534690802018244,24,0.3517150426931223
uniform,pythia,pythia-6.9b,27,30,-0.40956521739130425,0.04686616926491315,24,0.354843853005771
uniform,pythia,pythia-6.9b,31,29,-0.39739130434782605,0.054489204144271323,24,0.39327683908387995
uniform,pythia,pythia-6.9b,27,14,-0.39739130434782605,0.054489204144271323,24,0.39327683908387995
uniform,pythia,pythia-6.9b,29,7,-0.3956521739130434,0.055652382889228295,24,0.39327683908387995
uniform,pythia,pythia-6.9b,29,12,-0.3930434782608695,0.057433088555270115,24,0.39703743827338905
uniform,pythia,pythia-6.9b,30,13,-0.38956521739130434,0.05987547937487061,24,0.4051149455576352
uniform,pythia,pythia-6.9b,23,13,-0.38608695652173913,0.06239715956765034,24,0.4133811821356835
uniform,pythia,pythia-6.9b,26,10,-0.38260869565217387,0.06499969935694097,24,0.41391775831687316
uniform,pythia,pythia-6.9b,22,12,-0.38,0.06700561062998242,24,0.41391775831687316
uniform,pythia,pythia-6.9b,30,25,-0.37913043478260866,0.06768466488200442,24,0.41391775831687316
uniform,pythia,pythia-6.9b,24,27,-0.37478260869565216,0.0711591600657471,24,0.42695496039448255
uniform,pythia,pythia-6.9b,31,11,-0.37304347826086953,0.07258638217608111,24,0.42745313948136654
uniform,pythia,pythia-6.9b,22,23,-0.36695652173913035,0.0777536160285957,24,0.43802518371599203
uniform,pythia,pythia-6.9b,25,0,-0.36695652173913035,0.0777536160285957,24,0.43802518371599203
uniform,pythia,pythia-6.9b,31,0,-0.3660869565217391,0.0785139480245646,24,0.43802518371599203
uniform,pythia,pythia-6.9b,31,7,-0.36173913043478256,0.08240024160942257,24,0.444123336132142
uniform,pythia,pythia-6.9b,24,22,-0.3565217391304348,0.08725310458309882,24,0.4616468838242149
uniform,pythia,pythia-6.9b,30,15,-0.35478260869565215,0.08891743107314606,24,0.4616468838242149
uniform,pythia,pythia-6.9b,24,23,-0.3530434782608695,0.0906054197072354,24,0.4616468838242149
uniform,pythia,pythia-6.9b,25,6,-0.3521739130434782,0.09145834490857088,24,0.4616468838242149
uniform,pythia,pythia-6.9b,22,6,-0.348695652173913,0.09493011884568243,24,0.4716840280144846
uniform,pythia,pythia-6.9b,23,26,-0.3460869565217391,0.09759766185158254,24,0.4774777918277423
uniform,pythia,pythia-6.9b,30,22,-0.34347826086956523,0.10032049069469841,24,0.48336236425627416
uniform,pythia,pythia-6.9b,28,11,-0.3417391304347826,0.10216672120818253,24,0.4849107066298813
uniform,pythia,pythia-6.9b,26,16,-0.33652173913043476,0.10785620119274743,24,0.5043863526366718
uniform,pythia,pythia-6.9b,31,19,-0.3304347826086956,0.11478470741054941,24,0.5064434527873748
uniform,pythia,pythia-6.9b,30,6,-0.32956521739130434,0.11580045288804075,24,0.5064434527873748
uniform,pythia,pythia-6.9b,22,18,-0.32956521739130434,0.11580045288804075,24,0.5064434527873748
uniform,pythia,pythia-6.9b,27,26,-0.3278260869565217,0.11785162108888596,24,0.5064434527873748
uniform,pythia,pythia-6.9b,25,3,-0.3278260869565217,0.11785162108888596,24,0.5064434527873748
uniform,pythia,pythia-6.9b,27,3,-0.32521739130434785,0.1209778735437234,24,0.5129461838253873
uniform,pythia,pythia-6.9b,30,20,-0.31913043478260866,0.12850627888142285,24,0.5196043902730213
uniform,pythia,pythia-6.9b,28,2,-0.3173913043478261,0.1307180856032758,24,0.5196043902730213
uniform,pythia,pythia-6.9b,24,13,-0.3173913043478261,0.1307180856032758,24,0.5196043902730213
uniform,pythia,pythia-6.9b,31,2,-0.3173913043478261,0.1307180856032758,24,0.5196043902730213
uniform,pythia,pythia-6.9b,24,19,-0.31565217391304345,0.1329572125391265,24,0.5199961920857831
uniform,pythia,pythia-6.9b,31,17,-0.31478260869565217,0.13408706839947865,24,0.5199961920857831
uniform,pythia,pythia-6.9b,25,2,-0.3121739130434782,0.13751802959214357,24,0.5268763061482127
uniform,pythia,pythia-6.9b,26,26,-0.3026086956521739,0.15063640962783914,24,0.5570043983913122
uniform,pythia,pythia-6.9b,27,10,-0.29217391304347823,0.1659324362656943,24,0.5682933417988665
uniform,pythia,pythia-6.9b,31,25,-0.29217391304347823,0.1659324362656943,24,0.5682933417988665
uniform,pythia,pythia-6.9b,23,7,-0.29130434782608694,0.16725434336435266,24,0.5682933417988665
uniform,pythia,pythia-6.9b,24,3,-0.288695652173913,0.17126415242206844,24,0.5682933417988665
uniform,pythia,pythia-6.9b,30,30,-0.2869565217391304,0.17397424190366442,24,0.5682933417988665
uniform,pythia,pythia-6.9b,29,24,-0.2869565217391304,0.17397424190366442,24,0.5682933417988665
uniform,pythia,pythia-6.9b,31,13,-0.28521739130434776,0.17671396904879355,24,0.5682933417988665
uniform,pythia,pythia-6.9b,26,2,-0.2843478260869565,0.1780949809531224,24,0.5682933417988665
uniform,pythia,pythia-6.9b,28,8,-0.2834782608695652,0.1794834429755076,24,0.5682933417988665
uniform,pythia,pythia-6.9b,29,6,-0.2826086956521739,0.18087936831931134,24,0.5682933417988665
uniform,pythia,pythia-6.9b,25,8,-0.2817391304347826,0.1822827700109572,24,0.5682933417988665
uniform,pythia,pythia-6.9b,24,9,-0.2817391304347826,0.1822827700109572,24,0.5682933417988665
uniform,pythia,pythia-6.9b,23,31,-0.27999999999999997,0.18511205365132619,24,0.5715110005934149
uniform,pythia,pythia-6.9b,28,15,-0.27478260869565213,0.19378063586855726,24,0.5764478736630821
uniform,pythia,pythia-6.9b,25,18,-0.27391304347826084,0.195251881074416,24,0.5764478736630821
uniform,pythia,pythia-6.9b,22,24,-0.27391304347826084,0.195251881074416,24,0.5764478736630821
uniform,pythia,pythia-6.9b,23,17,-0.27391304347826084,0.195251881074416,24,0.5764478736630821
uniform,pythia,pythia-6.9b,25,17,-0.2713043478260869,0.19971124015805522,24,0.5764478736630821
uniform,pythia,pythia-6.9b,24,18,-0.27043478260869563,0.20121293703333998,24,0.5764478736630821
uniform,pythia,pythia-6.9b,30,24,-0.26608695652173914,0.20883621481010184,24,0.5876983744213485
uniform,pythia,pythia-6.9b,29,31,-0.2626086956521739,0.21507317009837784,24,0.5999409481691592
uniform,pythia,pythia-6.9b,28,18,-0.25999999999999995,0.21983196016993545,24,0.6026427873624093
uniform,pythia,pythia-6.9b,29,1,-0.25999999999999995,0.21983196016993545,24,0.6026427873624093
uniform,pythia,pythia-6.9b,27,25,-0.2495652173913043,0.2395664805456787,24,0.6511294086626138
uniform,pythia,pythia-6.9b,22,1,-0.2434782608695652,0.2515981618428429,24,0.6780357242883394
uniform,pythia,pythia-6.9b,29,2,-0.24,0.2586462405460084,24,0.6854125374469222
uniform,pythia,pythia-6.9b,24,1,-0.23826086956521736,0.2622175095216363,24,0.688170144803268
uniform,pythia,pythia-6.9b,24,28,-0.23739130434782607,0.2640149612138324,24,0.688170144803268
uniform,pythia,pythia-6.9b,24,24,-0.23478260869565212,0.26945461176954527,24,0.6948184907654879
uniform,pythia,pythia-6.9b,22,19,-0.23304347826086955,0.27312047592983013,24,0.6948184907654879
uniform,pythia,pythia-6.9b,24,10,-0.23304347826086955,0.27312047592983013,24,0.6948184907654879
uniform,pythia,pythia-6.9b,22,28,-0.2295652173913043,0.28054687940936796,24,0.7080468861284048
uniform,pythia,pythia-6.9b,25,30,-0.2278260869565217,0.28430742700718314,24,0.7110269752396924
uniform,pythia,pythia-6.9b,31,18,-0.2269565217391304,0.2861995372033982,24,0.7110269752396924
uniform,pythia,pythia-6.9b,24,31,-0.22434782608695653,0.2919232059452401,24,0.713307672643387
uniform,pythia,pythia-6.9b,31,28,-0.22347826086956518,0.2938468714348544,24,0.713307672643387
uniform,pythia,pythia-6.9b,23,25,-0.22347826086956518,0.2938468714348544,24,0.713307672643387
uniform,pythia,pythia-6.9b,24,26,-0.21652173913043476,0.30951989756230047,24,0.7345322942150115
uniform,pythia,pythia-6.9b,31,14,-0.21391304347826084,0.3155271306915456,24,0.7370758414562815
uniform,pythia,pythia-6.9b,31,22,-0.21304347826086956,0.31754525245129106,24,0.7370758414562815
uniform,pythia,pythia-6.9b,23,20,-0.20869565217391303,0.32775348376704777,24,0.7552580278110231
uniform,pythia,pythia-6.9b,25,21,-0.1973913043478261,0.3552078904108177,24,0.7954655573988734
uniform,pythia,pythia-6.9b,29,13,-0.19565217391304346,0.35954796323422916,24,0.7981116978313105
uniform,pythia,pythia-6.9b,26,12,-0.19391304347826085,0.3639188559293712,24,0.7981116978313105
uniform,pythia,pythia-6.9b,22,29,-0.19217391304347822,0.3683204887556275,24,0.8022322974266407
uniform,pythia,pythia-6.9b,22,26,-0.18956521739130433,0.374980391143915,24,0.8057011107011146
uniform,pythia,pythia-6.9b,24,7,-0.18956521739130433,0.374980391143915,24,0.8057011107011146
uniform,pythia,pythia-6.9b,23,23,-0.1869565217391304,0.3817089686350579,24,0.8122232843510467
uniform,pythia,pythia-6.9b,24,12,-0.1843478260869565,0.38850589974170063,24,0.8122232843510467
uniform,pythia,pythia-6.9b,28,22,-0.1843478260869565,0.38850589974170063,24,0.8122232843510467
uniform,pythia,pythia-6.9b,30,5,-0.18347826086956517,0.3907866745462583,24,0.8122232843510467
uniform,pythia,pythia-6.9b,31,8,-0.18086956521739128,0.39767420741690407,24,0.8195675499290206
uniform,pythia,pythia-6.9b,31,9,-0.18,0.399985075450615,24,0.8195675499290206
uniform,pythia,pythia-6.9b,30,4,-0.17913043478260868,0.40230343183605966,24,0.8195675499290206
uniform,pythia,pythia-6.9b,24,14,-0.1782608695652174,0.4046292620718749,24,0.8195675499290206
uniform,pythia,pythia-6.9b,31,27,-0.17478260869565218,0.41400702240858334,24,0.8280140448171667
uniform,pythia,pythia-6.9b,30,23,-0.17478260869565218,0.41400702240858334,24,0.8280140448171667
uniform,pythia,pythia-6.9b,25,28,-0.17304347826086955,0.41874034957223477,24,0.8322464447748166
uniform,pythia,pythia-6.9b,25,16,-0.17130434782608694,0.42350313678440443,24,0.8355698750204992
uniform,pythia,pythia-6.9b,25,27,-0.1695652173913043,0.4282952504035892,24,0.8355698750204992
uniform,pythia,pythia-6.9b,24,16,-0.16695652173913042,0.4355381053206145,24,0.8378953155002906
uniform,pythia,pythia-6.9b,23,4,-0.1660869565217391,0.4379669016082391,24,0.8378953155002906
uniform,pythia,pythia-6.9b,22,22,-0.16347826086956518,0.4452965670426073,24,0.8378953155002906
uniform,pythia,pythia-6.9b,23,14,-0.1591304347826087,0.45765578201494633,24,0.8455310985577542
uniform,pythia,pythia-6.9b,22,27,-0.15739130434782608,0.46264909166367685,24,0.8455310985577542
uniform,pythia,pythia-6.9b,29,9,-0.15739130434782608,0.46264909166367685,24,0.8455310985577542
uniform,pythia,pythia-6.9b,22,4,-0.15565217391304348,0.4676705101638169,24,0.8490510096654735
uniform,pythia,pythia-6.9b,29,4,-0.15391304347826085,0.4727198668976152,24,0.8490510096654735
uniform,pythia,pythia-6.9b,24,4,-0.15304347826086956,0.4752549676743846,24,0.8490510096654735
uniform,pythia,pythia-6.9b,29,15,-0.15130434782608695,0.4803459029793671,24,0.8520681248392712
uniform,pythia,pythia-6.9b,30,26,-0.1469565217391304,0.493193122110666,24,0.8520681248392712
uniform,pythia,pythia-6.9b,25,20,-0.1452173913043478,0.49837946924561144,24,0.8520681248392712
uniform,pythia,pythia-6.9b,29,27,-0.1452173913043478,0.49837946924561144,24,0.8520681248392712
uniform,pythia,pythia-6.9b,28,10,-0.1452173913043478,0.49837946924561144,24,0.8520681248392712
uniform,pythia,pythia-6.9b,26,27,-0.13999999999999999,0.5140986909290426,24,0.860438861660187
uniform,pythia,pythia-6.9b,29,30,-0.13999999999999999,0.5140986909290426,24,0.860438861660187
uniform,pythia,pythia-6.9b,22,9,-0.13999999999999999,0.5140986909290426,24,0.860438861660187
uniform,pythia,pythia-6.9b,27,22,-0.13652173913043478,0.5247096194478428,24,0.8736003088189215
uniform,pythia,pythia-6.9b,27,16,-0.13304347826086957,0.5354237325436195,24,0.8770700973376698
uniform,pythia,pythia-6.9b,28,1,-0.1269565217391304,0.5544163873133454,24,0.8770700973376698
uniform,pythia,pythia-6.9b,28,17,-0.1269565217391304,0.5544163873133454,24,0.8770700973376698
uniform,pythia,pythia-6.9b,29,21,-0.1269565217391304,0.5544163873133454,24,0.8770700973376698
uniform,pythia,pythia-6.9b,23,18,-0.1252173913043478,0.559898535790483,24,0.8770700973376698
uniform,pythia,pythia-6.9b,24,30,-0.1208695652173913,0.5737097351958669,24,0.8780460740138366
uniform,pythia,pythia-6.9b,27,19,-0.11913043478260868,0.5792759020081251,24,0.8780460740138366
uniform,pythia,pythia-6.9b,31,15,-0.11913043478260868,0.5792759020081251,24,0.8780460740138366
uniform,pythia,pythia-6.9b,25,10,-0.11739130434782606,0.5848655143600633,24,0.8780460740138366
uniform,pythia,pythia-6.9b,25,24,-0.11739130434782606,0.5848655143600633,24,0.8780460740138366
uniform,pythia,pythia-6.9b,27,17,-0.11652173913043477,0.587669032951115,24,0.8780460740138366
uniform,pythia,pythia-6.9b,22,16,-0.11652173913043477,0.587669032951115,24,0.8780460740138366
uniform,pythia,pythia-6.9b,31,5,-0.11391304347826085,0.5961140506694131,24,0.8780460740138366
uniform,pythia,pythia-6.9b,25,1,-0.11217391304347826,0.6017724532672231,24,0.8780460740138366
uniform,pythia,pythia-6.9b,26,24,-0.11043478260869564,0.6074532587517109,24,0.8780460740138366
uniform,pythia,pythia-6.9b,29,19,-0.11043478260869564,0.6074532587517109,24,0.8780460740138366
uniform,pythia,pythia-6.9b,27,24,-0.10434782608695652,0.6275085807240484,24,0.8913566945047666
uniform,pythia,pythia-6.9b,29,26,-0.10434782608695652,0.6275085807240484,24,0.8913566945047666
uniform,pythia,pythia-6.9b,27,23,-0.10086956521739131,0.6390859319090779,24,0.8913566945047666
uniform,pythia,pythia-6.9b,31,20,-0.10086956521739131,0.6390859319090779,24,0.8913566945047666
uniform,pythia,pythia-6.9b,26,25,-0.10086956521739131,0.6390859319090779,24,0.8913566945047666
uniform,pythia,pythia-6.9b,30,0,-0.09913043478260869,0.6449056390307348,24,0.8955458218854746
uniform,pythia,pythia-6.9b,28,9,-0.09739130434782609,0.6507456469889162,24,0.8997265901846755
uniform,pythia,pythia-6.9b,31,30,-0.09565217391304347,0.6566056616723346,24,0.9038987030813957
uniform,pythia,pythia-6.9b,24,15,-0.09391304347826085,0.6624853858393348,24,0.9078700190580093
uniform,pythia,pythia-6.9b,25,5,-0.09304347826086956,0.6654325452454302,24,0.9078700190580093
uniform,pythia,pythia-6.9b,23,29,-0.09043478260869564,0.6743027582561099,24,0.9078700190580093
uniform,pythia,pythia-6.9b,23,16,-0.08956521739130434,0.6772689468428974,24,0.9078700190580093
uniform,pythia,pythia-6.9b,30,17,-0.08782608695652173,0.6832152692148052,24,0.9078700190580093
uniform,pythia,pythia-6.9b,22,30,-0.08782608695652173,0.6832152692148052,24,0.9078700190580093
uniform,pythia,pythia-6.9b,26,17,-0.08695652173913042,0.6861953252985288,24,0.9078700190580093
uniform,pythia,pythia-6.9b,25,31,-0.08434782608695651,0.69516260313585,24,0.9078700190580093
uniform,pythia,pythia-6.9b,23,11,-0.08086956521739129,0.7071807504682381,24,0.9078700190580093
uniform,pythia,pythia-6.9b,27,0,-0.08,0.710196052195759,24,0.9078700190580093
uniform,pythia,pythia-6.9b,26,0,-0.08,0.710196052195759,24,0.9078700190580093
uniform,pythia,pythia-6.9b,23,9,-0.07913043478260869,0.7132155791016113,24,0.9078700190580093
uniform,pythia,pythia-6.9b,25,22,-0.07739130434782608,0.7192671455433247,24,0.9078700190580093
uniform,pythia,pythia-6.9b,28,0,-0.07652173913043478,0.7222991032128188,24,0.9078700190580093
uniform,pythia,pythia-6.9b,28,20,-0.07652173913043478,0.7222991032128188,24,0.9078700190580093
uniform,pythia,pythia-6.9b,28,6,-0.07565217391304348,0.725335122330957,24,0.9080967279576548
uniform,pythia,pythia-6.9b,27,29,-0.07478260869565216,0.7283751615575543,24,0.9083266720600089
uniform,pythia,pythia-6.9b,22,0,-0.07130434782608694,0.7405746871767944,24,0.9163531148724537
uniform,pythia,pythia-6.9b,27,8,-0.06869565217391303,0.749764493394595,24,0.9189127052462842
uniform,pythia,pythia-6.9b,25,26,-0.06608695652173913,0.7589874525518234,24,0.9189127052462842
uniform,pythia,pythia-6.9b,31,4,-0.06521739130434781,0.7620689398781239,24,0.9189127052462842
uniform,pythia,pythia-6.9b,29,17,-0.06434782608695652,0.7651539392008921,24,0.9189127052462842
uniform,pythia,pythia-6.9b,22,17,-0.06434782608695652,0.7651539392008921,24,0.9189127052462842
uniform,pythia,pythia-6.9b,26,22,-0.0634782608695652,0.7682424072237529,24,0.9189127052462842
uniform,pythia,pythia-6.9b,24,8,-0.06173913043478261,0.7744295754905792,24,0.9189127052462842
uniform,pythia,pythia-6.9b,26,28,-0.06173913043478261,0.7744295754905792,24,0.9189127052462842
uniform,pythia,pythia-6.9b,22,8,-0.06173913043478261,0.7744295754905792,24,0.9189127052462842
uniform,pythia,pythia-6.9b,25,23,-0.04869565217391304,0.8212344730022532,24,0.94964568150806
uniform,pythia,pythia-6.9b,30,31,-0.04521739130434782,0.8338234219848106,24,0.9537980150761501
uniform,pythia,pythia-6.9b,27,27,-0.04347826086956521,0.8401329841149333,24,0.9546912286583357
uniform,pythia,pythia-6.9b,31,16,-0.041739130434782605,0.8464521133997217,24,0.9546912286583357
uniform,pythia,pythia-6.9b,27,5,-0.040869565217391296,0.8496151500324183,24,0.9546912286583357
uniform,pythia,pythia-6.9b,23,19,-0.03652173913043478,0.8654631927363388,24,0.9656747203163359
uniform,pythia,pythia-6.9b,23,1,-0.03565217391304347,0.8686390462246146,24,0.9658294290189772
uniform,pythia,pythia-6.9b,30,27,-0.034782608695652174,0.8718168719786574,24,0.9659852449101501
uniform,pythia,pythia-6.9b,25,4,-0.033913043478260865,0.8749966229566862,24,0.9661421045146744
uniform,pythia,pythia-6.9b,24,17,-0.029565217391304344,0.8909226043767047,24,0.9803231425321527
uniform,pythia,pythia-6.9b,22,11,-0.02695652173913043,0.9004982689028821,24,0.9809214229009324
uniform,pythia,pythia-6.9b,23,12,-0.025217391304347827,0.9068896173989752,24,0.9809214229009324
uniform,pythia,pythia-6.9b,29,3,-0.020869565217391303,0.92289170312162,24,0.9849446991441465
uniform,pythia,pythia-6.9b,22,25,-0.02,0.9260958020254711,24,0.9849446991441465
uniform,pythia,pythia-6.9b,27,13,-0.017391304347826087,0.9357145967179171,24,0.9885622649710885
uniform,pythia,pythia-6.9b,29,29,-0.01652173913043478,0.9389228669455103,24,0.9886671247969281
uniform,pythia,pythia-6.9b,24,25,-0.015652173913043476,0.9421320594035385,24,0.9887722603641097
uniform,pythia,pythia-6.9b,24,11,-0.011304347826086955,0.9581901628011082,24,0.9932840610848934
uniform,pythia,pythia-6.9b,23,28,-0.011304347826086955,0.9581901628011082,24,0.9932840610848934
uniform,pythia,pythia-6.9b,26,23,-0.006956521739130434,0.9742640605332524,24,0.9932840610848934
uniform,pythia,pythia-6.9b,25,13,-0.006956521739130434,0.9742640605332524,24,0.9932840610848934
uniform,pythia,pythia-6.9b,26,8,-0.00608695652173913,0.9774802016477157,24,0.9932840610848934
uniform,pythia,pythia-6.9b,27,11,-0.004347826086956522,0.9839134567350358,24,0.9932840610848934
uniform,pythia,pythia-6.9b,23,6,-0.004347826086956522,0.9839134567350358,24,0.9932840610848934
uniform,pythia,pythia-6.9b,29,23,-0.003478260869565217,0.9871304734643621,24,0.9933781346888201
uniform,pythia,pythia-6.9b,26,1,-0.0008695652173913043,0.9967824967252694,24,0.9999269210051598
uniform,pythia,pythia-6.9b,26,19,0.0,1.0,24,1.0
uniform,pythia,pythia-6.9b,30,11,0.004347826086956522,0.9839134567350358,24,0.9932840610848934
uniform,pythia,pythia-6.9b,31,12,0.00608695652173913,0.9774802016477157,24,0.9932840610848934
uniform,pythia,pythia-6.9b,30,2,0.00608695652173913,0.9774802016477157,24,0.9932840610848934
uniform,pythia,pythia-6.9b,24,29,0.010434782608695651,0.9614038727773804,24,0.9932840610848934
uniform,pythia,pythia-6.9b,30,19,0.01217391304347826,0.9549770846497846,24,0.9932840610848934
uniform,pythia,pythia-6.9b,27,9,0.01826086956521739,0.9325072970015154,24,0.9884577348216063
uniform,pythia,pythia-6.9b,28,23,0.02,0.9260958020254711,24,0.9849446991441465
uniform,pythia,pythia-6.9b,22,3,0.021739130434782605,0.9196887674366273,24,0.9849446991441465
uniform,pythia,pythia-6.9b,29,0,0.02260869565217391,0.9164870430337817,24,0.9849446991441465
uniform,pythia,pythia-6.9b,31,26,0.025217391304347827,0.9068896173989752,24,0.9809214229009324
uniform,pythia,pythia-6.9b,25,15,0.02608695652173913,0.903693217741266,24,0.9809214229009324
uniform,pythia,pythia-6.9b,27,15,0.02869565217391304,0.8941129145750657,24,0.9804410580512789
uniform,pythia,pythia-6.9b,28,29,0.04,0.8527804394339903,24,0.954873872323975
uniform,pythia,pythia-6.9b,25,29,0.040869565217391296,0.8496151500324183,24,0.9546912286583357
uniform,pythia,pythia-6.9b,28,4,0.040869565217391296,0.8496151500324183,24,0.9546912286583357
uniform,pythia,pythia-6.9b,26,30,0.04608695652173912,0.8306723439322353,24,0.9536238461027106
uniform,pythia,pythia-6.9b,23,0,0.046956521739130425,0.8275237958648594,24,0.9534513300182076
uniform,pythia,pythia-6.9b,27,6,0.049565217391304345,0.8180937896030709,24,0.9494665149407904
uniform,pythia,pythia-6.9b,28,7,0.050434782608695654,0.8149558189775675,24,0.9492891957321117
uniform,pythia,pythia-6.9b,23,15,0.05130434782608695,0.8118206065534153,24,0.9491137973675957
uniform,pythia,pythia-6.9b,23,2,0.05565217391304347,0.7961874995255512,24,0.9342716784100564
uniform,pythia,pythia-6.9b,27,2,0.05739130434782608,0.7899551413098405,24,0.9303916108760343
uniform,pythia,pythia-6.9b,26,15,0.05739130434782608,0.7899551413098405,24,0.9303916108760343
uniform,pythia,pythia-6.9b,29,16,0.06173913043478261,0.7744295754905792,24,0.9189127052462842
uniform,pythia,pythia-6.9b,28,13,0.0626086956521739,0.7713343005112614,24,0.9189127052462842
uniform,pythia,pythia-6.9b,26,14,0.07130434782608694,0.7405746871767944,24,0.9163531148724537
uniform,pythia,pythia-6.9b,24,6,0.07652173913043478,0.7222991032128188,24,0.9078700190580093
uniform,pythia,pythia-6.9b,29,14,0.08086956521739129,0.7071807504682381,24,0.9078700190580093
uniform,pythia,pythia-6.9b,28,19,0.0826086956521739,0.7011629844471833,24,0.9078700190580093
uniform,pythia,pythia-6.9b,27,4,0.08347826086956521,0.6981606006787423,24,0.9078700190580093
uniform,pythia,pythia-6.9b,29,8,0.08521739130434783,0.6921690316499881,24,0.9078700190580093
uniform,pythia,pythia-6.9b,26,5,0.08608695652173912,0.6891799258775776,24,0.9078700190580093
uniform,pythia,pythia-6.9b,26,18,0.08956521739130434,0.6772689468428974,24,0.9078700190580093
uniform,pythia,pythia-6.9b,24,21,0.10086956521739131,0.6390859319090779,24,0.8913566945047666
uniform,pythia,pythia-6.9b,27,7,0.10173913043478258,0.6361837822056855,24,0.8913566945047666
uniform,pythia,pythia-6.9b,25,11,0.10956521739130433,0.610301978528463,24,0.8781720777015893
uniform,pythia,pythia-6.9b,31,10,0.11043478260869564,0.6074532587517109,24,0.8780460740138366
uniform,pythia,pythia-6.9b,27,20,0.11130434782608695,0.6046100724044845,24,0.8780460740138366
uniform,pythia,pythia-6.9b,30,12,0.11130434782608695,0.6046100724044845,24,0.8780460740138366
uniform,pythia,pythia-6.9b,25,7,0.11217391304347826,0.6017724532672231,24,0.8780460740138366
uniform,pythia,pythia-6.9b,22,31,0.11391304347826085,0.5961140506694131,24,0.8780460740138366
uniform,pythia,pythia-6.9b,29,20,0.1243478260869565,0.5626487416883165,24,0.8770700973376698
uniform,pythia,pythia-6.9b,28,25,0.12608695652173912,0.5571544076689684,24,0.8770700973376698
uniform,pythia,pythia-6.9b,28,12,0.12782608695652173,0.5516845044816036,24,0.8770700973376698
uniform,pythia,pythia-6.9b,27,28,0.12869565217391304,0.5489587886992761,24,0.8770700973376698
uniform,pythia,pythia-6.9b,26,4,0.12956521739130433,0.546239269258583,24,0.8770700973376698
uniform,pythia,pythia-6.9b,29,5,0.12956521739130433,0.546239269258583,24,0.8770700973376698
uniform,pythia,pythia-6.9b,27,31,0.13217391304347825,0.5381181783911482,24,0.8770700973376698
uniform,pythia,pythia-6.9b,26,6,0.13478260869565215,0.5300538865453849,24,0.8770700973376698
uniform,pythia,pythia-6.9b,28,16,0.14260869565217388,0.506209233952854,24,0.860438861660187
uniform,pythia,pythia-6.9b,22,10,0.14782608695652172,0.49061007074296015,24,0.8520681248392712
uniform,pythia,pythia-6.9b,30,21,0.14869565217391303,0.4880337995507246,24,0.8520681248392712
uniform,pythia,pythia-6.9b,23,3,0.14956521739130432,0.4854643322541819,24,0.8520681248392712
uniform,pythia,pythia-6.9b,28,24,0.15391304347826085,0.4727198668976152,24,0.8490510096654735
uniform,pythia,pythia-6.9b,23,24,0.16086956521739126,0.452690747765674,24,0.8418459519852884
uniform,pythia,pythia-6.9b,31,1,0.16173913043478258,0.45021888484637074,24,0.8418459519852884
uniform,pythia,pythia-6.9b,28,30,0.16347826086956518,0.4452965670426073,24,0.8378953155002906
uniform,pythia,pythia-6.9b,28,28,0.1643478260869565,0.4428461512393397,24,0.8378953155002906
uniform,pythia,pythia-6.9b,31,24,0.16695652173913042,0.4355381053206145,24,0.8378953155002906
uniform,pythia,pythia-6.9b,27,21,0.1695652173913043,0.4282952504035892,24,0.8355698750204992
uniform,pythia,pythia-6.9b,31,31,0.18521739130434778,0.3862326819021752,24,0.8122232843510467
uniform,pythia,pythia-6.9b,30,28,0.19478260869565217,0.36172956198490885,24,0.7981116978313105
uniform,pythia,pythia-6.9b,27,1,0.1973913043478261,0.3552078904108177,24,0.7954655573988734
uniform,pythia,pythia-6.9b,26,9,0.2052173913043478,0.3360608896745526,24,0.7633383065464838
uniform,pythia,pythia-6.9b,31,21,0.20608695652173914,0.3339723271430128,24,0.7633383065464838
uniform,pythia,pythia-6.9b,25,9,0.21478260869565213,0.3135168615028437,24,0.7370758414562815
uniform,pythia,pythia-6.9b,30,29,0.21652173913043476,0.30951989756230047,24,0.7345322942150115
uniform,pythia,pythia-6.9b,28,5,0.2208695652173913,0.2996651742301719,24,0.7219206470090506
uniform,pythia,pythia-6.9b,26,21,0.2417391304347826,0.2551064662177334,24,0.6817130777919262
uniform,pythia,pythia-6.9b,28,31,0.2678260869565217,0.20576390509564654,24,0.5842225162537107
uniform,pythia,pythia-6.9b,30,16,0.2721739130434782,0.198217172315479,24,0.5764478736630821
uniform,pythia,pythia-6.9b,30,18,0.2721739130434782,0.198217172315479,24,0.5764478736630821
uniform,pythia,pythia-6.9b,30,8,0.2817391304347826,0.1822827700109572,24,0.5682933417988665
uniform,pythia,pythia-6.9b,26,7,0.2860869565217391,0.1753403938834693,24,0.5682933417988665
uniform,pythia,pythia-6.9b,29,22,0.3,0.15436300913601078,24,0.5578117830142207
uniform,pythia,pythia-6.9b,27,12,0.3008695652173913,0.15311364746090092,24,0.5578117830142207
uniform,pythia,pythia-6.9b,31,6,0.3026086956521739,0.15063640962783914,24,0.5570043983913122
uniform,pythia,pythia-6.9b,24,5,0.3060869565217391,0.1457674095865942,24,0.5518337648635352
uniform,pythia,pythia-6.9b,31,3,0.32,0.12741057282041737,24,0.5196043902730213
uniform,pythia,pythia-6.9b,29,28,0.3278260869565217,0.11785162108888596,24,0.5064434527873748
uniform,pythia,pythia-6.9b,22,15,0.3643478260869565,0.08005146755932814,24,0.4389028738597646
uniform,pythia,pythia-6.9b,28,14,0.3808695652173913,0.06633178121385934,24,0.41391775831687316
uniform,pythia,pythia-6.9b,30,10,0.4539130434782608,0.02588026580365202,24,0.3048120194652349
uniform,pythia,pythia-6.9b,29,25,0.46434782608695646,0.022259853513993698,24,0.2949430590604165
uniform,pythia,pythia-6.9b,28,27,0.497391304347826,0.013398524953480467,24,0.25728760306604814
uniform,pythia,pythia-6.9b,28,3,,,24,
uniform,pythia,pythia-6.9b,30,9,,,24,
