family,model,condition,compound,in_frequency_set,word1_tokens,word2_tokens,compound_tokens,word1_spans,word2_spans,word1_pieces,word2_pieces
gpt2,gpt2,natural,screen_reader,True,1,1,2,1,1,"["" screen""]","["" reader""]"
gpt2,gpt2,natural,alt_text,True,1,1,2,1,1,"["" alt""]","["" text""]"
gpt2,gpt2,natural,skip_link,True,1,1,2,1,1,"["" skip""]","["" link""]"
gpt2,gpt2,natural,color_contrast,True,1,1,2,1,1,"[""Color""]","["" contrast""]"
gpt2,gpt2,natural,keyboard_navigation,True,2,1,3,1,1,"[""Key"", ""board""]","["" navigation""]"
gpt2,gpt2,natural,closed_captions,True,2,2,4,1,1,"[""Cl"", ""osed""]","["" capt"", ""ions""]"
gpt2,gpt2,natural,focus_indicator,True,1,1,2,1,1,"["" focus""]","["" indicator""]"
gpt2,gpt2,natural,semantic_html,True,2,1,3,1,1,"[""Sem"", ""antic""]","["" HTML""]"
gpt2,gpt2,natural,form_label,False,1,1,2,1,1,"["" form""]","["" label""]"
gpt2,gpt2,natural,link_text,False,1,1,2,1,1,"[""Link""]","["" text""]"
gpt2,gpt2,natural,page_title,False,1,1,2,1,1,"["" page""]","["" title""]"
gpt2,gpt2,natural,keyboard_interaction,True,1,1,2,1,1,"["" keyboard""]","["" interaction""]"
gpt2,gpt2,natural,section_heading,True,1,1,2,1,1,"["" section""]","["" heading""]"
gpt2,gpt2,natural,text_alternative,True,1,1,2,1,1,"["" text""]","["" alternative""]"
gpt2,gpt2,natural,audio_description,True,1,1,2,1,1,"["" audio""]","["" description""]"
gpt2,gpt2,natural,sign_language,True,1,1,2,1,1,"[""Sign""]","["" language""]"
gpt2,gpt2,natural,sensory_characteristics,True,3,1,4,1,1,"[""S"", ""ens"", ""ory""]","["" characteristics""]"
gpt2,gpt2,natural,input_purpose,True,1,1,2,1,1,"["" input""]","["" purpose""]"
gpt2,gpt2,natural,target_size,True,1,1,2,1,1,"["" target""]","["" size""]"
gpt2,gpt2,natural,touch_target,True,1,1,2,1,1,"["" touch""]","["" target""]"
gpt2,gpt2,natural,drag_movement,True,1,1,2,1,1,"["" drag""]","["" movement""]"
gpt2,gpt2,natural,focus_appearance,True,1,1,2,1,1,"["" focus""]","["" appearance""]"
gpt2,gpt2,natural,consistent_help,True,2,1,3,1,1,"[""Cons"", ""istent""]","["" help""]"
gpt2,gpt2,natural,redundant_entry,True,1,1,2,1,1,"["" redundant""]","["" entry""]"
gpt2,gpt2,natural,accessible_authentication,True,2,1,3,1,1,"[""Access"", ""ible""]","["" authentication""]"
gpt2,gpt2,natural,text_spacing,True,1,1,2,1,1,"[""Text""]","["" spacing""]"
gpt2,gpt2,natural,status_message,True,1,1,2,1,1,"["" status""]","["" message""]"
gpt2,gpt2,natural,error_identification,True,1,1,2,1,1,"[""Error""]","["" identification""]"
gpt2,gpt2,natural,pointer_cancellation,True,2,1,3,1,1,"[""Po"", ""inter""]","["" cancellation""]"
gpt2,gpt2,natural,character_key,True,1,1,2,1,1,"["" character""]","["" key""]"
gpt2,gpt2,natural,accessibility_tree,True,1,1,2,1,1,"["" accessibility""]","["" tree""]"
gpt2,gpt2,natural,accessible_name,True,1,1,2,1,1,"["" accessible""]","["" name""]"
gpt2,gpt2,natural,accessible_description,True,1,1,2,1,1,"["" accessible""]","["" description""]"
gpt2,gpt2,natural,live_region,True,1,1,2,1,1,"["" live""]","["" region""]"
gpt2,gpt2,natural,tab_panel,True,1,1,2,1,1,"["" tab""]","["" panel""]"
gpt2,gpt2,natural,radio_group,True,1,1,2,1,1,"["" radio""]","["" group""]"
gpt2,gpt2,natural,tree_grid,True,1,1,2,1,1,"["" tree""]","["" grid""]"
gpt2,gpt2,natural,menu_bar,True,1,1,2,1,1,"["" menu""]","["" bar""]"
gpt2,gpt2,natural,tool_tip,True,1,1,2,1,1,"["" tool""]","["" tip""]"
gpt2,gpt2,natural,combo_box,True,1,1,2,1,1,"["" combo""]","["" box""]"
gpt2,gpt2,natural,semantic_markup,True,2,1,3,1,1,"[""Sem"", ""antic""]","["" markup""]"
gpt2,gpt2,natural,focus_management,True,1,1,2,1,1,"[""Focus""]","["" management""]"
gpt2,gpt2,natural,reading_order,True,1,1,2,1,1,"[""Reading""]","["" order""]"
gpt2,gpt2,natural,text_formatting,True,1,1,2,1,1,"[""Text""]","["" formatting""]"
gpt2,gpt2,natural,form_field,True,1,1,2,1,1,"["" form""]","["" field""]"
gpt2,gpt2,natural,landmark_region,True,1,1,2,1,1,"["" landmark""]","["" region""]"
gpt2,gpt2,natural,low_vision,True,1,1,2,1,1,"[""Low""]","["" vision""]"
gpt2,gpt2,natural,cognitive_disabilities,True,2,1,3,1,1,"[""C"", ""ognitive""]","["" disabilities""]"
gpt2,gpt2,natural,universal_design,True,1,1,2,1,1,"[""Universal""]","["" design""]"
gpt2,gpt2,natural,decorative_image,True,1,1,2,1,1,"["" decorative""]","["" image""]"
gpt2,gpt2,natural,informative_image,True,1,1,2,1,1,"["" informative""]","["" image""]"
gpt2,gpt2,natural,responsive_design,True,3,1,4,1,1,"[""Resp"", ""ons"", ""ive""]","["" design""]"
gpt2,gpt2,natural,empty_link,False,1,1,2,1,1,"["" empty""]","["" link""]"
gpt2,gpt2,uniform,screen_reader,True,1,1,2,1,1,"["" screen""]","["" reader""]"
gpt2,gpt2,uniform,alt_text,True,1,1,2,1,1,"["" alt""]","["" text""]"
gpt2,gpt2,uniform,skip_link,True,1,1,2,1,1,"["" skip""]","["" link""]"
gpt2,gpt2,uniform,color_contrast,True,1,1,2,1,1,"["" color""]","["" contrast""]"
gpt2,gpt2,uniform,keyboard_navigation,True,1,1,2,1,1,"["" keyboard""]","["" navigation""]"
gpt2,gpt2,uniform,closed_captions,True,1,2,3,1,1,"["" closed""]","["" capt"", ""ions""]"
gpt2,gpt2,uniform,focus_indicator,True,1,1,2,1,1,"["" focus""]","["" indicator""]"
gpt2,gpt2,uniform,semantic_html,True,1,1,2,1,1,"["" semantic""]","["" HTML""]"
gpt2,gpt2,uniform,form_label,False,1,1,2,1,1,"["" form""]","["" label""]"
gpt2,gpt2,uniform,link_text,False,1,1,2,1,1,"["" link""]","["" text""]"
gpt2,gpt2,uniform,page_title,False,1,1,2,1,1,"["" page""]","["" title""]"
gpt2,gpt2,uniform,keyboard_interaction,True,1,1,2,1,1,"["" keyboard""]","["" interaction""]"
gpt2,gpt2,uniform,section_heading,True,1,1,2,1,1,"["" section""]","["" heading""]"
gpt2,gpt2,uniform,text_alternative,True,1,1,2,1,1,"["" text""]","["" alternative""]"
gpt2,gpt2,uniform,audio_description,True,1,1,2,1,1,"["" audio""]","["" description""]"
gpt2,gpt2,uniform,sign_language,True,1,1,2,1,1,"["" sign""]","["" language""]"
gpt2,gpt2,uniform,sensory_characteristics,True,1,1,2,1,1,"["" sensory""]","["" characteristics""]"
gpt2,gpt2,uniform,input_purpose,True,1,1,2,1,1,"["" input""]","["" purpose""]"
gpt2,gpt2,uniform,target_size,True,1,1,2,1,1,"["" target""]","["" size""]"
gpt2,gpt2,uniform,touch_target,True,1,1,2,1,1,"["" touch""]","["" target""]"
gpt2,gpt2,uniform,drag_movement,True,1,1,2,1,1,"["" drag""]","["" movement""]"
gpt2,gpt2,uniform,focus_appearance,True,1,1,2,1,1,"["" focus""]","["" appearance""]"
gpt2,gpt2,uniform,consistent_help,True,1,1,2,1,1,"["" consistent""]","["" help""]"
gpt2,gpt2,uniform,redundant_entry,True,1,1,2,1,1,"["" redundant""]","["" entry""]"
gpt2,gpt2,uniform,accessible_authentication,True,1,1,2,1,1,"["" accessible""]","["" authentication""]"
gpt2,gpt2,uniform,text_spacing,True,1,1,2,1,1,"["" text""]","["" spacing""]"
gpt2,gpt2,uniform,status_message,True,1,1,2,1,1,"["" status""]","["" message""]"
gpt2,gpt2,uniform,error_identification,True,1,1,2,1,1,"["" error""]","["" identification""]"
gpt2,gpt2,uniform,pointer_cancellation,True,1,1,2,1,1,"["" pointer""]","["" cancellation""]"
gpt2,gpt2,uniform,character_key,True,1,1,2,1,1,"["" character""]","["" key""]"
gpt2,gpt2,uniform,accessibility_tree,True,1,1,2,1,1,"["" accessibility""]","["" tree""]"
gpt2,gpt2,uniform,accessible_name,True,1,1,2,1,1,"["" accessible""]","["" name""]"
gpt2,gpt2,uniform,accessible_description,True,1,1,2,1,1,"["" accessible""]","["" description""]"
gpt2,gpt2,uniform,live_region,True,1,1,2,1,1,"["" live""]","["" region""]"
gpt2,gpt2,uniform,tab_panel,True,1,1,2,1,1,"["" tab""]","["" panel""]"
gpt2,gpt2,uniform,radio_group,True,1,1,2,1,1,"["" radio""]","["" group""]"
gpt2,gpt2,uniform,tree_grid,True,1,1,2,1,1,"["" tree""]","["" grid""]"
gpt2,gpt2,uniform,menu_bar,True,1,1,2,1,1,"["" menu""]","["" bar""]"
gpt2,gpt2,uniform,tool_tip,True,1,1,2,1,1,"["" tool""]","["" tip""]"
gpt2,gpt2,uniform,combo_box,True,1,1,2,1,1,"["" combo""]","["" box""]"
gpt2,gpt2,uniform,semantic_markup,True,1,1,2,1,1,"["" semantic""]","["" markup""]"
gpt2,gpt2,uniform,focus_management,True,1,1,2,1,1,"["" focus""]","["" management""]"
gpt2,gpt2,uniform,reading_order,True,1,1,2,1,1,"["" reading""]","["" order""]"
gpt2,gpt2,uniform,text_formatting,True,1,1,2,1,1,"["" text""]","["" formatting""]"
gpt2,gpt2,uniform,form_field,True,1,1,2,1,1,"["" form""]","["" field""]"
gpt2,gpt2,uniform,landmark_region,True,1,1,2,1,1,"["" landmark""]","["" region""]"
gpt2,gpt2,uniform,low_vision,True,1,1,2,1,1,"["" low""]","["" vision""]"
gpt2,gpt2,uniform,cognitive_disabilities,True,1,1,2,1,1,"["" cognitive""]","["" disabilities""]"
gpt2,gpt2,uniform,universal_design,True,1,1,2,1,1,"["" universal""]","["" design""]"
gpt2,gpt2,uniform,decorative_image,True,1,1,2,1,1,"["" decorative""]","["" image""]"
gpt2,gpt2,uniform,informative_image,True,1,1,2,1,1,"["" informative""]","["" image""]"
gpt2,gpt2,uniform,responsive_design,True,1,1,2,1,1,"["" responsive""]","["" design""]"
gpt2,gpt2,uniform,empty_link,False,1,1,2,1,1,"["" empty""]","["" link""]"
gpt2,gpt2-large,natural,screen_reader,True,1,1,2,1,1,"["" screen""]","["" reader""]"
gpt2,gpt2-large,natural,alt_text,True,1,1,2,1,1,"["" alt""]","["" text""]"
gpt2,gpt2-large,natural,skip_link,True,1,1,2,1,1,"["" skip""]","["" link""]"
gpt2,gpt2-large,natural,color_contrast,True,1,1,2,1,1,"["" color""]","["" contrast""]"
gpt2,gpt2-large,natural,keyboard_navigation,True,1,1,2,1,1,"["" keyboard""]","["" navigation""]"
gpt2,gpt2-large,natural,closed_captions,True,1,2,3,1,1,"["" closed""]","["" capt"", ""ions""]"
gpt2,gpt2-large,natural,focus_indicator,True,1,1,2,1,1,"["" focus""]","["" indicator""]"
gpt2,gpt2-large,natural,semantic_html,True,1,1,2,1,1,"["" semantic""]","["" HTML""]"
gpt2,gpt2-large,natural,form_label,False,1,1,2,1,1,"["" form""]","["" label""]"
gpt2,gpt2-large,natural,link_text,False,1,1,2,1,1,"["" link""]","["" text""]"
gpt2,gpt2-large,natural,page_title,False,1,1,2,1,1,"["" page""]","["" title""]"
gpt2,gpt2-large,natural,keyboard_interaction,True,1,1,2,1,1,"["" keyboard""]","["" interaction""]"
gpt2,gpt2-large,natural,section_heading,True,1,1,2,1,1,"["" section""]","["" heading""]"
gpt2,gpt2-large,natural,text_alternative,True,1,1,2,1,1,"["" text""]","["" alternative""]"
gpt2,gpt2-large,natural,audio_description,True,1,1,2,1,1,"["" audio""]","["" description""]"
gpt2,gpt2-large,natural,sign_language,True,1,1,2,1,1,"["" sign""]","["" language""]"
gpt2,gpt2-large,natural,sensory_characteristics,True,1,1,2,1,1,"["" sensory""]","["" characteristics""]"
gpt2,gpt2-large,natural,input_purpose,True,1,1,2,1,1,"["" input""]","["" purpose""]"
gpt2,gpt2-large,natural,target_size,True,1,1,2,1,1,"["" target""]","["" size""]"
gpt2,gpt2-large,natural,touch_target,True,1,1,2,1,1,"["" touch""]","["" target""]"
gpt2,gpt2-large,natural,drag_movement,True,1,1,2,1,1,"["" drag""]","["" movement""]"
gpt2,gpt2-large,natural,focus_appearance,True,1,1,2,1,1,"["" focus""]","["" appearance""]"
gpt2,gpt2-large,natural,consistent_help,True,1,1,2,1,1,"["" consistent""]","["" help""]"
gpt2,gpt2-large,natural,redundant_entry,True,1,1,2,1,1,"["" redundant""]","["" entry""]"
gpt2,gpt2-large,natural,accessible_authentication,True,1,1,2,1,1,"["" accessible""]","["" authentication""]"
gpt2,gpt2-large,natural,text_spacing,True,1,1,2,1,1,"["" text""]","["" spacing""]"
gpt2,gpt2-large,natural,status_message,True,1,1,2,1,1,"["" status""]","["" message""]"
gpt2,gpt2-large,natural,error_identification,True,1,1,2,1,1,"["" error""]","["" identification""]"
gpt2,gpt2-large,natural,pointer_cancellation,True,1,1,2,1,1,"["" pointer""]","["" cancellation""]"
gpt2,gpt2-large,natural,character_key,True,1,1,2,1,1,"["" character""]","["" key""]"
gpt2,gpt2-large,natural,accessibility_tree,True,1,1,2,1,1,"["" accessibility""]","["" tree""]"
gpt2,gpt2-large,natural,accessible_name,True,1,1,2,1,1,"["" accessible""]","["" name""]"
gpt2,gpt2-large,natural,accessible_description,True,1,1,2,1,1,"["" accessible""]","["" description""]"
gpt2,gpt2-large,natural,live_region,True,1,1,2,1,1,"["" live""]","["" region""]"
gpt2,gpt2-large,natural,tab_panel,True,1,1,2,1,1,"["" tab""]","["" panel""]"
gpt2,gpt2-large,natural,radio_group,True,1,1,2,1,1,"["" radio""]","["" group""]"
gpt2,gpt2-large,natural,tree_grid,True,1,1,2,1,1,"["" tree""]","["" grid""]"
gpt2,gpt2-large,natural,menu_bar,True,1,1,2,1,1,"["" menu""]","["" bar""]"
gpt2,gpt2-large,natural,tool_tip,True,1,1,2,1,1,"["" tool""]","["" tip""]"
gpt2,gpt2-large,natural,combo_box,True,1,1,2,1,1,"["" combo""]","["" box""]"
gpt2,gpt2-large,natural,semantic_markup,True,1,1,2,1,1,"["" semantic""]","["" markup""]"
gpt2,gpt2-large,natural,focus_management,True,1,1,2,1,1,"["" focus""]","["" management""]"
gpt2,gpt2-large,natural,reading_order,True,1,1,2,1,1,"["" reading""]","["" order""]"
gpt2,gpt2-large,natural,text_formatting,True,1,1,2,1,1,"["" text""]","["" formatting""]"
gpt2,gpt2-large,natural,form_field,True,1,1,2,1,1,"["" form""]","["" field""]"
gpt2,gpt2-large,natural,landmark_region,True,1,1,2,1,1,"["" landmark""]","["" region""]"
gpt2,gpt2-large,natural,low_vision,True,1,1,2,1,1,"["" low""]","["" vision""]"
gpt2,gpt2-large,natural,cognitive_disabilities,True,1,1,2,1,1,"["" cognitive""]","["" disabilities""]"
gpt2,gpt2-large,natural,universal_design,True,1,1,2,1,1,"["" universal""]","["" design""]"
gpt2,gpt2-large,natural,decorative_image,True,1,1,2,1,1,"["" decorative""]","["" image""]"
gpt2,gpt2-large,natural,informative_image,True,1,1,2,1,1,"["" informative""]","["" image""]"
gpt2,gpt2-large,natural,responsive_design,True,1,1,2,1,1,"["" responsive""]","["" design""]"
gpt2,gpt2-large,natural,empty_link,False,1,1,2,1,1,"["" empty""]","["" link""]"
gpt2,gpt2-large,uniform,screen_reader,True,1,1,2,1,1,"["" screen""]","["" reader""]"
gpt2,gpt2-large,uniform,alt_text,True,1,1,2,1,1,"["" alt""]","["" text""]"
gpt2,gpt2-large,uniform,skip_link,True,1,1,2,1,1,"["" skip""]","["" link""]"
gpt2,gpt2-large,uniform,color_contrast,True,1,1,2,1,1,"[""Color""]","["" contrast""]"
gpt2,gpt2-large,uniform,keyboard_navigation,True,2,1,3,1,1,"[""Key"", ""board""]","["" navigation""]"
gpt2,gpt2-large,uniform,closed_captions,True,2,2,4,1,1,"[""Cl"", ""osed""]","["" capt"", ""ions""]"
gpt2,gpt2-large,uniform,focus_indicator,True,1,1,2,1,1,"["" focus""]","["" indicator""]"
gpt2,gpt2-large,uniform,semantic_html,True,2,1,3,1,1,"[""Sem"", ""antic""]","["" HTML""]"
gpt2,gpt2-large,uniform,form_label,False,1,1,2,1,1,"["" form""]","["" label""]"
gpt2,gpt2-large,uniform,link_text,False,1,1,2,1,1,"[""Link""]","["" text""]"
gpt2,gpt2-large,uniform,page_title,False,1,1,2,1,1,"["" page""]","["" title""]"
gpt2,gpt2-large,uniform,keyboard_interaction,True,1,1,2,1,1,"["" keyboard""]","["" interaction""]"
gpt2,gpt2-large,uniform,section_heading,True,1,1,2,1,1,"["" section""]","["" heading""]"
gpt2,gpt2-large,uniform,text_alternative,True,1,1,2,1,1,"["" text""]","["" alternative""]"
gpt2,gpt2-large,uniform,audio_description,True,1,1,2,1,1,"["" audio""]","["" description""]"
gpt2,gpt2-large,uniform,sign_language,True,1,1,2,1,1,"[""Sign""]","["" language""]"
gpt2,gpt2-large,uniform,sensory_characteristics,True,3,1,4,1,1,"[""S"", ""ens"", ""ory""]","["" characteristics""]"
gpt2,gpt2-large,uniform,input_purpose,True,1,1,2,1,1,"["" input""]","["" purpose""]"
gpt2,gpt2-large,uniform,target_size,True,1,1,2,1,1,"["" target""]","["" size""]"
gpt2,gpt2-large,uniform,touch_target,True,1,1,2,1,1,"["" touch""]","["" target""]"
gpt2,gpt2-large,uniform,drag_movement,True,1,1,2,1,1,"["" drag""]","["" movement""]"
gpt2,gpt2-large,uniform,focus_appearance,True,1,1,2,1,1,"["" focus""]","["" appearance""]"
gpt2,gpt2-large,uniform,consistent_help,True,2,1,3,1,1,"[""Cons"", ""istent""]","["" help""]"
gpt2,gpt2-large,uniform,redundant_entry,True,1,1,2,1,1,"["" redundant""]","["" entry""]"
gpt2,gpt2-large,uniform,accessible_authentication,True,2,1,3,1,1,"[""Access"", ""ible""]","["" authentication""]"
gpt2,gpt2-large,uniform,text_spacing,True,1,1,2,1,1,"[""Text""]","["" spacing""]"
gpt2,gpt2-large,uniform,status_message,True,1,1,2,1,1,"["" status""]","["" message""]"
gpt2,gpt2-large,uniform,error_identification,True,1,1,2,1,1,"[""Error""]","["" identification""]"
gpt2,gpt2-large,uniform,pointer_cancellation,True,2,1,3,1,1,"[""Po"", ""inter""]","["" cancellation""]"
gpt2,gpt2-large,uniform,character_key,True,1,1,2,1,1,"["" character""]","["" key""]"
gpt2,gpt2-large,uniform,accessibility_tree,True,1,1,2,1,1,"["" accessibility""]","["" tree""]"
gpt2,gpt2-large,uniform,accessible_name,True,1,1,2,1,1,"["" accessible""]","["" name""]"
gpt2,gpt2-large,uniform,accessible_description,True,1,1,2,1,1,"["" accessible""]","["" description""]"
gpt2,gpt2-large,uniform,live_region,True,1,1,2,1,1,"["" live""]","["" region""]"
gpt2,gpt2-large,uniform,tab_panel,True,1,1,2,1,1,"["" tab""]","["" panel""]"
gpt2,gpt2-large,uniform,radio_group,True,1,1,2,1,1,"["" radio""]","["" group""]"
gpt2,gpt2-large,uniform,tree_grid,True,1,1,2,1,1,"["" tree""]","["" grid""]"
gpt2,gpt2-large,uniform,menu_bar,True,1,1,2,1,1,"["" menu""]","["" bar""]"
gpt2,gpt2-large,uniform,tool_tip,True,1,1,2,1,1,"["" tool""]","["" tip""]"
gpt2,gpt2-large,uniform,combo_box,True,1,1,2,1,1,"["" combo""]","["" box""]"
gpt2,gpt2-large,uniform,semantic_markup,True,2,1,3,1,1,"[""Sem"", ""antic""]","["" markup""]"
gpt2,gpt2-large,uniform,focus_management,True,1,1,2,1,1,"[""Focus""]","["" management""]"
gpt2,gpt2-large,uniform,reading_order,True,1,1,2,1,1,"[""Reading""]","["" order""]"
gpt2,gpt2-large,uniform,text_formatting,True,1,1,2,1,1,"[""Text""]","["" formatting""]"
gpt2,gpt2-large,uniform,form_field,True,1,1,2,1,1,"["" form""]","["" field""]"
gpt2,gpt2-large,uniform,landmark_region,True,1,1,2,1,1,"["" landmark""]","["" region""]"
gpt2,gpt2-large,uniform,low_vision,True,1,1,2,1,1,"[""Low""]","["" vision""]"
gpt2,gpt2-large,uniform,cognitive_disabilities,True,2,1,3,1,1,"[""C"", ""ognitive""]","["" disabilities""]"
gpt2,gpt2-large,uniform,universal_design,True,1,1,2,1,1,"[""Universal""]","["" design""]"
gpt2,gpt2-large,uniform,decorative_image,True,1,1,2,1,1,"["" decorative""]","["" image""]"
gpt2,gpt2-large,uniform,informative_image,True,1,1,2,1,1,"["" informative""]","["" image""]"
gpt2,gpt2-large,uniform,responsive_design,True,3,1,4,1,1,"[""Resp"", ""ons"", ""ive""]","["" design""]"
gpt2,gpt2-large,uniform,empty_link,False,1,1,2,1,1,"["" empty""]","["" link""]"
gpt2,gpt2-medium,natural,screen_reader,True,1,1,2,1,1,"["" screen""]","["" reader""]"
gpt2,gpt2-medium,natural,alt_text,True,1,1,2,1,1,"["" alt""]","["" text""]"
gpt2,gpt2-medium,natural,skip_link,True,1,1,2,1,1,"["" skip""]","["" link""]"
gpt2,gpt2-medium,natural,color_contrast,True,1,1,2,1,1,"[""Color""]","["" contrast""]"
gpt2,gpt2-medium,natural,keyboard_navigation,True,2,1,3,1,1,"[""Key"", ""board""]","["" navigation""]"
gpt2,gpt2-medium,natural,closed_captions,True,2,2,4,1,1,"[""Cl"", ""osed""]","["" capt"", ""ions""]"
gpt2,gpt2-medium,natural,focus_indicator,True,1,1,2,1,1,"["" focus""]","["" indicator""]"
gpt2,gpt2-medium,natural,semantic_html,True,2,1,3,1,1,"[""Sem"", ""antic""]","["" HTML""]"
gpt2,gpt2-medium,natural,form_label,False,1,1,2,1,1,"["" form""]","["" label""]"
gpt2,gpt2-medium,natural,link_text,False,1,1,2,1,1,"[""Link""]","["" text""]"
gpt2,gpt2-medium,natural,page_title,False,1,1,2,1,1,"["" page""]","["" title""]"
gpt2,gpt2-medium,natural,keyboard_interaction,True,1,1,2,1,1,"["" keyboard""]","["" interaction""]"
gpt2,gpt2-medium,natural,section_heading,True,1,1,2,1,1,"["" section""]","["" heading""]"
gpt2,gpt2-medium,natural,text_alternative,True,1,1,2,1,1,"["" text""]","["" alternative""]"
gpt2,gpt2-medium,natural,audio_description,True,1,1,2,1,1,"["" audio""]","["" description""]"
gpt2,gpt2-medium,natural,sign_language,True,1,1,2,1,1,"[""Sign""]","["" language""]"
gpt2,gpt2-medium,natural,sensory_characteristics,True,3,1,4,1,1,"[""S"", ""ens"", ""ory""]","["" characteristics""]"
gpt2,gpt2-medium,natural,input_purpose,True,1,1,2,1,1,"["" input""]","["" purpose""]"
gpt2,gpt2-medium,natural,target_size,True,1,1,2,1,1,"["" target""]","["" size""]"
gpt2,gpt2-medium,natural,touch_target,True,1,1,2,1,1,"["" touch""]","["" target""]"
gpt2,gpt2-medium,natural,drag_movement,True,1,1,2,1,1,"["" drag""]","["" movement""]"
gpt2,gpt2-medium,natural,focus_appearance,True,1,1,2,1,1,"["" focus""]","["" appearance""]"
gpt2,gpt2-medium,natural,consistent_help,True,2,1,3,1,1,"[""Cons"", ""istent""]","["" help""]"
gpt2,gpt2-medium,natural,redundant_entry,True,1,1,2,1,1,"["" redundant""]","["" entry""]"
gpt2,gpt2-medium,natural,accessible_authentication,True,2,1,3,1,1,"[""Access"", ""ible""]","["" authentication""]"
gpt2,gpt2-medium,natural,text_spacing,True,1,1,2,1,1,"[""Text""]","["" spacing""]"
gpt2,gpt2-medium,natural,status_message,True,1,1,2,1,1,"["" status""]","["" message""]"
gpt2,gpt2-medium,natural,error_identification,True,1,1,2,1,1,"[""Error""]","["" identification""]"
gpt2,gpt2-medium,natural,pointer_cancellation,True,2,1,3,1,1,"[""Po"", ""inter""]","["" cancellation""]"
gpt2,gpt2-medium,natural,character_key,True,1,1,2,1,1,"["" character""]","["" key""]"
gpt2,gpt2-medium,natural,accessibility_tree,True,1,1,2,1,1,"["" accessibility""]","["" tree""]"
gpt2,gpt2-medium,natural,accessible_name,True,1,1,2,1,1,"["" accessible""]","["" name""]"
gpt2,gpt2-medium,natural,accessible_description,True,1,1,2,1,1,"["" accessible""]","["" description""]"
gpt2,gpt2-medium,natural,live_region,True,1,1,2,1,1,"["" live""]","["" region""]"
gpt2,gpt2-medium,natural,tab_panel,True,1,1,2,1,1,"["" tab""]","["" panel""]"
gpt2,gpt2-medium,natural,radio_group,True,1,1,2,1,1,"["" radio""]","["" group""]"
gpt2,gpt2-medium,natural,tree_grid,True,1,1,2,1,1,"["" tree""]","["" grid""]"
gpt2,gpt2-medium,natural,menu_bar,True,1,1,2,1,1,"["" menu""]","["" bar""]"
gpt2,gpt2-medium,natural,tool_tip,True,1,1,2,1,1,"["" tool""]","["" tip""]"
gpt2,gpt2-medium,natural,combo_box,True,1,1,2,1,1,"["" combo""]","["" box""]"
gpt2,gpt2-medium,natural,semantic_markup,True,2,1,3,1,1,"[""Sem"", ""antic""]","["" markup""]"
gpt2,gpt2-medium,natural,focus_management,True,1,1,2,1,1,"[""Focus""]","["" management""]"
gpt2,gpt2-medium,natural,reading_order,True,1,1,2,1,1,"[""Reading""]","["" order""]"
gpt2,gpt2-medium,natural,text_formatting,True,1,1,2,1,1,"[""Text""]","["" formatting""]"
gpt2,gpt2-medium,natural,form_field,True,1,1,2,1,1,"["" form""]","["" field""]"
gpt2,gpt2-medium,natural,landmark_region,True,1,1,2,1,1,"["" landmark""]","["" region""]"
gpt2,gpt2-medium,natural,low_vision,True,1,1,2,1,1,"[""Low""]","["" vision""]"
gpt2,gpt2-medium,natural,cognitive_disabilities,True,2,1,3,1,1,"[""C"", ""ognitive""]","["" disabilities""]"
gpt2,gpt2-medium,natural,universal_design,True,1,1,2,1,1,"[""Universal""]","["" design""]"
gpt2,gpt2-medium,natural,decorative_image,True,1,1,2,1,1,"["" decorative""]","["" image""]"
gpt2,gpt2-medium,natural,informative_image,True,1,1,2,1,1,"["" informative""]","["" image""]"
gpt2,gpt2-medium,natural,responsive_design,True,3,1,4,1,1,"[""Resp"", ""ons"", ""ive""]","["" design""]"
gpt2,gpt2-medium,natural,empty_link,False,1,1,2,1,1,"["" empty""]","["" link""]"
gpt2,gpt2-medium,uniform,screen_reader,True,1,1,2,1,1,"["" screen""]","["" reader""]"
gpt2,gpt2-medium,uniform,alt_text,True,1,1,2,1,1,"["" alt""]","["" text""]"
gpt2,gpt2-medium,uniform,skip_link,True,1,1,2,1,1,"["" skip""]","["" link""]"
gpt2,gpt2-medium,uniform,color_contrast,True,1,1,2,1,1,"[""Color""]","["" contrast""]"
gpt2,gpt2-medium,uniform,keyboard_navigation,True,2,1,3,1,1,"[""Key"", ""board""]","["" navigation""]"
gpt2,gpt2-medium,uniform,closed_captions,True,2,2,4,1,1,"[""Cl"", ""osed""]","["" capt"", ""ions""]"
gpt2,gpt2-medium,uniform,focus_indicator,True,1,1,2,1,1,"["" focus""]","["" indicator""]"
gpt2,gpt2-medium,uniform,semantic_html,True,2,1,3,1,1,"[""Sem"", ""antic""]","["" HTML""]"
gpt2,gpt2-medium,uniform,form_label,False,1,1,2,1,1,"["" form""]","["" label""]"
gpt2,gpt2-medium,uniform,link_text,False,1,1,2,1,1,"[""Link""]","["" text""]"
gpt2,gpt2-medium,uniform,page_title,False,1,1,2,1,1,"["" page""]","["" title""]"
gpt2,gpt2-medium,uniform,keyboard_interaction,True,1,1,2,1,1,"["" keyboard""]","["" interaction""]"
gpt2,gpt2-medium,uniform,section_heading,True,1,1,2,1,1,"["" section""]","["" heading""]"
gpt2,gpt2-medium,uniform,text_alternative,True,1,1,2,1,1,"["" text""]","["" alternative""]"
gpt2,gpt2-medium,uniform,audio_description,True,1,1,2,1,1,"["" audio""]","["" description""]"
gpt2,gpt2-medium,uniform,sign_language,True,1,1,2,1,1,"[""Sign""]","["" language""]"
gpt2,gpt2-medium,uniform,sensory_characteristics,True,3,1,4,1,1,"[""S"", ""ens"", ""ory""]","["" characteristics""]"
gpt2,gpt2-medium,uniform,input_purpose,True,1,1,2,1,1,"["" input""]","["" purpose""]"
gpt2,gpt2-medium,uniform,target_size,True,1,1,2,1,1,"["" target""]","["" size""]"
gpt2,gpt2-medium,uniform,touch_target,True,1,1,2,1,1,"["" touch""]","["" target""]"
gpt2,gpt2-medium,uniform,drag_movement,True,1,1,2,1,1,"["" drag""]","["" movement""]"
gpt2,gpt2-medium,uniform,focus_appearance,True,1,1,2,1,1,"["" focus""]","["" appearance""]"
gpt2,gpt2-medium,uniform,consistent_help,True,2,1,3,1,1,"[""Cons"", ""istent""]","["" help""]"
gpt2,gpt2-medium,uniform,redundant_entry,True,1,1,2,1,1,"["" redundant""]","["" entry""]"
gpt2,gpt2-medium,uniform,accessible_authentication,True,2,1,3,1,1,"[""Access"", ""ible""]","["" authentication""]"
gpt2,gpt2-medium,uniform,text_spacing,True,1,1,2,1,1,"[""Text""]","["" spacing""]"
gpt2,gpt2-medium,uniform,status_message,True,1,1,2,1,1,"["" status""]","["" message""]"
gpt2,gpt2-medium,uniform,error_identification,True,1,1,2,1,1,"[""Error""]","["" identification""]"
gpt2,gpt2-medium,uniform,pointer_cancellation,True,2,1,3,1,1,"[""Po"", ""inter""]","["" cancellation""]"
gpt2,gpt2-medium,uniform,character_key,True,1,1,2,1,1,"["" character""]","["" key""]"
gpt2,gpt2-medium,uniform,accessibility_tree,True,1,1,2,1,1,"["" accessibility""]","["" tree""]"
gpt2,gpt2-medium,uniform,accessible_name,True,1,1,2,1,1,"["" accessible""]","["" name""]"
gpt2,gpt2-medium,uniform,accessible_description,True,1,1,2,1,1,"["" accessible""]","["" description""]"
gpt2,gpt2-medium,uniform,live_region,True,1,1,2,1,1,"["" live""]","["" region""]"
gpt2,gpt2-medium,uniform,tab_panel,True,1,1,2,1,1,"["" tab""]","["" panel""]"
gpt2,gpt2-medium,uniform,radio_group,True,1,1,2,1,1,"["" radio""]","["" group""]"
gpt2,gpt2-medium,uniform,tree_grid,True,1,1,2,1,1,"["" tree""]","["" grid""]"
gpt2,gpt2-medium,uniform,menu_bar,True,1,1,2,1,1,"["" menu""]","["" bar""]"
gpt2,gpt2-medium,uniform,tool_tip,True,1,1,2,1,1,"["" tool""]","["" tip""]"
gpt2,gpt2-medium,uniform,combo_box,True,1,1,2,1,1,"["" combo""]","["" box""]"
gpt2,gpt2-medium,uniform,semantic_markup,True,2,1,3,1,1,"[""Sem"", ""antic""]","["" markup""]"
gpt2,gpt2-medium,uniform,focus_management,True,1,1,2,1,1,"[""Focus""]","["" management""]"
gpt2,gpt2-medium,uniform,reading_order,True,1,1,2,1,1,"[""Reading""]","["" order""]"
gpt2,gpt2-medium,uniform,text_formatting,True,1,1,2,1,1,"[""Text""]","["" formatting""]"
gpt2,gpt2-medium,uniform,form_field,True,1,1,2,1,1,"["" form""]","["" field""]"
gpt2,gpt2-medium,uniform,landmark_region,True,1,1,2,1,1,"["" landmark""]","["" region""]"
gpt2,gpt2-medium,uniform,low_vision,True,1,1,2,1,1,"[""Low""]","["" vision""]"
gpt2,gpt2-medium,uniform,cognitive_disabilities,True,2,1,3,1,1,"[""C"", ""ognitive""]","["" disabilities""]"
gpt2,gpt2-medium,uniform,universal_design,True,1,1,2,1,1,"[""Universal""]","["" design""]"
gpt2,gpt2-medium,uniform,decorative_image,True,1,1,2,1,1,"["" decorative""]","["" image""]"
gpt2,gpt2-medium,uniform,informative_image,True,1,1,2,1,1,"["" informative""]","["" image""]"
gpt2,gpt2-medium,uniform,responsive_design,True,3,1,4,1,1,"[""Resp"", ""ons"", ""ive""]","["" design""]"
gpt2,gpt2-medium,uniform,empty_link,False,1,1,2,1,1,"["" empty""]","["" link""]"
gpt2,gpt2-xl,natural,screen_reader,True,1,1,2,1,1,"["" screen""]","["" reader""]"
gpt2,gpt2-xl,natural,alt_text,True,1,1,2,1,1,"["" alt""]","["" text""]"
gpt2,gpt2-xl,natural,skip_link,True,1,1,2,1,1,"["" skip""]","["" link""]"
gpt2,gpt2-xl,natural,color_contrast,True,1,1,2,1,1,"[""Color""]","["" contrast""]"
gpt2,gpt2-xl,natural,keyboard_navigation,True,2,1,3,1,1,"[""Key"", ""board""]","["" navigation""]"
gpt2,gpt2-xl,natural,closed_captions,True,2,2,4,1,1,"[""Cl"", ""osed""]","["" capt"", ""ions""]"
gpt2,gpt2-xl,natural,focus_indicator,True,1,1,2,1,1,"["" focus""]","["" indicator""]"
gpt2,gpt2-xl,natural,semantic_html,True,2,1,3,1,1,"[""Sem"", ""antic""]","["" HTML""]"
gpt2,gpt2-xl,natural,form_label,False,1,1,2,1,1,"["" form""]","["" label""]"
gpt2,gpt2-xl,natural,link_text,False,1,1,2,1,1,"[""Link""]","["" text""]"
gpt2,gpt2-xl,natural,page_title,False,1,1,2,1,1,"["" page""]","["" title""]"
gpt2,gpt2-xl,natural,keyboard_interaction,True,1,1,2,1,1,"["" keyboard""]","["" interaction""]"
gpt2,gpt2-xl,natural,section_heading,True,1,1,2,1,1,"["" section""]","["" heading""]"
gpt2,gpt2-xl,natural,text_alternative,True,1,1,2,1,1,"["" text""]","["" alternative""]"
gpt2,gpt2-xl,natural,audio_description,True,1,1,2,1,1,"["" audio""]","["" description""]"
gpt2,gpt2-xl,natural,sign_language,True,1,1,2,1,1,"[""Sign""]","["" language""]"
gpt2,gpt2-xl,natural,sensory_characteristics,True,3,1,4,1,1,"[""S"", ""ens"", ""ory""]","["" characteristics""]"
gpt2,gpt2-xl,natural,input_purpose,True,1,1,2,1,1,"["" input""]","["" purpose""]"
gpt2,gpt2-xl,natural,target_size,True,1,1,2,1,1,"["" target""]","["" size""]"
gpt2,gpt2-xl,natural,touch_target,True,1,1,2,1,1,"["" touch""]","["" target""]"
gpt2,gpt2-xl,natural,drag_movement,True,1,1,2,1,1,"["" drag""]","["" movement""]"
gpt2,gpt2-xl,natural,focus_appearance,True,1,1,2,1,1,"["" focus""]","["" appearance""]"
gpt2,gpt2-xl,natural,consistent_help,True,2,1,3,1,1,"[""Cons"", ""istent""]","["" help""]"
gpt2,gpt2-xl,natural,redundant_entry,True,1,1,2,1,1,"["" redundant""]","["" entry""]"
gpt2,gpt2-xl,natural,accessible_authentication,True,2,1,3,1,1,"[""Access"", ""ible""]","["" authentication""]"
gpt2,gpt2-xl,natural,text_spacing,True,1,1,2,1,1,"[""Text""]","["" spacing""]"
gpt2,gpt2-xl,natural,status_message,True,1,1,2,1,1,"["" status""]","["" message""]"
gpt2,gpt2-xl,natural,error_identification,True,1,1,2,1,1,"[""Error""]","["" identification""]"
gpt2,gpt2-xl,natural,pointer_cancellation,True,2,1,3,1,1,"[""Po"", ""inter""]","["" cancellation""]"
gpt2,gpt2-xl,natural,character_key,True,1,1,2,1,1,"["" character""]","["" key""]"
gpt2,gpt2-xl,natural,accessibility_tree,True,1,1,2,1,1,"["" accessibility""]","["" tree""]"
gpt2,gpt2-xl,natural,accessible_name,True,1,1,2,1,1,"["" accessible""]","["" name""]"
gpt2,gpt2-xl,natural,accessible_description,True,1,1,2,1,1,"["" accessible""]","["" description""]"
gpt2,gpt2-xl,natural,live_region,True,1,1,2,1,1,"["" live""]","["" region""]"
gpt2,gpt2-xl,natural,tab_panel,True,1,1,2,1,1,"["" tab""]","["" panel""]"
gpt2,gpt2-xl,natural,radio_group,True,1,1,2,1,1,"["" radio""]","["" group""]"
gpt2,gpt2-xl,natural,tree_grid,True,1,1,2,1,1,"["" tree""]","["" grid""]"
gpt2,gpt2-xl,natural,menu_bar,True,1,1,2,1,1,"["" menu""]","["" bar""]"
gpt2,gpt2-xl,natural,tool_tip,True,1,1,2,1,1,"["" tool""]","["" tip""]"
gpt2,gpt2-xl,natural,combo_box,True,1,1,2,1,1,"["" combo""]","["" box""]"
gpt2,gpt2-xl,natural,semantic_markup,True,2,1,3,1,1,"[""Sem"", ""antic""]","["" markup""]"
gpt2,gpt2-xl,natural,focus_management,True,1,1,2,1,1,"[""Focus""]","["" management""]"
gpt2,gpt2-xl,natural,reading_order,True,1,1,2,1,1,"[""Reading""]","["" order""]"
gpt2,gpt2-xl,natural,text_formatting,True,1,1,2,1,1,"[""Text""]","["" formatting""]"
gpt2,gpt2-xl,natural,form_field,True,1,1,2,1,1,"["" form""]","["" field""]"
gpt2,gpt2-xl,natural,landmark_region,True,1,1,2,1,1,"["" landmark""]","["" region""]"
gpt2,gpt2-xl,natural,low_vision,True,1,1,2,1,1,"[""Low""]","["" vision""]"
gpt2,gpt2-xl,natural,cognitive_disabilities,True,2,1,3,1,1,"[""C"", ""ognitive""]","["" disabilities""]"
gpt2,gpt2-xl,natural,universal_design,True,1,1,2,1,1,"[""Universal""]","["" design""]"
gpt2,gpt2-xl,natural,decorative_image,True,1,1,2,1,1,"["" decorative""]","["" image""]"
gpt2,gpt2-xl,natural,informative_image,True,1,1,2,1,1,"["" informative""]","["" image""]"
gpt2,gpt2-xl,natural,responsive_design,True,3,1,4,1,1,"[""Resp"", ""ons"", ""ive""]","["" design""]"
gpt2,gpt2-xl,natural,empty_link,False,1,1,2,1,1,"["" empty""]","["" link""]"
gpt2,gpt2-xl,uniform,screen_reader,True,1,1,2,1,1,"["" screen""]","["" reader""]"
gpt2,gpt2-xl,uniform,alt_text,True,1,1,2,1,1,"["" alt""]","["" text""]"
gpt2,gpt2-xl,uniform,skip_link,True,1,1,2,1,1,"["" skip""]","["" link""]"
gpt2,gpt2-xl,uniform,color_contrast,True,1,1,2,1,1,"["" color""]","["" contrast""]"
gpt2,gpt2-xl,uniform,keyboard_navigation,True,1,1,2,1,1,"["" keyboard""]","["" navigation""]"
gpt2,gpt2-xl,uniform,closed_captions,True,1,2,3,1,1,"["" closed""]","["" capt"", ""ions""]"
gpt2,gpt2-xl,uniform,focus_indicator,True,1,1,2,1,1,"["" focus""]","["" indicator""]"
gpt2,gpt2-xl,uniform,semantic_html,True,1,1,2,1,1,"["" semantic""]","["" HTML""]"
gpt2,gpt2-xl,uniform,form_label,False,1,1,2,1,1,"["" form""]","["" label""]"
gpt2,gpt2-xl,uniform,link_text,False,1,1,2,1,1,"["" link""]","["" text""]"
gpt2,gpt2-xl,uniform,page_title,False,1,1,2,1,1,"["" page""]","["" title""]"
gpt2,gpt2-xl,uniform,keyboard_interaction,True,1,1,2,1,1,"["" keyboard""]","["" interaction""]"
gpt2,gpt2-xl,uniform,section_heading,True,1,1,2,1,1,"["" section""]","["" heading""]"
gpt2,gpt2-xl,uniform,text_alternative,True,1,1,2,1,1,"["" text""]","["" alternative""]"
gpt2,gpt2-xl,uniform,audio_description,True,1,1,2,1,1,"["" audio""]","["" description""]"
gpt2,gpt2-xl,uniform,sign_language,True,1,1,2,1,1,"["" sign""]","["" language""]"
gpt2,gpt2-xl,uniform,sensory_characteristics,True,1,1,2,1,1,"["" sensory""]","["" characteristics""]"
gpt2,gpt2-xl,uniform,input_purpose,True,1,1,2,1,1,"["" input""]","["" purpose""]"
gpt2,gpt2-xl,uniform,target_size,True,1,1,2,1,1,"["" target""]","["" size""]"
gpt2,gpt2-xl,uniform,touch_target,True,1,1,2,1,1,"["" touch""]","["" target""]"
gpt2,gpt2-xl,uniform,drag_movement,True,1,1,2,1,1,"["" drag""]","["" movement""]"
gpt2,gpt2-xl,uniform,focus_appearance,True,1,1,2,1,1,"["" focus""]","["" appearance""]"
gpt2,gpt2-xl,uniform,consistent_help,True,1,1,2,1,1,"["" consistent""]","["" help""]"
gpt2,gpt2-xl,uniform,redundant_entry,True,1,1,2,1,1,"["" redundant""]","["" entry""]"
gpt2,gpt2-xl,uniform,accessible_authentication,True,1,1,2,1,1,"["" accessible""]","["" authentication""]"
gpt2,gpt2-xl,uniform,text_spacing,True,1,1,2,1,1,"["" text""]","["" spacing""]"
gpt2,gpt2-xl,uniform,status_message,True,1,1,2,1,1,"["" status""]","["" message""]"
gpt2,gpt2-xl,uniform,error_identification,True,1,1,2,1,1,"["" error""]","["" identification""]"
gpt2,gpt2-xl,uniform,pointer_cancellation,True,1,1,2,1,1,"["" pointer""]","["" cancellation""]"
gpt2,gpt2-xl,uniform,character_key,True,1,1,2,1,1,"["" character""]","["" key""]"
gpt2,gpt2-xl,uniform,accessibility_tree,True,1,1,2,1,1,"["" accessibility""]","["" tree""]"
gpt2,gpt2-xl,uniform,accessible_name,True,1,1,2,1,1,"["" accessible""]","["" name""]"
gpt2,gpt2-xl,uniform,accessible_description,True,1,1,2,1,1,"["" accessible""]","["" description""]"
gpt2,gpt2-xl,uniform,live_region,True,1,1,2,1,1,"["" live""]","["" region""]"
gpt2,gpt2-xl,uniform,tab_panel,True,1,1,2,1,1,"["" tab""]","["" panel""]"
gpt2,gpt2-xl,uniform,radio_group,True,1,1,2,1,1,"["" radio""]","["" group""]"
gpt2,gpt2-xl,uniform,tree_grid,True,1,1,2,1,1,"["" tree""]","["" grid""]"
gpt2,gpt2-xl,uniform,menu_bar,True,1,1,2,1,1,"["" menu""]","["" bar""]"
gpt2,gpt2-xl,uniform,tool_tip,True,1,1,2,1,1,"["" tool""]","["" tip""]"
gpt2,gpt2-xl,uniform,combo_box,True,1,1,2,1,1,"["" combo""]","["" box""]"
gpt2,gpt2-xl,uniform,semantic_markup,True,1,1,2,1,1,"["" semantic""]","["" markup""]"
gpt2,gpt2-xl,uniform,focus_management,True,1,1,2,1,1,"["" focus""]","["" management""]"
gpt2,gpt2-xl,uniform,reading_order,True,1,1,2,1,1,"["" reading""]","["" order""]"
gpt2,gpt2-xl,uniform,text_formatting,True,1,1,2,1,1,"["" text""]","["" formatting""]"
gpt2,gpt2-xl,uniform,form_field,True,1,1,2,1,1,"["" form""]","["" field""]"
gpt2,gpt2-xl,uniform,landmark_region,True,1,1,2,1,1,"["" landmark""]","["" region""]"
gpt2,gpt2-xl,uniform,low_vision,True,1,1,2,1,1,"["" low""]","["" vision""]"
gpt2,gpt2-xl,uniform,cognitive_disabilities,True,1,1,2,1,1,"["" cognitive""]","["" disabilities""]"
gpt2,gpt2-xl,uniform,universal_design,True,1,1,2,1,1,"["" universal""]","["" design""]"
gpt2,gpt2-xl,uniform,decorative_image,True,1,1,2,1,1,"["" decorative""]","["" image""]"
gpt2,gpt2-xl,uniform,informative_image,True,1,1,2,1,1,"["" informative""]","["" image""]"
gpt2,gpt2-xl,uniform,responsive_design,True,1,1,2,1,1,"["" responsive""]","["" design""]"
gpt2,gpt2-xl,uniform,empty_link,False,1,1,2,1,1,"["" empty""]","["" link""]"
olmo,OLMo-2-0425-1B,natural,screen_reader,True,1,1,2,1,1,"["" screen""]","["" reader""]"
olmo,OLMo-2-0425-1B,natural,alt_text,True,1,1,2,1,1,"["" alt""]","["" text""]"
olmo,OLMo-2-0425-1B,natural,skip_link,True,1,1,2,1,1,"["" skip""]","["" link""]"
olmo,OLMo-2-0425-1B,natural,color_contrast,True,1,1,2,1,1,"[""Color""]","["" contrast""]"
olmo,OLMo-2-0425-1B,natural,keyboard_navigation,True,1,1,2,1,1,"[""Keyboard""]","["" navigation""]"
olmo,OLMo-2-0425-1B,natural,closed_captions,True,1,1,2,1,1,"[""Closed""]","["" captions""]"
olmo,OLMo-2-0425-1B,natural,focus_indicator,True,1,1,2,1,1,"["" focus""]","["" indicator""]"
olmo,OLMo-2-0425-1B,natural,semantic_html,True,1,1,2,1,1,"[""Semantic""]","["" HTML""]"
olmo,OLMo-2-0425-1B,natural,form_label,False,1,1,2,1,1,"["" form""]","["" label""]"
olmo,OLMo-2-0425-1B,natural,link_text,False,1,1,2,1,1,"[""Link""]","["" text""]"
olmo,OLMo-2-0425-1B,natural,page_title,False,1,1,2,1,1,"["" page""]","["" title""]"
olmo,OLMo-2-0425-1B,natural,keyboard_interaction,True,1,1,2,1,1,"["" keyboard""]","["" interaction""]"
olmo,OLMo-2-0425-1B,natural,section_heading,True,1,1,2,1,1,"["" section""]","["" heading""]"
olmo,OLMo-2-0425-1B,natural,text_alternative,True,1,1,2,1,1,"["" text""]","["" alternative""]"
olmo,OLMo-2-0425-1B,natural,audio_description,True,1,1,2,1,1,"["" audio""]","["" description""]"
olmo,OLMo-2-0425-1B,natural,sign_language,True,1,1,2,1,1,"[""Sign""]","["" language""]"
olmo,OLMo-2-0425-1B,natural,sensory_characteristics,True,3,1,4,1,1,"[""S"", ""ens"", ""ory""]","["" characteristics""]"
olmo,OLMo-2-0425-1B,natural,input_purpose,True,1,1,2,1,1,"["" input""]","["" purpose""]"
olmo,OLMo-2-0425-1B,natural,target_size,True,1,1,2,1,1,"["" target""]","["" size""]"
olmo,OLMo-2-0425-1B,natural,touch_target,True,1,1,2,1,1,"["" touch""]","["" target""]"
olmo,OLMo-2-0425-1B,natural,drag_movement,True,1,1,2,1,1,"["" drag""]","["" movement""]"
olmo,OLMo-2-0425-1B,natural,focus_appearance,True,1,1,2,1,1,"["" focus""]","["" appearance""]"
olmo,OLMo-2-0425-1B,natural,consistent_help,True,2,1,3,1,1,"[""Cons"", ""istent""]","["" help""]"
olmo,OLMo-2-0425-1B,natural,redundant_entry,True,1,1,2,1,1,"["" redundant""]","["" entry""]"
olmo,OLMo-2-0425-1B,natural,accessible_authentication,True,1,1,2,1,1,"[""Accessible""]","["" authentication""]"
olmo,OLMo-2-0425-1B,natural,text_spacing,True,1,1,2,1,1,"[""Text""]","["" spacing""]"
olmo,OLMo-2-0425-1B,natural,status_message,True,1,1,2,1,1,"["" status""]","["" message""]"
olmo,OLMo-2-0425-1B,natural,error_identification,True,1,1,2,1,1,"[""Error""]","["" identification""]"
olmo,OLMo-2-0425-1B,natural,pointer_cancellation,True,1,1,2,1,1,"[""Pointer""]","["" cancellation""]"
olmo,OLMo-2-0425-1B,natural,character_key,True,1,1,2,1,1,"["" character""]","["" key""]"
olmo,OLMo-2-0425-1B,natural,accessibility_tree,True,1,1,2,1,1,"["" accessibility""]","["" tree""]"
olmo,OLMo-2-0425-1B,natural,accessible_name,True,1,1,2,1,1,"["" accessible""]","["" name""]"
olmo,OLMo-2-0425-1B,natural,accessible_description,True,1,1,2,1,1,"["" accessible""]","["" description""]"
olmo,OLMo-2-0425-1B,natural,live_region,True,1,1,2,1,1,"["" live""]","["" region""]"
olmo,OLMo-2-0425-1B,natural,tab_panel,True,1,1,2,1,1,"["" tab""]","["" panel""]"
olmo,OLMo-2-0425-1B,natural,radio_group,True,1,1,2,1,1,"["" radio""]","["" group""]"
olmo,OLMo-2-0425-1B,natural,tree_grid,True,1,1,2,1,1,"["" tree""]","["" grid""]"
olmo,OLMo-2-0425-1B,natural,menu_bar,True,1,1,2,1,1,"["" menu""]","["" bar""]"
olmo,OLMo-2-0425-1B,natural,tool_tip,True,1,1,2,1,1,"["" tool""]","["" tip""]"
olmo,OLMo-2-0425-1B,natural,combo_box,True,1,1,2,1,1,"["" combo""]","["" box""]"
olmo,OLMo-2-0425-1B,natural,semantic_markup,True,1,1,2,1,1,"[""Semantic""]","["" markup""]"
olmo,OLMo-2-0425-1B,natural,focus_management,True,1,1,2,1,1,"[""Focus""]","["" management""]"
olmo,OLMo-2-0425-1B,natural,reading_order,True,1,1,2,1,1,"[""Reading""]","["" order""]"
olmo,OLMo-2-0425-1B,natural,text_formatting,True,1,1,2,1,1,"[""Text""]","["" formatting""]"
olmo,OLMo-2-0425-1B,natural,form_field,True,1,1,2,1,1,"["" form""]","["" field""]"
olmo,OLMo-2-0425-1B,natural,landmark_region,True,1,1,2,1,1,"["" landmark""]","["" region""]"
olmo,OLMo-2-0425-1B,natural,low_vision,True,1,1,2,1,1,"[""Low""]","["" vision""]"
olmo,OLMo-2-0425-1B,natural,cognitive_disabilities,True,2,1,3,1,1,"[""C"", ""ognitive""]","["" disabilities""]"
olmo,OLMo-2-0425-1B,natural,universal_design,True,1,1,2,1,1,"[""Universal""]","["" design""]"
olmo,OLMo-2-0425-1B,natural,decorative_image,True,1,1,2,1,1,"["" decorative""]","["" image""]"
olmo,OLMo-2-0425-1B,natural,informative_image,True,1,1,2,1,1,"["" informative""]","["" image""]"
olmo,OLMo-2-0425-1B,natural,responsive_design,True,1,1,2,1,1,"[""Responsive""]","["" design""]"
olmo,OLMo-2-0425-1B,natural,empty_link,False,1,1,2,1,1,"["" empty""]","["" link""]"
olmo,OLMo-2-0425-1B,uniform,screen_reader,True,1,1,2,1,1,"["" screen""]","["" reader""]"
olmo,OLMo-2-0425-1B,uniform,alt_text,True,1,1,2,1,1,"["" alt""]","["" text""]"
olmo,OLMo-2-0425-1B,uniform,skip_link,True,1,1,2,1,1,"["" skip""]","["" link""]"
olmo,OLMo-2-0425-1B,uniform,color_contrast,True,1,1,2,1,1,"["" color""]","["" contrast""]"
olmo,OLMo-2-0425-1B,uniform,keyboard_navigation,True,1,1,2,1,1,"["" keyboard""]","["" navigation""]"
olmo,OLMo-2-0425-1B,uniform,closed_captions,True,1,1,2,1,1,"["" closed""]","["" captions""]"
olmo,OLMo-2-0425-1B,uniform,focus_indicator,True,1,1,2,1,1,"["" focus""]","["" indicator""]"
olmo,OLMo-2-0425-1B,uniform,semantic_html,True,1,1,2,1,1,"["" semantic""]","["" HTML""]"
olmo,OLMo-2-0425-1B,uniform,form_label,False,1,1,2,1,1,"["" form""]","["" label""]"
olmo,OLMo-2-0425-1B,uniform,link_text,False,1,1,2,1,1,"["" link""]","["" text""]"
olmo,OLMo-2-0425-1B,uniform,page_title,False,1,1,2,1,1,"["" page""]","["" title""]"
olmo,OLMo-2-0425-1B,uniform,keyboard_interaction,True,1,1,2,1,1,"["" keyboard""]","["" interaction""]"
olmo,OLMo-2-0425-1B,uniform,section_heading,True,1,1,2,1,1,"["" section""]","["" heading""]"
olmo,OLMo-2-0425-1B,uniform,text_alternative,True,1,1,2,1,1,"["" text""]","["" alternative""]"
olmo,OLMo-2-0425-1B,uniform,audio_description,True,1,1,2,1,1,"["" audio""]","["" description""]"
olmo,OLMo-2-0425-1B,uniform,sign_language,True,1,1,2,1,1,"["" sign""]","["" language""]"
olmo,OLMo-2-0425-1B,uniform,sensory_characteristics,True,1,1,2,1,1,"["" sensory""]","["" characteristics""]"
olmo,OLMo-2-0425-1B,uniform,input_purpose,True,1,1,2,1,1,"["" input""]","["" purpose""]"
olmo,OLMo-2-0425-1B,uniform,target_size,True,1,1,2,1,1,"["" target""]","["" size""]"
olmo,OLMo-2-0425-1B,uniform,touch_target,True,1,1,2,1,1,"["" touch""]","["" target""]"
olmo,OLMo-2-0425-1B,uniform,drag_movement,True,1,1,2,1,1,"["" drag""]","["" movement""]"
olmo,OLMo-2-0425-1B,uniform,focus_appearance,True,1,1,2,1,1,"["" focus""]","["" appearance""]"
olmo,OLMo-2-0425-1B,uniform,consistent_help,True,1,1,2,1,1,"["" consistent""]","["" help""]"
olmo,OLMo-2-0425-1B,uniform,redundant_entry,True,1,1,2,1,1,"["" redundant""]","["" entry""]"
olmo,OLMo-2-0425-1B,uniform,accessible_authentication,True,1,1,2,1,1,"["" accessible""]","["" authentication""]"
olmo,OLMo-2-0425-1B,uniform,text_spacing,True,1,1,2,1,1,"["" text""]","["" spacing""]"
olmo,OLMo-2-0425-1B,uniform,status_message,True,1,1,2,1,1,"["" status""]","["" message""]"
olmo,OLMo-2-0425-1B,uniform,error_identification,True,1,1,2,1,1,"["" error""]","["" identification""]"
olmo,OLMo-2-0425-1B,uniform,pointer_cancellation,True,1,1,2,1,1,"["" pointer""]","["" cancellation""]"
olmo,OLMo-2-0425-1B,uniform,character_key,True,1,1,2,1,1,"["" character""]","["" key""]"
olmo,OLMo-2-0425-1B,uniform,accessibility_tree,True,1,1,2,1,1,"["" accessibility""]","["" tree""]"
olmo,OLMo-2-0425-1B,uniform,accessible_name,True,1,1,2,1,1,"["" accessible""]","["" name""]"
olmo,OLMo-2-0425-1B,uniform,accessible_description,True,1,1,2,1,1,"["" accessible""]","["" description""]"
olmo,OLMo-2-0425-1B,uniform,live_region,True,1,1,2,1,1,"["" live""]","["" region""]"
olmo,OLMo-2-0425-1B,uniform,tab_panel,True,1,1,2,1,1,"["" tab""]","["" panel""]"
olmo,OLMo-2-0425-1B,uniform,radio_group,True,1,1,2,1,1,"["" radio""]","["" group""]"
olmo,OLMo-2-0425-1B,uniform,tree_grid,True,1,1,2,1,1,"["" tree""]","["" grid""]"
olmo,OLMo-2-0425-1B,uniform,menu_bar,True,1,1,2,1,1,"["" menu""]","["" bar""]"
olmo,OLMo-2-0425-1B,uniform,tool_tip,True,1,1,2,1,1,"["" tool""]","["" tip""]"
olmo,OLMo-2-0425-1B,uniform,combo_box,True,1,1,2,1,1,"["" combo""]","["" box""]"
olmo,OLMo-2-0425-1B,uniform,semantic_markup,True,1,1,2,1,1,"["" semantic""]","["" markup""]"
olmo,OLMo-2-0425-1B,uniform,focus_management,True,1,1,2,1,1,"["" focus""]","["" management""]"
olmo,OLMo-2-0425-1B,uniform,reading_order,True,1,1,2,1,1,"["" reading""]","["" order""]"
olmo,OLMo-2-0425-1B,uniform,text_formatting,True,1,1,2,1,1,"["" text""]","["" formatting""]"
olmo,OLMo-2-0425-1B,uniform,form_field,True,1,1,2,1,1,"["" form""]","["" field""]"
olmo,OLMo-2-0425-1B,uniform,landmark_region,True,1,1,2,1,1,"["" landmark""]","["" region""]"
olmo,OLMo-2-0425-1B,uniform,low_vision,True,1,1,2,1,1,"["" low""]","["" vision""]"
olmo,OLMo-2-0425-1B,uniform,cognitive_disabilities,True,1,1,2,1,1,"["" cognitive""]","["" disabilities""]"
olmo,OLMo-2-0425-1B,uniform,universal_design,True,1,1,2,1,1,"["" universal""]","["" design""]"
olmo,OLMo-2-0425-1B,uniform,decorative_image,True,1,1,2,1,1,"["" decorative""]","["" image""]"
olmo,OLMo-2-0425-1B,uniform,informative_image,True,1,1,2,1,1,"["" informative""]","["" image""]"
olmo,OLMo-2-0425-1B,uniform,responsive_design,True,1,1,2,1,1,"["" responsive""]","["" design""]"
olmo,OLMo-2-0425-1B,uniform,empty_link,False,1,1,2,1,1,"["" empty""]","["" link""]"
olmo,OLMo-2-1124-13B,natural,screen_reader,True,1,1,2,1,1,"["" screen""]","["" reader""]"
olmo,OLMo-2-1124-13B,natural,alt_text,True,1,1,2,1,1,"["" alt""]","["" text""]"
olmo,OLMo-2-1124-13B,natural,skip_link,True,1,1,2,1,1,"["" skip""]","["" link""]"
olmo,OLMo-2-1124-13B,natural,color_contrast,True,1,1,2,1,1,"[""Color""]","["" contrast""]"
olmo,OLMo-2-1124-13B,natural,keyboard_navigation,True,1,1,2,1,1,"[""Keyboard""]","["" navigation""]"
olmo,OLMo-2-1124-13B,natural,closed_captions,True,1,1,2,1,1,"[""Closed""]","["" captions""]"
olmo,OLMo-2-1124-13B,natural,focus_indicator,True,1,1,2,1,1,"["" focus""]","["" indicator""]"
olmo,OLMo-2-1124-13B,natural,semantic_html,True,1,1,2,1,1,"[""Semantic""]","["" HTML""]"
olmo,OLMo-2-1124-13B,natural,form_label,False,1,1,2,1,1,"["" form""]","["" label""]"
olmo,OLMo-2-1124-13B,natural,link_text,False,1,1,2,1,1,"[""Link""]","["" text""]"
olmo,OLMo-2-1124-13B,natural,page_title,False,1,1,2,1,1,"["" page""]","["" title""]"
olmo,OLMo-2-1124-13B,natural,keyboard_interaction,True,1,1,2,1,1,"["" keyboard""]","["" interaction""]"
olmo,OLMo-2-1124-13B,natural,section_heading,True,1,1,2,1,1,"["" section""]","["" heading""]"
olmo,OLMo-2-1124-13B,natural,text_alternative,True,1,1,2,1,1,"["" text""]","["" alternative""]"
olmo,OLMo-2-1124-13B,natural,audio_description,True,1,1,2,1,1,"["" audio""]","["" description""]"
olmo,OLMo-2-1124-13B,natural,sign_language,True,1,1,2,1,1,"[""Sign""]","["" language""]"
olmo,OLMo-2-1124-13B,natural,sensory_characteristics,True,3,1,4,1,1,"[""S"", ""ens"", ""ory""]","["" characteristics""]"
olmo,OLMo-2-1124-13B,natural,input_purpose,True,1,1,2,1,1,"["" input""]","["" purpose""]"
olmo,OLMo-2-1124-13B,natural,target_size,True,1,1,2,1,1,"["" target""]","["" size""]"
olmo,OLMo-2-1124-13B,natural,touch_target,True,1,1,2,1,1,"["" touch""]","["" target""]"
olmo,OLMo-2-1124-13B,natural,drag_movement,True,1,1,2,1,1,"["" drag""]","["" movement""]"
olmo,OLMo-2-1124-13B,natural,focus_appearance,True,1,1,2,1,1,"["" focus""]","["" appearance""]"
olmo,OLMo-2-1124-13B,natural,consistent_help,True,2,1,3,1,1,"[""Cons"", ""istent""]","["" help""]"
olmo,OLMo-2-1124-13B,natural,redundant_entry,True,1,1,2,1,1,"["" redundant""]","["" entry""]"
olmo,OLMo-2-1124-13B,natural,accessible_authentication,True,1,1,2,1,1,"[""Accessible""]","["" authentication""]"
olmo,OLMo-2-1124-13B,natural,text_spacing,True,1,1,2,1,1,"[""Text""]","["" spacing""]"
olmo,OLMo-2-1124-13B,natural,status_message,True,1,1,2,1,1,"["" status""]","["" message""]"
olmo,OLMo-2-1124-13B,natural,error_identification,True,1,1,2,1,1,"[""Error""]","["" identification""]"
olmo,OLMo-2-1124-13B,natural,pointer_cancellation,True,1,1,2,1,1,"[""Pointer""]","["" cancellation""]"
olmo,OLMo-2-1124-13B,natural,character_key,True,1,1,2,1,1,"["" character""]","["" key""]"
olmo,OLMo-2-1124-13B,natural,accessibility_tree,True,1,1,2,1,1,"["" accessibility""]","["" tree""]"
olmo,OLMo-2-1124-13B,natural,accessible_name,True,1,1,2,1,1,"["" accessible""]","["" name""]"
olmo,OLMo-2-1124-13B,natural,accessible_description,True,1,1,2,1,1,"["" accessible""]","["" description""]"
olmo,OLMo-2-1124-13B,natural,live_region,True,1,1,2,1,1,"["" live""]","["" region""]"
olmo,OLMo-2-1124-13B,natural,tab_panel,True,1,1,2,1,1,"["" tab""]","["" panel""]"
olmo,OLMo-2-1124-13B,natural,radio_group,True,1,1,2,1,1,"["" radio""]","["" group""]"
olmo,OLMo-2-1124-13B,natural,tree_grid,True,1,1,2,1,1,"["" tree""]","["" grid""]"
olmo,OLMo-2-1124-13B,natural,menu_bar,True,1,1,2,1,1,"["" menu""]","["" bar""]"
olmo,OLMo-2-1124-13B,natural,tool_tip,True,1,1,2,1,1,"["" tool""]","["" tip""]"
olmo,OLMo-2-1124-13B,natural,combo_box,True,1,1,2,1,1,"["" combo""]","["" box""]"
olmo,OLMo-2-1124-13B,natural,semantic_markup,True,1,1,2,1,1,"[""Semantic""]","["" markup""]"
olmo,OLMo-2-1124-13B,natural,focus_management,True,1,1,2,1,1,"[""Focus""]","["" management""]"
olmo,OLMo-2-1124-13B,natural,reading_order,True,1,1,2,1,1,"[""Reading""]","["" order""]"
olmo,OLMo-2-1124-13B,natural,text_formatting,True,1,1,2,1,1,"[""Text""]","["" formatting""]"
olmo,OLMo-2-1124-13B,natural,form_field,True,1,1,2,1,1,"["" form""]","["" field""]"
olmo,OLMo-2-1124-13B,natural,landmark_region,True,1,1,2,1,1,"["" landmark""]","["" region""]"
olmo,OLMo-2-1124-13B,natural,low_vision,True,1,1,2,1,1,"[""Low""]","["" vision""]"
olmo,OLMo-2-1124-13B,natural,cognitive_disabilities,True,2,1,3,1,1,"[""C"", ""ognitive""]","["" disabilities""]"
olmo,OLMo-2-1124-13B,natural,universal_design,True,1,1,2,1,1,"[""Universal""]","["" design""]"
olmo,OLMo-2-1124-13B,natural,decorative_image,True,1,1,2,1,1,"["" decorative""]","["" image""]"
olmo,OLMo-2-1124-13B,natural,informative_image,True,1,1,2,1,1,"["" informative""]","["" image""]"
olmo,OLMo-2-1124-13B,natural,responsive_design,True,1,1,2,1,1,"[""Responsive""]","["" design""]"
olmo,OLMo-2-1124-13B,natural,empty_link,False,1,1,2,1,1,"["" empty""]","["" link""]"
olmo,OLMo-2-1124-13B,uniform,screen_reader,True,1,1,2,1,1,"["" screen""]","["" reader""]"
olmo,OLMo-2-1124-13B,uniform,alt_text,True,1,1,2,1,1,"["" alt""]","["" text""]"
olmo,OLMo-2-1124-13B,uniform,skip_link,True,1,1,2,1,1,"["" skip""]","["" link""]"
olmo,OLMo-2-1124-13B,uniform,color_contrast,True,1,1,2,1,1,"["" color""]","["" contrast""]"
olmo,OLMo-2-1124-13B,uniform,keyboard_navigation,True,1,1,2,1,1,"["" keyboard""]","["" navigation""]"
olmo,OLMo-2-1124-13B,uniform,closed_captions,True,1,1,2,1,1,"["" closed""]","["" captions""]"
olmo,OLMo-2-1124-13B,uniform,focus_indicator,True,1,1,2,1,1,"["" focus""]","["" indicator""]"
olmo,OLMo-2-1124-13B,uniform,semantic_html,True,1,1,2,1,1,"["" semantic""]","["" HTML""]"
olmo,OLMo-2-1124-13B,uniform,form_label,False,1,1,2,1,1,"["" form""]","["" label""]"
olmo,OLMo-2-1124-13B,uniform,link_text,False,1,1,2,1,1,"["" link""]","["" text""]"
olmo,OLMo-2-1124-13B,uniform,page_title,False,1,1,2,1,1,"["" page""]","["" title""]"
olmo,OLMo-2-1124-13B,uniform,keyboard_interaction,True,1,1,2,1,1,"["" keyboard""]","["" interaction""]"
olmo,OLMo-2-1124-13B,uniform,section_heading,True,1,1,2,1,1,"["" section""]","["" heading""]"
olmo,OLMo-2-1124-13B,uniform,text_alternative,True,1,1,2,1,1,"["" text""]","["" alternative""]"
olmo,OLMo-2-1124-13B,uniform,audio_description,True,1,1,2,1,1,"["" audio""]","["" description""]"
olmo,OLMo-2-1124-13B,uniform,sign_language,True,1,1,2,1,1,"["" sign""]","["" language""]"
olmo,OLMo-2-1124-13B,uniform,sensory_characteristics,True,1,1,2,1,1,"["" sensory""]","["" characteristics""]"
olmo,OLMo-2-1124-13B,uniform,input_purpose,True,1,1,2,1,1,"["" input""]","["" purpose""]"
olmo,OLMo-2-1124-13B,uniform,target_size,True,1,1,2,1,1,"["" target""]","["" size""]"
olmo,OLMo-2-1124-13B,uniform,touch_target,True,1,1,2,1,1,"["" touch""]","["" target""]"
olmo,OLMo-2-1124-13B,uniform,drag_movement,True,1,1,2,1,1,"["" drag""]","["" movement""]"
olmo,OLMo-2-1124-13B,uniform,focus_appearance,True,1,1,2,1,1,"["" focus""]","["" appearance""]"
olmo,OLMo-2-1124-13B,uniform,consistent_help,True,1,1,2,1,1,"["" consistent""]","["" help""]"
olmo,OLMo-2-1124-13B,uniform,redundant_entry,True,1,1,2,1,1,"["" redundant""]","["" entry""]"
olmo,OLMo-2-1124-13B,uniform,accessible_authentication,True,1,1,2,1,1,"["" accessible""]","["" authentication""]"
olmo,OLMo-2-1124-13B,uniform,text_spacing,True,1,1,2,1,1,"["" text""]","["" spacing""]"
olmo,OLMo-2-1124-13B,uniform,status_message,True,1,1,2,1,1,"["" status""]","["" message""]"
olmo,OLMo-2-1124-13B,uniform,error_identification,True,1,1,2,1,1,"["" error""]","["" identification""]"
olmo,OLMo-2-1124-13B,uniform,pointer_cancellation,True,1,1,2,1,1,"["" pointer""]","["" cancellation""]"
olmo,OLMo-2-1124-13B,uniform,character_key,True,1,1,2,1,1,"["" character""]","["" key""]"
olmo,OLMo-2-1124-13B,uniform,accessibility_tree,True,1,1,2,1,1,"["" accessibility""]","["" tree""]"
olmo,OLMo-2-1124-13B,uniform,accessible_name,True,1,1,2,1,1,"["" accessible""]","["" name""]"
olmo,OLMo-2-1124-13B,uniform,accessible_description,True,1,1,2,1,1,"["" accessible""]","["" description""]"
olmo,OLMo-2-1124-13B,uniform,live_region,True,1,1,2,1,1,"["" live""]","["" region""]"
olmo,OLMo-2-1124-13B,uniform,tab_panel,True,1,1,2,1,1,"["" tab""]","["" panel""]"
olmo,OLMo-2-1124-13B,uniform,radio_group,True,1,1,2,1,1,"["" radio""]","["" group""]"
olmo,OLMo-2-1124-13B,uniform,tree_grid,True,1,1,2,1,1,"["" tree""]","["" grid""]"
olmo,OLMo-2-1124-13B,uniform,menu_bar,True,1,1,2,1,1,"["" menu""]","["" bar""]"
olmo,OLMo-2-1124-13B,uniform,tool_tip,True,1,1,2,1,1,"["" tool""]","["" tip""]"
olmo,OLMo-2-1124-13B,uniform,combo_box,True,1,1,2,1,1,"["" combo""]","["" box""]"
olmo,OLMo-2-1124-13B,uniform,semantic_markup,True,1,1,2,1,1,"["" semantic""]","["" markup""]"
olmo,OLMo-2-1124-13B,uniform,focus_management,True,1,1,2,1,1,"["" focus""]","["" management""]"
olmo,OLMo-2-1124-13B,uniform,reading_order,True,1,1,2,1,1,"["" reading""]","["" order""]"
olmo,OLMo-2-1124-13B,uniform,text_formatting,True,1,1,2,1,1,"["" text""]","["" formatting""]"
olmo,OLMo-2-1124-13B,uniform,form_field,True,1,1,2,1,1,"["" form""]","["" field""]"
olmo,OLMo-2-1124-13B,uniform,landmark_region,True,1,1,2,1,1,"["" landmark""]","["" region""]"
olmo,OLMo-2-1124-13B,uniform,low_vision,True,1,1,2,1,1,"["" low""]","["" vision""]"
olmo,OLMo-2-1124-13B,uniform,cognitive_disabilities,True,1,1,2,1,1,"["" cognitive""]","["" disabilities""]"
olmo,OLMo-2-1124-13B,uniform,universal_design,True,1,1,2,1,1,"["" universal""]","["" design""]"
olmo,OLMo-2-1124-13B,uniform,decorative_image,True,1,1,2,1,1,"["" decorative""]","["" image""]"
olmo,OLMo-2-1124-13B,uniform,informative_image,True,1,1,2,1,1,"["" informative""]","["" image""]"
olmo,OLMo-2-1124-13B,uniform,responsive_design,True,1,1,2,1,1,"["" responsive""]","["" design""]"
olmo,OLMo-2-1124-13B,uniform,empty_link,False,1,1,2,1,1,"["" empty""]","["" link""]"
olmo,OLMo-2-1124-7B,natural,screen_reader,True,1,1,2,1,1,"["" screen""]","["" reader""]"
olmo,OLMo-2-1124-7B,natural,alt_text,True,1,1,2,1,1,"["" alt""]","["" text""]"
olmo,OLMo-2-1124-7B,natural,skip_link,True,1,1,2,1,1,"["" skip""]","["" link""]"
olmo,OLMo-2-1124-7B,natural,color_contrast,True,1,1,2,1,1,"[""Color""]","["" contrast""]"
olmo,OLMo-2-1124-7B,natural,keyboard_navigation,True,1,1,2,1,1,"[""Keyboard""]","["" navigation""]"
olmo,OLMo-2-1124-7B,natural,closed_captions,True,1,1,2,1,1,"[""Closed""]","["" captions""]"
olmo,OLMo-2-1124-7B,natural,focus_indicator,True,1,1,2,1,1,"["" focus""]","["" indicator""]"
olmo,OLMo-2-1124-7B,natural,semantic_html,True,1,1,2,1,1,"[""Semantic""]","["" HTML""]"
olmo,OLMo-2-1124-7B,natural,form_label,False,1,1,2,1,1,"["" form""]","["" label""]"
olmo,OLMo-2-1124-7B,natural,link_text,False,1,1,2,1,1,"[""Link""]","["" text""]"
olmo,OLMo-2-1124-7B,natural,page_title,False,1,1,2,1,1,"["" page""]","["" title""]"
olmo,OLMo-2-1124-7B,natural,keyboard_interaction,True,1,1,2,1,1,"["" keyboard""]","["" interaction""]"
olmo,OLMo-2-1124-7B,natural,section_heading,True,1,1,2,1,1,"["" section""]","["" heading""]"
olmo,OLMo-2-1124-7B,natural,text_alternative,True,1,1,2,1,1,"["" text""]","["" alternative""]"
olmo,OLMo-2-1124-7B,natural,audio_description,True,1,1,2,1,1,"["" audio""]","["" description""]"
olmo,OLMo-2-1124-7B,natural,sign_language,True,1,1,2,1,1,"[""Sign""]","["" language""]"
olmo,OLMo-2-1124-7B,natural,sensory_characteristics,True,3,1,4,1,1,"[""S"", ""ens"", ""ory""]","["" characteristics""]"
olmo,OLMo-2-1124-7B,natural,input_purpose,True,1,1,2,1,1,"["" input""]","["" purpose""]"
olmo,OLMo-2-1124-7B,natural,target_size,True,1,1,2,1,1,"["" target""]","["" size""]"
olmo,OLMo-2-1124-7B,natural,touch_target,True,1,1,2,1,1,"["" touch""]","["" target""]"
olmo,OLMo-2-1124-7B,natural,drag_movement,True,1,1,2,1,1,"["" drag""]","["" movement""]"
olmo,OLMo-2-1124-7B,natural,focus_appearance,True,1,1,2,1,1,"["" focus""]","["" appearance""]"
olmo,OLMo-2-1124-7B,natural,consistent_help,True,2,1,3,1,1,"[""Cons"", ""istent""]","["" help""]"
olmo,OLMo-2-1124-7B,natural,redundant_entry,True,1,1,2,1,1,"["" redundant""]","["" entry""]"
olmo,OLMo-2-1124-7B,natural,accessible_authentication,True,1,1,2,1,1,"[""Accessible""]","["" authentication""]"
olmo,OLMo-2-1124-7B,natural,text_spacing,True,1,1,2,1,1,"[""Text""]","["" spacing""]"
olmo,OLMo-2-1124-7B,natural,status_message,True,1,1,2,1,1,"["" status""]","["" message""]"
olmo,OLMo-2-1124-7B,natural,error_identification,True,1,1,2,1,1,"[""Error""]","["" identification""]"
olmo,OLMo-2-1124-7B,natural,pointer_cancellation,True,1,1,2,1,1,"[""Pointer""]","["" cancellation""]"
olmo,OLMo-2-1124-7B,natural,character_key,True,1,1,2,1,1,"["" character""]","["" key""]"
olmo,OLMo-2-1124-7B,natural,accessibility_tree,True,1,1,2,1,1,"["" accessibility""]","["" tree""]"
olmo,OLMo-2-1124-7B,natural,accessible_name,True,1,1,2,1,1,"["" accessible""]","["" name""]"
olmo,OLMo-2-1124-7B,natural,accessible_description,True,1,1,2,1,1,"["" accessible""]","["" description""]"
olmo,OLMo-2-1124-7B,natural,live_region,True,1,1,2,1,1,"["" live""]","["" region""]"
olmo,OLMo-2-1124-7B,natural,tab_panel,True,1,1,2,1,1,"["" tab""]","["" panel""]"
olmo,OLMo-2-1124-7B,natural,radio_group,True,1,1,2,1,1,"["" radio""]","["" group""]"
olmo,OLMo-2-1124-7B,natural,tree_grid,True,1,1,2,1,1,"["" tree""]","["" grid""]"
olmo,OLMo-2-1124-7B,natural,menu_bar,True,1,1,2,1,1,"["" menu""]","["" bar""]"
olmo,OLMo-2-1124-7B,natural,tool_tip,True,1,1,2,1,1,"["" tool""]","["" tip""]"
olmo,OLMo-2-1124-7B,natural,combo_box,True,1,1,2,1,1,"["" combo""]","["" box""]"
olmo,OLMo-2-1124-7B,natural,semantic_markup,True,1,1,2,1,1,"[""Semantic""]","["" markup""]"
olmo,OLMo-2-1124-7B,natural,focus_management,True,1,1,2,1,1,"[""Focus""]","["" management""]"
olmo,OLMo-2-1124-7B,natural,reading_order,True,1,1,2,1,1,"[""Reading""]","["" order""]"
olmo,OLMo-2-1124-7B,natural,text_formatting,True,1,1,2,1,1,"[""Text""]","["" formatting""]"
olmo,OLMo-2-1124-7B,natural,form_field,True,1,1,2,1,1,"["" form""]","["" field""]"
olmo,OLMo-2-1124-7B,natural,landmark_region,True,1,1,2,1,1,"["" landmark""]","["" region""]"
olmo,OLMo-2-1124-7B,natural,low_vision,True,1,1,2,1,1,"[""Low""]","["" vision""]"
olmo,OLMo-2-1124-7B,natural,cognitive_disabilities,True,2,1,3,1,1,"[""C"", ""ognitive""]","["" disabilities""]"
olmo,OLMo-2-1124-7B,natural,universal_design,True,1,1,2,1,1,"[""Universal""]","["" design""]"
olmo,OLMo-2-1124-7B,natural,decorative_image,True,1,1,2,1,1,"["" decorative""]","["" image""]"
olmo,OLMo-2-1124-7B,natural,informative_image,True,1,1,2,1,1,"["" informative""]","["" image""]"
olmo,OLMo-2-1124-7B,natural,responsive_design,True,1,1,2,1,1,"[""Responsive""]","["" design""]"
olmo,OLMo-2-1124-7B,natural,empty_link,False,1,1,2,1,1,"["" empty""]","["" link""]"
olmo,OLMo-2-1124-7B,uniform,screen_reader,True,1,1,2,1,1,"["" screen""]","["" reader""]"
olmo,OLMo-2-1124-7B,uniform,alt_text,True,1,1,2,1,1,"["" alt""]","["" text""]"
olmo,OLMo-2-1124-7B,uniform,skip_link,True,1,1,2,1,1,"["" skip""]","["" link""]"
olmo,OLMo-2-1124-7B,uniform,color_contrast,True,1,1,2,1,1,"["" color""]","["" contrast""]"
olmo,OLMo-2-1124-7B,uniform,keyboard_navigation,True,1,1,2,1,1,"["" keyboard""]","["" navigation""]"
olmo,OLMo-2-1124-7B,uniform,closed_captions,True,1,1,2,1,1,"["" closed""]","["" captions""]"
olmo,OLMo-2-1124-7B,uniform,focus_indicator,True,1,1,2,1,1,"["" focus""]","["" indicator""]"
olmo,OLMo-2-1124-7B,uniform,semantic_html,True,1,1,2,1,1,"["" semantic""]","["" HTML""]"
olmo,OLMo-2-1124-7B,uniform,form_label,False,1,1,2,1,1,"["" form""]","["" label""]"
olmo,OLMo-2-1124-7B,uniform,link_text,False,1,1,2,1,1,"["" link""]","["" text""]"
olmo,OLMo-2-1124-7B,uniform,page_title,False,1,1,2,1,1,"["" page""]","["" title""]"
olmo,OLMo-2-1124-7B,uniform,keyboard_interaction,True,1,1,2,1,1,"["" keyboard""]","["" interaction""]"
olmo,OLMo-2-1124-7B,uniform,section_heading,True,1,1,2,1,1,"["" section""]","["" heading""]"
olmo,OLMo-2-1124-7B,uniform,text_alternative,True,1,1,2,1,1,"["" text""]","["" alternative""]"
olmo,OLMo-2-1124-7B,uniform,audio_description,True,1,1,2,1,1,"["" audio""]","["" description""]"
olmo,OLMo-2-1124-7B,uniform,sign_language,True,1,1,2,1,1,"["" sign""]","["" language""]"
olmo,OLMo-2-1124-7B,uniform,sensory_characteristics,True,1,1,2,1,1,"["" sensory""]","["" characteristics""]"
olmo,OLMo-2-1124-7B,uniform,input_purpose,True,1,1,2,1,1,"["" input""]","["" purpose""]"
olmo,OLMo-2-1124-7B,uniform,target_size,True,1,1,2,1,1,"["" target""]","["" size""]"
olmo,OLMo-2-1124-7B,uniform,touch_target,True,1,1,2,1,1,"["" touch""]","["" target""]"
olmo,OLMo-2-1124-7B,uniform,drag_movement,True,1,1,2,1,1,"["" drag""]","["" movement""]"
olmo,OLMo-2-1124-7B,uniform,focus_appearance,True,1,1,2,1,1,"["" focus""]","["" appearance""]"
olmo,OLMo-2-1124-7B,uniform,consistent_help,True,1,1,2,1,1,"["" consistent""]","["" help""]"
olmo,OLMo-2-1124-7B,uniform,redundant_entry,True,1,1,2,1,1,"["" redundant""]","["" entry""]"
olmo,OLMo-2-1124-7B,uniform,accessible_authentication,True,1,1,2,1,1,"["" accessible""]","["" authentication""]"
olmo,OLMo-2-1124-7B,uniform,text_spacing,True,1,1,2,1,1,"["" text""]","["" spacing""]"
olmo,OLMo-2-1124-7B,uniform,status_message,True,1,1,2,1,1,"["" status""]","["" message""]"
olmo,OLMo-2-1124-7B,uniform,error_identification,True,1,1,2,1,1,"["" error""]","["" identification""]"
olmo,OLMo-2-1124-7B,uniform,pointer_cancellation,True,1,1,2,1,1,"["" pointer""]","["" cancellation""]"
olmo,OLMo-2-1124-7B,uniform,character_key,True,1,1,2,1,1,"["" character""]","["" key""]"
olmo,OLMo-2-1124-7B,uniform,accessibility_tree,True,1,1,2,1,1,"["" accessibility""]","["" tree""]"
olmo,OLMo-2-1124-7B,uniform,accessible_name,True,1,1,2,1,1,"["" accessible""]","["" name""]"
olmo,OLMo-2-1124-7B,uniform,accessible_description,True,1,1,2,1,1,"["" accessible""]","["" description""]"
olmo,OLMo-2-1124-7B,uniform,live_region,True,1,1,2,1,1,"["" live""]","["" region""]"
olmo,OLMo-2-1124-7B,uniform,tab_panel,True,1,1,2,1,1,"["" tab""]","["" panel""]"
olmo,OLMo-2-1124-7B,uniform,radio_group,True,1,1,2,1,1,"["" radio""]","["" group""]"
olmo,OLMo-2-1124-7B,uniform,tree_grid,True,1,1,2,1,1,"["" tree""]","["" grid""]"
olmo,OLMo-2-1124-7B,uniform,menu_bar,True,1,1,2,1,1,"["" menu""]","["" bar""]"
olmo,OLMo-2-1124-7B,uniform,tool_tip,True,1,1,2,1,1,"["" tool""]","["" tip""]"
olmo,OLMo-2-1124-7B,uniform,combo_box,True,1,1,2,1,1,"["" combo""]","["" box""]"
olmo,OLMo-2-1124-7B,uniform,semantic_markup,True,1,1,2,1,1,"["" semantic""]","["" markup""]"
olmo,OLMo-2-1124-7B,uniform,focus_management,True,1,1,2,1,1,"["" focus""]","["" management""]"
olmo,OLMo-2-1124-7B,uniform,reading_order,True,1,1,2,1,1,"["" reading""]","["" order""]"
olmo,OLMo-2-1124-7B,uniform,text_formatting,True,1,1,2,1,1,"["" text""]","["" formatting""]"
olmo,OLMo-2-1124-7B,uniform,form_field,True,1,1,2,1,1,"["" form""]","["" field""]"
olmo,OLMo-2-1124-7B,uniform,landmark_region,True,1,1,2,1,1,"["" landmark""]","["" region""]"
olmo,OLMo-2-1124-7B,uniform,low_vision,True,1,1,2,1,1,"["" low""]","["" vision""]"
olmo,OLMo-2-1124-7B,uniform,cognitive_disabilities,True,1,1,2,1,1,"["" cognitive""]","["" disabilities""]"
olmo,OLMo-2-1124-7B,uniform,universal_design,True,1,1,2,1,1,"["" universal""]","["" design""]"
olmo,OLMo-2-1124-7B,uniform,decorative_image,True,1,1,2,1,1,"["" decorative""]","["" image""]"
olmo,OLMo-2-1124-7B,uniform,informative_image,True,1,1,2,1,1,"["" informative""]","["" image""]"
olmo,OLMo-2-1124-7B,uniform,responsive_design,True,1,1,2,1,1,"["" responsive""]","["" design""]"
olmo,OLMo-2-1124-7B,uniform,empty_link,False,1,1,2,1,1,"["" empty""]","["" link""]"
pythia,pythia-12b,natural,screen_reader,True,1,1,2,1,1,"["" screen""]","["" reader""]"
pythia,pythia-12b,natural,alt_text,True,1,1,2,1,1,"["" alt""]","["" text""]"
pythia,pythia-12b,natural,skip_link,True,1,1,2,1,1,"["" skip""]","["" link""]"
pythia,pythia-12b,natural,color_contrast,True,1,1,2,1,1,"[""Color""]","["" contrast""]"
pythia,pythia-12b,natural,keyboard_navigation,True,2,1,3,1,1,"[""Key"", ""board""]","["" navigation""]"
pythia,pythia-12b,natural,closed_captions,True,1,2,3,1,1,"[""Closed""]","["" capt"", ""ions""]"
pythia,pythia-12b,natural,focus_indicator,True,1,1,2,1,1,"["" focus""]","["" indicator""]"
pythia,pythia-12b,natural,semantic_html,True,2,1,3,1,1,"[""Sem"", ""antic""]","["" HTML""]"
pythia,pythia-12b,natural,form_label,False,1,1,2,1,1,"["" form""]","["" label""]"
pythia,pythia-12b,natural,link_text,False,1,1,2,1,1,"[""Link""]","["" text""]"
pythia,pythia-12b,natural,page_title,False,1,1,2,1,1,"["" page""]","["" title""]"
pythia,pythia-12b,natural,keyboard_interaction,True,1,1,2,1,1,"["" keyboard""]","["" interaction""]"
pythia,pythia-12b,natural,section_heading,True,1,1,2,1,1,"["" section""]","["" heading""]"
pythia,pythia-12b,natural,text_alternative,True,1,1,2,1,1,"["" text""]","["" alternative""]"
pythia,pythia-12b,natural,audio_description,True,1,1,2,1,1,"["" audio""]","["" description""]"
pythia,pythia-12b,natural,sign_language,True,1,1,2,1,1,"[""Sign""]","["" language""]"
pythia,pythia-12b,natural,sensory_characteristics,True,2,1,3,1,1,"[""S"", ""ensory""]","["" characteristics""]"
pythia,pythia-12b,natural,input_purpose,True,1,1,2,1,1,"["" input""]","["" purpose""]"
pythia,pythia-12b,natural,target_size,True,1,1,2,1,1,"["" target""]","["" size""]"
pythia,pythia-12b,natural,touch_target,True,1,1,2,1,1,"["" touch""]","["" target""]"
pythia,pythia-12b,natural,drag_movement,True,1,1,2,1,1,"["" drag""]","["" movement""]"
pythia,pythia-12b,natural,focus_appearance,True,1,1,2,1,1,"["" focus""]","["" appearance""]"
pythia,pythia-12b,natural,consistent_help,True,2,1,3,1,1,"[""Cons"", ""istent""]","["" help""]"
pythia,pythia-12b,natural,redundant_entry,True,1,1,2,1,1,"["" redundant""]","["" entry""]"
pythia,pythia-12b,natural,accessible_authentication,True,2,1,3,1,1,"[""Access"", ""ible""]","["" authentication""]"
pythia,pythia-12b,natural,text_spacing,True,1,1,2,1,1,"[""Text""]","["" spacing""]"
pythia,pythia-12b,natural,status_message,True,1,1,2,1,1,"["" status""]","["" message""]"
pythia,pythia-12b,natural,error_identification,True,1,1,2,1,1,"[""Error""]","["" identification""]"
pythia,pythia-12b,natural,pointer_cancellation,True,1,1,2,1,1,"[""Pointer""]","["" cancellation""]"
pythia,pythia-12b,natural,character_key,True,1,1,2,1,1,"["" character""]","["" key""]"
pythia,pythia-12b,natural,accessibility_tree,True,1,1,2,1,1,"["" accessibility""]","["" tree""]"
pythia,pythia-12b,natural,accessible_name,True,1,1,2,1,1,"["" accessible""]","["" name""]"
pythia,pythia-12b,natural,accessible_description,True,1,1,2,1,1,"["" accessible""]","["" description""]"
pythia,pythia-12b,natural,live_region,True,1,1,2,1,1,"["" live""]","["" region""]"
pythia,pythia-12b,natural,tab_panel,True,1,1,2,1,1,"["" tab""]","["" panel""]"
pythia,pythia-12b,natural,radio_group,True,1,1,2,1,1,"["" radio""]","["" group""]"
pythia,pythia-12b,natural,tree_grid,True,1,1,2,1,1,"["" tree""]","["" grid""]"
pythia,pythia-12b,natural,menu_bar,True,1,1,2,1,1,"["" menu""]","["" bar""]"
pythia,pythia-12b,natural,tool_tip,True,1,1,2,1,1,"["" tool""]","["" tip""]"
pythia,pythia-12b,natural,combo_box,True,1,1,2,1,1,"["" combo""]","["" box""]"
pythia,pythia-12b,natural,semantic_markup,True,2,1,3,1,1,"[""Sem"", ""antic""]","["" markup""]"
pythia,pythia-12b,natural,focus_management,True,1,1,2,1,1,"[""Focus""]","["" management""]"
pythia,pythia-12b,natural,reading_order,True,1,1,2,1,1,"[""Reading""]","["" order""]"
pythia,pythia-12b,natural,text_formatting,True,1,1,2,1,1,"[""Text""]","["" formatting""]"
pythia,pythia-12b,natural,form_field,True,1,1,2,1,1,"["" form""]","["" field""]"
pythia,pythia-12b,natural,landmark_region,True,1,1,2,1,1,"["" landmark""]","["" region""]"
pythia,pythia-12b,natural,low_vision,True,1,1,2,1,1,"[""Low""]","["" vision""]"
pythia,pythia-12b,natural,cognitive_disabilities,True,2,1,3,1,1,"[""C"", ""ognitive""]","["" disabilities""]"
pythia,pythia-12b,natural,universal_design,True,1,1,2,1,1,"[""Universal""]","["" design""]"
pythia,pythia-12b,natural,decorative_image,True,1,1,2,1,1,"["" decorative""]","["" image""]"
pythia,pythia-12b,natural,informative_image,True,1,1,2,1,1,"["" informative""]","["" image""]"
pythia,pythia-12b,natural,responsive_design,True,3,1,4,1,1,"[""Resp"", ""ons"", ""ive""]","["" design""]"
pythia,pythia-12b,natural,empty_link,False,1,1,2,1,1,"["" empty""]","["" link""]"
pythia,pythia-12b,uniform,screen_reader,True,1,1,2,1,1,"["" screen""]","["" reader""]"
pythia,pythia-12b,uniform,alt_text,True,1,1,2,1,1,"["" alt""]","["" text""]"
pythia,pythia-12b,uniform,skip_link,True,1,1,2,1,1,"["" skip""]","["" link""]"
pythia,pythia-12b,uniform,color_contrast,True,1,1,2,1,1,"["" color""]","["" contrast""]"
pythia,pythia-12b,uniform,keyboard_navigation,True,1,1,2,1,1,"["" keyboard""]","["" navigation""]"
pythia,pythia-12b,uniform,closed_captions,True,1,2,3,1,1,"["" closed""]","["" capt"", ""ions""]"
pythia,pythia-12b,uniform,focus_indicator,True,1,1,2,1,1,"["" focus""]","["" indicator""]"
pythia,pythia-12b,uniform,semantic_html,True,1,1,2,1,1,"["" semantic""]","["" HTML""]"
pythia,pythia-12b,uniform,form_label,False,1,1,2,1,1,"["" form""]","["" label""]"
pythia,pythia-12b,uniform,link_text,False,1,1,2,1,1,"["" link""]","["" text""]"
pythia,pythia-12b,uniform,page_title,False,1,1,2,1,1,"["" page""]","["" title""]"
pythia,pythia-12b,uniform,keyboard_interaction,True,1,1,2,1,1,"["" keyboard""]","["" interaction""]"
pythia,pythia-12b,uniform,section_heading,True,1,1,2,1,1,"["" section""]","["" heading""]"
pythia,pythia-12b,uniform,text_alternative,True,1,1,2,1,1,"["" text""]","["" alternative""]"
pythia,pythia-12b,uniform,audio_description,True,1,1,2,1,1,"["" audio""]","["" description""]"
pythia,pythia-12b,uniform,sign_language,True,1,1,2,1,1,"["" sign""]","["" language""]"
pythia,pythia-12b,uniform,sensory_characteristics,True,1,1,2,1,1,"["" sensory""]","["" characteristics""]"
pythia,pythia-12b,uniform,input_purpose,True,1,1,2,1,1,"["" input""]","["" purpose""]"
pythia,pythia-12b,uniform,target_size,True,1,1,2,1,1,"["" target""]","["" size""]"
pythia,pythia-12b,uniform,touch_target,True,1,1,2,1,1,"["" touch""]","["" target""]"
pythia,pythia-12b,uniform,drag_movement,True,1,1,2,1,1,"["" drag""]","["" movement""]"
pythia,pythia-12b,uniform,focus_appearance,True,1,1,2,1,1,"["" focus""]","["" appearance""]"
pythia,pythia-12b,uniform,consistent_help,True,1,1,2,1,1,"["" consistent""]","["" help""]"
pythia,pythia-12b,uniform,redundant_entry,True,1,1,2,1,1,"["" redundant""]","["" entry""]"
pythia,pythia-12b,uniform,accessible_authentication,True,1,1,2,1,1,"["" accessible""]","["" authentication""]"
pythia,pythia-12b,uniform,text_spacing,True,1,1,2,1,1,"["" text""]","["" spacing""]"
pythia,pythia-12b,uniform,status_message,True,1,1,2,1,1,"["" status""]","["" message""]"
pythia,pythia-12b,uniform,error_identification,True,1,1,2,1,1,"["" error""]","["" identification""]"
pythia,pythia-12b,uniform,pointer_cancellation,True,1,1,2,1,1,"["" pointer""]","["" cancellation""]"
pythia,pythia-12b,uniform,character_key,True,1,1,2,1,1,"["" character""]","["" key""]"
pythia,pythia-12b,uniform,accessibility_tree,True,1,1,2,1,1,"["" accessibility""]","["" tree""]"
pythia,pythia-12b,uniform,accessible_name,True,1,1,2,1,1,"["" accessible""]","["" name""]"
pythia,pythia-12b,uniform,accessible_description,True,1,1,2,1,1,"["" accessible""]","["" description""]"
pythia,pythia-12b,uniform,live_region,True,1,1,2,1,1,"["" live""]","["" region""]"
pythia,pythia-12b,uniform,tab_panel,True,1,1,2,1,1,"["" tab""]","["" panel""]"
pythia,pythia-12b,uniform,radio_group,True,1,1,2,1,1,"["" radio""]","["" group""]"
pythia,pythia-12b,uniform,tree_grid,True,1,1,2,1,1,"["" tree""]","["" grid""]"
pythia,pythia-12b,uniform,menu_bar,True,1,1,2,1,1,"["" menu""]","["" bar""]"
pythia,pythia-12b,uniform,tool_tip,True,1,1,2,1,1,"["" tool""]","["" tip""]"
pythia,pythia-12b,uniform,combo_box,True,1,1,2,1,1,"["" combo""]","["" box""]"
pythia,pythia-12b,uniform,semantic_markup,True,1,1,2,1,1,"["" semantic""]","["" markup""]"
pythia,pythia-12b,uniform,focus_management,True,1,1,2,1,1,"["" focus""]","["" management""]"
pythia,pythia-12b,uniform,reading_order,True,1,1,2,1,1,"["" reading""]","["" order""]"
pythia,pythia-12b,uniform,text_formatting,True,1,1,2,1,1,"["" text""]","["" formatting""]"
pythia,pythia-12b,uniform,form_field,True,1,1,2,1,1,"["" form""]","["" field""]"
pythia,pythia-12b,uniform,landmark_region,True,1,1,2,1,1,"["" landmark""]","["" region""]"
pythia,pythia-12b,uniform,low_vision,True,1,1,2,1,1,"["" low""]","["" vision""]"
pythia,pythia-12b,uniform,cognitive_disabilities,True,1,1,2,1,1,"["" cognitive""]","["" disabilities""]"
pythia,pythia-12b,uniform,universal_design,True,1,1,2,1,1,"["" universal""]","["" design""]"
pythia,pythia-12b,uniform,decorative_image,True,1,1,2,1,1,"["" decorative""]","["" image""]"
pythia,pythia-12b,uniform,informative_image,True,1,1,2,1,1,"["" informative""]","["" image""]"
pythia,pythia-12b,uniform,responsive_design,True,1,1,2,1,1,"["" responsive""]","["" design""]"
pythia,pythia-12b,uniform,empty_link,False,1,1,2,1,1,"["" empty""]","["" link""]"
pythia,pythia-160m,natural,screen_reader,True,1,1,2,1,1,"["" screen""]","["" reader""]"
pythia,pythia-160m,natural,alt_text,True,1,1,2,1,1,"["" alt""]","["" text""]"
pythia,pythia-160m,natural,skip_link,True,1,1,2,1,1,"["" skip""]","["" link""]"
pythia,pythia-160m,natural,color_contrast,True,1,1,2,1,1,"[""Color""]","["" contrast""]"
pythia,pythia-160m,natural,keyboard_navigation,True,2,1,3,1,1,"[""Key"", ""board""]","["" navigation""]"
pythia,pythia-160m,natural,closed_captions,True,1,2,3,1,1,"[""Closed""]","["" capt"", ""ions""]"
pythia,pythia-160m,natural,focus_indicator,True,1,1,2,1,1,"["" focus""]","["" indicator""]"
pythia,pythia-160m,natural,semantic_html,True,2,1,3,1,1,"[""Sem"", ""antic""]","["" HTML""]"
pythia,pythia-160m,natural,form_label,False,1,1,2,1,1,"["" form""]","["" label""]"
pythia,pythia-160m,natural,link_text,False,1,1,2,1,1,"[""Link""]","["" text""]"
pythia,pythia-160m,natural,page_title,False,1,1,2,1,1,"["" page""]","["" title""]"
pythia,pythia-160m,natural,keyboard_interaction,True,1,1,2,1,1,"["" keyboard""]","["" interaction""]"
pythia,pythia-160m,natural,section_heading,True,1,1,2,1,1,"["" section""]","["" heading""]"
pythia,pythia-160m,natural,text_alternative,True,1,1,2,1,1,"["" text""]","["" alternative""]"
pythia,pythia-160m,natural,audio_description,True,1,1,2,1,1,"["" audio""]","["" description""]"
pythia,pythia-160m,natural,sign_language,True,1,1,2,1,1,"[""Sign""]","["" language""]"
pythia,pythia-160m,natural,sensory_characteristics,True,2,1,3,1,1,"[""S"", ""ensory""]","["" characteristics""]"
pythia,pythia-160m,natural,input_purpose,True,1,1,2,1,1,"["" input""]","["" purpose""]"
pythia,pythia-160m,natural,target_size,True,1,1,2,1,1,"["" target""]","["" size""]"
pythia,pythia-160m,natural,touch_target,True,1,1,2,1,1,"["" touch""]","["" target""]"
pythia,pythia-160m,natural,drag_movement,True,1,1,2,1,1,"["" drag""]","["" movement""]"
pythia,pythia-160m,natural,focus_appearance,True,1,1,2,1,1,"["" focus""]","["" appearance""]"
pythia,pythia-160m,natural,consistent_help,True,2,1,3,1,1,"[""Cons"", ""istent""]","["" help""]"
pythia,pythia-160m,natural,redundant_entry,True,1,1,2,1,1,"["" redundant""]","["" entry""]"
pythia,pythia-160m,natural,accessible_authentication,True,2,1,3,1,1,"[""Access"", ""ible""]","["" authentication""]"
pythia,pythia-160m,natural,text_spacing,True,1,1,2,1,1,"[""Text""]","["" spacing""]"
pythia,pythia-160m,natural,status_message,True,1,1,2,1,1,"["" status""]","["" message""]"
pythia,pythia-160m,natural,error_identification,True,1,1,2,1,1,"[""Error""]","["" identification""]"
pythia,pythia-160m,natural,pointer_cancellation,True,1,1,2,1,1,"[""Pointer""]","["" cancellation""]"
pythia,pythia-160m,natural,character_key,True,1,1,2,1,1,"["" character""]","["" key""]"
pythia,pythia-160m,natural,accessibility_tree,True,1,1,2,1,1,"["" accessibility""]","["" tree""]"
pythia,pythia-160m,natural,accessible_name,True,1,1,2,1,1,"["" accessible""]","["" name""]"
pythia,pythia-160m,natural,accessible_description,True,1,1,2,1,1,"["" accessible""]","["" description""]"
pythia,pythia-160m,natural,live_region,True,1,1,2,1,1,"["" live""]","["" region""]"
pythia,pythia-160m,natural,tab_panel,True,1,1,2,1,1,"["" tab""]","["" panel""]"
pythia,pythia-160m,natural,radio_group,True,1,1,2,1,1,"["" radio""]","["" group""]"
pythia,pythia-160m,natural,tree_grid,True,1,1,2,1,1,"["" tree""]","["" grid""]"
pythia,pythia-160m,natural,menu_bar,True,1,1,2,1,1,"["" menu""]","["" bar""]"
pythia,pythia-160m,natural,tool_tip,True,1,1,2,1,1,"["" tool""]","["" tip""]"
pythia,pythia-160m,natural,combo_box,True,1,1,2,1,1,"["" combo""]","["" box""]"
pythia,pythia-160m,natural,semantic_markup,True,2,1,3,1,1,"[""Sem"", ""antic""]","["" markup""]"
pythia,pythia-160m,natural,focus_management,True,1,1,2,1,1,"[""Focus""]","["" management""]"
pythia,pythia-160m,natural,reading_order,True,1,1,2,1,1,"[""Reading""]","["" order""]"
pythia,pythia-160m,natural,text_formatting,True,1,1,2,1,1,"[""Text""]","["" formatting""]"
pythia,pythia-160m,natural,form_field,True,1,1,2,1,1,"["" form""]","["" field""]"
pythia,pythia-160m,natural,landmark_region,True,1,1,2,1,1,"["" landmark""]","["" region""]"
pythia,pythia-160m,natural,low_vision,True,1,1,2,1,1,"[""Low""]","["" vision""]"
pythia,pythia-160m,natural,cognitive_disabilities,True,2,1,3,1,1,"[""C"", ""ognitive""]","["" disabilities""]"
pythia,pythia-160m,natural,universal_design,True,1,1,2,1,1,"[""Universal""]","["" design""]"
pythia,pythia-160m,natural,decorative_image,True,1,1,2,1,1,"["" decorative""]","["" image""]"
pythia,pythia-160m,natural,informative_image,True,1,1,2,1,1,"["" informative""]","["" image""]"
pythia,pythia-160m,natural,responsive_design,True,3,1,4,1,1,"[""Resp"", ""ons"", ""ive""]","["" design""]"
pythia,pythia-160m,natural,empty_link,False,1,1,2,1,1,"["" empty""]","["" link""]"
pythia,pythia-160m,uniform,screen_reader,True,1,1,2,1,1,"["" screen""]","["" reader""]"
pythia,pythia-160m,uniform,alt_text,True,1,1,2,1,1,"["" alt""]","["" text""]"
pythia,pythia-160m,uniform,skip_link,True,1,1,2,1,1,"["" skip""]","["" link""]"
pythia,pythia-160m,uniform,color_contrast,True,1,1,2,1,1,"["" color""]","["" contrast""]"
pythia,pythia-160m,uniform,keyboard_navigation,True,1,1,2,1,1,"["" keyboard""]","["" navigation""]"
pythia,pythia-160m,uniform,closed_captions,True,1,2,3,1,1,"["" closed""]","["" capt"", ""ions""]"
pythia,pythia-160m,uniform,focus_indicator,True,1,1,2,1,1,"["" focus""]","["" indicator""]"
pythia,pythia-160m,uniform,semantic_html,True,1,1,2,1,1,"["" semantic""]","["" HTML""]"
pythia,pythia-160m,uniform,form_label,False,1,1,2,1,1,"["" form""]","["" label""]"
pythia,pythia-160m,uniform,link_text,False,1,1,2,1,1,"["" link""]","["" text""]"
pythia,pythia-160m,uniform,page_title,False,1,1,2,1,1,"["" page""]","["" title""]"
pythia,pythia-160m,uniform,keyboard_interaction,True,1,1,2,1,1,"["" keyboard""]","["" interaction""]"
pythia,pythia-160m,uniform,section_heading,True,1,1,2,1,1,"["" section""]","["" heading""]"
pythia,pythia-160m,uniform,text_alternative,True,1,1,2,1,1,"["" text""]","["" alternative""]"
pythia,pythia-160m,uniform,audio_description,True,1,1,2,1,1,"["" audio""]","["" description""]"
pythia,pythia-160m,uniform,sign_language,True,1,1,2,1,1,"["" sign""]","["" language""]"
pythia,pythia-160m,uniform,sensory_characteristics,True,1,1,2,1,1,"["" sensory""]","["" characteristics""]"
pythia,pythia-160m,uniform,input_purpose,True,1,1,2,1,1,"["" input""]","["" purpose""]"
pythia,pythia-160m,uniform,target_size,True,1,1,2,1,1,"["" target""]","["" size""]"
pythia,pythia-160m,uniform,touch_target,True,1,1,2,1,1,"["" touch""]","["" target""]"
pythia,pythia-160m,uniform,drag_movement,True,1,1,2,1,1,"["" drag""]","["" movement""]"
pythia,pythia-160m,uniform,focus_appearance,True,1,1,2,1,1,"["" focus""]","["" appearance""]"
pythia,pythia-160m,uniform,consistent_help,True,1,1,2,1,1,"["" consistent""]","["" help""]"
pythia,pythia-160m,uniform,redundant_entry,True,1,1,2,1,1,"["" redundant""]","["" entry""]"
pythia,pythia-160m,uniform,accessible_authentication,True,1,1,2,1,1,"["" accessible""]","["" authentication""]"
pythia,pythia-160m,uniform,text_spacing,True,1,1,2,1,1,"["" text""]","["" spacing""]"
pythia,pythia-160m,uniform,status_message,True,1,1,2,1,1,"["" status""]","["" message""]"
pythia,pythia-160m,uniform,error_identification,True,1,1,2,1,1,"["" error""]","["" identification""]"
pythia,pythia-160m,uniform,pointer_cancellation,True,1,1,2,1,1,"["" pointer""]","["" cancellation""]"
pythia,pythia-160m,uniform,character_key,True,1,1,2,1,1,"["" character""]","["" key""]"
pythia,pythia-160m,uniform,accessibility_tree,True,1,1,2,1,1,"["" accessibility""]","["" tree""]"
pythia,pythia-160m,uniform,accessible_name,True,1,1,2,1,1,"["" accessible""]","["" name""]"
pythia,pythia-160m,uniform,accessible_description,True,1,1,2,1,1,"["" accessible""]","["" description""]"
pythia,pythia-160m,uniform,live_region,True,1,1,2,1,1,"["" live""]","["" region""]"
pythia,pythia-160m,uniform,tab_panel,True,1,1,2,1,1,"["" tab""]","["" panel""]"
pythia,pythia-160m,uniform,radio_group,True,1,1,2,1,1,"["" radio""]","["" group""]"
pythia,pythia-160m,uniform,tree_grid,True,1,1,2,1,1,"["" tree""]","["" grid""]"
pythia,pythia-160m,uniform,menu_bar,True,1,1,2,1,1,"["" menu""]","["" bar""]"
pythia,pythia-160m,uniform,tool_tip,True,1,1,2,1,1,"["" tool""]","["" tip""]"
pythia,pythia-160m,uniform,combo_box,True,1,1,2,1,1,"["" combo""]","["" box""]"
pythia,pythia-160m,uniform,semantic_markup,True,1,1,2,1,1,"["" semantic""]","["" markup""]"
pythia,pythia-160m,uniform,focus_management,True,1,1,2,1,1,"["" focus""]","["" management""]"
pythia,pythia-160m,uniform,reading_order,True,1,1,2,1,1,"["" reading""]","["" order""]"
pythia,pythia-160m,uniform,text_formatting,True,1,1,2,1,1,"["" text""]","["" formatting""]"
pythia,pythia-160m,uniform,form_field,True,1,1,2,1,1,"["" form""]","["" field""]"
pythia,pythia-160m,uniform,landmark_region,True,1,1,2,1,1,"["" landmark""]","["" region""]"
pythia,pythia-160m,uniform,low_vision,True,1,1,2,1,1,"["" low""]","["" vision""]"
pythia,pythia-160m,uniform,cognitive_disabilities,True,1,1,2,1,1,"["" cognitive""]","["" disabilities""]"
pythia,pythia-160m,uniform,universal_design,True,1,1,2,1,1,"["" universal""]","["" design""]"
pythia,pythia-160m,uniform,decorative_image,True,1,1,2,1,1,"["" decorative""]","["" image""]"
pythia,pythia-160m,uniform,informative_image,True,1,1,2,1,1,"["" informative""]","["" image""]"
pythia,pythia-160m,uniform,responsive_design,True,1,1,2,1,1,"["" responsive""]","["" design""]"
pythia,pythia-160m,uniform,empty_link,False,1,1,2,1,1,"["" empty""]","["" link""]"
pythia,pythia-1b,natural,screen_reader,True,1,1,2,1,1,"["" screen""]","["" reader""]"
pythia,pythia-1b,natural,alt_text,True,1,1,2,1,1,"["" alt""]","["" text""]"
pythia,pythia-1b,natural,skip_link,True,1,1,2,1,1,"["" skip""]","["" link""]"
pythia,pythia-1b,natural,color_contrast,True,1,1,2,1,1,"[""Color""]","["" contrast""]"
pythia,pythia-1b,natural,keyboard_navigation,True,2,1,3,1,1,"[""Key"", ""board""]","["" navigation""]"
pythia,pythia-1b,natural,closed_captions,True,1,2,3,1,1,"[""Closed""]","["" capt"", ""ions""]"
pythia,pythia-1b,natural,focus_indicator,True,1,1,2,1,1,"["" focus""]","["" indicator""]"
pythia,pythia-1b,natural,semantic_html,True,2,1,3,1,1,"[""Sem"", ""antic""]","["" HTML""]"
pythia,pythia-1b,natural,form_label,False,1,1,2,1,1,"["" form""]","["" label""]"
pythia,pythia-1b,natural,link_text,False,1,1,2,1,1,"[""Link""]","["" text""]"
pythia,pythia-1b,natural,page_title,False,1,1,2,1,1,"["" page""]","["" title""]"
pythia,pythia-1b,natural,keyboard_interaction,True,1,1,2,1,1,"["" keyboard""]","["" interaction""]"
pythia,pythia-1b,natural,section_heading,True,1,1,2,1,1,"["" section""]","["" heading""]"
pythia,pythia-1b,natural,text_alternative,True,1,1,2,1,1,"["" text""]","["" alternative""]"
pythia,pythia-1b,natural,audio_description,True,1,1,2,1,1,"["" audio""]","["" description""]"
pythia,pythia-1b,natural,sign_language,True,1,1,2,1,1,"[""Sign""]","["" language""]"
pythia,pythia-1b,natural,sensory_characteristics,True,2,1,3,1,1,"[""S"", ""ensory""]","["" characteristics""]"
pythia,pythia-1b,natural,input_purpose,True,1,1,2,1,1,"["" input""]","["" purpose""]"
pythia,pythia-1b,natural,target_size,True,1,1,2,1,1,"["" target""]","["" size""]"
pythia,pythia-1b,natural,touch_target,True,1,1,2,1,1,"["" touch""]","["" target""]"
pythia,pythia-1b,natural,drag_movement,True,1,1,2,1,1,"["" drag""]","["" movement""]"
pythia,pythia-1b,natural,focus_appearance,True,1,1,2,1,1,"["" focus""]","["" appearance""]"
pythia,pythia-1b,natural,consistent_help,True,2,1,3,1,1,"[""Cons"", ""istent""]","["" help""]"
pythia,pythia-1b,natural,redundant_entry,True,1,1,2,1,1,"["" redundant""]","["" entry""]"
pythia,pythia-1b,natural,accessible_authentication,True,2,1,3,1,1,"[""Access"", ""ible""]","["" authentication""]"
pythia,pythia-1b,natural,text_spacing,True,1,1,2,1,1,"[""Text""]","["" spacing""]"
pythia,pythia-1b,natural,status_message,True,1,1,2,1,1,"["" status""]","["" message""]"
pythia,pythia-1b,natural,error_identification,True,1,1,2,1,1,"[""Error""]","["" identification""]"
pythia,pythia-1b,natural,pointer_cancellation,True,1,1,2,1,1,"[""Pointer""]","["" cancellation""]"
pythia,pythia-1b,natural,character_key,True,1,1,2,1,1,"["" character""]","["" key""]"
pythia,pythia-1b,natural,accessibility_tree,True,1,1,2,1,1,"["" accessibility""]","["" tree""]"
pythia,pythia-1b,natural,accessible_name,True,1,1,2,1,1,"["" accessible""]","["" name""]"
pythia,pythia-1b,natural,accessible_description,True,1,1,2,1,1,"["" accessible""]","["" description""]"
pythia,pythia-1b,natural,live_region,True,1,1,2,1,1,"["" live""]","["" region""]"
pythia,pythia-1b,natural,tab_panel,True,1,1,2,1,1,"["" tab""]","["" panel""]"
pythia,pythia-1b,natural,radio_group,True,1,1,2,1,1,"["" radio""]","["" group""]"
pythia,pythia-1b,natural,tree_grid,True,1,1,2,1,1,"["" tree""]","["" grid""]"
pythia,pythia-1b,natural,menu_bar,True,1,1,2,1,1,"["" menu""]","["" bar""]"
pythia,pythia-1b,natural,tool_tip,True,1,1,2,1,1,"["" tool""]","["" tip""]"
pythia,pythia-1b,natural,combo_box,True,1,1,2,1,1,"["" combo""]","["" box""]"
pythia,pythia-1b,natural,semantic_markup,True,2,1,3,1,1,"[""Sem"", ""antic""]","["" markup""]"
pythia,pythia-1b,natural,focus_management,True,1,1,2,1,1,"[""Focus""]","["" management""]"
pythia,pythia-1b,natural,reading_order,True,1,1,2,1,1,"[""Reading""]","["" order""]"
pythia,pythia-1b,natural,text_formatting,True,1,1,2,1,1,"[""Text""]","["" formatting""]"
pythia,pythia-1b,natural,form_field,True,1,1,2,1,1,"["" form""]","["" field""]"
pythia,pythia-1b,natural,landmark_region,True,1,1,2,1,1,"["" landmark""]","["" region""]"
pythia,pythia-1b,natural,low_vision,True,1,1,2,1,1,"[""Low""]","["" vision""]"
pythia,pythia-1b,natural,cognitive_disabilities,True,2,1,3,1,1,"[""C"", ""ognitive""]","["" disabilities""]"
pythia,pythia-1b,natural,universal_design,True,1,1,2,1,1,"[""Universal""]","["" design""]"
pythia,pythia-1b,natural,decorative_image,True,1,1,2,1,1,"["" decorative""]","["" image""]"
pythia,pythia-1b,natural,informative_image,True,1,1,2,1,1,"["" informative""]","["" image""]"
pythia,pythia-1b,natural,responsive_design,True,3,1,4,1,1,"[""Resp"", ""ons"", ""ive""]","["" design""]"
pythia,pythia-1b,natural,empty_link,False,1,1,2,1,1,"["" empty""]","["" link""]"
pythia,pythia-1b,uniform,screen_reader,True,1,1,2,1,1,"["" screen""]","["" reader""]"
pythia,pythia-1b,uniform,alt_text,True,1,1,2,1,1,"["" alt""]","["" text""]"
pythia,pythia-1b,uniform,skip_link,True,1,1,2,1,1,"["" skip""]","["" link""]"
pythia,pythia-1b,uniform,color_contrast,True,1,1,2,1,1,"["" color""]","["" contrast""]"
pythia,pythia-1b,uniform,keyboard_navigation,True,1,1,2,1,1,"["" keyboard""]","["" navigation""]"
pythia,pythia-1b,uniform,closed_captions,True,1,2,3,1,1,"["" closed""]","["" capt"", ""ions""]"
pythia,pythia-1b,uniform,focus_indicator,True,1,1,2,1,1,"["" focus""]","["" indicator""]"
pythia,pythia-1b,uniform,semantic_html,True,1,1,2,1,1,"["" semantic""]","["" HTML""]"
pythia,pythia-1b,uniform,form_label,False,1,1,2,1,1,"["" form""]","["" label""]"
pythia,pythia-1b,uniform,link_text,False,1,1,2,1,1,"["" link""]","["" text""]"
pythia,pythia-1b,uniform,page_title,False,1,1,2,1,1,"["" page""]","["" title""]"
pythia,pythia-1b,uniform,keyboard_interaction,True,1,1,2,1,1,"["" keyboard""]","["" interaction""]"
pythia,pythia-1b,uniform,section_heading,True,1,1,2,1,1,"["" section""]","["" heading""]"
pythia,pythia-1b,uniform,text_alternative,True,1,1,2,1,1,"["" text""]","["" alternative""]"
pythia,pythia-1b,uniform,audio_description,True,1,1,2,1,1,"["" audio""]","["" description""]"
pythia,pythia-1b,uniform,sign_language,True,1,1,2,1,1,"["" sign""]","["" language""]"
pythia,pythia-1b,uniform,sensory_characteristics,True,1,1,2,1,1,"["" sensory""]","["" characteristics""]"
pythia,pythia-1b,uniform,input_purpose,True,1,1,2,1,1,"["" input""]","["" purpose""]"
pythia,pythia-1b,uniform,target_size,True,1,1,2,1,1,"["" target""]","["" size""]"
pythia,pythia-1b,uniform,touch_target,True,1,1,2,1,1,"["" touch""]","["" target""]"
pythia,pythia-1b,uniform,drag_movement,True,1,1,2,1,1,"["" drag""]","["" movement""]"
pythia,pythia-1b,uniform,focus_appearance,True,1,1,2,1,1,"["" focus""]","["" appearance""]"
pythia,pythia-1b,uniform,consistent_help,True,1,1,2,1,1,"["" consistent""]","["" help""]"
pythia,pythia-1b,uniform,redundant_entry,True,1,1,2,1,1,"["" redundant""]","["" entry""]"
pythia,pythia-1b,uniform,accessible_authentication,True,1,1,2,1,1,"["" accessible""]","["" authentication""]"
pythia,pythia-1b,uniform,text_spacing,True,1,1,2,1,1,"["" text""]","["" spacing""]"
pythia,pythia-1b,uniform,status_message,True,1,1,2,1,1,"["" status""]","["" message""]"
pythia,pythia-1b,uniform,error_identification,True,1,1,2,1,1,"["" error""]","["" identification""]"
pythia,pythia-1b,uniform,pointer_cancellation,True,1,1,2,1,1,"["" pointer""]","["" cancellation""]"
pythia,pythia-1b,uniform,character_key,True,1,1,2,1,1,"["" character""]","["" key""]"
pythia,pythia-1b,uniform,accessibility_tree,True,1,1,2,1,1,"["" accessibility""]","["" tree""]"
pythia,pythia-1b,uniform,accessible_name,True,1,1,2,1,1,"["" accessible""]","["" name""]"
pythia,pythia-1b,uniform,accessible_description,True,1,1,2,1,1,"["" accessible""]","["" description""]"
pythia,pythia-1b,uniform,live_region,True,1,1,2,1,1,"["" live""]","["" region""]"
pythia,pythia-1b,uniform,tab_panel,True,1,1,2,1,1,"["" tab""]","["" panel""]"
pythia,pythia-1b,uniform,radio_group,True,1,1,2,1,1,"["" radio""]","["" group""]"
pythia,pythia-1b,uniform,tree_grid,True,1,1,2,1,1,"["" tree""]","["" grid""]"
pythia,pythia-1b,uniform,menu_bar,True,1,1,2,1,1,"["" menu""]","["" bar""]"
pythia,pythia-1b,uniform,tool_tip,True,1,1,2,1,1,"["" tool""]","["" tip""]"
pythia,pythia-1b,uniform,combo_box,True,1,1,2,1,1,"["" combo""]","["" box""]"
pythia,pythia-1b,uniform,semantic_markup,True,1,1,2,1,1,"["" semantic""]","["" markup""]"
pythia,pythia-1b,uniform,focus_management,True,1,1,2,1,1,"["" focus""]","["" management""]"
pythia,pythia-1b,uniform,reading_order,True,1,1,2,1,1,"["" reading""]","["" order""]"
pythia,pythia-1b,uniform,text_formatting,True,1,1,2,1,1,"["" text""]","["" formatting""]"
pythia,pythia-1b,uniform,form_field,True,1,1,2,1,1,"["" form""]","["" field""]"
pythia,pythia-1b,uniform,landmark_region,True,1,1,2,1,1,"["" landmark""]","["" region""]"
pythia,pythia-1b,uniform,low_vision,True,1,1,2,1,1,"["" low""]","["" vision""]"
pythia,pythia-1b,uniform,cognitive_disabilities,True,1,1,2,1,1,"["" cognitive""]","["" disabilities""]"
pythia,pythia-1b,uniform,universal_design,True,1,1,2,1,1,"["" universal""]","["" design""]"
pythia,pythia-1b,uniform,decorative_image,True,1,1,2,1,1,"["" decorative""]","["" image""]"
pythia,pythia-1b,uniform,informative_image,True,1,1,2,1,1,"["" informative""]","["" image""]"
pythia,pythia-1b,uniform,responsive_design,True,1,1,2,1,1,"["" responsive""]","["" design""]"
pythia,pythia-1b,uniform,empty_link,False,1,1,2,1,1,"["" empty""]","["" link""]"
pythia,pythia-2.8b,natural,screen_reader,True,1,1,2,1,1,"["" screen""]","["" reader""]"
pythia,pythia-2.8b,natural,alt_text,True,1,1,2,1,1,"["" alt""]","["" text""]"
pythia,pythia-2.8b,natural,skip_link,True,1,1,2,1,1,"["" skip""]","["" link""]"
pythia,pythia-2.8b,natural,color_contrast,True,1,1,2,1,1,"[""Color""]","["" contrast""]"
pythia,pythia-2.8b,natural,keyboard_navigation,True,2,1,3,1,1,"[""Key"", ""board""]","["" navigation""]"
pythia,pythia-2.8b,natural,closed_captions,True,1,2,3,1,1,"[""Closed""]","["" capt"", ""ions""]"
pythia,pythia-2.8b,natural,focus_indicator,True,1,1,2,1,1,"["" focus""]","["" indicator""]"
pythia,pythia-2.8b,natural,semantic_html,True,2,1,3,1,1,"[""Sem"", ""antic""]","["" HTML""]"
pythia,pythia-2.8b,natural,form_label,False,1,1,2,1,1,"["" form""]","["" label""]"
pythia,pythia-2.8b,natural,link_text,False,1,1,2,1,1,"[""Link""]","["" text""]"
pythia,pythia-2.8b,natural,page_title,False,1,1,2,1,1,"["" page""]","["" title""]"
pythia,pythia-2.8b,natural,keyboard_interaction,True,1,1,2,1,1,"["" keyboard""]","["" interaction""]"
pythia,pythia-2.8b,natural,section_heading,True,1,1,2,1,1,"["" section""]","["" heading""]"
pythia,pythia-2.8b,natural,text_alternative,True,1,1,2,1,1,"["" text""]","["" alternative""]"
pythia,pythia-2.8b,natural,audio_description,True,1,1,2,1,1,"["" audio""]","["" description""]"
pythia,pythia-2.8b,natural,sign_language,True,1,1,2,1,1,"[""Sign""]","["" language""]"
pythia,pythia-2.8b,natural,sensory_characteristics,True,2,1,3,1,1,"[""S"", ""ensory""]","["" characteristics""]"
pythia,pythia-2.8b,natural,input_purpose,True,1,1,2,1,1,"["" input""]","["" purpose""]"
pythia,pythia-2.8b,natural,target_size,True,1,1,2,1,1,"["" target""]","["" size""]"
pythia,pythia-2.8b,natural,touch_target,True,1,1,2,1,1,"["" touch""]","["" target""]"
pythia,pythia-2.8b,natural,drag_movement,True,1,1,2,1,1,"["" drag""]","["" movement""]"
pythia,pythia-2.8b,natural,focus_appearance,True,1,1,2,1,1,"["" focus""]","["" appearance""]"
pythia,pythia-2.8b,natural,consistent_help,True,2,1,3,1,1,"[""Cons"", ""istent""]","["" help""]"
pythia,pythia-2.8b,natural,redundant_entry,True,1,1,2,1,1,"["" redundant""]","["" entry""]"
pythia,pythia-2.8b,natural,accessible_authentication,True,2,1,3,1,1,"[""Access"", ""ible""]","["" authentication""]"
pythia,pythia-2.8b,natural,text_spacing,True,1,1,2,1,1,"[""Text""]","["" spacing""]"
pythia,pythia-2.8b,natural,status_message,True,1,1,2,1,1,"["" status""]","["" message""]"
pythia,pythia-2.8b,natural,error_identification,True,1,1,2,1,1,"[""Error""]","["" identification""]"
pythia,pythia-2.8b,natural,pointer_cancellation,True,1,1,2,1,1,"[""Pointer""]","["" cancellation""]"
pythia,pythia-2.8b,natural,character_key,True,1,1,2,1,1,"["" character""]","["" key""]"
pythia,pythia-2.8b,natural,accessibility_tree,True,1,1,2,1,1,"["" accessibility""]","["" tree""]"
pythia,pythia-2.8b,natural,accessible_name,True,1,1,2,1,1,"["" accessible""]","["" name""]"
pythia,pythia-2.8b,natural,accessible_description,True,1,1,2,1,1,"["" accessible""]","["" description""]"
pythia,pythia-2.8b,natural,live_region,True,1,1,2,1,1,"["" live""]","["" region""]"
pythia,pythia-2.8b,natural,tab_panel,True,1,1,2,1,1,"["" tab""]","["" panel""]"
pythia,pythia-2.8b,natural,radio_group,True,1,1,2,1,1,"["" radio""]","["" group""]"
pythia,pythia-2.8b,natural,tree_grid,True,1,1,2,1,1,"["" tree""]","["" grid""]"
pythia,pythia-2.8b,natural,menu_bar,True,1,1,2,1,1,"["" menu""]","["" bar""]"
pythia,pythia-2.8b,natural,tool_tip,True,1,1,2,1,1,"["" tool""]","["" tip""]"
pythia,pythia-2.8b,natural,combo_box,True,1,1,2,1,1,"["" combo""]","["" box""]"
pythia,pythia-2.8b,natural,semantic_markup,True,2,1,3,1,1,"[""Sem"", ""antic""]","["" markup""]"
pythia,pythia-2.8b,natural,focus_management,True,1,1,2,1,1,"[""Focus""]","["" management""]"
pythia,pythia-2.8b,natural,reading_order,True,1,1,2,1,1,"[""Reading""]","["" order""]"
pythia,pythia-2.8b,natural,text_formatting,True,1,1,2,1,1,"[""Text""]","["" formatting""]"
pythia,pythia-2.8b,natural,form_field,True,1,1,2,1,1,"["" form""]","["" field""]"
pythia,pythia-2.8b,natural,landmark_region,True,1,1,2,1,1,"["" landmark""]","["" region""]"
pythia,pythia-2.8b,natural,low_vision,True,1,1,2,1,1,"[""Low""]","["" vision""]"
pythia,pythia-2.8b,natural,cognitive_disabilities,True,2,1,3,1,1,"[""C"", ""ognitive""]","["" disabilities""]"
pythia,pythia-2.8b,natural,universal_design,True,1,1,2,1,1,"[""Universal""]","["" design""]"
pythia,pythia-2.8b,natural,decorative_image,True,1,1,2,1,1,"["" decorative""]","["" image""]"
pythia,pythia-2.8b,natural,informative_image,True,1,1,2,1,1,"["" informative""]","["" image""]"
pythia,pythia-2.8b,natural,responsive_design,True,3,1,4,1,1,"[""Resp"", ""ons"", ""ive""]","["" design""]"
pythia,pythia-2.8b,natural,empty_link,False,1,1,2,1,1,"["" empty""]","["" link""]"
pythia,pythia-2.8b,uniform,screen_reader,True,1,1,2,1,1,"["" screen""]","["" reader""]"
pythia,pythia-2.8b,uniform,alt_text,True,1,1,2,1,1,"["" alt""]","["" text""]"
pythia,pythia-2.8b,uniform,skip_link,True,1,1,2,1,1,"["" skip""]","["" link""]"
pythia,pythia-2.8b,uniform,color_contrast,True,1,1,2,1,1,"["" color""]","["" contrast""]"
pythia,pythia-2.8b,uniform,keyboard_navigation,True,1,1,2,1,1,"["" keyboard""]","["" navigation""]"
pythia,pythia-2.8b,uniform,closed_captions,True,1,2,3,1,1,"["" closed""]","["" capt"", ""ions""]"
pythia,pythia-2.8b,uniform,focus_indicator,True,1,1,2,1,1,"["" focus""]","["" indicator""]"
pythia,pythia-2.8b,uniform,semantic_html,True,1,1,2,1,1,"["" semantic""]","["" HTML""]"
pythia,pythia-2.8b,uniform,form_label,False,1,1,2,1,1,"["" form""]","["" label""]"
pythia,pythia-2.8b,uniform,link_text,False,1,1,2,1,1,"["" link""]","["" text""]"
pythia,pythia-2.8b,uniform,page_title,False,1,1,2,1,1,"["" page""]","["" title""]"
pythia,pythia-2.8b,uniform,keyboard_interaction,True,1,1,2,1,1,"["" keyboard""]","["" interaction""]"
pythia,pythia-2.8b,uniform,section_heading,True,1,1,2,1,1,"["" section""]","["" heading""]"
pythia,pythia-2.8b,uniform,text_alternative,True,1,1,2,1,1,"["" text""]","["" alternative""]"
pythia,pythia-2.8b,uniform,audio_description,True,1,1,2,1,1,"["" audio""]","["" description""]"
pythia,pythia-2.8b,uniform,sign_language,True,1,1,2,1,1,"["" sign""]","["" language""]"
pythia,pythia-2.8b,uniform,sensory_characteristics,True,1,1,2,1,1,"["" sensory""]","["" characteristics""]"
pythia,pythia-2.8b,uniform,input_purpose,True,1,1,2,1,1,"["" input""]","["" purpose""]"
pythia,pythia-2.8b,uniform,target_size,True,1,1,2,1,1,"["" target""]","["" size""]"
pythia,pythia-2.8b,uniform,touch_target,True,1,1,2,1,1,"["" touch""]","["" target""]"
pythia,pythia-2.8b,uniform,drag_movement,True,1,1,2,1,1,"["" drag""]","["" movement""]"
pythia,pythia-2.8b,uniform,focus_appearance,True,1,1,2,1,1,"["" focus""]","["" appearance""]"
pythia,pythia-2.8b,uniform,consistent_help,True,1,1,2,1,1,"["" consistent""]","["" help""]"
pythia,pythia-2.8b,uniform,redundant_entry,True,1,1,2,1,1,"["" redundant""]","["" entry""]"
pythia,pythia-2.8b,uniform,accessible_authentication,True,1,1,2,1,1,"["" accessible""]","["" authentication""]"
pythia,pythia-2.8b,uniform,text_spacing,True,1,1,2,1,1,"["" text""]","["" spacing""]"
pythia,pythia-2.8b,uniform,status_message,True,1,1,2,1,1,"["" status""]","["" message""]"
pythia,pythia-2.8b,uniform,error_identification,True,1,1,2,1,1,"["" error""]","["" identification""]"
pythia,pythia-2.8b,uniform,pointer_cancellation,True,1,1,2,1,1,"["" pointer""]","["" cancellation""]"
pythia,pythia-2.8b,uniform,character_key,True,1,1,2,1,1,"["" character""]","["" key""]"
pythia,pythia-2.8b,uniform,accessibility_tree,True,1,1,2,1,1,"["" accessibility""]","["" tree""]"
pythia,pythia-2.8b,uniform,accessible_name,True,1,1,2,1,1,"["" accessible""]","["" name""]"
pythia,pythia-2.8b,uniform,accessible_description,True,1,1,2,1,1,"["" accessible""]","["" description""]"
pythia,pythia-2.8b,uniform,live_region,True,1,1,2,1,1,"["" live""]","["" region""]"
pythia,pythia-2.8b,uniform,tab_panel,True,1,1,2,1,1,"["" tab""]","["" panel""]"
pythia,pythia-2.8b,uniform,radio_group,True,1,1,2,1,1,"["" radio""]","["" group""]"
pythia,pythia-2.8b,uniform,tree_grid,True,1,1,2,1,1,"["" tree""]","["" grid""]"
pythia,pythia-2.8b,uniform,menu_bar,True,1,1,2,1,1,"["" menu""]","["" bar""]"
pythia,pythia-2.8b,uniform,tool_tip,True,1,1,2,1,1,"["" tool""]","["" tip""]"
pythia,pythia-2.8b,uniform,combo_box,True,1,1,2,1,1,"["" combo""]","["" box""]"
pythia,pythia-2.8b,uniform,semantic_markup,True,1,1,2,1,1,"["" semantic""]","["" markup""]"
pythia,pythia-2.8b,uniform,focus_management,True,1,1,2,1,1,"["" focus""]","["" management""]"
pythia,pythia-2.8b,uniform,reading_order,True,1,1,2,1,1,"["" reading""]","["" order""]"
pythia,pythia-2.8b,uniform,text_formatting,True,1,1,2,1,1,"["" text""]","["" formatting""]"
pythia,pythia-2.8b,uniform,form_field,True,1,1,2,1,1,"["" form""]","["" field""]"
pythia,pythia-2.8b,uniform,landmark_region,True,1,1,2,1,1,"["" landmark""]","["" region""]"
pythia,pythia-2.8b,uniform,low_vision,True,1,1,2,1,1,"["" low""]","["" vision""]"
pythia,pythia-2.8b,uniform,cognitive_disabilities,True,1,1,2,1,1,"["" cognitive""]","["" disabilities""]"
pythia,pythia-2.8b,uniform,universal_design,True,1,1,2,1,1,"["" universal""]","["" design""]"
pythia,pythia-2.8b,uniform,decorative_image,True,1,1,2,1,1,"["" decorative""]","["" image""]"
pythia,pythia-2.8b,uniform,informative_image,True,1,1,2,1,1,"["" informative""]","["" image""]"
pythia,pythia-2.8b,uniform,responsive_design,True,1,1,2,1,1,"["" responsive""]","["" design""]"
pythia,pythia-2.8b,uniform,empty_link,False,1,1,2,1,1,"["" empty""]","["" link""]"
pythia,pythia-410m,natural,screen_reader,True,1,1,2,1,1,"["" screen""]","["" reader""]"
pythia,pythia-410m,natural,alt_text,True,1,1,2,1,1,"["" alt""]","["" text""]"
pythia,pythia-410m,natural,skip_link,True,1,1,2,1,1,"["" skip""]","["" link""]"
pythia,pythia-410m,natural,color_contrast,True,1,1,2,1,1,"[""Color""]","["" contrast""]"
pythia,pythia-410m,natural,keyboard_navigation,True,2,1,3,1,1,"[""Key"", ""board""]","["" navigation""]"
pythia,pythia-410m,natural,closed_captions,True,1,2,3,1,1,"[""Closed""]","["" capt"", ""ions""]"
pythia,pythia-410m,natural,focus_indicator,True,1,1,2,1,1,"["" focus""]","["" indicator""]"
pythia,pythia-410m,natural,semantic_html,True,2,1,3,1,1,"[""Sem"", ""antic""]","["" HTML""]"
pythia,pythia-410m,natural,form_label,False,1,1,2,1,1,"["" form""]","["" label""]"
pythia,pythia-410m,natural,link_text,False,1,1,2,1,1,"[""Link""]","["" text""]"
pythia,pythia-410m,natural,page_title,False,1,1,2,1,1,"["" page""]","["" title""]"
pythia,pythia-410m,natural,keyboard_interaction,True,1,1,2,1,1,"["" keyboard""]","["" interaction""]"
pythia,pythia-410m,natural,section_heading,True,1,1,2,1,1,"["" section""]","["" heading""]"
pythia,pythia-410m,natural,text_alternative,True,1,1,2,1,1,"["" text""]","["" alternative""]"
pythia,pythia-410m,natural,audio_description,True,1,1,2,1,1,"["" audio""]","["" description""]"
pythia,pythia-410m,natural,sign_language,True,1,1,2,1,1,"[""Sign""]","["" language""]"
pythia,pythia-410m,natural,sensory_characteristics,True,2,1,3,1,1,"[""S"", ""ensory""]","["" characteristics""]"
pythia,pythia-410m,natural,input_purpose,True,1,1,2,1,1,"["" input""]","["" purpose""]"
pythia,pythia-410m,natural,target_size,True,1,1,2,1,1,"["" target""]","["" size""]"
pythia,pythia-410m,natural,touch_target,True,1,1,2,1,1,"["" touch""]","["" target""]"
pythia,pythia-410m,natural,drag_movement,True,1,1,2,1,1,"["" drag""]","["" movement""]"
pythia,pythia-410m,natural,focus_appearance,True,1,1,2,1,1,"["" focus""]","["" appearance""]"
pythia,pythia-410m,natural,consistent_help,True,2,1,3,1,1,"[""Cons"", ""istent""]","["" help""]"
pythia,pythia-410m,natural,redundant_entry,True,1,1,2,1,1,"["" redundant""]","["" entry""]"
pythia,pythia-410m,natural,accessible_authentication,True,2,1,3,1,1,"[""Access"", ""ible""]","["" authentication""]"
pythia,pythia-410m,natural,text_spacing,True,1,1,2,1,1,"[""Text""]","["" spacing""]"
pythia,pythia-410m,natural,status_message,True,1,1,2,1,1,"["" status""]","["" message""]"
pythia,pythia-410m,natural,error_identification,True,1,1,2,1,1,"[""Error""]","["" identification""]"
pythia,pythia-410m,natural,pointer_cancellation,True,1,1,2,1,1,"[""Pointer""]","["" cancellation""]"
pythia,pythia-410m,natural,character_key,True,1,1,2,1,1,"["" character""]","["" key""]"
pythia,pythia-410m,natural,accessibility_tree,True,1,1,2,1,1,"["" accessibility""]","["" tree""]"
pythia,pythia-410m,natural,accessible_name,True,1,1,2,1,1,"["" accessible""]","["" name""]"
pythia,pythia-410m,natural,accessible_description,True,1,1,2,1,1,"["" accessible""]","["" description""]"
pythia,pythia-410m,natural,live_region,True,1,1,2,1,1,"["" live""]","["" region""]"
pythia,pythia-410m,natural,tab_panel,True,1,1,2,1,1,"["" tab""]","["" panel""]"
pythia,pythia-410m,natural,radio_group,True,1,1,2,1,1,"["" radio""]","["" group""]"
pythia,pythia-410m,natural,tree_grid,True,1,1,2,1,1,"["" tree""]","["" grid""]"
pythia,pythia-410m,natural,menu_bar,True,1,1,2,1,1,"["" menu""]","["" bar""]"
pythia,pythia-410m,natural,tool_tip,True,1,1,2,1,1,"["" tool""]","["" tip""]"
pythia,pythia-410m,natural,combo_box,True,1,1,2,1,1,"["" combo""]","["" box""]"
pythia,pythia-410m,natural,semantic_markup,True,2,1,3,1,1,"[""Sem"", ""antic""]","["" markup""]"
pythia,pythia-410m,natural,focus_management,True,1,1,2,1,1,"[""Focus""]","["" management""]"
pythia,pythia-410m,natural,reading_order,True,1,1,2,1,1,"[""Reading""]","["" order""]"
pythia,pythia-410m,natural,text_formatting,True,1,1,2,1,1,"[""Text""]","["" formatting""]"
pythia,pythia-410m,natural,form_field,True,1,1,2,1,1,"["" form""]","["" field""]"
pythia,pythia-410m,natural,landmark_region,True,1,1,2,1,1,"["" landmark""]","["" region""]"
pythia,pythia-410m,natural,low_vision,True,1,1,2,1,1,"[""Low""]","["" vision""]"
pythia,pythia-410m,natural,cognitive_disabilities,True,2,1,3,1,1,"[""C"", ""ognitive""]","["" disabilities""]"
pythia,pythia-410m,natural,universal_design,True,1,1,2,1,1,"[""Universal""]","["" design""]"
pythia,pythia-410m,natural,decorative_image,True,1,1,2,1,1,"["" decorative""]","["" image""]"
pythia,pythia-410m,natural,informative_image,True,1,1,2,1,1,"["" informative""]","["" image""]"
pythia,pythia-410m,natural,responsive_design,True,3,1,4,1,1,"[""Resp"", ""ons"", ""ive""]","["" design""]"
pythia,pythia-410m,natural,empty_link,False,1,1,2,1,1,"["" empty""]","["" link""]"
pythia,pythia-410m,uniform,screen_reader,True,1,1,2,1,1,"["" screen""]","["" reader""]"
pythia,pythia-410m,uniform,alt_text,True,1,1,2,1,1,"["" alt""]","["" text""]"
pythia,pythia-410m,uniform,skip_link,True,1,1,2,1,1,"["" skip""]","["" link""]"
pythia,pythia-410m,uniform,color_contrast,True,1,1,2,1,1,"["" color""]","["" contrast""]"
pythia,pythia-410m,uniform,keyboard_navigation,True,1,1,2,1,1,"["" keyboard""]","["" navigation""]"
pythia,pythia-410m,uniform,closed_captions,True,1,2,3,1,1,"["" closed""]","["" capt"", ""ions""]"
pythia,pythia-410m,uniform,focus_indicator,True,1,1,2,1,1,"["" focus""]","["" indicator""]"
pythia,pythia-410m,uniform,semantic_html,True,1,1,2,1,1,"["" semantic""]","["" HTML""]"
pythia,pythia-410m,uniform,form_label,False,1,1,2,1,1,"["" form""]","["" label""]"
pythia,pythia-410m,uniform,link_text,False,1,1,2,1,1,"["" link""]","["" text""]"
pythia,pythia-410m,uniform,page_title,False,1,1,2,1,1,"["" page""]","["" title""]"
pythia,pythia-410m,uniform,keyboard_interaction,True,1,1,2,1,1,"["" keyboard""]","["" interaction""]"
pythia,pythia-410m,uniform,section_heading,True,1,1,2,1,1,"["" section""]","["" heading""]"
pythia,pythia-410m,uniform,text_alternative,True,1,1,2,1,1,"["" text""]","["" alternative""]"
pythia,pythia-410m,uniform,audio_description,True,1,1,2,1,1,"["" audio""]","["" description""]"
pythia,pythia-410m,uniform,sign_language,True,1,1,2,1,1,"["" sign""]","["" language""]"
pythia,pythia-410m,uniform,sensory_characteristics,True,1,1,2,1,1,"["" sensory""]","["" characteristics""]"
pythia,pythia-410m,uniform,input_purpose,True,1,1,2,1,1,"["" input""]","["" purpose""]"
pythia,pythia-410m,uniform,target_size,True,1,1,2,1,1,"["" target""]","["" size""]"
pythia,pythia-410m,uniform,touch_target,True,1,1,2,1,1,"["" touch""]","["" target""]"
pythia,pythia-410m,uniform,drag_movement,True,1,1,2,1,1,"["" drag""]","["" movement""]"
pythia,pythia-410m,uniform,focus_appearance,True,1,1,2,1,1,"["" focus""]","["" appearance""]"
pythia,pythia-410m,uniform,consistent_help,True,1,1,2,1,1,"["" consistent""]","["" help""]"
pythia,pythia-410m,uniform,redundant_entry,True,1,1,2,1,1,"["" redundant""]","["" entry""]"
pythia,pythia-410m,uniform,accessible_authentication,True,1,1,2,1,1,"["" accessible""]","["" authentication""]"
pythia,pythia-410m,uniform,text_spacing,True,1,1,2,1,1,"["" text""]","["" spacing""]"
pythia,pythia-410m,uniform,status_message,True,1,1,2,1,1,"["" status""]","["" message""]"
pythia,pythia-410m,uniform,error_identification,True,1,1,2,1,1,"["" error""]","["" identification""]"
pythia,pythia-410m,uniform,pointer_cancellation,True,1,1,2,1,1,"["" pointer""]","["" cancellation""]"
pythia,pythia-410m,uniform,character_key,True,1,1,2,1,1,"["" character""]","["" key""]"
pythia,pythia-410m,uniform,accessibility_tree,True,1,1,2,1,1,"["" accessibility""]","["" tree""]"
pythia,pythia-410m,uniform,accessible_name,True,1,1,2,1,1,"["" accessible""]","["" name""]"
pythia,pythia-410m,uniform,accessible_description,True,1,1,2,1,1,"["" accessible""]","["" description""]"
pythia,pythia-410m,uniform,live_region,True,1,1,2,1,1,"["" live""]","["" region""]"
pythia,pythia-410m,uniform,tab_panel,True,1,1,2,1,1,"["" tab""]","["" panel""]"
pythia,pythia-410m,uniform,radio_group,True,1,1,2,1,1,"["" radio""]","["" group""]"
pythia,pythia-410m,uniform,tree_grid,True,1,1,2,1,1,"["" tree""]","["" grid""]"
pythia,pythia-410m,uniform,menu_bar,True,1,1,2,1,1,"["" menu""]","["" bar""]"
pythia,pythia-410m,uniform,tool_tip,True,1,1,2,1,1,"["" tool""]","["" tip""]"
pythia,pythia-410m,uniform,combo_box,True,1,1,2,1,1,"["" combo""]","["" box""]"
pythia,pythia-410m,uniform,semantic_markup,True,1,1,2,1,1,"["" semantic""]","["" markup""]"
pythia,pythia-410m,uniform,focus_management,True,1,1,2,1,1,"["" focus""]","["" management""]"
pythia,pythia-410m,uniform,reading_order,True,1,1,2,1,1,"["" reading""]","["" order""]"
pythia,pythia-410m,uniform,text_formatting,True,1,1,2,1,1,"["" text""]","["" formatting""]"
pythia,pythia-410m,uniform,form_field,True,1,1,2,1,1,"["" form""]","["" field""]"
pythia,pythia-410m,uniform,landmark_region,True,1,1,2,1,1,"["" landmark""]","["" region""]"
pythia,pythia-410m,uniform,low_vision,True,1,1,2,1,1,"["" low""]","["" vision""]"
pythia,pythia-410m,uniform,cognitive_disabilities,True,1,1,2,1,1,"["" cognitive""]","["" disabilities""]"
pythia,pythia-410m,uniform,universal_design,True,1,1,2,1,1,"["" universal""]","["" design""]"
pythia,pythia-410m,uniform,decorative_image,True,1,1,2,1,1,"["" decorative""]","["" image""]"
pythia,pythia-410m,uniform,informative_image,True,1,1,2,1,1,"["" informative""]","["" image""]"
pythia,pythia-410m,uniform,responsive_design,True,1,1,2,1,1,"["" responsive""]","["" design""]"
pythia,pythia-410m,uniform,empty_link,False,1,1,2,1,1,"["" empty""]","["" link""]"
pythia,pythia-6.9b,natural,screen_reader,True,1,1,2,1,1,"["" screen""]","["" reader""]"
pythia,pythia-6.9b,natural,alt_text,True,1,1,2,1,1,"["" alt""]","["" text""]"
pythia,pythia-6.9b,natural,skip_link,True,1,1,2,1,1,"["" skip""]","["" link""]"
pythia,pythia-6.9b,natural,color_contrast,True,1,1,2,1,1,"[""Color""]","["" contrast""]"
pythia,pythia-6.9b,natural,keyboard_navigation,True,2,1,3,1,1,"[""Key"", ""board""]","["" navigation""]"
pythia,pythia-6.9b,natural,closed_captions,True,1,2,3,1,1,"[""Closed""]","["" capt"", ""ions""]"
pythia,pythia-6.9b,natural,focus_indicator,True,1,1,2,1,1,"["" focus""]","["" indicator""]"
pythia,pythia-6.9b,natural,semantic_html,True,2,1,3,1,1,"[""Sem"", ""antic""]","["" HTML""]"
pythia,pythia-6.9b,natural,form_label,False,1,1,2,1,1,"["" form""]","["" label""]"
pythia,pythia-6.9b,natural,link_text,False,1,1,2,1,1,"[""Link""]","["" text""]"
pythia,pythia-6.9b,natural,page_title,False,1,1,2,1,1,"["" page""]","["" title""]"
pythia,pythia-6.9b,natural,keyboard_interaction,True,1,1,2,1,1,"["" keyboard""]","["" interaction""]"
pythia,pythia-6.9b,natural,section_heading,True,1,1,2,1,1,"["" section""]","["" heading""]"
pythia,pythia-6.9b,natural,text_alternative,True,1,1,2,1,1,"["" text""]","["" alternative""]"
pythia,pythia-6.9b,natural,audio_description,True,1,1,2,1,1,"["" audio""]","["" description""]"
pythia,pythia-6.9b,natural,sign_language,True,1,1,2,1,1,"[""Sign""]","["" language""]"
pythia,pythia-6.9b,natural,sensory_characteristics,True,2,1,3,1,1,"[""S"", ""ensory""]","["" characteristics""]"
pythia,pythia-6.9b,natural,input_purpose,True,1,1,2,1,1,"["" input""]","["" purpose""]"
pythia,pythia-6.9b,natural,target_size,True,1,1,2,1,1,"["" target""]","["" size""]"
pythia,pythia-6.9b,natural,touch_target,True,1,1,2,1,1,"["" touch""]","["" target""]"
pythia,pythia-6.9b,natural,drag_movement,True,1,1,2,1,1,"["" drag""]","["" movement""]"
pythia,pythia-6.9b,natural,focus_appearance,True,1,1,2,1,1,"["" focus""]","["" appearance""]"
pythia,pythia-6.9b,natural,consistent_help,True,2,1,3,1,1,"[""Cons"", ""istent""]","["" help""]"
pythia,pythia-6.9b,natural,redundant_entry,True,1,1,2,1,1,"["" redundant""]","["" entry""]"
pythia,pythia-6.9b,natural,accessible_authentication,True,2,1,3,1,1,"[""Access"", ""ible""]","["" authentication""]"
pythia,pythia-6.9b,natural,text_spacing,True,1,1,2,1,1,"[""Text""]","["" spacing""]"
pythia,pythia-6.9b,natural,status_message,True,1,1,2,1,1,"["" status""]","["" message""]"
pythia,pythia-6.9b,natural,error_identification,True,1,1,2,1,1,"[""Error""]","["" identification""]"
pythia,pythia-6.9b,natural,pointer_cancellation,True,1,1,2,1,1,"[""Pointer""]","["" cancellation""]"
pythia,pythia-6.9b,natural,character_key,True,1,1,2,1,1,"["" character""]","["" key""]"
pythia,pythia-6.9b,natural,accessibility_tree,True,1,1,2,1,1,"["" accessibility""]","["" tree""]"
pythia,pythia-6.9b,natural,accessible_name,True,1,1,2,1,1,"["" accessible""]","["" name""]"
pythia,pythia-6.9b,natural,accessible_description,True,1,1,2,1,1,"["" accessible""]","["" description""]"
pythia,pythia-6.9b,natural,live_region,True,1,1,2,1,1,"["" live""]","["" region""]"
pythia,pythia-6.9b,natural,tab_panel,True,1,1,2,1,1,"["" tab""]","["" panel""]"
pythia,pythia-6.9b,natural,radio_group,True,1,1,2,1,1,"["" radio""]","["" group""]"
pythia,pythia-6.9b,natural,tree_grid,True,1,1,2,1,1,"["" tree""]","["" grid""]"
pythia,pythia-6.9b,natural,menu_bar,True,1,1,2,1,1,"["" menu""]","["" bar""]"
pythia,pythia-6.9b,natural,tool_tip,True,1,1,2,1,1,"["" tool""]","["" tip""]"
pythia,pythia-6.9b,natural,combo_box,True,1,1,2,1,1,"["" combo""]","["" box""]"
pythia,pythia-6.9b,natural,semantic_markup,True,2,1,3,1,1,"[""Sem"", ""antic""]","["" markup""]"
pythia,pythia-6.9b,natural,focus_management,True,1,1,2,1,1,"[""Focus""]","["" management""]"
pythia,pythia-6.9b,natural,reading_order,True,1,1,2,1,1,"[""Reading""]","["" order""]"
pythia,pythia-6.9b,natural,text_formatting,True,1,1,2,1,1,"[""Text""]","["" formatting""]"
pythia,pythia-6.9b,natural,form_field,True,1,1,2,1,1,"["" form""]","["" field""]"
pythia,pythia-6.9b,natural,landmark_region,True,1,1,2,1,1,"["" landmark""]","["" region""]"
pythia,pythia-6.9b,natural,low_vision,True,1,1,2,1,1,"[""Low""]","["" vision""]"
pythia,pythia-6.9b,natural,cognitive_disabilities,True,2,1,3,1,1,"[""C"", ""ognitive""]","["" disabilities""]"
pythia,pythia-6.9b,natural,universal_design,True,1,1,2,1,1,"[""Universal""]","["" design""]"
pythia,pythia-6.9b,natural,decorative_image,True,1,1,2,1,1,"["" decorative""]","["" image""]"
pythia,pythia-6.9b,natural,informative_image,True,1,1,2,1,1,"["" informative""]","["" image""]"
pythia,pythia-6.9b,natural,responsive_design,True,3,1,4,1,1,"[""Resp"", ""ons"", ""ive""]","["" design""]"
pythia,pythia-6.9b,natural,empty_link,False,1,1,2,1,1,"["" empty""]","["" link""]"
pythia,pythia-6.9b,uniform,screen_reader,True,1,1,2,1,1,"["" screen""]","["" reader""]"
pythia,pythia-6.9b,uniform,alt_text,True,1,1,2,1,1,"["" alt""]","["" text""]"
pythia,pythia-6.9b,uniform,skip_link,True,1,1,2,1,1,"["" skip""]","["" link""]"
pythia,pythia-6.9b,uniform,color_contrast,True,1,1,2,1,1,"["" color""]","["" contrast""]"
pythia,pythia-6.9b,uniform,keyboard_navigation,True,1,1,2,1,1,"["" keyboard""]","["" navigation""]"
pythia,pythia-6.9b,uniform,closed_captions,True,1,2,3,1,1,"["" closed""]","["" capt"", ""ions""]"
pythia,pythia-6.9b,uniform,focus_indicator,True,1,1,2,1,1,"["" focus""]","["" indicator""]"
pythia,pythia-6.9b,uniform,semantic_html,True,1,1,2,1,1,"["" semantic""]","["" HTML""]"
pythia,pythia-6.9b,uniform,form_label,False,1,1,2,1,1,"["" form""]","["" label""]"
pythia,pythia-6.9b,uniform,link_text,False,1,1,2,1,1,"["" link""]","["" text""]"
pythia,pythia-6.9b,uniform,page_title,False,1,1,2,1,1,"["" page""]","["" title""]"
pythia,pythia-6.9b,uniform,keyboard_interaction,True,1,1,2,1,1,"["" keyboard""]","["" interaction""]"
pythia,pythia-6.9b,uniform,section_heading,True,1,1,2,1,1,"["" section""]","["" heading""]"
pythia,pythia-6.9b,uniform,text_alternative,True,1,1,2,1,1,"["" text""]","["" alternative""]"
pythia,pythia-6.9b,uniform,audio_description,True,1,1,2,1,1,"["" audio""]","["" description""]"
pythia,pythia-6.9b,uniform,sign_language,True,1,1,2,1,1,"["" sign""]","["" language""]"
pythia,pythia-6.9b,uniform,sensory_characteristics,True,1,1,2,1,1,"["" sensory""]","["" characteristics""]"
pythia,pythia-6.9b,uniform,input_purpose,True,1,1,2,1,1,"["" input""]","["" purpose""]"
pythia,pythia-6.9b,uniform,target_size,True,1,1,2,1,1,"["" target""]","["" size""]"
pythia,pythia-6.9b,uniform,touch_target,True,1,1,2,1,1,"["" touch""]","["" target""]"
pythia,pythia-6.9b,uniform,drag_movement,True,1,1,2,1,1,"["" drag""]","["" movement""]"
pythia,pythia-6.9b,uniform,focus_appearance,True,1,1,2,1,1,"["" focus""]","["" appearance""]"
pythia,pythia-6.9b,uniform,consistent_help,True,1,1,2,1,1,"["" consistent""]","["" help""]"
pythia,pythia-6.9b,uniform,redundant_entry,True,1,1,2,1,1,"["" redundant""]","["" entry""]"
pythia,pythia-6.9b,uniform,accessible_authentication,True,1,1,2,1,1,"["" accessible""]","["" authentication""]"
pythia,pythia-6.9b,uniform,text_spacing,True,1,1,2,1,1,"["" text""]","["" spacing""]"
pythia,pythia-6.9b,uniform,status_message,True,1,1,2,1,1,"["" status""]","["" message""]"
pythia,pythia-6.9b,uniform,error_identification,True,1,1,2,1,1,"["" error""]","["" identification""]"
pythia,pythia-6.9b,uniform,pointer_cancellation,True,1,1,2,1,1,"["" pointer""]","["" cancellation""]"
pythia,pythia-6.9b,uniform,character_key,True,1,1,2,1,1,"["" character""]","["" key""]"
pythia,pythia-6.9b,uniform,accessibility_tree,True,1,1,2,1,1,"["" accessibility""]","["" tree""]"
pythia,pythia-6.9b,uniform,accessible_name,True,1,1,2,1,1,"["" accessible""]","["" name""]"
pythia,pythia-6.9b,uniform,accessible_description,True,1,1,2,1,1,"["" accessible""]","["" description""]"
pythia,pythia-6.9b,uniform,live_region,True,1,1,2,1,1,"["" live""]","["" region""]"
pythia,pythia-6.9b,uniform,tab_panel,True,1,1,2,1,1,"["" tab""]","["" panel""]"
pythia,pythia-6.9b,uniform,radio_group,True,1,1,2,1,1,"["" radio""]","["" group""]"
pythia,pythia-6.9b,uniform,tree_grid,True,1,1,2,1,1,"["" tree""]","["" grid""]"
pythia,pythia-6.9b,uniform,menu_bar,True,1,1,2,1,1,"["" menu""]","["" bar""]"
pythia,pythia-6.9b,uniform,tool_tip,True,1,1,2,1,1,"["" tool""]","["" tip""]"
pythia,pythia-6.9b,uniform,combo_box,True,1,1,2,1,1,"["" combo""]","["" box""]"
pythia,pythia-6.9b,uniform,semantic_markup,True,1,1,2,1,1,"["" semantic""]","["" markup""]"
pythia,pythia-6.9b,uniform,focus_management,True,1,1,2,1,1,"["" focus""]","["" management""]"
pythia,pythia-6.9b,uniform,reading_order,True,1,1,2,1,1,"["" reading""]","["" order""]"
pythia,pythia-6.9b,uniform,text_formatting,True,1,1,2,1,1,"["" text""]","["" formatting""]"
pythia,pythia-6.9b,uniform,form_field,True,1,1,2,1,1,"["" form""]","["" field""]"
pythia,pythia-6.9b,uniform,landmark_region,True,1,1,2,1,1,"["" landmark""]","["" region""]"
pythia,pythia-6.9b,uniform,low_vision,True,1,1,2,1,1,"["" low""]","["" vision""]"
pythia,pythia-6.9b,uniform,cognitive_disabilities,True,1,1,2,1,1,"["" cognitive""]","["" disabilities""]"
pythia,pythia-6.9b,uniform,universal_design,True,1,1,2,1,1,"["" universal""]","["" design""]"
pythia,pythia-6.9b,uniform,decorative_image,True,1,1,2,1,1,"["" decorative""]","["" image""]"
pythia,pythia-6.9b,uniform,informative_image,True,1,1,2,1,1,"["" informative""]","["" image""]"
pythia,pythia-6.9b,uniform,responsive_design,True,1,1,2,1,1,"["" responsive""]","["" design""]"
pythia,pythia-6.9b,uniform,empty_link,False,1,1,2,1,1,"["" empty""]","["" link""]"
