family,model,layer,head,n_compounds,relative_layer_depth,rho,p_two_sided,q_bh_within_model,bootstrap_ci_low,bootstrap_ci_high,bootstrap_negative_fraction,bootstrap_valid_resamples,upper_tail_compound_count
gpt2,gpt2,8,0,49,0.75,-0.09704081632653061,0.5071269216025965,0.6090909194818909,-0.3625754340160598,0.19397103855409584,0.736,2000,0
gpt2,gpt2,8,1,49,0.75,-0.09826530612244898,0.5017565667106122,0.6090909194818909,-0.4019770126032404,0.2221507995450143,0.744,2000,0
gpt2,gpt2,8,2,49,0.75,-0.07612244897959183,0.6031635145354516,0.6732988069232948,-0.3551054410773,0.21733435645500548,0.685,2000,0
gpt2,gpt2,8,3,49,0.75,0.14979591836734693,0.30427311444086724,0.5113891400910513,-0.14405148803987747,0.40920093667668206,0.146,2000,0
gpt2,gpt2,8,4,49,0.75,-0.21520408163265306,0.1375434015530709,0.3787178581371584,-0.43741066204723494,0.07207305046140841,0.939,2000,1
gpt2,gpt2,8,5,49,0.75,-0.009183673469387756,0.9500631813124428,0.9500631813124428,-0.32236784735857504,0.2909456005915965,0.5195,2000,0
gpt2,gpt2,8,6,49,0.75,0.14479591836734693,0.3208807730756195,0.5113891400910513,-0.13921415472528512,0.3989259859000795,0.1665,2000,0
gpt2,gpt2,8,7,49,0.75,-0.23806122448979591,0.09951978257651468,0.3141007170157994,-0.5095373183919764,0.05079760189269814,0.9465,2000,11
gpt2,gpt2,8,8,49,0.75,0.3342857142857143,0.018896287987939357,0.3141007170157994,0.06106509943468348,0.5729083923662845,0.009,2000,0
gpt2,gpt2,8,9,49,0.75,-0.01673469387755102,0.9091373563704662,0.9284807043783484,-0.31084012130044164,0.2708803454667596,0.551,2000,1
gpt2,gpt2,8,10,49,0.75,0.2092857142857143,0.14895896848616805,0.3787178581371584,-0.11843878116663221,0.5004416476581379,0.093,2000,0
gpt2,gpt2,8,11,49,0.75,0.20826530612244898,0.15099589221983956,0.3787178581371584,-0.12764486533864597,0.4763000700981274,0.102,2000,0
gpt2,gpt2,9,0,49,0.8333333333333334,-0.02520408163265306,0.8635151695264388,0.9010593073319362,-0.31771144515330085,0.27146862172937486,0.555,2000,0
gpt2,gpt2,9,1,49,0.8333333333333334,-0.14387755102040817,0.3239922875303102,0.5113891400910513,-0.43507646346121215,0.15255263575939468,0.825,2000,0
gpt2,gpt2,9,2,49,0.8333333333333334,0.11673469387755102,0.42441536224129695,0.5658871496550626,-0.18411374017812043,0.3964988757988756,0.202,2000,0
gpt2,gpt2,9,3,49,0.8333333333333334,-0.31612244897959185,0.02691012738430433,0.3141007170157994,-0.5684997327701463,-0.04228592008036226,0.9865,2000,6
gpt2,gpt2,9,4,49,0.8333333333333334,0.24377551020408164,0.09142135406710993,0.3141007170157994,-0.07999235748021191,0.5270493263515287,0.061,2000,0
gpt2,gpt2,9,5,49,0.8333333333333334,0.1273469387755102,0.3832226051694292,0.5574146984282606,-0.17724388302943853,0.4105588699813138,0.2,2000,0
gpt2,gpt2,9,6,49,0.8333333333333334,0.14204081632653062,0.33027215297547063,0.5113891400910513,-0.1815953842555411,0.4174342626386155,0.1825,2000,0
gpt2,gpt2,9,7,49,0.8333333333333334,-0.05897959183673469,0.6872793889022093,0.7497593333478646,-0.35636967412609927,0.24129565597509792,0.664,2000,0
gpt2,gpt2,9,8,49,0.8333333333333334,0.17357142857142857,0.23298170418702593,0.46596340837405187,-0.13410874347644208,0.4326554244730111,0.126,2000,0
gpt2,gpt2,9,9,49,0.8333333333333334,0.19408163265306122,0.18146897369072174,0.3787178581371584,-0.11219058182874375,0.4489930792707502,0.0975,2000,0
gpt2,gpt2,9,10,49,0.8333333333333334,-0.1186734693877551,0.4167084521626799,0.5658871496550626,-0.40728090692414176,0.18172268618248155,0.788,2000,0
gpt2,gpt2,9,11,49,0.8333333333333334,0.23612244897959184,0.10238977826680044,0.3141007170157994,-0.0621215711698559,0.47878881890635133,0.0615,2000,0
gpt2,gpt2,10,0,49,0.9166666666666666,0.11846938775510205,0.4175159233428898,0.5658871496550626,-0.19684124156486563,0.3953164690986626,0.2355,2000,0
gpt2,gpt2,10,1,49,0.9166666666666666,0.07683673469387756,0.599757649452527,0.6732988069232948,-0.22278985905784865,0.36087530737941637,0.313,2000,1
gpt2,gpt2,10,2,49,0.9166666666666666,0.24928571428571428,0.08410682609004097,0.3141007170157994,-0.04767288202871024,0.49900637903604267,0.0525,2000,0
gpt2,gpt2,10,3,49,0.9166666666666666,0.19581632653061223,0.1775217568695534,0.3787178581371584,-0.12607051413457115,0.4669206916678826,0.114,2000,0
gpt2,gpt2,10,4,49,0.9166666666666666,0.31846938775510203,0.025737104750558217,0.3141007170157994,0.038233479702096514,0.5566294454265389,0.0135,2000,1
gpt2,gpt2,10,5,49,0.9166666666666666,0.14265306122448979,0.3281704483758143,0.5113891400910513,-0.13755673872562163,0.3919048761810386,0.1605,2000,3
gpt2,gpt2,10,6,49,0.9166666666666666,0.09693877551020408,0.5075757662349091,0.6090909194818909,-0.2046952102026148,0.37837970790042835,0.2775,2000,1
gpt2,gpt2,10,7,49,0.9166666666666666,0.3031632653061225,0.03421976039931702,0.3141007170157994,-0.0159972891589139,0.5640725631738415,0.032,2000,0
gpt2,gpt2,10,8,49,0.9166666666666666,0.39387755102040817,0.005108049258603196,0.2451863644129534,0.15342083905506676,0.6119985639954688,0.0,2000,0
gpt2,gpt2,10,9,49,0.9166666666666666,-0.19448979591836735,0.18053459617039744,0.3787178581371584,-0.48017851670990624,0.08295077841752285,0.9085,2000,18
gpt2,gpt2,10,10,49,0.9166666666666666,0.13244897959183674,0.36429354174468587,0.5464403126170287,-0.18211419553027544,0.4039628040227429,0.2105,2000,0
gpt2,gpt2,10,11,49,0.9166666666666666,-0.26081632653061226,0.07028740092367919,0.3141007170157994,-0.49519969263745106,0.007414638793610552,0.9715,2000,1
gpt2,gpt2,11,0,49,1.0,0.2516326530612245,0.08113414711907502,0.3141007170157994,-0.04399070352349387,0.5010280739278805,0.0395,2000,49
gpt2,gpt2,11,1,49,1.0,0.16142857142857142,0.267811842817025,0.5035306641801346,-0.12881686038991508,0.42541542691764667,0.128,2000,0
gpt2,gpt2,11,2,49,1.0,0.2345918367346939,0.10470023900526647,0.3141007170157994,-0.09192172034299614,0.5159337763510957,0.0805,2000,0
gpt2,gpt2,11,3,49,1.0,0.08489795918367347,0.5619194695061138,0.6578569399095966,-0.20940669387037508,0.3541575406195992,0.278,2000,0
gpt2,gpt2,11,4,49,1.0,0.27418367346938777,0.05659159349204686,0.3141007170157994,0.01361187920450275,0.5092752114951923,0.0205,2000,2
gpt2,gpt2,11,5,49,1.0,0.15979591836734694,0.2727457764309062,0.5035306641801346,-0.14618613865704927,0.43634776823560667,0.162,2000,0
gpt2,gpt2,11,6,49,1.0,0.2571428571428571,0.07447899747443691,0.3141007170157994,-0.030902352876591366,0.4983649918836178,0.0415,2000,0
gpt2,gpt2,11,7,49,1.0,0.2577551020408163,0.07376699737609083,0.3141007170157994,-0.02570897018712757,0.5023675287160562,0.0405,2000,0
gpt2,gpt2,11,8,49,1.0,0.037959183673469385,0.7956752944109444,0.8487203140383407,-0.2793206742229648,0.3584017594871418,0.3955,2000,49
gpt2,gpt2,11,9,49,1.0,-0.1110204081632653,0.44759363680441894,0.5806620153138408,-0.351494997477494,0.13802322338701822,0.7855,2000,0
gpt2,gpt2,11,10,49,1.0,0.20153061224489796,0.16495721661885476,0.3787178581371584,-0.09830861155887453,0.45751211331714997,0.0935,2000,0
gpt2,gpt2,11,11,49,1.0,-0.24959183673469387,0.0837143174173463,0.3141007170157994,-0.5065997220521959,0.02642893707586762,0.9585,2000,3
gpt2,gpt2-large,24,0,49,0.6944444444444444,0.11846938775510205,0.4175159233428898,0.8499417672325363,-0.18254635211967188,0.40421510262860455,0.2285,2000,2
gpt2,gpt2-large,24,1,49,0.6944444444444444,-0.14591836734693878,0.31710355961603,0.8183317667510451,-0.39525269865921353,0.13601273601751823,0.8435,2000,0
gpt2,gpt2-large,24,2,49,0.6944444444444444,0.03693877551020408,0.8010547535475069,0.9475177444961355,-0.2424963052701222,0.334306514265427,0.3885,2000,15
gpt2,gpt2-large,24,3,49,0.6944444444444444,-0.3593877551020408,0.011208508876214034,0.3833617995595149,-0.5653315590832909,-0.07715906883007004,0.9935,2000,9
gpt2,gpt2-large,24,4,49,0.6944444444444444,-0.07091836734693878,0.6282271951711967,0.9072785223588568,-0.3719271909963415,0.23960114654097145,0.686,2000,4
gpt2,gpt2-large,24,5,49,0.6944444444444444,-0.09357142857142857,0.5225000474828323,0.8530613020127874,-0.3800419466519139,0.20261302681992305,0.743,2000,0
gpt2,gpt2-large,24,6,49,0.6944444444444444,0.15091836734693878,0.3006222094160554,0.7911511296351429,-0.13975778075687514,0.42849292040785425,0.157,2000,6
gpt2,gpt2-large,24,7,49,0.6944444444444444,-0.22142857142857142,0.12625530076983527,0.6588862215163387,-0.4456632672190329,0.04993014974164564,0.952,2000,0
gpt2,gpt2-large,24,8,49,0.6944444444444444,-0.0536734693877551,0.7141566491708616,0.9291386674459162,-0.3608793690380825,0.26539758769467314,0.6425,2000,0
gpt2,gpt2-large,24,9,49,0.6944444444444444,-0.08193877551020408,0.5756792414637141,0.9030262611195515,-0.34460943926433457,0.20438284152018918,0.694,2000,6
gpt2,gpt2-large,24,10,49,0.6944444444444444,-0.2692857142857143,0.061336018881222816,0.6588862215163387,-0.5305356757062737,0.01673268408384419,0.965,2000,0
gpt2,gpt2-large,24,11,49,0.6944444444444444,0.12612244897959185,0.3878507937171757,0.8278702122897139,-0.22027199510042292,0.42111461803390093,0.235,2000,0
gpt2,gpt2-large,24,12,49,0.6944444444444444,-0.225,0.12010183630671713,0.6588862215163387,-0.46587808174879214,0.053329083325168884,0.94,2000,9
gpt2,gpt2-large,24,13,49,0.6944444444444444,-0.006224489795918367,0.9661423616350318,0.9705806128510164,-0.29431051347250287,0.29533578486470674,0.5095,2000,0
gpt2,gpt2-large,24,14,49,0.6944444444444444,-0.050816326530612244,0.7287749452977363,0.9291386674459162,-0.34689514835460145,0.25446031462672825,0.6045,2000,0
gpt2,gpt2-large,24,15,49,0.6944444444444444,-0.1303061224489796,0.37217379216390156,0.8278702122897139,-0.3861970767219067,0.13153129658246995,0.8325,2000,0
gpt2,gpt2-large,24,16,49,0.6944444444444444,-0.26357142857142857,0.06726836349677892,0.6588862215163387,-0.4989601483025479,0.004563392747050944,0.9725,2000,1
gpt2,gpt2-large,24,17,49,0.6944444444444444,0.10857142857142857,0.45773620073596405,0.8499417672325363,-0.21664909991591208,0.38662585947499567,0.2425,2000,7
gpt2,gpt2-large,24,18,49,0.6944444444444444,0.21540816326530612,0.1371617501009882,0.6588862215163387,-0.11440242316497054,0.48584274758070595,0.0925,2000,4
gpt2,gpt2-large,24,19,49,0.6944444444444444,-0.037653061224489796,0.7972881578268328,0.9475177444961355,-0.3216067997565901,0.2557588025765846,0.5935,2000,10
gpt2,gpt2-large,25,0,49,0.7222222222222222,0.07918367346938776,0.5886267639580514,0.9070630663846926,-0.23533751658154342,0.366558660281688,0.303,2000,0
gpt2,gpt2-large,25,1,49,0.7222222222222222,-0.29346938775510206,0.04070144453219708,0.6512231125151533,-0.5665490273870882,0.018760758298385385,0.968,2000,1
gpt2,gpt2-large,25,2,49,0.7222222222222222,-0.06857142857142857,0.639669899817597,0.9072785223588568,-0.363013518235917,0.2398210969117765,0.6725,2000,0
gpt2,gpt2-large,25,3,49,0.7222222222222222,0.012959183673469387,0.9295777391162784,0.9567021566115823,-0.2835745292860632,0.309305687504744,0.4715,2000,2
gpt2,gpt2-large,25,4,49,0.7222222222222222,-0.3893877551020408,0.005684913626700442,0.27287585408162124,-0.6009970684457105,-0.11131363882582017,0.997,2000,3
gpt2,gpt2-large,25,5,49,0.7222222222222222,-0.02510204081632653,0.8640625241226029,0.9475177444961355,-0.32029165676119953,0.28732467020542435,0.5545,2000,0
gpt2,gpt2-large,25,6,49,0.7222222222222222,-0.16918367346938776,0.2451893562807264,0.7201667024284764,-0.4048430542872734,0.1027583552280481,0.9025,2000,0
gpt2,gpt2-large,25,7,49,0.7222222222222222,-0.09826530612244898,0.5017565667106122,0.8499417672325363,-0.3953770917273261,0.21147813856708053,0.737,2000,0
gpt2,gpt2-large,25,8,49,0.7222222222222222,-0.05377551020408163,0.7136364038580779,0.9291386674459162,-0.3145415700470678,0.22761899609271818,0.634,2000,0
gpt2,gpt2-large,25,9,49,0.7222222222222222,-0.1893877551020408,0.1924647777257833,0.6722990944649632,-0.4577697553703804,0.1244688179073241,0.884,2000,0
gpt2,gpt2-large,25,10,49,0.7222222222222222,-0.06418367346938776,0.6612851372503166,0.9072785223588568,-0.3264256768308966,0.21858527406200937,0.669,2000,0
gpt2,gpt2-large,25,11,49,0.7222222222222222,-0.02510204081632653,0.8640625241226029,0.9475177444961355,-0.3254555938885893,0.2703816313586178,0.581,2000,1
gpt2,gpt2-large,25,12,49,0.7222222222222222,-0.11785714285714285,0.41994368356690503,0.8499417672325363,-0.41442883592300134,0.19263911954494348,0.7775,2000,0
gpt2,gpt2-large,25,13,49,0.7222222222222222,-0.0633673469387755,0.6653375830631617,0.9072785223588568,-0.3609274744418941,0.24735504844848047,0.6495,2000,0
gpt2,gpt2-large,25,14,49,0.7222222222222222,0.16887755102040816,0.24605695666306276,0.7201667024284764,-0.1472931449199355,0.44060815853131824,0.1595,2000,0
gpt2,gpt2-large,25,15,49,0.7222222222222222,-0.04591836734693878,0.754055704860723,0.9328524183843997,-0.33552586130501505,0.26952709815956943,0.6145,2000,0
gpt2,gpt2-large,25,16,49,0.7222222222222222,0.20346938775510204,0.16084511094183415,0.6588862215163387,-0.10365502514410581,0.47538474008858006,0.0945,2000,0
gpt2,gpt2-large,25,17,49,0.7222222222222222,-0.353265306122449,0.012778726651983829,0.3833617995595149,-0.6001257985631848,-0.0601768188842501,0.9935,2000,1
gpt2,gpt2-large,25,18,49,0.7222222222222222,0.027551020408163266,0.8509440118775949,0.9475177444961355,-0.25237603546829374,0.3090768936471665,0.4075,2000,0
gpt2,gpt2-large,25,19,49,0.7222222222222222,-0.09683673469387755,0.5080248126007035,0.8499417672325363,-0.3771699770136462,0.2040581710019953,0.7325,2000,2
gpt2,gpt2-large,26,0,49,0.75,-0.038469387755102044,0.792989068255075,0.9475177444961355,-0.3556836189241184,0.27936748099224756,0.575,2000,1
gpt2,gpt2-large,26,1,49,0.75,-0.02836734693877551,0.8465798500012806,0.9475177444961355,-0.3364731417781148,0.29578467499246147,0.5645,2000,0
gpt2,gpt2-large,26,2,49,0.75,-0.2733673469387755,0.057361130689944126,0.6588862215163387,-0.5363791844010829,0.03250063402336972,0.9655,2000,0
gpt2,gpt2-large,26,3,49,0.75,0.1073469387755102,0.4628538984630975,0.8499417672325363,-0.19377539463325813,0.39192864613860584,0.2365,2000,0
gpt2,gpt2-large,26,4,49,0.75,-0.030204081632653063,0.8367773103360876,0.9475177444961355,-0.33766797695943573,0.2879317950659721,0.575,2000,0
gpt2,gpt2-large,26,5,49,0.75,-0.2446938775510204,0.09016906353514773,0.6588862215163387,-0.4811221696468453,0.06699329239239107,0.9435,2000,6
gpt2,gpt2-large,26,6,49,0.75,-0.09540816326530613,0.5143325728285464,0.8499417672325363,-0.36536942288802676,0.1993073697337102,0.735,2000,0
gpt2,gpt2-large,26,7,49,0.75,-0.2935714285714286,0.04062831489423919,0.6512231125151533,-0.5354292160358723,-0.014819286708712413,0.9785,2000,0
gpt2,gpt2-large,26,8,49,0.75,-0.2410204081632653,0.09525948515521275,0.6588862215163387,-0.5126544162896791,0.05311434462271087,0.941,2000,0
gpt2,gpt2-large,26,9,49,0.75,-0.24346938775510205,0.09184177665265261,0.6588862215163387,-0.5056403702024679,0.05070320780339148,0.9445,2000,1
gpt2,gpt2-large,26,10,49,0.75,0.13173469387755102,0.36690900228725637,0.8278702122897139,-0.15484591760791078,0.40248990151580294,0.182,2000,0
gpt2,gpt2-large,26,11,49,0.75,0.048775510204081635,0.7392756834706127,0.9291386674459162,-0.2323846300188445,0.3150906204681887,0.3715,2000,12
gpt2,gpt2-large,26,12,49,0.75,-0.2530612244897959,0.07936549716750249,0.6588862215163387,-0.5451314206754476,0.06783676100048598,0.9425,2000,2
gpt2,gpt2-large,26,13,49,0.75,0.027244897959183674,0.8525817195563453,0.9475177444961355,-0.30273018387342265,0.3568846688523803,0.4305,2000,0
gpt2,gpt2-large,26,14,49,0.75,-0.2345918367346939,0.10470023900526647,0.6588862215163387,-0.4998708738399528,0.09827979800350539,0.92,2000,0
gpt2,gpt2-large,26,15,49,0.75,-0.18785714285714286,0.19615074129791535,0.6722990944649632,-0.45787603003822547,0.10374244251969114,0.9005,2000,1
gpt2,gpt2-large,26,16,49,0.75,-0.2527551020408163,0.07974191665341462,0.6588862215163387,-0.5016717729088129,0.04838294116391695,0.952,2000,0
gpt2,gpt2-large,26,17,49,0.75,-0.02959183673469388,0.8400421760530519,0.9475177444961355,-0.2900233903680002,0.2259957378802456,0.575,2000,0
gpt2,gpt2-large,26,18,49,0.75,-0.22908163265306122,0.11335061305527426,0.6588862215163387,-0.48954184411693635,0.0548027794808909,0.9445,2000,6
gpt2,gpt2-large,26,19,49,0.75,-0.325,0.022696050650288995,0.49518655964266894,-0.5919350979375368,-0.016769817278747483,0.978,2000,4
gpt2,gpt2-large,27,0,49,0.7777777777777778,0.1689795918367347,0.24576752546174369,0.7201667024284764,-0.11838414477521958,0.42479230392388523,0.1305,2000,0
gpt2,gpt2-large,27,1,49,0.7777777777777778,0.15010204081632653,0.3032745996934714,0.7911511296351429,-0.14380728042169455,0.43031971932056007,0.1515,2000,0
gpt2,gpt2-large,27,2,49,0.7777777777777778,-0.20112244897959183,0.16583259428865577,0.6588862215163387,-0.44996935179036623,0.08667567336346634,0.9235,2000,0
gpt2,gpt2-large,27,3,49,0.7777777777777778,-0.4754081632653061,0.000556321923104492,0.09048795968895228,-0.6724046061394532,-0.2207787953609299,0.9995,2000,1
gpt2,gpt2-large,27,4,49,0.7777777777777778,-0.017857142857142856,0.9030710955823508,0.9523421074250926,-0.3354370958491757,0.2887743254439375,0.5265,2000,2
gpt2,gpt2-large,27,5,49,0.7777777777777778,-0.25540816326530613,0.07652586248141223,0.6588862215163387,-0.5077410122316175,0.04264097243697483,0.9625,2000,0
gpt2,gpt2-large,27,6,49,0.7777777777777778,-0.18377551020408164,0.2062239166454558,0.6722990944649632,-0.4669909763115732,0.1253957121669159,0.879,2000,0
gpt2,gpt2-large,27,7,49,0.7777777777777778,-0.26816326530612244,0.06246695018076479,0.6588862215163387,-0.5311546260843224,0.04238385664397768,0.951,2000,0
gpt2,gpt2-large,27,8,49,0.7777777777777778,-0.31418367346938775,0.02791252553434308,0.5582505106868616,-0.5411403512698262,-0.04787063477367844,0.987,2000,40
gpt2,gpt2-large,27,9,49,0.7777777777777778,-0.4592857142857143,0.0009015244338870054,0.09048795968895228,-0.6695099322226525,-0.18843582453840524,0.9995,2000,0
gpt2,gpt2-large,27,10,49,0.7777777777777778,-0.09816326530612245,0.5022029808115798,0.8499417672325363,-0.40319196106488386,0.21118345718346412,0.7135,2000,0
gpt2,gpt2-large,27,11,49,0.7777777777777778,-0.01163265306122449,0.9367708616821744,0.9567021566115823,-0.30336811568605265,0.2768782582030048,0.523,2000,0
gpt2,gpt2-large,27,12,49,0.7777777777777778,-0.2530612244897959,0.07936549716750249,0.6588862215163387,-0.5368269428447504,0.057948851901605355,0.9465,2000,0
gpt2,gpt2-large,27,13,49,0.7777777777777778,0.21520408163265306,0.1375434015530709,0.6588862215163387,-0.06445414956951528,0.4759424066452138,0.0665,2000,0
gpt2,gpt2-large,27,14,49,0.7777777777777778,0.2330612244897959,0.10705054595688766,0.6588862215163387,-0.022999582085389332,0.48442542391142956,0.0415,2000,0
gpt2,gpt2-large,27,15,49,0.7777777777777778,-0.2509183673469388,0.08203000479036233,0.6588862215163387,-0.5076189066912083,0.033369286860074884,0.955,2000,1
gpt2,gpt2-large,27,16,49,0.7777777777777778,-0.13163265306122449,0.3672835618602907,0.8278702122897139,-0.40187956957786947,0.16375133110168674,0.8065,2000,0
gpt2,gpt2-large,27,17,49,0.7777777777777778,-0.0986734693877551,0.4999729450090409,0.8499417672325363,-0.3926360745969805,0.21997366906980387,0.737,2000,0
gpt2,gpt2-large,27,18,49,0.7777777777777778,-0.1276530612244898,0.3820706941488819,0.8278702122897139,-0.4050972053638803,0.17277272834626134,0.7875,2000,1
gpt2,gpt2-large,27,19,49,0.7777777777777778,-0.27744897959183673,0.053596180037277605,0.6588862215163387,-0.5140432841628628,0.02141020235878555,0.966,2000,0
gpt2,gpt2-large,28,0,49,0.8055555555555556,-0.18316326530612245,0.2077656816054298,0.6722990944649632,-0.44569669853288424,0.11700681072460352,0.893,2000,0
gpt2,gpt2-large,28,1,49,0.8055555555555556,-0.12653061224489795,0.3863044150387233,0.8278702122897139,-0.44568829236423696,0.17730976142064525,0.7725,2000,0
gpt2,gpt2-large,28,2,49,0.8055555555555556,0.03306122448979592,0.8215780641261025,0.9475177444961355,-0.27198877725258014,0.34095465065837927,0.418,2000,0
gpt2,gpt2-large,28,3,49,0.8055555555555556,-0.06102040816326531,0.6770408306136383,0.9128640412768156,-0.3764845494626786,0.2655335302881681,0.6445,2000,0
gpt2,gpt2-large,28,4,49,0.8055555555555556,0.04806122448979592,0.742962196615671,0.9291386674459162,-0.25230815786531696,0.34177655315990424,0.4,2000,0
gpt2,gpt2-large,28,5,49,0.8055555555555556,0.11183673469387755,0.444240467100159,0.8499417672325363,-0.16005179608001094,0.37357425537881594,0.1995,2000,0
gpt2,gpt2-large,28,6,49,0.8055555555555556,0.1256122448979592,0.3897888916197403,0.8278702122897139,-0.17607864022309583,0.3987496791097251,0.1925,2000,0
gpt2,gpt2-large,28,7,49,0.8055555555555556,-0.1523469387755102,0.2960166313397904,0.7893776835727744,-0.43820428730523303,0.15341627225602825,0.8295,2000,0
gpt2,gpt2-large,28,8,49,0.8055555555555556,-0.30479591836734693,0.03321706653062573,0.6132381513346288,-0.546733473319943,-0.01643734913642272,0.981,2000,2
gpt2,gpt2-large,28,9,49,0.8055555555555556,-0.22459183673469388,0.12079336190730879,0.6588862215163387,-0.492602143958531,0.08773364270871768,0.928,2000,0
gpt2,gpt2-large,28,10,49,0.8055555555555556,-0.18989795918367347,0.19124714270168827,0.6722990944649632,-0.4469195469521141,0.08512904808033425,0.902,2000,0
gpt2,gpt2-large,28,11,49,0.8055555555555556,-0.13438775510204082,0.35725148108617755,0.8278702122897139,-0.4249127358392246,0.18318054077703974,0.797,2000,1
gpt2,gpt2-large,28,12,49,0.8055555555555556,-0.06540816326530612,0.6552244676524663,0.9072785223588568,-0.37459635106849754,0.24208028290377132,0.6715,2000,6
gpt2,gpt2-large,28,13,49,0.8055555555555556,-0.20214285714285715,0.16365046888682358,0.6588862215163387,-0.45030961924348584,0.08401983205564242,0.922,2000,0
gpt2,gpt2-large,28,14,49,0.8055555555555556,0.19969387755102042,0.16892304268592687,0.6588862215163387,-0.10200448454001763,0.46813745285185693,0.0875,2000,2
gpt2,gpt2-large,28,15,49,0.8055555555555556,-0.37020408163265306,0.008837428266328422,0.3534971306531369,-0.5994742782944456,-0.06995701329138951,0.9915,2000,5
gpt2,gpt2-large,28,16,49,0.8055555555555556,-0.23918367346938776,0.09788682364687593,0.6588862215163387,-0.5342410157204674,0.06780226316678589,0.9335,2000,1
gpt2,gpt2-large,28,17,49,0.8055555555555556,0.02020408163265306,0.8904051721916103,0.9523421074250926,-0.26138683429312515,0.3194378043908348,0.441,2000,0
gpt2,gpt2-large,28,18,49,0.8055555555555556,0.03683673469387755,0.8015932063416649,0.9475177444961355,-0.23208579335349153,0.3010785883537707,0.384,2000,0
gpt2,gpt2-large,28,19,49,0.8055555555555556,-0.13887755102040816,0.3412648495493118,0.8273087261801498,-0.4437040388281609,0.16562999523380667,0.806,2000,0
gpt2,gpt2-large,29,0,49,0.8333333333333334,-0.13948979591836735,0.3391197384788741,0.8273087261801498,-0.4187751428608924,0.17384625307526577,0.8115,2000,0
gpt2,gpt2-large,29,1,49,0.8333333333333334,0.1076530612244898,0.46157158760108424,0.8499417672325363,-0.20391362649967354,0.3939908626881539,0.2505,2000,0
gpt2,gpt2-large,29,2,49,0.8333333333333334,0.23551020408163265,0.10330920606976628,0.6588862215163387,-0.06958214830429806,0.5218971526363515,0.077,2000,0
gpt2,gpt2-large,29,3,49,0.8333333333333334,-0.2086734693877551,0.15017867229141382,0.6588862215163387,-0.4847136495244365,0.09448609820590263,0.91,2000,0
gpt2,gpt2-large,29,4,49,0.8333333333333334,-0.4514285714285714,0.0011310994961119035,0.09048795968895228,-0.6578956810432743,-0.19228927144343091,0.9965,2000,0
gpt2,gpt2-large,29,5,49,0.8333333333333334,0.19857142857142857,0.17138042307872187,0.6588862215163387,-0.08845458777527675,0.46477304522196056,0.0895,2000,0
gpt2,gpt2-large,29,6,49,0.8333333333333334,-0.1896938775510204,0.1917335368169613,0.6722990944649632,-0.45426249140700276,0.09612936243231268,0.8905,2000,0
gpt2,gpt2-large,29,7,49,0.8333333333333334,-0.10724489795918367,0.46328176216739597,0.8499417672325363,-0.3967120854318549,0.18723437844618374,0.759,2000,1
gpt2,gpt2-large,29,8,49,0.8333333333333334,-0.026326530612244898,0.8574985071465859,0.9475177444961355,-0.3153378423458486,0.2658092395436643,0.569,2000,1
gpt2,gpt2-large,29,9,49,0.8333333333333334,-0.11683673469387755,0.42400773655394386,0.8499417672325363,-0.38275561682942066,0.18735567588934782,0.7925,2000,1
gpt2,gpt2-large,29,10,49,0.8333333333333334,0.017551020408163264,0.904725002053838,0.9523421074250926,-0.30905406817628145,0.32911483521516505,0.45,2000,0
gpt2,gpt2-large,29,11,49,0.8333333333333334,0.07795918367346939,0.5944226728218318,0.9072785223588568,-0.19217062447425345,0.34319947289534486,0.279,2000,0
gpt2,gpt2-large,29,12,49,0.8333333333333334,0.06346938775510204,0.6648305067034975,0.9072785223588568,-0.2087899404115249,0.3437366935721668,0.338,2000,0
gpt2,gpt2-large,29,13,49,0.8333333333333334,-0.22142857142857142,0.12625530076983527,0.6588862215163387,-0.44213484242124196,0.06324558728675167,0.9395,2000,2
gpt2,gpt2-large,29,14,49,0.8333333333333334,-0.16020408163265307,0.2715066896741224,0.7489839715148204,-0.4521604909200759,0.14083871072786674,0.858,2000,0
gpt2,gpt2-large,29,15,49,0.8333333333333334,-0.11224489795918367,0.4425690998363512,0.8499417672325363,-0.4030613251921824,0.19042139515697254,0.755,2000,0
gpt2,gpt2-large,29,16,49,0.8333333333333334,-0.13948979591836735,0.3391197384788741,0.8273087261801498,-0.44664677530338986,0.16339470037666323,0.8095,2000,0
gpt2,gpt2-large,29,17,49,0.8333333333333334,0.07418367346938776,0.6124501386692586,0.9072785223588568,-0.2259580012272034,0.3758689352020243,0.3175,2000,0
gpt2,gpt2-large,29,18,49,0.8333333333333334,-0.25887755102040816,0.07247565807982669,0.6588862215163387,-0.5016545766408599,0.019903311365647398,0.9635,2000,0
gpt2,gpt2-large,29,19,49,0.8333333333333334,-0.053061224489795916,0.7172808142683645,0.9291386674459162,-0.327733497441872,0.24382227433915074,0.616,2000,0
gpt2,gpt2-large,30,0,49,0.8611111111111112,-0.027653061224489794,0.8503982471906152,0.9475177444961355,-0.3240995556521184,0.2918562615940199,0.563,2000,0
gpt2,gpt2-large,30,1,49,0.8611111111111112,-0.11673469387755102,0.42441536224129695,0.8499417672325363,-0.4059020773880966,0.1992128878456536,0.768,2000,0
gpt2,gpt2-large,30,2,49,0.8611111111111112,-0.09622448979591837,0.5107233201343206,0.8499417672325363,-0.39142900784356593,0.2118655808548132,0.739,2000,1
gpt2,gpt2-large,30,3,49,0.8611111111111112,0.021836734693877553,0.8816098400727841,0.9523421074250926,-0.27191976279086816,0.312222069568213,0.4435,2000,1
gpt2,gpt2-large,30,4,49,0.8611111111111112,0.07418367346938776,0.6124501386692586,0.9072785223588568,-0.2318412491165485,0.3576967494128722,0.3205,2000,2
gpt2,gpt2-large,30,5,49,0.8611111111111112,0.005816326530612245,0.9683613687039432,0.9705806128510164,-0.2746650114570994,0.28971081737496857,0.499,2000,3
gpt2,gpt2-large,30,6,49,0.8611111111111112,-0.10071428571428571,0.4911039113839085,0.8499417672325363,-0.39544683091362537,0.2050282429474126,0.757,2000,0
gpt2,gpt2-large,30,7,49,0.8611111111111112,-0.053979591836734696,0.7125962999061916,0.9291386674459162,-0.3119468565561321,0.22739966229159966,0.6385,2000,0
gpt2,gpt2-large,30,8,49,0.8611111111111112,0.054285714285714284,0.7110371138681557,0.9291386674459162,-0.2591132436590776,0.344708215916985,0.3605,2000,0
gpt2,gpt2-large,30,9,49,0.8611111111111112,-0.08438775510204082,0.5642808333863212,0.8909697369257703,-0.37961029814005764,0.22486836428846052,0.6875,2000,0
gpt2,gpt2-large,30,10,49,0.8611111111111112,-0.02020408163265306,0.8904051721916103,0.9523421074250926,-0.3298744620640467,0.28714903031352385,0.5555,2000,1
gpt2,gpt2-large,30,11,49,0.8611111111111112,0.15306122448979592,0.2937310728915253,0.7893776835727744,-0.1474031733645875,0.4490331963871043,0.161,2000,1
gpt2,gpt2-large,30,12,49,0.8611111111111112,-0.05061224489795919,0.7298228422552491,0.9291386674459162,-0.33863089738859375,0.2542878181036977,0.6305,2000,0
gpt2,gpt2-large,30,13,49,0.8611111111111112,0.16510204081632654,0.2569286845530183,0.7349340642411708,-0.15796234644554782,0.44267544911579704,0.157,2000,0
gpt2,gpt2-large,30,14,49,0.8611111111111112,-0.19255102040816327,0.18500381334977176,0.6722990944649632,-0.45781036984688517,0.09416059091786043,0.8965,2000,2
gpt2,gpt2-large,30,15,49,0.8611111111111112,-0.04244897959183674,0.7721202966137806,0.9426032170183085,-0.36723489424131656,0.2801608010157992,0.6245,2000,0
gpt2,gpt2-large,30,16,49,0.8611111111111112,-0.08775510204081632,0.5487819607201697,0.8780511371522716,-0.3931330472103004,0.2562491362286497,0.6915,2000,0
gpt2,gpt2-large,30,17,49,0.8611111111111112,0.025,0.8646099418527237,0.9475177444961355,-0.28343986824856354,0.36481593222120984,0.44,2000,1
gpt2,gpt2-large,30,18,49,0.8611111111111112,-0.05112244897959184,0.727204019503765,0.9291386674459162,-0.36357650814064796,0.2680824412452319,0.615,2000,0
gpt2,gpt2-large,30,19,49,0.8611111111111112,-0.10928571428571429,0.45476513053296885,0.8499417672325363,-0.34715555488516997,0.1632425840191696,0.7875,2000,0
gpt2,gpt2-large,31,0,49,0.8888888888888888,0.223265306122449,0.12306164920942508,0.6588862215163387,-0.04103001454071962,0.46210803391904276,0.048,2000,0
gpt2,gpt2-large,31,1,49,0.8888888888888888,-0.2816326530612245,0.04994690085715688,0.6588862215163387,-0.5285205678282908,0.015869795734648032,0.9685,2000,1
gpt2,gpt2-large,31,2,49,0.8888888888888888,0.0639795918367347,0.6622973542245638,0.9072785223588568,-0.22247994338688465,0.34482798665239567,0.3295,2000,0
gpt2,gpt2-large,31,3,49,0.8888888888888888,-0.3305102040816327,0.020370713053235644,0.49518655964266894,-0.5919838929500215,-0.019753525820545362,0.9785,2000,16
gpt2,gpt2-large,31,4,49,0.8888888888888888,-0.18448979591836734,0.20443537430615658,0.6722990944649632,-0.4615079865018543,0.13143168581741774,0.878,2000,0
gpt2,gpt2-large,31,5,49,0.8888888888888888,0.10377551020408163,0.47795530906511335,0.8499417672325363,-0.17941861195794592,0.3757352288115869,0.2545,2000,0
gpt2,gpt2-large,31,6,49,0.8888888888888888,0.07306122448979592,0.6178543962865507,0.9072785223588568,-0.22693450054262096,0.3528247072494043,0.3235,2000,0
gpt2,gpt2-large,31,7,49,0.8888888888888888,0.007551020408163266,0.958932426694986,0.9705806128510164,-0.30424625495618707,0.3271349217108553,0.491,2000,0
gpt2,gpt2-large,31,8,49,0.8888888888888888,-0.10285714285714286,0.48188021777027035,0.8499417672325363,-0.40132612927011246,0.2351496305223615,0.731,2000,0
gpt2,gpt2-large,31,9,49,0.8888888888888888,0.07030612244897959,0.6312040657398282,0.9072785223588568,-0.24150358637169503,0.3817996190784807,0.335,2000,0
gpt2,gpt2-large,31,10,49,0.8888888888888888,-0.05,0.7329694567146957,0.9291386674459162,-0.34158717019499807,0.2379597400031741,0.624,2000,0
gpt2,gpt2-large,31,11,49,0.8888888888888888,-0.019489795918367348,0.8942573012782304,0.9523421074250926,-0.32459762225917826,0.26717334357638567,0.5635,2000,0
gpt2,gpt2-large,31,12,49,0.8888888888888888,-0.17795918367346938,0.22119786147326548,0.6806088045331246,-0.4737078776851903,0.1394707019533598,0.864,2000,0
gpt2,gpt2-large,31,13,49,0.8888888888888888,0.1413265306122449,0.33273477179093297,0.8273087261801498,-0.17409582360748949,0.41594271085693624,0.173,2000,0
gpt2,gpt2-large,31,14,49,0.8888888888888888,-0.06897959183673469,0.6376737977077449,0.9072785223588568,-0.39183692255868846,0.2534227047469777,0.6635,2000,0
gpt2,gpt2-large,31,15,49,0.8888888888888888,-0.13051020408163266,0.37141891787625825,0.8278702122897139,-0.39831700001291354,0.1590776342884655,0.8175,2000,0
gpt2,gpt2-large,31,16,49,0.8888888888888888,-0.015102040816326531,0.917970076259211,0.9567021566115823,-0.260434897709782,0.23928120852793044,0.5485,2000,2
gpt2,gpt2-large,31,17,49,0.8888888888888888,-0.015816326530612244,0.914104492604176,0.9567021566115823,-0.30358021760707005,0.283922464151173,0.536,2000,1
gpt2,gpt2-large,31,18,49,0.8888888888888888,-0.09479591836734694,0.517047908399793,0.8499417672325363,-0.37878209423756376,0.19051909769135666,0.7295,2000,0
gpt2,gpt2-large,31,19,49,0.8888888888888888,-0.3252040816326531,0.02260611114150171,0.49518655964266894,-0.5935748384116563,-0.003040693540608614,0.975,2000,0
gpt2,gpt2-large,32,0,49,0.9166666666666666,0.10989795918367347,0.45222688986398474,0.8499417672325363,-0.2150329819956531,0.4245809167488322,0.251,2000,1
gpt2,gpt2-large,32,1,49,0.9166666666666666,0.06510204081632653,0.6567375952267139,0.9072785223588568,-0.24361766589750203,0.3167615410285108,0.339,2000,18
gpt2,gpt2-large,32,2,49,0.9166666666666666,-0.15581632653061225,0.2850229149353209,0.7773352225508751,-0.44692359484409017,0.13568539066642915,0.846,2000,3
gpt2,gpt2-large,32,3,49,0.9166666666666666,0.0476530612244898,0.7450713453101201,0.9291386674459162,-0.26174114380922114,0.350281721624316,0.4,2000,0
gpt2,gpt2-large,32,4,49,0.9166666666666666,0.012448979591836735,0.9323436972339026,0.9567021566115823,-0.28722727069251086,0.29888416676098184,0.4655,2000,0
gpt2,gpt2-large,32,5,49,0.9166666666666666,-0.03602040816326531,0.8059040922456016,0.9475177444961355,-0.3505969359007117,0.30334480608254444,0.5835,2000,27
gpt2,gpt2-large,32,6,49,0.9166666666666666,0.16051020408163266,0.2705798267130854,0.7489839715148204,-0.1581507565602243,0.45428138012019004,0.158,2000,0
gpt2,gpt2-large,32,7,49,0.9166666666666666,-0.01806122448979592,0.9019687169134337,0.9523421074250926,-0.2961567092083981,0.25590155135619846,0.543,2000,0
gpt2,gpt2-large,32,8,49,0.9166666666666666,-0.17908163265306123,0.2182510077699779,0.6802628813609701,-0.4671395260226903,0.13392688619390883,0.8755,2000,0
gpt2,gpt2-large,32,9,49,0.9166666666666666,0.005408163265306122,0.9705806128510164,0.9705806128510164,-0.27717797334761,0.2983568792798978,0.5055,2000,0
gpt2,gpt2-large,32,10,49,0.9166666666666666,0.012346938775510205,0.932896984783266,0.9567021566115823,-0.28845941009379245,0.30730575779691915,0.4535,2000,1
gpt2,gpt2-large,32,11,49,0.9166666666666666,-0.02520408163265306,0.8635151695264388,0.9475177444961355,-0.33357782393482505,0.29664548899560744,0.5705,2000,0
gpt2,gpt2-large,32,12,49,0.9166666666666666,-0.21591836734693878,0.1362110799258496,0.6588862215163387,-0.4695472946977878,0.09418435981755499,0.9105,2000,0
gpt2,gpt2-large,32,13,49,0.9166666666666666,0.2083673469387755,0.15079128050302928,0.6588862215163387,-0.0756862108258061,0.47001674219994605,0.0705,2000,0
gpt2,gpt2-large,32,14,49,0.9166666666666666,-0.12448979591836734,0.3940727161338323,0.829626770808068,-0.40891822397000455,0.1702996897071982,0.798,2000,5
gpt2,gpt2-large,32,15,49,0.9166666666666666,-0.21744897959183673,0.13338860017322077,0.6588862215163387,-0.4912661973351965,0.0991190875074461,0.9205,2000,0
gpt2,gpt2-large,32,16,49,0.9166666666666666,-0.20979591836734693,0.14794815102753522,0.6588862215163387,-0.49176689993979344,0.09738300906419059,0.9105,2000,0
gpt2,gpt2-large,32,17,49,0.9166666666666666,-0.020306122448979592,0.8898550702418208,0.9523421074250926,-0.3122709472765533,0.2919223708830773,0.5445,2000,0
gpt2,gpt2-large,32,18,49,0.9166666666666666,-0.0966326530612245,0.5089235100290975,0.8499417672325363,-0.3975393639214862,0.21132796721734634,0.7175,2000,9
gpt2,gpt2-large,32,19,49,0.9166666666666666,-0.20061224489795917,0.1669315652759741,0.6588862215163387,-0.4706246291610296,0.09639598267678674,0.91,2000,2
gpt2,gpt2-large,33,0,49,0.9444444444444444,-0.08010204081632653,0.5842964803759062,0.9070630663846926,-0.3995873247837654,0.23243091260338433,0.6935,2000,0
gpt2,gpt2-large,33,1,49,0.9444444444444444,0.10489795918367346,0.47318126439221037,0.8499417672325363,-0.21048120209474375,0.41980482164987803,0.253,2000,0
gpt2,gpt2-large,33,2,49,0.9444444444444444,0.14489795918367346,0.3205362194257722,0.8183903474700568,-0.13809941209489093,0.41359478794072563,0.1585,2000,0
gpt2,gpt2-large,33,3,49,0.9444444444444444,0.13755102040816328,0.3459413489977626,0.8278702122897139,-0.17823083735684728,0.4262370636315579,0.185,2000,0
gpt2,gpt2-large,33,4,49,0.9444444444444444,0.09969387755102041,0.49552817623569534,0.8499417672325363,-0.18151039522443405,0.3811440770831328,0.238,2000,0
gpt2,gpt2-large,33,5,49,0.9444444444444444,0.06989795918367347,0.6331918710707546,0.9072785223588568,-0.22764349605364004,0.3464674085023346,0.3315,2000,0
gpt2,gpt2-large,33,6,49,0.9444444444444444,0.07418367346938776,0.6124501386692586,0.9072785223588568,-0.21556153906660835,0.3697917779701592,0.2985,2000,0
gpt2,gpt2-large,33,7,49,0.9444444444444444,0.18255102040816326,0.2093155179499683,0.6722990944649632,-0.1255448585328002,0.47178118180665995,0.1295,2000,2
gpt2,gpt2-large,33,8,49,0.9444444444444444,0.0336734693877551,0.8183292985171127,0.9475177444961355,-0.254662223139354,0.3180735131068122,0.407,2000,12
gpt2,gpt2-large,33,9,49,0.9444444444444444,0.050510204081632655,0.7303469740061812,0.9291386674459162,-0.26763281854067006,0.37012510065480714,0.3925,2000,1
gpt2,gpt2-large,33,10,49,0.9444444444444444,-0.18224489795918367,0.21009346702030096,0.6722990944649632,-0.4818272035940919,0.12504844342180368,0.887,2000,0
gpt2,gpt2-large,33,11,49,0.9444444444444444,0.17418367346938776,0.23131208723579885,0.7027202650201485,-0.12666518684492709,0.4531583384310039,0.1345,2000,49
gpt2,gpt2-large,33,12,49,0.9444444444444444,0.08479591836734694,0.5623913723665851,0.8909697369257703,-0.19887725092704459,0.3699654754064071,0.2875,2000,0
gpt2,gpt2-large,33,13,49,0.9444444444444444,0.08918367346938776,0.5422687041094479,0.8734529462165603,-0.22579899774904266,0.40224271922591354,0.286,2000,0
gpt2,gpt2-large,33,14,49,0.9444444444444444,0.06459183673469387,0.6592625016673924,0.9072785223588568,-0.25538423620827944,0.38887261710839294,0.3395,2000,0
gpt2,gpt2-large,33,15,49,0.9444444444444444,0.23408163265306123,0.10547922799751558,0.6588862215163387,-0.0769317140430236,0.5240232267452726,0.0695,2000,0
gpt2,gpt2-large,33,16,49,0.9444444444444444,-0.07183673469387755,0.6237728517794128,0.9072785223588568,-0.36204482860787873,0.20931177516232566,0.688,2000,1
gpt2,gpt2-large,33,17,49,0.9444444444444444,-0.04724489795918367,0.7471823450710909,0.9291386674459162,-0.3456697699040536,0.2560898608138014,0.639,2000,0
gpt2,gpt2-large,33,18,49,0.9444444444444444,-0.05061224489795919,0.7298228422552491,0.9291386674459162,-0.28815157369951555,0.18890244107616766,0.656,2000,0
gpt2,gpt2-large,33,19,49,0.9444444444444444,0.0789795918367347,0.5895909931500501,0.9070630663846926,-0.24223283487575734,0.37263265218745517,0.309,2000,1
gpt2,gpt2-large,34,0,49,0.9722222222222222,-0.19785714285714287,0.17295763314803891,0.6588862215163387,-0.4607784574144852,0.10441909056017049,0.907,2000,0
gpt2,gpt2-large,34,1,49,0.9722222222222222,-0.13316326530612244,0.3616893902544288,0.8278702122897139,-0.40531084220975155,0.16686565058560365,0.81,2000,4
gpt2,gpt2-large,34,2,49,0.9722222222222222,-0.21581632653061225,0.13640081911877017,0.6588862215163387,-0.4727820022817803,0.08961047637815228,0.916,2000,49
gpt2,gpt2-large,34,3,49,0.9722222222222222,0.18081632653061225,0.213750667534012,0.6750021080021432,-0.12055420966249013,0.4729411671426712,0.1275,2000,1
gpt2,gpt2-large,34,4,49,0.9722222222222222,-0.09612244897959184,0.5111737750973617,0.8499417672325363,-0.395347527888224,0.2273190327504791,0.7305,2000,1
gpt2,gpt2-large,34,5,49,0.9722222222222222,-0.005612244897959183,0.9694709621810536,0.9705806128510164,-0.2738327543931344,0.2595728423990488,0.5185,2000,0
gpt2,gpt2-large,34,6,49,0.9722222222222222,-0.12632653061224489,0.38707714860002074,0.8278702122897139,-0.40383995762876534,0.14321110511901353,0.811,2000,3
gpt2,gpt2-large,34,7,49,0.9722222222222222,-0.10683673469387756,0.4649953480345913,0.8499417672325363,-0.40275924628875676,0.21110513608601092,0.7545,2000,0
gpt2,gpt2-large,34,8,49,0.9722222222222222,-0.12918367346938775,0.3763420269591803,0.8278702122897139,-0.38176274045146075,0.1466096731175706,0.825,2000,49
gpt2,gpt2-large,34,9,49,0.9722222222222222,0.14153061224489796,0.3320299986294147,0.8273087261801498,-0.14304593940407873,0.39180894277207506,0.1425,2000,0
gpt2,gpt2-large,34,10,49,0.9722222222222222,-0.20091836734693877,0.1662715489753924,0.6588862215163387,-0.5015272321140765,0.11613168773982946,0.8925,2000,0
gpt2,gpt2-large,34,11,49,0.9722222222222222,-0.10989795918367347,0.45222688986398474,0.8499417672325363,-0.38455977581441686,0.18728367970611534,0.771,2000,48
gpt2,gpt2-large,34,12,49,0.9722222222222222,-0.1126530612244898,0.44090121865595305,0.8499417672325363,-0.40377009729498387,0.1820095948454318,0.765,2000,0
gpt2,gpt2-large,34,13,49,0.9722222222222222,-0.026020408163265306,0.8591386355187939,0.9475177444961355,-0.318046139237669,0.26639768004823017,0.5925,2000,0
gpt2,gpt2-large,34,14,49,0.9722222222222222,0.0613265306122449,0.6755099606680804,0.9128640412768156,-0.2342352788417542,0.3710662076378759,0.3505,2000,0
gpt2,gpt2-large,34,15,49,0.9722222222222222,0.012959183673469387,0.9295777391162784,0.9567021566115823,-0.24710214956003998,0.2715117957535596,0.4745,2000,0
gpt2,gpt2-large,34,16,49,0.9722222222222222,-0.165,0.25722692248440976,0.7349340642411708,-0.4422067807959842,0.137264116767827,0.8625,2000,0
gpt2,gpt2-large,34,17,49,0.9722222222222222,-0.4179591836734694,0.002805446934338592,0.16832681606031552,-0.635918539599767,-0.14181134467333215,0.998,2000,0
gpt2,gpt2-large,34,18,49,0.9722222222222222,-0.10693877551020409,0.4645666321137551,0.8499417672325363,-0.36765890031673004,0.18035562057101845,0.7845,2000,0
gpt2,gpt2-large,34,19,49,0.9722222222222222,0.02020408163265306,0.8904051721916103,0.9523421074250926,-0.25568718582548383,0.3257987518664061,0.437,2000,0
gpt2,gpt2-large,35,0,49,1.0,-0.0736734693877551,0.6149041140571656,0.9072785223588568,-0.3330298602931073,0.1864648535976486,0.724,2000,1
gpt2,gpt2-large,35,1,49,1.0,0.1840816326530612,0.20545605675608228,0.6722990944649632,-0.09886242876794807,0.44809402710121266,0.105,2000,0
gpt2,gpt2-large,35,2,49,1.0,-0.04306122448979592,0.7689234255952564,0.9426032170183085,-0.33896072238997704,0.2771085312447379,0.596,2000,4
gpt2,gpt2-large,35,3,49,1.0,-0.21948979591836734,0.12969371460562795,0.6588862215163387,-0.5015440180722013,0.07312428740671569,0.935,2000,17
gpt2,gpt2-large,35,4,49,1.0,0.23122448979591836,0.10992405985467095,0.6588862215163387,-0.053757151614221496,0.516198599491326,0.0615,2000,0
gpt2,gpt2-large,35,5,49,1.0,-0.12693877551020408,0.3847616843549081,0.8278702122897139,-0.4276052990227601,0.2230843121998189,0.7725,2000,0
gpt2,gpt2-large,35,6,49,1.0,-0.03357142857142857,0.8188705514148003,0.9475177444961355,-0.3270971604489959,0.24876928925923267,0.591,2000,0
gpt2,gpt2-large,35,7,49,1.0,-0.065,0.6572422743174979,0.9072785223588568,-0.3460250509485856,0.22101414168383707,0.6745,2000,13
gpt2,gpt2-large,35,8,49,1.0,-0.09948979591836735,0.49641549349730546,0.8499417672325363,-0.36347942246151416,0.1745160687706534,0.7585,2000,2
gpt2,gpt2-large,35,9,49,1.0,-0.2623469387755102,0.06859715352508487,0.6588862215163387,-0.5269291436935856,0.03359370182691556,0.958,2000,0
gpt2,gpt2-large,35,10,49,1.0,-0.03979591836734694,0.786016068769294,0.9475177444961355,-0.31607631970889555,0.241157381521214,0.6185,2000,17
gpt2,gpt2-large,35,11,49,1.0,-0.11295918367346938,0.4396525989381949,0.8499417672325363,-0.4021524542844456,0.1864333177119765,0.754,2000,0
gpt2,gpt2-large,35,12,49,1.0,-0.1606122448979592,0.2702713393545753,0.7489839715148204,-0.4384900992119608,0.1484055070309019,0.8475,2000,0
gpt2,gpt2-large,35,13,49,1.0,-0.1906122448979592,0.18955168313159343,0.6722990944649632,-0.4562664664313502,0.0984777486433614,0.907,2000,3
gpt2,gpt2-large,35,14,49,1.0,-0.21020408163265306,0.14714315538592235,0.6588862215163387,-0.4702984819918866,0.0875471207598951,0.9155,2000,0
gpt2,gpt2-large,35,15,49,1.0,-0.04214285714285714,0.7737201406358615,0.9426032170183085,-0.3530180912595788,0.2673693390334067,0.5995,2000,1
gpt2,gpt2-large,35,16,49,1.0,-0.20275510204081632,0.16235128679649094,0.6588862215163387,-0.4767741775523014,0.1185336138947504,0.903,2000,1
gpt2,gpt2-large,35,17,49,1.0,-0.24846938775510205,0.08516056396010503,0.6588862215163387,-0.5044742872134023,0.03126607066601845,0.958,2000,15
gpt2,gpt2-large,35,18,49,1.0,-0.036224489795918365,0.8048258301805058,0.9475177444961355,-0.35346433446075787,0.28469664299916997,0.592,2000,6
gpt2,gpt2-large,35,19,49,1.0,-0.08979591836734693,0.5394887750797145,0.8734529462165603,-0.35387444910135163,0.18464086853294948,0.754,2000,6
gpt2,gpt2-medium,16,0,49,0.7083333333333334,0.13724489795918368,0.34702612504626557,0.8538225459805622,-0.15071319203259123,0.41480001602010874,0.175,2000,0
gpt2,gpt2-medium,16,1,49,0.7083333333333334,0.15346938775510205,0.29243019628290945,0.8538225459805622,-0.11729829733512473,0.4240021536891697,0.143,2000,0
gpt2,gpt2-medium,16,2,49,0.7083333333333334,0.01846938775510204,0.8997645102954362,0.9403549688354174,-0.25492356189905846,0.2805230065401043,0.4415,2000,0
gpt2,gpt2-medium,16,3,49,0.7083333333333334,0.09979591836734694,0.49508482510698537,0.8701908150638498,-0.17939507516707315,0.3753270649734099,0.2415,2000,0
gpt2,gpt2-medium,16,4,49,0.7083333333333334,-0.225,0.12010183630671713,0.793309602755163,-0.526282696066713,0.08017085580524565,0.922,2000,0
gpt2,gpt2-medium,16,5,49,0.7083333333333334,-0.3240816326530612,0.02310451006798124,0.34511519891711906,-0.5581433391268786,-0.04631655960770783,0.985,2000,0
gpt2,gpt2-medium,16,6,49,0.7083333333333334,-0.40010204081632655,0.004393225039854901,0.18744426836714245,-0.6606489648019348,-0.11214298121974979,0.997,2000,0
gpt2,gpt2-medium,16,7,49,0.7083333333333334,-0.2345918367346939,0.10470023900526647,0.793309602755163,-0.4756368070032059,0.040199023830353765,0.951,2000,11
gpt2,gpt2-medium,16,8,49,0.7083333333333334,-0.2096938775510204,0.1481499077160657,0.793309602755163,-0.48933581424820544,0.1085837842092956,0.8935,2000,4
gpt2,gpt2-medium,16,9,49,0.7083333333333334,0.10112244897959184,0.4893399730707054,0.8701908150638498,-0.16457011701466467,0.3892438993194053,0.2305,2000,0
gpt2,gpt2-medium,16,10,49,0.7083333333333334,-0.19816326530612244,0.17228040512335785,0.793309602755163,-0.4450235627273483,0.0934436683956781,0.9095,2000,0
gpt2,gpt2-medium,16,11,49,0.7083333333333334,0.12714285714285714,0.3839916881083143,0.8701908150638498,-0.131463462908603,0.3907209224942871,0.1815,2000,0
gpt2,gpt2-medium,16,12,49,0.7083333333333334,-0.2916326530612245,0.04203634240000961,0.38433227337151643,-0.5613175259578618,-0.0008552470279605433,0.975,2000,0
gpt2,gpt2-medium,16,13,49,0.7083333333333334,-0.03224489795918367,0.8259143528970093,0.9235273792020726,-0.3254341598198542,0.2676660420914385,0.581,2000,0
gpt2,gpt2-medium,16,14,49,0.7083333333333334,-0.10469387755102041,0.47404737941518693,0.8701908150638498,-0.41534714595239003,0.2230629072631413,0.7445,2000,0
gpt2,gpt2-medium,16,15,49,0.7083333333333334,0.17989795918367346,0.21612506207735216,0.793309602755163,-0.12445942313769394,0.45474267624779796,0.1275,2000,0
gpt2,gpt2-medium,17,0,49,0.75,-0.16714285714285715,0.25101267812128647,0.823836482039094,-0.4165527272075783,0.1101217785357445,0.8765,2000,0
gpt2,gpt2-medium,17,1,49,0.75,-0.19826530612244897,0.17205508956587562,0.793309602755163,-0.4744247273667152,0.11484599780694875,0.893,2000,0
gpt2,gpt2-medium,17,2,49,0.75,-0.07255102040816326,0.6203175318797598,0.9004269776578352,-0.35285327475222233,0.21287955327373162,0.679,2000,0
gpt2,gpt2-medium,17,3,49,0.75,-0.18061224489795918,0.21427673025389118,0.793309602755163,-0.4870361587461432,0.12203797097140535,0.8735,2000,0
gpt2,gpt2-medium,17,4,49,0.75,-0.10724489795918367,0.46328176216739597,0.8701908150638498,-0.3932403739035063,0.19339558238286517,0.7505,2000,0
gpt2,gpt2-medium,17,5,49,0.75,-0.19979591836734695,0.16870091960153277,0.793309602755163,-0.4586172468361843,0.08891758217595434,0.909,2000,0
gpt2,gpt2-medium,17,6,49,0.75,0.017755102040816328,0.9036223528652838,0.9403549688354174,-0.25238527573953945,0.298807977630685,0.4425,2000,1
gpt2,gpt2-medium,17,7,49,0.75,0.02173469387755102,0.882159145790424,0.9331931459601179,-0.24749444784370603,0.3051163505050783,0.4255,2000,0
gpt2,gpt2-medium,17,8,49,0.75,0.062448979591836734,0.6699079138616363,0.9082805323193094,-0.22734810472041,0.3518843564364349,0.337,2000,0
gpt2,gpt2-medium,17,9,49,0.75,0.20622448979591837,0.15513122869280468,0.793309602755163,-0.06804490933392376,0.45009152782890693,0.0685,2000,0
gpt2,gpt2-medium,17,10,49,0.75,0.17622448979591837,0.22580617044268336,0.8028663837962075,-0.09864053784640729,0.4325914416198589,0.099,2000,0
gpt2,gpt2-medium,17,11,49,0.75,-0.30020408163265305,0.036100913506537255,0.35545514837205916,-0.5256597712111192,-0.0378865811705267,0.9875,2000,10
gpt2,gpt2-medium,17,12,49,0.75,0.05030612244897959,0.7313956029570022,0.9235273792020726,-0.2501433787200733,0.3450874945535029,0.3645,2000,0
gpt2,gpt2-medium,17,13,49,0.75,-0.41316326530612246,0.00317209905691168,0.18744426836714245,-0.6349891990931517,-0.1381235644107099,0.9975,2000,0
gpt2,gpt2-medium,17,14,49,0.75,-0.09183673469387756,0.5302725279295335,0.8701908150638498,-0.3774796200142119,0.20864294626672736,0.7295,2000,1
gpt2,gpt2-medium,17,15,49,0.75,-0.044897959183673466,0.7593557956560341,0.9235273792020726,-0.3239377307587433,0.24572393527863237,0.6025,2000,5
gpt2,gpt2-medium,18,0,49,0.7916666666666666,-0.3486734693877551,0.014076667008011324,0.30030222950424157,-0.5645588314626447,-0.07802169356022728,0.993,2000,0
gpt2,gpt2-medium,18,1,49,0.7916666666666666,-0.23357142857142857,0.10626265883628402,0.793309602755163,-0.47711301416027413,0.04321514934085514,0.947,2000,0
gpt2,gpt2-medium,18,2,49,0.7916666666666666,-0.13683673469387755,0.3484757476343839,0.8538225459805622,-0.3901087122554396,0.14760702435874543,0.8235,2000,0
gpt2,gpt2-medium,18,3,49,0.7916666666666666,-0.43295918367346936,0.0018884408978462042,0.18744426836714245,-0.6394663567290848,-0.1670066325246595,1.0,2000,37
gpt2,gpt2-medium,18,4,49,0.7916666666666666,-0.026530612244897958,0.8564054184372154,0.9235273792020726,-0.2634336473801851,0.2226979506337654,0.5775,2000,0
gpt2,gpt2-medium,18,5,49,0.7916666666666666,-0.1442857142857143,0.3226070521361563,0.8538225459805622,-0.41547081416595993,0.1392756743484358,0.844,2000,0
gpt2,gpt2-medium,18,6,49,0.7916666666666666,-0.30857142857142855,0.03099123807400996,0.35545514837205916,-0.5507484800490472,-0.025305435840775083,0.984,2000,0
gpt2,gpt2-medium,18,7,49,0.7916666666666666,-0.08428571428571428,0.5647536602665357,0.8719412456685062,-0.3742591918655628,0.21117794549672475,0.6925,2000,0
gpt2,gpt2-medium,18,8,49,0.7916666666666666,0.09959183673469388,0.49597173240560066,0.8701908150638498,-0.17834847641365717,0.3559940541306875,0.232,2000,0
gpt2,gpt2-medium,18,9,49,0.7916666666666666,0.034081632653061224,0.8161651271271101,0.9235273792020726,-0.25389767252585854,0.32067633712166627,0.4105,2000,0
gpt2,gpt2-medium,18,10,49,0.7916666666666666,-0.22102040816326532,0.12697340662852447,0.793309602755163,-0.4585349887323766,0.05261704471375522,0.934,2000,0
gpt2,gpt2-medium,18,11,49,0.7916666666666666,-0.09591836734693877,0.5120752870557571,0.8701908150638498,-0.3651690821580248,0.18699438629480036,0.75,2000,0
gpt2,gpt2-medium,18,12,49,0.7916666666666666,-0.09969387755102041,0.49552817623569534,0.8701908150638498,-0.4366606259389247,0.23478385249515685,0.731,2000,0
gpt2,gpt2-medium,18,13,49,0.7916666666666666,0.03489795918367347,0.8118408674519138,0.9235273792020726,-0.2741637414783494,0.33177105978670474,0.4125,2000,0
gpt2,gpt2-medium,18,14,49,0.7916666666666666,-0.08387755102040817,0.5666468096565378,0.8719412456685062,-0.4049085915711051,0.23846586596824895,0.703,2000,11
gpt2,gpt2-medium,18,15,49,0.7916666666666666,-0.038979591836734696,0.790305217107043,0.9235273792020726,-0.28435769017749973,0.20961699210251894,0.6255,2000,0
gpt2,gpt2-medium,19,0,49,0.8333333333333334,0.10051020408163265,0.49198711833835274,0.8701908150638498,-0.17851635224495224,0.37699551174441265,0.2385,2000,0
gpt2,gpt2-medium,19,1,49,0.8333333333333334,0.10448979591836735,0.47491433682358203,0.8701908150638498,-0.23172348550752306,0.4062466893284501,0.267,2000,0
gpt2,gpt2-medium,19,2,49,0.8333333333333334,-0.11275510204081633,0.4404847937295709,0.8701908150638498,-0.39967647678464346,0.18720853331253373,0.753,2000,1
gpt2,gpt2-medium,19,3,49,0.8333333333333334,0.04663265306122449,0.7503522841212042,0.9235273792020726,-0.23263339848462125,0.32822897053049416,0.3985,2000,0
gpt2,gpt2-medium,19,4,49,0.8333333333333334,-0.14020408163265305,0.33662771452176304,0.8538225459805622,-0.44695113139307724,0.18449956723889493,0.8055,2000,1
gpt2,gpt2-medium,19,5,49,0.8333333333333334,-0.19357142857142856,0.18264182252587147,0.793309602755163,-0.44222891261385366,0.07892315260570051,0.9135,2000,1
gpt2,gpt2-medium,19,6,49,0.8333333333333334,-0.31724489795918365,0.02634366235882816,0.34511519891711906,-0.5701226869850679,-0.019209232213088227,0.9825,2000,4
gpt2,gpt2-medium,19,7,49,0.8333333333333334,-0.30326530612244895,0.03415636728032649,0.35545514837205916,-0.5590975816043505,0.00763816111861994,0.971,2000,0
gpt2,gpt2-medium,19,8,49,0.8333333333333334,-0.0007142857142857143,0.9961135830631557,0.9961135830631557,-0.3213171703098683,0.32428080574036083,0.514,2000,0
gpt2,gpt2-medium,19,9,49,0.8333333333333334,0.17959183673469387,0.2169205945033649,0.793309602755163,-0.08822965377828794,0.43029479974726753,0.0925,2000,0
gpt2,gpt2-medium,19,10,49,0.8333333333333334,-0.12051020408163265,0.4094814263081634,0.8701908150638498,-0.41380767123778617,0.18070749944007175,0.7745,2000,0
gpt2,gpt2-medium,19,11,49,0.8333333333333334,-0.14551020408163265,0.31847381374510475,0.8538225459805622,-0.45162205630619856,0.17202401838725362,0.8145,2000,0
gpt2,gpt2-medium,19,12,49,0.8333333333333334,-0.03479591836734694,0.8123810990956041,0.9235273792020726,-0.3131907586327908,0.2751997913220522,0.6045,2000,0
gpt2,gpt2-medium,19,13,49,0.8333333333333334,0.02816326530612245,0.847670468936793,0.9235273792020726,-0.2663891024520356,0.33432235869864757,0.436,2000,0
gpt2,gpt2-medium,19,14,49,0.8333333333333334,-0.24612244897959185,0.08824765421530487,0.7530466493039348,-0.5040685688929109,0.06042742413416692,0.9485,2000,0
gpt2,gpt2-medium,19,15,49,0.8333333333333334,-0.08255102040816327,0.5728197946423561,0.8719412456685062,-0.35118010092660845,0.20984929572241035,0.7155,2000,2
gpt2,gpt2-medium,20,0,49,0.875,0.19744897959183674,0.17386359676778684,0.793309602755163,-0.07957355026282137,0.4392308743845459,0.077,2000,0
gpt2,gpt2-medium,20,1,49,0.875,-0.04653061224489796,0.7508810056804279,0.9235273792020726,-0.3214203975520258,0.22942010963781048,0.6195,2000,0
gpt2,gpt2-medium,20,2,49,0.875,-0.08938775510204082,0.5413412935853588,0.8719412456685062,-0.36219512092882034,0.20460808282400353,0.72,2000,6
gpt2,gpt2-medium,20,3,49,0.875,-0.09224489795918367,0.5284386102313896,0.8701908150638498,-0.4001823956906687,0.24122734332950643,0.7095,2000,0
gpt2,gpt2-medium,20,4,49,0.875,0.09387755102040816,0.5211343381023653,0.8701908150638498,-0.1886180975770555,0.378147500620099,0.2725,2000,0
gpt2,gpt2-medium,20,5,49,0.875,0.06806122448979592,0.6421685803669203,0.9004269776578352,-0.19475544713712287,0.3400788685312209,0.32,2000,1
gpt2,gpt2-medium,20,6,49,0.875,0.05040816326530612,0.7308712276465115,0.9235273792020726,-0.2302935741533534,0.3181778507416201,0.3715,2000,0
gpt2,gpt2-medium,20,7,49,0.875,0.039285714285714285,0.7886960586773387,0.9235273792020726,-0.24021309853697176,0.3210548369167029,0.3905,2000,0
gpt2,gpt2-medium,20,8,49,0.875,-0.012857142857142857,0.9301308659310293,0.9601350874126754,-0.3279319978909691,0.30525383582357846,0.527,2000,0
gpt2,gpt2-medium,20,9,49,0.875,0.03214285714285714,0.826456753285175,0.9235273792020726,-0.2860929415164503,0.34470866030890196,0.4275,2000,0
gpt2,gpt2-medium,20,10,49,0.875,-0.14551020408163265,0.31847381374510475,0.8538225459805622,-0.44704709285934474,0.19327252044284085,0.8,2000,0
gpt2,gpt2-medium,20,11,49,0.875,-0.10581632653061225,0.46929419421224294,0.8701908150638498,-0.4012125532726038,0.2121449578941525,0.7425,2000,0
gpt2,gpt2-medium,20,12,49,0.875,-0.18683673469387754,0.198635686350078,0.793309602755163,-0.4694979550782185,0.13171631190023544,0.876,2000,0
gpt2,gpt2-medium,20,13,49,0.875,0.06897959183673469,0.6376737977077449,0.9004269776578352,-0.22001578320933052,0.32912647735909184,0.307,2000,0
gpt2,gpt2-medium,20,14,49,0.875,0.032040816326530615,0.8269992338175048,0.9235273792020726,-0.23650153752122038,0.3060099857586036,0.4085,2000,0
gpt2,gpt2-medium,20,15,49,0.875,-0.035510204081632656,0.8086013060250387,0.9235273792020726,-0.32617965768404955,0.26707322060634114,0.592,2000,0
gpt2,gpt2-medium,21,0,49,0.9166666666666666,-0.13357142857142856,0.3602063865855497,0.8538225459805622,-0.4094453209856753,0.1510524420364982,0.8245,2000,0
gpt2,gpt2-medium,21,1,49,0.9166666666666666,0.08122448979591837,0.5790234834517424,0.8719412456685062,-0.21930715627424824,0.3891999411142002,0.3015,2000,35
gpt2,gpt2-medium,21,2,49,0.9166666666666666,0.027142857142857142,0.853127759162837,0.9235273792020726,-0.2924445954764637,0.3439811511950949,0.4385,2000,0
gpt2,gpt2-medium,21,3,49,0.9166666666666666,-0.17255102040816325,0.23578274289461476,0.8113937533053174,-0.44208897634221384,0.11405947935698771,0.8755,2000,0
gpt2,gpt2-medium,21,4,49,0.9166666666666666,0.08806122448979592,0.547383123069239,0.8719412456685062,-0.2139660570857071,0.39092165128971973,0.3015,2000,0
gpt2,gpt2-medium,21,5,49,0.9166666666666666,-0.11418367346938775,0.4346778085561787,0.8701908150638498,-0.38986613344674265,0.17524707041548826,0.7845,2000,1
gpt2,gpt2-medium,21,6,49,0.9166666666666666,-0.3335714285714286,0.019168090927332907,0.34511519891711906,-0.5969827069071793,-0.02675682387414513,0.9845,2000,13
gpt2,gpt2-medium,21,7,49,0.9166666666666666,-0.3160204081632653,0.026962124915399923,0.34511519891711906,-0.5657805980428745,-0.02498747056129714,0.982,2000,0
gpt2,gpt2-medium,21,8,49,0.9166666666666666,0.07316326530612245,0.617362266502308,0.9004269776578352,-0.2053133989696012,0.3647569888076863,0.302,2000,0
gpt2,gpt2-medium,21,9,49,0.9166666666666666,0.026122448979591838,0.8585918603519269,0.9235273792020726,-0.2367734589480502,0.29285170223975543,0.422,2000,1
gpt2,gpt2-medium,21,10,49,0.9166666666666666,0.06989795918367347,0.6331918710707546,0.9004269776578352,-0.2302044250304168,0.3692224973754581,0.324,2000,1
gpt2,gpt2-medium,21,11,49,0.9166666666666666,0.1123469387755102,0.4421518024975922,0.8701908150638498,-0.18401998600235614,0.40594655919641376,0.24,2000,0
gpt2,gpt2-medium,21,12,49,0.9166666666666666,0.1445918367346939,0.3215705825777717,0.8538225459805622,-0.17876775290574182,0.4319234307912492,0.19,2000,0
gpt2,gpt2-medium,21,13,49,0.9166666666666666,0.027551020408163266,0.8509440118775949,0.9235273792020726,-0.23690086932305549,0.3055326735919412,0.4155,2000,0
gpt2,gpt2-medium,21,14,49,0.9166666666666666,0.09326530612244897,0.5238675339588198,0.8701908150638498,-0.20003167017886353,0.3490403812144928,0.265,2000,3
gpt2,gpt2-medium,21,15,49,0.9166666666666666,0.19183673469387755,0.18667016614118173,0.793309602755163,-0.10083857086186544,0.4699264359959427,0.092,2000,0
gpt2,gpt2-medium,22,0,49,0.9583333333333334,0.16316326530612246,0.2626349688901049,0.8404319004483357,-0.16747965262106446,0.46002805812193615,0.157,2000,0
gpt2,gpt2-medium,22,1,49,0.9583333333333334,-0.1353061224489796,0.3539449259928945,0.8538225459805622,-0.428605012962776,0.182151740481553,0.805,2000,0
gpt2,gpt2-medium,22,2,49,0.9583333333333334,-0.029183673469387755,0.8422202371489861,0.9235273792020726,-0.3020984897382529,0.2689521000707657,0.563,2000,2
gpt2,gpt2-medium,22,3,49,0.9583333333333334,-0.0663265306122449,0.6506933174468358,0.9004269776578352,-0.3615447153643983,0.23054081585117955,0.6685,2000,0
gpt2,gpt2-medium,22,4,49,0.9583333333333334,-0.06561224489795918,0.6542164759545208,0.9004269776578352,-0.3456719526148416,0.25047612519003587,0.6585,2000,0
gpt2,gpt2-medium,22,5,49,0.9583333333333334,0.08163265306122448,0.5771114068598279,0.8719412456685062,-0.20384300899427638,0.3535849381588263,0.2985,2000,0
gpt2,gpt2-medium,22,6,49,0.9583333333333334,-0.1707142857142857,0.2408825205125161,0.8113937533053174,-0.4130448941429251,0.0843034577525897,0.903,2000,0
gpt2,gpt2-medium,22,7,49,0.9583333333333334,-0.022857142857142857,0.8761198551335126,0.9331931459601179,-0.3243544854738862,0.27087906983532545,0.5475,2000,0
gpt2,gpt2-medium,22,8,49,0.9583333333333334,0.10877551020408163,0.4568862495500388,0.8701908150638498,-0.20500233927539083,0.43042855493519944,0.257,2000,7
gpt2,gpt2-medium,22,9,49,0.9583333333333334,-0.0008163265306122449,0.9955583858464419,0.9961135830631557,-0.29792898224449,0.2779839925287953,0.485,2000,0
gpt2,gpt2-medium,22,10,49,0.9583333333333334,-0.05877551020408163,0.6883063408982266,0.9082805323193094,-0.34132549831478465,0.21952702926852277,0.6645,2000,1
gpt2,gpt2-medium,22,11,49,0.9583333333333334,-0.18193877551020407,0.21087343886472387,0.793309602755163,-0.44474229946772403,0.09940521391512477,0.898,2000,1
gpt2,gpt2-medium,22,12,49,0.9583333333333334,-0.19163265306122448,0.187148231458754,0.793309602755163,-0.4766625393083763,0.13041954631937386,0.8855,2000,0
gpt2,gpt2-medium,22,13,49,0.9583333333333334,0.004081632653061225,0.9777945928064011,0.9933151418985662,-0.2948021669677176,0.2868064772460234,0.494,2000,2
gpt2,gpt2-medium,22,14,49,0.9583333333333334,0.16,0.27212576591933074,0.8495633667725447,-0.1255047003851265,0.40757194239580175,0.136,2000,0
gpt2,gpt2-medium,22,15,49,0.9583333333333334,-0.09295918367346939,0.5252367939151602,0.8701908150638498,-0.3808952962666959,0.21663953199271477,0.7215,2000,0
gpt2,gpt2-medium,23,0,49,1.0,0.11469387755102041,0.4326143009653383,0.8701908150638498,-0.20255993169495484,0.4011822897716343,0.25,2000,0
gpt2,gpt2-medium,23,1,49,1.0,-0.15285714285714286,0.2943829175466087,0.8538225459805622,-0.4406186587530854,0.16078709045081238,0.8325,2000,0
gpt2,gpt2-medium,23,2,49,1.0,-0.10163265306122449,0.4871397015084962,0.8701908150638498,-0.3890623772323013,0.18661395324639066,0.7505,2000,1
gpt2,gpt2-medium,23,3,49,1.0,0.05102040816326531,0.7277275385246995,0.9235273792020726,-0.2651000997571229,0.3549339588629447,0.3675,2000,0
gpt2,gpt2-medium,23,4,49,1.0,-0.13112244897959183,0.3691598157556947,0.859135571213253,-0.3850505272886001,0.14766373527078155,0.8295,2000,31
gpt2,gpt2-medium,23,5,49,1.0,0.05969387755102041,0.6836894622170743,0.9082805323193094,-0.2616117058871549,0.34602321332365055,0.343,2000,49
gpt2,gpt2-medium,23,6,49,1.0,-0.15693877551020408,0.2815241011623603,0.8538225459805622,-0.4165379961048567,0.12010382500424417,0.8695,2000,47
gpt2,gpt2-medium,23,7,49,1.0,-0.07428571428571429,0.6119598467833081,0.9004269776578352,-0.3467466264484252,0.2129372420628706,0.6885,2000,0
gpt2,gpt2-medium,23,8,49,1.0,-0.1983673469387755,0.17182998742828717,0.793309602755163,-0.45139202729213485,0.06910129271653932,0.9355,2000,41
gpt2,gpt2-medium,23,9,49,1.0,-0.00816326530612245,0.9556058258697943,0.9785403656906694,-0.3009593015189669,0.27486346795324984,0.5325,2000,0
gpt2,gpt2-medium,23,10,49,1.0,0.05377551020408163,0.7136364038580779,0.9235273792020726,-0.24839247121025143,0.3403797233135944,0.3665,2000,0
gpt2,gpt2-medium,23,11,49,1.0,-0.3579591836734694,0.011559230893081357,0.2959163108628828,-0.6173809034351626,-0.0678903075748888,0.9915,2000,4
gpt2,gpt2-medium,23,12,49,1.0,-0.3651020408163265,0.009895509134284688,0.2959163108628828,-0.6035751222791551,-0.06358302512085996,0.992,2000,0
gpt2,gpt2-medium,23,13,49,1.0,-0.061224489795918366,0.6760201067382583,0.9082805323193094,-0.34513855774875646,0.19669753725724112,0.669,2000,4
gpt2,gpt2-medium,23,14,49,1.0,0.22142857142857142,0.12625530076983527,0.793309602755163,-0.053945280927398205,0.46400348827681676,0.052,2000,0
gpt2,gpt2-medium,23,15,49,1.0,-0.14183673469387756,0.33097459046545225,0.8538225459805622,-0.3922949216478596,0.11806151645207419,0.863,2000,3
gpt2,gpt2-xl,32,0,49,0.6875,0.08081632653061224,0.5809384337297814,0.9298733814794471,-0.2227953868546681,0.36015021067743996,0.2985,2000,0
gpt2,gpt2-xl,32,1,49,0.6875,-0.09316326530612246,0.5243237570699694,0.9250505465349528,-0.3776294555123433,0.21618904212788928,0.7165,2000,3
gpt2,gpt2-xl,32,2,49,0.6875,0.22877551020408163,0.11384669400950663,0.6274979839340716,-0.05234628224542773,0.49190165611904935,0.0595,2000,24
gpt2,gpt2-xl,32,3,49,0.6875,-0.1789795918367347,0.21851776980481474,0.7563334841094376,-0.41796750316259546,0.10427817793751208,0.897,2000,13
gpt2,gpt2-xl,32,4,49,0.6875,0.07428571428571429,0.6119598467833081,0.9337217055758088,-0.23453941004535375,0.3486203772763452,0.3115,2000,2
gpt2,gpt2-xl,32,5,49,0.6875,0.030816326530612243,0.8335151628331343,0.9948068615673535,-0.281805280069951,0.31803301982198035,0.415,2000,2
gpt2,gpt2-xl,32,6,49,0.6875,0.0007142857142857143,0.9961135830631557,0.9986101083339906,-0.3012820874383151,0.3221016934005791,0.486,2000,1
gpt2,gpt2-xl,32,7,49,0.6875,0.12775510204081633,0.3816871809240782,0.8615253485520745,-0.13682128254272377,0.3694645825804063,0.169,2000,0
gpt2,gpt2-xl,32,8,49,0.6875,-0.0020408163265306124,0.9888962559680106,0.9986101083339906,-0.27016672906383626,0.2814211978740799,0.523,2000,2
gpt2,gpt2-xl,32,9,49,0.6875,-0.09153061224489796,0.5316500157683278,0.9250505465349528,-0.3752752761269426,0.1995605268084518,0.7265,2000,9
gpt2,gpt2-xl,32,10,49,0.6875,-0.11071428571428571,0.4488546550037979,0.8950466860665867,-0.37744535286175784,0.17390085770548255,0.7645,2000,1
gpt2,gpt2-xl,32,11,49,0.6875,0.02193877551020408,0.8810605894579352,0.9948068615673535,-0.28677488879670854,0.31479337027395815,0.4455,2000,1
gpt2,gpt2-xl,32,12,49,0.6875,-0.16051020408163266,0.2705798267130854,0.8095821864390715,-0.47276524693296046,0.17760789438233446,0.8265,2000,5
gpt2,gpt2-xl,32,13,49,0.6875,-0.09673469387755101,0.5084740605741287,0.9250505465349528,-0.41146769702362773,0.20790703506911215,0.7195,2000,0
gpt2,gpt2-xl,32,14,49,0.6875,0.09408163265306123,0.520224854233986,0.9250505465349528,-0.17051827688007826,0.3399688151295864,0.2455,2000,1
gpt2,gpt2-xl,32,15,49,0.6875,-0.0676530612244898,0.6441703524861699,0.9369750581617018,-0.3362724800667939,0.213961435703937,0.669,2000,2
gpt2,gpt2-xl,32,16,49,0.6875,0.025918367346938774,0.8596854760633275,0.9948068615673535,-0.24878815315289238,0.3144557847359972,0.433,2000,0
gpt2,gpt2-xl,32,17,49,0.6875,0.14948979591836734,0.3052737391594197,0.8095821864390715,-0.1292424397221087,0.4118553302356024,0.145,2000,2
gpt2,gpt2-xl,32,18,49,0.6875,0.08438775510204082,0.5642808333863212,0.9250505465349528,-0.19952945893287957,0.36694844574715774,0.284,2000,0
gpt2,gpt2-xl,32,19,49,0.6875,0.16693877551020408,0.2516001035679427,0.789009313130107,-0.12710144801507717,0.43145794752386785,0.1235,2000,0
gpt2,gpt2-xl,32,20,49,0.6875,-0.1719387755102041,0.23747438799467185,0.7786045508022028,-0.41123136978163644,0.09676158860266373,0.8925,2000,0
gpt2,gpt2-xl,32,21,49,0.6875,-0.381530612244898,0.006831952508337788,0.45145929136008256,-0.6050084356173467,-0.09626848009278131,0.995,2000,8
gpt2,gpt2-xl,32,22,49,0.6875,0.1410204081632653,0.33379368269922177,0.8229737561957627,-0.1629709775872631,0.42112962748774074,0.187,2000,3
gpt2,gpt2-xl,32,23,49,0.6875,0.005,0.9728000774609025,0.9949387402191497,-0.3019552464115036,0.3216226317653128,0.487,2000,0
gpt2,gpt2-xl,32,24,49,0.6875,0.08979591836734693,0.5394887750797145,0.9250505465349528,-0.18181910402880425,0.3302880960898507,0.252,2000,7
gpt2,gpt2-xl,33,0,49,0.7083333333333334,-0.027857142857142858,0.8493069261108499,0.9948068615673535,-0.3222387080199907,0.27223491799153143,0.571,2000,2
gpt2,gpt2-xl,33,1,49,0.7083333333333334,-0.21061224489795918,0.14634140486229705,0.658613656647492,-0.49405152224487825,0.09957048196131421,0.907,2000,0
gpt2,gpt2-xl,33,2,49,0.7083333333333334,-0.23346938775510204,0.10641987929651246,0.6242555006114912,-0.5069842995496425,0.07182305466054932,0.939,2000,0
gpt2,gpt2-xl,33,3,49,0.7083333333333334,-0.26448979591836735,0.0662852868871268,0.5464439964604917,-0.5105905793399408,0.021851396024120784,0.9635,2000,0
gpt2,gpt2-xl,33,4,49,0.7083333333333334,0.3107142857142857,0.029784014218923176,0.45145929136008256,0.026458948389975645,0.5470239914193362,0.016,2000,0
gpt2,gpt2-xl,33,5,49,0.7083333333333334,-0.1433673469387755,0.3257290954167656,0.814322738541914,-0.39751925130978394,0.14794558566191904,0.839,2000,2
gpt2,gpt2-xl,33,6,49,0.7083333333333334,-0.08551020408163265,0.559091948250047,0.9250505465349528,-0.35369148274860096,0.2143814226625298,0.722,2000,0
gpt2,gpt2-xl,33,7,49,0.7083333333333334,-0.06102040816326531,0.6770408306136383,0.9469102526064871,-0.3897722868434632,0.25100418397006613,0.6355,2000,0
gpt2,gpt2-xl,33,8,49,0.7083333333333334,0.0639795918367347,0.6622973542245638,0.9461390774636627,-0.24906611983727797,0.36643478472738156,0.317,2000,17
gpt2,gpt2-xl,33,9,49,0.7083333333333334,-0.34061224489795916,0.016628076623265573,0.45145929136008256,-0.5313296465030415,-0.11630909101168128,0.9955,2000,7
gpt2,gpt2-xl,33,10,49,0.7083333333333334,0.005714285714285714,0.9689161581635866,0.9949387402191497,-0.2951226400220046,0.29079470904252047,0.4995,2000,0
gpt2,gpt2-xl,33,11,49,0.7083333333333334,0.07755102040816327,0.5963602354519977,0.9300224730302918,-0.224623220007956,0.36491258228102386,0.291,2000,0
gpt2,gpt2-xl,33,12,49,0.7083333333333334,-0.024183673469387754,0.8689915265315008,0.9948068615673535,-0.3200484656781704,0.2847355690914861,0.5535,2000,0
gpt2,gpt2-xl,33,13,49,0.7083333333333334,-0.2366326530612245,0.10162841166194608,0.6242555006114912,-0.4955668723391693,0.04465121644195438,0.9545,2000,4
gpt2,gpt2-xl,33,14,49,0.7083333333333334,0.08928571428571429,0.5418049030273374,0.9250505465349528,-0.17518324511389102,0.34408227655364554,0.2655,2000,16
gpt2,gpt2-xl,33,15,49,0.7083333333333334,-0.09357142857142857,0.5225000474828323,0.9250505465349528,-0.37227706036955655,0.21882684815584882,0.736,2000,15
gpt2,gpt2-xl,33,16,49,0.7083333333333334,-0.10846938775510204,0.4581614981336156,0.8950466860665867,-0.3722334275849259,0.1689450012311497,0.784,2000,0
gpt2,gpt2-xl,33,17,49,0.7083333333333334,0.12142857142857143,0.40589514214942146,0.8776111181609113,-0.15373669093300993,0.39780352249114376,0.188,2000,1
gpt2,gpt2-xl,33,18,49,0.7083333333333334,-0.015510204081632653,0.9157609357990619,0.9948068615673535,-0.2866614892914925,0.2672987497077204,0.54,2000,3
gpt2,gpt2-xl,33,19,49,0.7083333333333334,0.05,0.7329694567146957,0.9588161000134601,-0.26418576936177457,0.3628480901390859,0.3955,2000,0
gpt2,gpt2-xl,33,20,49,0.7083333333333334,0.07520408163265306,0.6075548072277128,0.9333664867205634,-0.21671649866945006,0.330979716867549,0.3015,2000,0
gpt2,gpt2-xl,33,21,49,0.7083333333333334,-0.10234693877551021,0.48406802959106365,0.9098708292756414,-0.3760561069122767,0.17177740757891943,0.7685,2000,14
gpt2,gpt2-xl,33,22,49,0.7083333333333334,0.15357142857142858,0.29210556307926705,0.8095821864390715,-0.1164472850944244,0.41013423987885084,0.144,2000,1
gpt2,gpt2-xl,33,23,49,0.7083333333333334,-0.18693877551020407,0.19838619447581074,0.7149052053182369,-0.47085202612939087,0.13031419137574787,0.876,2000,2
gpt2,gpt2-xl,33,24,49,0.7083333333333334,0.012040816326530613,0.9345570346471355,0.9948068615673535,-0.2621691364333163,0.27832515431465044,0.452,2000,0
gpt2,gpt2-xl,34,0,49,0.7291666666666666,0.07948979591836734,0.5871817431159306,0.9298733814794471,-0.19175538373002388,0.34142950418874696,0.2875,2000,0
gpt2,gpt2-xl,34,1,49,0.7291666666666666,0.185,0.2031645470769669,0.7191665383255466,-0.10357371968819097,0.45080826347539354,0.112,2000,0
gpt2,gpt2-xl,34,2,49,0.7291666666666666,0.16010204081632654,0.271816111023118,0.8095821864390715,-0.10606225627199088,0.4070569355369369,0.1235,2000,0
gpt2,gpt2-xl,34,3,49,0.7291666666666666,-0.04336734693877551,0.7673264110410993,0.9743827441791737,-0.30143576690967766,0.23804973031396717,0.603,2000,6
gpt2,gpt2-xl,34,4,49,0.7291666666666666,-0.15948979591836734,0.27367754428134156,0.8095821864390715,-0.4539736132830588,0.15155302424576492,0.8455,2000,0
gpt2,gpt2-xl,34,5,49,0.7291666666666666,0.07030612244897959,0.6312040657398282,0.9360689842114573,-0.21329304637734142,0.34282610918012646,0.3065,2000,0
gpt2,gpt2-xl,34,6,49,0.7291666666666666,0.15693877551020408,0.2815241011623603,0.8095821864390715,-0.16352496734350713,0.43447736554457084,0.157,2000,0
gpt2,gpt2-xl,34,7,49,0.7291666666666666,-0.08612244897959184,0.5562711294342616,0.9250505465349528,-0.36744012565517187,0.2044946796039025,0.714,2000,3
gpt2,gpt2-xl,34,8,49,0.7291666666666666,-0.02469387755102041,0.8662525713491487,0.9948068615673535,-0.3163475669415086,0.28168167283275825,0.554,2000,14
gpt2,gpt2-xl,34,9,49,0.7291666666666666,0.034489795918367344,0.8140023116347468,0.9948068615673535,-0.24924774704610533,0.31915481631505344,0.4045,2000,0
gpt2,gpt2-xl,34,10,49,0.7291666666666666,-0.042346938775510205,0.7726534741586216,0.9756299754906307,-0.327510933039862,0.24026574808339038,0.589,2000,6
gpt2,gpt2-xl,34,11,49,0.7291666666666666,-0.12163265306122449,0.4051006626557462,0.8776111181609113,-0.4014735615754817,0.1683470228266636,0.779,2000,0
gpt2,gpt2-xl,34,12,49,0.7291666666666666,0.10755102040816326,0.46199881107906327,0.8950466860665867,-0.17439132864323256,0.35399874286815197,0.2345,2000,0
gpt2,gpt2-xl,34,13,49,0.7291666666666666,0.0236734693877551,0.8717320037956297,0.9948068615673535,-0.2647488355975308,0.30697441541980125,0.416,2000,3
gpt2,gpt2-xl,34,14,49,0.7291666666666666,-0.26387755102040816,0.06693938956641023,0.5464439964604917,-0.5311305813834678,0.03142017552273308,0.964,2000,0
gpt2,gpt2-xl,34,15,49,0.7291666666666666,-0.11081632653061224,0.44843409896812175,0.8950466860665867,-0.36923812257578525,0.1770162939002118,0.792,2000,8
gpt2,gpt2-xl,34,16,49,0.7291666666666666,-0.04846938775510204,0.7408549132716608,0.9635172998488737,-0.33302581937704423,0.2506871359967301,0.636,2000,4
gpt2,gpt2-xl,34,17,49,0.7291666666666666,-0.2263265306122449,0.11787508572879372,0.6274979839340716,-0.5145825468439396,0.09316653751391515,0.9225,2000,0
gpt2,gpt2-xl,34,18,49,0.7291666666666666,-0.044489795918367346,0.7614789135859109,0.9743827441791737,-0.32046665058963986,0.23988467908979608,0.6075,2000,4
gpt2,gpt2-xl,34,19,49,0.7291666666666666,-0.23479591836734695,0.10438988388562438,0.6242555006114912,-0.49136525396068637,0.06682930241583886,0.9395,2000,0
gpt2,gpt2-xl,34,20,49,0.7291666666666666,0.02663265306122449,0.8558589738899809,0.9948068615673535,-0.28137827957991685,0.33289474493890137,0.4115,2000,0
gpt2,gpt2-xl,34,21,49,0.7291666666666666,0.3189795918367347,0.025487844496965884,0.45145929136008256,0.03515251053224887,0.5756374639915905,0.0125,2000,5
gpt2,gpt2-xl,34,22,49,0.7291666666666666,-0.3936734693877551,0.0051331146891951,0.41064917513560795,-0.5914569783096397,-0.13706972867817213,0.999,2000,37
gpt2,gpt2-xl,34,23,49,0.7291666666666666,-0.25010204081632653,0.08306332704842015,0.5933094789172868,-0.5251572625571592,0.06681723264394426,0.941,2000,0
gpt2,gpt2-xl,34,24,49,0.7291666666666666,-0.034591836734693876,0.8134618214273783,0.9948068615673535,-0.34291860813932395,0.2605153350406089,0.603,2000,4
gpt2,gpt2-xl,35,0,49,0.75,-0.11204081632653061,0.44340434806590684,0.8950466860665867,-0.40911125424776273,0.17816894020121316,0.776,2000,3
gpt2,gpt2-xl,35,1,49,0.75,0.34744897959183674,0.01444122008037599,0.45145929136008256,0.035846613125965154,0.6171925934444781,0.0135,2000,4
gpt2,gpt2-xl,35,2,49,0.75,0.12744897959183674,0.38283840632436894,0.8615253485520745,-0.1581793092123266,0.37893752784279555,0.186,2000,0
gpt2,gpt2-xl,35,3,49,0.75,0.2686734693877551,0.061950839137961726,0.5464439964604917,-0.007437835199024911,0.5263660944590075,0.03,2000,1
gpt2,gpt2-xl,35,4,49,0.75,-0.05581632653061225,0.7032588332360745,0.9495349920908888,-0.35823428578160876,0.24831303979248015,0.6395,2000,0
gpt2,gpt2-xl,35,5,49,0.75,0.08897959183673469,0.543196880620026,0.9250505465349528,-0.20719375410058735,0.35850256747055553,0.2575,2000,0
gpt2,gpt2-xl,35,6,49,0.75,0.12387755102040816,0.3964209218935774,0.8699255144285166,-0.15927235109504193,0.3996986631061927,0.2015,2000,1
gpt2,gpt2-xl,35,7,49,0.75,0.08459183673469388,0.5633357332682174,0.9250505465349528,-0.23447367492099289,0.36852039867573755,0.3055,2000,4
gpt2,gpt2-xl,35,8,49,0.75,0.2536734693877551,0.07861685308364413,0.5823470598788454,-0.04212488499155114,0.5106400706998382,0.0465,2000,1
gpt2,gpt2-xl,35,9,49,0.75,-0.00826530612244898,0.9550514636236472,0.9949387402191497,-0.30948390465527026,0.2740940494451647,0.5075,2000,1
gpt2,gpt2-xl,35,10,49,0.75,-0.004795918367346939,0.9739098872457992,0.9949387402191497,-0.2455940021550791,0.24994946118025477,0.511,2000,0
gpt2,gpt2-xl,35,11,49,0.75,-0.05102040816326531,0.7277275385246995,0.9588161000134601,-0.33649375087187633,0.25238700039212725,0.6195,2000,0
gpt2,gpt2-xl,35,12,49,0.75,-0.11693877551020408,0.42360033252212864,0.8950466860665867,-0.39008388026161267,0.1777801584910637,0.7785,2000,2
gpt2,gpt2-xl,35,13,49,0.75,0.16785714285714284,0.24896398640252607,0.789009313130107,-0.12451463992436883,0.41851955372229677,0.1295,2000,0
gpt2,gpt2-xl,35,14,49,0.75,-0.03306122448979592,0.8215780641261025,0.9948068615673535,-0.29119458655171576,0.22252544519878295,0.617,2000,0
gpt2,gpt2-xl,35,15,49,0.75,-0.005,0.9728000774609025,0.9949387402191497,-0.3047999681565918,0.3072543220704428,0.5225,2000,0
gpt2,gpt2-xl,35,16,49,0.75,0.05377551020408163,0.7136364038580779,0.953889641618988,-0.22380962301407298,0.3394598190376959,0.3525,2000,0
gpt2,gpt2-xl,35,17,49,0.75,0.011224489795918367,0.9389851618399635,0.9948068615673535,-0.26414197399115,0.2802002524550178,0.473,2000,0
gpt2,gpt2-xl,35,18,49,0.75,0.2069387755102041,0.15367450209975067,0.6609656004290351,-0.11009613389258044,0.4951348907084516,0.099,2000,1
gpt2,gpt2-xl,35,19,49,0.75,0.015102040816326531,0.917970076259211,0.9948068615673535,-0.26723754053161775,0.28164525674085833,0.45,2000,0
gpt2,gpt2-xl,35,20,49,0.75,0.2645918367346939,0.06617676679707149,0.5464439964604917,-0.016892337697599784,0.5044590379244854,0.034,2000,1
gpt2,gpt2-xl,35,21,49,0.75,-0.3525510204081633,0.012973632039301979,0.45145929136008256,-0.5814315187720631,-0.08704088941063418,0.996,2000,0
gpt2,gpt2-xl,35,22,49,0.75,-0.004081632653061225,0.9777945928064011,0.9949387402191497,-0.2977612478151297,0.2850598726733401,0.5135,2000,0
gpt2,gpt2-xl,35,23,49,0.75,0.2643877551020408,0.06639394878006082,0.5464439964604917,-0.01384814561579935,0.5147437907458604,0.0325,2000,6
gpt2,gpt2-xl,35,24,49,0.75,0.035408163265306124,0.8091410140594453,0.9948068615673535,-0.24139197130581858,0.30627345175857995,0.4025,2000,0
gpt2,gpt2-xl,36,0,49,0.7708333333333334,-0.1520408163265306,0.29699967267833244,0.8095821864390715,-0.4209248092558528,0.12683523058901827,0.8485,2000,1
gpt2,gpt2-xl,36,1,49,0.7708333333333334,-0.06326530612244897,0.6658448075845886,0.9469102526064871,-0.34178684109495655,0.21315707842411263,0.686,2000,0
gpt2,gpt2-xl,36,2,49,0.7708333333333334,-0.1363265306122449,0.3502930035863219,0.8433917710385467,-0.40600962435767635,0.13639597627829514,0.845,2000,0
gpt2,gpt2-xl,36,3,49,0.7708333333333334,0.027653061224489794,0.8503982471906152,0.9948068615673535,-0.2513841329525897,0.3236874614273672,0.424,2000,2
gpt2,gpt2-xl,36,4,49,0.7708333333333334,-0.09795918367346938,0.5030964185657981,0.9250505465349528,-0.3751001165861067,0.1821538452082831,0.7485,2000,0
gpt2,gpt2-xl,36,5,49,0.7708333333333334,0.027142857142857142,0.853127759162837,0.9948068615673535,-0.25454088792010954,0.30455622096455637,0.432,2000,1
gpt2,gpt2-xl,36,6,49,0.7708333333333334,0.32418367346938776,0.023058822855851164,0.45145929136008256,0.019542970541910485,0.5892746514369054,0.0165,2000,2
gpt2,gpt2-xl,36,7,49,0.7708333333333334,0.036734693877551024,0.8021317503456593,0.9948068615673535,-0.23554931415686198,0.3268505359422296,0.399,2000,0
gpt2,gpt2-xl,36,8,49,0.7708333333333334,0.08377551020408164,0.5671205566965164,0.9259111129739044,-0.2260015269719305,0.38198916566027463,0.2915,2000,1
gpt2,gpt2-xl,36,9,49,0.7708333333333334,0.055204081632653064,0.7063665926560415,0.9495349920908888,-0.27151975031482034,0.3601491471863224,0.383,2000,1
gpt2,gpt2-xl,36,10,49,0.7708333333333334,0.14795918367346939,0.3103085094179321,0.8095821864390715,-0.1810557274442068,0.4228065044244043,0.195,2000,0
gpt2,gpt2-xl,36,11,49,0.7708333333333334,-0.09163265306122449,0.5311906582338849,0.9250505465349528,-0.3842111985286605,0.20925408790495093,0.7155,2000,1
gpt2,gpt2-xl,36,12,49,0.7708333333333334,-0.04989795918367347,0.733494316510297,0.9588161000134601,-0.32745763892123214,0.22667630876328496,0.628,2000,3
gpt2,gpt2-xl,36,13,49,0.7708333333333334,-0.2060204081632653,0.15554929367140505,0.6619118879634257,-0.47397745245224115,0.09977798273689949,0.9165,2000,0
gpt2,gpt2-xl,36,14,49,0.7708333333333334,-0.06173469387755102,0.6734708201931038,0.9469102526064871,-0.3438659685884956,0.23262254256557,0.665,2000,0
gpt2,gpt2-xl,36,15,49,0.7708333333333334,-0.3672448979591837,0.009438512907626338,0.45145929136008256,-0.5898879802309649,-0.1024932284472149,0.9955,2000,0
gpt2,gpt2-xl,36,16,49,0.7708333333333334,-0.4663265306122449,0.0007322842052125304,0.09763789402833739,-0.6847960408467948,-0.18835880874959804,0.999,2000,0
gpt2,gpt2-xl,36,17,49,0.7708333333333334,-0.15193877551020407,0.2973278219880988,0.8095821864390715,-0.4230927266434799,0.14563904338503522,0.851,2000,4
gpt2,gpt2-xl,36,18,49,0.7708333333333334,0.11704081632653061,0.4231931502241097,0.8950466860665867,-0.20197942830657217,0.4316272426827955,0.2245,2000,0
gpt2,gpt2-xl,36,19,49,0.7708333333333334,-0.020714285714285713,0.8876551780906027,0.9948068615673535,-0.3033318471451632,0.26219878338652763,0.5775,2000,2
gpt2,gpt2-xl,36,20,49,0.7708333333333334,-0.04377551020408163,0.765198545830162,0.9743827441791737,-0.3489991089355575,0.23654554997627486,0.597,2000,3
gpt2,gpt2-xl,36,21,49,0.7708333333333334,-0.004693877551020408,0.9744648105991864,0.9949387402191497,-0.2367599126416334,0.24549199552838114,0.518,2000,0
gpt2,gpt2-xl,36,22,49,0.7708333333333334,0.11244897959183674,0.44173472312862666,0.8950466860665867,-0.16354884983734552,0.3885653550485019,0.214,2000,1
gpt2,gpt2-xl,36,23,49,0.7708333333333334,-0.06795918367346938,0.6426687883216954,0.9369750581617018,-0.3865202972315874,0.2830823160158424,0.6645,2000,3
gpt2,gpt2-xl,36,24,49,0.7708333333333334,-0.25214285714285717,0.08049896694851284,0.5854470323528207,-0.5116391831059998,0.034927675215662986,0.958,2000,1
gpt2,gpt2-xl,37,0,49,0.7916666666666666,-0.2621428571428571,0.06882063401329892,0.5505650721063914,-0.5035981908058527,0.026013544379801266,0.9665,2000,0
gpt2,gpt2-xl,37,1,49,0.7916666666666666,-0.321530612244898,0.024271653230104266,0.45145929136008256,-0.5617198112279231,-0.03899629348234796,0.988,2000,1
gpt2,gpt2-xl,37,2,49,0.7916666666666666,-0.08438775510204082,0.5642808333863212,0.9250505465349528,-0.35348610204328085,0.19172631669630635,0.7205,2000,0
gpt2,gpt2-xl,37,3,49,0.7916666666666666,-0.2786734693877551,0.052506476606683936,0.5464439964604917,-0.5414502639139477,0.01069078981654466,0.969,2000,0
gpt2,gpt2-xl,37,4,49,0.7916666666666666,0.030510204081632655,0.8351458935004011,0.9948068615673535,-0.2585418207502075,0.310004957484094,0.428,2000,1
gpt2,gpt2-xl,37,5,49,0.7916666666666666,-0.3039795918367347,0.03371532935599242,0.45145929136008256,-0.5418321128808724,-0.018910043819814912,0.982,2000,1
gpt2,gpt2-xl,37,6,49,0.7916666666666666,-0.034591836734693876,0.8134618214273783,0.9948068615673535,-0.3275168608215819,0.2777509451280457,0.601,2000,1
gpt2,gpt2-xl,37,7,49,0.7916666666666666,0.05336734693877551,0.7157181558876003,0.953889641618988,-0.2440126171070993,0.3909094161818554,0.373,2000,0
gpt2,gpt2-xl,37,8,49,0.7916666666666666,0.011122448979591837,0.9395388088703858,0.9948068615673535,-0.25861252915254895,0.2802701045874095,0.4715,2000,0
gpt2,gpt2-xl,37,9,49,0.7916666666666666,0.07142857142857142,0.6257509292018498,0.9360689842114573,-0.2432978540918707,0.37359541079357256,0.333,2000,5
gpt2,gpt2-xl,37,10,49,0.7916666666666666,-0.16081632653061226,0.26965506495788516,0.8095821864390715,-0.4417850851438177,0.14656564340466835,0.8435,2000,0
gpt2,gpt2-xl,37,11,49,0.7916666666666666,-0.06887755102040816,0.6381725856255247,0.9369750581617018,-0.35080169551884677,0.23511831772296152,0.684,2000,9
gpt2,gpt2-xl,37,12,49,0.7916666666666666,-0.020612244897959184,0.8882050732748761,0.9948068615673535,-0.28106622523175717,0.24112855247982146,0.589,2000,7
gpt2,gpt2-xl,37,13,49,0.7916666666666666,-0.08469387755102041,0.5628634603384524,0.9250505465349528,-0.33739274725981383,0.175057255905301,0.734,2000,0
gpt2,gpt2-xl,37,14,49,0.7916666666666666,0.2813265306122449,0.05020689737953075,0.543716825889062,-0.026697134024808306,0.5675446404416022,0.039,2000,0
gpt2,gpt2-xl,37,15,49,0.7916666666666666,-0.32326530612244897,0.023472753009546377,0.45145929136008256,-0.5706275003371944,-0.03280589134598731,0.9875,2000,0
gpt2,gpt2-xl,37,16,49,0.7916666666666666,-0.1445918367346939,0.3215705825777717,0.8141027407032195,-0.3940446922917269,0.12710118550860564,0.8715,2000,0
gpt2,gpt2-xl,37,17,49,0.7916666666666666,-0.1823469387755102,0.20983392599097586,0.7362593894420205,-0.427250552889,0.08221947191444665,0.901,2000,0
gpt2,gpt2-xl,37,18,49,0.7916666666666666,-0.07387755102040816,0.6139220214160943,0.9337217055758088,-0.394137143007294,0.24932334086048746,0.664,2000,3
gpt2,gpt2-xl,37,19,49,0.7916666666666666,-0.0326530612244898,0.8237455576455502,0.9948068615673535,-0.3140497424124815,0.25081365052634547,0.574,2000,2
gpt2,gpt2-xl,37,20,49,0.7916666666666666,-0.055,0.7074035691077121,0.9495349920908888,-0.31708969563404493,0.20676492707872843,0.6595,2000,0
gpt2,gpt2-xl,37,21,49,0.7916666666666666,-0.2036734693877551,0.16041665732258237,0.6684027388440933,-0.46328546853204106,0.07870073342412189,0.913,2000,2
gpt2,gpt2-xl,37,22,49,0.7916666666666666,0.14714285714285713,0.3130152831063506,0.8095821864390715,-0.13278567457527649,0.39121853846486876,0.147,2000,1
gpt2,gpt2-xl,37,23,49,0.7916666666666666,-0.31612244897959185,0.02691012738430433,0.45145929136008256,-0.5732205775527563,-0.03818068118758586,0.9865,2000,0
gpt2,gpt2-xl,37,24,49,0.7916666666666666,0.12887755102040815,0.37748363740769986,0.8615253485520745,-0.15634196428390884,0.36307783164149693,0.1795,2000,0
gpt2,gpt2-xl,38,0,49,0.8125,-0.20846938775510204,0.15058687333963017,0.6609656004290351,-0.5109967401102937,0.12218699124906915,0.8865,2000,2
gpt2,gpt2-xl,38,1,49,0.8125,0.05530612244897959,0.7058483020226826,0.9495349920908888,-0.23344870064018156,0.3387851379935169,0.3545,2000,0
gpt2,gpt2-xl,38,2,49,0.8125,-0.10030612244897959,0.49287114924343217,0.921254484567163,-0.3647443861548819,0.1863441409249175,0.755,2000,2
gpt2,gpt2-xl,38,3,49,0.8125,-0.019387755102040816,0.8948078045959664,0.9948068615673535,-0.3297836842486635,0.25687332903435156,0.546,2000,1
gpt2,gpt2-xl,38,4,49,0.8125,-0.16244897959183674,0.26475846552387416,0.8095821864390715,-0.44831957596213995,0.13770615076485015,0.8565,2000,1
gpt2,gpt2-xl,38,5,49,0.8125,-0.24153061224489797,0.09453945630369148,0.6242555006114912,-0.5051675335363514,0.02879307427256021,0.961,2000,0
gpt2,gpt2-xl,38,6,49,0.8125,0.19673469387755102,0.1754572784538947,0.6748356863611334,-0.08778669028944534,0.4647973565853426,0.0875,2000,7
gpt2,gpt2-xl,38,7,49,0.8125,0.13979591836734695,0.3380503292214289,0.8229737561957627,-0.18278345462269957,0.43447327375028094,0.197,2000,0
gpt2,gpt2-xl,38,8,49,0.8125,0.0926530612244898,0.5266078237176511,0.9250505465349528,-0.21665365727696556,0.3923527227385541,0.286,2000,0
gpt2,gpt2-xl,38,9,49,0.8125,-0.16948979591836735,0.24432383500653246,0.7881414032468789,-0.4252591140232347,0.1078836221827075,0.885,2000,3
gpt2,gpt2-xl,38,10,49,0.8125,-0.08959183673469388,0.5404146501944503,0.9250505465349528,-0.3454685447268611,0.1827887948023646,0.7475,2000,0
gpt2,gpt2-xl,38,11,49,0.8125,0.3037755102040816,0.03384085666017568,0.45145929136008256,0.013067569623303774,0.5733572215575065,0.0205,2000,6
gpt2,gpt2-xl,38,12,49,0.8125,0.05683673469387755,0.6980899018098924,0.9495349920908888,-0.2628561073405954,0.3700210362974798,0.3615,2000,0
gpt2,gpt2-xl,38,13,49,0.8125,0.2176530612244898,0.13301560347104643,0.6488566022977875,-0.08033882405202628,0.4989294739778147,0.0845,2000,0
gpt2,gpt2-xl,38,14,49,0.8125,-0.10448979591836735,0.47491433682358203,0.9045987368068229,-0.39459593376828056,0.1804532010992288,0.7605,2000,2
gpt2,gpt2-xl,38,15,49,0.8125,-0.11653061224489795,0.42523127826835727,0.8950466860665867,-0.37484189829105274,0.15088069398662202,0.8,2000,0
gpt2,gpt2-xl,38,16,49,0.8125,-0.31020408163265306,0.030067840167972874,0.45145929136008256,-0.5247615815834816,-0.05859641157079813,0.989,2000,0
gpt2,gpt2-xl,38,17,49,0.8125,-0.07653061224489796,0.6012162745044992,0.9300224730302918,-0.37612737702268906,0.2367948628668396,0.6835,2000,3
gpt2,gpt2-xl,38,18,49,0.8125,-0.04,0.7849447575636722,0.9842567492961408,-0.31045129860614756,0.24373015763339756,0.606,2000,2
gpt2,gpt2-xl,38,19,49,0.8125,-0.3196938775510204,0.02514227761087211,0.45145929136008256,-0.5868424162259901,-0.0023051484861716003,0.9755,2000,0
gpt2,gpt2-xl,38,20,49,0.8125,-0.11959183673469388,0.41308588015401737,0.8883567315140158,-0.39902721430424926,0.16835184159673133,0.7885,2000,8
gpt2,gpt2-xl,38,21,49,0.8125,-0.21051020408163265,0.14654153860406696,0.658613656647492,-0.454445410093121,0.0653475056439661,0.9395,2000,0
gpt2,gpt2-xl,38,22,49,0.8125,-0.24357142857142858,0.09170146910710922,0.6242555006114912,-0.5232822477650064,0.07557248713163633,0.9345,2000,1
gpt2,gpt2-xl,38,23,49,0.8125,-0.3104081632653061,0.02995404107115714,0.45145929136008256,-0.545428233391694,-0.03267533342612638,0.988,2000,0
gpt2,gpt2-xl,38,24,49,0.8125,-0.15112244897959184,0.2999614563528618,0.8095821864390715,-0.4550786107639032,0.1388014778097709,0.836,2000,0
gpt2,gpt2-xl,39,0,49,0.8333333333333334,-0.025714285714285714,0.8607793522894795,0.9948068615673535,-0.34694317101068944,0.2761928893357208,0.5565,2000,0
gpt2,gpt2-xl,39,1,49,0.8333333333333334,-0.20948979591836736,0.1485540311047273,0.6602401382432326,-0.4458165033057676,0.05181111019419684,0.9385,2000,8
gpt2,gpt2-xl,39,2,49,0.8333333333333334,-0.20112244897959183,0.16583259428865577,0.6700306839945688,-0.46120360713992087,0.08694734856042623,0.9225,2000,3
gpt2,gpt2-xl,39,3,49,0.8333333333333334,-0.3176530612244898,0.02614016236168304,0.45145929136008256,-0.5507196391076024,-0.046947636585194644,0.989,2000,2
gpt2,gpt2-xl,39,4,49,0.8333333333333334,0.00010204081632653062,0.999444795499308,0.999444795499308,-0.2763336868400376,0.2798013377495078,0.504,2000,1
gpt2,gpt2-xl,39,5,49,0.8333333333333334,-0.13377551020408163,0.35946627202118264,0.855872076240911,-0.41051155114145554,0.13970132994579687,0.831,2000,0
gpt2,gpt2-xl,39,6,49,0.8333333333333334,0.02153061224489796,0.883257921525026,0.9948068615673535,-0.28534814105760636,0.3322094551355439,0.4445,2000,1
gpt2,gpt2-xl,39,7,49,0.8333333333333334,0.23346938775510204,0.10641987929651246,0.6242555006114912,-0.09496575917835037,0.5194853830266865,0.0765,2000,0
gpt2,gpt2-xl,39,8,49,0.8333333333333334,-0.07040816326530612,0.6307075167604521,0.9360689842114573,-0.34276626898104645,0.2078809022120592,0.6935,2000,0
gpt2,gpt2-xl,39,9,49,0.8333333333333334,0.19183673469387755,0.18667016614118173,0.6978323967894644,-0.12487897933871238,0.47345011892701694,0.1195,2000,0
gpt2,gpt2-xl,39,10,49,0.8333333333333334,-0.23326530612244897,0.10673485543234969,0.6242555006114912,-0.47485065178169966,0.044834884792312554,0.953,2000,0
gpt2,gpt2-xl,39,11,49,0.8333333333333334,-0.024489795918367346,0.8673479687693446,0.9948068615673535,-0.27879076493300586,0.25319369086799287,0.5795,2000,1
gpt2,gpt2-xl,39,12,49,0.8333333333333334,0.08653061224489796,0.5543943232667766,0.9250505465349528,-0.20713813817693988,0.3670501800229318,0.3045,2000,1
gpt2,gpt2-xl,39,13,49,0.8333333333333334,0.13938775510204082,0.33947667443075213,0.8229737561957627,-0.13960751066651317,0.41842800035667993,0.163,2000,0
gpt2,gpt2-xl,39,14,49,0.8333333333333334,-0.0413265306122449,0.7779909244498948,0.9786049364149619,-0.2993409792178766,0.20379491371739517,0.6425,2000,0
gpt2,gpt2-xl,39,15,49,0.8333333333333334,0.08928571428571429,0.5418049030273374,0.9250505465349528,-0.20589639663455608,0.37404814525033564,0.2885,2000,0
gpt2,gpt2-xl,39,16,49,0.8333333333333334,0.10489795918367346,0.47318126439221037,0.9045987368068229,-0.16941504930555923,0.35857972295903323,0.225,2000,0
gpt2,gpt2-xl,39,17,49,0.8333333333333334,-0.2139795918367347,0.139849965142563,0.656429967664478,-0.4847474507011313,0.08401155360155402,0.9325,2000,2
gpt2,gpt2-xl,39,18,49,0.8333333333333334,-0.3137755102040816,0.028127477197962478,0.45145929136008256,-0.5204935167355332,-0.07553379678205105,0.9935,2000,23
gpt2,gpt2-xl,39,19,49,0.8333333333333334,-0.0653061224489796,0.655728691700407,0.9430066017223312,-0.38039895724039313,0.23275511349419487,0.6655,2000,1
gpt2,gpt2-xl,39,20,49,0.8333333333333334,0.06979591836734694,0.6336892238353057,0.9360689842114573,-0.24219124420259142,0.3799944002303662,0.343,2000,0
gpt2,gpt2-xl,39,21,49,0.8333333333333334,-0.016224489795918368,0.9118964643548793,0.9948068615673535,-0.3200684164724475,0.26436924233867726,0.563,2000,0
gpt2,gpt2-xl,39,22,49,0.8333333333333334,-0.14785714285714285,0.3106460359090235,0.8095821864390715,-0.4353403140760061,0.15746919323218087,0.8295,2000,3
gpt2,gpt2-xl,39,23,49,0.8333333333333334,-0.0770408163265306,0.5987860948260497,0.9300224730302918,-0.3735772156840739,0.22492719999154429,0.6915,2000,0
gpt2,gpt2-xl,39,24,49,0.8333333333333334,-0.10806122448979592,0.4598648307918831,0.8950466860665867,-0.39213158896030637,0.1968722343148512,0.7585,2000,11
gpt2,gpt2-xl,40,0,49,0.8541666666666666,-0.047448979591836735,0.7461266147015474,0.9658596954065338,-0.32355511482151317,0.229296515786247,0.631,2000,6
gpt2,gpt2-xl,40,1,49,0.8541666666666666,-0.026020408163265306,0.8591386355187939,0.9948068615673535,-0.3038376820477139,0.2431004290206118,0.5695,2000,0
gpt2,gpt2-xl,40,2,49,0.8541666666666666,-0.07030612244897959,0.6312040657398282,0.9360689842114573,-0.3790100673160318,0.2442648589273506,0.68,2000,11
gpt2,gpt2-xl,40,3,49,0.8541666666666666,-0.22887755102040816,0.11368115023167667,0.6274979839340716,-0.5077306442028656,0.07715626760564381,0.9385,2000,0
gpt2,gpt2-xl,40,4,49,0.8541666666666666,0.13581632653061224,0.3521160644085933,0.8433917710385467,-0.16217928435674597,0.4113157681791507,0.186,2000,0
gpt2,gpt2-xl,40,5,49,0.8541666666666666,-0.12448979591836734,0.3940727161338323,0.8699255144285166,-0.3915713713821182,0.17395874796306396,0.781,2000,2
gpt2,gpt2-xl,40,6,49,0.8541666666666666,-0.10275510204081632,0.482317363336619,0.9098708292756414,-0.40579903015417956,0.18533047433878932,0.766,2000,2
gpt2,gpt2-xl,40,7,49,0.8541666666666666,-0.22459183673469388,0.12079336190730879,0.6274979839340716,-0.48896049970146527,0.061339260257883374,0.9445,2000,1
gpt2,gpt2-xl,40,8,49,0.8541666666666666,-0.11561224489795918,0.428913851440663,0.8950466860665867,-0.3886668985539062,0.19635553472241785,0.778,2000,0
gpt2,gpt2-xl,40,9,49,0.8541666666666666,-0.18928571428571428,0.19270896491055645,0.7007598724020234,-0.42888316393708764,0.0780130935768043,0.915,2000,0
gpt2,gpt2-xl,40,10,49,0.8541666666666666,-0.09683673469387755,0.5080248126007035,0.9250505465349528,-0.3656954605215901,0.19368703177547786,0.754,2000,0
gpt2,gpt2-xl,40,11,49,0.8541666666666666,0.011020408163265306,0.9400924841811491,0.9948068615673535,-0.26534628991775305,0.29592911703028374,0.4745,2000,0
gpt2,gpt2-xl,40,12,49,0.8541666666666666,0.2670408163265306,0.06361450779598124,0.5464439964604917,-0.016074220972609403,0.5163701495977138,0.0325,2000,2
gpt2,gpt2-xl,40,13,49,0.8541666666666666,-0.05877551020408163,0.6883063408982266,0.9495349920908888,-0.3288462591780509,0.2198552300596873,0.677,2000,1
gpt2,gpt2-xl,40,14,49,0.8541666666666666,-0.21244897959183673,0.14277351796702398,0.656429967664478,-0.4689277961481677,0.06728741556952343,0.937,2000,2
gpt2,gpt2-xl,40,15,49,0.8541666666666666,-0.07938775510204081,0.5876632401166236,0.9298733814794471,-0.3534719138016137,0.19986096915309592,0.717,2000,0
gpt2,gpt2-xl,40,16,49,0.8541666666666666,0.20010204081632654,0.16803582293014177,0.6721432917205671,-0.09167714429168235,0.4743812666743176,0.088,2000,2
gpt2,gpt2-xl,40,17,49,0.8541666666666666,-0.3489795918367347,0.013986766397217616,0.45145929136008256,-0.6358483399287072,-0.04720487745154326,0.9865,2000,3
gpt2,gpt2-xl,40,18,49,0.8541666666666666,-0.11418367346938775,0.4346778085561787,0.8950466860665867,-0.41285460650150635,0.1778816012353644,0.7735,2000,0
gpt2,gpt2-xl,40,19,49,0.8541666666666666,-0.1096938775510204,0.4530721080659482,0.8950466860665867,-0.4158982398151657,0.2274268820413768,0.7495,2000,1
gpt2,gpt2-xl,40,20,49,0.8541666666666666,-0.23918367346938776,0.09788682364687593,0.6242555006114912,-0.4851484901686608,0.04900222103712508,0.954,2000,0
gpt2,gpt2-xl,40,21,49,0.8541666666666666,-0.02683673469387755,0.8547662856525633,0.9948068615673535,-0.3104606540582783,0.2659104741162482,0.582,2000,0
gpt2,gpt2-xl,40,22,49,0.8541666666666666,-0.33683673469387754,0.017952027157443946,0.45145929136008256,-0.5727946573692492,-0.03321551624988738,0.986,2000,32
gpt2,gpt2-xl,40,23,49,0.8541666666666666,-0.12744897959183674,0.38283840632436894,0.8615253485520745,-0.4302748920096209,0.18336075402743465,0.798,2000,1
gpt2,gpt2-xl,40,24,49,0.8541666666666666,-0.03336734693877551,0.8199533075800243,0.9948068615673535,-0.3304042341391234,0.26306281224594147,0.6045,2000,3
gpt2,gpt2-xl,41,0,49,0.875,0.059081632653061225,0.6867661220658329,0.9495349920908888,-0.2569718266143599,0.3606685759256588,0.3585,2000,0
gpt2,gpt2-xl,41,1,49,0.875,-0.004795918367346939,0.9739098872457992,0.9949387402191497,-0.30389074628637563,0.28566790435535666,0.5215,2000,0
gpt2,gpt2-xl,41,2,49,0.875,-0.08530612244897959,0.5600337122402496,0.9250505465349528,-0.352128801361587,0.20699767103920352,0.725,2000,1
gpt2,gpt2-xl,41,3,49,0.875,-0.24153061224489797,0.09453945630369148,0.6242555006114912,-0.49074015839630786,0.04317148239572612,0.957,2000,0
gpt2,gpt2-xl,41,4,49,0.875,0.007346938775510204,0.9600414502173088,0.9949387402191497,-0.27838376990058256,0.3073808852457388,0.4885,2000,3
gpt2,gpt2-xl,41,5,49,0.875,-0.12683673469387755,0.3851470248336977,0.8615253485520745,-0.3761492085100322,0.14222346812449305,0.8185,2000,0
gpt2,gpt2-xl,41,6,49,0.875,-0.0373469387755102,0.798901859224157,0.9948068615673535,-0.34287433434626136,0.28612406422372166,0.5905,2000,1
gpt2,gpt2-xl,41,7,49,0.875,-0.08010204081632653,0.5842964803759062,0.9298733814794471,-0.36559575457370225,0.2150689585322011,0.706,2000,1
gpt2,gpt2-xl,41,8,49,0.875,-0.19693877551020408,0.17500086877303678,0.6748356863611334,-0.4498425220882055,0.07903706863721545,0.9095,2000,0
gpt2,gpt2-xl,41,9,49,0.875,-0.19673469387755102,0.1754572784538947,0.6748356863611334,-0.4656677560810517,0.10753351756095784,0.91,2000,1
gpt2,gpt2-xl,41,10,49,0.875,0.16704081632653062,0.2513062749690131,0.789009313130107,-0.16855316973415133,0.45383468489981166,0.152,2000,0
gpt2,gpt2-xl,41,11,49,0.875,0.14153061224489796,0.3320299986294147,0.8229737561957627,-0.16308493152311,0.41690281316086353,0.189,2000,1
gpt2,gpt2-xl,41,12,49,0.875,-0.28438775510204084,0.04765574500297457,0.543716825889062,-0.5313283558045323,0.00441843130741627,0.9735,2000,19
gpt2,gpt2-xl,41,13,49,0.875,-0.06979591836734694,0.6336892238353057,0.9360689842114573,-0.32780132056758937,0.21520273046851704,0.6925,2000,10
gpt2,gpt2-xl,41,14,49,0.875,0.025306122448979593,0.8629678783138739,0.9948068615673535,-0.29627061530546805,0.3364265644955299,0.4255,2000,0
gpt2,gpt2-xl,41,15,49,0.875,-0.10704081632653062,0.46413812909433405,0.8950466860665867,-0.3898823223208132,0.20366301239653617,0.756,2000,0
gpt2,gpt2-xl,41,16,49,0.875,0.034183673469387756,0.8156242955360955,0.9948068615673535,-0.27848405670068394,0.33036120656466983,0.4325,2000,4
gpt2,gpt2-xl,41,17,49,0.875,-0.06489795918367347,0.657747104701326,0.9430066017223312,-0.3734165027512598,0.2559681460334401,0.6595,2000,0
gpt2,gpt2-xl,41,18,49,0.875,0.013673469387755101,0.9257067875559437,0.9948068615673535,-0.2695862681263908,0.3099284169912844,0.463,2000,0
gpt2,gpt2-xl,41,19,49,0.875,-0.15163265306122448,0.2983136765452373,0.8095821864390715,-0.41484862299595293,0.16233231454085004,0.8505,2000,0
gpt2,gpt2-xl,41,20,49,0.875,0.25887755102040816,0.07247565807982669,0.5657107527061812,-0.027891786244259042,0.5330427546143854,0.0355,2000,0
gpt2,gpt2-xl,41,21,49,0.875,-0.2429591836734694,0.09254581941711257,0.6242555006114912,-0.4993235229724733,0.05804167515590878,0.943,2000,0
gpt2,gpt2-xl,41,22,49,0.875,-0.03877551020408163,0.7913784706786178,0.9892230883482722,-0.31709527406192867,0.24307651773657024,0.612,2000,1
gpt2,gpt2-xl,41,23,49,0.875,0.003979591836734694,0.9783495944304288,0.9949387402191497,-0.2842584745496935,0.2946334712983016,0.478,2000,0
gpt2,gpt2-xl,41,24,49,0.875,-0.05673469387755102,0.6986061901743154,0.9495349920908888,-0.3271011803914613,0.20740840705484867,0.6335,2000,2
gpt2,gpt2-xl,42,0,49,0.8958333333333334,-0.12846938775510205,0.3790089933257571,0.8615253485520745,-0.4134003657684868,0.1783883356369106,0.8035,2000,0
gpt2,gpt2-xl,42,1,49,0.8958333333333334,-0.10224489795918368,0.48450621658927906,0.9098708292756414,-0.39736794337492387,0.18550892348943704,0.7575,2000,4
gpt2,gpt2-xl,42,2,49,0.8958333333333334,-0.2736734693877551,0.057071573507715787,0.5464439964604917,-0.533672266776245,0.01793260676714897,0.9705,2000,1
gpt2,gpt2-xl,42,3,49,0.8958333333333334,0.11316326530612245,0.4388212781477877,0.8950466860665867,-0.19342501937146847,0.3971373853132778,0.2285,2000,0
gpt2,gpt2-xl,42,4,49,0.8958333333333334,0.1463265306122449,0.31573705271123786,0.8095821864390715,-0.17680027800728423,0.4453544173276427,0.201,2000,0
gpt2,gpt2-xl,42,5,49,0.8958333333333334,0.21357142857142858,0.14062518387731993,0.656429967664478,-0.06153553272954091,0.45516205183384734,0.076,2000,0
gpt2,gpt2-xl,42,6,49,0.8958333333333334,-0.08826530612244898,0.5464515139087024,0.9250505465349528,-0.39037104691633934,0.19872481833176545,0.7285,2000,0
gpt2,gpt2-xl,42,7,49,0.8958333333333334,-0.07489795918367347,0.6090216325851676,0.9333664867205634,-0.3723804620890042,0.2705468713099459,0.6725,2000,0
gpt2,gpt2-xl,42,8,49,0.8958333333333334,-0.062448979591836734,0.6699079138616363,0.9469102526064871,-0.3505009190128203,0.25108692291220985,0.6725,2000,0
gpt2,gpt2-xl,42,9,49,0.8958333333333334,0.02193877551020408,0.8810605894579352,0.9948068615673535,-0.2678457315721937,0.29493712942138617,0.452,2000,4
gpt2,gpt2-xl,42,10,49,0.8958333333333334,0.23265306122448978,0.10768407385548222,0.6242555006114912,-0.06781182072585941,0.4931949566429345,0.0705,2000,1
gpt2,gpt2-xl,42,11,49,0.8958333333333334,0.0012244897959183673,0.9933376203920792,0.9986101083339906,-0.3179053646409711,0.31042470814291007,0.498,2000,0
gpt2,gpt2-xl,42,12,49,0.8958333333333334,0.26581632653061227,0.06488554185480845,0.5464439964604917,-0.0181006376086493,0.4936107866238123,0.0315,2000,0
gpt2,gpt2-xl,42,13,49,0.8958333333333334,-0.1446938775510204,0.3212255607973433,0.8141027407032195,-0.4446246073386781,0.17729481940155561,0.8195,2000,0
gpt2,gpt2-xl,42,14,49,0.8958333333333334,-0.2919387755102041,0.04181140295287828,0.5068048842773125,-0.5089988957495996,-0.019644050436219897,0.9825,2000,1
gpt2,gpt2-xl,42,15,49,0.8958333333333334,-0.15193877551020407,0.2973278219880988,0.8095821864390715,-0.42608713711053864,0.14923944387588062,0.852,2000,0
gpt2,gpt2-xl,42,16,49,0.8958333333333334,0.010408163265306122,0.9434151154771679,0.9948176757853305,-0.295296719267496,0.3124280806994028,0.48,2000,0
gpt2,gpt2-xl,42,17,49,0.8958333333333334,-0.020510204081632653,0.8887550205302489,0.9948068615673535,-0.3265990024352124,0.2952489840908462,0.565,2000,0
gpt2,gpt2-xl,42,18,49,0.8958333333333334,0.013673469387755101,0.9257067875559437,0.9948068615673535,-0.2851187615599176,0.303494194229948,0.4805,2000,0
gpt2,gpt2-xl,42,19,49,0.8958333333333334,-0.022244897959183673,0.8794131707514715,0.9948068615673535,-0.3104469259900594,0.264571823312558,0.561,2000,5
gpt2,gpt2-xl,42,20,49,0.8958333333333334,-0.1773469387755102,0.22281681510596207,0.7563334841094376,-0.4276147000449571,0.11794501712770875,0.8725,2000,30
gpt2,gpt2-xl,42,21,49,0.8958333333333334,0.007244897959183674,0.9605959901710166,0.9949387402191497,-0.2813125757557454,0.306655549196245,0.4715,2000,1
gpt2,gpt2-xl,42,22,49,0.8958333333333334,0.23438775510204082,0.10501130250581557,0.6242555006114912,-0.06823534003239227,0.5134681322593053,0.062,2000,1
gpt2,gpt2-xl,42,23,49,0.8958333333333334,-0.07214285714285715,0.6222910136186796,0.9360689842114573,-0.3521946126028924,0.21517751635930066,0.685,2000,2
gpt2,gpt2-xl,42,24,49,0.8958333333333334,-0.11510204081632654,0.43096745358421734,0.8950466860665867,-0.4276274487367982,0.2050939923690884,0.764,2000,0
gpt2,gpt2-xl,43,0,49,0.9166666666666666,-0.23795918367346938,0.09966926979926231,0.6242555006114912,-0.5044546610451557,0.06636652454702362,0.935,2000,2
gpt2,gpt2-xl,43,1,49,0.9166666666666666,0.030918367346938775,0.8329717395677054,0.9948068615673535,-0.27284934845909475,0.3264198198457851,0.416,2000,0
gpt2,gpt2-xl,43,2,49,0.9166666666666666,-0.19755102040816327,0.1736367849445564,0.6748356863611334,-0.44699719490804973,0.08821116334199407,0.919,2000,0
gpt2,gpt2-xl,43,3,49,0.9166666666666666,0.015510204081632653,0.9157609357990619,0.9948068615673535,-0.2882800895362877,0.2986529852066576,0.4875,2000,1
gpt2,gpt2-xl,43,4,49,0.9166666666666666,-0.15816326530612246,0.27773951176879,0.8095821864390715,-0.42807519411524314,0.13342206947631247,0.8505,2000,5
gpt2,gpt2-xl,43,5,49,0.9166666666666666,-0.06622448979591837,0.651196165938036,0.9430066017223312,-0.31507370957174985,0.20228182762306315,0.6915,2000,0
gpt2,gpt2-xl,43,6,49,0.9166666666666666,-0.3309183673469388,0.02020677412939314,0.45145929136008256,-0.5503064308175141,-0.08355398394055012,0.995,2000,0
gpt2,gpt2-xl,43,7,49,0.9166666666666666,-0.04346938775510204,0.7667942849013446,0.9743827441791737,-0.3361682982471197,0.2532848561778852,0.6145,2000,33
gpt2,gpt2-xl,43,8,49,0.9166666666666666,-0.2013265306122449,0.16539448373551244,0.6700306839945688,-0.46189170934832496,0.06540623439588594,0.924,2000,3
gpt2,gpt2-xl,43,9,49,0.9166666666666666,-0.21908163265306121,0.13042647069081534,0.6488566022977875,-0.4992152827365036,0.09319227553690944,0.906,2000,13
gpt2,gpt2-xl,43,10,49,0.9166666666666666,0.08959183673469388,0.5404146501944503,0.9250505465349528,-0.17595169590253862,0.34760787279732025,0.2675,2000,0
gpt2,gpt2-xl,43,11,49,0.9166666666666666,-0.17581632653061224,0.22690004523283125,0.7563334841094376,-0.43370551469381563,0.10237490519171119,0.898,2000,0
gpt2,gpt2-xl,43,12,49,0.9166666666666666,-0.17112244897959183,0.23974279288728553,0.7796513589830424,-0.44353518695442484,0.09686803008484068,0.8835,2000,0
gpt2,gpt2-xl,43,13,49,0.9166666666666666,-0.09255102040816326,0.5270652263200876,0.9250505465349528,-0.3564872926157058,0.19403091842579293,0.7565,2000,0
gpt2,gpt2-xl,43,14,49,0.9166666666666666,-0.31183673469387757,0.0291674362291616,0.45145929136008256,-0.5499483992195122,-0.04262759601020034,0.984,2000,0
gpt2,gpt2-xl,43,15,49,0.9166666666666666,-0.06836734693877551,0.6406688994405452,0.9369750581617018,-0.3216120144008195,0.18841794401184564,0.693,2000,1
gpt2,gpt2-xl,43,16,49,0.9166666666666666,-0.1246938775510204,0.3932917950107105,0.8699255144285166,-0.40574879838940553,0.19650549482232182,0.792,2000,0
gpt2,gpt2-xl,43,17,49,0.9166666666666666,-0.02,0.8915055290126578,0.9948068615673535,-0.31307461865780845,0.2871074400348473,0.5585,2000,0
gpt2,gpt2-xl,43,18,49,0.9166666666666666,0.1570408163265306,0.28120743174910223,0.8095821864390715,-0.13958958153481443,0.44154527834402785,0.1695,2000,1
gpt2,gpt2-xl,43,19,49,0.9166666666666666,-0.07816326530612244,0.5934549368429651,0.9300224730302918,-0.35346654561267427,0.2028671842634382,0.699,2000,0
gpt2,gpt2-xl,43,20,49,0.9166666666666666,-0.0763265306122449,0.6021895512871139,0.9300224730302918,-0.355345950791406,0.20321670657281385,0.714,2000,1
gpt2,gpt2-xl,43,21,49,0.9166666666666666,-0.126734693877551,0.3855325934770534,0.8615253485520745,-0.41478248365170234,0.17273263916681153,0.792,2000,0
gpt2,gpt2-xl,43,22,49,0.9166666666666666,-0.2276530612244898,0.11567981855332603,0.6274979839340716,-0.4930110361538099,0.060235757103799296,0.9375,2000,0
gpt2,gpt2-xl,43,23,49,0.9166666666666666,0.01193877551020408,0.9351104461481685,0.9948068615673535,-0.2896747128377204,0.31335423913353727,0.487,2000,0
gpt2,gpt2-xl,43,24,49,0.9166666666666666,-0.18520408163265306,0.2026577781359374,0.7191665383255466,-0.47305007719295145,0.11196904404748577,0.882,2000,0
gpt2,gpt2-xl,44,0,49,0.9375,0.1909183673469388,0.18882834841363433,0.6993642533838309,-0.089584434248952,0.44082192622342237,0.095,2000,4
gpt2,gpt2-xl,44,1,49,0.9375,0.1929591836734694,0.1840564067390535,0.6945524782605792,-0.11595135209783096,0.46987778730541285,0.1065,2000,6
gpt2,gpt2-xl,44,2,49,0.9375,-0.08520408163265306,0.5605048731246708,0.9250505465349528,-0.37573312154900174,0.22338396991333465,0.715,2000,7
gpt2,gpt2-xl,44,3,49,0.9375,0.07806122448979592,0.593938717580845,0.9300224730302918,-0.21223102785373957,0.36263859792550196,0.304,2000,0
gpt2,gpt2-xl,44,4,49,0.9375,-0.2176530612244898,0.13301560347104643,0.6488566022977875,-0.48646305285997876,0.09878740886052192,0.9145,2000,0
gpt2,gpt2-xl,44,5,49,0.9375,-0.21275510204081632,0.1421852063942717,0.656429967664478,-0.4879973422199289,0.08108890425500018,0.923,2000,0
gpt2,gpt2-xl,44,6,49,0.9375,-0.04989795918367347,0.733494316510297,0.9588161000134601,-0.36607690412320837,0.2618489982050756,0.6375,2000,8
gpt2,gpt2-xl,44,7,49,0.9375,0.11112244897959184,0.44717373086154677,0.8950466860665867,-0.16778843089227027,0.36007574465610215,0.2255,2000,1
gpt2,gpt2-xl,44,8,49,0.9375,-0.25724489795918365,0.07435995498468045,0.5657107527061812,-0.5145323711006393,0.021624440900679914,0.962,2000,0
gpt2,gpt2-xl,44,9,49,0.9375,0.025306122448979593,0.8629678783138739,0.9948068615673535,-0.2502306303168033,0.29904264560249144,0.432,2000,0
gpt2,gpt2-xl,44,10,49,0.9375,-0.05163265306122449,0.7245882767814482,0.9588161000134601,-0.33358184017922077,0.22416435730259923,0.645,2000,25
gpt2,gpt2-xl,44,11,49,0.9375,-0.04479591836734694,0.7598864113022161,0.9743827441791737,-0.312349032839621,0.24108869419897538,0.61,2000,0
gpt2,gpt2-xl,44,12,49,0.9375,0.01183673469387755,0.935663887992878,0.9948068615673535,-0.2813045447550361,0.29022561024602983,0.4905,2000,2
gpt2,gpt2-xl,44,13,49,0.9375,0.011326530612244898,0.9384315433479354,0.9948068615673535,-0.2739271482578931,0.328806044172501,0.4645,2000,24
gpt2,gpt2-xl,44,14,49,0.9375,-0.2676530612244898,0.0629864964104128,0.5464439964604917,-0.5070894804721078,-0.001856121381321811,0.975,2000,0
gpt2,gpt2-xl,44,15,49,0.9375,0.1469387755102041,0.3136943197999573,0.8095821864390715,-0.14094174866760364,0.4082077160757402,0.1615,2000,0
gpt2,gpt2-xl,44,16,49,0.9375,-0.05826530612244898,0.6908761515175967,0.9495349920908888,-0.33507764599329376,0.21981532430633985,0.679,2000,0
gpt2,gpt2-xl,44,17,49,0.9375,-0.013877551020408163,0.9246011100138914,0.9948068615673535,-0.3147285870705294,0.2916831127533157,0.5155,2000,0
gpt2,gpt2-xl,44,18,49,0.9375,0.06489795918367347,0.657747104701326,0.9430066017223312,-0.2624471088017788,0.38793271901574616,0.3515,2000,0
gpt2,gpt2-xl,44,19,49,0.9375,-0.16306122448979593,0.26293762674190446,0.8095821864390715,-0.4143875874754223,0.10121710334900084,0.8905,2000,8
gpt2,gpt2-xl,44,20,49,0.9375,-0.5010204081632653,0.00024568058924989244,0.05151585298329749,-0.7246859204009547,-0.23704717195724467,0.9995,2000,3
gpt2,gpt2-xl,44,21,49,0.9375,0.07948979591836734,0.5871817431159306,0.9298733814794471,-0.21982648295438537,0.36034464229818874,0.3115,2000,0
gpt2,gpt2-xl,44,22,49,0.9375,-0.2246938775510204,0.12062019852669595,0.6274979839340716,-0.4895110419712798,0.07179130235083726,0.933,2000,0
gpt2,gpt2-xl,44,23,49,0.9375,-0.15193877551020407,0.2973278219880988,0.8095821864390715,-0.4406715873427542,0.16722972800342664,0.8305,2000,4
gpt2,gpt2-xl,44,24,49,0.9375,0.001836734693877551,0.9900065710613214,0.9986101083339906,-0.3054906150730924,0.31423857910227826,0.5075,2000,0
gpt2,gpt2-xl,45,0,49,0.9583333333333334,-0.4995918367346939,0.0002575792649164875,0.05151585298329749,-0.710613114827295,-0.2334081440354994,1.0,2000,0
gpt2,gpt2-xl,45,1,49,0.9583333333333334,-0.10714285714285714,0.46370983907830415,0.8950466860665867,-0.36729312474920706,0.17604461395587212,0.7705,2000,1
gpt2,gpt2-xl,45,2,49,0.9583333333333334,-0.3037755102040816,0.03384085666017568,0.45145929136008256,-0.5669750622376292,-0.0036895142709508196,0.977,2000,0
gpt2,gpt2-xl,45,3,49,0.9583333333333334,-0.007346938775510204,0.9600414502173088,0.9949387402191497,-0.3377294636289362,0.31051459136548154,0.5315,2000,0
gpt2,gpt2-xl,45,4,49,0.9583333333333334,-0.30448979591836733,0.03340319580151636,0.45145929136008256,-0.5336733332160604,-0.03737905605800571,0.9885,2000,7
gpt2,gpt2-xl,45,5,49,0.9583333333333334,0.055204081632653064,0.7063665926560415,0.9495349920908888,-0.25038415059181085,0.3397284713580742,0.373,2000,2
gpt2,gpt2-xl,45,6,49,0.9583333333333334,-0.11438775510204081,0.43385174632428625,0.8950466860665867,-0.36826517097769096,0.1505677853073709,0.7995,2000,0
gpt2,gpt2-xl,45,7,49,0.9583333333333334,0.08938775510204082,0.5413412935853588,0.9250505465349528,-0.22172456380163463,0.3720228163400454,0.296,2000,1
gpt2,gpt2-xl,45,8,49,0.9583333333333334,-0.22693877551020408,0.11685798813141136,0.6274979839340716,-0.49405040632362984,0.07892655196828968,0.9205,2000,0
gpt2,gpt2-xl,45,9,49,0.9583333333333334,-0.09224489795918367,0.5284386102313896,0.9250505465349528,-0.39534707536200275,0.2056219811787483,0.709,2000,1
gpt2,gpt2-xl,45,10,49,0.9583333333333334,0.13948979591836735,0.3391197384788741,0.8229737561957627,-0.15515723282452426,0.4106721692518784,0.1655,2000,0
gpt2,gpt2-xl,45,11,49,0.9583333333333334,-0.15836734693877552,0.2771120218991619,0.8095821864390715,-0.4426030966327096,0.12768945053853514,0.862,2000,0
gpt2,gpt2-xl,45,12,49,0.9583333333333334,-0.022857142857142857,0.8761198551335126,0.9948068615673535,-0.33310265256961985,0.28087368812519375,0.5485,2000,3
gpt2,gpt2-xl,45,13,49,0.9583333333333334,-0.07928571428571428,0.5881449137857503,0.9298733814794471,-0.3789359912234654,0.20698471646501157,0.718,2000,0
gpt2,gpt2-xl,45,14,49,0.9583333333333334,-0.022551020408163265,0.8777662570438195,0.9948068615673535,-0.2991993835752735,0.24550696817881168,0.5695,2000,0
gpt2,gpt2-xl,45,15,49,0.9583333333333334,-0.42653061224489797,0.0022424612491594316,0.22424612491594317,-0.6532242140421838,-0.1707918321401303,0.9995,2000,0
gpt2,gpt2-xl,45,16,49,0.9583333333333334,-0.3028571428571429,0.03441052372029923,0.45145929136008256,-0.5241195092128837,-0.038771787357203,0.9895,2000,0
gpt2,gpt2-xl,45,17,49,0.9583333333333334,-0.052959183673469384,0.7178019553182885,0.953889641618988,-0.3231892094535373,0.22448161935001468,0.655,2000,5
gpt2,gpt2-xl,45,18,49,0.9583333333333334,-0.06224489795918367,0.6709251581924506,0.9469102526064871,-0.31474295305244376,0.20293021787732426,0.6845,2000,5
gpt2,gpt2-xl,45,19,49,0.9583333333333334,-0.04224489795918367,0.7731867555763249,0.9756299754906307,-0.32954598168242244,0.24414920642218854,0.617,2000,0
gpt2,gpt2-xl,45,20,49,0.9583333333333334,0.1783673469387755,0.22012310227855097,0.7563334841094376,-0.10515744085265842,0.43801378904778426,0.1145,2000,0
gpt2,gpt2-xl,45,21,49,0.9583333333333334,-0.18989795918367347,0.19124714270168827,0.7007598724020234,-0.46175177631242653,0.10061417378307524,0.8995,2000,0
gpt2,gpt2-xl,45,22,49,0.9583333333333334,0.00510204081632653,0.9722451915488755,0.9949387402191497,-0.2623552060895825,0.26382214589614916,0.4835,2000,0
gpt2,gpt2-xl,45,23,49,0.9583333333333334,0.04826530612244898,0.7419083208836328,0.9635172998488737,-0.25300067369457496,0.34006350632716426,0.373,2000,0
gpt2,gpt2-xl,45,24,49,0.9583333333333334,-0.018163265306122448,0.901417596036973,0.9948068615673535,-0.3176922864170334,0.28590985771469346,0.553,2000,1
gpt2,gpt2-xl,46,0,49,0.9791666666666666,-0.17653061224489797,0.22498815853046256,0.7563334841094376,-0.4275820487688972,0.11489696684251123,0.8865,2000,2
gpt2,gpt2-xl,46,1,49,0.9791666666666666,0.13081632653061223,0.37028833133619615,0.8615253485520745,-0.16211523577368664,0.4021568319440959,0.1875,2000,0
gpt2,gpt2-xl,46,2,49,0.9791666666666666,0.12346938775510204,0.3979909228510463,0.8699255144285166,-0.15376691755643337,0.3704845593207616,0.2005,2000,0
gpt2,gpt2-xl,46,3,49,0.9791666666666666,-0.1739795918367347,0.23186770987459496,0.7665048260317189,-0.4353572235109857,0.11027489757163203,0.8865,2000,5
gpt2,gpt2-xl,46,4,49,0.9791666666666666,-0.01193877551020408,0.9351104461481685,0.9948068615673535,-0.28969798500010957,0.2792676070734948,0.5595,2000,1
gpt2,gpt2-xl,46,5,49,0.9791666666666666,-0.195,0.17937149300229632,0.6833199733420812,-0.4508942997321795,0.07086522018447963,0.922,2000,12
gpt2,gpt2-xl,46,6,49,0.9791666666666666,-0.17642857142857143,0.22526060125063016,0.7563334841094376,-0.46175328831320267,0.10822929191953284,0.8905,2000,2
gpt2,gpt2-xl,46,7,49,0.9791666666666666,0.15428571428571428,0.2898396925975896,0.8095821864390715,-0.16169792973402936,0.41815413635924076,0.1635,2000,0
gpt2,gpt2-xl,46,8,49,0.9791666666666666,0.11224489795918367,0.4425690998363512,0.8950466860665867,-0.1916304625606951,0.3872177044613185,0.2455,2000,0
gpt2,gpt2-xl,46,9,49,0.9791666666666666,0.011020408163265306,0.9400924841811491,0.9948068615673535,-0.2844329599836008,0.2947743932434996,0.474,2000,44
gpt2,gpt2-xl,46,10,49,0.9791666666666666,0.05887755102040816,0.6877927952480826,0.9495349920908888,-0.22253374441087453,0.33050999850602597,0.3485,2000,0
gpt2,gpt2-xl,46,11,49,0.9791666666666666,-0.15622448979591838,0.2837473412429331,0.8095821864390715,-0.43844660194174756,0.14043458295079944,0.8565,2000,9
gpt2,gpt2-xl,46,12,49,0.9791666666666666,0.26918367346938776,0.061438148045813025,0.5464439964604917,-0.002612322897507695,0.49126871186609,0.0265,2000,0
gpt2,gpt2-xl,46,13,49,0.9791666666666666,0.06102040816326531,0.6770408306136383,0.9469102526064871,-0.25129950196857215,0.35480338017069735,0.36,2000,10
gpt2,gpt2-xl,46,14,49,0.9791666666666666,-0.1313265306122449,0.3684086231659487,0.8615253485520745,-0.40818750984925123,0.17490784651966843,0.8155,2000,0
gpt2,gpt2-xl,46,15,49,0.9791666666666666,-0.3019387755102041,0.0349880950804064,0.45145929136008256,-0.542522879764936,-0.03105240773744627,0.986,2000,0
gpt2,gpt2-xl,46,16,49,0.9791666666666666,-0.20744897959183672,0.15264016128730049,0.6609656004290351,-0.4595228346382705,0.07382015267681323,0.9335,2000,0
gpt2,gpt2-xl,46,17,49,0.9791666666666666,0.027142857142857142,0.853127759162837,0.9948068615673535,-0.2438234019681632,0.2954510103862589,0.454,2000,0
gpt2,gpt2-xl,46,18,49,0.9791666666666666,-0.25673469387755105,0.07495667473356901,0.5657107527061812,-0.5170273690488812,0.03870787516598459,0.9585,2000,0
gpt2,gpt2-xl,46,19,49,0.9791666666666666,-0.23091836734693877,0.11040865886053502,0.6274979839340716,-0.47296648273043124,0.050601093366577345,0.945,2000,12
gpt2,gpt2-xl,46,20,49,0.9791666666666666,0.14673469387755103,0.31437429367811454,0.8095821864390715,-0.14975444696427956,0.4373218042305302,0.1755,2000,0
gpt2,gpt2-xl,46,21,49,0.9791666666666666,0.06969387755102041,0.6341867368032623,0.9360689842114573,-0.20672588553093718,0.34383135092253286,0.338,2000,0
gpt2,gpt2-xl,46,22,49,0.9791666666666666,0.04336734693877551,0.7673264110410993,0.9743827441791737,-0.26776346650696575,0.3281653505135029,0.398,2000,0
gpt2,gpt2-xl,46,23,49,0.9791666666666666,-0.10673469387755102,0.46542427675462505,0.8950466860665867,-0.3742316692211018,0.17050296743202958,0.7495,2000,0
gpt2,gpt2-xl,46,24,49,0.9791666666666666,-0.14857142857142858,0.3082882724028422,0.8095821864390715,-0.43540154738468706,0.1591424761979373,0.8145,2000,0
gpt2,gpt2-xl,47,0,49,1.0,0.2748979591836735,0.055925088168706415,0.5464439964604917,-0.008919340968838617,0.5250304277428111,0.03,2000,32
gpt2,gpt2-xl,47,1,49,1.0,0.01010204081632653,0.9450767919960641,0.9948176757853305,-0.27159573623878824,0.3030335277597373,0.474,2000,2
gpt2,gpt2-xl,47,2,49,1.0,-0.1666326530612245,0.25248298020163423,0.789009313130107,-0.43726442978010993,0.13633642360303552,0.8705,2000,5
gpt2,gpt2-xl,47,3,49,1.0,-0.13244897959183674,0.36429354174468587,0.8615253485520745,-0.4177923533565041,0.15756616088891282,0.8195,2000,0
gpt2,gpt2-xl,47,4,49,1.0,-0.12836734693877552,0.37939090494550265,0.8615253485520745,-0.37635636371769904,0.12422382824113352,0.8465,2000,2
gpt2,gpt2-xl,47,5,49,1.0,0.1086734693877551,0.4573111178420804,0.8950466860665867,-0.22183966849132858,0.3951287422090522,0.258,2000,1
gpt2,gpt2-xl,47,6,49,1.0,-0.003673469387755102,0.9800146591158626,0.9949387402191497,-0.27960367881877446,0.2759426298808669,0.5075,2000,13
gpt2,gpt2-xl,47,7,49,1.0,-0.08714285714285715,0.5515847475778202,0.9250505465349528,-0.3809599202677815,0.2081810991679007,0.709,2000,1
gpt2,gpt2-xl,47,8,49,1.0,0.14846938775510204,0.3086243926002231,0.8095821864390715,-0.1697900285695981,0.4427572029391934,0.2035,2000,0
gpt2,gpt2-xl,47,9,49,1.0,-0.2013265306122449,0.16539448373551244,0.6700306839945688,-0.4675335072759719,0.10370233404325059,0.903,2000,2
gpt2,gpt2-xl,47,10,49,1.0,-0.21540816326530612,0.1371617501009882,0.656429967664478,-0.4644595504860323,0.06828530202034028,0.941,2000,0
gpt2,gpt2-xl,47,11,49,1.0,0.017551020408163264,0.904725002053838,0.9948068615673535,-0.2687142649101558,0.2815451707371324,0.456,2000,1
gpt2,gpt2-xl,47,12,49,1.0,-0.2979591836734694,0.037584208715435836,0.46980260894294795,-0.5758003173543083,-0.00048558014595846086,0.975,2000,1
gpt2,gpt2-xl,47,13,49,1.0,-0.20448979591836736,0.1587111884016512,0.6682576353753734,-0.4762811372890036,0.080904636640793,0.92,2000,2
gpt2,gpt2-xl,47,14,49,1.0,-0.2226530612244898,0.12411934321591055,0.6365094523892849,-0.5075853479759587,0.06946703198370673,0.929,2000,0
gpt2,gpt2-xl,47,15,49,1.0,0.0008163265306122449,0.9955583858464419,0.9986101083339906,-0.2817033232097111,0.2830889115993868,0.4945,2000,0
gpt2,gpt2-xl,47,16,49,1.0,-0.08,0.5847769139077744,0.9298733814794471,-0.3877343185391283,0.22162494724348403,0.703,2000,3
gpt2,gpt2-xl,47,17,49,1.0,0.09255102040816326,0.5270652263200876,0.9250505465349528,-0.19371575515709222,0.3741123489054643,0.28,2000,8
gpt2,gpt2-xl,47,18,49,1.0,-0.14357142857142857,0.32503367055036375,0.814322738541914,-0.4233882301149672,0.16743080867115206,0.8145,2000,1
gpt2,gpt2-xl,47,19,49,1.0,-0.05683673469387755,0.6980899018098924,0.9495349920908888,-0.35534235993639435,0.258365834649125,0.631,2000,4
gpt2,gpt2-xl,47,20,49,1.0,0.017448979591836736,0.905276393449574,0.9948068615673535,-0.3000290076152064,0.312504710421283,0.459,2000,0
gpt2,gpt2-xl,47,21,49,1.0,-0.28530612244897957,0.046911301876588624,0.543716825889062,-0.5503156983197514,0.0001086563583911621,0.9745,2000,6
gpt2,gpt2-xl,47,22,49,1.0,-0.08163265306122448,0.5771114068598279,0.9298733814794471,-0.3854237323880776,0.23304646168372745,0.6805,2000,0
gpt2,gpt2-xl,47,23,49,1.0,-0.28122448979591835,0.05029380639473824,0.543716825889062,-0.5466885690037335,0.027427344088880017,0.9605,2000,1
gpt2,gpt2-xl,47,24,49,1.0,-0.21785714285714286,0.13264338859041705,0.6488566022977875,-0.48260175224043567,0.06042838155607808,0.9435,2000,14
olmo,OLMo-2-0425-1B,11,0,49,0.75,0.4269387755102041,0.002218348914980727,0.034278639457542746,0.1721240780888212,0.6408770743483367,0.002,2000,0
olmo,OLMo-2-0425-1B,11,1,49,0.75,-0.05979591836734694,0.6831771776784332,0.7807739173467808,-0.3572861593088319,0.2662918429193901,0.6455,2000,1
olmo,OLMo-2-0425-1B,11,2,49,0.75,0.23091836734693877,0.11040865886053502,0.2655439565824344,-0.009048213633011266,0.464103012632498,0.029,2000,1
olmo,OLMo-2-0425-1B,11,3,49,0.75,-0.19581632653061223,0.1775217568695534,0.3550435137391068,-0.4449821519798453,0.08863462492973646,0.915,2000,2
olmo,OLMo-2-0425-1B,11,4,49,0.75,-0.23704081632653062,0.10102246489750487,0.2607031352193674,-0.49483716410797224,0.07324186350444062,0.941,2000,7
olmo,OLMo-2-0425-1B,11,5,49,0.75,-0.2761224489795918,0.05479723559196297,0.24354326929761322,-0.511987559185381,-0.0035189537394839806,0.976,2000,1
olmo,OLMo-2-0425-1B,11,6,49,0.75,0.1073469387755102,0.4628538984630975,0.61713853128413,-0.1652342135577732,0.38145338049239624,0.213,2000,0
olmo,OLMo-2-0425-1B,11,7,49,0.75,0.04816326530612245,0.7424352003459519,0.8365467046151571,-0.23551151432893677,0.3535678144467282,0.3775,2000,0
olmo,OLMo-2-0425-1B,11,8,49,0.75,-0.2113265306122449,0.14494613123384362,0.30766626010666753,-0.47826752988752547,0.0759040629662839,0.9155,2000,1
olmo,OLMo-2-0425-1B,11,9,49,0.75,0.012346938775510205,0.932896984783266,0.9568174202905292,-0.23792169524893733,0.2803315084893134,0.4545,2000,0
olmo,OLMo-2-0425-1B,11,10,49,0.75,-0.2764285714285714,0.05451815937197046,0.24354326929761322,-0.5196483609403364,0.003371660129233806,0.9735,2000,0
olmo,OLMo-2-0425-1B,11,11,49,0.75,-0.34448979591836737,0.015355625073728006,0.1116772732634764,-0.5543203234476767,-0.08283045717071516,0.9975,2000,14
olmo,OLMo-2-0425-1B,11,12,49,0.75,-0.24316326530612245,0.09226370082604902,0.2607031352193674,-0.4912250361296106,0.04314045637269166,0.951,2000,0
olmo,OLMo-2-0425-1B,11,13,49,0.75,-0.2493877551020408,0.08397583004548687,0.2607031352193674,-0.5157933468175755,0.05039094257997633,0.9445,2000,1
olmo,OLMo-2-0425-1B,11,14,49,0.75,-0.21224489795918366,0.14316672879286912,0.30766626010666753,-0.4760255276093808,0.08177870814975946,0.913,2000,0
olmo,OLMo-2-0425-1B,11,15,49,0.75,0.03816326530612245,0.794600520835856,0.8828894675953955,-0.2552063401144814,0.3285995067179659,0.403,2000,0
olmo,OLMo-2-0425-1B,12,0,49,0.8125,-0.06887755102040816,0.6381725856255247,0.7507912772064996,-0.3418540637915136,0.2149969331425066,0.6825,2000,0
olmo,OLMo-2-0425-1B,12,1,49,0.8125,0.1692857142857143,0.24490061822698944,0.455629057166492,-0.1335082934474936,0.46272439014549155,0.137,2000,0
olmo,OLMo-2-0425-1B,12,2,49,0.8125,-0.3196938775510204,0.02514227761087211,0.14367015777641207,-0.543655832003942,-0.07723276219548157,0.995,2000,0
olmo,OLMo-2-0425-1B,12,3,49,0.8125,-0.33510204081632655,0.0185896560129567,0.12393104008637801,-0.5834490829328007,-0.05496023219313398,0.9875,2000,0
olmo,OLMo-2-0425-1B,12,4,49,0.8125,-0.26255102040816325,0.06837425052009166,0.2607031352193674,-0.4982120993198188,0.013259736561374552,0.968,2000,2
olmo,OLMo-2-0425-1B,12,5,49,0.8125,0.2493877551020408,0.08397583004548687,0.2607031352193674,-0.03396869269177799,0.49468336981408967,0.0445,2000,0
olmo,OLMo-2-0425-1B,12,6,49,0.8125,0.02520408163265306,0.8635151695264388,0.9089633363436197,-0.2561605795077989,0.3103908166753809,0.4215,2000,1
olmo,OLMo-2-0425-1B,12,7,49,0.8125,0.24193877551020407,0.09396647788208302,0.2607031352193674,-0.031095024489902645,0.4794121044800095,0.042,2000,0
olmo,OLMo-2-0425-1B,12,8,49,0.8125,-0.3240816326530612,0.02310451006798124,0.1421816004183461,-0.5499526032360789,-0.059680384041102846,0.988,2000,0
olmo,OLMo-2-0425-1B,12,9,49,0.8125,0.16989795918367348,0.24317303905713308,0.455629057166492,-0.08960820301317933,0.40363814478081583,0.0985,2000,1
olmo,OLMo-2-0425-1B,12,10,49,0.8125,-0.2540816326530612,0.07812085379519623,0.2607031352193674,-0.5280977870544169,0.05286441110628716,0.951,2000,5
olmo,OLMo-2-0425-1B,12,11,49,0.8125,-0.2786734693877551,0.052506476606683936,0.24354326929761322,-0.528335247376397,0.016440442136070592,0.968,2000,3
olmo,OLMo-2-0425-1B,12,12,49,0.8125,-0.1073469387755102,0.4628538984630975,0.61713853128413,-0.3763650798883721,0.16648914934288703,0.7645,2000,0
olmo,OLMo-2-0425-1B,12,13,49,0.8125,-0.12714285714285714,0.3839916881083143,0.5496595490784402,-0.3969935797072926,0.15988687530174206,0.7995,2000,0
olmo,OLMo-2-0425-1B,12,14,49,0.8125,0.00040816326530612246,0.9977791845986661,0.9977791845986661,-0.2830392408234915,0.28068518779138774,0.484,2000,0
olmo,OLMo-2-0425-1B,12,15,49,0.8125,0.0009183673469387755,0.9950031907108476,0.9977791845986661,-0.29336104761119763,0.2944256590201177,0.482,2000,0
olmo,OLMo-2-0425-1B,13,0,49,0.875,-0.1442857142857143,0.3226070521361563,0.5359170196905447,-0.40264878364168516,0.1361425032793477,0.833,2000,3
olmo,OLMo-2-0425-1B,13,1,49,0.875,-0.06918367346938775,0.6366766982115808,0.7507912772064996,-0.34675515929773154,0.21811531361875025,0.691,2000,0
olmo,OLMo-2-0425-1B,13,2,49,0.875,0.22938775510204082,0.11285618154753463,0.2655439565824344,-0.04643598957619498,0.4629279231687786,0.0505,2000,6
olmo,OLMo-2-0425-1B,13,3,49,0.875,0.13693877551020409,0.34811299337960017,0.5359170196905447,-0.16299757500152234,0.43143354527951,0.187,2000,6
olmo,OLMo-2-0425-1B,13,4,49,0.875,-0.07448979591836735,0.6109797676119701,0.7507912772064996,-0.3735594406054797,0.23104931175856253,0.6635,2000,4
olmo,OLMo-2-0425-1B,13,5,49,0.875,-0.26163265306122446,0.06938186814474383,0.2607031352193674,-0.5048410782794445,0.007323776557548942,0.9705,2000,20
olmo,OLMo-2-0425-1B,13,6,49,0.875,-0.07285714285714286,0.6188391537254496,0.7507912772064996,-0.3363087426208236,0.20366128075931214,0.6795,2000,0
olmo,OLMo-2-0425-1B,13,7,49,0.875,0.08142857142857143,0.5780670853006622,0.745893013291177,-0.2125148994142395,0.36900392914119284,0.2985,2000,1
olmo,OLMo-2-0425-1B,13,8,49,0.875,-0.1929591836734694,0.1840564067390535,0.3591344521737629,-0.45514743223711884,0.08290834078239603,0.9135,2000,6
olmo,OLMo-2-0425-1B,13,9,49,0.875,-0.03193877551020408,0.8275417942508352,0.9068951169872166,-0.30161878353158494,0.2536834254704147,0.604,2000,5
olmo,OLMo-2-0425-1B,13,10,49,0.875,0.135,0.35504502554498585,0.5359170196905447,-0.14444907694749795,0.4155005457245058,0.1815,2000,0
olmo,OLMo-2-0425-1B,13,11,49,0.875,-0.3578571428571429,0.011584639033824687,0.0926771122705975,-0.6022983731991451,-0.08490584722062434,0.9925,2000,0
olmo,OLMo-2-0425-1B,13,12,49,0.875,-0.4213265306122449,0.002570897959315706,0.034278639457542746,-0.64103612118735,-0.1416477563242908,0.999,2000,9
olmo,OLMo-2-0425-1B,13,13,49,0.875,-0.23091836734693877,0.11040865886053502,0.2655439565824344,-0.4855754304819209,0.0582972351668123,0.934,2000,2
olmo,OLMo-2-0425-1B,13,14,49,0.875,0.2386734693877551,0.09862649079690333,0.2607031352193674,-0.04898551858053376,0.4929754778264318,0.0495,2000,1
olmo,OLMo-2-0425-1B,13,15,49,0.875,0.025612244897959182,0.8613263874729231,0.9089633363436197,-0.2718132928388443,0.32178874251122885,0.439,2000,0
olmo,OLMo-2-0425-1B,14,0,49,0.9375,-0.14816326530612245,0.30963415954608176,0.5322146659133923,-0.3897558076056069,0.12993027119499845,0.8595,2000,0
olmo,OLMo-2-0425-1B,14,1,49,0.9375,-0.21724489795918367,0.1337623795307114,0.3057425817844832,-0.4693795190094435,0.065541331753293,0.928,2000,0
olmo,OLMo-2-0425-1B,14,2,49,0.9375,0.14724489795918366,0.31267611622411795,0.5322146659133923,-0.11705462416860057,0.4149187365838699,0.15,2000,0
olmo,OLMo-2-0425-1B,14,3,49,0.9375,-0.4773469387755102,0.0005241033972353178,0.020964135889412712,-0.6624514957281475,-0.2200180059008139,1.0,2000,0
olmo,OLMo-2-0425-1B,14,4,49,0.9375,-0.1963265306122449,0.17637267434053103,0.3550435137391068,-0.4313615514490568,0.051141554091544736,0.9415,2000,17
olmo,OLMo-2-0425-1B,14,5,49,0.9375,0.15520408163265306,0.28694330118260836,0.510121424324637,-0.1412055392136744,0.44282441990320787,0.16,2000,0
olmo,OLMo-2-0425-1B,14,6,49,0.9375,0.12693877551020408,0.3847616843549081,0.5496595490784402,-0.17827984272243808,0.41310532770901953,0.1965,2000,3
olmo,OLMo-2-0425-1B,14,7,49,0.9375,-0.11173469387755101,0.444658852943871,0.6133225557846497,-0.40998382344596596,0.21425491463892468,0.744,2000,6
olmo,OLMo-2-0425-1B,14,8,49,0.9375,-0.021122448979591837,0.8854561231240874,0.9199544136354154,-0.29820551076838486,0.25667041504804705,0.5725,2000,3
olmo,OLMo-2-0425-1B,14,9,49,0.9375,-0.028469387755102042,0.8460346470285831,0.9089633363436197,-0.29970876678376934,0.26204720665073244,0.565,2000,5
olmo,OLMo-2-0425-1B,14,10,49,0.9375,0.07061224489795918,0.6297149029130408,0.7507912772064996,-0.22216384864477728,0.3500253423854923,0.314,2000,0
olmo,OLMo-2-0425-1B,14,11,49,0.9375,-0.41214285714285714,0.0032553503636964486,0.03720400415653084,-0.6160901295985258,-0.14869325383289284,1.0,2000,11
olmo,OLMo-2-0425-1B,14,12,49,0.9375,-0.2571428571428571,0.07447899747443691,0.2607031352193674,-0.49834248370325435,0.02474047392769671,0.9645,2000,0
olmo,OLMo-2-0425-1B,14,13,49,0.9375,0.1360204081632653,0.3513861437548755,0.5359170196905447,-0.13652219942623398,0.4116061544237513,0.171,2000,2
olmo,OLMo-2-0425-1B,14,14,49,0.9375,-0.08653061224489796,0.5543943232667766,0.727074522317084,-0.33577771568345854,0.19286031809732238,0.7315,2000,0
olmo,OLMo-2-0425-1B,14,15,49,0.9375,0.16275510204081634,0.26384699776741743,0.47972181412257714,-0.13354994337416862,0.4326692044014473,0.142,2000,3
olmo,OLMo-2-0425-1B,15,0,49,1.0,-0.06520408163265307,0.6562330676230544,0.7608499334760052,-0.3184220179841176,0.23086256294408875,0.658,2000,0
olmo,OLMo-2-0425-1B,15,1,49,1.0,-0.35918367346938773,0.011258045261924386,0.0926771122705975,-0.6045263288967956,-0.07188291842751773,0.991,2000,0
olmo,OLMo-2-0425-1B,15,2,49,1.0,-0.25173469387755104,0.08100679718876784,0.2607031352193674,-0.5122714916200989,0.05796009674044999,0.949,2000,1
olmo,OLMo-2-0425-1B,15,3,49,1.0,0.21071428571428572,0.1461414735506671,0.30766626010666753,-0.10288223556783443,0.49457941707749203,0.09,2000,12
olmo,OLMo-2-0425-1B,15,4,49,1.0,-0.07612244897959183,0.6031635145354516,0.7507912772064996,-0.35312011032750124,0.2132064865502098,0.694,2000,0
olmo,OLMo-2-0425-1B,15,5,49,1.0,0.24214285714285713,0.09368100094154655,0.2607031352193674,-0.04557605955781759,0.4986587297532062,0.0505,2000,10
olmo,OLMo-2-0425-1B,15,6,49,1.0,-0.4956122448979592,0.00029353262727107427,0.020964135889412712,-0.6943879071672818,-0.24286653725792642,0.9995,2000,0
olmo,OLMo-2-0425-1B,15,7,49,1.0,0.11204081632653061,0.44340434806590684,0.6133225557846497,-0.1778345116850426,0.38841561905704836,0.2265,2000,0
olmo,OLMo-2-0425-1B,15,8,49,1.0,0.1363265306122449,0.3502930035863219,0.5359170196905447,-0.15729666514910856,0.43738651768369113,0.1955,2000,0
olmo,OLMo-2-0425-1B,15,9,49,1.0,-0.4493877551020408,0.0011987018408495676,0.024605675314178288,-0.6639431624453087,-0.1739184781879002,0.9985,2000,0
olmo,OLMo-2-0425-1B,15,10,49,1.0,-0.44846938775510203,0.0012302837657089144,0.024605675314178288,-0.6569995468809996,-0.16803454572066548,1.0,2000,0
olmo,OLMo-2-0425-1B,15,11,49,1.0,-0.1293877551020408,0.3755821000159972,0.5496595490784402,-0.4099083050347482,0.18101247643060664,0.8,2000,4
olmo,OLMo-2-0425-1B,15,12,49,1.0,-0.3926530612244898,0.0052600615991588206,0.052600615991588204,-0.6204906485035069,-0.12081641468601274,0.9975,2000,0
olmo,OLMo-2-0425-1B,15,13,49,1.0,0.14112244897959184,0.33344047893568324,0.5359170196905447,-0.14336032539407403,0.42020865926258105,0.1655,2000,16
olmo,OLMo-2-0425-1B,15,14,49,1.0,-0.23979591836734693,0.0970048922258853,0.2607031352193674,-0.49422911299434136,0.0397131919284344,0.9495,2000,0
olmo,OLMo-2-0425-1B,15,15,49,1.0,0.2953061224489796,0.039401511034028905,0.21014139218148747,0.0010936230236331507,0.5697200648409612,0.025,2000,0
olmo,OLMo-2-1124-13B,27,0,49,0.7,-0.016122448979591836,0.9124484103626287,0.9741723258261016,-0.3188752999160852,0.2975978281625642,0.5495,2000,0
olmo,OLMo-2-1124-13B,27,1,49,0.7,-0.4433673469387755,0.0014196590340120933,0.09227783721078606,-0.6696667406866944,-0.17916406637975119,0.9995,2000,1
olmo,OLMo-2-1124-13B,27,2,49,0.7,-0.085,0.5614477519103108,0.8414302068192802,-0.3773957118959114,0.23241360731728047,0.708,2000,0
olmo,OLMo-2-1124-13B,27,3,49,0.7,-0.006836734693877551,0.9628143318866724,0.9784216015175777,-0.3099706859925863,0.2999098417092787,0.508,2000,1
olmo,OLMo-2-1124-13B,27,4,49,0.7,0.010408163265306122,0.9434151154771679,0.9772427490998552,-0.27701507794531055,0.2968066760471293,0.485,2000,23
olmo,OLMo-2-1124-13B,27,5,49,0.7,-0.24755102040816326,0.08635833480268677,0.4515377185216691,-0.50855678954941,0.05605862357720556,0.949,2000,1
olmo,OLMo-2-1124-13B,27,6,49,0.7,-0.2524489795918367,0.08011973881846761,0.44798133532906625,-0.540354961613113,0.0688783902946944,0.9425,2000,3
olmo,OLMo-2-1124-13B,27,7,49,0.7,-0.1279591836734694,0.3809208404625957,0.7202866801474537,-0.4228425445450439,0.1978007673476927,0.773,2000,0
olmo,OLMo-2-1124-13B,27,8,49,0.7,-0.32581632653061227,0.022338088802955416,0.27740526284009354,-0.567152842963595,-0.029201491873764727,0.9825,2000,0
olmo,OLMo-2-1124-13B,27,9,49,0.7,-0.175,0.22909875148108821,0.5597384326637149,-0.4410751401723583,0.11990444880310704,0.8815,2000,0
olmo,OLMo-2-1124-13B,27,10,49,0.7,-0.23183673469387756,0.10895974278534076,0.465655992142592,-0.48974526853303113,0.06815825972698722,0.9335,2000,0
olmo,OLMo-2-1124-13B,27,11,49,0.7,0.18418367346938774,0.20520055083377925,0.5388765661087288,-0.0939874683659263,0.440663509478914,0.098,2000,2
olmo,OLMo-2-1124-13B,27,12,49,0.7,-0.2536734693877551,0.07861685308364413,0.4450591797488488,-0.48727952452450374,0.02493427457298026,0.967,2000,0
olmo,OLMo-2-1124-13B,27,13,49,0.7,-0.08938775510204082,0.5413412935853588,0.8353040731880906,-0.3422408023949628,0.1941145106581926,0.7495,2000,0
olmo,OLMo-2-1124-13B,27,14,49,0.7,-0.3786734693877551,0.00729632480057704,0.17860074585893082,-0.6188980920147364,-0.09283893799894516,0.996,2000,0
olmo,OLMo-2-1124-13B,27,15,49,0.7,-0.2894897959183673,0.04363880881337523,0.37820300971591864,-0.5608833410962002,0.019941436936210106,0.966,2000,3
olmo,OLMo-2-1124-13B,27,16,49,0.7,-0.24224489795918366,0.09353851512223754,0.4572114892085928,-0.47765409821823823,0.023855891770703096,0.964,2000,0
olmo,OLMo-2-1124-13B,27,17,49,0.7,0.27714285714285714,0.053871441363082695,0.41195808101180886,-0.02609765967482929,0.5498447321189901,0.032,2000,0
olmo,OLMo-2-1124-13B,27,18,49,0.7,0.21581632653061225,0.13640081911877017,0.47602970430711733,-0.09670680350612168,0.5153096798276611,0.081,2000,0
olmo,OLMo-2-1124-13B,27,19,49,0.7,-0.05530612244897959,0.7058483020226826,0.8921849704997702,-0.31491922874248135,0.20532544206226822,0.649,2000,0
olmo,OLMo-2-1124-13B,27,20,49,0.7,-0.11632653061224489,0.4260480799723446,0.743439602636306,-0.387559858326417,0.1725652331237348,0.7935,2000,0
olmo,OLMo-2-1124-13B,27,21,49,0.7,-0.3575510204081633,0.011661151316995726,0.20364210795717197,-0.5943603962400688,-0.07691462611825833,0.996,2000,4
olmo,OLMo-2-1124-13B,27,22,49,0.7,0.0012244897959183673,0.9933376203920792,0.9971729007796933,-0.2616346812255331,0.2700475071516141,0.506,2000,1
olmo,OLMo-2-1124-13B,27,23,49,0.7,-0.04255102040816326,0.7715872231726943,0.9160396256844773,-0.2942115701403821,0.22116679555161176,0.605,2000,0
olmo,OLMo-2-1124-13B,27,24,49,0.7,-0.23081632653061224,0.11057055417408748,0.465655992142592,-0.4938065017836101,0.07664950195754434,0.921,2000,9
olmo,OLMo-2-1124-13B,27,25,49,0.7,-0.22346938775510203,0.12271060242889491,0.465655992142592,-0.4926461044576984,0.07873116537888734,0.926,2000,0
olmo,OLMo-2-1124-13B,27,26,49,0.7,-0.11122448979591837,0.4467540418010227,0.766706606391194,-0.4106340920896779,0.18978078733643866,0.7675,2000,0
olmo,OLMo-2-1124-13B,27,27,49,0.7,-0.3626530612244898,0.010441025631946608,0.20364210795717197,-0.5909903869819011,-0.09328893281875973,0.9955,2000,0
olmo,OLMo-2-1124-13B,27,28,49,0.7,0.047448979591836735,0.7461266147015474,0.9050356634860227,-0.2424973941698849,0.3390402652787296,0.375,2000,0
olmo,OLMo-2-1124-13B,27,29,49,0.7,-0.2357142857142857,0.10300202717585634,0.4577867874482504,-0.49622763338374937,0.04402500427296751,0.943,2000,0
olmo,OLMo-2-1124-13B,27,30,49,0.7,-0.25795918367346937,0.07353086430998747,0.4450591797488488,-0.5241786904136306,0.033282232101793575,0.956,2000,3
olmo,OLMo-2-1124-13B,27,31,49,0.7,0.025408163265306122,0.8624206507344655,0.9481157259660086,-0.2866635928692421,0.31405281644101424,0.4325,2000,0
olmo,OLMo-2-1124-13B,27,32,49,0.7,-0.06887755102040816,0.6381725856255247,0.8834631049354066,-0.3347360950520208,0.22206506900347975,0.6945,2000,0
olmo,OLMo-2-1124-13B,27,33,49,0.7,-0.3355102040816327,0.018437926397873665,0.25230846649721855,-0.5547847616730732,-0.07009693739605649,0.994,2000,0
olmo,OLMo-2-1124-13B,27,34,49,0.7,0.1096938775510204,0.4530721080659482,0.766727266330952,-0.1885644094574475,0.38472679213790834,0.225,2000,0
olmo,OLMo-2-1124-13B,27,35,49,0.7,-0.3019387755102041,0.0349880950804064,0.3432794234304024,-0.5260625012851468,-0.03128975522130146,0.9845,2000,2
olmo,OLMo-2-1124-13B,27,36,49,0.7,-0.09897959183673469,0.498637368587166,0.8077614693623872,-0.37419028955734757,0.19818701698079796,0.7365,2000,0
olmo,OLMo-2-1124-13B,27,37,49,0.7,0.012551020408163265,0.9317904413164899,0.974595377558445,-0.2709128217776309,0.29450116992107145,0.45,2000,0
olmo,OLMo-2-1124-13B,27,38,49,0.7,0.2303061224489796,0.11138275320097211,0.465655992142592,-0.032167301328565115,0.4687158761921314,0.043,2000,4
olmo,OLMo-2-1124-13B,27,39,49,0.7,-0.10775510204081633,0.4611445777332295,0.773532840068643,-0.3847697238333071,0.17700380419388514,0.7565,2000,0
olmo,OLMo-2-1124-13B,28,0,49,0.725,-0.24275510204081632,0.0928286077697601,0.4572114892085928,-0.514398161596215,0.07192931340497051,0.942,2000,0
olmo,OLMo-2-1124-13B,28,1,49,0.725,0.013061224489795919,0.9290246452206916,0.974595377558445,-0.27450834864813084,0.283382770430116,0.4665,2000,0
olmo,OLMo-2-1124-13B,28,2,49,0.725,-0.09112244897959183,0.5334893918958816,0.8320608744070103,-0.3778924441859486,0.19971747975882984,0.702,2000,0
olmo,OLMo-2-1124-13B,28,3,49,0.725,-0.24520408163265306,0.08947914138452034,0.4515377185216691,-0.49200373936085284,0.034183471846893784,0.953,2000,0
olmo,OLMo-2-1124-13B,28,4,49,0.725,-0.11336734693877551,0.43799083205786266,0.7566619025584338,-0.3853902328076849,0.17945552996487507,0.7685,2000,1
olmo,OLMo-2-1124-13B,28,5,49,0.725,-0.20704081632653062,0.15346722255843961,0.49091186202162185,-0.45121483999001794,0.08659370968166569,0.921,2000,0
olmo,OLMo-2-1124-13B,28,6,49,0.725,-0.1766326530612245,0.2247159436604339,0.5564394795401221,-0.43892211497147904,0.10874977982049223,0.878,2000,0
olmo,OLMo-2-1124-13B,28,7,49,0.725,0.09081632653061225,0.5348709633940971,0.8320608744070103,-0.2134097151363088,0.3885436010903352,0.2735,2000,0
olmo,OLMo-2-1124-13B,28,8,49,0.725,-0.4433673469387755,0.0014196590340120933,0.09227783721078606,-0.6688668312875049,-0.17447286138406168,0.9995,2000,0
olmo,OLMo-2-1124-13B,28,9,49,0.725,0.0636734693877551,0.6638167992577911,0.8834631049354066,-0.2081480862418056,0.32452144596953103,0.3145,2000,0
olmo,OLMo-2-1124-13B,28,10,49,0.725,-0.16744897959183674,0.2501332777517475,0.5809342907294239,-0.4300469996867969,0.12824199619242996,0.866,2000,0
olmo,OLMo-2-1124-13B,28,11,49,0.725,0.05704081632653061,0.6970577307773338,0.8903804384574607,-0.25296582075508955,0.3568879039615524,0.351,2000,0
olmo,OLMo-2-1124-13B,28,12,49,0.725,-0.03979591836734694,0.786016068769294,0.9243261736260601,-0.34532756654838603,0.2544869858466843,0.607,2000,12
olmo,OLMo-2-1124-13B,28,13,49,0.725,-0.18602040816326532,0.20063961485791432,0.5350389729544381,-0.45144165747312986,0.10713668704715514,0.897,2000,0
olmo,OLMo-2-1124-13B,28,14,49,0.725,-0.2273469387755102,0.11618363707020435,0.465655992142592,-0.4986021900083806,0.0912827792993601,0.922,2000,2
olmo,OLMo-2-1124-13B,28,15,49,0.725,-0.2724489795918367,0.05823690057220152,0.4326169756792113,-0.5090309863064664,0.0040157703066480074,0.973,2000,0
olmo,OLMo-2-1124-13B,28,16,49,0.725,-0.12571428571428572,0.3894008168246078,0.7257649632573335,-0.39522705869158925,0.16371400782140602,0.823,2000,0
olmo,OLMo-2-1124-13B,28,17,49,0.725,-0.3946938775510204,0.005008854594205061,0.14470024383259067,-0.634108773362816,-0.09779025731253768,0.9945,2000,2
olmo,OLMo-2-1124-13B,28,18,49,0.725,0.030816326530612243,0.8335151628331343,0.9365487156526568,-0.2271421655022799,0.27688248557263395,0.4085,2000,0
olmo,OLMo-2-1124-13B,28,19,49,0.725,-0.4630612244897959,0.0008068564596497545,0.09227783721078606,-0.6743840688956682,-0.19061973126245338,1.0,2000,30
olmo,OLMo-2-1124-13B,28,20,49,0.725,-0.14724489795918366,0.31267611622411795,0.6577461544192653,-0.42819637530517923,0.15499287579258897,0.826,2000,0
olmo,OLMo-2-1124-13B,28,21,49,0.725,0.2755102040816326,0.05535884582784325,0.41719709899244184,-0.054403417326388905,0.5614566028024343,0.044,2000,0
olmo,OLMo-2-1124-13B,28,22,49,0.725,-0.029489795918367347,0.8405865808904408,0.9379936095773158,-0.31781653169642354,0.25673081424954103,0.5655,2000,0
olmo,OLMo-2-1124-13B,28,23,49,0.725,-0.45571428571428574,0.001000117031703834,0.09227783721078606,-0.679831489312478,-0.17159164329337345,0.999,2000,3
olmo,OLMo-2-1124-13B,28,24,49,0.725,0.059897959183673466,0.6826650342846309,0.8852514160299453,-0.2247399263281355,0.32319805777664085,0.3275,2000,0
olmo,OLMo-2-1124-13B,28,25,49,0.725,0.06775510204081632,0.643669674570032,0.8834631049354066,-0.23584613173006866,0.3536305336087473,0.317,2000,1
olmo,OLMo-2-1124-13B,28,26,49,0.725,-0.2045918367346939,0.15849894216802693,0.4917330642305961,-0.44672727432044623,0.061622313576379276,0.9295,2000,0
olmo,OLMo-2-1124-13B,28,27,49,0.725,-0.181734693877551,0.2113945446556964,0.5415032670983356,-0.44176274318816316,0.1325434215525121,0.8745,2000,0
olmo,OLMo-2-1124-13B,28,28,49,0.725,-0.13816326530612244,0.3437780769556021,0.6767037975103474,-0.40066265517352007,0.15897194126419023,0.8395,2000,0
olmo,OLMo-2-1124-13B,28,29,49,0.725,-0.18428571428571427,0.20494526849354816,0.5388765661087288,-0.4564774623211559,0.10292187375395878,0.895,2000,0
olmo,OLMo-2-1124-13B,28,30,49,0.725,-0.037653061224489796,0.7972881578268328,0.9295736369281459,-0.3029021450996734,0.23572304999413454,0.625,2000,19
olmo,OLMo-2-1124-13B,28,31,49,0.725,0.2556122448979592,0.07628277617256482,0.4450591797488488,-0.03640700719719936,0.505305964858201,0.039,2000,37
olmo,OLMo-2-1124-13B,28,32,49,0.725,0.22622448979591836,0.11804525337344914,0.465655992142592,-0.07530455190863847,0.5079614905823497,0.0605,2000,0
olmo,OLMo-2-1124-13B,28,33,49,0.725,-0.31704081632653064,0.026445907987134008,0.30484439824402315,-0.5588319891619569,-0.027947959790308764,0.9835,2000,1
olmo,OLMo-2-1124-13B,28,34,49,0.725,0.028979591836734694,0.8433097069839545,0.9390172326159664,-0.27165026019371535,0.32771499243072183,0.411,2000,0
olmo,OLMo-2-1124-13B,28,35,49,0.725,-0.18275510204081633,0.20879800819630065,0.5394989951496818,-0.46840509478165265,0.15032402892235577,0.8585,2000,1
olmo,OLMo-2-1124-13B,28,36,49,0.725,-0.18479591836734693,0.2036722083042166,0.5388765661087288,-0.4540059010983127,0.10059732502669637,0.9005,2000,0
olmo,OLMo-2-1124-13B,28,37,49,0.725,-0.4013265306122449,0.004263425504515683,0.13949268954528993,-0.6198795834899812,-0.1486664499068195,0.9995,2000,0
olmo,OLMo-2-1124-13B,28,38,49,0.725,-0.062040816326530614,0.6719429864467471,0.8834631049354066,-0.3534783493971516,0.2606788453264173,0.6495,2000,0
olmo,OLMo-2-1124-13B,28,39,49,0.725,-0.040204081632653065,0.7838738404590597,0.9242956848950363,-0.3394581886816107,0.2659419610901385,0.6075,2000,0
olmo,OLMo-2-1124-13B,29,0,49,0.75,-0.024183673469387754,0.8689915265315008,0.9513170395713273,-0.2856157278098794,0.24441625428676472,0.5425,2000,0
olmo,OLMo-2-1124-13B,29,1,49,0.75,0.01693877551020408,0.9080340082398035,0.9715590211619297,-0.26509071512487964,0.3102898170728978,0.4635,2000,0
olmo,OLMo-2-1124-13B,29,2,49,0.75,-0.1666326530612245,0.25248298020163423,0.5809342907294239,-0.44801847748636925,0.13513761303633137,0.8665,2000,0
olmo,OLMo-2-1124-13B,29,3,49,0.75,0.10275510204081632,0.482317363336619,0.7911830565774192,-0.1574067628278949,0.34912959880076583,0.2225,2000,0
olmo,OLMo-2-1124-13B,29,4,49,0.75,0.025816326530612246,0.8602323817365707,0.9481157259660086,-0.2553366807660457,0.3169219774899005,0.4155,2000,0
olmo,OLMo-2-1124-13B,29,5,49,0.75,0.2372448979591837,0.10072053778291672,0.4577867874482504,-0.045501825046151245,0.4935226011027074,0.0575,2000,2
olmo,OLMo-2-1124-13B,29,6,49,0.75,-0.16010204081632654,0.271816111023118,0.6066282306095336,-0.44559433414294763,0.15169532728812016,0.854,2000,2
olmo,OLMo-2-1124-13B,29,7,49,0.75,-0.007244897959183674,0.9605959901710166,0.9784216015175777,-0.27559266560612417,0.25753996632232573,0.516,2000,38
olmo,OLMo-2-1124-13B,29,8,49,0.75,-0.2213265306122449,0.12643453966002105,0.4669451383078396,-0.5082640921441836,0.07387552515406952,0.9315,2000,0
olmo,OLMo-2-1124-13B,29,9,49,0.75,0.0473469387755102,0.7466544223759687,0.9050356634860227,-0.23066625270492505,0.31753215864933315,0.3765,2000,0
olmo,OLMo-2-1124-13B,29,10,49,0.75,0.0976530612244898,0.5044380972294269,0.8128191300071074,-0.18148315837936269,0.3515557145046748,0.237,2000,0
olmo,OLMo-2-1124-13B,29,11,49,0.75,0.05183673469387755,0.7235428482025094,0.9014016840343375,-0.2567911023688435,0.3417294551085928,0.381,2000,0
olmo,OLMo-2-1124-13B,29,12,49,0.75,0.31265306122448977,0.028725722142225258,0.30484439824402315,0.05777813181313603,0.5326245247594864,0.0105,2000,0
olmo,OLMo-2-1124-13B,29,13,49,0.75,0.0653061224489796,0.655728691700407,0.8834631049354066,-0.22979408308211127,0.34830403826618184,0.336,2000,0
olmo,OLMo-2-1124-13B,29,14,49,0.75,-0.2263265306122449,0.11787508572879372,0.465655992142592,-0.48252843323732403,0.053233316810706886,0.94,2000,3
olmo,OLMo-2-1124-13B,29,15,49,0.75,0.2039795918367347,0.15977554281473258,0.4917330642305961,-0.10896389564200427,0.4844295398270978,0.1035,2000,0
olmo,OLMo-2-1124-13B,29,16,49,0.75,-0.2496938775510204,0.08358380059147824,0.4515377185216691,-0.5021911074422745,0.013770670750029166,0.963,2000,0
olmo,OLMo-2-1124-13B,29,17,49,0.75,0.18244897959183673,0.20957460965429947,0.5394989951496818,-0.12969838634573713,0.46819011094881374,0.1305,2000,0
olmo,OLMo-2-1124-13B,29,18,49,0.75,-0.09030612244897959,0.5371774559686129,0.8320608744070103,-0.35240708026037615,0.18973427220902525,0.7275,2000,0
olmo,OLMo-2-1124-13B,29,19,49,0.75,-0.18806122448979593,0.19565640893788266,0.5319118979714025,-0.44636690893987296,0.09914535247577025,0.902,2000,0
olmo,OLMo-2-1124-13B,29,20,49,0.75,0.06520408163265307,0.6562330676230544,0.8834631049354066,-0.257923261498165,0.3895483543393323,0.3605,2000,0
olmo,OLMo-2-1124-13B,29,21,49,0.75,-0.1363265306122449,0.3502930035863219,0.6822185837636232,-0.4187866501786171,0.16518651699056955,0.801,2000,0
olmo,OLMo-2-1124-13B,29,22,49,0.75,0.0413265306122449,0.7779909244498948,0.9215382248609232,-0.25894363562429484,0.33780472337511513,0.382,2000,0
olmo,OLMo-2-1124-13B,29,23,49,0.75,0.3137755102040816,0.028127477197962478,0.30484439824402315,0.0712497272967992,0.5394865503868672,0.007,2000,1
olmo,OLMo-2-1124-13B,29,24,49,0.75,-0.23775510204081632,0.09996876409626906,0.4577867874482504,-0.4906497852025455,0.04402283573027144,0.953,2000,0
olmo,OLMo-2-1124-13B,29,25,49,0.75,-0.026530612244897958,0.8564054184372154,0.9481157259660086,-0.3161301304973772,0.2723516786754559,0.5565,2000,0
olmo,OLMo-2-1124-13B,29,26,49,0.75,-0.6768367346938775,9.33488139405844e-08,4.854138324910389e-05,-0.8071007721795287,-0.4784638190355249,1.0,2000,29
olmo,OLMo-2-1124-13B,29,27,49,0.75,0.16091836734693876,0.26934727787817747,0.603709415933846,-0.10151363165459007,0.4126409425903031,0.124,2000,0
olmo,OLMo-2-1124-13B,29,28,49,0.75,-0.19122448979591836,0.18810698533588122,0.5285806732528755,-0.470805906361392,0.09687588643261137,0.896,2000,26
olmo,OLMo-2-1124-13B,29,29,49,0.75,-0.13887755102040816,0.3412648495493118,0.6767037975103474,-0.4431059305513994,0.17653509623502184,0.795,2000,0
olmo,OLMo-2-1124-13B,29,30,49,0.75,-0.2226530612244898,0.12411934321591055,0.465655992142592,-0.5152126195443183,0.10268844350261655,0.904,2000,0
olmo,OLMo-2-1124-13B,29,31,49,0.75,-0.16877551020408163,0.24634661898729573,0.5770281165468188,-0.4514855260640531,0.13549201315561826,0.864,2000,0
olmo,OLMo-2-1124-13B,29,32,49,0.75,-0.08438775510204082,0.5642808333863212,0.8414302068192802,-0.3925641156636354,0.22554997784955713,0.7005,2000,0
olmo,OLMo-2-1124-13B,29,33,49,0.75,0.09153061224489796,0.5316500157683278,0.8320608744070103,-0.22471502287183975,0.3902196021482254,0.2785,2000,0
olmo,OLMo-2-1124-13B,29,34,49,0.75,-0.06153061224489796,0.6744901012679931,0.8834631049354066,-0.31861061387669265,0.2235963934054573,0.6665,2000,0
olmo,OLMo-2-1124-13B,29,35,49,0.75,-0.20520408163265305,0.15722982965599375,0.4917330642305961,-0.46494389400964503,0.09958302905531984,0.9125,2000,0
olmo,OLMo-2-1124-13B,29,36,49,0.75,0.14204081632653062,0.33027215297547063,0.6734961550872341,-0.13712125083031015,0.4188624238850154,0.161,2000,0
olmo,OLMo-2-1124-13B,29,37,49,0.75,0.24724489795918367,0.08676050407200656,0.4515377185216691,-0.03351814517920618,0.49046434218729973,0.0455,2000,0
olmo,OLMo-2-1124-13B,29,38,49,0.75,-0.1733673469387755,0.23354007659036496,0.5597384326637149,-0.4388086764523522,0.11202432703727998,0.874,2000,0
olmo,OLMo-2-1124-13B,29,39,49,0.75,-0.030612244897959183,0.8346022400440495,0.9365487156526568,-0.31547207203292205,0.26312937688493565,0.571,2000,0
olmo,OLMo-2-1124-13B,30,0,49,0.775,-0.15591836734693879,0.2847036702641553,0.6246662807483575,-0.4187790486526612,0.12755566240783955,0.8615,2000,0
olmo,OLMo-2-1124-13B,30,1,49,0.775,-0.16418367346938775,0.25962119386915583,0.589532841973629,-0.4326137731249733,0.1392085084333224,0.85,2000,8
olmo,OLMo-2-1124-13B,30,2,49,0.775,-0.08183673469387755,0.5761564494135346,0.8415768362220168,-0.36330925934759917,0.22233049225965926,0.692,2000,6
olmo,OLMo-2-1124-13B,30,3,49,0.775,-0.19857142857142857,0.17138042307872187,0.5121713793157205,-0.45787446509001095,0.10906516755958363,0.898,2000,0
olmo,OLMo-2-1124-13B,30,4,49,0.775,0.19642857142857142,0.17614350310012752,0.5174837379212786,-0.0638271849436293,0.42147682783895185,0.0705,2000,1
olmo,OLMo-2-1124-13B,30,5,49,0.775,0.0008163265306122449,0.9955583858464419,0.9974766100966277,-0.2646590650640169,0.27242676822013506,0.4985,2000,0
olmo,OLMo-2-1124-13B,30,6,49,0.775,-0.05806122448979592,0.6919050436923424,0.8903804384574607,-0.3089944594113715,0.2161945870132349,0.6595,2000,36
olmo,OLMo-2-1124-13B,30,7,49,0.775,-0.24071428571428571,0.09569353794118536,0.4572114892085928,-0.4649533685011176,0.01214357548993079,0.9685,2000,0
olmo,OLMo-2-1124-13B,30,8,49,0.775,0.00010204081632653062,0.999444795499308,0.999444795499308,-0.32407202498147564,0.33151254773083544,0.4795,2000,8
olmo,OLMo-2-1124-13B,30,9,49,0.775,-0.19775510204081634,0.17318380321730809,0.5146033009885727,-0.43653855547453574,0.06557945542212242,0.9175,2000,0
olmo,OLMo-2-1124-13B,30,10,49,0.775,-0.2620408163265306,0.06893259111941026,0.4450591797488488,-0.5307945153472267,0.047694311118273755,0.9545,2000,0
olmo,OLMo-2-1124-13B,30,11,49,0.775,0.281734693877551,0.049860478460520774,0.4051163874917313,-0.024376535153841805,0.5217550739698136,0.0315,2000,0
olmo,OLMo-2-1124-13B,30,12,49,0.775,-0.02469387755102041,0.8662525713491487,0.9503192765855639,-0.3002683213436161,0.27383006310952407,0.574,2000,0
olmo,OLMo-2-1124-13B,30,13,49,0.775,-0.11581632653061225,0.4280939548928234,0.7441618267220658,-0.4213439109257711,0.22920801206226477,0.757,2000,0
olmo,OLMo-2-1124-13B,30,14,49,0.775,-0.14857142857142858,0.3082882724028422,0.6543261291815426,-0.4376764894953518,0.15016067123302257,0.8205,2000,5
olmo,OLMo-2-1124-13B,30,15,49,0.775,-0.10479591836734693,0.4736142165518288,0.7868351201500031,-0.41730325263077866,0.21351358006562446,0.7485,2000,1
olmo,OLMo-2-1124-13B,30,16,49,0.775,0.06795918367346938,0.6426687883216954,0.8834631049354066,-0.21764834953824264,0.35133711539370965,0.307,2000,0
olmo,OLMo-2-1124-13B,30,17,49,0.775,-0.12571428571428572,0.3894008168246078,0.7257649632573335,-0.361669144559403,0.14611485277959976,0.815,2000,0
olmo,OLMo-2-1124-13B,30,18,49,0.775,-0.21081632653061225,0.14594174457144918,0.4866882494240422,-0.49229071714485734,0.1032673257455807,0.8995,2000,0
olmo,OLMo-2-1124-13B,30,19,49,0.775,-0.06285714285714286,0.6678751833387184,0.8834631049354066,-0.32444477379771575,0.2162334126040959,0.6615,2000,0
olmo,OLMo-2-1124-13B,30,20,49,0.775,-0.17908163265306123,0.2182510077699779,0.5482634011612971,-0.4624181868226634,0.14877266560704402,0.8655,2000,8
olmo,OLMo-2-1124-13B,30,21,49,0.775,-0.4051020408163265,0.0038841446321612933,0.13949268954528993,-0.6624370998103402,-0.0886783352563914,0.9925,2000,8
olmo,OLMo-2-1124-13B,30,22,49,0.775,-0.3985714285714286,0.00456033792744217,0.13949268954528993,-0.6248387660880464,-0.12043731047164395,0.996,2000,0
olmo,OLMo-2-1124-13B,30,23,49,0.775,-0.2677551020408163,0.06288231161794823,0.4450591797488488,-0.5604376236316945,0.03872067558827058,0.9505,2000,12
olmo,OLMo-2-1124-13B,30,24,49,0.775,-0.05551020408163265,0.7048121169984845,0.8921849704997702,-0.3329689473208967,0.2337681481123031,0.6445,2000,0
olmo,OLMo-2-1124-13B,30,25,49,0.775,-0.06755102040816327,0.6446711866783422,0.8834631049354066,-0.3663357938986446,0.23388619264239152,0.667,2000,48
olmo,OLMo-2-1124-13B,30,26,49,0.775,-0.31265306122448977,0.028725722142225258,0.30484439824402315,-0.5657513017098573,-0.04102520352772877,0.987,2000,3
olmo,OLMo-2-1124-13B,30,27,49,0.775,-0.135,0.35504502554498585,0.6888933331469875,-0.40692286932394456,0.15351580713976298,0.8275,2000,0
olmo,OLMo-2-1124-13B,30,28,49,0.775,0.022244897959183673,0.8794131707514715,0.9546865319222655,-0.2921731034303277,0.31534064445240967,0.4595,2000,0
olmo,OLMo-2-1124-13B,30,29,49,0.775,-0.075,0.6085325213738254,0.8717270278633312,-0.3854225089274923,0.2349853469852904,0.6555,2000,0
olmo,OLMo-2-1124-13B,30,30,49,0.775,0.0017346938775510204,0.9905617357613894,0.9963096762010106,-0.2991679639955844,0.285939829259803,0.486,2000,0
olmo,OLMo-2-1124-13B,30,31,49,0.775,0.03,0.8378652994992681,0.9369676467518696,-0.2879420440863399,0.347458041712525,0.4255,2000,0
olmo,OLMo-2-1124-13B,30,32,49,0.775,-0.1373469387755102,0.3466643005138695,0.6776896100271133,-0.4104812417101577,0.16400740299690347,0.8235,2000,0
olmo,OLMo-2-1124-13B,30,33,49,0.775,-0.15479591836734694,0.2882282434283603,0.6292095950290445,-0.44649216975904826,0.14791856611648493,0.8295,2000,0
olmo,OLMo-2-1124-13B,30,34,49,0.775,-0.12285714285714286,0.4003527100399559,0.7330401733125953,-0.40024402701677086,0.17900357309209433,0.777,2000,0
olmo,OLMo-2-1124-13B,30,35,49,0.775,-0.10326530612244898,0.4801337228517487,0.7908114471308848,-0.36619324715054874,0.17065689714748558,0.752,2000,0
olmo,OLMo-2-1124-13B,30,36,49,0.775,-0.08255102040816327,0.5728197946423561,0.8414302068192802,-0.36095826330426833,0.20432514741453892,0.7135,2000,0
olmo,OLMo-2-1124-13B,30,37,49,0.775,-0.19551020408163267,0.17821379034551493,0.5206245560655492,-0.439382084036704,0.08756486044933734,0.9125,2000,1
olmo,OLMo-2-1124-13B,30,38,49,0.775,-0.04806122448979592,0.742962196615671,0.9050356634860227,-0.34179891728526646,0.23619220069887173,0.6245,2000,0
olmo,OLMo-2-1124-13B,30,39,49,0.775,-0.08204081632653061,0.5752022142425337,0.8415768362220168,-0.3737510216591745,0.22417862905538372,0.689,2000,0
olmo,OLMo-2-1124-13B,31,0,49,0.8,0.15214285714285714,0.29667175780230604,0.6408291692644517,-0.1427370574258964,0.43871331541887454,0.1635,2000,0
olmo,OLMo-2-1124-13B,31,1,49,0.8,-0.06224489795918367,0.6709251581924506,0.8834631049354066,-0.35134647298027877,0.2218862513837413,0.6445,2000,1
olmo,OLMo-2-1124-13B,31,2,49,0.8,-0.21693877551020407,0.13432451786604416,0.4719510087185335,-0.47732471238641855,0.07612899702129748,0.9345,2000,7
olmo,OLMo-2-1124-13B,31,3,49,0.8,-0.0776530612244898,0.5958755838815477,0.8607091767177911,-0.3956722332284413,0.24390116410588913,0.6765,2000,1
olmo,OLMo-2-1124-13B,31,4,49,0.8,-0.1469387755102041,0.3136943197999573,0.6577461544192653,-0.4304507819687213,0.15847386578521683,0.8295,2000,0
olmo,OLMo-2-1124-13B,31,5,49,0.8,0.046224489795918366,0.752467848803508,0.9099611194833119,-0.25777239673844327,0.3541475612629839,0.382,2000,0
olmo,OLMo-2-1124-13B,31,6,49,0.8,-0.2559183673469388,0.07591928970293856,0.4450591797488488,-0.5277714134458101,0.03396682973667875,0.954,2000,0
olmo,OLMo-2-1124-13B,31,7,49,0.8,0.13959183673469389,0.33876303561013144,0.6767037975103474,-0.1786226249876328,0.4389212949483789,0.183,2000,0
olmo,OLMo-2-1124-13B,31,8,49,0.8,0.14806122448979592,0.30997121729496424,0.655223711355209,-0.14353416725707507,0.41072975004564083,0.151,2000,0
olmo,OLMo-2-1124-13B,31,9,49,0.8,0.10663265306122449,0.4658534181713938,0.7789188985502404,-0.20264246311143166,0.39977464239416904,0.259,2000,0
olmo,OLMo-2-1124-13B,31,10,49,0.8,-0.052959183673469384,0.7178019553182885,0.9014016840343375,-0.32032057490081356,0.22074138365194843,0.6435,2000,0
olmo,OLMo-2-1124-13B,31,11,49,0.8,-0.17581632653061224,0.22690004523283125,0.5591849455974989,-0.460149065051872,0.12943019433984104,0.874,2000,1
olmo,OLMo-2-1124-13B,31,12,49,0.8,-0.12173469387755102,0.40470376047943035,0.7332611688129052,-0.38121347524811755,0.16142464666684542,0.777,2000,0
olmo,OLMo-2-1124-13B,31,13,49,0.8,-0.02295918367346939,0.8755711694036584,0.9546865319222655,-0.30464410911416284,0.2641323226679185,0.5625,2000,0
olmo,OLMo-2-1124-13B,31,14,49,0.8,0.03214285714285714,0.826456753285175,0.9365487156526568,-0.24199906763765278,0.31069595268860734,0.422,2000,0
olmo,OLMo-2-1124-13B,31,15,49,0.8,0.17959183673469387,0.2169205945033649,0.5482634011612971,-0.09549140448826937,0.4392347845866932,0.107,2000,0
olmo,OLMo-2-1124-13B,31,16,49,0.8,-0.26040816326530614,0.07074367233540339,0.4450591797488488,-0.5187867327681852,0.032241156860214955,0.9595,2000,6
olmo,OLMo-2-1124-13B,31,17,49,0.8,-0.053061224489795916,0.7172808142683645,0.9014016840343375,-0.3750027340751153,0.2868537033356122,0.6095,2000,11
olmo,OLMo-2-1124-13B,31,18,49,0.8,-0.06836734693877551,0.6406688994405452,0.8834631049354066,-0.3430913075243277,0.20897461345612584,0.6895,2000,8
olmo,OLMo-2-1124-13B,31,19,49,0.8,0.1326530612244898,0.3635483438593163,0.7001671807660905,-0.15257060792538513,0.4069188048283838,0.182,2000,0
olmo,OLMo-2-1124-13B,31,20,49,0.8,0.03326530612244898,0.8204948103641532,0.9365487156526568,-0.26681914454231287,0.33681806578343865,0.4215,2000,0
olmo,OLMo-2-1124-13B,31,21,49,0.8,0.12959183673469388,0.3748230908793654,0.7146713918050587,-0.1779882246329204,0.41445603293442007,0.2025,2000,0
olmo,OLMo-2-1124-13B,31,22,49,0.8,0.11040816326530613,0.45011762181006326,0.766727266330952,-0.14719595489860693,0.3659180913659688,0.1985,2000,0
olmo,OLMo-2-1124-13B,31,23,49,0.8,0.22693877551020408,0.11685798813141136,0.465655992142592,-0.02747496285134926,0.47666695745333804,0.048,2000,0
olmo,OLMo-2-1124-13B,31,24,49,0.8,-0.12857142857142856,0.3786273107117052,0.7185627794528712,-0.40262418716349657,0.16696595650410542,0.802,2000,0
olmo,OLMo-2-1124-13B,31,25,49,0.8,-0.40520408163265303,0.0038743191799948873,0.13949268954528993,-0.641207875467673,-0.08892425390993987,0.9965,2000,0
olmo,OLMo-2-1124-13B,31,26,49,0.8,0.00989795918367347,0.9461847052615261,0.9774885304380921,-0.27337580934151673,0.28096472854416604,0.467,2000,0
olmo,OLMo-2-1124-13B,31,27,49,0.8,-0.10938775510204081,0.4543415518978659,0.766727266330952,-0.38796174409649775,0.16535708833698654,0.7755,2000,0
olmo,OLMo-2-1124-13B,31,28,49,0.8,0.0029591836734693877,0.983900125603778,0.9963096762010106,-0.2649704098589998,0.2717841463108546,0.498,2000,0
olmo,OLMo-2-1124-13B,31,29,49,0.8,-0.09346938775510204,0.5229556790312384,0.8297987320384869,-0.3939870868169575,0.2441375937582555,0.718,2000,0
olmo,OLMo-2-1124-13B,31,30,49,0.8,-0.3245918367346939,0.022876832376357348,0.27740526284009354,-0.5822904444109059,-0.02103196017936986,0.983,2000,1
olmo,OLMo-2-1124-13B,31,31,49,0.8,-0.08387755102040817,0.5666468096565378,0.8414302068192802,-0.35510683979143237,0.19665421451549725,0.704,2000,0
olmo,OLMo-2-1124-13B,31,32,49,0.8,-0.22887755102040816,0.11368115023167667,0.465655992142592,-0.4991125799625049,0.04606305116507102,0.9475,2000,0
olmo,OLMo-2-1124-13B,31,33,49,0.8,0.04520408163265306,0.7577646072481252,0.9121240642801507,-0.23050007744320702,0.31252211750738157,0.3845,2000,0
olmo,OLMo-2-1124-13B,31,34,49,0.8,-0.21040816326530612,0.14674187487359916,0.4866882494240422,-0.4811377810921661,0.09267296102613523,0.9215,2000,0
olmo,OLMo-2-1124-13B,31,35,49,0.8,0.2357142857142857,0.10300202717585634,0.4577867874482504,-0.04138248247035906,0.4837430544541545,0.047,2000,0
olmo,OLMo-2-1124-13B,31,36,49,0.8,0.10479591836734693,0.4736142165518288,0.7868351201500031,-0.18889899423265108,0.378491398249171,0.2465,2000,0
olmo,OLMo-2-1124-13B,31,37,49,0.8,-0.2366326530612245,0.10162841166194608,0.4577867874482504,-0.5050997346354648,0.0796171173453145,0.929,2000,1
olmo,OLMo-2-1124-13B,31,38,49,0.8,0.0933673469387755,0.5234115079011994,0.8297987320384869,-0.1935601734032151,0.3728922431407916,0.2605,2000,2
olmo,OLMo-2-1124-13B,31,39,49,0.8,0.09224489795918367,0.5284386102313896,0.8320608744070103,-0.20530600549980638,0.391594828706536,0.2855,2000,0
olmo,OLMo-2-1124-13B,32,0,49,0.825,-0.1707142857142857,0.2408825205125161,0.5667824012059203,-0.4331995216510084,0.11170631824947021,0.8805,2000,2
olmo,OLMo-2-1124-13B,32,1,49,0.825,0.05163265306122449,0.7245882767814482,0.9014016840343375,-0.2504789132856537,0.3274114615166283,0.3595,2000,0
olmo,OLMo-2-1124-13B,32,2,49,0.825,-0.08826530612244898,0.5464515139087024,0.8361409259784166,-0.3601118796094073,0.18226945925812826,0.745,2000,0
olmo,OLMo-2-1124-13B,32,3,49,0.825,0.09428571428571429,0.5193161628453076,0.8297987320384869,-0.22317664525131228,0.40816647717213334,0.284,2000,4
olmo,OLMo-2-1124-13B,32,4,49,0.825,-0.1629591836734694,0.2632405174885303,0.5932584129903358,-0.4262844067728142,0.13733925887123738,0.87,2000,0
olmo,OLMo-2-1124-13B,32,5,49,0.825,-0.22408163265306122,0.12166200355557673,0.465655992142592,-0.4910476352558124,0.0769149002086687,0.935,2000,0
olmo,OLMo-2-1124-13B,32,6,49,0.825,-0.38663265306122446,0.006066369098152654,0.157725596551969,-0.6088578867836212,-0.1148029570744002,0.9975,2000,0
olmo,OLMo-2-1124-13B,32,7,49,0.825,0.11673469387755102,0.42441536224129695,0.743439602636306,-0.19418874347520673,0.36499467826948745,0.2135,2000,0
olmo,OLMo-2-1124-13B,32,8,49,0.825,-0.23591836734693877,0.10269555155213546,0.4577867874482504,-0.48481410292179616,0.038943615349867,0.953,2000,0
olmo,OLMo-2-1124-13B,32,9,49,0.825,-0.10010204081632654,0.493756003158391,0.8023535051323855,-0.402907643892519,0.20544178242948788,0.7235,2000,0
olmo,OLMo-2-1124-13B,32,10,49,0.825,-0.44724489795918365,0.0012735486514532193,0.09227783721078606,-0.6517260460282495,-0.16671652858398261,0.9985,2000,0
olmo,OLMo-2-1124-13B,32,11,49,0.825,0.12479591836734694,0.39290167486917643,0.7266589091829532,-0.1269448188086906,0.3660412470393568,0.169,2000,0
olmo,OLMo-2-1124-13B,32,12,49,0.825,0.3419387755102041,0.016183041237714774,0.2475053365768142,0.07893986940634512,0.5602861729582939,0.004,2000,0
olmo,OLMo-2-1124-13B,32,13,49,0.825,0.030408163265306123,0.8356896231977554,0.9365487156526568,-0.2518499591169256,0.3252656969194276,0.431,2000,30
olmo,OLMo-2-1124-13B,32,14,49,0.825,-0.32387755102040816,0.02319611268050954,0.27740526284009354,-0.5624489357931287,-0.04008641815047679,0.99,2000,1
olmo,OLMo-2-1124-13B,32,15,49,0.825,0.047448979591836735,0.7461266147015474,0.9050356634860227,-0.24504129502796446,0.3452086179033817,0.374,2000,0
olmo,OLMo-2-1124-13B,32,16,49,0.825,-0.20448979591836736,0.1587111884016512,0.4917330642305961,-0.4885080115087894,0.1138578457926272,0.904,2000,0
olmo,OLMo-2-1124-13B,32,17,49,0.825,0.2092857142857143,0.14895896848616805,0.4871614063698578,-0.06999009340914183,0.47873628375377714,0.0755,2000,0
olmo,OLMo-2-1124-13B,32,18,49,0.825,-0.10234693877551021,0.48406802959106365,0.7915577842369594,-0.397635450030586,0.20915030095415904,0.732,2000,1
olmo,OLMo-2-1124-13B,32,19,49,0.825,0.25540816326530613,0.07652586248141223,0.4450591797488488,-0.03594688375927517,0.51667329523259,0.046,2000,0
olmo,OLMo-2-1124-13B,32,20,49,0.825,-0.05765306122448979,0.6939644782585164,0.8903804384574607,-0.34605379731943914,0.2456417622888313,0.645,2000,0
olmo,OLMo-2-1124-13B,32,21,49,0.825,-0.10989795918367347,0.45222688986398474,0.766727266330952,-0.4067243729789257,0.17927347128843538,0.7655,2000,1
olmo,OLMo-2-1124-13B,32,22,49,0.825,-0.35918367346938773,0.011258045261924386,0.20364210795717197,-0.611601191111302,-0.08062008234543327,0.9945,2000,2
olmo,OLMo-2-1124-13B,32,23,49,0.825,-0.27816326530612245,0.05295832134444692,0.4110198074494388,-0.5485943115232431,0.0108992229052947,0.97,2000,0
olmo,OLMo-2-1124-13B,32,24,49,0.825,0.2652040816326531,0.06552861727263054,0.4450591797488488,0.008886452859865855,0.4893288235489035,0.0205,2000,0
olmo,OLMo-2-1124-13B,32,25,49,0.825,0.039285714285714285,0.7886960586773387,0.9243261736260601,-0.2509492645936527,0.32459376462459877,0.3875,2000,0
olmo,OLMo-2-1124-13B,32,26,49,0.825,0.18989795918367347,0.19124714270168827,0.5289814585365846,-0.07961480082307473,0.4525733636423312,0.082,2000,0
olmo,OLMo-2-1124-13B,32,27,49,0.825,0.2920408163265306,0.041736642563865896,0.367848375139157,0.037798752028935415,0.5195047784535187,0.0105,2000,1
olmo,OLMo-2-1124-13B,32,28,49,0.825,0.022551020408163265,0.8777662570438195,0.9546865319222655,-0.24844276184099404,0.3119783919232061,0.442,2000,0
olmo,OLMo-2-1124-13B,32,29,49,0.825,0.1579591836734694,0.2783679371616918,0.6159630949960839,-0.1273548077692233,0.43669615218457175,0.153,2000,0
olmo,OLMo-2-1124-13B,32,30,49,0.825,-0.2103061224489796,0.14694241376841274,0.4866882494240422,-0.47777810154649597,0.08803401210840624,0.919,2000,0
olmo,OLMo-2-1124-13B,32,31,49,0.825,-0.03183673469387755,0.8280844343418956,0.9365487156526568,-0.309394466530335,0.245558655260138,0.58,2000,0
olmo,OLMo-2-1124-13B,32,32,49,0.825,-0.015102040816326531,0.917970076259211,0.9741723258261016,-0.29331289817683154,0.25263760604661434,0.5275,2000,0
olmo,OLMo-2-1124-13B,32,33,49,0.825,-0.08785714285714286,0.5483154918435386,0.8361409259784166,-0.3642543828933133,0.20333000951939123,0.727,2000,0
olmo,OLMo-2-1124-13B,32,34,49,0.825,-0.16683673469387755,0.2518941639511413,0.5809342907294239,-0.43819790871529357,0.1073325035682003,0.873,2000,0
olmo,OLMo-2-1124-13B,32,35,49,0.825,-0.017346938775510204,0.9058278290395934,0.9711968476300794,-0.32319154177008924,0.2768379700420292,0.529,2000,5
olmo,OLMo-2-1124-13B,32,36,49,0.825,0.08448979591836735,0.563808191002157,0.8414302068192802,-0.18953545022941098,0.36425478507337833,0.297,2000,0
olmo,OLMo-2-1124-13B,32,37,49,0.825,0.045816326530612246,0.7545852142562347,0.9104044348335083,-0.241126559663198,0.3442815968164817,0.376,2000,1
olmo,OLMo-2-1124-13B,32,38,49,0.825,-0.24918367346938775,0.08423798211640295,0.4515377185216691,-0.5186189776410981,0.055801794162505004,0.952,2000,3
olmo,OLMo-2-1124-13B,32,39,49,0.825,-0.20530612244897958,0.1570190375316919,0.4917330642305961,-0.4761588398319175,0.10024550536453182,0.909,2000,0
olmo,OLMo-2-1124-13B,33,0,49,0.85,-0.3628571428571429,0.010394597912024914,0.20364210795717197,-0.6206731330542331,-0.05801298435742799,0.989,2000,0
olmo,OLMo-2-1124-13B,33,1,49,0.85,-0.12204081632653062,0.4035144050331122,0.7332611688129052,-0.41355488301069604,0.1767023172631851,0.775,2000,0
olmo,OLMo-2-1124-13B,33,2,49,0.85,-0.007959183673469388,0.9567146124481464,0.9784216015175777,-0.2623157919661658,0.24867131695526778,0.511,2000,0
olmo,OLMo-2-1124-13B,33,3,49,0.85,-0.24755102040816326,0.08635833480268677,0.4515377185216691,-0.48872035581163437,0.029615640828839114,0.9585,2000,1
olmo,OLMo-2-1124-13B,33,4,49,0.85,0.23744897959183672,0.1004193069313523,0.4577867874482504,-0.061015322111268144,0.4888114486308276,0.0545,2000,3
olmo,OLMo-2-1124-13B,33,5,49,0.85,-0.22306122448979593,0.12341345435432291,0.465655992142592,-0.4975778129820087,0.0919373816954008,0.9205,2000,1
olmo,OLMo-2-1124-13B,33,6,49,0.85,0.09755102040816327,0.5048857288313379,0.8128191300071074,-0.18739321822988034,0.3830753907166748,0.256,2000,0
olmo,OLMo-2-1124-13B,33,7,49,0.85,0.2596938775510204,0.07154779977321613,0.4450591797488488,-0.04633572498084604,0.5328499843321487,0.0495,2000,0
olmo,OLMo-2-1124-13B,33,8,49,0.85,-0.047857142857142855,0.7440165386859268,0.9050356634860227,-0.35008080682864356,0.24912776415120103,0.6345,2000,0
olmo,OLMo-2-1124-13B,33,9,49,0.85,-0.23214285714285715,0.10848001855315742,0.465655992142592,-0.48986119774922143,0.06288025112107712,0.9315,2000,2
olmo,OLMo-2-1124-13B,33,10,49,0.85,-0.2313265306122449,0.10976288878440361,0.465655992142592,-0.4909956273453719,0.04619123649327449,0.947,2000,49
olmo,OLMo-2-1124-13B,33,11,49,0.85,-0.12948979591836735,0.3752024806976558,0.7146713918050587,-0.413137381184936,0.17370699330585385,0.8035,2000,0
olmo,OLMo-2-1124-13B,33,12,49,0.85,-0.1826530612244898,0.20905665081751335,0.5394989951496818,-0.4503976676518169,0.0885823611778493,0.8965,2000,0
olmo,OLMo-2-1124-13B,33,13,49,0.85,-0.21142857142857144,0.14474761419103335,0.4866882494240422,-0.47870295765583787,0.0666509676266817,0.928,2000,28
olmo,OLMo-2-1124-13B,33,14,49,0.85,-0.07224489795918368,0.6217973961299195,0.8834631049354066,-0.3469740989141883,0.21660902615717142,0.6795,2000,13
olmo,OLMo-2-1124-13B,33,15,49,0.85,-0.16510204081632654,0.2569286845530183,0.5885591011787203,-0.4379112701981391,0.10618579007891618,0.8725,2000,1
olmo,OLMo-2-1124-13B,33,16,49,0.85,-0.24571428571428572,0.08879333939009226,0.4515377185216691,-0.5102862603119644,0.06498120242019444,0.943,2000,0
olmo,OLMo-2-1124-13B,33,17,49,0.85,-0.06479591836734694,0.6582520861839257,0.8834631049354066,-0.34117624864184554,0.21896317008931007,0.6705,2000,0
olmo,OLMo-2-1124-13B,33,18,49,0.85,-0.298265306122449,0.03737903460209103,0.3502711259344854,-0.5432034262236718,-0.02391654865394018,0.982,2000,0
olmo,OLMo-2-1124-13B,33,19,49,0.85,-0.195,0.17937149300229632,0.5210791975485703,-0.4673717294159971,0.12019190511009746,0.8945,2000,0
olmo,OLMo-2-1124-13B,33,20,49,0.85,-0.22244897959183674,0.12447342866888518,0.465655992142592,-0.4588365186026859,0.04938458089772876,0.943,2000,0
olmo,OLMo-2-1124-13B,33,21,49,0.85,-0.2956122448979592,0.03918820796437682,0.357506458622385,-0.5342497302748938,-0.03388266913399463,0.9845,2000,0
olmo,OLMo-2-1124-13B,33,22,49,0.85,0.13785714285714284,0.344858666038927,0.6767037975103474,-0.15594269378812395,0.42918675519887484,0.19,2000,2
olmo,OLMo-2-1124-13B,33,23,49,0.85,-0.12122448979591836,0.40669052138315914,0.7343023302751485,-0.41767797518223937,0.2160722380404526,0.766,2000,6
olmo,OLMo-2-1124-13B,33,24,49,0.85,-0.03918367346938775,0.7892323482499436,0.9243261736260601,-0.32901514929709097,0.27644503781077245,0.596,2000,0
olmo,OLMo-2-1124-13B,33,25,49,0.85,-0.24459183673469387,0.09030754370433382,0.4515377185216691,-0.5056621849868224,0.04041704670449682,0.955,2000,0
olmo,OLMo-2-1124-13B,33,26,49,0.85,0.0623469387755102,0.6704164629369875,0.8834631049354066,-0.2399191753940753,0.3483855417269724,0.3395,2000,0
olmo,OLMo-2-1124-13B,33,27,49,0.85,0.03479591836734694,0.8123810990956041,0.9365487156526568,-0.23856898076357388,0.3311204691841867,0.411,2000,0
olmo,OLMo-2-1124-13B,33,28,49,0.85,-0.3893877551020408,0.005684913626700442,0.15558710978338053,-0.6297600541583749,-0.09850652407649231,0.996,2000,2
olmo,OLMo-2-1124-13B,33,29,49,0.85,-0.2804081632653061,0.05099347881764368,0.4079478305411494,-0.5291812883121645,0.022335742156160538,0.9665,2000,0
olmo,OLMo-2-1124-13B,33,30,49,0.85,-0.21693877551020407,0.13432451786604416,0.4719510087185335,-0.5134044323372919,0.09837911591631446,0.904,2000,0
olmo,OLMo-2-1124-13B,33,31,49,0.85,-0.3541836734693877,0.01253182202813366,0.20364210795717197,-0.5869066691562433,-0.080945149054121,0.9955,2000,12
olmo,OLMo-2-1124-13B,33,32,49,0.85,-0.32326530612244897,0.023472753009546377,0.27740526284009354,-0.586221119395419,-0.03973109889710804,0.986,2000,0
olmo,OLMo-2-1124-13B,33,33,49,0.85,-0.2033673469387755,0.1610596512057048,0.4917330642305961,-0.4696697192375135,0.08330264464259388,0.922,2000,0
olmo,OLMo-2-1124-13B,33,34,49,0.85,-0.06887755102040816,0.6381725856255247,0.8834631049354066,-0.3554983357790318,0.2265140249322923,0.681,2000,0
olmo,OLMo-2-1124-13B,33,35,49,0.85,0.05163265306122449,0.7245882767814482,0.9014016840343375,-0.22711203276468678,0.32405205842810636,0.3605,2000,0
olmo,OLMo-2-1124-13B,33,36,49,0.85,0.20316326530612244,0.1614893590908025,0.4917330642305961,-0.06103172563727619,0.44674841146198496,0.07,2000,0
olmo,OLMo-2-1124-13B,33,37,49,0.85,-0.2621428571428571,0.06882063401329892,0.4450591797488488,-0.5219354347389912,0.048481023929732595,0.953,2000,8
olmo,OLMo-2-1124-13B,33,38,49,0.85,-0.10316326530612245,0.48057003325646075,0.7908114471308848,-0.3750515930806455,0.19587173965461296,0.745,2000,12
olmo,OLMo-2-1124-13B,33,39,49,0.85,0.1103061224489796,0.4505390433337873,0.766727266330952,-0.19303608122255886,0.3977209012686736,0.231,2000,10
olmo,OLMo-2-1124-13B,34,0,49,0.875,-0.2562244897959184,0.07555717189564126,0.4450591797488488,-0.5284185903488018,0.055577975850364676,0.9435,2000,20
olmo,OLMo-2-1124-13B,34,1,49,0.875,0.145,0.32019189986074575,0.6607134441570944,-0.11602407711814702,0.38014954048862476,0.132,2000,0
olmo,OLMo-2-1124-13B,34,2,49,0.875,-0.035816326530612244,0.8069827115219305,0.9345902226980042,-0.31148247073790153,0.24600637836447406,0.592,2000,2
olmo,OLMo-2-1124-13B,34,3,49,0.875,0.2652040816326531,0.06552861727263054,0.4450591797488488,-0.012040104329777927,0.5117192824330046,0.0295,2000,0
olmo,OLMo-2-1124-13B,34,4,49,0.875,0.29346938775510206,0.04070144453219708,0.36490950270245653,0.03410756804362332,0.5076527860896382,0.0145,2000,0
olmo,OLMo-2-1124-13B,34,5,49,0.875,0.24081632653061225,0.09554868377933445,0.4572114892085928,-0.046034607553541676,0.5004722385348309,0.0545,2000,0
olmo,OLMo-2-1124-13B,34,6,49,0.875,-0.12653061224489795,0.3863044150387233,0.7251924036828019,-0.37154009663731546,0.15775752921976202,0.8105,2000,6
olmo,OLMo-2-1124-13B,34,7,49,0.875,-0.013469387755102041,0.9268126039755518,0.974595377558445,-0.32906382073922924,0.2942706427133409,0.5265,2000,0
olmo,OLMo-2-1124-13B,34,8,49,0.875,-0.06806122448979592,0.6421685803669203,0.8834631049354066,-0.34411129353098824,0.2236414903171343,0.674,2000,0
olmo,OLMo-2-1124-13B,34,9,49,0.875,-0.29775510204081634,0.03772150586986765,0.3502711259344854,-0.5837998933320523,-0.00045231911602569374,0.975,2000,18
olmo,OLMo-2-1124-13B,34,10,49,0.875,0.03306122448979592,0.8215780641261025,0.9365487156526568,-0.27251811809746357,0.3388851147441001,0.4255,2000,0
olmo,OLMo-2-1124-13B,34,11,49,0.875,-0.2170408163265306,0.1341369423758699,0.4719510087185335,-0.45595895667777714,0.04802343306896465,0.942,2000,0
olmo,OLMo-2-1124-13B,34,12,49,0.875,0.16724489795918368,0.25071931299150235,0.5809342907294239,-0.12136026813548446,0.43264179867143565,0.129,2000,0
olmo,OLMo-2-1124-13B,34,13,49,0.875,0.22122448979591836,0.12661397019501036,0.4669451383078396,-0.06998076757183315,0.5015599275568677,0.07,2000,0
olmo,OLMo-2-1124-13B,34,14,49,0.875,0.26479591836734695,0.06596015153667485,0.4450591797488488,0.0017330035361759863,0.4918689010371429,0.0235,2000,1
olmo,OLMo-2-1124-13B,34,15,49,0.875,-0.022448979591836733,0.8783151717489361,0.9546865319222655,-0.3276379775600658,0.28711736356227446,0.5425,2000,0
olmo,OLMo-2-1124-13B,34,16,49,0.875,0.11642857142857142,0.42563956845032347,0.743439602636306,-0.15187263573382656,0.37393884643387265,0.19,2000,0
olmo,OLMo-2-1124-13B,34,17,49,0.875,-0.21091836734693878,0.14574221782681301,0.4866882494240422,-0.4724753951311669,0.07738211374470863,0.9205,2000,0
olmo,OLMo-2-1124-13B,34,18,49,0.875,-0.4138775510204082,0.003114945638375222,0.13949268954528993,-0.6105432069544261,-0.16496055564106696,0.9995,2000,0
olmo,OLMo-2-1124-13B,34,19,49,0.875,0.035408163265306124,0.8091410140594453,0.9350073940242478,-0.25232348901821966,0.3277660862161087,0.3985,2000,0
olmo,OLMo-2-1124-13B,34,20,49,0.875,-0.061122448979591834,0.6765303967871885,0.8834736941584709,-0.34885862311557203,0.2488344398936203,0.6645,2000,0
olmo,OLMo-2-1124-13B,34,21,49,0.875,-0.020714285714285713,0.8876551780906027,0.9616264429314861,-0.2856240380189921,0.2519754703485845,0.572,2000,22
olmo,OLMo-2-1124-13B,34,22,49,0.875,-0.09244897959183673,0.5275228250305665,0.8320608744070103,-0.3927234138086058,0.22763431142463983,0.701,2000,0
olmo,OLMo-2-1124-13B,34,23,49,0.875,-0.06061224489795918,0.6790839996635445,0.8834736941584709,-0.3181541892114438,0.22248859236162058,0.6535,2000,0
olmo,OLMo-2-1124-13B,34,24,49,0.875,-0.10183673469387755,0.486261042926484,0.7926512298488141,-0.4163837280101084,0.2071602487359517,0.7325,2000,0
olmo,OLMo-2-1124-13B,34,25,49,0.875,0.3355102040816327,0.018437926397873665,0.25230846649721855,0.055808525793660364,0.5755501705257549,0.01,2000,10
olmo,OLMo-2-1124-13B,34,26,49,0.875,-0.12683673469387755,0.3851470248336977,0.7251924036828019,-0.40717895709913005,0.18747294487382263,0.809,2000,0
olmo,OLMo-2-1124-13B,34,27,49,0.875,0.24581632653061225,0.08865667208865652,0.4515377185216691,-0.024288207449564295,0.5101553190116108,0.04,2000,0
olmo,OLMo-2-1124-13B,34,28,49,0.875,0.009489795918367346,0.9484008318941589,0.9774885304380921,-0.2833980764123589,0.30842983587895806,0.471,2000,1
olmo,OLMo-2-1124-13B,34,29,49,0.875,0.22438775510204081,0.12114025328853345,0.465655992142592,-0.06118241545545257,0.4917612628778529,0.0655,2000,0
olmo,OLMo-2-1124-13B,34,30,49,0.875,-0.036224489795918365,0.8048258301805058,0.9345902226980042,-0.35172659861439554,0.27040971610592374,0.582,2000,0
olmo,OLMo-2-1124-13B,34,31,49,0.875,-0.0810204081632653,0.579980600025237,0.8424299218243666,-0.36289911636458905,0.20041147752839691,0.699,2000,0
olmo,OLMo-2-1124-13B,34,32,49,0.875,0.1436734693877551,0.32468630895739464,0.6668469669949532,-0.13121931202248754,0.40652079921197853,0.163,2000,0
olmo,OLMo-2-1124-13B,34,33,49,0.875,-0.24061224489795918,0.09583856216103195,0.4572114892085928,-0.47080072047357047,0.025769898927884814,0.964,2000,1
olmo,OLMo-2-1124-13B,34,34,49,0.875,0.05877551020408163,0.6883063408982266,0.8903465106146216,-0.22633484958890032,0.3411956256513658,0.36,2000,0
olmo,OLMo-2-1124-13B,34,35,49,0.875,-0.3563265306122449,0.01197155338422929,0.20364210795717197,-0.5999718833551625,-0.06310494630023264,0.993,2000,1
olmo,OLMo-2-1124-13B,34,36,49,0.875,0.11775510204081632,0.42034908920660846,0.743439602636306,-0.1559176609760135,0.39078119639696757,0.222,2000,0
olmo,OLMo-2-1124-13B,34,37,49,0.875,-0.17326530612244898,0.23381960676200061,0.5597384326637149,-0.4191977202624633,0.09189486194047886,0.899,2000,0
olmo,OLMo-2-1124-13B,34,38,49,0.875,-0.05530612244897959,0.7058483020226826,0.8921849704997702,-0.33764684353479885,0.23109110440431718,0.636,2000,0
olmo,OLMo-2-1124-13B,34,39,49,0.875,-0.002346938775510204,0.9872308229962642,0.9963096762010106,-0.2777611099402298,0.2933735476393557,0.494,2000,0
olmo,OLMo-2-1124-13B,35,0,49,0.9,0.45887755102040817,0.0009123330348233597,0.09227783721078606,0.17787691534170572,0.6950169878038139,0.002,2000,0
olmo,OLMo-2-1124-13B,35,1,49,0.9,-0.37714285714285717,0.007556185401723996,0.17860074585893082,-0.620056907298147,-0.06930285699296856,0.991,2000,21
olmo,OLMo-2-1124-13B,35,2,49,0.9,-0.008979591836734694,0.9511715315416819,0.9774885304380921,-0.28697005612960186,0.2970212977988351,0.524,2000,0
olmo,OLMo-2-1124-13B,35,3,49,0.9,-0.09520408163265306,0.5152368867856694,0.8269233985449015,-0.3915106831330483,0.20783923182163813,0.7325,2000,0
olmo,OLMo-2-1124-13B,35,4,49,0.9,-0.14959183673469387,0.30493996314896943,0.6520075292196424,-0.44040198386064894,0.16143638780936767,0.814,2000,6
olmo,OLMo-2-1124-13B,35,5,49,0.9,-0.04979591836734694,0.7340192968775058,0.9050356634860227,-0.2935781024591046,0.2256169002542864,0.647,2000,0
olmo,OLMo-2-1124-13B,35,6,49,0.9,0.13938775510204082,0.33947667443075213,0.6767037975103474,-0.10316306074259707,0.36988096959192107,0.1275,2000,0
olmo,OLMo-2-1124-13B,35,7,49,0.9,-0.04255102040816326,0.7715872231726943,0.9160396256844773,-0.33504869702649537,0.24128286942443472,0.6075,2000,0
olmo,OLMo-2-1124-13B,35,8,49,0.9,0.05826530612244898,0.6908761515175967,0.8903804384574607,-0.2273851349201636,0.32274693658336684,0.3435,2000,0
olmo,OLMo-2-1124-13B,35,9,49,0.9,-0.06051020408163265,0.6795951493526698,0.8834736941584709,-0.3589713002126334,0.2437581701240068,0.6645,2000,1
olmo,OLMo-2-1124-13B,35,10,49,0.9,0.23255102040816328,0.10784290376118498,0.465655992142592,-0.08453265891801211,0.5324305261282493,0.073,2000,1
olmo,OLMo-2-1124-13B,35,11,49,0.9,-0.08704081632653062,0.552052539610636,0.8393781304021366,-0.3517617878694896,0.20714053091055026,0.721,2000,0
olmo,OLMo-2-1124-13B,35,12,49,0.9,-0.0826530612244898,0.572343855135579,0.8414302068192802,-0.37014951812249136,0.21018837575277932,0.7055,2000,0
olmo,OLMo-2-1124-13B,35,13,49,0.9,-0.08397959183673469,0.5661732463383644,0.8414302068192802,-0.3659550277873548,0.1965415252877476,0.7205,2000,0
olmo,OLMo-2-1124-13B,35,14,49,0.9,-0.08857142857142856,0.5450555269954271,0.8361409259784166,-0.36077304692417345,0.1852525840226473,0.73,2000,0
olmo,OLMo-2-1124-13B,35,15,49,0.9,-0.0646938775510204,0.6587572185708336,0.8834631049354066,-0.31372412167037866,0.21719544326930704,0.6815,2000,0
olmo,OLMo-2-1124-13B,35,16,49,0.9,-0.28591836734693876,0.04642028632347301,0.3957139162000978,-0.5334289550628677,0.010029250749345344,0.97,2000,7
olmo,OLMo-2-1124-13B,35,17,49,0.9,-0.11938775510204082,0.4138893322342074,0.7395960576006455,-0.38834019085146043,0.1598693130005427,0.784,2000,0
olmo,OLMo-2-1124-13B,35,18,49,0.9,0.40091836734693875,0.004306313129167616,0.13949268954528993,0.10975349046226515,0.6371796965225133,0.0025,2000,0
olmo,OLMo-2-1124-13B,35,19,49,0.9,-0.261734693877551,0.06926933135362767,0.4450591797488488,-0.5094450178332038,0.007639258059299097,0.9705,2000,0
olmo,OLMo-2-1124-13B,35,20,49,0.9,-0.1407142857142857,0.33485469449671834,0.6767037975103474,-0.39586480191832596,0.14664331070051614,0.8315,2000,0
olmo,OLMo-2-1124-13B,35,21,49,0.9,0.1792857142857143,0.21771816324705548,0.5482634011612971,-0.1543303492570621,0.4487596229889374,0.1465,2000,0
olmo,OLMo-2-1124-13B,35,22,49,0.9,-0.044081632653061226,0.7636037705935482,0.9126221188800097,-0.309764986994002,0.2293370801039903,0.632,2000,0
olmo,OLMo-2-1124-13B,35,23,49,0.9,0.14520408163265305,0.31950396303579914,0.6607134441570944,-0.1516730348664296,0.4223950706481981,0.171,2000,0
olmo,OLMo-2-1124-13B,35,24,49,0.9,-0.0760204081632653,0.6036507531548111,0.8695246305831074,-0.34035123660444677,0.21468375363603678,0.692,2000,0
olmo,OLMo-2-1124-13B,35,25,49,0.9,-0.18122448979591838,0.21270124855749287,0.5421796531857661,-0.4182768009508605,0.08365014072801057,0.9175,2000,0
olmo,OLMo-2-1124-13B,35,26,49,0.9,0.22275510204081633,0.12394258590760121,0.465655992142592,-0.06773138447385905,0.4904238142626047,0.0705,2000,0
olmo,OLMo-2-1124-13B,35,27,49,0.9,0.08530612244897959,0.5600337122402496,0.8414302068192802,-0.22560783699741072,0.37763812174496414,0.295,2000,0
olmo,OLMo-2-1124-13B,35,28,49,0.9,-0.06857142857142857,0.639669899817597,0.8834631049354066,-0.32103747431529683,0.20227179161598655,0.6865,2000,0
olmo,OLMo-2-1124-13B,35,29,49,0.9,0.15448979591836734,0.2891944100229647,0.6292095950290445,-0.12275499926308196,0.4017631092466848,0.1335,2000,0
olmo,OLMo-2-1124-13B,35,30,49,0.9,-0.0663265306122449,0.6506933174468358,0.8834631049354066,-0.3523568586522974,0.23510852440019642,0.6795,2000,0
olmo,OLMo-2-1124-13B,35,31,49,0.9,0.04938775510204082,0.7361204196564204,0.9050356634860227,-0.23053462060953941,0.3087636161747557,0.348,2000,0
olmo,OLMo-2-1124-13B,35,32,49,0.9,-0.1520408163265306,0.29699967267833244,0.6408291692644517,-0.39097235061702423,0.11572549531923575,0.8665,2000,0
olmo,OLMo-2-1124-13B,35,33,49,0.9,-0.3264285714285714,0.022072744647611713,0.27740526284009354,-0.583132821521668,-0.039883618926147085,0.9865,2000,31
olmo,OLMo-2-1124-13B,35,34,49,0.9,-0.047448979591836735,0.7461266147015474,0.9050356634860227,-0.305911516824988,0.22439992396031228,0.621,2000,3
olmo,OLMo-2-1124-13B,35,35,49,0.9,-0.015102040816326531,0.917970076259211,0.9741723258261016,-0.30971716443797526,0.2985451593786393,0.54,2000,0
olmo,OLMo-2-1124-13B,35,36,49,0.9,-0.03775510204081633,0.7967504432632979,0.9295736369281459,-0.3195484001798641,0.26778089045856346,0.6,2000,0
olmo,OLMo-2-1124-13B,35,37,49,0.9,-0.020102040816326532,0.8909553251996811,0.9629775223662486,-0.3304505248977466,0.29307500293135935,0.5625,2000,2
olmo,OLMo-2-1124-13B,35,38,49,0.9,0.17295918367346938,0.23465957369363433,0.5597384326637149,-0.107935692668601,0.42370442635713895,0.1115,2000,0
olmo,OLMo-2-1124-13B,35,39,49,0.9,0.08306122448979592,0.570441917094713,0.8414302068192802,-0.2071762691637464,0.3635776118558865,0.284,2000,0
olmo,OLMo-2-1124-13B,36,0,49,0.925,-0.06724489795918367,0.6461746250180176,0.8834631049354066,-0.3280428582287549,0.20552461038312916,0.706,2000,0
olmo,OLMo-2-1124-13B,36,1,49,0.925,0.35459183673469385,0.012423405299354704,0.20364210795717197,0.10884426903915428,0.5665359777525185,0.004,2000,1
olmo,OLMo-2-1124-13B,36,2,49,0.925,0.06224489795918367,0.6709251581924506,0.8834631049354066,-0.23757790947174826,0.3409496682421457,0.34,2000,1
olmo,OLMo-2-1124-13B,36,3,49,0.925,-0.2257142857142857,0.11889888987736241,0.465655992142592,-0.4497154810380149,0.016634978558215385,0.9645,2000,0
olmo,OLMo-2-1124-13B,36,4,49,0.925,0.2633673469387755,0.06748839376257744,0.4450591797488488,0.003413143175112736,0.5028921214380494,0.0245,2000,0
olmo,OLMo-2-1124-13B,36,5,49,0.925,-0.2007142857142857,0.1667113484908256,0.5040110535769147,-0.45816437001494464,0.08663055143864667,0.9065,2000,0
olmo,OLMo-2-1124-13B,36,6,49,0.925,-0.20795918367346938,0.1516109556429563,0.49033863970834074,-0.4681267676359652,0.07746037985469939,0.9285,2000,0
olmo,OLMo-2-1124-13B,36,7,49,0.925,-0.013469387755102041,0.9268126039755518,0.974595377558445,-0.2740860317161472,0.2531209300936471,0.542,2000,0
olmo,OLMo-2-1124-13B,36,8,49,0.925,0.305,0.03309345805977135,0.33805316843776034,0.04953291599207018,0.5140849731973829,0.01,2000,25
olmo,OLMo-2-1124-13B,36,9,49,0.925,0.04377551020408163,0.765198545830162,0.9126221188800097,-0.21516129274148615,0.2962192260896879,0.381,2000,0
olmo,OLMo-2-1124-13B,36,10,49,0.925,-0.1433673469387755,0.3257290954167656,0.6668469669949532,-0.40351692817213397,0.11968714348463495,0.8535,2000,0
olmo,OLMo-2-1124-13B,36,11,49,0.925,-0.1296938775510204,0.37444393060923775,0.7146713918050587,-0.4216343805650984,0.18240792587340096,0.803,2000,1
olmo,OLMo-2-1124-13B,36,12,49,0.925,0.10316326530612245,0.48057003325646075,0.7908114471308848,-0.1934812102371887,0.37700638294139427,0.2575,2000,0
olmo,OLMo-2-1124-13B,36,13,49,0.925,0.17244897959183675,0.23606410928946575,0.5605175197740739,-0.12641976672892932,0.4282177373993597,0.125,2000,0
olmo,OLMo-2-1124-13B,36,14,49,0.925,0.044387755102040814,0.7620099653694556,0.9126221188800097,-0.2708117248249625,0.3407287099243968,0.38,2000,0
olmo,OLMo-2-1124-13B,36,15,49,0.925,0.06673469387755102,0.648683463406812,0.8834631049354066,-0.2171337969430324,0.3534448219505099,0.33,2000,1
olmo,OLMo-2-1124-13B,36,16,49,0.925,0.11551020408163265,0.42932413080119175,0.7441618267220658,-0.20728597263000204,0.40968778101654063,0.245,2000,1
olmo,OLMo-2-1124-13B,36,17,49,0.925,-0.18928571428571428,0.19270896491055645,0.5302045595422716,-0.4316893805341475,0.09528122314522149,0.9,2000,0
olmo,OLMo-2-1124-13B,36,18,49,0.925,-0.027653061224489794,0.8503982471906152,0.9448869413229058,-0.33480966308883847,0.2893244480362149,0.5425,2000,0
olmo,OLMo-2-1124-13B,36,19,49,0.925,0.17081632653061224,0.24059724305786037,0.5667824012059203,-0.1386230968361873,0.45111861153736055,0.1355,2000,4
olmo,OLMo-2-1124-13B,36,20,49,0.925,0.1769387755102041,0.22390066564483302,0.5564394795401221,-0.10292891789399418,0.4391882656121966,0.1155,2000,0
olmo,OLMo-2-1124-13B,36,21,49,0.925,0.25357142857142856,0.07874123949402709,0.4450591797488488,-0.034544424435996555,0.5029825243760082,0.046,2000,18
olmo,OLMo-2-1124-13B,36,22,49,0.925,0.025714285714285714,0.8607793522894795,0.9481157259660086,-0.24137719674429664,0.2741001753791331,0.4245,2000,0
olmo,OLMo-2-1124-13B,36,23,49,0.925,-0.35428571428571426,0.012504642146423531,0.20364210795717197,-0.6001880170248571,-0.08370598330579782,0.993,2000,1
olmo,OLMo-2-1124-13B,36,24,49,0.925,0.1233673469387755,0.39838398883102366,0.7320129830110682,-0.18030431653655887,0.40616586668549026,0.2205,2000,0
olmo,OLMo-2-1124-13B,36,25,49,0.925,-0.06448979591836734,0.6597679352787549,0.8834631049354066,-0.3466186047120921,0.2310335833383009,0.66,2000,0
olmo,OLMo-2-1124-13B,36,26,49,0.925,0.21346938775510205,0.14081948719613327,0.4817508772499296,-0.05610897489979377,0.46479362830692467,0.0695,2000,6
olmo,OLMo-2-1124-13B,36,27,49,0.925,-0.09408163265306123,0.520224854233986,0.8297987320384869,-0.3651966617233376,0.19919233826072774,0.7325,2000,0
olmo,OLMo-2-1124-13B,36,28,49,0.925,0.05510204081632653,0.7068850150882794,0.8921849704997702,-0.25436354998557903,0.36688806008276703,0.387,2000,0
olmo,OLMo-2-1124-13B,36,29,49,0.925,0.22020408163265306,0.12841883957542768,0.4683384138536565,-0.07543052787572181,0.46776994301064284,0.07,2000,0
olmo,OLMo-2-1124-13B,36,30,49,0.925,-0.09020408163265306,0.537639334232222,0.8320608744070103,-0.3613696537903639,0.18011491116368072,0.753,2000,0
olmo,OLMo-2-1124-13B,36,31,49,0.925,0.21989795918367347,0.12896405553871595,0.4683384138536565,-0.060107462216059004,0.45916636869796185,0.0625,2000,0
olmo,OLMo-2-1124-13B,36,32,49,0.925,-0.18846938775510205,0.19467039646691867,0.5319118979714025,-0.4648251483249528,0.08859026995120893,0.9045,2000,0
olmo,OLMo-2-1124-13B,36,33,49,0.925,0.0313265306122449,0.8307988211413224,0.9365487156526568,-0.2676202194748202,0.3001291179159717,0.4205,2000,0
olmo,OLMo-2-1124-13B,36,34,49,0.925,-0.17377551020408163,0.23242424873623382,0.5597384326637149,-0.4495183630823948,0.12720192311495152,0.8815,2000,0
olmo,OLMo-2-1124-13B,36,35,49,0.925,0.19081632653061226,0.1890692408173747,0.5285806732528755,-0.13584007302132053,0.47272417144122836,0.116,2000,5
olmo,OLMo-2-1124-13B,36,36,49,0.925,-0.04040816326530612,0.7828033193265788,0.9242956848950363,-0.3347188220377887,0.26976478010400906,0.6055,2000,0
olmo,OLMo-2-1124-13B,36,37,49,0.925,0.2571428571428571,0.07447899747443691,0.4450591797488488,-0.024024846448880838,0.5164739598109369,0.0375,2000,0
olmo,OLMo-2-1124-13B,36,38,49,0.925,0.19285714285714287,0.18429293183949355,0.5265512338271244,-0.1218982508813249,0.4858271443157495,0.1135,2000,0
olmo,OLMo-2-1124-13B,36,39,49,0.925,-0.3740816326530612,0.008100077021151416,0.18313217613037985,-0.5845187854336218,-0.10964240102171158,0.995,2000,1
olmo,OLMo-2-1124-13B,37,0,49,0.95,0.01979591836734694,0.8926060880394843,0.9629775223662486,-0.257137082459902,0.28132933589490466,0.461,2000,0
olmo,OLMo-2-1124-13B,37,1,49,0.95,0.001836734693877551,0.9900065710613214,0.9963096762010106,-0.31022905458876837,0.2981709114077159,0.485,2000,0
olmo,OLMo-2-1124-13B,37,2,49,0.95,-0.012142857142857143,0.9340036537475166,0.974595377558445,-0.2881574201067363,0.2604012462359131,0.565,2000,0
olmo,OLMo-2-1124-13B,37,3,49,0.95,-0.06551020408163265,0.6547203956727345,0.8834631049354066,-0.3358458475246349,0.21982136969570532,0.6775,2000,0
olmo,OLMo-2-1124-13B,37,4,49,0.95,-0.030408163265306123,0.8356896231977554,0.9365487156526568,-0.3297019199243521,0.2882629102659925,0.566,2000,12
olmo,OLMo-2-1124-13B,37,5,49,0.95,0.13826530612244897,0.3434183460332549,0.6767037975103474,-0.1258680631170132,0.3762685880729725,0.152,2000,0
olmo,OLMo-2-1124-13B,37,6,49,0.95,0.08540816326530612,0.5595627372313274,0.8414302068192802,-0.17361518257826788,0.34630827460283886,0.2745,2000,0
olmo,OLMo-2-1124-13B,37,7,49,0.95,0.11142857142857143,0.44591531469463824,0.766706606391194,-0.17642367616235186,0.3829737497141822,0.2145,2000,2
olmo,OLMo-2-1124-13B,37,8,49,0.95,0.2030612244897959,0.16170452689121526,0.4917330642305961,-0.11616827746389144,0.48106514101835646,0.098,2000,13
olmo,OLMo-2-1124-13B,37,9,49,0.95,0.08602040816326531,0.5567407990673926,0.8414302068192802,-0.213079721995329,0.38522453576976184,0.2945,2000,0
olmo,OLMo-2-1124-13B,37,10,49,0.95,-0.012346938775510205,0.932896984783266,0.974595377558445,-0.3132333428658941,0.2754332902750797,0.5105,2000,0
olmo,OLMo-2-1124-13B,37,11,49,0.95,0.2664285714285714,0.0642475141552795,0.4450591797488488,-0.026930721067162496,0.5032509623564295,0.034,2000,4
olmo,OLMo-2-1124-13B,37,12,49,0.95,-0.08275510204081632,0.5718680974695548,0.8414302068192802,-0.3559540710605512,0.18532906263617366,0.734,2000,7
olmo,OLMo-2-1124-13B,37,13,49,0.95,0.014591836734693877,0.9207323619506214,0.974595377558445,-0.26526596976066996,0.2731116974115803,0.4515,2000,0
olmo,OLMo-2-1124-13B,37,14,49,0.95,-0.09091836734693877,0.5344102456109827,0.8320608744070103,-0.3940986169695081,0.20437410098382697,0.721,2000,0
olmo,OLMo-2-1124-13B,37,15,49,0.95,0.30489795918367346,0.03315521459678034,0.33805316843776034,0.03530116056725869,0.5523205781929098,0.0165,2000,0
olmo,OLMo-2-1124-13B,37,16,49,0.95,0.11795918367346939,0.4195385003543142,0.743439602636306,-0.20566121466898304,0.4304523383593149,0.232,2000,0
olmo,OLMo-2-1124-13B,37,17,49,0.95,0.08061224489795918,0.5818969832704824,0.8428591401132336,-0.2052790562387605,0.35611343326407446,0.305,2000,0
olmo,OLMo-2-1124-13B,37,18,49,0.95,-0.052244897959183675,0.7214534894791504,0.9014016840343375,-0.35787913957475986,0.2526934445977561,0.638,2000,0
olmo,OLMo-2-1124-13B,37,19,49,0.95,-0.33010204081632655,0.020535773044124666,0.27381030725499556,-0.5719817551200346,-0.05533388143710816,0.991,2000,25
olmo,OLMo-2-1124-13B,37,20,49,0.95,-0.1903061224489796,0.19027699146478946,0.5289814585365846,-0.4601643709779334,0.08843351599621752,0.904,2000,0
olmo,OLMo-2-1124-13B,37,21,49,0.95,-0.24489795918367346,0.08989259929574267,0.4515377185216691,-0.4915400529480255,0.029343248534229954,0.954,2000,6
olmo,OLMo-2-1124-13B,37,22,49,0.95,0.19877551020408163,0.17093171140521105,0.5121713793157205,-0.10437011191610537,0.46932092816290577,0.1005,2000,0
olmo,OLMo-2-1124-13B,37,23,49,0.95,-0.05673469387755102,0.6986061901743154,0.8903804384574607,-0.35394840952679424,0.24752874858716437,0.6215,2000,11
olmo,OLMo-2-1124-13B,37,24,49,0.95,-0.015306122448979591,0.9168654283782078,0.9741723258261016,-0.31896316685425724,0.27927699091711067,0.5275,2000,0
olmo,OLMo-2-1124-13B,37,25,49,0.95,-0.19193877551020408,0.18643146112712275,0.5268715205766513,-0.458433731815504,0.1015560561695317,0.8995,2000,3
olmo,OLMo-2-1124-13B,37,26,49,0.95,0.03602040816326531,0.8059040922456016,0.9345902226980042,-0.2302314182445297,0.3178055790611852,0.4035,2000,15
olmo,OLMo-2-1124-13B,37,27,49,0.95,-0.049183673469387755,0.737171698743359,0.9050356634860227,-0.3413470002571967,0.2446767773302012,0.622,2000,5
olmo,OLMo-2-1124-13B,37,28,49,0.95,-0.20785714285714285,0.15181638652508242,0.49033863970834074,-0.5031167449296542,0.0984409033218632,0.9035,2000,0
olmo,OLMo-2-1124-13B,37,29,49,0.95,-0.14612244897959184,0.31641983771878335,0.6581532624550693,-0.4014739983398836,0.1442167300228755,0.841,2000,0
olmo,OLMo-2-1124-13B,37,30,49,0.95,0.2139795918367347,0.139849965142563,0.4816025289677666,-0.08095168462655875,0.4639088807227329,0.072,2000,0
olmo,OLMo-2-1124-13B,37,31,49,0.95,-0.03397959183673469,0.8167060434618673,0.9365487156526568,-0.3461828945596083,0.28444669533667605,0.5625,2000,0
olmo,OLMo-2-1124-13B,37,32,49,0.95,0.11959183673469388,0.41308588015401737,0.7395960576006455,-0.15154121944065307,0.39092466129378833,0.2245,2000,0
olmo,OLMo-2-1124-13B,37,33,49,0.95,-0.0070408163265306125,0.9617051251672682,0.9784216015175777,-0.2837690069325145,0.25731917085378236,0.5145,2000,0
olmo,OLMo-2-1124-13B,37,34,49,0.95,0.008979591836734694,0.9511715315416819,0.9774885304380921,-0.2877527819470098,0.3052111573612218,0.479,2000,0
olmo,OLMo-2-1124-13B,37,35,49,0.95,0.12071428571428572,0.4086829022702871,0.7353463985486135,-0.1610997346191834,0.39183588644513895,0.198,2000,0
olmo,OLMo-2-1124-13B,37,36,49,0.95,0.06642857142857143,0.6501906227566491,0.8834631049354066,-0.220192039772867,0.33691004772584465,0.332,2000,10
olmo,OLMo-2-1124-13B,37,37,49,0.95,-0.14642857142857144,0.31539601156596825,0.6581532624550693,-0.4179322486286343,0.13773210355633658,0.837,2000,0
olmo,OLMo-2-1124-13B,37,38,49,0.95,0.01846938775510204,0.8997645102954362,0.9686905700903247,-0.2585451688623504,0.3050222456105504,0.421,2000,13
olmo,OLMo-2-1124-13B,37,39,49,0.95,-0.3388775510204082,0.017225699142477423,0.2508846190451523,-0.5941224078645574,-0.054678382379456617,0.9875,2000,0
olmo,OLMo-2-1124-13B,38,0,49,0.975,0.18377551020408164,0.2062239166454558,0.5388765661087288,-0.10127200378997317,0.46649950857166417,0.108,2000,0
olmo,OLMo-2-1124-13B,38,1,49,0.975,-0.34714285714285714,0.014533606779515892,0.22901440985903831,-0.5956559481857437,-0.06016615340276489,0.991,2000,49
olmo,OLMo-2-1124-13B,38,2,49,0.975,-0.011224489795918367,0.9389851618399635,0.974595377558445,-0.33337931687163275,0.27968066329529984,0.5185,2000,0
olmo,OLMo-2-1124-13B,38,3,49,0.975,0.06816326530612245,0.6416685294430258,0.8834631049354066,-0.2353205565517744,0.36923714396147916,0.318,2000,0
olmo,OLMo-2-1124-13B,38,4,49,0.975,-0.24520408163265306,0.08947914138452034,0.4515377185216691,-0.5045514661554507,0.062228144788965635,0.9465,2000,3
olmo,OLMo-2-1124-13B,38,5,49,0.975,-0.4273469387755102,0.0021944667057929436,0.12679140966803673,-0.6369689186289613,-0.16807732734412173,0.9995,2000,49
olmo,OLMo-2-1124-13B,38,6,49,0.975,0.21948979591836734,0.12969371460562795,0.4683384138536565,-0.05697420839535075,0.45727141925491155,0.06,2000,3
olmo,OLMo-2-1124-13B,38,7,49,0.975,-0.29775510204081634,0.03772150586986765,0.3502711259344854,-0.4976819919661179,-0.05968408948210812,0.995,2000,0
olmo,OLMo-2-1124-13B,38,8,49,0.975,0.1339795918367347,0.3587270827147101,0.6934501227198857,-0.17879982873380734,0.4256702145286858,0.195,2000,0
olmo,OLMo-2-1124-13B,38,9,49,0.975,0.011428571428571429,0.9378779536523169,0.974595377558445,-0.27339568422082156,0.28586591335870853,0.4835,2000,36
olmo,OLMo-2-1124-13B,38,10,49,0.975,-0.025714285714285714,0.8607793522894795,0.9481157259660086,-0.3021843840114832,0.26543562973501417,0.555,2000,0
olmo,OLMo-2-1124-13B,38,11,49,0.975,0.075,0.6085325213738254,0.8717270278633312,-0.22735173216627444,0.36213982562961816,0.325,2000,8
olmo,OLMo-2-1124-13B,38,12,49,0.975,-0.0067346938775510205,0.9633689614942303,0.9784216015175777,-0.3074132953039647,0.3063881104206507,0.525,2000,0
olmo,OLMo-2-1124-13B,38,13,49,0.975,-0.032857142857142856,0.8226616471992378,0.9365487156526568,-0.32231323131361544,0.28468735361015,0.568,2000,0
olmo,OLMo-2-1124-13B,38,14,49,0.975,0.05704081632653061,0.6970577307773338,0.8903804384574607,-0.23394821429130475,0.33463906095443335,0.358,2000,0
olmo,OLMo-2-1124-13B,38,15,49,0.975,0.06153061224489796,0.6744901012679931,0.8834631049354066,-0.23931701469277117,0.3566131840174596,0.3425,2000,0
olmo,OLMo-2-1124-13B,38,16,49,0.975,0.28285714285714286,0.04891781550052438,0.40376609619480447,0.0003647286975775421,0.5180438792694704,0.025,2000,0
olmo,OLMo-2-1124-13B,38,17,49,0.975,-0.27918367346938777,0.0520577553855853,0.4101520121288539,-0.5237922708756186,-0.0005099165984406837,0.9765,2000,0
olmo,OLMo-2-1124-13B,38,18,49,0.975,0.125,0.39212211572351996,0.7266589091829532,-0.15271469573436752,0.3815478392224656,0.177,2000,0
olmo,OLMo-2-1124-13B,38,19,49,0.975,0.07081632653061225,0.6287229357703876,0.8834631049354066,-0.22404464294390755,0.3760917094349124,0.327,2000,0
olmo,OLMo-2-1124-13B,38,20,49,0.975,-0.18683673469387754,0.198635686350078,0.5324255510414462,-0.4582557196724728,0.11759126355403222,0.8935,2000,3
olmo,OLMo-2-1124-13B,38,21,49,0.975,0.20683673469387756,0.15388198751831608,0.49091186202162185,-0.06435364144201702,0.4475939043815968,0.061,2000,0
olmo,OLMo-2-1124-13B,38,22,49,0.975,0.1773469387755102,0.22281681510596207,0.5564394795401221,-0.1069542057052816,0.4374308843219019,0.1145,2000,2
olmo,OLMo-2-1124-13B,38,23,49,0.975,-0.11642857142857142,0.42563956845032347,0.743439602636306,-0.426939887714634,0.19626344231645293,0.773,2000,0
olmo,OLMo-2-1124-13B,38,24,49,0.975,-0.06377551020408163,0.6633101685654419,0.8834631049354066,-0.3270749254624525,0.23878657351905347,0.642,2000,0
olmo,OLMo-2-1124-13B,38,25,49,0.975,0.5519387755102041,3.938360106060084e-05,0.010239736275756217,0.30556485175164955,0.7382667248474691,0.0,2000,3
olmo,OLMo-2-1124-13B,38,26,49,0.975,-0.11693877551020408,0.42360033252212864,0.743439602636306,-0.405995928135923,0.18060830660008412,0.778,2000,31
olmo,OLMo-2-1124-13B,38,27,49,0.975,-0.2179591836734694,0.13245757407224198,0.4719510087185335,-0.5047373721651855,0.10431535323890334,0.925,2000,2
olmo,OLMo-2-1124-13B,38,28,49,0.975,0.15683673469387754,0.28184100462837086,0.6210056034184442,-0.13998126489157306,0.425302185097572,0.1505,2000,1
olmo,OLMo-2-1124-13B,38,29,49,0.975,0.12193877551020409,0.4039106316017066,0.7332611688129052,-0.18729141341623684,0.4251856327111448,0.223,2000,0
olmo,OLMo-2-1124-13B,38,30,49,0.975,0.31510204081632653,0.027433890180382087,0.30484439824402315,0.02337036962402952,0.5640732464909348,0.0185,2000,0
olmo,OLMo-2-1124-13B,38,31,49,0.975,0.013979591836734693,0.9240483239644027,0.974595377558445,-0.26216746562862553,0.29293626222137653,0.453,2000,0
olmo,OLMo-2-1124-13B,38,32,49,0.975,0.23316326530612244,0.10689261133844363,0.465655992142592,-0.03129851775608338,0.4702891799061867,0.04,2000,0
olmo,OLMo-2-1124-13B,38,33,49,0.975,-0.15897959183673468,0.27523516414987936,0.611633698110843,-0.41047932212306265,0.11863605278299247,0.8785,2000,0
olmo,OLMo-2-1124-13B,38,34,49,0.975,0.2280612244897959,0.11501064783158943,0.465655992142592,-0.06320234728003477,0.5098699639153245,0.0565,2000,0
olmo,OLMo-2-1124-13B,38,35,49,0.975,-0.22989795918367348,0.11203578619127669,0.465655992142592,-0.5061902688231683,0.07086171861616039,0.9315,2000,0
olmo,OLMo-2-1124-13B,38,36,49,0.975,-0.17438775510204083,0.2307573804506247,0.5597384326637149,-0.4291734144460049,0.11378876420707178,0.8805,2000,0
olmo,OLMo-2-1124-13B,38,37,49,0.975,0.1923469387755102,0.1854788236229162,0.5268715205766513,-0.07769864308695745,0.4371584804980699,0.083,2000,0
olmo,OLMo-2-1124-13B,38,38,49,0.975,0.2583673469387755,0.07306039276048505,0.4450591797488488,-0.029372365207488742,0.5142647254411742,0.04,2000,0
olmo,OLMo-2-1124-13B,38,39,49,0.975,-0.01806122448979592,0.9019687169134337,0.9690572991631933,-0.3007432709322763,0.28218155796360644,0.5605,2000,0
olmo,OLMo-2-1124-13B,39,0,49,1.0,0.18724489795918367,0.1976390494929822,0.5324255510414462,-0.13706984261233376,0.49353513253443254,0.1205,2000,0
olmo,OLMo-2-1124-13B,39,1,49,1.0,-0.30244897959183675,0.03466624149872448,0.3432794234304024,-0.5688223765187096,0.00020708502499839683,0.9745,2000,0
olmo,OLMo-2-1124-13B,39,2,49,1.0,0.12448979591836734,0.3940727161338323,0.7266589091829532,-0.18111631521974564,0.43957212914420896,0.222,2000,0
olmo,OLMo-2-1124-13B,39,3,49,1.0,0.08112244897959184,0.5795019520163154,0.8424299218243666,-0.21435331362039997,0.3637380697277437,0.3015,2000,0
olmo,OLMo-2-1124-13B,39,4,49,1.0,0.0027551020408163266,0.985010330670415,0.9963096762010106,-0.26732813683976714,0.2609532956572755,0.489,2000,0
olmo,OLMo-2-1124-13B,39,5,49,1.0,0.33846938775510205,0.017368935164664392,0.2508846190451523,0.07027958772379952,0.5683859092019812,0.007,2000,0
olmo,OLMo-2-1124-13B,39,6,49,1.0,-0.10908163265306123,0.4556129332620465,0.766727266330952,-0.39142372067191156,0.16769405184098712,0.7905,2000,38
olmo,OLMo-2-1124-13B,39,7,49,1.0,0.1492857142857143,0.30594199447998605,0.6520075292196424,-0.15704403691284344,0.4281053354797261,0.1525,2000,0
olmo,OLMo-2-1124-13B,39,8,49,1.0,0.06193877551020408,0.6724521190466312,0.8834631049354066,-0.2209858183979744,0.31999871494224674,0.359,2000,4
olmo,OLMo-2-1124-13B,39,9,49,1.0,0.40183673469387754,0.004210343247090145,0.13949268954528993,0.13832993112089254,0.6247672930103557,0.0015,2000,2
olmo,OLMo-2-1124-13B,39,10,49,1.0,0.4027551020408163,0.0041162552844356635,0.13949268954528993,0.11059009069327787,0.6222582316043931,0.0035,2000,1
olmo,OLMo-2-1124-13B,39,11,49,1.0,-0.06887755102040816,0.6381725856255247,0.8834631049354066,-0.3311314224502159,0.2041627064038238,0.686,2000,0
olmo,OLMo-2-1124-13B,39,12,49,1.0,0.1380612244897959,0.344138040616148,0.6767037975103474,-0.14865047200489728,0.3987003140309597,0.1775,2000,0
olmo,OLMo-2-1124-13B,39,13,49,1.0,-0.0313265306122449,0.8307988211413224,0.9365487156526568,-0.2926946748339099,0.23626999376355678,0.5695,2000,0
olmo,OLMo-2-1124-13B,39,14,49,1.0,-0.007142857142857143,0.9611505485740951,0.9784216015175777,-0.27766853319478996,0.2678641282864111,0.5185,2000,0
olmo,OLMo-2-1124-13B,39,15,49,1.0,-0.25418367346938775,0.07799723995197937,0.4450591797488488,-0.5191498346780977,0.03989935986215129,0.956,2000,1
olmo,OLMo-2-1124-13B,39,16,49,1.0,0.13826530612244897,0.3434183460332549,0.6767037975103474,-0.16812691437988037,0.44668460750877914,0.192,2000,0
olmo,OLMo-2-1124-13B,39,17,49,1.0,-0.03163265306122449,0.8291699525235989,0.9365487156526568,-0.32708077709739547,0.2795660174819813,0.566,2000,0
olmo,OLMo-2-1124-13B,39,18,49,1.0,-0.2590816326530612,0.07224280477112655,0.4450591797488488,-0.495936751449805,0.020952422143674727,0.965,2000,0
olmo,OLMo-2-1124-13B,39,19,49,1.0,0.23938775510204083,0.09759216043709293,0.4577867874482504,-0.07389465908357513,0.511607633044327,0.0695,2000,0
olmo,OLMo-2-1124-13B,39,20,49,1.0,0.1929591836734694,0.1840564067390535,0.5265512338271244,-0.10882765016844477,0.4404664588974607,0.096,2000,0
olmo,OLMo-2-1124-13B,39,21,49,1.0,0.283265306122449,0.048578638781284725,0.40376609619480447,-0.013620803612676114,0.5478097498650659,0.0325,2000,1
olmo,OLMo-2-1124-13B,39,22,49,1.0,-0.04836734693877551,0.7413815584513683,0.9050356634860227,-0.3280993208875218,0.21592869683290747,0.6195,2000,0
olmo,OLMo-2-1124-13B,39,23,49,1.0,0.044387755102040814,0.7620099653694556,0.9126221188800097,-0.2586680996167643,0.3545207714714946,0.4035,2000,0
olmo,OLMo-2-1124-13B,39,24,49,1.0,0.21408163265306124,0.13965665859004664,0.4816025289677666,-0.08900358062854508,0.491855721048732,0.0815,2000,0
olmo,OLMo-2-1124-13B,39,25,49,1.0,-0.19377551020408162,0.182172032189966,0.5262747596599018,-0.483937572722551,0.12322084878531243,0.89,2000,7
olmo,OLMo-2-1124-13B,39,26,49,1.0,-0.06224489795918367,0.6709251581924506,0.8834631049354066,-0.35662637970289107,0.24510961049123867,0.6485,2000,0
olmo,OLMo-2-1124-13B,39,27,49,1.0,0.16438775510204082,0.25902123096709906,0.589532841973629,-0.15159623054245772,0.4641179987361725,0.16,2000,7
olmo,OLMo-2-1124-13B,39,28,49,1.0,-0.20979591836734693,0.14794815102753522,0.486917965407078,-0.46272821844965567,0.0804046509185487,0.929,2000,0
olmo,OLMo-2-1124-13B,39,29,49,1.0,-0.0636734693877551,0.6638167992577911,0.8834631049354066,-0.34680554005845987,0.2296056895605512,0.6555,2000,0
olmo,OLMo-2-1124-13B,39,30,49,1.0,0.08816326530612245,0.5469172234642288,0.8361409259784166,-0.21526229675835976,0.3646823591582413,0.281,2000,0
olmo,OLMo-2-1124-13B,39,31,49,1.0,0.17316326530612244,0.23409936630672074,0.5597384326637149,-0.14582828251131114,0.4827177771517795,0.1405,2000,0
olmo,OLMo-2-1124-13B,39,32,49,1.0,0.19653061224489796,0.1759145467596313,0.5174837379212786,-0.08044161103636999,0.46446693728944943,0.094,2000,7
olmo,OLMo-2-1124-13B,39,33,49,1.0,0.18775510204081633,0.19639823925097935,0.5319118979714025,-0.12285677362410925,0.48163147706298437,0.1235,2000,0
olmo,OLMo-2-1124-13B,39,34,49,1.0,0.16285714285714287,0.2635436411553222,0.5932584129903358,-0.13416132508738357,0.4547882096771706,0.1495,2000,0
olmo,OLMo-2-1124-13B,39,35,49,1.0,0.01163265306122449,0.9367708616821744,0.974595377558445,-0.2796810696640568,0.3173661571071187,0.4515,2000,0
olmo,OLMo-2-1124-13B,39,36,49,1.0,0.04908163265306122,0.7376975169379669,0.9050356634860227,-0.24860207961272446,0.32503707410435906,0.38,2000,0
olmo,OLMo-2-1124-13B,39,37,49,1.0,0.15112244897959184,0.2999614563528618,0.6445452781135873,-0.14787511230533046,0.4315071993413905,0.16,2000,19
olmo,OLMo-2-1124-13B,39,38,49,1.0,-0.3656122448979592,0.009785005436082638,0.20364210795717197,-0.6060020591533386,-0.08180954868390397,0.995,2000,0
olmo,OLMo-2-1124-13B,39,39,49,1.0,0.13938775510204082,0.33947667443075213,0.6767037975103474,-0.17025175870992454,0.4451079622468475,0.192,2000,0
olmo,OLMo-2-1124-7B,22,0,49,0.71875,-0.2512244897959184,0.0816451199678494,0.357896416297422,-0.5339918385518536,0.05298023113633651,0.9405,2000,1
olmo,OLMo-2-1124-7B,22,1,49,0.71875,-0.3445918367346939,0.01532329214571599,0.2024246087766841,-0.6088283839104224,-0.036061528472500666,0.987,2000,2
olmo,OLMo-2-1124-7B,22,2,49,0.71875,0.035408163265306124,0.8091410140594453,0.8940366273009918,-0.28132585079575334,0.3482715504126913,0.4175,2000,0
olmo,OLMo-2-1124-7B,22,3,49,0.71875,-0.008877551020408164,0.9517257410651785,0.9668324988598638,-0.29470336483113063,0.27266618973923806,0.5245,2000,0
olmo,OLMo-2-1124-7B,22,4,49,0.71875,-0.04551020408163265,0.7561744114068597,0.8641993273221253,-0.3453733826857161,0.2754173526810981,0.6095,2000,4
olmo,OLMo-2-1124-7B,22,5,49,0.71875,0.012040816326530613,0.9345570346471355,0.9541068636162918,-0.2963704061256056,0.3370479450502936,0.4745,2000,0
olmo,OLMo-2-1124-7B,22,6,49,0.71875,-0.28591836734693876,0.04642028632347301,0.25240123823314087,-0.558483506599684,0.004001511253525441,0.972,2000,1
olmo,OLMo-2-1124-7B,22,7,49,0.71875,-0.20316326530612244,0.1614893590908025,0.4484614967268826,-0.4588042135691074,0.08157732490826873,0.905,2000,0
olmo,OLMo-2-1124-7B,22,8,49,0.71875,-0.15040816326530612,0.3022781949642708,0.5827049541479918,-0.44108630103216273,0.16555449634136915,0.8405,2000,3
olmo,OLMo-2-1124-7B,22,9,49,0.71875,-0.22612244897959183,0.11821560742235804,0.4371711027501106,-0.471229217699702,0.06467941789595194,0.9425,2000,0
olmo,OLMo-2-1124-7B,22,10,49,0.71875,0.17183673469387756,0.23775713338120655,0.5187990511858299,-0.11811176389697717,0.4383133926154338,0.123,2000,0
olmo,OLMo-2-1124-7B,22,11,49,0.71875,0.18540816326530613,0.20215190096423588,0.49676944510648763,-0.11352405161538145,0.4566785738411823,0.118,2000,0
olmo,OLMo-2-1124-7B,22,12,49,0.71875,-0.09887755102040817,0.4990823566889169,0.717449965932256,-0.3563234509547253,0.18978992143710635,0.7685,2000,0
olmo,OLMo-2-1124-7B,22,13,49,0.71875,-0.004795918367346939,0.9739098872457992,0.9831267000588508,-0.3050483880453297,0.3172047365864498,0.515,2000,9
olmo,OLMo-2-1124-7B,22,14,49,0.71875,-0.21040816326530612,0.14674187487359916,0.4371711027501106,-0.4900960661529797,0.10591679751681364,0.912,2000,0
olmo,OLMo-2-1124-7B,22,15,49,0.71875,-0.21744897959183673,0.13338860017322077,0.4371711027501106,-0.48779154605519903,0.07450177737554578,0.9345,2000,0
olmo,OLMo-2-1124-7B,22,16,49,0.71875,-0.18244897959183673,0.20957460965429947,0.49676944510648763,-0.4695182988538737,0.14387288209203195,0.8725,2000,0
olmo,OLMo-2-1124-7B,22,17,49,0.71875,0.13071428571428573,0.3706649634698281,0.6342929856168181,-0.20230483061388493,0.4406683631452514,0.206,2000,0
olmo,OLMo-2-1124-7B,22,18,49,0.71875,-0.3572448979591837,0.01173809692020659,0.1788662387841004,-0.6000066526687641,-0.07266903826981777,0.993,2000,0
olmo,OLMo-2-1124-7B,22,19,49,0.71875,0.08204081632653061,0.5752022142425337,0.768189275148735,-0.20285560128467817,0.3545377956644292,0.283,2000,0
olmo,OLMo-2-1124-7B,22,20,49,0.71875,-0.2645918367346939,0.06617676679707149,0.3025223625008982,-0.5212893335527966,0.013789497998212384,0.965,2000,0
olmo,OLMo-2-1124-7B,22,21,49,0.71875,-0.17265306122448978,0.2355016061811957,0.5187990511858299,-0.4474875933928043,0.1368363850930783,0.864,2000,0
olmo,OLMo-2-1124-7B,22,22,49,0.71875,-0.14051020408163264,0.3355632025646776,0.6079675560551724,-0.43568122467813847,0.169258843790704,0.804,2000,5
olmo,OLMo-2-1124-7B,22,23,49,0.71875,0.21979591836734694,0.12914618033071906,0.4371711027501106,-0.06396320569581752,0.46006261655175146,0.063,2000,0
olmo,OLMo-2-1124-7B,22,24,49,0.71875,-0.4933673469387755,0.00031576371287021603,0.020208877623693826,-0.667863369603147,-0.26229031020442334,1.0,2000,32
olmo,OLMo-2-1124-7B,22,25,49,0.71875,-0.2957142857142857,0.03911731812978438,0.24072195772175006,-0.5585657990842389,0.01377019482341813,0.9685,2000,0
olmo,OLMo-2-1124-7B,22,26,49,0.71875,-0.30142857142857143,0.035312413035351486,0.22599944342624953,-0.5719542734796604,0.020714751065045525,0.9685,2000,1
olmo,OLMo-2-1124-7B,22,27,49,0.71875,-0.1826530612244898,0.20905665081751335,0.49676944510648763,-0.4423780126220174,0.1139194524605472,0.884,2000,1
olmo,OLMo-2-1124-7B,22,28,49,0.71875,-0.27979591836734696,0.05152339187592382,0.25240123823314087,-0.5415798841209769,0.028849388970566717,0.9625,2000,0
olmo,OLMo-2-1124-7B,22,29,49,0.71875,-0.030510204081632655,0.8351458935004011,0.9059209692207741,-0.33162740449638095,0.27048823862068505,0.5995,2000,17
olmo,OLMo-2-1124-7B,22,30,49,0.71875,0.3028571428571429,0.03441052372029923,0.22599944342624953,0.007299445110758407,0.5706168650966246,0.023,2000,0
olmo,OLMo-2-1124-7B,22,31,49,0.71875,-0.3813265306122449,0.006864248215064702,0.12203107937892804,-0.6098472450959014,-0.08003271649115644,0.9925,2000,0
olmo,OLMo-2-1124-7B,23,0,49,0.75,-0.1116326530612245,0.4450774562180575,0.6807680636967964,-0.41360063922011486,0.20522224310543866,0.76,2000,0
olmo,OLMo-2-1124-7B,23,1,49,0.75,-0.21142857142857144,0.14474761419103335,0.4371711027501106,-0.4791584489816792,0.12516315602458025,0.8915,2000,2
olmo,OLMo-2-1124-7B,23,2,49,0.75,0.1683673469387755,0.24750758024131625,0.5269875334585133,-0.10536863350230738,0.39962853229880874,0.125,2000,0
olmo,OLMo-2-1124-7B,23,3,49,0.75,0.17448979591836736,0.23048037038696956,0.5157602693974145,-0.10297241092075318,0.4305310690197449,0.1075,2000,0
olmo,OLMo-2-1124-7B,23,4,49,0.75,0.1783673469387755,0.22012310227855097,0.5088589756454837,-0.12528678926385522,0.467071917459589,0.1255,2000,0
olmo,OLMo-2-1124-7B,23,5,49,0.75,0.1236734693877551,0.39720546965541204,0.6497810985323206,-0.16798433077824385,0.3866569652385738,0.197,2000,0
olmo,OLMo-2-1124-7B,23,6,49,0.75,-0.4552040816326531,0.001014963094992091,0.04059852379968364,-0.6813226699483516,-0.17207561145087244,0.999,2000,0
olmo,OLMo-2-1124-7B,23,7,49,0.75,-0.08081632653061224,0.5809384337297814,0.768189275148735,-0.3770293060386323,0.2045541464424877,0.696,2000,0
olmo,OLMo-2-1124-7B,23,8,49,0.75,0.045714285714285714,0.7551148352966084,0.8641993273221253,-0.2421147661279428,0.32483481497749195,0.3745,2000,0
olmo,OLMo-2-1124-7B,23,9,49,0.75,-0.04561224489795918,0.7556445677556098,0.8641993273221253,-0.34237013635150737,0.269985789181197,0.6135,2000,0
olmo,OLMo-2-1124-7B,23,10,49,0.75,-0.10612244897959183,0.4680023121030553,0.6965615808045474,-0.3702497483009741,0.1908383818035292,0.754,2000,0
olmo,OLMo-2-1124-7B,23,11,49,0.75,-0.3454081632653061,0.01506670989594049,0.2024246087766841,-0.5844449688064404,-0.054196293881027785,0.9895,2000,10
olmo,OLMo-2-1124-7B,23,12,49,0.75,-0.28438775510204084,0.04765574500297457,0.25240123823314087,-0.556524841705162,0.03142003889473041,0.958,2000,3
olmo,OLMo-2-1124-7B,23,13,49,0.75,-0.5514285714285714,4.017273863179715e-05,0.0064276381810875445,-0.7204434645118339,-0.3139379448337236,1.0,2000,0
olmo,OLMo-2-1124-7B,23,14,49,0.75,0.07551020408163266,0.6060895093109346,0.7871155397282109,-0.19920615113004048,0.3475521825776167,0.297,2000,0
olmo,OLMo-2-1124-7B,23,15,49,0.75,-0.11744897959183674,0.42156663992660415,0.6678283404777888,-0.42444278770385235,0.2305595847111361,0.7465,2000,0
olmo,OLMo-2-1124-7B,23,16,49,0.75,0.1493877551020408,0.3056077496040412,0.5827466561523543,-0.17869462356473154,0.45390744820798007,0.181,2000,0
olmo,OLMo-2-1124-7B,23,17,49,0.75,-0.18948979591836734,0.1922208106960907,0.4768268172306126,-0.47145417230963516,0.09319777399871305,0.9005,2000,0
olmo,OLMo-2-1124-7B,23,18,49,0.75,0.1843877551020408,0.20469020967214308,0.49676944510648763,-0.09639450195181043,0.43858404197597045,0.105,2000,0
olmo,OLMo-2-1124-7B,23,19,49,0.75,-0.11224489795918367,0.4425690998363512,0.6807680636967964,-0.39953120774053247,0.19078321861362654,0.7645,2000,0
olmo,OLMo-2-1124-7B,23,20,49,0.75,-0.24357142857142858,0.09170146910710922,0.391259601523666,-0.5020014603322284,0.058619403235494964,0.9425,2000,0
olmo,OLMo-2-1124-7B,23,21,49,0.75,-0.06091836734693878,0.6775514080161912,0.8299569138345995,-0.34843316122582463,0.24865963832122598,0.6385,2000,0
olmo,OLMo-2-1124-7B,23,22,49,0.75,0.06459183673469387,0.6592625016673924,0.8299569138345995,-0.22949982118224083,0.375551339816985,0.348,2000,4
olmo,OLMo-2-1124-7B,23,23,49,0.75,-0.15989795918367347,0.2724356543821869,0.5622621110237984,-0.4142160723982921,0.1092931550657833,0.8805,2000,0
olmo,OLMo-2-1124-7B,23,24,49,0.75,-0.01173469387755102,0.9362173599234863,0.9541068636162918,-0.32271536211907226,0.3101768209771501,0.5365,2000,14
olmo,OLMo-2-1124-7B,23,25,49,0.75,0.06173469387755102,0.6734708201931038,0.8299569138345995,-0.2129027710162206,0.36033786519233163,0.3415,2000,0
olmo,OLMo-2-1124-7B,23,26,49,0.75,0.326734693877551,0.021941070440470747,0.22028779551266198,0.02288636972463591,0.5760222100282195,0.017,2000,0
olmo,OLMo-2-1124-7B,23,27,49,0.75,-0.1492857142857143,0.30594199447998605,0.5827466561523543,-0.4366696761356355,0.1534990577805538,0.8265,2000,0
olmo,OLMo-2-1124-7B,23,28,49,0.75,-0.28061224489795916,0.05081782565879972,0.25240123823314087,-0.505094384493695,-0.021139431947060618,0.9815,2000,0
olmo,OLMo-2-1124-7B,23,29,49,0.75,-0.23408163265306123,0.10547922799751558,0.41794396642892384,-0.46480691972676247,0.045129534389239064,0.952,2000,0
olmo,OLMo-2-1124-7B,23,30,49,0.75,0.003673469387755102,0.9800146591158626,0.9861782733241384,-0.29121944524681637,0.2992548084550906,0.49,2000,0
olmo,OLMo-2-1124-7B,23,31,49,0.75,0.22673469387755102,0.11719627697240487,0.4371711027501106,-0.05935597738660411,0.49192236888158825,0.063,2000,0
olmo,OLMo-2-1124-7B,24,0,49,0.78125,-0.03704081632653061,0.8005163922010223,0.8940366273009918,-0.32991717629202594,0.27930237521250273,0.5845,2000,0
olmo,OLMo-2-1124-7B,24,1,49,0.78125,-0.30326530612244895,0.03415636728032649,0.22599944342624953,-0.5945962585730742,-0.004625406473668041,0.977,2000,0
olmo,OLMo-2-1124-7B,24,2,49,0.78125,0.1716326530612245,0.2383233141384906,0.5187990511858299,-0.11302260974719525,0.43363422094032317,0.1235,2000,0
olmo,OLMo-2-1124-7B,24,3,49,0.78125,0.05163265306122449,0.7245882767814482,0.8556023932474666,-0.28296682752271796,0.3620441089539604,0.3725,2000,0
olmo,OLMo-2-1124-7B,24,4,49,0.78125,-0.35061224489795917,0.013515533184294333,0.19658957358973575,-0.6187729008254437,-0.04062105520824251,0.985,2000,0
olmo,OLMo-2-1124-7B,24,5,49,0.78125,-0.24020408163265305,0.09642036199086694,0.40435608773685355,-0.5211664507290957,0.07034349486365771,0.934,2000,3
olmo,OLMo-2-1124-7B,24,6,49,0.78125,0.09051020408163266,0.5362542787680825,0.7460929095903757,-0.18882282437502568,0.3543921508508355,0.276,2000,5
olmo,OLMo-2-1124-7B,24,7,49,0.78125,0.11551020408163265,0.42932413080119175,0.6767671027407949,-0.1481604972192965,0.3461415063635747,0.193,2000,0
olmo,OLMo-2-1124-7B,24,8,49,0.78125,-0.17091836734693877,0.24031219599569004,0.5195939372879785,-0.44141788074216637,0.122440045232739,0.874,2000,0
olmo,OLMo-2-1124-7B,24,9,49,0.78125,-0.3137755102040816,0.028127477197962478,0.22599944342624953,-0.5501817883575456,-0.01450367307049819,0.981,2000,3
olmo,OLMo-2-1124-7B,24,10,49,0.78125,-0.09153061224489796,0.5316500157683278,0.7429170526020301,-0.37924385863280063,0.22956485188790196,0.692,2000,0
olmo,OLMo-2-1124-7B,24,11,49,0.78125,-0.0986734693877551,0.4999729450090409,0.717449965932256,-0.4110800751861389,0.2097955931486721,0.7245,2000,3
olmo,OLMo-2-1124-7B,24,12,49,0.78125,0.15663265306122448,0.28247551377025915,0.5671401615703899,-0.17034428381892358,0.4714696233108422,0.168,2000,0
olmo,OLMo-2-1124-7B,24,13,49,0.78125,-0.14510204081632652,0.31984781439325755,0.5950657011967582,-0.40459132798580294,0.1364751403608921,0.843,2000,0
olmo,OLMo-2-1124-7B,24,14,49,0.78125,-0.07989795918367347,0.5852575250950472,0.768189275148735,-0.3985896780786919,0.25593723505723276,0.685,2000,0
olmo,OLMo-2-1124-7B,24,15,49,0.78125,-0.23622448979591837,0.10223715470962631,0.4141251836339294,-0.47991334235093824,0.0342510687930644,0.9505,2000,10
olmo,OLMo-2-1124-7B,24,16,49,0.78125,0.17622448979591837,0.22580617044268336,0.5088589756454837,-0.12439043709193902,0.4393628235207319,0.1205,2000,0
olmo,OLMo-2-1124-7B,24,17,49,0.78125,-0.005408163265306122,0.9705806128510164,0.9828664433934343,-0.2942081268867485,0.2892574451409582,0.5015,2000,1
olmo,OLMo-2-1124-7B,24,18,49,0.78125,-0.050510204081632655,0.7303469740061812,0.8585432588550642,-0.35769035942732624,0.2741348796614311,0.6285,2000,0
olmo,OLMo-2-1124-7B,24,19,49,0.78125,-0.22163265306122448,0.12589739749426884,0.4371711027501106,-0.5123646301593788,0.11576699351432058,0.9115,2000,1
olmo,OLMo-2-1124-7B,24,20,49,0.78125,0.02020408163265306,0.8904051721916103,0.9311426637297886,-0.28297194263827713,0.319679546151487,0.4425,2000,0
olmo,OLMo-2-1124-7B,24,21,49,0.78125,0.21806122448979592,0.13227195469614905,0.4371711027501106,-0.09536323781770657,0.48989168921743814,0.0705,2000,13
olmo,OLMo-2-1124-7B,24,22,49,0.78125,-0.11183673469387755,0.444240467100159,0.6807680636967964,-0.38086438451996474,0.18131133116713435,0.7805,2000,1
olmo,OLMo-2-1124-7B,24,23,49,0.78125,0.02857142857142857,0.8454895153816598,0.9137653818819812,-0.27592403448665215,0.32139704956103005,0.4325,2000,0
olmo,OLMo-2-1124-7B,24,24,49,0.78125,-0.2897959183673469,0.043406874924011456,0.24803928528006547,-0.5549068192671525,0.021140572621925063,0.9685,2000,0
olmo,OLMo-2-1124-7B,24,25,49,0.78125,0.13795918367346938,0.3444982369867242,0.6090576565511147,-0.13069712028411423,0.38100762181411146,0.155,2000,0
olmo,OLMo-2-1124-7B,24,26,49,0.78125,0.027857142857142858,0.8493069261108499,0.9137653818819812,-0.28175538940516587,0.3255887031267629,0.4255,2000,0
olmo,OLMo-2-1124-7B,24,27,49,0.78125,0.22010204081632653,0.12860038526735068,0.4371711027501106,-0.09561320384891854,0.49473395465706466,0.091,2000,0
olmo,OLMo-2-1124-7B,24,28,49,0.78125,-0.126734693877551,0.3855325934770534,0.6431973170505845,-0.4058742170077548,0.1811127005210991,0.781,2000,0
olmo,OLMo-2-1124-7B,24,29,49,0.78125,0.048775510204081635,0.7392756834706127,0.8633876595277228,-0.2297142177128015,0.33852297024326655,0.3785,2000,0
olmo,OLMo-2-1124-7B,24,30,49,0.78125,0.19622448979591836,0.17660206056178915,0.46744484251188184,-0.09725829677892119,0.4705168304642286,0.101,2000,2
olmo,OLMo-2-1124-7B,24,31,49,0.78125,-0.11122448979591837,0.4467540418010227,0.6807680636967964,-0.372926365532128,0.18037957504278387,0.7925,2000,0
olmo,OLMo-2-1124-7B,25,0,49,0.8125,-0.29336734693877553,0.04077468208364677,0.24162774568086973,-0.5281806544692133,-0.013659985883963882,0.979,2000,0
olmo,OLMo-2-1124-7B,25,1,49,0.8125,0.017755102040816328,0.9036223528652838,0.9388284185613337,-0.30310809638261027,0.35208716798361306,0.456,2000,0
olmo,OLMo-2-1124-7B,25,2,49,0.8125,-0.019183673469387756,0.8959089580657031,0.9338464709479642,-0.2913514249608992,0.2829229977794581,0.5545,2000,0
olmo,OLMo-2-1124-7B,25,3,49,0.8125,0.059489795918367346,0.6847144539135446,0.8299569138345995,-0.25389453854194405,0.36795735441777344,0.353,2000,1
olmo,OLMo-2-1124-7B,25,4,49,0.8125,-0.5202040816326531,0.00012752213965027992,0.013602361562696525,-0.7209314796413361,-0.25490567104577233,1.0,2000,29
olmo,OLMo-2-1124-7B,25,5,49,0.8125,0.22,0.12878212388633936,0.4371711027501106,-0.11348393509602797,0.5020009082109889,0.0885,2000,1
olmo,OLMo-2-1124-7B,25,6,49,0.8125,0.13938775510204082,0.33947667443075213,0.6079675560551724,-0.13281133327015468,0.3968880538664527,0.163,2000,0
olmo,OLMo-2-1124-7B,25,7,49,0.8125,0.24510204081632653,0.08961679572188529,0.3875320896081526,-0.048018033220156506,0.5004052579421191,0.059,2000,3
olmo,OLMo-2-1124-7B,25,8,49,0.8125,0.17622448979591837,0.22580617044268336,0.5088589756454837,-0.11110372963381311,0.44993075051635006,0.1165,2000,0
olmo,OLMo-2-1124-7B,25,9,49,0.8125,0.33908163265306124,0.017154457854638077,0.21113178898016097,0.07243732227874793,0.5763243678274165,0.0075,2000,0
olmo,OLMo-2-1124-7B,25,10,49,0.8125,-0.0736734693877551,0.6149041140571656,0.7921006447476504,-0.36794796212153824,0.2399617775638272,0.692,2000,0
olmo,OLMo-2-1124-7B,25,11,49,0.8125,-0.3329591836734694,0.019403689414492054,0.21410967629784336,-0.5560074476125912,-0.050708206580145174,0.9915,2000,0
olmo,OLMo-2-1124-7B,25,12,49,0.8125,0.1719387755102041,0.23747438799467185,0.5187990511858299,-0.11299911605653151,0.42644888573742057,0.1135,2000,1
olmo,OLMo-2-1124-7B,25,13,49,0.8125,-0.10142857142857142,0.488019189146459,0.7130873996660587,-0.3962875361016848,0.19936794366916893,0.7505,2000,0
olmo,OLMo-2-1124-7B,25,14,49,0.8125,-0.2652040816326531,0.06552861727263054,0.3025223625008982,-0.5473643135362838,0.046733461000291285,0.9495,2000,0
olmo,OLMo-2-1124-7B,25,15,49,0.8125,0.14,0.33733855546107033,0.6079675560551724,-0.12680820439477103,0.40852630231015863,0.172,2000,0
olmo,OLMo-2-1124-7B,25,16,49,0.8125,0.10622448979591836,0.46757210874806066,0.6965615808045474,-0.1752933349441823,0.3774469861826779,0.2375,2000,0
olmo,OLMo-2-1124-7B,25,17,49,0.8125,-0.40714285714285714,0.00369174041687966,0.09512885696639165,-0.6464980252717358,-0.11919791875811747,0.9945,2000,1
olmo,OLMo-2-1124-7B,25,18,49,0.8125,0.09683673469387755,0.5080248126007035,0.7225241779210007,-0.17771247070706003,0.3578630020228192,0.246,2000,0
olmo,OLMo-2-1124-7B,25,19,49,0.8125,-0.19010204081632653,0.19076162777638958,0.4768268172306126,-0.4701588120821021,0.13138661193191806,0.886,2000,4
olmo,OLMo-2-1124-7B,25,20,49,0.8125,0.014387755102040817,0.921837537237118,0.9485145077680956,-0.27449082756872084,0.2966095770955839,0.4615,2000,0
olmo,OLMo-2-1124-7B,25,21,49,0.8125,-0.21326530612244898,0.14120869290008053,0.4371711027501106,-0.5161739702485239,0.11105142410525293,0.9005,2000,3
olmo,OLMo-2-1124-7B,25,22,49,0.8125,-0.053469387755102044,0.7151975253999122,0.850792595271271,-0.35653728867903417,0.25706355983867846,0.6335,2000,0
olmo,OLMo-2-1124-7B,25,23,49,0.8125,-0.08602040816326531,0.5567407990673926,0.7613549388955796,-0.34024285626845086,0.193617184307315,0.727,2000,1
olmo,OLMo-2-1124-7B,25,24,49,0.8125,0.2057142857142857,0.15617794174616234,0.44286840345501854,-0.09528233280126247,0.48674113763409704,0.083,2000,0
olmo,OLMo-2-1124-7B,25,25,49,0.8125,-0.22724489795918368,0.11635194678664161,0.4371711027501106,-0.5251333522017217,0.11397620654989683,0.9055,2000,42
olmo,OLMo-2-1124-7B,25,26,49,0.8125,-0.151734693877551,0.29798482391923037,0.5779099615403256,-0.41260737918030693,0.13392526167605928,0.861,2000,3
olmo,OLMo-2-1124-7B,25,27,49,0.8125,-0.3430612244897959,0.015814422560678446,0.2024246087766841,-0.5970396294395011,-0.052799303838567756,0.9885,2000,0
olmo,OLMo-2-1124-7B,25,28,49,0.8125,-0.14061224489795918,0.33520883185855715,0.6079675560551724,-0.44012418233851186,0.19481274830849205,0.813,2000,0
olmo,OLMo-2-1124-7B,25,29,49,0.8125,-0.0323469387755102,0.8253720328960662,0.9059209692207741,-0.3171517269293988,0.27538106031402576,0.5865,2000,0
olmo,OLMo-2-1124-7B,25,30,49,0.8125,-0.03806122448979592,0.7951378605954806,0.8927863697914168,-0.3277661046295842,0.23346290853994447,0.6155,2000,22
olmo,OLMo-2-1124-7B,25,31,49,0.8125,0.21,0.14754524717816234,0.4371711027501106,-0.09401407567242072,0.5021960513432281,0.0835,2000,0
olmo,OLMo-2-1124-7B,26,0,49,0.84375,-0.30428571428571427,0.03352776096256294,0.22599944342624953,-0.5369308600337268,-0.024459438154225136,0.9815,2000,2
olmo,OLMo-2-1124-7B,26,1,49,0.84375,0.05010204081632653,0.7324447177107266,0.8585432588550642,-0.23792592592592593,0.32945162869961797,0.3565,2000,0
olmo,OLMo-2-1124-7B,26,2,49,0.84375,-0.25979591836734695,0.07143248274973964,0.32194921802699555,-0.5219132743368426,0.042763700008701666,0.954,2000,2
olmo,OLMo-2-1124-7B,26,3,49,0.84375,-0.027551020408163266,0.8509440118775949,0.9137653818819812,-0.3435811773512745,0.2913107691931656,0.5655,2000,0
olmo,OLMo-2-1124-7B,26,4,49,0.84375,0.10428571428571429,0.4757821357558888,0.7016142094096056,-0.1890874210964451,0.38318998604428567,0.2375,2000,0
olmo,OLMo-2-1124-7B,26,5,49,0.84375,-0.28224489795918367,0.04943018445351863,0.25240123823314087,-0.5424060062011674,0.029072285436442146,0.964,2000,0
olmo,OLMo-2-1124-7B,26,6,49,0.84375,-0.1576530612244898,0.2793123296252971,0.5656958574689562,-0.4213053016075934,0.1320200316827634,0.866,2000,0
olmo,OLMo-2-1124-7B,26,7,49,0.84375,-0.3025510204081633,0.03460216529387297,0.22599944342624953,-0.5236491771107131,-0.02834824852978796,0.982,2000,0
olmo,OLMo-2-1124-7B,26,8,49,0.84375,0.16489795918367348,0.2575253927911113,0.5421587216654975,-0.1021869560143745,0.440850558178498,0.1075,2000,0
olmo,OLMo-2-1124-7B,26,9,49,0.84375,0.038979591836734696,0.790305217107043,0.8927863697914168,-0.2648520673190257,0.3431014257196743,0.396,2000,8
olmo,OLMo-2-1124-7B,26,10,49,0.84375,-0.07520408163265306,0.6075548072277128,0.7871155397282109,-0.38657450715851593,0.2551139848701694,0.6815,2000,4
olmo,OLMo-2-1124-7B,26,11,49,0.84375,0.12663265306122448,0.3859183902303507,0.6431973170505845,-0.15096984926059795,0.4059905935255924,0.186,2000,6
olmo,OLMo-2-1124-7B,26,12,49,0.84375,-0.32683673469387753,0.021897326235767157,0.22028779551266198,-0.5690411288009266,-0.03473387387173607,0.988,2000,1
olmo,OLMo-2-1124-7B,26,13,49,0.84375,-0.3852040816326531,0.006272801728584395,0.11807626783217685,-0.6036486580997911,-0.08223075152711347,0.9935,2000,0
olmo,OLMo-2-1124-7B,26,14,49,0.84375,0.21520408163265306,0.1375434015530709,0.4371711027501106,-0.05517111109502281,0.47649988807178606,0.0565,2000,20
olmo,OLMo-2-1124-7B,26,15,49,0.84375,-0.15571428571428572,0.28534239379010246,0.5671401615703899,-0.40270045799986315,0.12643352134460328,0.8615,2000,10
olmo,OLMo-2-1124-7B,26,16,49,0.84375,0.08163265306122448,0.5771114068598279,0.768189275148735,-0.20034857911700513,0.3596276290443214,0.2845,2000,0
olmo,OLMo-2-1124-7B,26,17,49,0.84375,0.17714285714285713,0.22335828528706272,0.5088589756454837,-0.14738786688018946,0.4620329657504808,0.148,2000,12
olmo,OLMo-2-1124-7B,26,18,49,0.84375,-0.047040816326530614,0.7482385346272268,0.8641993273221253,-0.3367134295424683,0.24369077290459237,0.623,2000,0
olmo,OLMo-2-1124-7B,26,19,49,0.84375,0.16306122448979593,0.26293762674190446,0.5463638997234378,-0.1208657263875967,0.4403161571325781,0.1365,2000,1
olmo,OLMo-2-1124-7B,26,20,49,0.84375,-0.18306122448979592,0.20802342679130598,0.49676944510648763,-0.42726834505844147,0.07774824960392489,0.907,2000,0
olmo,OLMo-2-1124-7B,26,21,49,0.84375,-0.10020408163265306,0.4933134733836241,0.717449965932256,-0.3752601877450985,0.2057853533446275,0.7355,2000,0
olmo,OLMo-2-1124-7B,26,22,49,0.84375,0.1960204081632653,0.1770614782699786,0.46744484251188184,-0.10565192457825222,0.4790254247984492,0.109,2000,0
olmo,OLMo-2-1124-7B,26,23,49,0.84375,0.21112244897959184,0.1453437706494434,0.4371711027501106,-0.08318151277128252,0.47520623885143504,0.0795,2000,1
olmo,OLMo-2-1124-7B,26,24,49,0.84375,-0.4045918367346939,0.003933601058039542,0.09512885696639165,-0.6262911982457847,-0.13101392290706199,0.998,2000,0
olmo,OLMo-2-1124-7B,26,25,49,0.84375,-0.15877551020408162,0.2758598482210511,0.5622621110237984,-0.41615270123325343,0.11915493432847038,0.8695,2000,0
olmo,OLMo-2-1124-7B,26,26,49,0.84375,0.32071428571428573,0.024655424170689128,0.2213142567285887,0.02552364384260738,0.595239977064917,0.019,2000,0
olmo,OLMo-2-1124-7B,26,27,49,0.84375,-0.19622448979591836,0.17660206056178915,0.46744484251188184,-0.46595655149023457,0.10969312448377894,0.9015,2000,0
olmo,OLMo-2-1124-7B,26,28,49,0.84375,-0.18336734693877552,0.20725086378887123,0.49676944510648763,-0.46327133804313503,0.11286498707477713,0.8885,2000,1
olmo,OLMo-2-1124-7B,26,29,49,0.84375,0.19795918367346937,0.17273167683128426,0.46744484251188184,-0.06706627012799939,0.4510745801180823,0.07,2000,0
olmo,OLMo-2-1124-7B,26,30,49,0.84375,-0.12663265306122448,0.3859183902303507,0.6431973170505845,-0.39763290883434904,0.1554738291206262,0.7895,2000,0
olmo,OLMo-2-1124-7B,26,31,49,0.84375,-0.19418367346938775,0.18123505441517157,0.46744484251188184,-0.45941908209038956,0.09802358322507783,0.895,2000,3
olmo,OLMo-2-1124-7B,27,0,49,0.875,-0.4060204081632653,0.0037964986775726292,0.09512885696639165,-0.6230996743227193,-0.13705285577586265,0.9985,2000,0
olmo,OLMo-2-1124-7B,27,1,49,0.875,0.2004081632653061,0.16737263333337205,0.4577713048434107,-0.09461597883532553,0.464440128962239,0.083,2000,13
olmo,OLMo-2-1124-7B,27,2,49,0.875,0.20265306122448978,0.16256729256349495,0.4484614967268826,-0.06288134984598472,0.4608945839606727,0.068,2000,0
olmo,OLMo-2-1124-7B,27,3,49,0.875,-0.1463265306122449,0.31573705271123786,0.5943285698093889,-0.42112279570902195,0.15254893474506137,0.827,2000,0
olmo,OLMo-2-1124-7B,27,4,49,0.875,-0.21693877551020407,0.13432451786604416,0.4371711027501106,-0.45581832376539677,0.06834835412567851,0.934,2000,0
olmo,OLMo-2-1124-7B,27,5,49,0.875,-0.3239795918367347,0.02315027331056813,0.2213142567285887,-0.578537537387718,-0.0164223773041847,0.982,2000,0
olmo,OLMo-2-1124-7B,27,6,49,0.875,-0.11979591836734693,0.41228332280418867,0.6663164812996989,-0.38010971755301615,0.18030286121274425,0.784,2000,0
olmo,OLMo-2-1124-7B,27,7,49,0.875,0.18091836734693878,0.21348797456874086,0.5023246460440961,-0.1080629166783376,0.46760615466243866,0.112,2000,0
olmo,OLMo-2-1124-7B,27,8,49,0.875,0.02295918367346939,0.8755711694036584,0.9246956244527085,-0.2875997841678352,0.33509662788822075,0.44,2000,1
olmo,OLMo-2-1124-7B,27,9,49,0.875,-0.28061224489795916,0.05081782565879972,0.25240123823314087,-0.561020558448623,0.05168108476500818,0.9535,2000,0
olmo,OLMo-2-1124-7B,27,10,49,0.875,0.061224489795918366,0.6760201067382583,0.8299569138345995,-0.21675908869291943,0.32663770087075683,0.3395,2000,0
olmo,OLMo-2-1124-7B,27,11,49,0.875,-0.12571428571428572,0.3894008168246078,0.6442321214544601,-0.42318385756446725,0.17766186097277592,0.796,2000,0
olmo,OLMo-2-1124-7B,27,12,49,0.875,-0.4611224489795918,0.0008542927669844568,0.03905338363357517,-0.6662138928428814,-0.1825511345083645,0.999,2000,0
olmo,OLMo-2-1124-7B,27,13,49,0.875,-0.4796938775510204,0.0004873579340115181,0.025992423147280966,-0.6987158329368786,-0.19756792788603095,1.0,2000,19
olmo,OLMo-2-1124-7B,27,14,49,0.875,0.2816326530612245,0.04994690085715688,0.25240123823314087,0.0361725338643752,0.5066975347059179,0.015,2000,0
olmo,OLMo-2-1124-7B,27,15,49,0.875,0.0723469387755102,0.6213039432239383,0.7921006447476504,-0.23672840006740115,0.36304199243382795,0.317,2000,1
olmo,OLMo-2-1124-7B,27,16,49,0.875,-0.3019387755102041,0.0349880950804064,0.22599944342624953,-0.5347615436859959,-0.02625905582159411,0.9825,2000,0
olmo,OLMo-2-1124-7B,27,17,49,0.875,0.13887755102040816,0.3412648495493118,0.6079675560551724,-0.18533349178316275,0.4213314341264567,0.1895,2000,0
olmo,OLMo-2-1124-7B,27,18,49,0.875,0.03857142857142857,0.7924521070812417,0.8927863697914168,-0.25614147220739414,0.3203743760650308,0.376,2000,0
olmo,OLMo-2-1124-7B,27,19,49,0.875,-0.047551020408163266,0.745598922271693,0.8641993273221253,-0.35713281465191765,0.26829419616034034,0.608,2000,0
olmo,OLMo-2-1124-7B,27,20,49,0.875,0.15622448979591838,0.2837473412429331,0.5671401615703899,-0.13845323285104755,0.43527800291213053,0.1565,2000,0
olmo,OLMo-2-1124-7B,27,21,49,0.875,0.36112244897959184,0.01079495789789751,0.17271932636636017,0.06590905788762061,0.6248446279230109,0.01,2000,1
olmo,OLMo-2-1124-7B,27,22,49,0.875,-0.1766326530612245,0.2247159436604339,0.5088589756454837,-0.4507178989320934,0.12841036723797522,0.881,2000,12
olmo,OLMo-2-1124-7B,27,23,49,0.875,0.002346938775510204,0.9872308229962642,0.9872308229962642,-0.2892977567534956,0.2986883893108469,0.481,2000,1
olmo,OLMo-2-1124-7B,27,24,49,0.875,0.07285714285714286,0.6188391537254496,0.7921006447476504,-0.23921522029794265,0.3774889577693096,0.3215,2000,0
olmo,OLMo-2-1124-7B,27,25,49,0.875,-0.012755102040816327,0.9306840254075887,0.9541068636162918,-0.30258914102708984,0.2811754025866662,0.539,2000,0
olmo,OLMo-2-1124-7B,27,26,49,0.875,-0.032040816326530615,0.8269992338175048,0.9059209692207741,-0.33170210041415193,0.24724479155628015,0.5835,2000,0
olmo,OLMo-2-1124-7B,27,27,49,0.875,-0.20561224489795918,0.15638790497005342,0.44286840345501854,-0.4881008459827645,0.11143039591315392,0.891,2000,0
olmo,OLMo-2-1124-7B,27,28,49,0.875,0.31673469387755104,0.026599898248603898,0.22599944342624953,0.006117590441826594,0.5775554838095238,0.0225,2000,0
olmo,OLMo-2-1124-7B,27,29,49,0.875,-0.18,0.21586033685642275,0.5041993269639071,-0.4627731864426353,0.13992996984102632,0.8575,2000,1
olmo,OLMo-2-1124-7B,27,30,49,0.875,-0.02489795918367347,0.8651574224670754,0.9167230966538548,-0.3344304082465605,0.2820711440096454,0.562,2000,0
olmo,OLMo-2-1124-7B,27,31,49,0.875,0.10438775510204082,0.4753481311532423,0.7016142094096056,-0.19361085069069817,0.4089337947226953,0.2285,2000,0
olmo,OLMo-2-1124-7B,28,0,49,0.90625,-0.30418367346938774,0.033590187564314956,0.22599944342624953,-0.5534791166438545,0.0013426827575043672,0.974,2000,0
olmo,OLMo-2-1124-7B,28,1,49,0.90625,0.09183673469387756,0.5302725279295335,0.7429170526020301,-0.20165600272978676,0.38566521294117456,0.28,2000,0
olmo,OLMo-2-1124-7B,28,2,49,0.90625,0.1373469387755102,0.3466643005138695,0.6095196492551551,-0.15392473330743026,0.39345200564172045,0.177,2000,0
olmo,OLMo-2-1124-7B,28,3,49,0.90625,0.09479591836734694,0.517047908399793,0.7321032331324502,-0.22882257464682457,0.40951523959617414,0.2845,2000,1
olmo,OLMo-2-1124-7B,28,4,49,0.90625,-0.09704081632653061,0.5071269216025965,0.7225241779210007,-0.40061427946212197,0.24068796298516315,0.7165,2000,0
olmo,OLMo-2-1124-7B,28,5,49,0.90625,0.030612244897959183,0.8346022400440495,0.9059209692207741,-0.2574772871960657,0.31080660890293815,0.4135,2000,21
olmo,OLMo-2-1124-7B,28,6,49,0.90625,-0.22418367346938775,0.1214878982277497,0.4371711027501106,-0.49952654496191307,0.07461557877837133,0.935,2000,0
olmo,OLMo-2-1124-7B,28,7,49,0.90625,-0.23959183673469386,0.0972981836116804,0.40435608773685355,-0.5252806990962284,0.09218649180606013,0.9225,2000,0
olmo,OLMo-2-1124-7B,28,8,49,0.90625,0.3051020408163265,0.033031796810849806,0.22599944342624953,0.007141172241482593,0.5468872713240639,0.0235,2000,7
olmo,OLMo-2-1124-7B,28,9,49,0.90625,-0.2363265306122449,0.10208470638727048,0.4141251836339294,-0.5237025812890714,0.0738615641627352,0.935,2000,0
olmo,OLMo-2-1124-7B,28,10,49,0.90625,-0.22010204081632653,0.12860038526735068,0.4371711027501106,-0.5004629888663691,0.08383616639782496,0.9205,2000,6
olmo,OLMo-2-1124-7B,28,11,49,0.90625,-0.15418367346938774,0.29016268536190015,0.570914108233793,-0.4700856570211963,0.1604830926162567,0.814,2000,1
olmo,OLMo-2-1124-7B,28,12,49,0.90625,-0.07948979591836734,0.5871817431159306,0.768189275148735,-0.3471475670269527,0.19239437758857764,0.6975,2000,3
olmo,OLMo-2-1124-7B,28,13,49,0.90625,-0.17,0.24288591703318274,0.5216341842323388,-0.42123733406407504,0.12746255380245805,0.875,2000,18
olmo,OLMo-2-1124-7B,28,14,49,0.90625,-0.12540816326530613,0.39056572363176645,0.6442321214544601,-0.39828615271423207,0.16550483022021611,0.784,2000,0
olmo,OLMo-2-1124-7B,28,15,49,0.90625,-0.29336734693877553,0.04077468208364677,0.24162774568086973,-0.5436401271865955,-0.007890460413254818,0.977,2000,2
olmo,OLMo-2-1124-7B,28,16,49,0.90625,-0.062142857142857146,0.6714339994288309,0.8299569138345995,-0.37809784805066493,0.26763730185429174,0.649,2000,0
olmo,OLMo-2-1124-7B,28,17,49,0.90625,0.15918367346938775,0.27461141507661274,0.5622621110237984,-0.1571435079116172,0.4617452339596274,0.158,2000,0
olmo,OLMo-2-1124-7B,28,18,49,0.90625,-0.3640816326530612,0.010119746796195409,0.17043784077802793,-0.600786482190671,-0.06770816554255923,0.9905,2000,5
olmo,OLMo-2-1124-7B,28,19,49,0.90625,0.21948979591836734,0.12969371460562795,0.4371711027501106,-0.043541253998574884,0.45131265138890303,0.051,2000,0
olmo,OLMo-2-1124-7B,28,20,49,0.90625,0.02142857142857143,0.8838073910372809,0.9272733283014095,-0.26031807944898244,0.29237219989487634,0.4355,2000,0
olmo,OLMo-2-1124-7B,28,21,49,0.90625,-0.23224489795918368,0.10832047035034997,0.4227140306355121,-0.4885823989333302,0.06304316068116343,0.941,2000,0
olmo,OLMo-2-1124-7B,28,22,49,0.90625,-0.21336734693877552,0.14101399017023705,0.4371711027501106,-0.4802106466364327,0.06843437996487857,0.932,2000,0
olmo,OLMo-2-1124-7B,28,23,49,0.90625,-0.4011224489795918,0.004284822246160527,0.09512885696639165,-0.6135659182346032,-0.12493997549736174,0.996,2000,0
olmo,OLMo-2-1124-7B,28,24,49,0.90625,-0.31204081632653063,0.029056480988799233,0.22599944342624953,-0.5493286453965965,-0.03281900939752636,0.986,2000,0
olmo,OLMo-2-1124-7B,28,25,49,0.90625,-0.015612244897959184,0.9152087483881581,0.944731611239389,-0.294585669583838,0.26815881911359407,0.5435,2000,0
olmo,OLMo-2-1124-7B,28,26,49,0.90625,-0.2829591836734694,0.04883284154229146,0.25240123823314087,-0.5549945222685859,0.03243671415498067,0.9615,2000,0
olmo,OLMo-2-1124-7B,28,27,49,0.90625,-0.025816326530612246,0.8602323817365707,0.9151142615702109,-0.3113318163069704,0.2702221836987551,0.5655,2000,0
olmo,OLMo-2-1124-7B,28,28,49,0.90625,-0.1636734693877551,0.2611251721525441,0.5461441509072819,-0.4493361610241789,0.1388327420093335,0.859,2000,0
olmo,OLMo-2-1124-7B,28,29,49,0.90625,-0.08806122448979592,0.547383123069239,0.7550112042334332,-0.3366485377013962,0.193115999082428,0.727,2000,0
olmo,OLMo-2-1124-7B,28,30,49,0.90625,0.09897959183673469,0.498637368587166,0.717449965932256,-0.20690703396078286,0.3744699234361455,0.2625,2000,0
olmo,OLMo-2-1124-7B,28,31,49,0.90625,-0.22877551020408163,0.11384669400950663,0.4371711027501106,-0.5082272256932432,0.09349573920330442,0.9265,2000,15
olmo,OLMo-2-1124-7B,29,0,49,0.9375,0.08387755102040817,0.5666468096565378,0.768189275148735,-0.2147813401550752,0.3884174511785413,0.3095,2000,1
olmo,OLMo-2-1124-7B,29,1,49,0.9375,0.05704081632653061,0.6970577307773338,0.8385656911607022,-0.2123921387718198,0.3280672287803898,0.3465,2000,23
olmo,OLMo-2-1124-7B,29,2,49,0.9375,0.12214285714285714,0.4031184037994989,0.6548116203849729,-0.19403187366577498,0.421492904777866,0.2355,2000,0
olmo,OLMo-2-1124-7B,29,3,49,0.9375,-0.0027551020408163266,0.985010330670415,0.9872308229962642,-0.3224194552613959,0.31079150875043005,0.5045,2000,0
olmo,OLMo-2-1124-7B,29,4,49,0.9375,-0.20846938775510204,0.15058687333963017,0.4420899033824005,-0.49996294984601436,0.10742538838920684,0.894,2000,10
olmo,OLMo-2-1124-7B,29,5,49,0.9375,0.08642857142857142,0.554863243653692,0.7613549388955796,-0.19502732798692343,0.3759715365983641,0.2805,2000,0
olmo,OLMo-2-1124-7B,29,6,49,0.9375,0.15397959183673468,0.2908093738815883,0.570914108233793,-0.13724251440439392,0.42587450188187526,0.151,2000,0
olmo,OLMo-2-1124-7B,29,7,49,0.9375,-0.1386734693877551,0.3419817502810345,0.6079675560551724,-0.4068955939878208,0.16089311944590023,0.8095,2000,1
olmo,OLMo-2-1124-7B,29,8,49,0.9375,-0.06459183673469387,0.6592625016673924,0.8299569138345995,-0.3389411604709431,0.19823890936411817,0.6665,2000,0
olmo,OLMo-2-1124-7B,29,9,49,0.9375,-0.036326530612244896,0.8042868336990739,0.8940366273009918,-0.3227901308532203,0.253886447260834,0.5705,2000,4
olmo,OLMo-2-1124-7B,29,10,49,0.9375,-0.1413265306122449,0.33273477179093297,0.6079675560551724,-0.4256489367998519,0.1499344702222847,0.816,2000,11
olmo,OLMo-2-1124-7B,29,11,49,0.9375,-0.025918367346938774,0.8596854760633275,0.9151142615702109,-0.3122178387045619,0.2785228592020181,0.5655,2000,2
olmo,OLMo-2-1124-7B,29,12,49,0.9375,-0.031122448979591835,0.8318851249389776,0.9059209692207741,-0.3195526638650928,0.25273735493772603,0.582,2000,0
olmo,OLMo-2-1124-7B,29,13,49,0.9375,-0.32112244897959186,0.024462907753540073,0.2213142567285887,-0.5924423729462398,0.009985766110105855,0.9715,2000,13
olmo,OLMo-2-1124-7B,29,14,49,0.9375,-0.3336734693877551,0.019129060680087663,0.21410967629784336,-0.6008957185160803,-0.0030755760010648735,0.9755,2000,21
olmo,OLMo-2-1124-7B,29,15,49,0.9375,0.01673469387755102,0.9091373563704662,0.941501469380418,-0.29917728977225394,0.31907529902819753,0.4645,2000,1
olmo,OLMo-2-1124-7B,29,16,49,0.9375,-0.2042857142857143,0.1591363052453564,0.44669840068871974,-0.4633948194474941,0.08683589832073374,0.9085,2000,1
olmo,OLMo-2-1124-7B,29,17,49,0.9375,-0.06285714285714286,0.6678751833387184,0.8299569138345995,-0.35304071561212963,0.25552520096763176,0.6635,2000,0
olmo,OLMo-2-1124-7B,29,18,49,0.9375,0.06714285714285714,0.6466760824202927,0.8211759776765621,-0.23861755980872787,0.3665655446658847,0.3325,2000,0
olmo,OLMo-2-1124-7B,29,19,49,0.9375,0.11846938775510205,0.4175159233428898,0.6666329178323915,-0.1816198118696082,0.40981447458734044,0.205,2000,0
olmo,OLMo-2-1124-7B,29,20,49,0.9375,-0.11836734693877551,0.4179199932876369,0.6666329178323915,-0.41330339503919034,0.17296576849702958,0.7805,2000,0
olmo,OLMo-2-1124-7B,29,21,49,0.9375,-0.19540816326530613,0.17844489931136684,0.46744484251188184,-0.48130562263881754,0.12748861244216306,0.8885,2000,0
olmo,OLMo-2-1124-7B,29,22,49,0.9375,0.12846938775510205,0.3790089933257571,0.6431973170505845,-0.16174888957571637,0.4072870493689933,0.2035,2000,0
olmo,OLMo-2-1124-7B,29,23,49,0.9375,0.135,0.35504502554498585,0.6173114109146888,-0.17079674682214022,0.40811502482766515,0.187,2000,0
olmo,OLMo-2-1124-7B,29,24,49,0.9375,0.3103061224489796,0.030010895762964656,0.22599944342624953,0.019646898105179732,0.5556059112789474,0.018,2000,0
olmo,OLMo-2-1124-7B,29,25,49,0.9375,-0.40948979591836737,0.0034808813547972254,0.09512885696639165,-0.6279619477245879,-0.15167390420591964,0.998,2000,0
olmo,OLMo-2-1124-7B,29,26,49,0.9375,-0.21897959183673468,0.13061014441439267,0.4371711027501106,-0.47194566519093634,0.061902292423983894,0.938,2000,0
olmo,OLMo-2-1124-7B,29,27,49,0.9375,-0.08938775510204082,0.5413412935853588,0.7499100170879428,-0.3799920082485553,0.19754373800771233,0.718,2000,0
olmo,OLMo-2-1124-7B,29,28,49,0.9375,0.0723469387755102,0.6213039432239383,0.7921006447476504,-0.20943162389292458,0.3432103042074963,0.3065,2000,0
olmo,OLMo-2-1124-7B,29,29,49,0.9375,-0.21887755102040815,0.13079401222997197,0.4371711027501106,-0.4579673668817268,0.0591524660392315,0.934,2000,1
olmo,OLMo-2-1124-7B,29,30,49,0.9375,0.11336734693877551,0.43799083205786266,0.6807680636967964,-0.16643972060515558,0.37836366534308613,0.211,2000,0
olmo,OLMo-2-1124-7B,29,31,49,0.9375,-0.10265306122448979,0.4827547174141625,0.7086307778556514,-0.37910018430149417,0.19491274484070795,0.7545,2000,4
olmo,OLMo-2-1124-7B,30,0,49,0.96875,0.08295918367346938,0.570917128291473,0.768189275148735,-0.2292126211555197,0.39618945322489874,0.298,2000,0
olmo,OLMo-2-1124-7B,30,1,49,0.96875,0.1279591836734694,0.3809208404625957,0.6431973170505845,-0.15068598186853147,0.3985245980250772,0.1885,2000,0
olmo,OLMo-2-1124-7B,30,2,49,0.96875,0.10714285714285714,0.46370983907830415,0.6965615808045474,-0.19462787672791118,0.4166502988512215,0.251,2000,0
olmo,OLMo-2-1124-7B,30,3,49,0.96875,-0.04591836734693878,0.754055704860723,0.8641993273221253,-0.3498818519413757,0.2639617975584965,0.629,2000,0
olmo,OLMo-2-1124-7B,30,4,49,0.96875,0.21040816326530612,0.14674187487359916,0.4371711027501106,-0.07224632919732064,0.466360195630162,0.075,2000,0
olmo,OLMo-2-1124-7B,30,5,49,0.96875,-0.3339795918367347,0.019012372990547272,0.21410967629784336,-0.5703313057048867,-0.041377251414372415,0.987,2000,8
olmo,OLMo-2-1124-7B,30,6,49,0.96875,-0.27918367346938777,0.0520577553855853,0.25240123823314087,-0.5457656140005264,0.015996352861976086,0.9685,2000,0
olmo,OLMo-2-1124-7B,30,7,49,0.96875,-0.508265306122449,0.0001926638693287165,0.01541310954629732,-0.7219285641207411,-0.24892330051134168,1.0,2000,10
olmo,OLMo-2-1124-7B,30,8,49,0.96875,-0.20591836734693877,0.15575863618937158,0.44286840345501854,-0.4711536908162683,0.08676784388522883,0.9145,2000,1
olmo,OLMo-2-1124-7B,30,9,49,0.96875,0.28581632653061223,0.04650183029746332,0.25240123823314087,-0.031948235529501386,0.5382498961810326,0.0395,2000,5
olmo,OLMo-2-1124-7B,30,10,49,0.96875,0.05408163265306123,0.7120764416946682,0.850792595271271,-0.24376342436330162,0.3460036955737975,0.3395,2000,0
olmo,OLMo-2-1124-7B,30,11,49,0.96875,0.05275510204081633,0.7188446185116935,0.8519639923101552,-0.2401298346489948,0.3200976341912799,0.348,2000,0
olmo,OLMo-2-1124-7B,30,12,49,0.96875,0.19357142857142856,0.18264182252587147,0.46744484251188184,-0.10483319234921401,0.4676544662798928,0.097,2000,18
olmo,OLMo-2-1124-7B,30,13,49,0.96875,-0.32020408163265307,0.024897853881966227,0.2213142567285887,-0.5691789346189251,-0.021847967866401228,0.9805,2000,8
olmo,OLMo-2-1124-7B,30,14,49,0.96875,-0.31489795918367347,0.027539657243541828,0.22599944342624953,-0.54165938204136,-0.04813374564103449,0.99,2000,1
olmo,OLMo-2-1124-7B,30,15,49,0.96875,0.3103061224489796,0.030010895762964656,0.22599944342624953,0.007219146523713005,0.6077925311076466,0.023,2000,0
olmo,OLMo-2-1124-7B,30,16,49,0.96875,-0.04,0.7849447575636722,0.8907174553914011,-0.3047384848644426,0.23850134709425252,0.627,2000,0
olmo,OLMo-2-1124-7B,30,17,49,0.96875,-0.26816326530612244,0.06246695018076479,0.2939621184977167,-0.5171842906307668,0.023554535760371798,0.9665,2000,1
olmo,OLMo-2-1124-7B,30,18,49,0.96875,-0.08040816326530613,0.5828562473489243,0.768189275148735,-0.39631292862067197,0.24398072820021832,0.693,2000,11
olmo,OLMo-2-1124-7B,30,19,49,0.96875,-0.13448979591836735,0.35688315943505444,0.6173114109146888,-0.4251557053173298,0.17191650237068223,0.801,2000,0
olmo,OLMo-2-1124-7B,30,20,49,0.96875,-0.2113265306122449,0.14494613123384362,0.4371711027501106,-0.484244109932643,0.09785354776242984,0.8985,2000,0
olmo,OLMo-2-1124-7B,30,21,49,0.96875,0.19306122448979593,0.1838200992132163,0.46744484251188184,-0.09693394924462068,0.47226085640282445,0.0965,2000,0
olmo,OLMo-2-1124-7B,30,22,49,0.96875,0.16795918367346938,0.24867224235073598,0.5269875334585133,-0.12371725342214472,0.4407424959509322,0.1325,2000,3
olmo,OLMo-2-1124-7B,30,23,49,0.96875,0.11173469387755101,0.444658852943871,0.6807680636967964,-0.22219061957628883,0.43602272410659043,0.259,2000,1
olmo,OLMo-2-1124-7B,30,24,49,0.96875,-0.14265306122448979,0.3281704483758143,0.6070204825448589,-0.40118646242995404,0.14329170220266316,0.843,2000,0
olmo,OLMo-2-1124-7B,30,25,49,0.96875,0.39683673469387754,0.004756442848319583,0.09512885696639165,0.09561970735172061,0.6423819742489268,0.003,2000,1
olmo,OLMo-2-1124-7B,30,26,49,0.96875,0.04,0.7849447575636722,0.8907174553914011,-0.2869525958205692,0.36089785720889284,0.4145,2000,0
olmo,OLMo-2-1124-7B,30,27,49,0.96875,-0.1903061224489796,0.19027699146478946,0.4768268172306126,-0.47059981359226416,0.12865394619138015,0.8835,2000,0
olmo,OLMo-2-1124-7B,30,28,49,0.96875,-0.025714285714285714,0.8607793522894795,0.9151142615702109,-0.303805186919332,0.27339876533954166,0.5645,2000,0
olmo,OLMo-2-1124-7B,30,29,49,0.96875,0.07928571428571428,0.5881449137857503,0.768189275148735,-0.20716277130897207,0.36880436857982946,0.277,2000,0
olmo,OLMo-2-1124-7B,30,30,49,0.96875,-0.03561224489795918,0.8080616860977513,0.8940366273009918,-0.3187091503423763,0.2568131257579681,0.607,2000,0
olmo,OLMo-2-1124-7B,30,31,49,0.96875,-0.1523469387755102,0.2960166313397904,0.577593427004469,-0.4425308262795501,0.1906576271476919,0.825,2000,1
olmo,OLMo-2-1124-7B,31,0,49,1.0,-0.06020408163265306,0.6811294530074098,0.8299569138345995,-0.34417331979183824,0.2529489343349716,0.6405,2000,5
olmo,OLMo-2-1124-7B,31,1,49,1.0,0.11489795918367347,0.4317904370306769,0.6773183325971401,-0.17336610053108584,0.38516217414976645,0.215,2000,10
olmo,OLMo-2-1124-7B,31,2,49,1.0,0.10704081632653062,0.46413812909433405,0.6965615808045474,-0.1928528684133409,0.4043357773676472,0.236,2000,0
olmo,OLMo-2-1124-7B,31,3,49,1.0,0.2753061224489796,0.05554707730924205,0.2652994737157829,-0.0026074200465456814,0.5265598867831299,0.027,2000,42
olmo,OLMo-2-1124-7B,31,4,49,1.0,0.053469387755102044,0.7151975253999122,0.850792595271271,-0.23291905574455157,0.3174475269412388,0.369,2000,0
olmo,OLMo-2-1124-7B,31,5,49,1.0,0.09357142857142857,0.5225000474828323,0.7365639435881337,-0.18821478215245147,0.3610034734839971,0.232,2000,0
olmo,OLMo-2-1124-7B,31,6,49,1.0,0.1929591836734694,0.1840564067390535,0.46744484251188184,-0.1279987130135509,0.4851237334114831,0.127,2000,0
olmo,OLMo-2-1124-7B,31,7,49,1.0,0.25795918367346937,0.07353086430998747,0.3268038413777221,-0.01956234844030313,0.5128397763253134,0.0335,2000,0
olmo,OLMo-2-1124-7B,31,8,49,1.0,0.0639795918367347,0.6622973542245638,0.8299569138345995,-0.2581598623559567,0.38498083665641475,0.369,2000,0
olmo,OLMo-2-1124-7B,31,9,49,1.0,-0.12346938775510204,0.3979909228510463,0.6497810985323206,-0.4001070694468804,0.17264848860368057,0.789,2000,6
olmo,OLMo-2-1124-7B,31,10,49,1.0,-0.32653061224489793,0.022028779551266198,0.22028779551266198,-0.6099661822761486,-0.002273972609418315,0.976,2000,30
olmo,OLMo-2-1124-7B,31,11,49,1.0,-0.08397959183673469,0.5661732463383644,0.768189275148735,-0.3720042862178438,0.21621133721960195,0.699,2000,0
olmo,OLMo-2-1124-7B,31,12,49,1.0,-0.13673469387755102,0.34883873424289474,0.609991229277193,-0.4115365713002024,0.15658247308217935,0.8095,2000,0
olmo,OLMo-2-1124-7B,31,13,49,1.0,0.4259183673469388,0.0022790653833637325,0.08103343585293271,0.1608507797344686,0.6486775987128481,0.003,2000,0
olmo,OLMo-2-1124-7B,31,14,49,1.0,0.14714285714285713,0.3130152831063506,0.592691660319717,-0.14711956744253163,0.42675759279179365,0.182,2000,0
olmo,OLMo-2-1124-7B,31,15,49,1.0,-0.05704081632653061,0.6970577307773338,0.8385656911607022,-0.3347101397034699,0.22632815722864863,0.6565,2000,3
olmo,OLMo-2-1124-7B,31,16,49,1.0,-0.21224489795918366,0.14316672879286912,0.4371711027501106,-0.4661804312059258,0.08247916609728813,0.928,2000,3
olmo,OLMo-2-1124-7B,31,17,49,1.0,-0.20755102040816326,0.1524339097224545,0.44286840345501854,-0.46071898826877106,0.08797529940818592,0.9155,2000,10
olmo,OLMo-2-1124-7B,31,18,49,1.0,-0.5719387755102041,1.762676079406684e-05,0.00564056345410139,-0.7315642949126395,-0.34310899892687435,1.0,2000,17
olmo,OLMo-2-1124-7B,31,19,49,1.0,-0.39755102040816326,0.004674817147416218,0.09512885696639165,-0.6205425713408573,-0.13466647306203725,0.9995,2000,0
olmo,OLMo-2-1124-7B,31,20,49,1.0,-0.29122448979591836,0.042337801954334016,0.24632902955248884,-0.5708265173756842,0.016599049906307447,0.9655,2000,20
olmo,OLMo-2-1124-7B,31,21,49,1.0,0.23387755102040816,0.10579206650232136,0.41794396642892384,-0.07818449652150837,0.5109543046527663,0.0765,2000,0
olmo,OLMo-2-1124-7B,31,22,49,1.0,-0.08051020408163265,0.5823765260737745,0.768189275148735,-0.37429445055451266,0.21690974039788644,0.6945,2000,0
olmo,OLMo-2-1124-7B,31,23,49,1.0,-0.059489795918367346,0.6847144539135446,0.8299569138345995,-0.35904635238940324,0.24075118773491286,0.6495,2000,0
olmo,OLMo-2-1124-7B,31,24,49,1.0,-0.2978571428571429,0.03765280577648652,0.23625289898971932,-0.567048623902588,-0.00562198297704505,0.9775,2000,0
olmo,OLMo-2-1124-7B,31,25,49,1.0,0.13224489795918368,0.3650396628215775,0.6280252263597033,-0.15437604467939195,0.4007831275098299,0.1795,2000,0
olmo,OLMo-2-1124-7B,31,26,49,1.0,-0.03520408163265306,0.8102206934915238,0.8940366273009918,-0.3041975093964334,0.22614269311388085,0.6045,2000,0
olmo,OLMo-2-1124-7B,31,27,49,1.0,-0.02153061224489796,0.883257921525026,0.9272733283014095,-0.2843337271378556,0.24403433579416062,0.565,2000,0
olmo,OLMo-2-1124-7B,31,28,49,1.0,0.10642857142857143,0.4667123386840719,0.6965615808045474,-0.20436076339637213,0.38370264234941026,0.251,2000,0
olmo,OLMo-2-1124-7B,31,29,49,1.0,0.11816326530612245,0.4187288015134709,0.6666329178323915,-0.20167856783167834,0.41308563953143146,0.2235,2000,12
olmo,OLMo-2-1124-7B,31,30,49,1.0,-0.14510204081632652,0.31984781439325755,0.5950657011967582,-0.4196929966342771,0.13595392289438557,0.841,2000,3
olmo,OLMo-2-1124-7B,31,31,49,1.0,-0.05969387755102041,0.6836894622170743,0.8299569138345995,-0.3421739935559086,0.253404385830394,0.658,2000,0
pythia,pythia-12b,24,0,49,0.6944444444444444,0.16224489795918368,0.2653672758731344,0.7179842062509187,-0.12532955242182708,0.4289015043010959,0.1285,2000,0
pythia,pythia-12b,24,1,49,0.6944444444444444,0.15020408163265306,0.30294223033546425,0.7544583017839159,-0.15808281635730873,0.4160675507726436,0.161,2000,0
pythia,pythia-12b,24,2,49,0.6944444444444444,-0.08173469387755102,0.5766338379322337,0.8736524425150741,-0.32265024970547734,0.16905511136158166,0.7335,2000,9
pythia,pythia-12b,24,3,49,0.6944444444444444,-0.28744897959183674,0.04521104167072936,0.30338250227209623,-0.5503566029849677,0.01834173361684913,0.967,2000,0
pythia,pythia-12b,24,4,49,0.6944444444444444,0.1366326530612245,0.34920195317391467,0.7672154180223564,-0.12257889115882031,0.3765587785913248,0.149,2000,0
pythia,pythia-12b,24,5,49,0.6944444444444444,-0.031122448979591835,0.8318851249389776,0.9261852437574248,-0.31879795078038153,0.2549697277679212,0.595,2000,0
pythia,pythia-12b,24,6,49,0.6944444444444444,0.05489795918367347,0.7079222545024868,0.8876255460377891,-0.2529907176154125,0.34175978127426476,0.379,2000,0
pythia,pythia-12b,24,7,49,0.6944444444444444,0.43918367346938775,0.0015939036086560867,0.0531680703744566,0.16870239209323756,0.6371705794375071,0.0015,2000,0
pythia,pythia-12b,24,8,49,0.6944444444444444,0.10571428571428572,0.46972524524867765,0.8469563302360327,-0.19479806285177467,0.37887514147638124,0.233,2000,0
pythia,pythia-12b,24,9,49,0.6944444444444444,-0.33010204081632655,0.020535773044124666,0.19571849003278,-0.5673597970491681,-0.07123956968063903,0.997,2000,0
pythia,pythia-12b,24,10,49,0.6944444444444444,0.1870408163265306,0.1981369244199192,0.6656830482309516,-0.13537049703365803,0.4677712360478124,0.12,2000,0
pythia,pythia-12b,24,11,49,0.6944444444444444,-0.286734693877551,0.04577211887933535,0.30338250227209623,-0.5390125051051324,-0.00237373879522023,0.976,2000,4
pythia,pythia-12b,24,12,49,0.6944444444444444,-0.28489795918367344,0.0472409882558895,0.30338250227209623,-0.5279573980793558,-0.0066191555116176855,0.976,2000,1
pythia,pythia-12b,24,13,49,0.6944444444444444,-0.23948979591836736,0.09744508628537198,0.4505629237155318,-0.5157373799949614,0.06284300551196838,0.939,2000,2
pythia,pythia-12b,24,14,49,0.6944444444444444,-0.10071428571428571,0.4911039113839085,0.8628114541815487,-0.39658528880624144,0.20617792530200607,0.752,2000,0
pythia,pythia-12b,24,15,49,0.6944444444444444,0.20540816326530612,0.15680845277063005,0.5953621743405222,-0.08270780824422742,0.4545721848193921,0.0825,2000,0
pythia,pythia-12b,24,16,49,0.6944444444444444,0.07112244897959184,0.6272362008310076,0.8830580895029374,-0.21828743263385142,0.34544630816978666,0.3135,2000,0
pythia,pythia-12b,24,17,49,0.6944444444444444,-0.09183673469387756,0.5302725279295335,0.8628114541815487,-0.3934391024535399,0.23123792625694467,0.7095,2000,13
pythia,pythia-12b,24,18,49,0.6944444444444444,-0.011224489795918367,0.9389851618399635,0.9705704476254162,-0.32273734292040257,0.2823804202669491,0.5375,2000,0
pythia,pythia-12b,24,19,49,0.6944444444444444,0.21326530612244898,0.14120869290008053,0.5588513524096408,-0.0766860452711391,0.4724005860322071,0.074,2000,0
pythia,pythia-12b,24,20,49,0.6944444444444444,-0.0673469387755102,0.6456733231337687,0.8830580895029374,-0.3617819708718166,0.2329165980476365,0.6605,2000,0
pythia,pythia-12b,24,21,49,0.6944444444444444,-0.00020408163265306123,0.9988895912587594,0.9988895912587594,-0.288931461676283,0.30427994685200327,0.504,2000,0
pythia,pythia-12b,24,22,49,0.6944444444444444,-0.07948979591836734,0.5871817431159306,0.8736524425150741,-0.3477565868496836,0.2146926357506468,0.7025,2000,0
pythia,pythia-12b,24,23,49,0.6944444444444444,-0.33479591836734696,0.01870414569908301,0.1922305620224833,-0.5701695058751508,-0.054002300960258244,0.9905,2000,1
pythia,pythia-12b,24,24,49,0.6944444444444444,0.1576530612244898,0.2793123296252971,0.7328025726686166,-0.12050387292546214,0.43060315683618655,0.1455,2000,0
pythia,pythia-12b,24,25,49,0.6944444444444444,0.11459183673469388,0.43302656290770486,0.8275364309379849,-0.15669947996823955,0.35926362468095885,0.2135,2000,1
pythia,pythia-12b,24,26,49,0.6944444444444444,-0.10989795918367347,0.45222688986398474,0.8432307995582982,-0.3798249115533267,0.15933468492708794,0.7895,2000,1
pythia,pythia-12b,24,27,49,0.6944444444444444,-0.04255102040816326,0.7715872231726943,0.8994438925187387,-0.3263832824665028,0.2682943238205846,0.6155,2000,1
pythia,pythia-12b,24,28,49,0.6944444444444444,-0.05683673469387755,0.6980899018098924,0.8830580895029374,-0.3367432105671729,0.22689717120029865,0.645,2000,0
pythia,pythia-12b,24,29,49,0.6944444444444444,0.047551020408163266,0.745598922271693,0.8994438925187387,-0.24429735812793374,0.3272318700759699,0.3745,2000,0
pythia,pythia-12b,24,30,49,0.6944444444444444,-0.10663265306122449,0.4658534181713938,0.8432307995582982,-0.3886940142195811,0.18097005665770038,0.776,2000,1
pythia,pythia-12b,24,31,49,0.6944444444444444,0.010510204081632652,0.9428612759055783,0.9705704476254162,-0.27458156897213254,0.29454175343667754,0.4765,2000,0
pythia,pythia-12b,24,32,49,0.6944444444444444,-0.037244897959183676,0.7994399448018134,0.9162773410732289,-0.3172566209578674,0.23197347574835642,0.6045,2000,0
pythia,pythia-12b,24,33,49,0.6944444444444444,-0.27183673469387754,0.058826695168193825,0.3308578884031846,-0.5161927053032466,0.016578878316953427,0.9695,2000,0
pythia,pythia-12b,24,34,49,0.6944444444444444,-0.35081632653061223,0.013457594534771251,0.17457490688161595,-0.580706146849931,-0.0782711061928798,0.9935,2000,0
pythia,pythia-12b,24,35,49,0.6944444444444444,-0.0034693877551020408,0.9811247494849328,0.9917429827044667,-0.3044457400589284,0.31317063733856104,0.513,2000,0
pythia,pythia-12b,24,36,49,0.6944444444444444,0.03357142857142857,0.8188705514148003,0.923303798650746,-0.2562377458892822,0.3221663296164537,0.4115,2000,0
pythia,pythia-12b,24,37,49,0.6944444444444444,0.01,0.9456307359091315,0.9705704476254162,-0.29693743920066956,0.29733438999509465,0.491,2000,6
pythia,pythia-12b,24,38,49,0.6944444444444444,-0.0913265306122449,0.5325693149111888,0.8628114541815487,-0.3575562539830155,0.17474846069188665,0.7465,2000,0
pythia,pythia-12b,24,39,49,0.6944444444444444,-0.19459183673469388,0.1803015430221348,0.6283643327711713,-0.46475529008059735,0.09046895779586192,0.911,2000,0
pythia,pythia-12b,25,0,49,0.7222222222222222,0.18081632653061225,0.213750667534012,0.6790468062048516,-0.13148161943658343,0.47014326023793795,0.118,2000,0
pythia,pythia-12b,25,1,49,0.7222222222222222,-0.06551020408163265,0.6547203956727345,0.8830580895029374,-0.3517431121331914,0.23885615130835844,0.677,2000,11
pythia,pythia-12b,25,2,49,0.7222222222222222,0.05744897959183674,0.694995017336475,0.8830580895029374,-0.22206692565876746,0.327701683349256,0.341,2000,5
pythia,pythia-12b,25,3,49,0.7222222222222222,-0.1293877551020408,0.3755821000159972,0.7734349238957922,-0.432884626230489,0.18453456714672498,0.7765,2000,0
pythia,pythia-12b,25,4,49,0.7222222222222222,-0.08765306122448979,0.5492486190609663,0.8694884918693941,-0.37410541247698187,0.21887819633876526,0.7025,2000,0
pythia,pythia-12b,25,5,49,0.7222222222222222,-0.1476530612244898,0.3113217919706111,0.7544583017839159,-0.4035587942184332,0.14374412909149314,0.841,2000,0
pythia,pythia-12b,25,6,49,0.7222222222222222,-0.145,0.32019189986074575,0.7544583017839159,-0.41240398409457535,0.16679929430846183,0.8325,2000,1
pythia,pythia-12b,25,7,49,0.7222222222222222,0.011122448979591837,0.9395388088703858,0.9705704476254162,-0.2742569876654012,0.30599678021631793,0.485,2000,0
pythia,pythia-12b,25,8,49,0.7222222222222222,-0.22540816326530613,0.11941331439011421,0.5116148423870032,-0.4695457522073983,0.0665595758668495,0.944,2000,7
pythia,pythia-12b,25,9,49,0.7222222222222222,-0.11989795918367346,0.41188237983214493,0.8126618189651931,-0.36970512758407464,0.1564106715177264,0.815,2000,0
pythia,pythia-12b,25,10,49,0.7222222222222222,-0.01010204081632653,0.9450767919960641,0.9705704476254162,-0.2977381278882384,0.2843960349336073,0.5175,2000,0
pythia,pythia-12b,25,11,49,0.7222222222222222,-0.36744897959183676,0.009395954947618222,0.1462636986845903,-0.5746229742855682,-0.09492341983098679,0.9935,2000,11
pythia,pythia-12b,25,12,49,0.7222222222222222,-0.2286734693877551,0.11401242139727698,0.5038430214637508,-0.5010678165388677,0.06289028863250025,0.9345,2000,0
pythia,pythia-12b,25,13,49,0.7222222222222222,-0.045714285714285714,0.7551148352966084,0.8994438925187387,-0.3416182106019257,0.2603895302404104,0.602,2000,0
pythia,pythia-12b,25,14,49,0.7222222222222222,-0.151734693877551,0.29798482391923037,0.7544583017839159,-0.4368474245306038,0.11572049054675505,0.8565,2000,0
pythia,pythia-12b,25,15,49,0.7222222222222222,-0.07561224489795919,0.6056014169140888,0.8772271414663558,-0.34834044381842294,0.20315862977138482,0.706,2000,0
pythia,pythia-12b,25,16,49,0.7222222222222222,0.18244897959183673,0.20957460965429947,0.6790468062048516,-0.11825819216660458,0.4419268251394136,0.117,2000,1
pythia,pythia-12b,25,17,49,0.7222222222222222,0.017040816326530612,0.9074823984241474,0.9624631727154471,-0.29172774150081837,0.31140503039912304,0.4585,2000,0
pythia,pythia-12b,25,18,49,0.7222222222222222,-0.30448979591836733,0.03340319580151636,0.2643947871069176,-0.5832552879715908,0.02651874168758211,0.964,2000,0
pythia,pythia-12b,25,19,49,0.7222222222222222,0.22387755102040816,0.1220107804749679,0.5179912225619091,-0.06626687887746807,0.4759758273947344,0.0605,2000,0
pythia,pythia-12b,25,20,49,0.7222222222222222,0.15428571428571428,0.2898396925975896,0.7445383190330076,-0.15479698624860055,0.4323738426550481,0.151,2000,0
pythia,pythia-12b,25,21,49,0.7222222222222222,0.3355102040816327,0.018437926397873665,0.1922305620224833,0.015548001971215324,0.6037422637606555,0.0215,2000,0
pythia,pythia-12b,25,22,49,0.7222222222222222,-0.2757142857142857,0.05517112902453135,0.32206146568070176,-0.5505570034237824,-0.002280145717738765,0.976,2000,3
pythia,pythia-12b,25,23,49,0.7222222222222222,0.02346938775510204,0.872828613868254,0.9435438950844321,-0.2643451458139165,0.32881305549453155,0.443,2000,0
pythia,pythia-12b,25,24,49,0.7222222222222222,0.09091836734693877,0.5344102456109827,0.8628114541815487,-0.2107418662982777,0.37802695576010903,0.29,2000,0
pythia,pythia-12b,25,25,49,0.7222222222222222,-0.39816326530612245,0.004605831422393455,0.09351840322859754,-0.6286986349953123,-0.1352277159593743,0.997,2000,0
pythia,pythia-12b,25,26,49,0.7222222222222222,-0.09540816326530613,0.5143325728285464,0.8628114541815487,-0.39404119653402353,0.20195047945597155,0.7095,2000,0
pythia,pythia-12b,25,27,49,0.7222222222222222,-0.09224489795918367,0.5284386102313896,0.8628114541815487,-0.3855151409217079,0.21199338040006852,0.7055,2000,0
pythia,pythia-12b,25,28,49,0.7222222222222222,-0.40877551020408165,0.0035439040421263836,0.08188832152680298,-0.6622975015460558,-0.10371332266544488,0.998,2000,43
pythia,pythia-12b,25,29,49,0.7222222222222222,-0.028775510204081634,0.8443994670517763,0.9322329813550343,-0.3272483701774791,0.25580961751401743,0.5815,2000,0
pythia,pythia-12b,25,30,49,0.7222222222222222,-0.20948979591836736,0.1485540311047273,0.5781227710492305,-0.4871847978158246,0.09299579613578401,0.9105,2000,0
pythia,pythia-12b,25,31,49,0.7222222222222222,-0.29591836734693877,0.03897585456232438,0.29049036697403136,-0.5457490396977165,0.02661867523832474,0.9665,2000,0
pythia,pythia-12b,25,32,49,0.7222222222222222,-0.22744897959183674,0.11601551253365806,0.5038430214637508,-0.508636585079967,0.06902585108533521,0.9365,2000,15
pythia,pythia-12b,25,33,49,0.7222222222222222,-0.29714285714285715,0.03813587641220026,0.29049036697403136,-0.5346113755064634,-0.04359314054161113,0.989,2000,1
pythia,pythia-12b,25,34,49,0.7222222222222222,-0.11520408163265305,0.4305562922511856,0.8275364309379849,-0.41526624845178933,0.18345692309479317,0.755,2000,0
pythia,pythia-12b,25,35,49,0.7222222222222222,-0.49857142857142855,0.00026639570733283765,0.02073446588740586,-0.7069069866118506,-0.2374823217614,1.0,2000,41
pythia,pythia-12b,25,36,49,0.7222222222222222,-0.341734693877551,0.016250841722536154,0.19132017951169672,-0.6032642807096177,-0.05527915972805318,0.9895,2000,1
pythia,pythia-12b,25,37,49,0.7222222222222222,0.16438775510204082,0.25902123096709906,0.7157568926723981,-0.12032483952480516,0.42810401397144704,0.129,2000,1
pythia,pythia-12b,25,38,49,0.7222222222222222,-0.1329591836734694,0.3624322787326604,0.7734349238957922,-0.4276676689542268,0.18425211496109917,0.7865,2000,0
pythia,pythia-12b,25,39,49,0.7222222222222222,0.09938775510204081,0.49685945939117393,0.8628114541815487,-0.2263382956574735,0.3955987378189512,0.268,2000,1
pythia,pythia-12b,26,0,49,0.75,0.10918367346938776,0.4551889243532323,0.8432307995582982,-0.19792514577270412,0.4081193900537385,0.2665,2000,0
pythia,pythia-12b,26,1,49,0.75,-0.03326530612244898,0.8204948103641532,0.923303798650746,-0.3308257585602459,0.28986721017385636,0.5595,2000,1
pythia,pythia-12b,26,2,49,0.75,-0.3140816326530612,0.027966134577935536,0.24231963632046333,-0.544233202307215,-0.052970800383671045,0.9895,2000,0
pythia,pythia-12b,26,3,49,0.75,0.25255102040816324,0.07999364204068941,0.3887778293823685,-0.04734367764735447,0.5200840904933396,0.0505,2000,0
pythia,pythia-12b,26,4,49,0.75,0.21693877551020407,0.13432451786604416,0.5407719814089881,-0.0849149655130963,0.4904444114966324,0.076,2000,1
pythia,pythia-12b,26,5,49,0.75,0.1913265306122449,0.18786696877581277,0.6412114025682958,-0.08807513123154286,0.44736687121758123,0.096,2000,0
pythia,pythia-12b,26,6,49,0.75,-0.04387755102040816,0.7646668466865757,0.8994438925187387,-0.3551778323221268,0.2408702863338603,0.619,2000,9
pythia,pythia-12b,26,7,49,0.75,-0.07285714285714286,0.6188391537254496,0.8830580895029374,-0.3681424275684954,0.2310701202715305,0.6775,2000,41
pythia,pythia-12b,26,8,49,0.75,-0.07785714285714286,0.5949068023978449,0.8736524425150741,-0.3576699271384369,0.1955662044042852,0.7025,2000,0
pythia,pythia-12b,26,9,49,0.75,-0.18785714285714286,0.19615074129791535,0.6637854796096121,-0.4835651464533608,0.12293751702950462,0.883,2000,23
pythia,pythia-12b,26,10,49,0.75,-0.06979591836734694,0.6336892238353057,0.8830580895029374,-0.36359486403545455,0.2400702116354112,0.683,2000,0
pythia,pythia-12b,26,11,49,0.75,-0.008673469387755102,0.9528342276358858,0.9758192638288568,-0.2982459263057219,0.29425714757582694,0.515,2000,0
pythia,pythia-12b,26,12,49,0.75,-0.04642857142857143,0.7514098404640489,0.8994438925187387,-0.3388669094243469,0.24713006394617457,0.624,2000,0
pythia,pythia-12b,26,13,49,0.75,0.15846938775510205,0.2767986277462268,0.730310503714621,-0.12289251008444299,0.41147882440584294,0.143,2000,0
pythia,pythia-12b,26,14,49,0.75,-0.4194897959183673,0.0026965877275011044,0.0699614704857231,-0.6477631696310554,-0.13770114573419567,0.996,2000,0
pythia,pythia-12b,26,15,49,0.75,0.04663265306122449,0.7503522841212042,0.8994438925187387,-0.24131038902747132,0.32083058031487827,0.3695,2000,0
pythia,pythia-12b,26,16,49,0.75,-0.0746938775510204,0.610000362411993,0.8772271414663558,-0.33455182660609634,0.21059080245397283,0.6985,2000,0
pythia,pythia-12b,26,17,49,0.75,-0.09285714285714286,0.525693607379766,0.8628114541815487,-0.3774167312860814,0.21454567439840985,0.724,2000,0
pythia,pythia-12b,26,18,49,0.75,0.10846938775510204,0.4581614981336156,0.8432307995582982,-0.2118183986682796,0.42140123434559595,0.27,2000,0
pythia,pythia-12b,26,19,49,0.75,-0.08520408163265306,0.5605048731246708,0.8725192524974041,-0.3644688937503881,0.21353704903903464,0.7235,2000,0
pythia,pythia-12b,26,20,49,0.75,-0.20234693877551022,0.16321656850522026,0.6025687551469172,-0.44978344352995475,0.08703742300759501,0.91,2000,0
pythia,pythia-12b,26,21,49,0.75,0.07142857142857142,0.6257509292018498,0.8830580895029374,-0.235991224977483,0.36105647747032227,0.3185,2000,0
pythia,pythia-12b,26,22,49,0.75,0.09938775510204081,0.49685945939117393,0.8628114541815487,-0.19712723984760136,0.3830321413593937,0.259,2000,0
pythia,pythia-12b,26,23,49,0.75,-0.058163265306122446,0.6913905286736224,0.8830580895029374,-0.3546397168428922,0.24870546668292928,0.65,2000,0
pythia,pythia-12b,26,24,49,0.75,0.005714285714285714,0.9689161581635866,0.9836605344834672,-0.3042013947276732,0.32791368085947675,0.5075,2000,0
pythia,pythia-12b,26,25,49,0.75,-0.09091836734693877,0.5344102456109827,0.8628114541815487,-0.37239442376794535,0.1923207239648745,0.7245,2000,0
pythia,pythia-12b,26,26,49,0.75,-0.12030612244897959,0.41028084762080586,0.8126618189651931,-0.40433716239787165,0.18202507012461375,0.797,2000,0
pythia,pythia-12b,26,27,49,0.75,-0.19653061224489796,0.1759145467596313,0.6176849123063747,-0.47402414244041935,0.13128679426045284,0.89,2000,0
pythia,pythia-12b,26,28,49,0.75,-0.08887755102040816,0.5436612557608984,0.8665181107178824,-0.3626929672418693,0.20051158750025985,0.7505,2000,0
pythia,pythia-12b,26,29,49,0.75,-0.15551020408163266,0.28598205409279376,0.7419645514518594,-0.42529308628753254,0.13225506132086173,0.855,2000,0
pythia,pythia-12b,26,30,49,0.75,-0.01183673469387755,0.935663887992878,0.9705704476254162,-0.30300245613379145,0.27698292966075405,0.541,2000,0
pythia,pythia-12b,26,31,49,0.75,0.14285714285714285,0.32747174996049255,0.7544583017839159,-0.1771719964662552,0.4556230097309057,0.193,2000,0
pythia,pythia-12b,26,32,49,0.75,-0.17326530612244898,0.23381960676200061,0.691099723783888,-0.4241270949293587,0.10917061146128014,0.8775,2000,0
pythia,pythia-12b,26,33,49,0.75,0.05653061224489796,0.6996391715547898,0.8830580895029374,-0.2629074315499687,0.3491312591012808,0.372,2000,1
pythia,pythia-12b,26,34,49,0.75,0.08071428571428571,0.581417619101681,0.8736524425150741,-0.22474533513657657,0.37232453057316445,0.298,2000,1
pythia,pythia-12b,26,35,49,0.75,-0.3488775510204082,0.014016678631436848,0.1769132140778651,-0.5966928820017006,-0.06031797683609039,0.9915,2000,0
pythia,pythia-12b,26,36,49,0.75,-0.0486734693877551,0.739801975559163,0.8994438925187387,-0.3443446261356259,0.2407563103614276,0.6415,2000,0
pythia,pythia-12b,26,37,49,0.75,-0.6279591836734694,1.3659460303896477e-06,0.0003189483980959827,-0.7644840398083037,-0.41639265321696595,1.0,2000,30
pythia,pythia-12b,26,38,49,0.75,-0.0910204081632653,0.5339497217317409,0.8628114541815487,-0.3659508156915667,0.184739795780489,0.7325,2000,0
pythia,pythia-12b,26,39,49,0.75,-0.19755102040816327,0.1736367849445564,0.6143058982508169,-0.4788488110951412,0.11463000705548186,0.889,2000,4
pythia,pythia-12b,27,0,49,0.7777777777777778,-0.2845918367346939,0.047489488308463924,0.30338250227209623,-0.5321463073686217,0.017362589665514,0.9695,2000,5
pythia,pythia-12b,27,1,49,0.7777777777777778,0.044387755102040814,0.7620099653694556,0.8994438925187387,-0.22291379616018137,0.3059643695041989,0.3575,2000,0
pythia,pythia-12b,27,2,49,0.7777777777777778,0.024183673469387754,0.8689915265315008,0.9415755055457329,-0.2737876592077838,0.32906449278937056,0.4325,2000,1
pythia,pythia-12b,27,3,49,0.7777777777777778,-0.20204081632653062,0.16386773426907597,0.6025687551469172,-0.4662178338502107,0.08846145184876981,0.9135,2000,0
pythia,pythia-12b,27,4,49,0.7777777777777778,0.0473469387755102,0.7466544223759687,0.8994438925187387,-0.2570958352044768,0.3617936174297498,0.394,2000,0
pythia,pythia-12b,27,5,49,0.7777777777777778,0.1376530612244898,0.34558022207343453,0.7648623872430992,-0.1553704363206845,0.3969765807354285,0.183,2000,5
pythia,pythia-12b,27,6,49,0.7777777777777778,0.007244897959183674,0.9605959901710166,0.9794723305892243,-0.2880082551608496,0.29820785949012496,0.475,2000,0
pythia,pythia-12b,27,7,49,0.7777777777777778,-0.15214285714285714,0.29667175780230604,0.7544583017839159,-0.40297177742093865,0.12440782382455093,0.8455,2000,0
pythia,pythia-12b,27,8,49,0.7777777777777778,-0.15071428571428572,0.30128390028242785,0.7544583017839159,-0.3970375038752026,0.13535174087943191,0.862,2000,2
pythia,pythia-12b,27,9,49,0.7777777777777778,-0.047551020408163266,0.745598922271693,0.8994438925187387,-0.333691253261917,0.22640424074737844,0.646,2000,0
pythia,pythia-12b,27,10,49,0.7777777777777778,0.1326530612244898,0.3635483438593163,0.7734349238957922,-0.18033724566101855,0.4055746924410924,0.195,2000,0
pythia,pythia-12b,27,11,49,0.7777777777777778,-0.13224489795918368,0.3650396628215775,0.7734349238957922,-0.39835048168983817,0.15192350372217073,0.822,2000,1
pythia,pythia-12b,27,12,49,0.7777777777777778,0.015102040816326531,0.917970076259211,0.963932556834408,-0.2938920831252742,0.3219126419121136,0.4675,2000,0
pythia,pythia-12b,27,13,49,0.7777777777777778,0.04346938775510204,0.7667942849013446,0.8994438925187387,-0.28518722930232077,0.33813266284887633,0.3715,2000,1
pythia,pythia-12b,27,14,49,0.7777777777777778,0.05744897959183674,0.694995017336475,0.8830580895029374,-0.2631300462574144,0.39896448331207873,0.3555,2000,0
pythia,pythia-12b,27,15,49,0.7777777777777778,-0.33418367346938777,0.018934916173520836,0.1922305620224833,-0.5702637634260688,-0.07014137325033289,0.9925,2000,10
pythia,pythia-12b,27,16,49,0.7777777777777778,-0.018367346938775512,0.9003154924733968,0.9599254223403568,-0.3044403450818224,0.25396367519192514,0.549,2000,0
pythia,pythia-12b,27,17,49,0.7777777777777778,-0.1286734693877551,0.37824585715386627,0.7734349238957922,-0.4131955594956498,0.16522936650928188,0.8185,2000,0
pythia,pythia-12b,27,18,49,0.7777777777777778,-0.27744897959183673,0.053596180037277605,0.3195437593847334,-0.5021527319028405,-0.014028615733766884,0.98,2000,3
pythia,pythia-12b,27,19,49,0.7777777777777778,-0.33010204081632655,0.020535773044124666,0.19571849003278,-0.5509884675699948,-0.06101119002605923,0.9915,2000,0
pythia,pythia-12b,27,20,49,0.7777777777777778,-0.1446938775510204,0.3212255607973433,0.7544583017839159,-0.4288412948771956,0.17014833926373588,0.821,2000,0
pythia,pythia-12b,27,21,49,0.7777777777777778,-0.06744897959183674,0.6451721769573434,0.8830580895029374,-0.3719269277673174,0.23192495053463,0.671,2000,0
pythia,pythia-12b,27,22,49,0.7777777777777778,0.032040816326530615,0.8269992338175048,0.9261852437574248,-0.28712261089707386,0.32699997759587784,0.414,2000,0
pythia,pythia-12b,27,23,49,0.7777777777777778,-0.17714285714285713,0.22335828528706272,0.6803321393337621,-0.4534153420681206,0.12540546372287842,0.8675,2000,0
pythia,pythia-12b,27,24,49,0.7777777777777778,-0.3139795918367347,0.028019829467462568,0.24231963632046333,-0.5772849413396571,-0.001047147684540483,0.9755,2000,0
pythia,pythia-12b,27,25,49,0.7777777777777778,0.05959183673469388,0.6842018876967673,0.8830580895029374,-0.22859690261909232,0.3469725151376136,0.3655,2000,0
pythia,pythia-12b,27,26,49,0.7777777777777778,0.06928571428571428,0.6361783870058386,0.8830580895029374,-0.17977593866601396,0.31919986085686625,0.307,2000,0
pythia,pythia-12b,27,27,49,0.7777777777777778,-0.12887755102040815,0.37748363740769986,0.7734349238957922,-0.43302291182718844,0.2072423833104805,0.778,2000,0
pythia,pythia-12b,27,28,49,0.7777777777777778,-0.29336734693877553,0.04077468208364677,0.2929504082009699,-0.5243176218312035,-0.004791826392797305,0.975,2000,1
pythia,pythia-12b,27,29,49,0.7777777777777778,-0.2780612244897959,0.05304906643318397,0.3195437593847334,-0.5308655386928941,0.01403201229485445,0.9675,2000,0
pythia,pythia-12b,27,30,49,0.7777777777777778,0.16071428571428573,0.26996308544306236,0.7245560971374145,-0.13679227777551595,0.4474878609762325,0.1565,2000,0
pythia,pythia-12b,27,31,49,0.7777777777777778,-0.14265306122448979,0.3281704483758143,0.7544583017839159,-0.4021298096573357,0.13316339388759732,0.853,2000,0
pythia,pythia-12b,27,32,49,0.7777777777777778,-0.40724489795918367,0.003682344222832682,0.08188832152680298,-0.6275927210698489,-0.13386776133196004,0.9975,2000,1
pythia,pythia-12b,27,33,49,0.7777777777777778,0.14051020408163264,0.3355632025646776,0.7570435536120986,-0.15523718653410554,0.4062244549812141,0.1825,2000,0
pythia,pythia-12b,27,34,49,0.7777777777777778,-0.1989795918367347,0.17048385173620986,0.6143058982508169,-0.4394038480687948,0.07240298439095003,0.921,2000,0
pythia,pythia-12b,27,35,49,0.7777777777777778,0.09,0.5385636693804426,0.8628125272678996,-0.21116765106952462,0.39568959123751374,0.2865,2000,0
pythia,pythia-12b,27,36,49,0.7777777777777778,0.09714285714285714,0.5066782788293777,0.8628114541815487,-0.20280634973521622,0.38608108840786953,0.2785,2000,0
pythia,pythia-12b,27,37,49,0.7777777777777778,0.07806122448979592,0.593938717580845,0.8736524425150741,-0.21977802502958985,0.3710299029827575,0.3045,2000,0
pythia,pythia-12b,27,38,49,0.7777777777777778,-0.38448979591836735,0.006378292852698686,0.11914651048841145,-0.5953834342559791,-0.11692349676525059,0.995,2000,0
pythia,pythia-12b,27,39,49,0.7777777777777778,-0.27,0.060624917788862386,0.3308578884031846,-0.526470472545424,0.03796114779244844,0.9555,2000,0
pythia,pythia-12b,28,0,49,0.8055555555555556,0.026530612244897958,0.8564054184372154,0.936630750375128,-0.25010472842935816,0.3046602442719737,0.424,2000,0
pythia,pythia-12b,28,1,49,0.8055555555555556,0.0746938775510204,0.610000362411993,0.8772271414663558,-0.20842698367408352,0.3559582253475917,0.3155,2000,0
pythia,pythia-12b,28,2,49,0.8055555555555556,-0.2069387755102041,0.15367450209975067,0.5930230354399755,-0.4861942557858691,0.09382378494403819,0.9125,2000,0
pythia,pythia-12b,28,3,49,0.8055555555555556,0.030918367346938775,0.8329717395677054,0.9261852437574248,-0.2564026265195797,0.2922501022076858,0.427,2000,0
pythia,pythia-12b,28,4,49,0.8055555555555556,-0.04561224489795918,0.7556445677556098,0.8994438925187387,-0.30749860496429443,0.22861632040878901,0.624,2000,0
pythia,pythia-12b,28,5,49,0.8055555555555556,-0.08112244897959184,0.5795019520163154,0.8736524425150741,-0.3490993728396589,0.19990495374794626,0.7105,2000,1
pythia,pythia-12b,28,6,49,0.8055555555555556,-0.08316326530612245,0.5699668883692999,0.8736524425150741,-0.37811428559124277,0.22221117808774452,0.711,2000,6
pythia,pythia-12b,28,7,49,0.8055555555555556,-0.2519387755102041,0.08075256841560974,0.3887778293823685,-0.5186237881487088,0.04547576790899822,0.9525,2000,7
pythia,pythia-12b,28,8,49,0.8055555555555556,-0.27693877551020407,0.05405558242268509,0.3195437593847334,-0.5314011091513333,0.0034655411649655047,0.9735,2000,3
pythia,pythia-12b,28,9,49,0.8055555555555556,0.27071428571428574,0.05992044223190761,0.3308578884031846,0.0037105064973262706,0.5079949490066131,0.0245,2000,3
pythia,pythia-12b,28,10,49,0.8055555555555556,-0.5740816326530612,1.6121412233971704e-05,0.0018821748783161964,-0.7624879696233312,-0.31929326005595415,1.0,2000,12
pythia,pythia-12b,28,11,49,0.8055555555555556,-0.13489795918367348,0.3554121889540717,0.7719883360072162,-0.41334204309905465,0.1474193660693337,0.8095,2000,6
pythia,pythia-12b,28,12,49,0.8055555555555556,-0.08571428571428572,0.5581509289778483,0.8717608154938301,-0.3830532718087244,0.207661679502371,0.722,2000,0
pythia,pythia-12b,28,13,49,0.8055555555555556,-0.11663265306122449,0.4248232095056842,0.8266351618298104,-0.38823953197954825,0.1685744592751855,0.782,2000,2
pythia,pythia-12b,28,14,49,0.8055555555555556,0.18091836734693878,0.21348797456874086,0.6790468062048516,-0.07884644420389153,0.4342158061410452,0.095,2000,0
pythia,pythia-12b,28,15,49,0.8055555555555556,-0.031224489795918367,0.8313419340642,0.9261852437574248,-0.29898901536406985,0.24189010790393095,0.5975,2000,0
pythia,pythia-12b,28,16,49,0.8055555555555556,-0.06285714285714286,0.6678751833387184,0.8830580895029374,-0.34467740991077,0.2215499862264182,0.67,2000,13
pythia,pythia-12b,28,17,49,0.8055555555555556,0.14081632653061224,0.3345007905015098,0.7570435536120986,-0.17575192709988602,0.4454805428378516,0.183,2000,0
pythia,pythia-12b,28,18,49,0.8055555555555556,-0.18489795918367347,0.20341826612260813,0.6737328388599858,-0.4544185703721313,0.11137687939910092,0.891,2000,1
pythia,pythia-12b,28,19,49,0.8055555555555556,0.1983673469387755,0.17182998742828717,0.6143058982508169,-0.12204894547260915,0.48747857753080154,0.1015,2000,4
pythia,pythia-12b,28,20,49,0.8055555555555556,0.09306122448979592,0.5247801771002829,0.8628114541815487,-0.1875629754314736,0.34820735444103973,0.2375,2000,5
pythia,pythia-12b,28,21,49,0.8055555555555556,-0.019285714285714285,0.8953583569430938,0.9590191575514332,-0.3150863039559995,0.2723028528986591,0.566,2000,0
pythia,pythia-12b,28,22,49,0.8055555555555556,-0.05979591836734694,0.6831771776784332,0.8830580895029374,-0.3454739233240117,0.2530499751506709,0.659,2000,0
pythia,pythia-12b,28,23,49,0.8055555555555556,-0.2891836734693878,0.0438717544272425,0.3018305357743052,-0.5287603494819955,-0.0027492992507354153,0.976,2000,8
pythia,pythia-12b,28,24,49,0.8055555555555556,-0.06102040816326531,0.6770408306136383,0.8830580895029374,-0.33703928623750895,0.23513526050730063,0.6435,2000,35
pythia,pythia-12b,28,25,49,0.8055555555555556,-0.12887755102040815,0.37748363740769986,0.7734349238957922,-0.41169974085626965,0.15129198086763707,0.8045,2000,0
pythia,pythia-12b,28,26,49,0.8055555555555556,-0.31704081632653064,0.026445907987134008,0.2416736440090408,-0.5404063378481982,-0.07024043254674738,0.9935,2000,8
pythia,pythia-12b,28,27,49,0.8055555555555556,-0.04826530612244898,0.7419083208836328,0.8994438925187387,-0.3424410288094609,0.24603329071064425,0.6345,2000,1
pythia,pythia-12b,28,28,49,0.8055555555555556,-0.00020408163265306123,0.9988895912587594,0.9988895912587594,-0.28486995835154755,0.2922714680650895,0.517,2000,0
pythia,pythia-12b,28,29,49,0.8055555555555556,-0.3760204081632653,0.007751816632373589,0.12483097818339538,-0.5937942474118566,-0.09754233578476895,0.9965,2000,0
pythia,pythia-12b,28,30,49,0.8055555555555556,-0.11387755102040817,0.43591854820287856,0.8275364309379849,-0.4362131926701505,0.18516439378082994,0.756,2000,0
pythia,pythia-12b,28,31,49,0.8055555555555556,-0.2940816326530612,0.040264281400664986,0.2929504082009699,-0.5136480698979901,-0.051212856046629604,0.992,2000,0
pythia,pythia-12b,28,32,49,0.8055555555555556,0.12724489795918367,0.3836070324485494,0.7755172474176302,-0.15778870655579152,0.3859899800623686,0.209,2000,0
pythia,pythia-12b,28,33,49,0.8055555555555556,-0.32663265306122446,0.02198488818060646,0.20533885560686435,-0.5828345221192998,-0.02382125780039886,0.985,2000,2
pythia,pythia-12b,28,34,49,0.8055555555555556,-0.3092857142857143,0.030584394366408283,0.25057740647566085,-0.5312654075431921,-0.045965485175560865,0.9905,2000,0
pythia,pythia-12b,28,35,49,0.8055555555555556,-0.12295918367346939,0.39995851383443,0.801633587814072,-0.4067452124310109,0.16992930877953352,0.79,2000,0
pythia,pythia-12b,28,36,49,0.8055555555555556,0.06061224489795918,0.6790839996635445,0.8830580895029374,-0.21180955751336297,0.32343827500922795,0.3335,2000,0
pythia,pythia-12b,28,37,49,0.8055555555555556,-0.22714285714285715,0.11652044179461474,0.5038430214637508,-0.48048244493279496,0.04162341688155393,0.949,2000,4
pythia,pythia-12b,28,38,49,0.8055555555555556,0.13642857142857143,0.3499290878774345,0.7672154180223564,-0.17460676299934136,0.4223320314521608,0.1925,2000,0
pythia,pythia-12b,28,39,49,0.8055555555555556,-0.21806122448979592,0.13227195469614905,0.5407719814089881,-0.46784272976582586,0.05806090028905223,0.9375,2000,0
pythia,pythia-12b,29,0,49,0.8333333333333334,-0.10061224489795918,0.49154541180865446,0.8628114541815487,-0.39627027060116055,0.23442677235116866,0.7295,2000,0
pythia,pythia-12b,29,1,49,0.8333333333333334,-0.11418367346938775,0.4346778085561787,0.8275364309379849,-0.38569516110784735,0.18095445059181148,0.777,2000,0
pythia,pythia-12b,29,2,49,0.8333333333333334,-0.2612244897959184,0.06983346880315439,0.35066913904379676,-0.5086455596746488,0.03158214775292999,0.9585,2000,1
pythia,pythia-12b,29,3,49,0.8333333333333334,-0.44255102040816324,0.001452259467656593,0.0531680703744566,-0.661460304008921,-0.16742858701963806,0.999,2000,6
pythia,pythia-12b,29,4,49,0.8333333333333334,-0.03183673469387755,0.8280844343418956,0.9261852437574248,-0.31702002386659245,0.2513246392004482,0.6125,2000,0
pythia,pythia-12b,29,5,49,0.8333333333333334,0.12030612244897959,0.41028084762080586,0.8126618189651931,-0.1490518298916377,0.3634844771101051,0.191,2000,3
pythia,pythia-12b,29,6,49,0.8333333333333334,-0.3420408163265306,0.016149231289632665,0.19132017951169672,-0.5739894246931604,-0.06267045257905555,0.992,2000,0
pythia,pythia-12b,29,7,49,0.8333333333333334,-0.13316326530612244,0.3616893902544288,0.7734349238957922,-0.40454250093105043,0.14820511784492935,0.819,2000,0
pythia,pythia-12b,29,8,49,0.8333333333333334,-0.01193877551020408,0.9351104461481685,0.9705704476254162,-0.302895412216166,0.27478397869825544,0.5245,2000,0
pythia,pythia-12b,29,9,49,0.8333333333333334,-0.1279591836734694,0.3809208404625957,0.7734349238957922,-0.4041591888814869,0.17494242366535212,0.8095,2000,0
pythia,pythia-12b,29,10,49,0.8333333333333334,-0.24122448979591837,0.09497096533946832,0.44351440813531706,-0.4815121531334865,0.039924551355127305,0.956,2000,0
pythia,pythia-12b,29,11,49,0.8333333333333334,-0.44051020408163266,0.0015366989580357752,0.0531680703744566,-0.6680426049499049,-0.15421517611400584,0.9985,2000,0
pythia,pythia-12b,29,12,49,0.8333333333333334,-0.2956122448979592,0.03918820796437682,0.29049036697403136,-0.555233129989957,-0.022656997985353155,0.986,2000,1
pythia,pythia-12b,29,13,49,0.8333333333333334,-0.27071428571428574,0.05992044223190761,0.3308578884031846,-0.538527604240232,0.045096656691582415,0.9545,2000,0
pythia,pythia-12b,29,14,49,0.8333333333333334,-0.03806122448979592,0.7951378605954806,0.9146043864484963,-0.3164289666188946,0.2603720892573444,0.61,2000,0
pythia,pythia-12b,29,15,49,0.8333333333333334,-0.27183673469387754,0.058826695168193825,0.3308578884031846,-0.530367768896455,0.022971850369142226,0.9665,2000,6
pythia,pythia-12b,29,16,49,0.8333333333333334,0.015,0.918522457797241,0.963932556834408,-0.28809121619571953,0.31190435568404823,0.463,2000,0
pythia,pythia-12b,29,17,49,0.8333333333333334,-0.016122448979591836,0.9124484103626287,0.9624631727154471,-0.3003068750302215,0.2734321114852884,0.544,2000,0
pythia,pythia-12b,29,18,49,0.8333333333333334,-0.03979591836734694,0.786016068769294,0.9085878814734165,-0.32768517475825165,0.2743319641302961,0.6045,2000,0
pythia,pythia-12b,29,19,49,0.8333333333333334,-0.26193877551020406,0.06904469296328626,0.3504768653679857,-0.5028196962586075,0.035691236845386706,0.957,2000,1
pythia,pythia-12b,29,20,49,0.8333333333333334,0.0660204081632653,0.6522023235562547,0.8830580895029374,-0.2511145249771887,0.36485768552321446,0.345,2000,0
pythia,pythia-12b,29,21,49,0.8333333333333334,-0.06785714285714285,0.6431691531189369,0.8830580895029374,-0.3387064056492157,0.2192000107215462,0.6635,2000,0
pythia,pythia-12b,29,22,49,0.8333333333333334,-0.14796663414918587,0.31028387421606785,0.7544583017839159,-0.4148992680555768,0.1507336790914733,0.8375,2000,0
pythia,pythia-12b,29,23,49,0.8333333333333334,-0.13408163265306122,0.35835783512821745,0.7734349238957922,-0.4510379076411667,0.1780182002528859,0.797,2000,3
pythia,pythia-12b,29,24,49,0.8333333333333334,-0.024387755102040817,0.8678957600560389,0.9415755055457329,-0.32326718451147113,0.2694796837552231,0.561,2000,0
pythia,pythia-12b,29,25,49,0.8333333333333334,0.17326530612244898,0.23381960676200061,0.691099723783888,-0.1257452192439709,0.4368176931218413,0.1265,2000,0
pythia,pythia-12b,29,26,49,0.8333333333333334,-0.16714285714285715,0.25101267812128647,0.7061621727869927,-0.4518255859833312,0.14194681244779597,0.86,2000,0
pythia,pythia-12b,29,27,49,0.8333333333333334,-0.002346938775510204,0.9872308229962642,0.9947312425567494,-0.3082364343278696,0.28186836152086275,0.521,2000,0
pythia,pythia-12b,29,28,49,0.8333333333333334,-0.5277551020408163,9.744283109303563e-05,0.009101160424089528,-0.7212405762235756,-0.2694059738877086,1.0,2000,42
pythia,pythia-12b,29,29,49,0.8333333333333334,0.18224489795918367,0.21009346702030096,0.6790468062048516,-0.1057891549052639,0.44772485064594547,0.096,2000,1
pythia,pythia-12b,29,30,49,0.8333333333333334,-0.421734693877551,0.002543681111662792,0.06987641642038375,-0.6281540710569665,-0.15056331104112877,0.999,2000,5
pythia,pythia-12b,29,31,49,0.8333333333333334,-0.013469387755102041,0.9268126039755518,0.9704517624587056,-0.3283166965602049,0.32727106349062013,0.537,2000,3
pythia,pythia-12b,29,32,49,0.8333333333333334,-0.11142857142857143,0.44591531469463824,0.8381722138292039,-0.37907444586203226,0.16306185286729688,0.7795,2000,0
pythia,pythia-12b,29,33,49,0.8333333333333334,-0.23653061224489796,0.10178033498019487,0.46147006248301947,-0.517520672693792,0.0846134599093647,0.9255,2000,0
pythia,pythia-12b,29,34,49,0.8333333333333334,-0.1510204081632653,0.30029171565926366,0.7544583017839159,-0.4414696371099656,0.17840081044491277,0.827,2000,45
pythia,pythia-12b,29,35,49,0.8333333333333334,-0.09326530612244897,0.5238675339588198,0.8628114541815487,-0.3676419680549817,0.19114878359153675,0.7345,2000,1
pythia,pythia-12b,29,36,49,0.8333333333333334,-0.1620408163265306,0.26597701858974077,0.7179842062509187,-0.42636953734179395,0.14115839312971273,0.854,2000,2
pythia,pythia-12b,29,37,49,0.8333333333333334,0.06275510204081633,0.6683831457054056,0.8830580895029374,-0.2234973366910263,0.33378249294919965,0.349,2000,2
pythia,pythia-12b,29,38,49,0.8333333333333334,-0.07887755102040817,0.5900733718381393,0.8736524425150741,-0.36320969219751165,0.23507255226140158,0.688,2000,0
pythia,pythia-12b,29,39,49,0.8333333333333334,-0.050918367346938775,0.7282511805288375,0.8994438925187387,-0.32543035518943964,0.2267029481254774,0.6245,2000,0
pythia,pythia-12b,30,0,49,0.8611111111111112,-0.09061224489795919,0.535792980112739,0.8628114541815487,-0.37726669050416306,0.18955718756598272,0.7395,2000,8
pythia,pythia-12b,30,1,49,0.8611111111111112,-0.03326530612244898,0.8204948103641532,0.923303798650746,-0.3419311735827262,0.2753137118616801,0.577,2000,1
pythia,pythia-12b,30,2,49,0.8611111111111112,-0.14887755102040817,0.30728131823227667,0.7544583017839159,-0.4385677166529732,0.17227280912898188,0.831,2000,0
pythia,pythia-12b,30,3,49,0.8611111111111112,0.04428571428571428,0.7625411256174326,0.8994438925187387,-0.24646560038550666,0.30405441680295076,0.3735,2000,0
pythia,pythia-12b,30,4,49,0.8611111111111112,-0.11918367346938775,0.4146936784685856,0.8126618189651931,-0.3968070588710703,0.15982738162367746,0.8105,2000,0
pythia,pythia-12b,30,5,49,0.8611111111111112,-0.30989795918367347,0.03023921271943354,0.25057740647566085,-0.5136596025831425,-0.0799246316404728,0.9985,2000,0
pythia,pythia-12b,30,6,49,0.8611111111111112,0.059897959183673466,0.6826650342846309,0.8830580895029374,-0.2259195334992857,0.3238636853565054,0.323,2000,6
pythia,pythia-12b,30,7,49,0.8611111111111112,-0.011326530612244898,0.9384315433479354,0.9705704476254162,-0.3096443441028291,0.27022107755966457,0.538,2000,1
pythia,pythia-12b,30,8,49,0.8611111111111112,0.10755102040816326,0.46199881107906327,0.8432307995582982,-0.191720209697559,0.4046350087096871,0.244,2000,0
pythia,pythia-12b,30,9,49,0.8611111111111112,-0.027755102040816326,0.8498525518525557,0.933440746305183,-0.30546843889302994,0.2656997546514005,0.581,2000,0
pythia,pythia-12b,30,10,49,0.8611111111111112,0.14612244897959184,0.31641983771878335,0.7544583017839159,-0.1442475815696474,0.4238614513491005,0.1465,2000,3
pythia,pythia-12b,30,11,49,0.8611111111111112,0.2372448979591837,0.10072053778291672,0.46114207004531477,-0.07450477681501047,0.5024118178570748,0.061,2000,2
pythia,pythia-12b,30,12,49,0.8611111111111112,0.1796938775510204,0.21665519084480278,0.6790468062048516,-0.11425880211304668,0.4525585115824632,0.1135,2000,0
pythia,pythia-12b,30,13,49,0.8611111111111112,-0.14153061224489796,0.3320299986294147,0.7563805334631055,-0.44826747266216177,0.1849033096026726,0.8065,2000,0
pythia,pythia-12b,30,14,49,0.8611111111111112,0.027448979591836734,0.85148984566597,0.933440746305183,-0.25320484325375364,0.2953479057826721,0.426,2000,1
pythia,pythia-12b,30,15,49,0.8611111111111112,0.2857142857142857,0.04658349089516273,0.30338250227209623,-0.017072282073203448,0.5409964700156121,0.0295,2000,3
pythia,pythia-12b,30,16,49,0.8611111111111112,-0.04795918367346939,0.7434893094699823,0.8994438925187387,-0.3207351044337352,0.23705789422881637,0.647,2000,8
pythia,pythia-12b,30,17,49,0.8611111111111112,-0.43520408163265306,0.0017770644058197253,0.05532593850118745,-0.6548352138934295,-0.14675791755262743,0.9985,2000,7
pythia,pythia-12b,30,18,49,0.8611111111111112,-0.17204081632653062,0.23719187254666982,0.6956061731417195,-0.4624454516094395,0.13308747129992188,0.861,2000,1
pythia,pythia-12b,30,19,49,0.8611111111111112,-0.06173469387755102,0.6734708201931038,0.8830580895029374,-0.34492702002165365,0.23437274416214954,0.6435,2000,0
pythia,pythia-12b,30,20,49,0.8611111111111112,,,,,,,0,0
pythia,pythia-12b,30,21,49,0.8611111111111112,0.37755102040816324,0.007486116198625719,0.12483097818339538,0.11565444565425959,0.5877662180286899,0.0025,2000,3
pythia,pythia-12b,30,22,49,0.8611111111111112,0.07591836734693877,0.6041381628748285,0.8772271414663558,-0.21765501131044987,0.3750210568363153,0.309,2000,0
pythia,pythia-12b,30,23,49,0.8611111111111112,-0.3377520952263594,0.01762310196714462,0.1922305620224833,-0.5535559334152673,-0.052696066283780645,0.9885,2000,0
pythia,pythia-12b,30,24,49,0.8611111111111112,0.265,0.06574410202108877,0.3449718611668366,-0.039352418987250844,0.5513057726617646,0.0405,2000,1
pythia,pythia-12b,30,25,49,0.8611111111111112,-0.13846938775510204,0.34269958251465965,0.7620985954016479,-0.4200982947131244,0.16234822106600344,0.8055,2000,0
pythia,pythia-12b,30,26,49,0.8611111111111112,-0.20224489795918368,0.1634334136616436,0.6025687551469172,-0.48298105415915754,0.07883781810562898,0.907,2000,1
pythia,pythia-12b,30,27,49,0.8611111111111112,0.055,0.7074035691077121,0.8876255460377891,-0.25087753809267466,0.3636010529387316,0.358,2000,0
pythia,pythia-12b,30,28,49,0.8611111111111112,-0.3597959183673469,0.01110999769824511,0.15722330076001412,-0.5683483017011972,-0.10082374099132317,0.9965,2000,0
pythia,pythia-12b,30,29,49,0.8611111111111112,-0.4670408163265306,0.0007168214473634669,0.04782223084553414,-0.6966793375619093,-0.18529872143018805,0.999,2000,0
pythia,pythia-12b,30,30,49,0.8611111111111112,0.00510204081632653,0.9722451915488755,0.9848991419811819,-0.3199008859037351,0.3309437480391037,0.485,2000,1
pythia,pythia-12b,30,31,49,0.8611111111111112,-0.14377551020408164,0.3243391812788937,0.7544583017839159,-0.4120361465290911,0.15073372273421518,0.83,2000,0
pythia,pythia-12b,30,32,49,0.8611111111111112,0.04928571428571429,0.7366459995758043,0.8994438925187387,-0.25178047594942465,0.36354823814944004,0.3955,2000,0
pythia,pythia-12b,30,33,49,0.8611111111111112,-0.030204081632653063,0.8367773103360876,0.928206660159033,-0.3156196194102702,0.24781747537486112,0.5745,2000,1
pythia,pythia-12b,30,34,49,0.8611111111111112,-0.14418367346938776,0.32295301001513743,0.7544583017839159,-0.43885546295822897,0.17704657537482257,0.816,2000,2
pythia,pythia-12b,30,35,49,0.8611111111111112,-0.13948979591836735,0.3391197384788741,0.7613890282193951,-0.4110326782188527,0.14718380116262414,0.8415,2000,0
pythia,pythia-12b,30,36,49,0.8611111111111112,-0.253469387755102,0.07886578078342288,0.38768757500903667,-0.5411260714096511,0.06842903225166373,0.9365,2000,0
pythia,pythia-12b,30,37,49,0.8611111111111112,-0.018367346938775512,0.9003154924733968,0.9599254223403568,-0.3019527276164226,0.2799932448575966,0.546,2000,0
pythia,pythia-12b,30,38,49,0.8611111111111112,-0.13071428571428573,0.3706649634698281,0.7734349238957922,-0.4035225298865842,0.1766669319623256,0.8015,2000,0
pythia,pythia-12b,30,39,49,0.8611111111111112,-0.0939795918367347,0.5206794971744249,0.8628114541815487,-0.3708383501986736,0.20805511819081732,0.7305,2000,0
pythia,pythia-12b,31,0,49,0.8888888888888888,-0.03510204081632653,0.8107606644098593,0.9212292707528085,-0.3127996190053287,0.2615541632701777,0.5805,2000,1
pythia,pythia-12b,31,1,49,0.8888888888888888,0.02122448979591837,0.8849064920893825,0.9500030616223946,-0.2931794602940025,0.3284283706597561,0.4375,2000,0
pythia,pythia-12b,31,2,49,0.8888888888888888,0.1773469387755102,0.22281681510596207,0.6803321393337621,-0.11765780041681884,0.44823603266790185,0.118,2000,3
pythia,pythia-12b,31,3,49,0.8888888888888888,-0.05020408163265306,0.7319200997182586,0.8994438925187387,-0.34295745468499117,0.23938179505321022,0.63,2000,0
pythia,pythia-12b,31,4,49,0.8888888888888888,0.14244897959183672,0.3288700817804729,0.7544583017839159,-0.1507921095666394,0.41838027560898644,0.1625,2000,8
pythia,pythia-12b,31,5,49,0.8888888888888888,-0.09551020408163265,0.5138807155164453,0.8628114541815487,-0.4147178980603483,0.22167594626347223,0.719,2000,0
pythia,pythia-12b,31,6,49,0.8888888888888888,0.2562244897959184,0.07555717189564126,0.3753744603751539,0.003786725582640932,0.480019215004206,0.0235,2000,0
pythia,pythia-12b,31,7,49,0.8888888888888888,0.1430612244897959,0.326773986675499,0.7544583017839159,-0.12503735314366124,0.41402423299775754,0.148,2000,1
pythia,pythia-12b,31,8,49,0.8888888888888888,-0.21948979591836734,0.12969371460562795,0.5359908382374182,-0.45388827349327465,0.04592544422667598,0.945,2000,0
pythia,pythia-12b,31,9,49,0.8888888888888888,-0.2307142857142857,0.11073263083324716,0.49723210191467715,-0.48063490850879953,0.052010490525266434,0.9435,2000,2
pythia,pythia-12b,31,10,49,0.8888888888888888,-0.09612244897959184,0.5111737750973617,0.8628114541815487,-0.35603638119473013,0.19374436255326224,0.7535,2000,0
pythia,pythia-12b,31,11,49,0.8888888888888888,-0.21744897959183673,0.13338860017322077,0.5407719814089881,-0.5060049961889588,0.1181625276806699,0.916,2000,0
pythia,pythia-12b,31,12,49,0.8888888888888888,-0.6126530612244898,2.8855131547534924e-06,0.00044917821442329363,-0.7718535043865073,-0.3901468077671195,1.0,2000,24
pythia,pythia-12b,31,13,49,0.8888888888888888,0.06448979591836734,0.6597679352787549,0.8830580895029374,-0.21238433812161295,0.3481272756837106,0.318,2000,0
pythia,pythia-12b,31,14,49,0.8888888888888888,-0.13540816326530614,0.35357868981722357,0.7715946174983337,-0.39163874792045716,0.12951926948636433,0.833,2000,0
pythia,pythia-12b,31,15,49,0.8888888888888888,0.08571428571428572,0.5581509289778483,0.8717608154938301,-0.17302629784431295,0.32569023593687385,0.245,2000,2
pythia,pythia-12b,31,16,49,0.8888888888888888,-0.17357142857142857,0.23298170418702593,0.691099723783888,-0.44568241652208457,0.11877693260781193,0.8665,2000,0
pythia,pythia-12b,31,17,49,0.8888888888888888,-0.24428571428571427,0.09072397784862786,0.4279605823768607,-0.5215555756525301,0.06897068406164687,0.9425,2000,0
pythia,pythia-12b,31,18,49,0.8888888888888888,-0.13869229308029374,0.34191558715820636,0.7620985954016479,-0.3970031203077091,0.15209487950026856,0.8275,2000,0
pythia,pythia-12b,31,19,49,0.8888888888888888,-0.21489795918367346,0.13811736348286097,0.5512889636452656,-0.487622337611091,0.08790586310426853,0.917,2000,0
pythia,pythia-12b,31,20,49,0.8888888888888888,0.05714285714285714,0.6965418485265391,0.8830580895029374,-0.22744103971955074,0.3575606200086956,0.3445,2000,0
pythia,pythia-12b,31,21,49,0.8888888888888888,-0.054693877551020405,0.7089600185697973,0.8876255460377891,-0.3278291435275477,0.22224296274255056,0.6495,2000,1
pythia,pythia-12b,31,22,49,0.8888888888888888,-0.15660784603681843,0.2825527049859285,0.737162643734238,-0.4235800964420792,0.14328468483298082,0.8485,2000,0
pythia,pythia-12b,31,23,49,0.8888888888888888,-0.16918367346938776,0.2451893562807264,0.6981916425798734,-0.44599772243984903,0.13279976598866153,0.87,2000,0
pythia,pythia-12b,31,24,49,0.8888888888888888,-0.3780612244897959,0.007399322934971731,0.12483097818339538,-0.5974821279766047,-0.1164097332021,0.998,2000,0
pythia,pythia-12b,31,25,49,0.8888888888888888,-0.03704081632653061,0.8005163922010223,0.9162773410732289,-0.29078825272429343,0.24517657530181883,0.591,2000,0
pythia,pythia-12b,31,26,49,0.8888888888888888,-0.43214285714285716,0.0019304535005269768,0.05634511154663113,-0.6437060693021931,-0.1586189931653975,1.0,2000,18
pythia,pythia-12b,31,27,49,0.8888888888888888,-0.2626530612244898,0.06826301526801423,0.3504768653679857,-0.5144959839274035,0.004872651030283476,0.9715,2000,0
pythia,pythia-12b,31,28,49,0.8888888888888888,-0.08255102040816327,0.5728197946423561,0.8736524425150741,-0.35300396170348075,0.22651880979720776,0.713,2000,0
pythia,pythia-12b,31,29,49,0.8888888888888888,0.18642857142857142,0.19963587337606253,0.66592823476158,-0.09597721844747126,0.45246869797026984,0.0905,2000,1
pythia,pythia-12b,31,30,49,0.8888888888888888,-0.06775510204081632,0.643669674570032,0.8830580895029374,-0.3228744587382555,0.19284595266785728,0.6825,2000,0
pythia,pythia-12b,31,31,49,0.8888888888888888,0.0973469387755102,0.5057815993614764,0.8628114541815487,-0.20011496249855168,0.4019899425506913,0.2495,2000,0
pythia,pythia-12b,31,32,49,0.8888888888888888,-0.3544897959183673,0.01245043385721018,0.16612436032334726,-0.5933805609034728,-0.06845743940241535,0.99,2000,0
pythia,pythia-12b,31,33,49,0.8888888888888888,0.06551020408163265,0.6547203956727345,0.8830580895029374,-0.22372498562633752,0.3538955224932764,0.3185,2000,0
pythia,pythia-12b,31,34,49,0.8888888888888888,-0.2004081632653061,0.16737263333337205,0.6106485919272245,-0.4507251452386844,0.0664418092353733,0.923,2000,0
pythia,pythia-12b,31,35,49,0.8888888888888888,-0.09887755102040817,0.4990823566889169,0.8628114541815487,-0.4025467356988252,0.19844299079166228,0.7255,2000,4
pythia,pythia-12b,31,36,49,0.8888888888888888,0.07520408163265306,0.6075548072277128,0.8772271414663558,-0.23171988181316416,0.3530949239390978,0.3105,2000,0
pythia,pythia-12b,31,37,49,0.8888888888888888,0.05846938775510204,0.6898478116193438,0.8830580895029374,-0.24844963561205977,0.3671417135232136,0.3505,2000,0
pythia,pythia-12b,31,38,49,0.8888888888888888,-0.36459183673469386,0.01000708677188466,0.14867916779820223,-0.6163174764285576,-0.04577600969035282,0.9895,2000,0
pythia,pythia-12b,31,39,49,0.8888888888888888,-0.24489795918367346,0.08989259929574267,0.4279605823768607,-0.4947788289440041,0.04851979867371083,0.9485,2000,9
pythia,pythia-12b,32,0,49,0.9166666666666666,-0.022755102040816325,0.8766685984844994,0.9450995050846848,-0.27005632189909784,0.2249358640577724,0.5655,2000,0
pythia,pythia-12b,32,1,49,0.9166666666666666,0.002142857142857143,0.9883411060949288,0.9947312425567494,-0.2726452088267657,0.2805812944787193,0.4855,2000,6
pythia,pythia-12b,32,2,49,0.9166666666666666,-0.1306122448979592,0.371041825665006,0.7734349238957922,-0.41751961643832175,0.1928492411040143,0.7945,2000,0
pythia,pythia-12b,32,3,49,0.9166666666666666,-0.28908163265306125,0.04394962833544487,0.3018305357743052,-0.533934275679065,-0.016595016070787172,0.9805,2000,0
pythia,pythia-12b,32,4,49,0.9166666666666666,-0.44755102040816325,0.0012626069437890323,0.0531680703744566,-0.698473807173809,-0.1539674439357446,0.9965,2000,20
pythia,pythia-12b,32,5,49,0.9166666666666666,0.14642857142857144,0.31539601156596825,0.7544583017839159,-0.1302777418778828,0.40773059697197456,0.143,2000,0
pythia,pythia-12b,32,6,49,0.9166666666666666,0.0009183673469387755,0.9950031907108476,0.9988895912587594,-0.25429338103756705,0.2821229420259123,0.5105,2000,0
pythia,pythia-12b,32,7,49,0.9166666666666666,-0.4392857142857143,0.0015894368743620759,0.0531680703744566,-0.6618401553477439,-0.16080850589598053,0.9985,2000,0
pythia,pythia-12b,32,8,49,0.9166666666666666,-0.1083673469387755,0.45858700993671747,0.8432307995582982,-0.3701046607829249,0.16915693336417542,0.77,2000,0
pythia,pythia-12b,32,9,49,0.9166666666666666,-0.38724489795918365,0.0059797263463744295,0.1163555084898691,-0.6138566479595235,-0.10340123576433563,0.9945,2000,0
pythia,pythia-12b,32,10,49,0.9166666666666666,0.05683673469387755,0.6980899018098924,0.8830580895029374,-0.23012644018888634,0.31433334700034565,0.3545,2000,0
pythia,pythia-12b,32,11,49,0.9166666666666666,-0.2096938775510204,0.1481499077160657,0.5781227710492305,-0.49395590247798943,0.08972174936532436,0.9155,2000,1
pythia,pythia-12b,32,12,49,0.9166666666666666,0.08602040816326531,0.5567407990673926,0.8717608154938301,-0.22134460562226405,0.365025827962973,0.295,2000,3
pythia,pythia-12b,32,13,49,0.9166666666666666,-0.07459183673469388,0.6104899806778707,0.8772271414663558,-0.30556393003647003,0.17817892312787956,0.694,2000,1
pythia,pythia-12b,32,14,49,0.9166666666666666,-0.07785714285714286,0.5949068023978449,0.8736524425150741,-0.33071393917320435,0.18161287748448057,0.7155,2000,0
pythia,pythia-12b,32,15,49,0.9166666666666666,-0.15918367346938775,0.27461141507661274,0.728656425231694,-0.4313864076462907,0.15034773479973787,0.8405,2000,2
pythia,pythia-12b,32,16,49,0.9166666666666666,0.09846938775510204,0.500864348674705,0.8628114541815487,-0.17843114692192477,0.36700420118616667,0.263,2000,0
pythia,pythia-12b,32,17,49,0.9166666666666666,0.065,0.6572422743174979,0.8830580895029374,-0.22296296494203444,0.34468201395627424,0.314,2000,0
pythia,pythia-12b,32,18,49,0.9166666666666666,-0.40193877551020407,0.004199796667223168,0.08915022925423724,-0.6375268267756771,-0.10663096574500283,0.994,2000,0
pythia,pythia-12b,32,19,49,0.9166666666666666,-0.44255102040816324,0.001452259467656593,0.0531680703744566,-0.6527683374142729,-0.1834609699168379,0.9995,2000,0
pythia,pythia-12b,32,20,49,0.9166666666666666,-0.1,0.4941987384495375,0.8628114541815487,-0.3686949606013953,0.2032051654081266,0.76,2000,0
pythia,pythia-12b,32,21,49,0.9166666666666666,-0.3413265306122449,0.016387167409995435,0.19132017951169672,-0.5547472576901861,-0.0858190080932793,0.995,2000,0
pythia,pythia-12b,32,22,49,0.9166666666666666,0.03989795918367347,0.7854803640208833,0.9085878814734165,-0.26064524970146885,0.32529507890092263,0.403,2000,10
pythia,pythia-12b,32,23,49,0.9166666666666666,-0.35653061224489796,0.01191933287410875,0.16371554271202313,-0.6021685462474787,-0.06955462072048879,0.9935,2000,1
pythia,pythia-12b,32,24,49,0.9166666666666666,0.19122448979591836,0.18810698533588122,0.6412114025682958,-0.09691255562544819,0.46006695972193806,0.1045,2000,4
pythia,pythia-12b,32,25,49,0.9166666666666666,-0.05418367346938775,0.711556712944199,0.8884946121522486,-0.3358639235461862,0.2346185820094071,0.652,2000,4
pythia,pythia-12b,32,26,49,0.9166666666666666,0.16244897959183674,0.26475846552387416,0.7179842062509187,-0.13765244305352647,0.4138874782811136,0.13,2000,0
pythia,pythia-12b,32,27,49,0.9166666666666666,0.04387755102040816,0.7646668466865757,0.8994438925187387,-0.2368315513030477,0.33453333043873323,0.369,2000,0
pythia,pythia-12b,32,28,49,0.9166666666666666,-0.027755102040816326,0.8498525518525557,0.933440746305183,-0.31309462790037296,0.2647408051310954,0.59,2000,2
pythia,pythia-12b,32,29,49,0.9166666666666666,0.11948979591836735,0.41348749438873655,0.8126618189651931,-0.20947343559109824,0.4282360895007659,0.2365,2000,0
pythia,pythia-12b,32,30,49,0.9166666666666666,-0.3326530612244898,0.019522403663089674,0.19397792575878461,-0.563023708046525,-0.05305340976891219,0.99,2000,0
pythia,pythia-12b,32,31,49,0.9166666666666666,0.18275510204081633,0.20879800819630065,0.6790468062048516,-0.11504707339785139,0.4534216995501603,0.123,2000,2
pythia,pythia-12b,32,32,49,0.9166666666666666,-0.0786734693877551,0.5910386565678483,0.8736524425150741,-0.35497096418493435,0.19932209499694936,0.7035,2000,0
pythia,pythia-12b,32,33,49,0.9166666666666666,0.05755102040816327,0.6944796794874234,0.8830580895029374,-0.22499510595292693,0.3110683394489707,0.344,2000,3
pythia,pythia-12b,32,34,49,0.9166666666666666,-0.042346938775510205,0.7726534741586216,0.8994438925187387,-0.3308872263686496,0.23615527309720488,0.6145,2000,7
pythia,pythia-12b,32,35,49,0.9166666666666666,0.19785714285714287,0.17295763314803891,0.6143058982508169,-0.10698252214772455,0.455196547028871,0.09,2000,8
pythia,pythia-12b,32,36,49,0.9166666666666666,-0.03938775510204082,0.7881598659887185,0.9088164380660037,-0.30778928612538203,0.2456559069557587,0.596,2000,0
pythia,pythia-12b,32,37,49,0.9166666666666666,-0.2780612244897959,0.05304906643318397,0.3195437593847334,-0.5204074528638224,-0.018388229264078595,0.981,2000,0
pythia,pythia-12b,32,38,49,0.9166666666666666,-0.19183673469387755,0.18667016614118173,0.6412114025682958,-0.44129879817777656,0.08852879698619726,0.9095,2000,0
pythia,pythia-12b,32,39,49,0.9166666666666666,-0.2624489795918367,0.06848562989834392,0.3504768653679857,-0.5107379022823987,0.031184007893855756,0.961,2000,0
pythia,pythia-12b,33,0,49,0.9444444444444444,-0.0067346938775510205,0.9633689614942303,0.9801597059211451,-0.34042066629207396,0.30093365561862767,0.5145,2000,3
pythia,pythia-12b,33,1,49,0.9444444444444444,-0.07959183673469387,0.5867004229487129,0.8736524425150741,-0.341797218338307,0.19577292740023408,0.712,2000,0
pythia,pythia-12b,33,2,49,0.9444444444444444,0.07918367346938776,0.5886267639580514,0.8736524425150741,-0.22075975813952933,0.35841286013294,0.31,2000,0
pythia,pythia-12b,33,3,49,0.9444444444444444,-0.06959183673469388,0.6346844097896108,0.8830580895029374,-0.3337779017830894,0.21365844311419288,0.6825,2000,0
pythia,pythia-12b,33,4,49,0.9444444444444444,-0.04775510204081632,0.7445438840403933,0.8994438925187387,-0.3214609195727822,0.2340410903388366,0.6345,2000,1
pythia,pythia-12b,33,5,49,0.9444444444444444,-0.042346938775510205,0.7726534741586216,0.8994438925187387,-0.3237028258699003,0.2521792448009809,0.6135,2000,0
pythia,pythia-12b,33,6,49,0.9444444444444444,0.11255102040816327,0.44131786181848537,0.8343944998754359,-0.22324115266243244,0.41732943993178306,0.257,2000,0
pythia,pythia-12b,33,7,49,0.9444444444444444,0.07979591836734694,0.585738313773776,0.8736524425150741,-0.21065845611847797,0.34648745183103596,0.284,2000,2
pythia,pythia-12b,33,8,49,0.9444444444444444,-0.15418367346938774,0.29016268536190015,0.7445383190330076,-0.41361218993810583,0.14979581124329464,0.8435,2000,0
pythia,pythia-12b,33,9,49,0.9444444444444444,-0.44510204081632654,0.0013525411454409935,0.0531680703744566,-0.6609073686666753,-0.16465707375840333,0.9995,2000,8
pythia,pythia-12b,33,10,49,0.9444444444444444,0.08428571428571428,0.5647536602665357,0.8736524425150741,-0.18695178190166303,0.334508165789531,0.291,2000,0
pythia,pythia-12b,33,11,49,0.9444444444444444,-0.17622448979591837,0.22580617044268336,0.6803321393337621,-0.43277269526296475,0.10914910831094789,0.8805,2000,0
pythia,pythia-12b,33,12,49,0.9444444444444444,-0.2696938775510204,0.06092886167596119,0.3308578884031846,-0.5278280133491335,0.031048275035013125,0.962,2000,0
pythia,pythia-12b,33,13,49,0.9444444444444444,0.16,0.27212576591933074,0.7261870439104426,-0.13726967188566014,0.4221929530932544,0.155,2000,4
pythia,pythia-12b,33,14,49,0.9444444444444444,0.03346938775510204,0.8194118878496535,0.923303798650746,-0.23819119588198354,0.28629945719846933,0.4055,2000,1
pythia,pythia-12b,33,15,49,0.9444444444444444,-0.14234693877551022,0.3292202490587398,0.7544583017839159,-0.42324385170446965,0.16318551953928198,0.8055,2000,0
pythia,pythia-12b,33,16,49,0.9444444444444444,0.3377551020408163,0.017622029979564333,0.1922305620224833,0.03930096898616321,0.6065383061919665,0.014,2000,20
pythia,pythia-12b,33,17,49,0.9444444444444444,-0.12479591836734694,0.39290167486917643,0.7908839748444197,-0.40048496257739613,0.18533542830448765,0.787,2000,0
pythia,pythia-12b,33,18,49,0.9444444444444444,0.1623469387755102,0.2650627541645229,0.7179842062509187,-0.13331544515997137,0.43148544258166766,0.129,2000,3
pythia,pythia-12b,33,19,49,0.9444444444444444,-0.4095918367346939,0.0034719591395308384,0.08188832152680298,-0.6427827141662693,-0.12686516650464155,0.998,2000,49
pythia,pythia-12b,33,20,49,0.9444444444444444,-0.2913265306122449,0.04226227168838843,0.29903758906783934,-0.552177105338207,0.010353669199353576,0.969,2000,4
pythia,pythia-12b,33,21,49,0.9444444444444444,0.0646938775510204,0.6587572185708336,0.8830580895029374,-0.22926204250685633,0.3524034150952323,0.333,2000,1
pythia,pythia-12b,33,22,49,0.9444444444444444,-0.042653061224489794,0.7710542540661195,0.8994438925187387,-0.31793138050519487,0.24619601610099945,0.6185,2000,1
pythia,pythia-12b,33,23,49,0.9444444444444444,-0.28153061224489795,0.05003344472983393,0.3115415825177659,-0.5044145609606882,-0.017022699244104048,0.9805,2000,1
pythia,pythia-12b,33,24,49,0.9444444444444444,-0.16438775510204082,0.25902123096709906,0.7157568926723981,-0.42248418293755785,0.10971384552074309,0.8715,2000,7
pythia,pythia-12b,33,25,49,0.9444444444444444,0.05102040816326531,0.7277275385246995,0.8994438925187387,-0.24386159162740675,0.3481453384748866,0.3735,2000,14
pythia,pythia-12b,33,26,49,0.9444444444444444,-0.33418367346938777,0.018934916173520836,0.1922305620224833,-0.551547529205325,-0.06710254035124956,0.9955,2000,1
pythia,pythia-12b,33,27,49,0.9444444444444444,0.1483673469387755,0.3089607471933071,0.7544583017839159,-0.14613590665044995,0.4009529674941123,0.1515,2000,4
pythia,pythia-12b,33,28,49,0.9444444444444444,0.17816326530612245,0.22066002783542193,0.6803321393337621,-0.1408379783467539,0.46993921438422614,0.1195,2000,0
pythia,pythia-12b,33,29,49,0.9444444444444444,0.007448979591836735,0.9594869289722234,0.9794723305892243,-0.286496166120459,0.30047943629868185,0.4715,2000,0
pythia,pythia-12b,33,30,49,0.9444444444444444,-0.17051020408163264,0.24145376675967634,0.6960426486220299,-0.4430869963182842,0.14949241485844372,0.8575,2000,0
pythia,pythia-12b,33,31,49,0.9444444444444444,-0.017959183673469388,0.90251988351347,0.9600837940792494,-0.2972248124533279,0.2701369303927039,0.54,2000,0
pythia,pythia-12b,33,32,49,0.9444444444444444,0.0783673469387755,0.5924878995477658,0.8736524425150741,-0.20045843712896355,0.32787998763888565,0.285,2000,6
pythia,pythia-12b,33,33,49,0.9444444444444444,0.024591836734693878,0.8668002391170005,0.9415755055457329,-0.2649460702819602,0.29591702269915043,0.4285,2000,31
pythia,pythia-12b,33,34,49,0.9444444444444444,0.10020408163265306,0.4933134733836241,0.8628114541815487,-0.171856825427611,0.3621790230736903,0.2495,2000,0
pythia,pythia-12b,33,35,49,0.9444444444444444,-0.10336734693877551,0.4796976215154499,0.8616107278758274,-0.3843354547554505,0.191648641665692,0.752,2000,2
pythia,pythia-12b,33,36,49,0.9444444444444444,0.08979591836734693,0.5394887750797145,0.8628125272678996,-0.1927104093208646,0.3709941010884332,0.268,2000,10
pythia,pythia-12b,33,37,49,0.9444444444444444,0.012653061224489797,0.9312372172885564,0.9705704476254162,-0.2536942414797404,0.275317451330888,0.449,2000,0
pythia,pythia-12b,33,38,49,0.9444444444444444,-0.16948979591836735,0.24432383500653246,0.6981916425798734,-0.4545967945372213,0.13411698721228876,0.8595,2000,0
pythia,pythia-12b,33,39,49,0.9444444444444444,0.10673469387755102,0.46542427675462505,0.8432307995582982,-0.16028418820381252,0.35500363830438253,0.2125,2000,0
pythia,pythia-12b,34,0,49,0.9722222222222222,-0.2063265306122449,0.15492250604641758,0.5930230354399755,-0.47847449900216554,0.0888079512489348,0.913,2000,0
pythia,pythia-12b,34,1,49,0.9722222222222222,,,,,,,0,0
pythia,pythia-12b,34,2,49,0.9722222222222222,-0.3637755102040816,0.010187865887671245,0.14867916779820223,-0.5646587122995552,-0.11353023191137603,0.9975,2000,39
pythia,pythia-12b,34,3,49,0.9722222222222222,-0.09112244897959183,0.5334893918958816,0.8628114541815487,-0.3545224076503275,0.1943554236967109,0.74,2000,0
pythia,pythia-12b,34,4,49,0.9722222222222222,,,,,,,0,0
pythia,pythia-12b,34,5,49,0.9722222222222222,-0.22214285714285714,0.12500598556295522,0.5212303148026793,-0.4545242934491852,0.04039700759033988,0.954,2000,7
pythia,pythia-12b,34,6,49,0.9722222222222222,,,,,,,0,0
pythia,pythia-12b,34,7,49,0.9722222222222222,0.18142857142857144,0.21217789137201196,0.6790468062048516,-0.1106863168989235,0.45181446612713705,0.104,2000,0
pythia,pythia-12b,34,8,49,0.9722222222222222,,,,,,,0,0
pythia,pythia-12b,34,9,49,0.9722222222222222,-0.10775319040534315,0.4611525753838819,0.8432307995582982,-0.37807917877955866,0.1937839876166221,0.767,2000,0
pythia,pythia-12b,34,10,49,0.9722222222222222,0.035816326530612244,0.8069827115219305,0.9191729909286378,-0.2333359381283962,0.3037399923285718,0.387,2000,4
pythia,pythia-12b,34,11,49,0.9722222222222222,0.05928571428571429,0.6857400077415793,0.8830580895029374,-0.2126962204936865,0.3468993927599568,0.3395,2000,0
pythia,pythia-12b,34,12,49,0.9722222222222222,-0.05744897959183674,0.694995017336475,0.8830580895029374,-0.3390886525686359,0.24146900438122684,0.6585,2000,49
pythia,pythia-12b,34,13,49,0.9722222222222222,-0.2671428571428571,0.06350949307042134,0.3409072788952502,-0.5287591289886309,0.04573334258733536,0.957,2000,0
pythia,pythia-12b,34,14,49,0.9722222222222222,0.1660204081632653,0.25425499515395444,0.7110004954305194,-0.1235385005328089,0.4303704498806863,0.13,2000,0
pythia,pythia-12b,34,15,49,0.9722222222222222,0.06551020408163265,0.6547203956727345,0.8830580895029374,-0.24004560545854783,0.35535688542177285,0.3375,2000,0
pythia,pythia-12b,34,16,49,0.9722222222222222,-0.09599539385503737,0.5117349352326965,0.8628114541815487,-0.36222989366775343,0.1869146599645147,0.746,2000,0
pythia,pythia-12b,34,17,49,0.9722222222222222,-0.022448979591836733,0.8783151717489361,0.9450995050846848,-0.3242425844945997,0.2852209732486696,0.564,2000,0
pythia,pythia-12b,34,18,49,0.9722222222222222,,,,,,,0,0
pythia,pythia-12b,34,19,49,0.9722222222222222,,,,,,,0,0
pythia,pythia-12b,34,20,49,0.9722222222222222,-0.3051020408163265,0.033031796810849806,0.2643947871069176,-0.5579434355599313,-0.00694005123165879,0.977,2000,14
pythia,pythia-12b,34,21,49,0.9722222222222222,-0.02510204081632653,0.8640625241226029,0.9415755055457329,-0.3162389191377831,0.2631815643010662,0.558,2000,17
pythia,pythia-12b,34,22,49,0.9722222222222222,,,,,,,0,0
pythia,pythia-12b,34,23,49,0.9722222222222222,,,,,,,0,0
pythia,pythia-12b,34,24,49,0.9722222222222222,-0.016020408163265307,0.9130003972439894,0.9624631727154471,-0.29686410496279475,0.28331118720294357,0.5305,2000,0
pythia,pythia-12b,34,25,49,0.9722222222222222,0.06030612244897959,0.6806178762272094,0.8830580895029374,-0.24627033065113701,0.3554952399923687,0.3345,2000,0
pythia,pythia-12b,34,26,49,0.9722222222222222,,,,,,,0,0
pythia,pythia-12b,34,27,49,0.9722222222222222,,,,,,,0,0
pythia,pythia-12b,34,28,49,0.9722222222222222,,,,,,,0,0
pythia,pythia-12b,34,29,49,0.9722222222222222,0.09683673469387755,0.5080248126007035,0.8628114541815487,-0.1801293524880961,0.37180952522850536,0.2605,2000,0
pythia,pythia-12b,34,30,49,0.9722222222222222,-0.08081632653061224,0.5809384337297814,0.8736524425150741,-0.37148739252116253,0.23469769706478044,0.709,2000,1
pythia,pythia-12b,34,31,49,0.9722222222222222,0.061632653061224486,0.6739803883396283,0.8830580895029374,-0.221650563374741,0.34550386839981206,0.3145,2000,0
pythia,pythia-12b,34,32,49,0.9722222222222222,,,,,,,0,0
pythia,pythia-12b,34,33,49,0.9722222222222222,-0.05153061224489796,0.7251111776153227,0.8994438925187387,-0.31856338194531136,0.23551899330117124,0.6315,2000,0
pythia,pythia-12b,34,34,49,0.9722222222222222,0.1716326530612245,0.2383233141384906,0.6956061731417195,-0.11727406480714675,0.43194286931340004,0.1245,2000,2
pythia,pythia-12b,34,35,49,0.9722222222222222,-0.11418367346938775,0.4346778085561787,0.8275364309379849,-0.3687707147946404,0.16615262014748094,0.795,2000,0
pythia,pythia-12b,34,36,49,0.9722222222222222,-0.6361224489795918,9.01459581937149e-07,0.0003189483980959827,-0.7649244237470617,-0.44861627784510605,1.0,2000,21
pythia,pythia-12b,34,37,49,0.9722222222222222,-0.03663265306122449,0.8026703853215343,0.9164965035333902,-0.30177731885506776,0.22585701439483236,0.6015,2000,8
pythia,pythia-12b,34,38,49,0.9722222222222222,0.30326530612244895,0.03415636728032649,0.26585039199854116,0.015719216579194215,0.5439548967384961,0.02,2000,0
pythia,pythia-12b,34,39,49,0.9722222222222222,-0.20234693877551022,0.16321656850522026,0.6025687551469172,-0.4576484718389042,0.08004556260272445,0.9065,2000,0
pythia,pythia-12b,35,0,49,1.0,-0.3092857142857143,0.030584394366408283,0.25057740647566085,-0.5410092429140007,-0.044361020069001174,0.9885,2000,30
pythia,pythia-12b,35,1,49,1.0,-0.09989795918367347,0.49464167913862755,0.8628114541815487,-0.3851996727514445,0.2074708656424095,0.744,2000,0
pythia,pythia-12b,35,2,49,1.0,-0.08806122448979592,0.547383123069239,0.8694827158956959,-0.36031665508744687,0.18607807534076018,0.7155,2000,6
pythia,pythia-12b,35,3,49,1.0,-0.1279591836734694,0.3809208404625957,0.7734349238957922,-0.41687697541516616,0.16657013313044355,0.8095,2000,0
pythia,pythia-12b,35,4,49,1.0,-0.029693877551020407,0.83949784524967,0.9290177576578101,-0.3207613258470835,0.2509598897902644,0.581,2000,0
pythia,pythia-12b,35,5,49,1.0,0.07183673469387755,0.6237728517794128,0.8830580895029374,-0.24785724412166713,0.3590619105231557,0.322,2000,0
pythia,pythia-12b,35,6,49,1.0,0.06408163265306123,0.6617911709685912,0.8830580895029374,-0.22228563420886055,0.34395648016644204,0.333,2000,0
pythia,pythia-12b,35,7,49,1.0,-0.12857142857142856,0.3786273107117052,0.7734349238957922,-0.40379317987432256,0.1625958768954817,0.813,2000,0
pythia,pythia-12b,35,8,49,1.0,0.0633673469387755,0.6653375830631617,0.8830580895029374,-0.26009753852549844,0.3532283554561211,0.356,2000,0
pythia,pythia-12b,35,9,49,1.0,-0.09887755102040817,0.4990823566889169,0.8628114541815487,-0.36089834896676154,0.1872827587024545,0.764,2000,0
pythia,pythia-12b,35,10,49,1.0,-0.08653061224489796,0.5543943232667766,0.8717608154938301,-0.3731024223099043,0.2003281768032618,0.728,2000,0
pythia,pythia-12b,35,11,49,1.0,0.17724489795918366,0.22308743645020904,0.6803321393337621,-0.13301093539486925,0.4521520854292285,0.134,2000,8
pythia,pythia-12b,35,12,49,1.0,0.11459183673469388,0.43302656290770486,0.8275364309379849,-0.1818798415061985,0.3731138378512246,0.2145,2000,0
pythia,pythia-12b,35,13,49,1.0,-0.1313265306122449,0.3684086231659487,0.7734349238957922,-0.39541446715244855,0.14776011958582774,0.8075,2000,0
pythia,pythia-12b,35,14,49,1.0,-0.04591836734693878,0.754055704860723,0.8994438925187387,-0.33645853225515765,0.2511734935717399,0.624,2000,0
pythia,pythia-12b,35,15,49,1.0,-0.1466267931004103,0.3147341839741331,0.7544583017839159,-0.3908638328262102,0.13527000117358173,0.842,2000,0
pythia,pythia-12b,35,16,49,1.0,-0.07928571428571428,0.5881449137857503,0.8736524425150741,-0.3780901569985458,0.2156199645268719,0.694,2000,0
pythia,pythia-12b,35,17,49,1.0,0.10693877551020409,0.4645666321137551,0.8432307995582982,-0.21025185740900496,0.366922831207882,0.246,2000,0
pythia,pythia-12b,35,18,49,1.0,0.07051020408163265,0.6302111290903235,0.8830580895029374,-0.24576416678746915,0.36102116101813847,0.3065,2000,0
pythia,pythia-12b,35,19,49,1.0,0.14224489795918369,0.32957065002980485,0.7544583017839159,-0.1651441000008852,0.4188248916763519,0.1845,2000,1
pythia,pythia-12b,35,20,49,1.0,-0.016428571428571428,0.9107926959832566,0.9624631727154471,-0.2784652673111679,0.2487987871542746,0.56,2000,0
pythia,pythia-12b,35,21,49,1.0,-0.1111876523908603,0.44690552728794813,0.8381722138292039,-0.3569171274826126,0.16564150050981277,0.7995,2000,0
pythia,pythia-12b,35,22,49,1.0,-0.09275510204081633,0.5261506173590312,0.8628114541815487,-0.374980045641922,0.2203096203539868,0.7195,2000,0
pythia,pythia-12b,35,23,49,1.0,-0.0623469387755102,0.6704164629369875,0.8830580895029374,-0.34431673061004875,0.2169304895571961,0.6635,2000,18
pythia,pythia-12b,35,24,49,1.0,-0.052552361046718746,0.7198809340262446,0.8964917231740167,-0.32862800795879393,0.2642522558562427,0.6365,2000,0
pythia,pythia-12b,35,25,49,1.0,-0.1796938775510204,0.21665519084480278,0.6790468062048516,-0.42915647387065553,0.08903617479356422,0.9,2000,3
pythia,pythia-12b,35,26,49,1.0,0.16785714285714284,0.24896398640252607,0.704643525151392,-0.12081265977780596,0.4290624887078848,0.13,2000,1
pythia,pythia-12b,35,27,49,1.0,0.17051020408163264,0.24145376675967634,0.6960426486220299,-0.14345167794152935,0.44123099415036654,0.14,2000,0
pythia,pythia-12b,35,28,49,1.0,-0.31612244897959185,0.02691012738430433,0.2416736440090408,-0.5584407218767814,-0.0316516136249207,0.984,2000,0
pythia,pythia-12b,35,29,49,1.0,-0.2272035396588865,0.11642021738751124,0.5038430214637508,-0.47616133371096486,0.0673267038289883,0.9285,2000,0
pythia,pythia-12b,35,30,49,1.0,0.17653061224489797,0.22498815853046256,0.6803321393337621,-0.116456894257781,0.43364450530707,0.116,2000,1
pythia,pythia-12b,35,31,49,1.0,0.22275510204081633,0.12394258590760121,0.5212303148026793,-0.0628073265878872,0.480114729170157,0.064,2000,0
pythia,pythia-12b,35,32,49,1.0,0.11887755102040816,0.41590187308925297,0.8126618189651931,-0.16770971697149278,0.37094373660589447,0.1835,2000,0
pythia,pythia-12b,35,33,49,1.0,-0.2838775510204082,0.048073458604143735,0.30338250227209623,-0.5532863320384602,0.014263761083346909,0.967,2000,0
pythia,pythia-12b,35,34,49,1.0,0.06,0.6821530322392731,0.8830580895029374,-0.2573751504383019,0.3634718595763772,0.3435,2000,0
pythia,pythia-12b,35,35,49,1.0,-0.07316326530612245,0.617362266502308,0.8830580895029374,-0.3553682648671564,0.23239335887611748,0.681,2000,0
pythia,pythia-12b,35,36,49,1.0,-0.2656122448979592,0.06509933816689911,0.3449718611668366,-0.5411423460260669,0.040372292532740585,0.9585,2000,9
pythia,pythia-12b,35,37,49,1.0,-0.04204081632653061,0.7742536291060663,0.8994438925187387,-0.3256888002862547,0.2457153179706743,0.6185,2000,0
pythia,pythia-12b,35,38,49,1.0,-0.3780612244897959,0.007399322934971731,0.12483097818339538,-0.6049858671478959,-0.10149953349531662,0.9945,2000,0
pythia,pythia-12b,35,39,49,1.0,-0.07561417385557008,0.6055921917611593,0.8772271414663558,-0.3667168729508659,0.23403368953849923,0.684,2000,0
pythia,pythia-160m,8,0,49,0.75,0.0029591836734693877,0.983900125603778,0.983900125603778,-0.29625022917603633,0.2984130286595987,0.5005,2000,10
pythia,pythia-160m,8,1,49,0.75,-0.07673469387755102,0.6002436855588775,0.8459812020385844,-0.35662413028496986,0.2014334650144571,0.7115,2000,0
pythia,pythia-160m,8,2,49,0.75,-0.009183673469387756,0.9500631813124428,0.983900125603778,-0.2965798042069093,0.26706975716010156,0.5365,2000,0
pythia,pythia-160m,8,3,49,0.75,-0.08142857142857143,0.5780670853006622,0.8459812020385844,-0.34766912747132894,0.2088517439685728,0.7155,2000,0
pythia,pythia-160m,8,4,49,0.75,-0.35887755102040814,0.01133270244704629,0.4838612151926819,-0.5769427825182241,-0.09480045045998206,0.9965,2000,0
pythia,pythia-160m,8,5,49,0.75,-0.0633673469387755,0.6653375830631617,0.8464628147027375,-0.3628963256402071,0.22350203580801833,0.652,2000,0
pythia,pythia-160m,8,6,49,0.75,-0.05193877551020408,0.7230203208919217,0.8464628147027375,-0.3263764804866116,0.23329024596380962,0.637,2000,0
pythia,pythia-160m,8,7,49,0.75,-0.04510204081632653,0.7582948934016691,0.8464687182158167,-0.3427348352537717,0.23880027431567905,0.6005,2000,0
pythia,pythia-160m,8,8,49,0.75,0.005816326530612245,0.9683613687039432,0.983900125603778,-0.2725345308874165,0.2784359324025245,0.4995,2000,0
pythia,pythia-160m,8,9,49,0.75,0.11959183673469388,0.41308588015401737,0.8459812020385844,-0.20876120713944418,0.39416938873274765,0.235,2000,0
pythia,pythia-160m,8,10,49,0.75,0.1716326530612245,0.2383233141384906,0.7495218227228527,-0.13309530138417308,0.45198614440295626,0.1355,2000,11
pythia,pythia-160m,8,11,49,0.75,-0.25285714285714284,0.07961628780050588,0.4838612151926819,-0.4987194694430154,0.025521147151356997,0.9635,2000,0
pythia,pythia-160m,9,0,49,0.8333333333333334,0.024183673469387754,0.8689915265315008,0.9479907562161827,-0.2773236163513318,0.3070803626708797,0.443,2000,0
pythia,pythia-160m,9,1,49,0.8333333333333334,-0.13969387755102042,0.33840656584942663,0.8380846876173952,-0.42049418875404504,0.15069043692207407,0.822,2000,0
pythia,pythia-160m,9,2,49,0.8333333333333334,-0.06,0.6821530322392731,0.8464628147027375,-0.3389376970729181,0.21622632995467836,0.6585,2000,0
pythia,pythia-160m,9,3,49,0.8333333333333334,-0.2736734693877551,0.057071573507715787,0.4838612151926819,-0.5370861583579549,0.02715771517328899,0.9585,2000,5
pythia,pythia-160m,9,4,49,0.8333333333333334,0.17479591836734693,0.22965071294973954,0.7495218227228527,-0.14850439608511581,0.44143470038875043,0.148,2000,0
pythia,pythia-160m,9,5,49,0.8333333333333334,0.07806122448979592,0.593938717580845,0.8459812020385844,-0.20801691078387657,0.36463482112618034,0.2805,2000,1
pythia,pythia-160m,9,6,49,0.8333333333333334,0.28153061224489795,0.05003344472983393,0.4838612151926819,-0.01575137855312308,0.5472927067739942,0.032,2000,0
pythia,pythia-160m,9,7,49,0.8333333333333334,-0.1939795918367347,0.18170310969321593,0.7495218227228527,-0.47450996523387723,0.10346594533512628,0.8965,2000,2
pythia,pythia-160m,9,8,49,0.8333333333333334,0.10020408163265306,0.4933134733836241,0.8459812020385844,-0.18060359443733212,0.3676458802194958,0.2385,2000,0
pythia,pythia-160m,9,9,49,0.8333333333333334,0.012755102040816327,0.9306840254075887,0.983900125603778,-0.28055025397824085,0.29533786687395447,0.4635,2000,0
pythia,pythia-160m,9,10,49,0.8333333333333334,0.05897959183673469,0.6872793889022093,0.8464628147027375,-0.24501348587048108,0.3620525314485473,0.3545,2000,0
pythia,pythia-160m,9,11,49,0.8333333333333334,0.11938775510204082,0.4138893322342074,0.8459812020385844,-0.20263411502944456,0.4074159143333552,0.2295,2000,0
pythia,pythia-160m,10,0,49,0.9166666666666666,0.11734693877551021,0.42197293451174595,0.8459812020385844,-0.17842901432531058,0.3863092392341327,0.224,2000,0
pythia,pythia-160m,10,1,49,0.9166666666666666,-0.08540816326530612,0.5595627372313274,0.8459812020385844,-0.38004840365683823,0.21159043999012958,0.705,2000,0
pythia,pythia-160m,10,2,49,0.9166666666666666,0.054387755102040816,0.7105176446797419,0.8464628147027375,-0.23311290024158549,0.32235674606742665,0.343,2000,1
pythia,pythia-160m,10,3,49,0.9166666666666666,-0.07918367346938776,0.5886267639580514,0.8459812020385844,-0.399600159821636,0.24966104784794063,0.6715,2000,0
pythia,pythia-160m,10,4,49,0.9166666666666666,0.15275510204081633,0.2947091914789146,0.7867618661875264,-0.13247732645146829,0.4377411652275667,0.155,2000,0
pythia,pythia-160m,10,5,49,0.9166666666666666,-0.18948979591836734,0.1922208106960907,0.7495218227228527,-0.4661031006788814,0.08949573365800054,0.9055,2000,16
pythia,pythia-160m,10,6,49,0.9166666666666666,-0.11448979591836735,0.433439044721984,0.8459812020385844,-0.3879164724579796,0.17692654259331175,0.765,2000,0
pythia,pythia-160m,10,7,49,0.9166666666666666,0.09826530612244898,0.5017565667106122,0.8459812020385844,-0.17908587519967673,0.3748969219595077,0.2335,2000,0
pythia,pythia-160m,10,8,49,0.9166666666666666,0.07673469387755102,0.6002436855588775,0.8459812020385844,-0.21016902340371285,0.34311695838694867,0.305,2000,0
pythia,pythia-160m,10,9,49,0.9166666666666666,-0.21602040816326532,0.13602153794866145,0.6529033821535749,-0.4988741840753647,0.08869411931621463,0.912,2000,1
pythia,pythia-160m,10,10,49,0.9166666666666666,-0.1366326530612245,0.34920195317391467,0.8380846876173952,-0.41211501696322933,0.14516846893708008,0.8395,2000,0
pythia,pythia-160m,10,11,49,0.9166666666666666,0.10642857142857143,0.4667123386840719,0.8459812020385844,-0.19602461355765405,0.389855927624165,0.247,2000,0
pythia,pythia-160m,11,0,49,1.0,-0.1126530612244898,0.44090121865595305,0.8459812020385844,-0.41913458357541,0.21706220646173494,0.7465,2000,35
pythia,pythia-160m,11,1,49,1.0,-0.2455334674160624,0.08903591985975756,0.4838612151926819,-0.4959011505210667,0.03902790238848572,0.956,2000,0
pythia,pythia-160m,11,2,49,1.0,-0.24428571428571427,0.09072397784862786,0.4838612151926819,-0.49148575190043226,0.047905133285020315,0.9455,2000,13
pythia,pythia-160m,11,3,49,1.0,0.04795918367346939,0.7434893094699823,0.8464687182158167,-0.24730479380712697,0.3304792970223222,0.361,2000,4
pythia,pythia-160m,11,4,49,1.0,-0.05418367346938775,0.711556712944199,0.8464628147027375,-0.316771047647235,0.2184876746846001,0.6605,2000,0
pythia,pythia-160m,11,5,49,1.0,-0.26740478082121644,0.06324057012165887,0.4838612151926819,-0.5242385680462907,0.023206689024989135,0.9635,2000,1
pythia,pythia-160m,11,6,49,1.0,-0.1526530612244898,0.2950356998203224,0.7867618661875264,-0.413392951211528,0.10026081178157194,0.8665,2000,40
pythia,pythia-160m,11,7,49,1.0,-0.07326717520688167,0.6168612931531344,0.8459812020385844,-0.3584632170540437,0.22176257284279596,0.6725,2000,0
pythia,pythia-160m,11,8,49,1.0,0.16755102040816328,0.24984060757428425,0.7495218227228527,-0.13600570303083753,0.41824771455098353,0.125,2000,4
pythia,pythia-160m,11,9,49,1.0,-0.2574489795918367,0.07412232133983976,0.4838612151926819,-0.4940780751962047,-0.00468695784102894,0.977,2000,0
pythia,pythia-160m,11,10,49,1.0,-0.32051838067523025,0.024748275807847008,0.4838612151926819,-0.5466508189759706,-0.042349199529699205,0.985,2000,0
pythia,pythia-160m,11,11,49,1.0,-0.1826530612244898,0.20905665081751335,0.7495218227228527,-0.4325188880753173,0.10776842057059104,0.8895,2000,3
pythia,pythia-1b,11,0,49,0.75,-0.31010204081632653,0.030124874391874567,0.2023594106159861,-0.5565973358869035,-0.027547463681167426,0.982,2000,2
pythia,pythia-1b,11,1,49,0.75,-0.12193877551020409,0.4039106316017066,0.8078212632034132,-0.39833983369582715,0.1755883737879764,0.792,2000,0
pythia,pythia-1b,11,2,49,0.75,-0.09612244897959184,0.5111737750973617,0.8583324325774891,-0.37693152784874806,0.18786584230625833,0.742,2000,8
pythia,pythia-1b,11,3,49,0.75,-0.020306122448979592,0.8898550702418208,0.8898550702418208,-0.3378710522789741,0.27103948879759254,0.57,2000,1
pythia,pythia-1b,11,4,49,0.75,-0.048775510204081635,0.7392756834706127,0.8697360982007208,-0.32627703820744286,0.2423478429109658,0.619,2000,13
pythia,pythia-1b,11,5,49,0.75,0.0313265306122449,0.8307988211413224,0.8898550702418208,-0.2716400257366259,0.32704310805139014,0.4265,2000,2
pythia,pythia-1b,11,6,49,0.75,-0.22418367346938775,0.1214878982277497,0.5374485295310892,-0.49520548559512617,0.06931403545374892,0.9345,2000,0
pythia,pythia-1b,11,7,49,0.75,-0.07214285714285715,0.6222910136186796,0.8583324325774891,-0.33716974893110835,0.20235494355342917,0.674,2000,0
pythia,pythia-1b,12,0,49,0.8125,-0.06540816326530612,0.6552244676524663,0.8584576525822911,-0.36996539995610916,0.22835163823693916,0.6725,2000,0
pythia,pythia-1b,12,1,49,0.8125,0.16510204081632654,0.2569286845530183,0.6045380813012196,-0.1255838912454643,0.4265837319571808,0.1325,2000,5
pythia,pythia-1b,12,2,49,0.8125,-0.3703061224489796,0.008817305393074909,0.11756407190766545,-0.592700874578039,-0.08654382674604769,0.9945,2000,2
pythia,pythia-1b,12,3,49,0.8125,-0.06183673469387755,0.6729613970287299,0.8584576525822911,-0.3608173796422316,0.23164541952189066,0.67,2000,1
pythia,pythia-1b,12,4,49,0.8125,-0.07826530612244897,0.5929713307760558,0.8583324325774891,-0.3409094681681294,0.18656318009977155,0.731,2000,1
pythia,pythia-1b,12,5,49,0.8125,-0.1939795918367347,0.18170310969321593,0.5374485295310892,-0.45330172559225274,0.10342994791489962,0.9,2000,1
pythia,pythia-1b,12,6,49,0.8125,-0.04357142857142857,0.7662622651667109,0.8757283030476696,-0.3354159308908022,0.24227378144712353,0.615,2000,0
pythia,pythia-1b,12,7,49,0.8125,-0.07357142857142857,0.6153954110902646,0.8583324325774891,-0.37907119231889663,0.26137010001155564,0.672,2000,0
pythia,pythia-1b,13,0,49,0.875,-0.25010204081632653,0.08306332704842015,0.47464758313382943,-0.5170935684014442,0.04657441999727582,0.9525,2000,13
pythia,pythia-1b,13,1,49,0.875,-0.3442857142857143,0.015420465265861527,0.15420465265861527,-0.5941678995234211,-0.06866131050979765,0.9935,2000,0
pythia,pythia-1b,13,2,49,0.875,-0.21285714285714286,0.14198950338241692,0.5374485295310892,-0.5148474599673601,0.12316199241660716,0.906,2000,0
pythia,pythia-1b,13,3,49,0.875,-0.16581632653061223,0.2548475230529102,0.6045380813012196,-0.44861040155308063,0.11928086047046123,0.8705,2000,1
pythia,pythia-1b,13,4,49,0.875,-0.5139795918367347,0.0001584346824909907,0.006337387299639627,-0.6852438334818608,-0.2885060255743013,0.9995,2000,30
pythia,pythia-1b,13,5,49,0.875,-0.19387755102040816,0.18193746250042173,0.5374485295310892,-0.4782936360988754,0.10036013584876605,0.9085,2000,0
pythia,pythia-1b,13,6,49,0.875,-0.059081632653061225,0.6867661220658329,0.8584576525822911,-0.3637561737209152,0.2362355304908655,0.6655,2000,0
pythia,pythia-1b,13,7,49,0.875,-0.3096938775510204,0.030353911592397916,0.2023594106159861,-0.5462929337040539,-0.01255237608584578,0.978,2000,1
pythia,pythia-1b,14,0,49,0.9375,-0.1103061224489796,0.4505390433337873,0.8253057973532515,-0.3902167248686983,0.1777389144250909,0.7675,2000,0
pythia,pythia-1b,14,1,49,0.9375,-0.10948979591836734,0.45391818854428834,0.8253057973532515,-0.3645738990784365,0.18279110978625263,0.7835,2000,0
pythia,pythia-1b,14,2,49,0.9375,-0.1416326530612245,0.3316779623440495,0.726777532092886,-0.4112002884320043,0.17510959650784508,0.817,2000,8
pythia,pythia-1b,14,3,49,0.9375,0.02214285714285714,0.8799622545452191,0.8898550702418208,-0.26553137715883085,0.29417731350238197,0.4585,2000,5
pythia,pythia-1b,14,4,49,0.9375,-0.4172448979591837,0.0028575632900479744,0.057151265800959486,-0.6198303279596489,-0.16305019853899677,0.998,2000,0
pythia,pythia-1b,14,5,49,0.9375,-0.19122448979591836,0.18810698533588122,0.5374485295310892,-0.4802893499092862,0.11008734912905006,0.901,2000,2
pythia,pythia-1b,14,6,49,0.9375,0.026326530612244898,0.8574985071465859,0.8898550702418208,-0.2730330557280118,0.3272767899958398,0.443,2000,0
pythia,pythia-1b,14,7,49,0.9375,-0.07316326530612245,0.617362266502308,0.8583324325774891,-0.3229975372919379,0.1816681065337049,0.706,2000,0
pythia,pythia-1b,15,0,49,1.0,0.037551020408163265,0.7978259654994981,0.8864732949994424,-0.2696331427171205,0.3487040748679879,0.392,2000,0
pythia,pythia-1b,15,1,49,1.0,-0.19775510204081634,0.17318380321730809,0.5374485295310892,-0.4738408518967635,0.1266982914657276,0.8995,2000,0
pythia,pythia-1b,15,2,49,1.0,-0.18010204081632653,0.2155958376690462,0.5749222337841231,-0.4390176821123553,0.12248193074195803,0.902,2000,0
pythia,pythia-1b,15,3,49,1.0,0.048775510204081635,0.7392756834706127,0.8697360982007208,-0.25644517170829245,0.3544820927870318,0.394,2000,0
pythia,pythia-1b,15,4,49,1.0,-0.1377551020408163,0.34521932774412084,0.726777532092886,-0.4464213387449084,0.1836507772696845,0.8035,2000,1
pythia,pythia-1b,15,5,49,1.0,-0.0786734693877551,0.5910386565678483,0.8583324325774891,-0.35028673059092397,0.2010286223291983,0.709,2000,0
pythia,pythia-1b,15,6,49,1.0,-0.2373469387755102,0.10056983538283121,0.5028491769141561,-0.5300699009838454,0.07374968071519777,0.937,2000,0
pythia,pythia-1b,15,7,49,1.0,-0.08642857142857142,0.554863243653692,0.8583324325774891,-0.37545470811347936,0.22790392293636585,0.707,2000,1
pythia,pythia-2.8b,22,0,49,0.71875,0.12836734693877552,0.37939090494550265,0.6670609317723123,-0.1721955556743932,0.4202608365887674,0.202,2000,1
pythia,pythia-2.8b,22,1,49,0.71875,-0.1960204081632653,0.1770614782699786,0.43922227167746625,-0.45078719105047543,0.07158121171871662,0.924,2000,0
pythia,pythia-2.8b,22,2,49,0.71875,-0.21785714285714286,0.13264338859041705,0.38022201903946906,-0.49553584169744347,0.08091001422162063,0.935,2000,2
pythia,pythia-2.8b,22,3,49,0.71875,0.040612244897959185,0.7817331960352665,0.9165076601238565,-0.2539446843868604,0.3253672729662593,0.3955,2000,1
pythia,pythia-2.8b,22,4,49,0.71875,-0.26010204081632654,0.07108741576366012,0.3074050411401519,-0.522244593419882,0.030586471362228248,0.9615,2000,0
pythia,pythia-2.8b,22,5,49,0.71875,-0.305,0.03309345805977135,0.23021536041580068,-0.537286366287357,-0.024128528017841853,0.982,2000,13
pythia,pythia-2.8b,22,6,49,0.71875,-0.4085714285714286,0.0035620939946451077,0.06332611546035748,-0.61108779357385,-0.15725903366842994,0.999,2000,2
pythia,pythia-2.8b,22,7,49,0.71875,-0.11081632653061224,0.44843409896812175,0.7396851116999946,-0.3996960098094314,0.19076252817038128,0.753,2000,0
pythia,pythia-2.8b,22,8,49,0.71875,0.22428571428571428,0.12131398150857994,0.36833443162254464,-0.042029083965370626,0.45971299834397833,0.045,2000,10
pythia,pythia-2.8b,22,9,49,0.71875,0.036224489795918365,0.8048258301805058,0.930385463037966,-0.23882457069571117,0.31231585709605236,0.4175,2000,0
pythia,pythia-2.8b,22,10,49,0.71875,-0.22673469387755102,0.11719627697240487,0.36833443162254464,-0.5099006565726181,0.0806545030426815,0.923,2000,0
pythia,pythia-2.8b,22,11,49,0.71875,-0.2623469387755102,0.06859715352508487,0.3074050411401519,-0.48684329795262543,0.015000653792986674,0.9675,2000,0
pythia,pythia-2.8b,22,12,49,0.71875,-0.26918367346938776,0.061438148045813025,0.3003527229029122,-0.555869544213788,0.04561379661456365,0.954,2000,0
pythia,pythia-2.8b,22,13,49,0.71875,-0.11785714285714285,0.41994368356690503,0.6999061392781751,-0.3983199533359862,0.19835947614070776,0.781,2000,1
pythia,pythia-2.8b,22,14,49,0.71875,-0.05857142857142857,0.68933384928953,0.867627330100232,-0.3655505826955052,0.268844601017295,0.649,2000,0
pythia,pythia-2.8b,22,15,49,0.71875,-0.2739795918367347,0.05678319393128192,0.28842257234936847,-0.5558517943628984,0.03569374889687958,0.96,2000,34
pythia,pythia-2.8b,22,16,49,0.71875,0.14142857142857143,0.3323822684518759,0.6293628751751497,-0.15296501751675176,0.4132312272701219,0.169,2000,0
pythia,pythia-2.8b,22,17,49,0.71875,-0.06897959183673469,0.6376737977077449,0.8395663222790753,-0.37685219132664893,0.24302162456626672,0.685,2000,0
pythia,pythia-2.8b,22,18,49,0.71875,0.21693877551020407,0.13432451786604416,0.38022201903946906,-0.10095785549246286,0.5075977388275315,0.0925,2000,0
pythia,pythia-2.8b,22,19,49,0.71875,-0.10163265306122449,0.4871397015084962,0.7548655648940135,-0.3876199021326523,0.19790200878971442,0.753,2000,0
pythia,pythia-2.8b,22,20,49,0.71875,-0.09275510204081633,0.5261506173590312,0.7575321827564765,-0.37228393026736617,0.17158819173371828,0.751,2000,0
pythia,pythia-2.8b,22,21,49,0.71875,-0.24785714285714286,0.08595762386788973,0.3256178033983893,-0.5336209918317621,0.0533208256824064,0.943,2000,0
pythia,pythia-2.8b,22,22,49,0.71875,-0.07173469387755102,0.6242671257960365,0.8295589224800447,-0.3431003541060984,0.21116589178971026,0.688,2000,22
pythia,pythia-2.8b,22,23,49,0.71875,-0.08602040816326531,0.5567407990673926,0.7848328445002891,-0.3812502070789606,0.21042029183818434,0.713,2000,0
pythia,pythia-2.8b,22,24,49,0.71875,-0.28,0.051346260970542214,0.27007284715016056,-0.5180211764314469,-0.010872299520006063,0.979,2000,12
pythia,pythia-2.8b,22,25,49,0.71875,-0.4235714285714286,0.002424334380590413,0.05967592321453325,-0.6288986871565155,-0.15094528061433685,0.998,2000,3
pythia,pythia-2.8b,22,26,49,0.71875,-0.2674489795918367,0.06319528016890154,0.3003527229029122,-0.5388041710579418,0.03882513667935781,0.963,2000,0
pythia,pythia-2.8b,22,27,49,0.71875,-0.04,0.7849447575636722,0.9165076601238565,-0.33940381932717023,0.2508529009902384,0.5915,2000,1
pythia,pythia-2.8b,22,28,49,0.71875,0.3520408163265306,0.013114402845437747,0.1498788896621457,0.07302403060216976,0.588863568899475,0.0065,2000,8
pythia,pythia-2.8b,22,29,49,0.71875,0.004489795918367347,0.9755746929290086,0.9879237396749454,-0.27434343758288293,0.299409046149111,0.4795,2000,3
pythia,pythia-2.8b,22,30,49,0.71875,-0.029081632653061223,0.8427649356642493,0.9495942937061964,-0.31169791810829994,0.27218092739817773,0.5605,2000,17
pythia,pythia-2.8b,22,31,49,0.71875,-0.01826530612244898,0.900866521138758,0.9739097525824412,-0.3068893679206929,0.2941122245839051,0.553,2000,1
pythia,pythia-2.8b,23,0,49,0.75,-0.19,0.19100427537625334,0.4665753291633669,-0.478561897669204,0.12719427836506533,0.8805,2000,0
pythia,pythia-2.8b,23,1,49,0.75,-0.014285714285714285,0.9223901797847313,0.975892619368346,-0.301751526045777,0.2773242972796372,0.533,2000,0
pythia,pythia-2.8b,23,2,49,0.75,-0.20418367346938776,0.1593491760372456,0.41456696204811866,-0.49108807716579295,0.10250367892171708,0.896,2000,0
pythia,pythia-2.8b,23,3,49,0.75,-0.05285714285714286,0.7183232234711859,0.8762375275739935,-0.3513300224685402,0.2530587116113475,0.653,2000,0
pythia,pythia-2.8b,23,4,49,0.75,-0.06846938775510204,0.640169320737795,0.8395663222790753,-0.41178411848470226,0.257955561001408,0.648,2000,0
pythia,pythia-2.8b,23,5,49,0.75,-0.19540816326530613,0.17844489931136684,0.43924898292028763,-0.4768455152899349,0.10649770005780781,0.88,2000,1
pythia,pythia-2.8b,23,6,49,0.75,0.12928571428571428,0.37596194878603645,0.6670609317723123,-0.1550840494652844,0.37977236548653537,0.1745,2000,0
pythia,pythia-2.8b,23,7,49,0.75,-0.39571428571428574,0.004887233677727755,0.08231130404594114,-0.6245795231171688,-0.11428495384126032,0.9975,2000,1
pythia,pythia-2.8b,23,8,49,0.75,-0.02520408163265306,0.8635151695264388,0.9511186411573028,-0.332753869195997,0.2848776900236178,0.5575,2000,0
pythia,pythia-2.8b,23,9,49,0.75,-0.31510204081632653,0.027433890180382087,0.2117974344456759,-0.5918421552233011,-0.016751970518988836,0.9785,2000,0
pythia,pythia-2.8b,23,10,49,0.75,-0.16877551020408163,0.24634661898729573,0.5362647488158819,-0.45379888062562856,0.1434596027373652,0.8445,2000,0
pythia,pythia-2.8b,23,11,49,0.75,-0.009081632653061224,0.9506173448711778,0.9844580917759769,-0.30170067663610994,0.2997592847236911,0.534,2000,1
pythia,pythia-2.8b,23,12,49,0.75,-0.42520408163265305,0.0023224386226765458,0.05967592321453325,-0.6853999233946095,-0.13363692183123507,0.9955,2000,25
pythia,pythia-2.8b,23,13,49,0.75,0.07693877551020409,0.5992717858181023,0.8057435775705577,-0.21967000429412326,0.35496710025106887,0.2845,2000,2
pythia,pythia-2.8b,23,14,49,0.75,0.12612244897959185,0.3878507937171757,0.6708770485918715,-0.15234682976585173,0.4007053110741098,0.1915,2000,0
pythia,pythia-2.8b,23,15,49,0.75,-0.01193877551020408,0.9351104461481685,0.9778932770176926,-0.3005370406263399,0.2653375452421964,0.537,2000,8
pythia,pythia-2.8b,23,16,49,0.75,-0.0776530612244898,0.5958755838815477,0.8057435775705577,-0.37650830359769366,0.22218361611699167,0.6925,2000,0
pythia,pythia-2.8b,23,17,49,0.75,0.05612244897959184,0.7017067470612274,0.8703339498433827,-0.22342365847355047,0.3240262787383163,0.33,2000,0
pythia,pythia-2.8b,23,18,49,0.75,0.0746938775510204,0.610000362411993,0.816736886911455,-0.21844988008542512,0.3781220008175782,0.3225,2000,5
pythia,pythia-2.8b,23,19,49,0.75,-0.012551020408163265,0.9317904413164899,0.9778932770176926,-0.2913417447657154,0.2777857719109593,0.526,2000,0
pythia,pythia-2.8b,23,20,49,0.75,0.07795918367346939,0.5944226728218318,0.8057435775705577,-0.2378547445841658,0.36442903355251555,0.299,2000,0
pythia,pythia-2.8b,23,21,49,0.75,-0.25173469387755104,0.08100679718876784,0.3256178033983893,-0.49024657512358755,0.04698970301976813,0.9525,2000,0
pythia,pythia-2.8b,23,22,49,0.75,-0.2273469387755102,0.11618363707020435,0.36833443162254464,-0.49764939637284067,0.0755984456849671,0.9285,2000,5
pythia,pythia-2.8b,23,23,49,0.75,-0.2826530612244898,0.0490881236855534,0.27007284715016056,-0.5504287924392716,0.021878110593427643,0.9655,2000,0
pythia,pythia-2.8b,23,24,49,0.75,-0.006530612244897959,0.9644782719082005,0.9877493793073807,-0.3211696045987962,0.337425714354002,0.5215,2000,0
pythia,pythia-2.8b,23,25,49,0.75,0.027959183673469386,0.848761370212838,0.9511186411573028,-0.2817068454051708,0.33256650124109677,0.4215,2000,8
pythia,pythia-2.8b,23,26,49,0.75,-0.04153061224489796,0.7769226145168432,0.9165076601238565,-0.3481964363193829,0.27884042822209665,0.6045,2000,0
pythia,pythia-2.8b,23,27,49,0.75,-0.22846938775510203,0.11434442745282086,0.36833443162254464,-0.5104407189692098,0.1002029784535344,0.9155,2000,1
pythia,pythia-2.8b,23,28,49,0.75,-0.3603061224489796,0.010987905829216018,0.14064519461396505,-0.6018675554861381,-0.08142723745273221,0.995,2000,2
pythia,pythia-2.8b,23,29,49,0.75,-0.5128571428571429,0.00016468564307206706,0.040448091395653106,-0.7072785726887142,-0.2516479729755687,1.0,2000,14
pythia,pythia-2.8b,23,30,49,0.75,-0.3543877551020408,0.012477512781186851,0.1498788896621457,-0.6017448333639089,-0.047077152024776185,0.9895,2000,3
pythia,pythia-2.8b,23,31,49,0.75,-0.13653061224489796,0.3495654043959909,0.6468983688268302,-0.3858897565046419,0.11236085741346953,0.846,2000,20
pythia,pythia-2.8b,24,0,49,0.78125,-0.2970408163265306,0.038205300884495134,0.24764280741554,-0.5468551700210126,-0.0007766092132605068,0.975,2000,0
pythia,pythia-2.8b,24,1,49,0.78125,-0.2612244897959184,0.06983346880315439,0.3074050411401519,-0.5078983238508823,0.018957481814591365,0.964,2000,0
pythia,pythia-2.8b,24,2,49,0.78125,-0.21979591836734694,0.12914618033071906,0.38022201903946906,-0.5126008949674753,0.10249310381601293,0.9135,2000,1
pythia,pythia-2.8b,24,3,49,0.78125,0.005204081632653061,0.9716903186367563,0.9879237396749454,-0.2804061965150662,0.3109087315053501,0.487,2000,0
pythia,pythia-2.8b,24,4,49,0.78125,0.029183673469387755,0.8422202371489861,0.9495942937061964,-0.28830389138122603,0.3327634102884864,0.4225,2000,2
pythia,pythia-2.8b,24,5,49,0.78125,0.06010204081632653,0.681641171745785,0.8655760911057586,-0.24847523345305406,0.3550421250065192,0.349,2000,3
pythia,pythia-2.8b,24,6,49,0.78125,-0.15448979591836734,0.2891944100229647,0.5690104394553906,-0.42355636697745985,0.1341685456226542,0.857,2000,0
pythia,pythia-2.8b,24,7,49,0.78125,-0.1626530612244898,0.26415058734975233,0.5418473586661586,-0.4495266091488284,0.15498570918059046,0.851,2000,0
pythia,pythia-2.8b,24,8,49,0.78125,-0.1879591836734694,0.1959034645498582,0.47491748981783805,-0.4121335036717978,0.06205924227190796,0.926,2000,0
pythia,pythia-2.8b,24,9,49,0.78125,0.058163265306122446,0.6913905286736224,0.867627330100232,-0.24250101925501003,0.33788572932009336,0.366,2000,1
pythia,pythia-2.8b,24,10,49,0.78125,-0.10928571428571429,0.45476513053296885,0.7424736825028063,-0.41447926260701906,0.21080945815793128,0.7585,2000,1
pythia,pythia-2.8b,24,11,49,0.78125,-0.26816326530612244,0.06246695018076479,0.3003527229029122,-0.5425795885535761,0.03068971885042415,0.961,2000,2
pythia,pythia-2.8b,24,12,49,0.78125,-0.1323469387755102,0.3646664869048644,0.661985219784475,-0.3908000377290627,0.14446647552220318,0.8325,2000,7
pythia,pythia-2.8b,24,13,49,0.78125,-0.02193877551020408,0.8810605894579352,0.9622504731281204,-0.3057329752398306,0.270339648551523,0.582,2000,0
pythia,pythia-2.8b,24,14,49,0.78125,-0.17469387755102042,0.2299270366835861,0.5074251844051555,-0.4179771225451166,0.09070261620051505,0.8965,2000,0
pythia,pythia-2.8b,24,15,49,0.78125,-0.052244897959183675,0.7214534894791504,0.8762375275739935,-0.3404872239703758,0.2327081308542751,0.626,2000,19
pythia,pythia-2.8b,24,16,49,0.78125,-0.20683673469387756,0.15388198751831608,0.41035196671550955,-0.4940130593488662,0.10523961798207294,0.8985,2000,0
pythia,pythia-2.8b,24,17,49,0.78125,-0.4296938775510204,0.002061516219154032,0.05967592321453325,-0.6468719358966473,-0.17212841107187343,1.0,2000,9
pythia,pythia-2.8b,24,18,49,0.78125,-0.3136734693877551,0.028181430245914775,0.2117974344456759,-0.5592081896141589,-0.020651538232702205,0.9815,2000,1
pythia,pythia-2.8b,24,19,49,0.78125,-0.24408163265306124,0.09100242984048487,0.33472158102247307,-0.49558592742891855,0.050692256548701214,0.9445,2000,2
pythia,pythia-2.8b,24,20,49,0.78125,-0.23989795918367346,0.09685850327742974,0.3443857894308613,-0.46368899934169777,0.029956923856068615,0.9575,2000,0
pythia,pythia-2.8b,24,21,49,0.78125,-0.0920408163265306,0.5293551782292498,0.7575321827564765,-0.355104072580286,0.18019739438367188,0.756,2000,0
pythia,pythia-2.8b,24,22,49,0.78125,0.10326530612244898,0.4801337228517487,0.7548655648940135,-0.21018603239775263,0.41668381364174123,0.2485,2000,0
pythia,pythia-2.8b,24,23,49,0.78125,-0.21683673469387754,0.13451228953962016,0.38022201903946906,-0.4497600441068373,0.04599076416450172,0.951,2000,2
pythia,pythia-2.8b,24,24,49,0.78125,-0.11979591836734693,0.41228332280418867,0.6914085689666172,-0.3949815742261588,0.17246529003251873,0.788,2000,7
pythia,pythia-2.8b,24,25,49,0.78125,-0.030918367346938775,0.8329717395677054,0.9485799169454298,-0.3211475738616478,0.26324111653110327,0.585,2000,4
pythia,pythia-2.8b,24,26,49,0.78125,-0.08346938775510204,0.568542898590928,0.7855062652032055,-0.39863049130586414,0.23711691105298913,0.694,2000,0
pythia,pythia-2.8b,24,27,49,0.78125,0.10673469387755102,0.46542427675462505,0.7464491222916356,-0.19258482583411518,0.38743168758781904,0.255,2000,0
pythia,pythia-2.8b,24,28,49,0.78125,-0.12948979591836735,0.3752024806976558,0.6670609317723123,-0.4118908537745574,0.1650881215183232,0.806,2000,0
pythia,pythia-2.8b,24,29,49,0.78125,-0.05704081632653061,0.6970577307773338,0.8679318048589371,-0.358163249586636,0.22708097540963737,0.6485,2000,7
pythia,pythia-2.8b,24,30,49,0.78125,0.10591836734693877,0.4688633549394336,0.7464491222916356,-0.18890967988159885,0.40336638566344485,0.2515,2000,1
pythia,pythia-2.8b,24,31,49,0.78125,0.025306122448979593,0.8629678783138739,0.9511186411573028,-0.26266964520333497,0.31102539212180025,0.4435,2000,2
pythia,pythia-2.8b,25,0,49,0.8125,0.06448979591836734,0.6597679352787549,0.8547600780939335,-0.2917619850207898,0.4164822296129206,0.3625,2000,2
pythia,pythia-2.8b,25,1,49,0.8125,0.10285714285714286,0.48188021777027035,0.7548655648940135,-0.21509441802893703,0.41785181705389657,0.27,2000,7
pythia,pythia-2.8b,25,2,49,0.8125,-0.10132653061224489,0.48845924357420833,0.7548655648940135,-0.4031389182248181,0.2004164602867693,0.7445,2000,9
pythia,pythia-2.8b,25,3,49,0.8125,-0.4962244897959184,0.00028772087878928146,0.040448091395653106,-0.6813657356817953,-0.2503385848978086,0.9995,2000,0
pythia,pythia-2.8b,25,4,49,0.8125,0.09183673469387756,0.5302725279295335,0.7575321827564765,-0.23713807833495573,0.3920302227549965,0.276,2000,3
pythia,pythia-2.8b,25,5,49,0.8125,-0.3233673469387755,0.023426454836772744,0.20823515410464663,-0.5554780723847904,-0.046026049804907994,0.987,2000,3
pythia,pythia-2.8b,25,6,49,0.8125,-0.4386734693877551,0.001616405380510113,0.05967592321453325,-0.6508949603184947,-0.17160093285308345,0.9995,2000,0
pythia,pythia-2.8b,25,7,49,0.8125,-0.1620408163265306,0.26597701858974077,0.5421187640045672,-0.4401807649264793,0.12396263856913617,0.854,2000,4
pythia,pythia-2.8b,25,8,49,0.8125,-0.09459183673469387,0.5179546139729564,0.7575321827564765,-0.3591355613272676,0.21080305889620232,0.7465,2000,1
pythia,pythia-2.8b,25,9,49,0.8125,-0.3003061224489796,0.036034655257751,0.24023103505167334,-0.5357493379825752,-0.014883617001468454,0.981,2000,4
pythia,pythia-2.8b,25,10,49,0.8125,0.17581632653061224,0.22690004523283125,0.5060507716461972,-0.13813382205568475,0.49001988050774276,0.138,2000,0
pythia,pythia-2.8b,25,11,49,0.8125,-0.03183673469387755,0.8280844343418956,0.9463822106764521,-0.3376313732953638,0.2569762720680683,0.577,2000,0
pythia,pythia-2.8b,25,12,49,0.8125,0.23285714285714285,0.10736695179119884,0.35788983930399615,-0.062046145145172954,0.49810491342671515,0.06,2000,12
pythia,pythia-2.8b,25,13,49,0.8125,-0.2807142857142857,0.05073018314090983,0.27007284715016056,-0.5589327709951057,0.024197160350603257,0.972,2000,0
pythia,pythia-2.8b,25,14,49,0.8125,-0.09581632653061224,0.5125263437953705,0.7557992166567676,-0.4126520535646963,0.2294864628464916,0.726,2000,1
pythia,pythia-2.8b,25,15,49,0.8125,-0.19622448979591836,0.17660206056178915,0.43922227167746625,-0.4774521508034129,0.0919592682770242,0.909,2000,0
pythia,pythia-2.8b,25,16,49,0.8125,-0.12306122448979592,0.39956454354729054,0.683746812487342,-0.43932342248783024,0.2359956836762421,0.7565,2000,1
pythia,pythia-2.8b,25,17,49,0.8125,-0.045408163265306126,0.7567043660238333,0.8968348041763949,-0.33105613858355515,0.24778899044147298,0.63,2000,0
pythia,pythia-2.8b,25,18,49,0.8125,0.09795918367346938,0.5030964185657981,0.7552933524120352,-0.2265050105301573,0.4035822577934219,0.281,2000,0
pythia,pythia-2.8b,25,19,49,0.8125,-0.1076530612244898,0.46157158760108424,0.7464491222916356,-0.4024353470305632,0.19696132084306955,0.7515,2000,0
pythia,pythia-2.8b,25,20,49,0.8125,-0.01683673469387755,0.9085856609737039,0.975892619368346,-0.3216389465921409,0.29599250248641573,0.5255,2000,4
pythia,pythia-2.8b,25,21,49,0.8125,0.1060204081632653,0.46843272753490145,0.7464491222916356,-0.1751094307544581,0.37887173497105875,0.2475,2000,0
pythia,pythia-2.8b,25,22,49,0.8125,0.3407142857142857,0.016593477892546664,0.15617390957690977,0.05897386068381554,0.606806829955293,0.0075,2000,0
pythia,pythia-2.8b,25,23,49,0.8125,-0.2490816326530612,0.08436929824566022,0.3256178033983893,-0.5278565956850978,0.08211286716959973,0.93,2000,0
pythia,pythia-2.8b,25,24,49,0.8125,-0.31244897959183676,0.028835624781279462,0.2117974344456759,-0.5515038331383594,-0.03354943806781414,0.9855,2000,2
pythia,pythia-2.8b,25,25,49,0.8125,-0.10122448979591837,0.4888995049208064,0.7548655648940135,-0.41991250164335103,0.255614476866943,0.7265,2000,0
pythia,pythia-2.8b,25,26,49,0.8125,-0.2163265306122449,0.13545409428281086,0.38022201903946906,-0.45789412297922477,0.0641222953605997,0.934,2000,0
pythia,pythia-2.8b,25,27,49,0.8125,-0.22387755102040816,0.1220107804749679,0.36833443162254464,-0.47314711670233806,0.056384123474069466,0.9395,2000,1
pythia,pythia-2.8b,25,28,49,0.8125,-0.24418367346938777,0.0908631208417909,0.33472158102247307,-0.5448565601171077,0.07031485530043567,0.934,2000,5
pythia,pythia-2.8b,25,29,49,0.8125,0.1573469387755102,0.28025882769312827,0.5605176553862565,-0.13964711865954643,0.44518623287317405,0.151,2000,0
pythia,pythia-2.8b,25,30,49,0.8125,0.012142857142857143,0.9340036537475166,0.9778932770176926,-0.2887024338697655,0.3174473437353471,0.4605,2000,0
pythia,pythia-2.8b,25,31,49,0.8125,-0.013979591836734693,0.9240483239644027,0.975892619368346,-0.29723896431073255,0.2724068011028094,0.53,2000,0
pythia,pythia-2.8b,26,0,49,0.84375,-0.12020408163265306,0.41068089458075946,0.6914085689666172,-0.39668665259173275,0.17214317918179664,0.784,2000,0
pythia,pythia-2.8b,26,1,49,0.84375,-0.2110204081632653,0.1455428932188237,0.39806603273524427,-0.49198258651156257,0.1090414925814838,0.904,2000,1
pythia,pythia-2.8b,26,2,49,0.84375,0.01489795918367347,0.9190748773918307,0.975892619368346,-0.2699793460753265,0.294907273707008,0.457,2000,0
pythia,pythia-2.8b,26,3,49,0.84375,-0.12051020408163265,0.4094814263081634,0.6914085689666172,-0.41192089004092824,0.19181905131173513,0.7885,2000,0
pythia,pythia-2.8b,26,4,49,0.84375,-0.16377551020408163,0.26082391112631337,0.5418473586661586,-0.44770229428442965,0.12933087652356137,0.859,2000,7
pythia,pythia-2.8b,26,5,49,0.84375,-0.02642857142857143,0.8569519296055901,0.9511186411573028,-0.3326193081314054,0.2685385218858238,0.5605,2000,1
pythia,pythia-2.8b,26,6,49,0.84375,-0.23622448979591837,0.10223715470962631,0.3511072730235331,-0.48047762931299653,0.048076396036713535,0.9515,2000,9
pythia,pythia-2.8b,26,7,49,0.84375,-0.12663265306122448,0.3859183902303507,0.6708770485918715,-0.416599323850551,0.1681166477331609,0.7945,2000,5
pythia,pythia-2.8b,26,8,49,0.84375,-0.2253061224489796,0.11958516365936006,0.36833443162254464,-0.46796163965869386,0.07795309309517164,0.94,2000,0
pythia,pythia-2.8b,26,9,49,0.84375,-0.47122448979591836,0.0006320014280570798,0.040448091395653106,-0.6817341327773496,-0.2056495638855418,1.0,2000,3
pythia,pythia-2.8b,26,10,49,0.84375,-0.16418367346938775,0.25962119386915583,0.5418473586661586,-0.43010188112162545,0.11166919500965602,0.882,2000,0
pythia,pythia-2.8b,26,11,49,0.84375,-0.1036734693877551,0.47839057302300164,0.7548655648940135,-0.373186053432726,0.18489465981895092,0.7585,2000,0
pythia,pythia-2.8b,26,12,49,0.84375,-0.20204081632653062,0.16386773426907597,0.4195013997288345,-0.47820568982610184,0.10229698760884029,0.903,2000,0
pythia,pythia-2.8b,26,13,49,0.84375,-0.0017346938775510204,0.9905617357613894,0.9936669449644031,-0.3032009434013995,0.30795493758521847,0.5135,2000,0
pythia,pythia-2.8b,26,14,49,0.84375,0.14214285714285715,0.3299212846750108,0.6284214946190682,-0.17615789939228182,0.4238316927028619,0.178,2000,0
pythia,pythia-2.8b,26,15,49,0.84375,0.2788775510204082,0.052326614135343605,0.27007284715016056,-0.003663326180882163,0.5215329975708588,0.027,2000,2
pythia,pythia-2.8b,26,16,49,0.84375,-0.25204081632653064,0.08062568932960305,0.3256178033983893,-0.5089639038852791,0.037348516657722715,0.953,2000,0
pythia,pythia-2.8b,26,17,49,0.84375,-0.18224489795918367,0.21009346702030096,0.4871732568586689,-0.47323465592982644,0.15468264112571067,0.8805,2000,0
pythia,pythia-2.8b,26,18,49,0.84375,-0.3707142857142857,0.008737209416470127,0.12303166575114619,-0.6157857959025439,-0.08153406285182638,0.9915,2000,0
pythia,pythia-2.8b,26,19,49,0.84375,-0.13714285714285715,0.34738818205491057,0.6468983688268302,-0.4303583141483728,0.1607734086791919,0.827,2000,2
pythia,pythia-2.8b,26,20,49,0.84375,-0.3190816326530612,0.025438235723780955,0.2117974344456759,-0.6053208588245608,-0.017976483012949622,0.979,2000,0
pythia,pythia-2.8b,26,21,49,0.84375,-0.14979591836734693,0.30427311444086724,0.5865505820546838,-0.4229462173346522,0.14865194860886213,0.8355,2000,0
pythia,pythia-2.8b,26,22,49,0.84375,-0.0626530612244898,0.6688912550471174,0.8630854903833773,-0.35770185757960604,0.2546791122767172,0.632,2000,0
pythia,pythia-2.8b,26,23,49,0.84375,-0.06193877551020408,0.6724521190466312,0.8641954943571163,-0.35256006399324724,0.2482646231999324,0.6605,2000,0
pythia,pythia-2.8b,26,24,49,0.84375,-0.007244897959183674,0.9605959901710166,0.9877493793073807,-0.28024502959383346,0.2646931032305475,0.502,2000,0
pythia,pythia-2.8b,26,25,49,0.84375,0.12346938775510204,0.3979909228510463,0.683746812487342,-0.15848501725033892,0.3814872284522071,0.1955,2000,0
pythia,pythia-2.8b,26,26,49,0.84375,-0.23744897959183672,0.1004193069313523,0.3492845458481819,-0.5153425765826732,0.06576914574212551,0.9425,2000,0
pythia,pythia-2.8b,26,27,49,0.84375,-0.21724489795918367,0.1337623795307114,0.38022201903946906,-0.49913305334126057,0.07054876393765704,0.932,2000,11
pythia,pythia-2.8b,26,28,49,0.84375,-0.020714285714285713,0.8876551780906027,0.9661552958809282,-0.3581434229887071,0.30180386253143354,0.55,2000,0
pythia,pythia-2.8b,26,29,49,0.84375,-0.3107142857142857,0.029784014218923176,0.2117974344456759,-0.5557755115425103,-0.017402981444547144,0.982,2000,0
pythia,pythia-2.8b,26,30,49,0.84375,-0.1579591836734694,0.2783679371616918,0.5602373578096942,-0.438939730068053,0.1547323847123866,0.8465,2000,0
pythia,pythia-2.8b,26,31,49,0.84375,0.2543877551020408,0.07775047458691466,0.3256178033983893,-0.03006427426637203,0.5135151077143246,0.041,2000,0
pythia,pythia-2.8b,27,0,49,0.875,-0.0019387755102040817,0.9894514110435003,0.9936669449644031,-0.3226360367638486,0.3219413500944729,0.503,2000,1
pythia,pythia-2.8b,27,1,49,0.875,0.03612244897959184,0.8053649164422393,0.930385463037966,-0.28412094985065267,0.32734606083050155,0.4135,2000,0
pythia,pythia-2.8b,27,2,49,0.875,-0.10938775510204081,0.4543415518978659,0.7424736825028063,-0.3867474158845316,0.18042804608630852,0.7735,2000,1
pythia,pythia-2.8b,27,3,49,0.875,-0.24928571428571428,0.08410682609004097,0.3256178033983893,-0.4992776762916708,0.026562292912005202,0.96,2000,0
pythia,pythia-2.8b,27,4,49,0.875,0.04836734693877551,0.7413815584513683,0.8852317115837233,-0.24425199264255057,0.33538501684029803,0.364,2000,1
pythia,pythia-2.8b,27,5,49,0.875,0.14295918367346938,0.3271227514180361,0.6268220386453386,-0.13963390215258178,0.412913854457959,0.173,2000,2
pythia,pythia-2.8b,27,6,49,0.875,-0.11387755102040817,0.43591854820287856,0.7227665047923375,-0.38194609167976,0.1791701852125828,0.792,2000,2
pythia,pythia-2.8b,27,7,49,0.875,0.05173469387755102,0.7240655002380706,0.8762375275739935,-0.24627024721528276,0.3453368404923641,0.3675,2000,5
pythia,pythia-2.8b,27,8,49,0.875,-0.26418367346938776,0.06661169846351953,0.3074050411401519,-0.5150958625740526,0.025571475907401102,0.9645,2000,7
pythia,pythia-2.8b,27,9,49,0.875,-0.343265306122449,0.01574817443916857,0.15270957031921037,-0.6032047083474882,-0.054572839946241104,0.987,2000,28
pythia,pythia-2.8b,27,10,49,0.875,0.08479591836734694,0.5623913723665851,0.7855062652032055,-0.21306655798458232,0.3636681825149455,0.2935,2000,27
pythia,pythia-2.8b,27,11,49,0.875,-0.20816326530612245,0.15120070858533763,0.4093522379029489,-0.4741748828484952,0.08375842954918217,0.915,2000,1
pythia,pythia-2.8b,27,12,49,0.875,-0.0836734693877551,0.5675944873027767,0.7855062652032055,-0.37396704333653485,0.2553523251175694,0.7055,2000,0
pythia,pythia-2.8b,27,13,49,0.875,-0.3019387755102041,0.0349880950804064,0.23821681756872443,-0.5675902270998457,0.0013093515626009793,0.973,2000,3
pythia,pythia-2.8b,27,14,49,0.875,-0.26816326530612244,0.06246695018076479,0.3003527229029122,-0.5073140692950998,0.007443077045282846,0.9715,2000,1
pythia,pythia-2.8b,27,15,49,0.875,-0.2076530612244898,0.1522278634701591,0.4093522379029489,-0.46151930601608016,0.08365099212419877,0.924,2000,1
pythia,pythia-2.8b,27,16,49,0.875,-0.1633673469387755,0.2620303517686218,0.5418473586661586,-0.45651407551218515,0.1508060832303037,0.8435,2000,0
pythia,pythia-2.8b,27,17,49,0.875,-0.10653061224489796,0.4662827721821925,0.7464491222916356,-0.40120206717765067,0.17118887237469466,0.7575,2000,0
pythia,pythia-2.8b,27,18,49,0.875,-0.34622448979591836,0.01481379780502956,0.15270957031921037,-0.5559584566082666,-0.07422564608183453,0.995,2000,0
pythia,pythia-2.8b,27,19,49,0.875,-0.02642857142857143,0.8569519296055901,0.9511186411573028,-0.32078075539079876,0.2743960794977786,0.5465,2000,1
pythia,pythia-2.8b,27,20,49,0.875,0.06591836734693877,0.6527056322991759,0.8490479769745377,-0.23901046298669,0.3805984608074312,0.339,2000,1
pythia,pythia-2.8b,27,21,49,0.875,-0.21326530612244898,0.14120869290008053,0.3895412217933256,-0.4671897343409513,0.06376210272836698,0.9335,2000,0
pythia,pythia-2.8b,27,22,49,0.875,0.17785714285714285,0.221467118955388,0.5032320082083607,-0.1371414658307777,0.47609181776804094,0.128,2000,2
pythia,pythia-2.8b,27,23,49,0.875,-0.05928571428571429,0.6857400077415793,0.8673391402265035,-0.344995401594114,0.24762739904783984,0.628,2000,0
pythia,pythia-2.8b,27,24,49,0.875,0.1639795918367347,0.260222087182373,0.5418473586661586,-0.12506505191220846,0.43033952812386433,0.1435,2000,8
pythia,pythia-2.8b,27,25,49,0.875,-0.00040816326530612246,0.9977791845986661,0.9977791845986661,-0.2816599239935363,0.2874272654466086,0.5055,2000,0
pythia,pythia-2.8b,27,26,49,0.875,-0.26683673469387753,0.06382495361686884,0.3003527229029122,-0.5297118010772041,0.03873485708522012,0.9615,2000,0
pythia,pythia-2.8b,27,27,49,0.875,-0.3160204081632653,0.026962124915399923,0.2117974344456759,-0.5343051485273692,-0.049061918804120495,0.992,2000,4
pythia,pythia-2.8b,27,28,49,0.875,-0.22020408163265306,0.12841883957542768,0.38022201903946906,-0.4819750493017805,0.07729309915351187,0.927,2000,27
pythia,pythia-2.8b,27,29,49,0.875,-0.004591836734693878,0.9750197459135169,0.9879237396749454,-0.2854406045269451,0.2846945469017712,0.4875,2000,0
pythia,pythia-2.8b,27,30,49,0.875,-0.02489795918367347,0.8651574224670754,0.9511186411573028,-0.3109449296483605,0.2878697462167182,0.565,2000,0
pythia,pythia-2.8b,27,31,49,0.875,0.12846938775510205,0.3790089933257571,0.6670609317723123,-0.16957905032534526,0.41994215670373475,0.193,2000,5
pythia,pythia-2.8b,28,0,49,0.90625,0.11969387755102041,0.41268448960194964,0.6914085689666172,-0.16597371313172254,0.3769644295449222,0.194,2000,5
pythia,pythia-2.8b,28,1,49,0.90625,-0.4739795918367347,0.0005811920715962021,0.040448091395653106,-0.6892044212780138,-0.20267322496428936,0.999,2000,28
pythia,pythia-2.8b,28,2,49,0.90625,-0.2925510204081633,0.04136448113688794,0.25722592547562345,-0.5616058954153375,0.013835540692121645,0.97,2000,12
pythia,pythia-2.8b,28,3,49,0.90625,-0.15857142857142856,0.27648546742647423,0.5599705669396947,-0.4415908935202506,0.1431896664456017,0.8515,2000,0
pythia,pythia-2.8b,28,4,49,0.90625,-0.009795918367346938,0.9467386997947623,0.9844580917759769,-0.306291514071421,0.29467076917324675,0.5345,2000,1
pythia,pythia-2.8b,28,5,49,0.90625,-0.4089795918367347,0.003525795890906756,0.06332611546035748,-0.6499128738734083,-0.16592427620009423,0.9995,2000,0
pythia,pythia-2.8b,28,6,49,0.90625,-0.348265306122449,0.01419730161519808,0.15270957031921037,-0.584967243798619,-0.059514232052275885,0.989,2000,0
pythia,pythia-2.8b,28,7,49,0.90625,-0.2602040816326531,0.0709726877220228,0.3074050411401519,-0.5154280721935459,0.03543556188455399,0.957,2000,0
pythia,pythia-2.8b,28,8,49,0.90625,-0.1863265306122449,0.19988647534970938,0.47734083665602234,-0.4798163302923568,0.13525834192399128,0.8755,2000,0
pythia,pythia-2.8b,28,9,49,0.90625,-0.0936734693877551,0.5220446133896406,0.7575321827564765,-0.3788405752820678,0.22631259369702403,0.7135,2000,0
pythia,pythia-2.8b,28,10,49,0.90625,-0.24275510204081632,0.0928286077697601,0.3375585737082185,-0.4604074292124105,0.013603465923643322,0.968,2000,0
pythia,pythia-2.8b,28,11,49,0.90625,-0.23551020408163265,0.10330920606976628,0.3511072730235331,-0.48720235772101356,0.054905983278457346,0.9485,2000,0
pythia,pythia-2.8b,28,12,49,0.90625,-0.15316326530612245,0.29340550215931865,0.569028852672618,-0.43582274904235085,0.15305062216212456,0.8365,2000,0
pythia,pythia-2.8b,28,13,49,0.90625,-0.3790816326530612,0.007228352832159082,0.1156536453145453,-0.6024873420691761,-0.12485111125833219,0.9995,2000,0
pythia,pythia-2.8b,28,14,49,0.90625,-0.0976530612244898,0.5044380972294269,0.7552933524120352,-0.39821178159341447,0.23077081095555055,0.7445,2000,0
pythia,pythia-2.8b,28,15,49,0.90625,0.20091836734693877,0.1662715489753924,0.42227694977877434,-0.08905589721876879,0.4602960971281401,0.0875,2000,9
pythia,pythia-2.8b,28,16,49,0.90625,-0.29020408163265304,0.04309919811137138,0.25722592547562345,-0.5166799662963649,-0.014058074246088537,0.98,2000,0
pythia,pythia-2.8b,28,17,49,0.90625,-0.3692857142857143,0.00902032734887647,0.12303166575114619,-0.6002070269964389,-0.09209152833627932,0.997,2000,1
pythia,pythia-2.8b,28,18,49,0.90625,-0.0923469387755102,0.5279806197130811,0.7575321827564765,-0.3785212501556293,0.20270128082475752,0.7245,2000,0
pythia,pythia-2.8b,28,19,49,0.90625,-0.21948979591836734,0.12969371460562795,0.38022201903946906,-0.4645484266448713,0.054425669326521486,0.9445,2000,0
pythia,pythia-2.8b,28,20,49,0.90625,-0.03948979591836735,0.7876237704189393,0.9165076601238565,-0.3338570406703454,0.24887636267167695,0.5805,2000,0
pythia,pythia-2.8b,28,21,49,0.90625,-0.24744897959183673,0.08649222902769715,0.3256178033983893,-0.5051777766873392,0.04112029476174974,0.9545,2000,1
pythia,pythia-2.8b,28,22,49,0.90625,-0.3436734693877551,0.015616386476987177,0.15270957031921037,-0.5919710417830624,-0.044431411104810165,0.987,2000,0
pythia,pythia-2.8b,28,23,49,0.90625,0.006224489795918367,0.9661423616350318,0.9877493793073807,-0.27515971342975537,0.29789087566410766,0.489,2000,3
pythia,pythia-2.8b,28,24,49,0.90625,-0.13193877551020408,0.3661605746932877,0.661985219784475,-0.41944161737901275,0.15998494263717597,0.8045,2000,7
pythia,pythia-2.8b,28,25,49,0.90625,-0.36826530612244895,0.009227374931335963,0.12303166575114619,-0.5812447146195758,-0.11539657973214958,0.9975,2000,0
pythia,pythia-2.8b,28,26,49,0.90625,-0.08122448979591837,0.5790234834517424,0.7952253849981011,-0.35708121282966054,0.21389190014961465,0.712,2000,0
pythia,pythia-2.8b,28,27,49,0.90625,0.01663265306122449,0.9096890941746522,0.975892619368346,-0.2677111107893346,0.3205476691876608,0.4475,2000,0
pythia,pythia-2.8b,28,28,49,0.90625,-0.43448979591836734,0.0018118514896353867,0.05967592321453325,-0.6523960591846255,-0.16363942625636346,0.9995,2000,19
pythia,pythia-2.8b,28,29,49,0.90625,-0.029183673469387755,0.8422202371489861,0.9495942937061964,-0.337983716700765,0.27749592717540755,0.5795,2000,0
pythia,pythia-2.8b,28,30,49,0.90625,-0.2830612244897959,0.048747987515398085,0.27007284715016056,-0.5360371974202853,-0.007072702507315353,0.977,2000,0
pythia,pythia-2.8b,28,31,49,0.90625,-0.42683673469387756,0.002224355350498344,0.05967592321453325,-0.6437798123889141,-0.14499659865524755,0.998,2000,0
pythia,pythia-2.8b,29,0,49,0.9375,-0.17775510204081632,0.2217366036168089,0.5032320082083607,-0.4375511749821323,0.09255863734844048,0.8905,2000,3
pythia,pythia-2.8b,29,1,49,0.9375,0.05142857142857143,0.7256342025222134,0.8762375275739935,-0.24134677127153836,0.3536040214069455,0.3755,2000,0
pythia,pythia-2.8b,29,2,49,0.9375,-0.04653061224489796,0.7508810056804279,0.8932413450473492,-0.30884385375137297,0.23978286064031867,0.626,2000,0
pythia,pythia-2.8b,29,3,49,0.9375,0.06102040816326531,0.6770408306136383,0.8651129787958819,-0.23418796321689853,0.34311061740760657,0.34,2000,1
pythia,pythia-2.8b,29,4,49,0.9375,-0.21336734693877552,0.14101399017023705,0.3895412217933256,-0.47943992802978036,0.07441849891220655,0.923,2000,0
pythia,pythia-2.8b,29,5,49,0.9375,-0.04040816326530612,0.7828033193265788,0.9165076601238565,-0.31927558045869836,0.2580832212928752,0.5925,2000,0
pythia,pythia-2.8b,29,6,49,0.9375,-0.009183673469387756,0.9500631813124428,0.9844580917759769,-0.30969411801731084,0.28892998403142006,0.514,2000,0
pythia,pythia-2.8b,29,7,49,0.9375,-0.22887755102040816,0.11368115023167667,0.36833443162254464,-0.5028920364757536,0.06272241587874249,0.945,2000,10
pythia,pythia-2.8b,29,8,49,0.9375,-0.024387755102040817,0.8678957600560389,0.9511186411573028,-0.3043083185250752,0.26490133933135673,0.576,2000,0
pythia,pythia-2.8b,29,9,49,0.9375,-0.31357142857142856,0.028235469553760266,0.2117974344456759,-0.5815383906325475,0.0010216800673250412,0.974,2000,1
pythia,pythia-2.8b,29,10,49,0.9375,-0.2963265306122449,0.03869418865867812,0.24764280741554,-0.5329377501889442,-0.021556040414753175,0.9825,2000,0
pythia,pythia-2.8b,29,11,49,0.9375,-0.0886734693877551,0.5445905790930887,0.7745288235990595,-0.35170973289892604,0.19029935399151057,0.7335,2000,0
pythia,pythia-2.8b,29,12,49,0.9375,-0.05744897959183674,0.694995017336475,0.8679318048589371,-0.3489512061280571,0.24305058133043062,0.6405,2000,0
pythia,pythia-2.8b,29,13,49,0.9375,-0.41275510204081634,0.0032051715831446204,0.06332611546035748,-0.6258175099878293,-0.1404255708103038,0.998,2000,19
pythia,pythia-2.8b,29,14,49,0.9375,-0.1870408163265306,0.1981369244199192,0.47672041965694845,-0.44516710879628113,0.09517604404151743,0.899,2000,0
pythia,pythia-2.8b,29,15,49,0.9375,0.035408163265306124,0.8091410140594453,0.9313853399245413,-0.274978229184137,0.32737970990607046,0.4125,2000,1
pythia,pythia-2.8b,29,16,49,0.9375,-0.31183673469387757,0.0291674362291616,0.2117974344456759,-0.5540750595319986,-0.033909774345856375,0.9865,2000,0
pythia,pythia-2.8b,29,17,49,0.9375,-0.09704081632653061,0.5071269216025965,0.7552933524120352,-0.38658416414946156,0.21386303481214555,0.7305,2000,0
pythia,pythia-2.8b,29,18,49,0.9375,0.05173469387755102,0.7240655002380706,0.8762375275739935,-0.2554810569698683,0.361085258296427,0.368,2000,1
pythia,pythia-2.8b,29,19,49,0.9375,-0.4170408163265306,0.0028726098711665837,0.06323983846614223,-0.6401216927185372,-0.1455164982733176,0.997,2000,0
pythia,pythia-2.8b,29,20,49,0.9375,0.22520408163265307,0.11975720032838155,0.36833443162254464,-0.07694765909991749,0.5018276651910544,0.066,2000,5
pythia,pythia-2.8b,29,21,49,0.9375,-0.35214285714285715,0.013086144611302612,0.1498788896621457,-0.6098712296761405,-0.05530579341596142,0.9855,2000,0
pythia,pythia-2.8b,29,22,49,0.9375,-0.0186734693877551,0.8986626864195921,0.9739097525824412,-0.2966986292591203,0.26937975476577836,0.5585,2000,0
pythia,pythia-2.8b,29,23,49,0.9375,-0.12744897959183674,0.38283840632436894,0.6694442077803172,-0.40010939901369147,0.15205631345012802,0.807,2000,0
pythia,pythia-2.8b,29,24,49,0.9375,0.2239795918367347,0.1218362976015209,0.36833443162254464,-0.05518477332027665,0.4871622465122588,0.0545,2000,2
pythia,pythia-2.8b,29,25,49,0.9375,0.09826530612244898,0.5017565667106122,0.7552933524120352,-0.17570706369498537,0.3667219969701828,0.2425,2000,4
pythia,pythia-2.8b,29,26,49,0.9375,-0.24897959183673468,0.08450077459887788,0.3256178033983893,-0.4949876068433708,0.05599149382123631,0.9505,2000,0
pythia,pythia-2.8b,29,27,49,0.9375,-0.20214285714285715,0.16365046888682358,0.4195013997288345,-0.4719353161403709,0.09339872985927848,0.9115,2000,0
pythia,pythia-2.8b,29,28,49,0.9375,-0.052551020408163264,0.7198877883932601,0.8762375275739935,-0.37127720962450184,0.26802777323422666,0.631,2000,1
pythia,pythia-2.8b,29,29,49,0.9375,0.17551020408163265,0.22772284724078873,0.5060507716461972,-0.11081676639593077,0.44501967598507675,0.1125,2000,5
pythia,pythia-2.8b,29,30,49,0.9375,-0.37510204081632653,0.007915129576533095,0.12061149830907573,-0.6215317766541532,-0.07436997849498807,0.9895,2000,0
pythia,pythia-2.8b,29,31,49,0.9375,-0.0070408163265306125,0.9617051251672682,0.9877493793073807,-0.29680331622317296,0.2816111653678051,0.522,2000,0
pythia,pythia-2.8b,30,0,49,0.96875,-0.156734693877551,0.2821581421600893,0.5608112142312334,-0.42954153581424626,0.13666333878024534,0.845,2000,0
pythia,pythia-2.8b,30,1,49,0.96875,-0.18285714285714286,0.2085395900255316,0.48709977232240953,-0.4173680206983333,0.0811249454545859,0.9095,2000,0
pythia,pythia-2.8b,30,2,49,0.96875,-0.016224489795918368,0.9118964643548793,0.975892619368346,-0.3050834737332741,0.2628429198403416,0.5365,2000,0
pythia,pythia-2.8b,30,3,49,0.96875,-0.4253061224489796,0.002316198013242322,0.05967592321453325,-0.6349254480637313,-0.15951790628073315,0.9995,2000,0
pythia,pythia-2.8b,30,4,49,0.96875,-0.3464285714285714,0.014751138351153431,0.15270957031921037,-0.5804395925838287,-0.07565418460808429,0.992,2000,28
pythia,pythia-2.8b,30,5,49,0.96875,-0.17642857142857143,0.22526060125063016,0.5060507716461972,-0.4573257358953393,0.11386231287963682,0.8815,2000,0
pythia,pythia-2.8b,30,6,49,0.96875,-0.4523469387755102,0.0011018066556891728,0.05876302163675588,-0.6509737613065675,-0.1946278122184768,0.9995,2000,0
pythia,pythia-2.8b,30,7,49,0.96875,-0.48346938775510206,0.0004330991528707878,0.040448091395653106,-0.6828075253624571,-0.22392881540477683,1.0,2000,7
pythia,pythia-2.8b,30,8,49,0.96875,-0.29153061224489796,0.042111542026647866,0.25722592547562345,-0.532874497009593,0.0001226515739042258,0.9745,2000,0
pythia,pythia-2.8b,30,9,49,0.96875,-0.2788775510204082,0.052326614135343605,0.27007284715016056,-0.5025698144948083,-0.015639567492242615,0.979,2000,0
pythia,pythia-2.8b,30,10,49,0.96875,-0.04897959183673469,0.7382234539383556,0.8847621919860442,-0.3261750639988634,0.23291561828446836,0.631,2000,0
pythia,pythia-2.8b,30,11,49,0.96875,-0.2624489795918367,0.06848562989834392,0.3074050411401519,-0.5125642864842088,0.029078923031470014,0.959,2000,2
pythia,pythia-2.8b,30,12,49,0.96875,-0.2897959183673469,0.043406874924011456,0.25722592547562345,-0.5443899929074412,-0.000554337011691712,0.9755,2000,0
pythia,pythia-2.8b,30,13,49,0.96875,-0.10081632653061225,0.4906626171811087,0.7548655648940135,-0.40614198885468605,0.20817156119964617,0.7465,2000,0
pythia,pythia-2.8b,30,14,49,0.96875,-0.16642857142857143,0.2530727239811203,0.5418473586661586,-0.4126250483967512,0.10347872814660228,0.884,2000,0
pythia,pythia-2.8b,30,15,49,0.96875,-0.06653061224489797,0.6496880820590378,0.8485721888118044,-0.3734908986704155,0.29976435020419356,0.6475,2000,0
pythia,pythia-2.8b,30,16,49,0.96875,-0.31448979591836734,0.02775221244617756,0.2117974344456759,-0.5182728387501742,-0.05301070384960743,0.9905,2000,1
pythia,pythia-2.8b,30,17,49,0.96875,-0.18418367346938774,0.20520055083377925,0.48282482549124534,-0.4436017988552739,0.09430541471211781,0.8975,2000,0
pythia,pythia-2.8b,30,18,49,0.96875,-0.09653061224489796,0.509373160839284,0.7552933524120352,-0.3786676116796286,0.19865092586654798,0.736,2000,11
pythia,pythia-2.8b,30,19,49,0.96875,-0.16275510204081634,0.26384699776741743,0.5418473586661586,-0.4266622432768427,0.12256629421389478,0.86,2000,0
pythia,pythia-2.8b,30,20,49,0.96875,-0.41581632653061223,0.002964367428100417,0.06323983846614223,-0.6020028970129465,-0.17094130566687002,0.9995,2000,17
pythia,pythia-2.8b,30,21,49,0.96875,0.23489795918367348,0.1042349716788614,0.3511072730235331,-0.03655729631846693,0.4980238974519839,0.0465,2000,0
pythia,pythia-2.8b,30,22,49,0.96875,-0.20438775510204082,0.15892364273043993,0.41456696204811866,-0.4556649427432848,0.08082163464279635,0.9195,2000,0
pythia,pythia-2.8b,30,23,49,0.96875,0.027244897959183674,0.8525817195563453,0.9511186411573028,-0.24665743489222833,0.28515733139649985,0.413,2000,1
pythia,pythia-2.8b,30,24,49,0.96875,-0.08765306122448979,0.5492486190609663,0.7776971597323417,-0.34762921458460005,0.20831114822723504,0.7335,2000,0
pythia,pythia-2.8b,30,25,49,0.96875,-0.13459183673469388,0.3565150693599888,0.6519132696868366,-0.3936114868665401,0.15241659975180652,0.799,2000,0
pythia,pythia-2.8b,30,26,49,0.96875,-0.015102040816326531,0.917970076259211,0.975892619368346,-0.3058962829397564,0.2869354865869005,0.541,2000,0
pythia,pythia-2.8b,30,27,49,0.96875,-0.09642857142857143,0.5098230128781238,0.7552933524120352,-0.3574616939963454,0.19490158730541912,0.73,2000,0
pythia,pythia-2.8b,30,28,49,0.96875,0.002142857142857143,0.9883411060949288,0.9936669449644031,-0.2518569392194611,0.2671505288676199,0.477,2000,0
pythia,pythia-2.8b,30,29,49,0.96875,-0.24040816326530612,0.0961291212488889,0.3443857894308613,-0.5050164187105043,0.040761905969525385,0.949,2000,21
pythia,pythia-2.8b,30,30,49,0.96875,-0.20520408163265305,0.15722982965599375,0.41456696204811866,-0.46485876790795266,0.09584927489437771,0.9015,2000,0
pythia,pythia-2.8b,30,31,49,0.96875,0.18428571428571427,0.20494526849354816,0.48282482549124534,-0.11470727277627339,0.4609296967211549,0.1205,2000,1
pythia,pythia-2.8b,31,0,49,1.0,-0.19744897959183674,0.17386359676778684,0.4380815036668645,-0.4470585376334643,0.07363857492603085,0.921,2000,0
pythia,pythia-2.8b,31,1,49,1.0,0.050510204081632655,0.7303469740061812,0.8786129010600676,-0.23321173376452647,0.3442091432256275,0.382,2000,0
pythia,pythia-2.8b,31,2,49,1.0,0.24928571428571428,0.08410682609004097,0.3256178033983893,-0.0033915783546387287,0.47142208689865045,0.0275,2000,2
pythia,pythia-2.8b,31,3,49,1.0,0.13081632653061223,0.37028833133619615,0.6656868877954087,-0.17589317367188304,0.42209840488933176,0.202,2000,0
pythia,pythia-2.8b,31,4,49,1.0,-0.2883673469387755,0.044497912827739086,0.25889694736139107,-0.5454321305253238,0.013704093618991848,0.968,2000,4
pythia,pythia-2.8b,31,5,49,1.0,-0.33908163265306124,0.017154457854638077,0.15684075752811955,-0.5754919707241903,-0.05904167977671454,0.99,2000,0
pythia,pythia-2.8b,31,6,49,1.0,-0.15346938775510205,0.29243019628290945,0.569028852672618,-0.43207673426499305,0.15822838823675436,0.842,2000,1
pythia,pythia-2.8b,31,7,49,1.0,-0.09826530612244898,0.5017565667106122,0.7552933524120352,-0.3821062511692694,0.1909174867203622,0.7435,2000,0
pythia,pythia-2.8b,31,8,49,1.0,-0.060714285714285714,0.6785729927430199,0.8651129787958819,-0.35628624136001774,0.2587522992029429,0.6405,2000,0
pythia,pythia-2.8b,31,9,49,1.0,-0.28581632653061223,0.04650183029746332,0.26572474455693323,-0.5228665595117016,-0.012286260418272849,0.9785,2000,0
pythia,pythia-2.8b,31,10,49,1.0,-0.13612244897959183,0.3510215315575552,0.6468983688268302,-0.4107827680931932,0.1565955126067255,0.8275,2000,11
pythia,pythia-2.8b,31,11,49,1.0,-0.16306122448979593,0.26293762674190446,0.5418473586661586,-0.4338087604700647,0.13805296828537048,0.864,2000,0
pythia,pythia-2.8b,31,12,49,1.0,-0.248265306122449,0.08542560550710285,0.3256178033983893,-0.49604258052001965,0.03794596439394738,0.953,2000,0
pythia,pythia-2.8b,31,13,49,1.0,-0.09316326530612246,0.5243237570699694,0.7575321827564765,-0.3675810151833634,0.2078050679896377,0.7355,2000,0
pythia,pythia-2.8b,31,14,49,1.0,-0.052142857142857144,0.7219756413134895,0.8762375275739935,-0.3512925910586418,0.23343996131818076,0.6305,2000,0
pythia,pythia-2.8b,31,15,49,1.0,-0.07163265306122449,0.6247615634927837,0.8295589224800447,-0.3464916252629552,0.2270728492874596,0.6995,2000,0
pythia,pythia-2.8b,31,16,49,1.0,-0.17020408163265305,0.24231236507157375,0.5310955946774218,-0.43977765313462786,0.12792869386472094,0.8695,2000,0
pythia,pythia-2.8b,31,17,49,1.0,0.03306122448979592,0.8215780641261025,0.9423117581374651,-0.23041962531218135,0.3031346041773739,0.4255,2000,2
pythia,pythia-2.8b,31,18,49,1.0,-0.2239795918367347,0.1218362976015209,0.36833443162254464,-0.4831180662705506,0.05799746520512327,0.932,2000,0
pythia,pythia-2.8b,31,19,49,1.0,-0.13591836734693877,0.35175098804958893,0.6468983688268302,-0.4048154842365674,0.14594284390092707,0.832,2000,0
pythia,pythia-2.8b,31,20,49,1.0,-0.25918367346938775,0.07212660060553533,0.3077401625836174,-0.5117005516959542,0.021344661934431623,0.967,2000,2
pythia,pythia-2.8b,31,21,49,1.0,-0.09938775510204081,0.49685945939117393,0.7552933524120352,-0.38718328153668374,0.21904870532963425,0.7265,2000,0
pythia,pythia-2.8b,31,22,49,1.0,-0.07806122448979592,0.593938717580845,0.8057435775705577,-0.3412442334560504,0.19191780312843884,0.715,2000,0
pythia,pythia-2.8b,31,23,49,1.0,0.15428571428571428,0.2898396925975896,0.5690104394553906,-0.13740403038434898,0.4215740499239649,0.153,2000,3
pythia,pythia-2.8b,31,24,49,1.0,-0.2386734693877551,0.09862649079690333,0.3468184291759238,-0.48837155321000175,0.0570986475527768,0.947,2000,0
pythia,pythia-2.8b,31,25,49,1.0,-0.1796938775510204,0.21665519084480278,0.4987745400743661,-0.4299584905157424,0.1094431110252513,0.8915,2000,5
pythia,pythia-2.8b,31,26,49,1.0,-0.08326530612244898,0.569492042272324,0.7855062652032055,-0.37729184076262406,0.23686126747258507,0.7035,2000,0
pythia,pythia-2.8b,31,27,49,1.0,-0.08387755102040817,0.5666468096565378,0.7855062652032055,-0.3742721634652044,0.21212369330684666,0.717,2000,0
pythia,pythia-2.8b,31,28,49,1.0,-0.06969387755102041,0.6341867368032623,0.8385940321365453,-0.3655620848237098,0.2505500059008851,0.6605,2000,0
pythia,pythia-2.8b,31,29,49,1.0,-0.16428571428571428,0.2593210961305799,0.5418473586661586,-0.4463075863322471,0.12281750373920597,0.856,2000,0
pythia,pythia-2.8b,31,30,49,1.0,-0.0770408163265306,0.5987860948260497,0.8057435775705577,-0.3813585169533906,0.2291489815269309,0.6675,2000,0
pythia,pythia-2.8b,31,31,49,1.0,-0.1373469387755102,0.3466643005138695,0.6468983688268302,-0.43298153861658606,0.17021203037106974,0.8115,2000,0
pythia,pythia-410m,16,0,49,0.7083333333333334,-0.16081632653061226,0.26965506495788516,0.5393101299157703,-0.44673274408624125,0.13519301422535276,0.855,2000,20
pythia,pythia-410m,16,1,49,0.7083333333333334,-0.08591836734693878,0.55721065563626,0.7587549353344818,-0.3930623826702377,0.18858360598379534,0.6995,2000,12
pythia,pythia-410m,16,2,49,0.7083333333333334,-0.46346938775510205,0.0007971764318976443,0.05737958802241487,-0.661234884674628,-0.19869495223669448,0.999,2000,8
pythia,pythia-410m,16,3,49,0.7083333333333334,-0.07795918367346939,0.5944226728218318,0.78644861965667,-0.38588408777187355,0.2249114370683318,0.684,2000,1
pythia,pythia-410m,16,4,49,0.7083333333333334,-0.10826530612244897,0.4590127360467074,0.6784655856304985,-0.4003090358940118,0.18824339251396222,0.756,2000,1
pythia,pythia-410m,16,5,49,0.7083333333333334,0.04295918367346939,0.7694559750589679,0.8715961487393619,-0.23515334719965403,0.3302524095317378,0.39,2000,2
pythia,pythia-410m,16,6,49,0.7083333333333334,0.27214285714285713,0.058531200886270986,0.2854947636829913,-0.027996228747977893,0.5404604926914033,0.041,2000,0
pythia,pythia-410m,16,7,49,0.7083333333333334,-0.07214285714285715,0.6222910136186796,0.7886460370612969,-0.3567674116110337,0.22769232400762462,0.691,2000,0
pythia,pythia-410m,16,8,49,0.7083333333333334,0.22755102040816327,0.11584757306529142,0.3448485895897047,-0.05842157017466527,0.4926854047812472,0.065,2000,0
pythia,pythia-410m,16,9,49,0.7083333333333334,-0.15163265306122448,0.2983136765452373,0.5615316264380937,-0.40745819464583344,0.12459030182831088,0.8535,2000,0
pythia,pythia-410m,16,10,49,0.7083333333333334,0.245,0.08975461498561639,0.29548553443204467,-0.04495758424977671,0.4974217610676065,0.0465,2000,0
pythia,pythia-410m,16,11,49,0.7083333333333334,0.21591836734693878,0.1362110799258496,0.37902213544584235,-0.08656789213722953,0.482236719431311,0.0765,2000,0
pythia,pythia-410m,16,12,49,0.7083333333333334,0.059489795918367346,0.6847144539135446,0.8115134268604972,-0.21568403079523285,0.3532362797974799,0.3455,2000,15
pythia,pythia-410m,16,13,49,0.7083333333333334,-0.05591836734693877,0.7027413378318003,0.8252375343345911,-0.3285019880292112,0.23007917751423357,0.659,2000,0
pythia,pythia-410m,16,14,49,0.7083333333333334,0.15632653061224488,0.283429033195747,0.5414763619262033,-0.11273876614429092,0.40603766295180715,0.123,2000,0
pythia,pythia-410m,16,15,49,0.7083333333333334,-0.27040816326530615,0.06022155171438098,0.2854947636829913,-0.5440047410601173,0.030683230451255577,0.9585,2000,31
pythia,pythia-410m,17,0,49,0.75,-0.38693877551020406,0.006022911934880765,0.12356872668430377,-0.5789993960386989,-0.1580865899266505,0.9985,2000,16
pythia,pythia-410m,17,1,49,0.75,0.045408163265306126,0.7567043660238333,0.8648049897415238,-0.2649874430320657,0.33486953299589556,0.384,2000,0
pythia,pythia-410m,17,2,49,0.75,-0.17265306122448978,0.2355016061811957,0.5066120277219666,-0.43781129578624856,0.1166087762239506,0.8805,2000,1
pythia,pythia-410m,17,3,49,0.75,-0.09214285714285714,0.5288967964490154,0.7279439779083224,-0.39083453964071174,0.20699706894045203,0.7155,2000,0
pythia,pythia-410m,17,4,49,0.75,-0.3777551020408163,0.0074512934791855405,0.12356872668430377,-0.6304609847027807,-0.07622576830902175,0.9925,2000,22
pythia,pythia-410m,17,5,49,0.75,-0.17581632653061224,0.22690004523283125,0.5007449274103862,-0.4420809607033843,0.10329046257336558,0.88,2000,5
pythia,pythia-410m,17,6,49,0.75,-0.00816326530612245,0.9556058258697943,0.9707741723121719,-0.30853790860883723,0.2854955293545574,0.534,2000,0
pythia,pythia-410m,17,7,49,0.75,0.11020408163265306,0.45096068099533015,0.6784655856304985,-0.18476407874713363,0.4022975820152219,0.243,2000,6
pythia,pythia-410m,17,8,49,0.75,-0.2939795918367347,0.040336873187860875,0.25667987521004415,-0.5445967885111506,-0.010915084433032414,0.98,2000,0
pythia,pythia-410m,17,9,49,0.75,-0.23806122448979591,0.09951978257651468,0.31846330424484703,-0.4854181605579687,0.015503018890632849,0.9655,2000,0
pythia,pythia-410m,17,10,49,0.75,-0.12020408163265306,0.41068089458075946,0.645443893679979,-0.40473228468879996,0.1711601133482622,0.781,2000,0
pythia,pythia-410m,17,11,49,0.75,0.12989795918367347,0.37368629890471916,0.6238447835877609,-0.17957383444984526,0.3937039417325289,0.1945,2000,5
pythia,pythia-410m,17,12,49,0.75,0.22071428571428572,0.12751400129473844,0.3637343544820354,-0.04358422391006473,0.4676165475913449,0.058,2000,0
pythia,pythia-410m,17,13,49,0.75,-0.02979591836734694,0.8389535887259147,0.8967092563959463,-0.29406751947840704,0.22612109453073254,0.5775,2000,0
pythia,pythia-410m,17,14,49,0.75,-0.3413265306122449,0.016387167409995435,0.1613505714214935,-0.5800519425690583,-0.07725017403597252,0.9945,2000,8
pythia,pythia-410m,17,15,49,0.75,-0.14673469387755103,0.31437429367811454,0.5640253555168112,-0.41548018119971974,0.15049404213663597,0.85,2000,0
pythia,pythia-410m,18,0,49,0.7916666666666666,-0.02826530612244898,0.8471251240529751,0.8967092563959463,-0.315720866901285,0.25123436284208045,0.5925,2000,0
pythia,pythia-410m,18,1,49,0.7916666666666666,0.035510204081632656,0.8086013060250387,0.8922497169931461,-0.28382107601064716,0.32328835535418654,0.4315,2000,0
pythia,pythia-410m,18,2,49,0.7916666666666666,-0.16653061224489796,0.2527777361340859,0.5165815774556535,-0.42635916072688246,0.11519887377620344,0.8795,2000,9
pythia,pythia-410m,18,3,49,0.7916666666666666,-0.17876469914574855,0.21908029799781795,0.5003605672554937,-0.42220093640237816,0.09424665799347999,0.8965,2000,0
pythia,pythia-410m,18,4,49,0.7916666666666666,0.02816326530612245,0.847670468936793,0.8967092563959463,-0.24743840572985268,0.3042843567325636,0.439,2000,0
pythia,pythia-410m,18,5,49,0.7916666666666666,-0.023775510204081633,0.8711837880793121,0.9088801381179764,-0.3312128267811723,0.27541281884771573,0.567,2000,0
pythia,pythia-410m,18,6,49,0.7916666666666666,0.07377551020408163,0.6144129841067735,0.78644861965667,-0.21235165776047701,0.34435006263643736,0.3065,2000,0
pythia,pythia-410m,18,7,49,0.7916666666666666,0.07030612244897959,0.6312040657398282,0.7909769702420867,-0.20706829352183953,0.3256702830747918,0.31,2000,0
pythia,pythia-410m,18,8,49,0.7916666666666666,-0.20918367346938777,0.14916174266527307,0.39776464710739484,-0.47427788316732356,0.08299752042772764,0.926,2000,1
pythia,pythia-410m,18,9,49,0.7916666666666666,0.05020408163265306,0.7319200997182586,0.8440159708462801,-0.24397522081360645,0.33126075710017,0.373,2000,1
pythia,pythia-410m,18,10,49,0.7916666666666666,-0.1660204081632653,0.25425499515395444,0.5165815774556535,-0.4380242576150968,0.12493326701496421,0.8715,2000,0
pythia,pythia-410m,18,11,49,0.7916666666666666,-0.35918367346938773,0.011258045261924386,0.13100270850239287,-0.6081741749867023,-0.0657525358325892,0.9915,2000,2
pythia,pythia-410m,18,12,49,0.7916666666666666,0.1570408163265306,0.28120743174910223,0.5414763619262033,-0.1380078296421874,0.44718634989575806,0.1515,2000,1
pythia,pythia-410m,18,13,49,0.7916666666666666,-0.01479591836734694,0.9196273347865715,0.949056106470965,-0.31709784670672264,0.2914963716335324,0.5555,2000,0
pythia,pythia-410m,18,14,49,0.7916666666666666,-0.06030612244897959,0.6806178762272094,0.8115134268604972,-0.36717940511718616,0.2354770408308841,0.6575,2000,0
pythia,pythia-410m,18,15,49,0.7916666666666666,0.10091836734693878,0.49022152931700735,0.6972039528064105,-0.18416733637695284,0.3769187894299772,0.236,2000,0
pythia,pythia-410m,19,0,49,0.8333333333333334,0.17826530612244898,0.22039145157351922,0.5003605672554937,-0.11067888948954799,0.44744048790752106,0.1135,2000,2
pythia,pythia-410m,19,1,49,0.8333333333333334,0.3678571428571429,0.009311335623217459,0.12356872668430377,0.1062495797106201,0.5672060648713265,0.0025,2000,0
pythia,pythia-410m,19,2,49,0.8333333333333334,-0.14377551020408164,0.3243391812788937,0.5640253555168112,-0.4411311391628763,0.1682716781116932,0.813,2000,14
pythia,pythia-410m,19,3,49,0.8333333333333334,0.06408163265306123,0.6617911709685912,0.806754951275997,-0.24527168573529176,0.3788219764726045,0.326,2000,4
pythia,pythia-410m,19,4,49,0.8333333333333334,-0.22051020408163266,0.12787535899759056,0.3637343544820354,-0.47157108463641617,0.04236514212586886,0.9455,2000,0
pythia,pythia-410m,19,5,49,0.8333333333333334,0.12857142857142856,0.3786273107117052,0.6238447835877609,-0.1806211731392132,0.41447909768861757,0.221,2000,0
pythia,pythia-410m,19,6,49,0.8333333333333334,-0.11,0.4518046043549617,0.6784655856304985,-0.3702608273177501,0.17205675334910847,0.778,2000,0
pythia,pythia-410m,19,7,49,0.8333333333333334,-0.27969387755102043,0.05161214270418184,0.2734761195160593,-0.5428563264794818,0.02350026396515812,0.969,2000,2
pythia,pythia-410m,19,8,49,0.8333333333333334,0.0,1.0,1.0,-0.29199183342901786,0.2981875371289895,0.511,2000,0
pythia,pythia-410m,19,9,49,0.8333333333333334,-0.03918367346938775,0.7892323482499436,0.8861556190876559,-0.3014686966274404,0.23255909058323443,0.62,2000,7
pythia,pythia-410m,19,10,49,0.8333333333333334,0.14173469387755103,0.3313261596160492,0.5654633124113907,-0.1737833543924033,0.43681036835841797,0.185,2000,1
pythia,pythia-410m,19,11,49,0.8333333333333334,-0.25265306122448977,0.07986770135957123,0.2920875935435748,-0.5355115748885881,0.05168280687502173,0.9505,2000,0
pythia,pythia-410m,19,12,49,0.8333333333333334,-0.14591836734693878,0.31710355961603,0.5640253555168112,-0.4185340675160918,0.15292538429350322,0.834,2000,1
pythia,pythia-410m,19,13,49,0.8333333333333334,-0.19959183673469388,0.16914537800956364,0.4418491507188601,-0.4555519618819599,0.08495283660960934,0.925,2000,0
pythia,pythia-410m,19,14,49,0.8333333333333334,-0.4091836734693878,0.003507769229976453,0.0897988922873972,-0.639657369847091,-0.11818568813784437,0.996,2000,2
pythia,pythia-410m,19,15,49,0.8333333333333334,-0.06795918367346938,0.6426687883216954,0.7909769702420867,-0.35674260589059104,0.21259781892541246,0.692,2000,0
pythia,pythia-410m,20,0,49,0.875,-0.24836734693877552,0.08529300419820914,0.29548553443204467,-0.5157684405450876,0.04510723584965167,0.955,2000,0
pythia,pythia-410m,20,1,49,0.875,-0.21357142857142858,0.14062518387731993,0.38297922417653085,-0.4740578680403279,0.08546363267383117,0.9125,2000,1
pythia,pythia-410m,20,2,49,0.875,-0.18857142857142858,0.19442444549610086,0.4785832504519406,-0.4232162766715772,0.06906306734914637,0.923,2000,0
pythia,pythia-410m,20,3,49,0.875,-0.09581632653061224,0.5125263437953705,0.7130801304979069,-0.3541688460313596,0.17109513023937972,0.7575,2000,0
pythia,pythia-410m,20,4,49,0.875,-0.3162244897959184,0.026858213644653232,0.22201769956942047,-0.5325713811759034,-0.06772573601978715,0.9955,2000,1
pythia,pythia-410m,20,5,49,0.875,-0.2776530612244898,0.05341330459298034,0.2734761195160593,-0.524235841341239,-0.0034196191192884854,0.9765,2000,0
pythia,pythia-410m,20,6,49,0.875,-0.36857142857142855,0.009164834126196529,0.12356872668430377,-0.5898944403188452,-0.11210799039635641,0.999,2000,0
pythia,pythia-410m,20,7,49,0.875,-0.31448979591836734,0.02775221244617756,0.22201769956942047,-0.5578022123256396,-0.026472456675588153,0.9875,2000,0
pythia,pythia-410m,20,8,49,0.875,-0.05336734693877551,0.7157181558876003,0.8328356723055713,-0.3143795189039776,0.22298672882942944,0.639,2000,0
pythia,pythia-410m,20,9,49,0.875,-0.030714285714285715,0.8340586630734212,0.8967092563959463,-0.32242623649998114,0.25212706194780604,0.5915,2000,0
pythia,pythia-410m,20,10,49,0.875,-0.06030612244897959,0.6806178762272094,0.8115134268604972,-0.3670510863104609,0.2461804815481569,0.6525,2000,0
pythia,pythia-410m,20,11,49,0.875,-0.145,0.32019189986074575,0.5640253555168112,-0.41863021307059267,0.1382131487889815,0.8455,2000,0
pythia,pythia-410m,20,12,49,0.875,-0.41285714285714287,0.0031968750806340525,0.0897988922873972,-0.6635973588062853,-0.11647027115340991,0.9975,2000,0
pythia,pythia-410m,20,13,49,0.875,-0.09908163265306122,0.49819258468580113,0.7007544048327753,-0.3741217034444937,0.19320336403902025,0.7565,2000,0
pythia,pythia-410m,20,14,49,0.875,-0.12183673469387755,0.4043070834392411,0.645443893679979,-0.3687655422574568,0.14252588107568878,0.8085,2000,4
pythia,pythia-410m,20,15,49,0.875,-0.10346938775510205,0.47926172935828254,0.696817929476716,-0.39778982492810594,0.21689758171473167,0.743,2000,0
pythia,pythia-410m,21,0,49,0.9166666666666666,0.12816326530612246,0.3801554149987918,0.6238447835877609,-0.17091156992054946,0.39936038022179254,0.205,2000,2
pythia,pythia-410m,21,1,49,0.9166666666666666,-0.11948979591836735,0.41348749438873655,0.645443893679979,-0.41714200940358726,0.1851358060242333,0.7715,2000,0
pythia,pythia-410m,21,2,49,0.9166666666666666,-0.4453061224489796,0.0013448340942753486,0.05737958802241487,-0.6861885044613836,-0.17722064274182955,0.9995,2000,25
pythia,pythia-410m,21,3,49,0.9166666666666666,-0.10775510204081633,0.4611445777332295,0.6784655856304985,-0.38860993751379164,0.1665101238910688,0.7825,2000,0
pythia,pythia-410m,21,4,49,0.9166666666666666,-0.1719387755102041,0.23747438799467185,0.5066120277219666,-0.43249978951688706,0.1215131030784324,0.878,2000,0
pythia,pythia-410m,21,5,49,0.9166666666666666,-0.02336734693877551,0.8733770077227428,0.9088801381179764,-0.31700925817695674,0.2587007366801257,0.5785,2000,0
pythia,pythia-410m,21,6,49,0.9166666666666666,-0.3538775510204082,0.012613665525358312,0.13454576560382198,-0.5999846657125333,-0.07442726162161699,0.988,2000,0
pythia,pythia-410m,21,7,49,0.9166666666666666,-0.24479591836734693,0.09003074877226361,0.29548553443204467,-0.5116260089030855,0.0492359858295229,0.9455,2000,10
pythia,pythia-410m,21,8,49,0.9166666666666666,-0.12295918367346939,0.39995851383443,0.645443893679979,-0.3834679901556785,0.15504739704898043,0.8265,2000,0
pythia,pythia-410m,21,9,49,0.9166666666666666,0.030612244897959183,0.8346022400440495,0.8967092563959463,-0.2612492551903064,0.29722622849239966,0.4405,2000,0
pythia,pythia-410m,21,10,49,0.9166666666666666,-0.2829591836734694,0.04883284154229146,0.2717653790179698,-0.5330108725169443,0.0076158094575189,0.9695,2000,0
pythia,pythia-410m,21,11,49,0.9166666666666666,-0.14846938775510204,0.3086243926002231,0.5640253555168112,-0.40741138265866284,0.13195920311224932,0.8575,2000,0
pythia,pythia-410m,21,12,49,0.9166666666666666,-0.10224489795918368,0.48450621658927906,0.696817929476716,-0.38252027913075143,0.1931317994125676,0.76,2000,14
pythia,pythia-410m,21,13,49,0.9166666666666666,-0.06806122448979592,0.6421685803669203,0.7909769702420867,-0.33663878474280123,0.20103518830581793,0.6955,2000,0
pythia,pythia-410m,21,14,49,0.9166666666666666,-0.25285714285714284,0.07961628780050588,0.2920875935435748,-0.4960949367091581,0.03452680528853442,0.958,2000,0
pythia,pythia-410m,21,15,49,0.9166666666666666,-0.19714285714285715,0.17454531706461449,0.4468360116854131,-0.45018018918427605,0.07107758531422635,0.926,2000,0
pythia,pythia-410m,22,0,49,0.9583333333333334,-0.2603061224489796,0.07085810662004523,0.2920875935435748,-0.5181745122018356,0.023237396988687105,0.9635,2000,0
pythia,pythia-410m,22,1,49,0.9583333333333334,-0.3033673469387755,0.03409307130579289,0.2339733270040662,-0.5092637122293034,-0.044848411510320124,0.9865,2000,0
pythia,pythia-410m,22,2,49,0.9583333333333334,-0.07459183673469388,0.6104899806778707,0.78644861965667,-0.36681380832710303,0.22299352865814906,0.703,2000,5
pythia,pythia-410m,22,3,49,0.9583333333333334,-0.451734693877551,0.0011212587510127554,0.05737958802241487,-0.6448752966142762,-0.20333162863421123,0.9995,2000,1
pythia,pythia-410m,22,4,49,0.9583333333333334,-0.15785714285714286,0.2786825007179342,0.5414763619262033,-0.4414544843861232,0.16677823252415194,0.8315,2000,0
pythia,pythia-410m,22,5,49,0.9583333333333334,-0.33214285714285713,0.019721624782278253,0.18031199800940115,-0.5561473135917532,-0.08201958268913132,0.9955,2000,0
pythia,pythia-410m,22,6,49,0.9583333333333334,-0.1680612244897959,0.24838072974382022,0.5165815774556535,-0.4382143027817403,0.12019498993861294,0.8785,2000,8
pythia,pythia-410m,22,7,49,0.9583333333333334,-0.23448979591836736,0.10485568214999673,0.32735432476096543,-0.5028034398188704,0.05679884020477,0.9415,2000,0
pythia,pythia-410m,22,8,49,0.9583333333333334,-0.2670408163265306,0.06361450779598124,0.2908091784959142,-0.5195665390044252,0.026825122692485503,0.9625,2000,9
pythia,pythia-410m,22,9,49,0.9583333333333334,-0.19010204081632653,0.19076162777638958,0.4785832504519406,-0.4480014597666129,0.09040295724558056,0.9165,2000,1
pythia,pythia-410m,22,10,49,0.9583333333333334,-0.2542857142857143,0.07787378025652537,0.2920875935435748,-0.47060905280718185,0.00026088173222538067,0.9745,2000,1
pythia,pythia-410m,22,11,49,0.9583333333333334,-0.3023469387755102,0.03473041572716608,0.2339733270040662,-0.5348785473212668,-0.034116924601812613,0.986,2000,1
pythia,pythia-410m,22,12,49,0.9583333333333334,0.005612244897959183,0.9694709621810536,0.9771045918045264,-0.28015547555343623,0.28373335742802885,0.4885,2000,0
pythia,pythia-410m,22,13,49,0.9583333333333334,-0.013469387755102041,0.9268126039755518,0.949056106470965,-0.3357253398366555,0.2988700051275597,0.5315,2000,0
pythia,pythia-410m,22,14,49,0.9583333333333334,-0.2603061224489796,0.07085810662004523,0.2920875935435748,-0.505072753031882,0.02395674505575815,0.966,2000,0
pythia,pythia-410m,22,15,49,0.9583333333333334,-0.2545918367346939,0.07750432483748447,0.2920875935435748,-0.5051445743903731,0.027858784086186347,0.96,2000,0
pythia,pythia-410m,23,0,49,1.0,-0.303469387755102,0.034029872366072196,0.2339733270040662,-0.5275145358682345,-0.04037553596846179,0.986,2000,0
pythia,pythia-410m,23,1,49,1.0,-0.07795918367346939,0.5944226728218318,0.78644861965667,-0.3300062995176643,0.1985747473066626,0.711,2000,0
pythia,pythia-410m,23,2,49,1.0,-0.14326530612244898,0.32607715865815645,0.5640253555168112,-0.43301313236659167,0.1677224559268827,0.8205,2000,0
pythia,pythia-410m,23,3,49,1.0,-0.03683673469387755,0.8015932063416649,0.8922080905368096,-0.29035597111446265,0.24738236411865389,0.609,2000,0
pythia,pythia-410m,23,4,49,1.0,-0.07551020408163266,0.6060895093109346,0.78644861965667,-0.35066270594511845,0.22611016455510707,0.705,2000,0
pythia,pythia-410m,23,5,49,1.0,-0.07459183673469388,0.6104899806778707,0.78644861965667,-0.3217852772685,0.17393206379233977,0.7465,2000,0
pythia,pythia-410m,23,6,49,1.0,-0.1773469387755102,0.22281681510596207,0.5003605672554937,-0.4253365749066301,0.08554575784970954,0.903,2000,16
pythia,pythia-410m,23,7,49,1.0,-0.22846938775510203,0.11434442745282086,0.3448485895897047,-0.4938807779070607,0.05662478273159976,0.942,2000,16
pythia,pythia-410m,23,8,49,1.0,-0.2876530612244898,0.04505176837100584,0.2621193796131249,-0.528369085901026,-0.03308957490780239,0.9835,2000,5
pythia,pythia-410m,23,9,49,1.0,-0.10908163265306123,0.4556129332620465,0.6784655856304985,-0.37247993229890825,0.16262103097021713,0.791,2000,0
pythia,pythia-410m,23,10,49,1.0,-0.24571428571428572,0.08879333939009226,0.29548553443204467,-0.48950968518118937,0.02595664245639098,0.9605,2000,5
pythia,pythia-410m,23,11,49,1.0,-0.3662244897959184,0.009653806772211232,0.12356872668430377,-0.5705201036802457,-0.1198294618807133,0.998,2000,0
pythia,pythia-410m,23,12,49,1.0,-0.29153061224489796,0.042111542026647866,0.25667987521004415,-0.5469973063622966,0.001985448408402977,0.9745,2000,5
pythia,pythia-410m,23,13,49,1.0,-0.2633673469387755,0.06748839376257744,0.2920875935435748,-0.5211058720430681,0.04037861475456488,0.9615,2000,13
pythia,pythia-410m,23,14,49,1.0,-0.18020408163265306,0.21533156445877616,0.5003605672554937,-0.41332988771098506,0.0676241086775462,0.917,2000,0
pythia,pythia-410m,23,15,49,1.0,-0.18255102040816326,0.2093155179499683,0.5003605672554937,-0.45885845314082696,0.10622898976285834,0.8845,2000,0
pythia,pythia-6.9b,22,0,49,0.71875,0.16622448979591836,0.253663395547103,0.6019773118207369,-0.09015521713828106,0.4033014711669898,0.1045,2000,0
pythia,pythia-6.9b,22,1,49,0.71875,-0.20387755102040817,0.1599890389814287,0.4951012450743114,-0.4883253840004453,0.11386880894886381,0.901,2000,1
pythia,pythia-6.9b,22,2,49,0.71875,-0.14285714285714285,0.32747174996049255,0.6942401099162443,-0.42696460009441567,0.14184406068376876,0.819,2000,0
pythia,pythia-6.9b,22,3,49,0.71875,-0.2990816326530612,0.036836409055161536,0.2648342781501199,-0.553446594193245,-0.009596293236544363,0.9775,2000,2
pythia,pythia-6.9b,22,4,49,0.71875,-0.05020408163265306,0.7319200997182586,0.8684723571283814,-0.33741521181604067,0.23247326341413393,0.6445,2000,0
pythia,pythia-6.9b,22,5,49,0.71875,-0.2727551020408163,0.05794379095051998,0.32903795575473843,-0.5008347632163667,-0.002546522053388971,0.9775,2000,0
pythia,pythia-6.9b,22,6,49,0.71875,-0.03010204081632653,0.8373212672871208,0.9093555127671237,-0.2856383396314928,0.22278710786298936,0.574,2000,0
pythia,pythia-6.9b,22,7,49,0.71875,-0.14561224489795918,0.31813089894813623,0.6835515261182927,-0.407008694622822,0.15533328160447474,0.833,2000,0
pythia,pythia-6.9b,22,8,49,0.71875,-0.19704081632653062,0.17477298571313296,0.5098881601539108,-0.4613838044658345,0.10334283473758052,0.907,2000,0
pythia,pythia-6.9b,22,9,49,0.71875,0.03306122448979592,0.8215780641261025,0.9046162666059322,-0.25262223208092965,0.31450696190626926,0.4195,2000,0
pythia,pythia-6.9b,22,10,49,0.71875,-0.2330612244897959,0.10705054595688766,0.4052459949577799,-0.48853105420963555,0.05137745994150403,0.946,2000,13
pythia,pythia-6.9b,22,11,49,0.71875,0.08112244897959184,0.5795019520163154,0.8051988490933056,-0.21920182298500673,0.3718822016157926,0.305,2000,0
pythia,pythia-6.9b,22,12,49,0.71875,-0.29459183673469386,0.03990292858778093,0.2648342781501199,-0.5416379298930156,-0.012787952359603113,0.979,2000,6
pythia,pythia-6.9b,22,13,49,0.71875,-0.2570408163265306,0.07459819057201678,0.37654324764922753,-0.5210722182960988,0.028987337199435734,0.956,2000,5
pythia,pythia-6.9b,22,14,49,0.71875,-0.4714285714285714,0.0006281050901752172,0.03994748373514382,-0.6846156855169379,-0.21452970513128747,0.9995,2000,0
pythia,pythia-6.9b,22,15,49,0.71875,0.1469387755102041,0.3136943197999573,0.6822852495100539,-0.14015996901297803,0.41664823679240304,0.1705,2000,0
pythia,pythia-6.9b,22,16,49,0.71875,-0.11928571428571429,0.41429139361828665,0.7246388729549196,-0.3833371251836846,0.16655215009221946,0.7855,2000,3
pythia,pythia-6.9b,22,17,49,0.71875,0.08173469387755102,0.5766338379322337,0.8051988490933056,-0.1959390105791062,0.34083200692278626,0.3,2000,0
pythia,pythia-6.9b,22,18,49,0.71875,0.05836734693877551,0.6903619124307389,0.85571252520932,-0.25660348439176417,0.3514553986322072,0.3595,2000,0
pythia,pythia-6.9b,22,19,49,0.71875,-0.5880612244897959,8.864697143184396e-06,0.002818973691532638,-0.7444974090749831,-0.36940988215750736,1.0,2000,41
pythia,pythia-6.9b,22,20,49,0.71875,-0.16683673469387755,0.2518941639511413,0.6019773118207369,-0.4631183070355191,0.14546175964066507,0.8585,2000,0
pythia,pythia-6.9b,22,21,49,0.71875,-0.37826530612244896,0.007364850914466592,0.15613483938669173,-0.614661854968666,-0.07904849775386606,0.99,2000,0
pythia,pythia-6.9b,22,22,49,0.71875,-0.0963265306122449,0.5102730660188161,0.7842628820451678,-0.3658030604836278,0.20469382033252845,0.7235,2000,0
pythia,pythia-6.9b,22,23,49,0.71875,-0.09193877551020409,0.5298137554351482,0.7842628820451678,-0.3482500999631516,0.18524308274307608,0.726,2000,0
pythia,pythia-6.9b,22,24,49,0.71875,0.03428571428571429,0.8150835489298037,0.9031239322636849,-0.25162555236801426,0.3096505063931064,0.4145,2000,0
pythia,pythia-6.9b,22,25,49,0.71875,-0.19704081632653062,0.17477298571313296,0.5098881601539108,-0.4661630728629891,0.09468458722276656,0.9045,2000,1
pythia,pythia-6.9b,22,26,49,0.71875,-0.29061224489795917,0.04279330691943639,0.27216543200761545,-0.5535249189765413,0.00835607276088129,0.9705,2000,1
pythia,pythia-6.9b,22,27,49,0.71875,-0.12755102040816327,0.38245443596654244,0.7112310563588333,-0.3956809345373171,0.16316268792905575,0.7905,2000,0
pythia,pythia-6.9b,22,28,49,0.71875,-0.05163265306122449,0.7245882767814482,0.866108158060664,-0.33728353881487594,0.24486993615272196,0.6305,2000,3
pythia,pythia-6.9b,22,29,49,0.71875,-0.09918367346938775,0.49774800510565737,0.7842628820451678,-0.354797101679116,0.17933983580728005,0.7635,2000,0
pythia,pythia-6.9b,22,30,49,0.71875,-0.03183673469387755,0.8280844343418956,0.9049170107241332,-0.329530867676467,0.24403655935909696,0.5925,2000,0
pythia,pythia-6.9b,22,31,49,0.71875,0.35183673469387755,0.013171075960799345,0.19944772169210437,0.0598397271793219,0.6050737578237824,0.0125,2000,2
pythia,pythia-6.9b,23,0,49,0.75,0.195,0.17937149300229632,0.5138750880606328,-0.09765700853390566,0.4712581239999625,0.099,2000,3
pythia,pythia-6.9b,23,1,49,0.75,0.12346938775510204,0.3979909228510463,0.7205180417749234,-0.17595638501589722,0.40344131442303865,0.209,2000,0
pythia,pythia-6.9b,23,2,49,0.75,0.30683673469387757,0.03199802955497864,0.2581152790852655,-0.0011357768398292177,0.5897112566148613,0.0255,2000,0
pythia,pythia-6.9b,23,3,49,0.75,0.2116326530612245,0.14435118494314828,0.4684048654277668,-0.0439288271445043,0.44615773705750644,0.052,2000,0
pythia,pythia-6.9b,23,4,49,0.75,-0.365,0.009917738476999458,0.18298607389046173,-0.6165578202273282,-0.07519670288615078,0.9895,2000,3
pythia,pythia-6.9b,23,5,49,0.75,-0.18020408163265306,0.21533156445877616,0.5582786725313905,-0.4636393968195724,0.11837237589946285,0.8885,2000,0
pythia,pythia-6.9b,23,6,49,0.75,0.1556122448979592,0.28566210683912335,0.6535291365096491,-0.137371293662622,0.4550992958443975,0.1615,2000,0
pythia,pythia-6.9b,23,7,49,0.75,-0.3081632653061224,0.03122573124967523,0.2581152790852655,-0.5849408056784421,0.012622623762073022,0.9725,2000,0
pythia,pythia-6.9b,23,8,49,0.75,-0.0920408163265306,0.5293551782292498,0.7842628820451678,-0.3725754674948104,0.17631592238873628,0.75,2000,1
pythia,pythia-6.9b,23,9,49,0.75,0.11806122448979592,0.41913353964464717,0.7246388729549196,-0.1876001314967751,0.3838956148136591,0.215,2000,3
pythia,pythia-6.9b,23,10,49,0.75,-0.3069387755102041,0.031938064960626684,0.2581152790852655,-0.5543533880907885,-0.03183927783680121,0.98,2000,0
pythia,pythia-6.9b,23,11,49,0.75,0.13448979591836735,0.35688315943505444,0.7079712834634961,-0.19646624191026746,0.4158371774506064,0.1925,2000,0
pythia,pythia-6.9b,23,12,49,0.75,0.11775510204081632,0.42034908920660846,0.7246388729549196,-0.2017431062968959,0.4016992691826279,0.2385,2000,0
pythia,pythia-6.9b,23,13,49,0.75,-0.16306122448979593,0.26293762674190446,0.6148100389994531,-0.4506660933627022,0.16683575449866886,0.826,2000,7
pythia,pythia-6.9b,23,14,49,0.75,-0.1766326530612245,0.2247159436604339,0.5582786725313905,-0.4523347099614617,0.13793707019621718,0.87,2000,0
pythia,pythia-6.9b,23,15,49,0.75,0.2396938775510204,0.09715145229790335,0.4052459949577799,-0.07414251641571346,0.5033082742865402,0.064,2000,0
pythia,pythia-6.9b,23,16,49,0.75,0.23377551020408163,0.10594875255459195,0.4052459949577799,-0.09509964874384705,0.5189704572247833,0.08,2000,1
pythia,pythia-6.9b,23,17,49,0.75,0.0760204081632653,0.6036507531548111,0.8099617700558225,-0.2268179045422425,0.3604124071871109,0.304,2000,0
pythia,pythia-6.9b,23,18,49,0.75,-0.08255102040816327,0.5728197946423561,0.8051988490933056,-0.3699937474427337,0.2147000183616251,0.699,2000,0
pythia,pythia-6.9b,23,19,49,0.75,0.04795918367346939,0.7434893094699823,0.8724339498577652,-0.21029294630132248,0.3238330214836584,0.3905,2000,1
pythia,pythia-6.9b,23,20,49,0.75,-0.21979591836734694,0.12914618033071906,0.4368987802677517,-0.4974877521499637,0.07940947059763798,0.9215,2000,1
pythia,pythia-6.9b,23,21,49,0.75,-0.36051020408163265,0.01093939302263434,0.18298607389046173,-0.5940139275760783,-0.06524461939573663,0.994,2000,0
pythia,pythia-6.9b,23,22,49,0.75,-0.28683673469387755,0.045691619230612185,0.2849006846144054,-0.5445190917151691,0.021464170828515997,0.968,2000,3
pythia,pythia-6.9b,23,23,49,0.75,0.13724489795918368,0.34702612504626557,0.7079712834634961,-0.15261068126772884,0.40406002066792773,0.1785,2000,0
pythia,pythia-6.9b,23,24,49,0.75,0.1510204081632653,0.30029171565926366,0.675621904476636,-0.1403187421391091,0.43832367300259123,0.151,2000,0
pythia,pythia-6.9b,23,25,49,0.75,-0.0636734693877551,0.6638167992577911,0.8477660327870585,-0.34357727010592226,0.23709084301245079,0.672,2000,0
pythia,pythia-6.9b,23,26,49,0.75,-0.4136734693877551,0.003131181771169021,0.09957158032317487,-0.635042043999803,-0.15167084412208287,0.999,2000,5
pythia,pythia-6.9b,23,27,49,0.75,-0.43326530612244896,0.0018728968554370363,0.08508302857556822,-0.6660836267600253,-0.15539331885590954,0.9985,2000,0
pythia,pythia-6.9b,23,28,49,0.75,0.17122448979591837,0.23945843675982253,0.5857521760740275,-0.13248355281040464,0.475441881626387,0.139,2000,0
pythia,pythia-6.9b,23,29,49,0.75,-0.0886734693877551,0.5445905790930887,0.7869668645322387,-0.3422011986559242,0.19454205169756536,0.7395,2000,0
pythia,pythia-6.9b,23,30,49,0.75,-0.4913265306122449,0.00033728500345039816,0.034211078883529124,-0.6930308604128347,-0.21683929405687036,0.9985,2000,2
pythia,pythia-6.9b,23,31,49,0.75,0.032040816326530615,0.8269992338175048,0.9049170107241332,-0.2512768240276055,0.3049784452844281,0.409,2000,0
pythia,pythia-6.9b,24,0,49,0.78125,-0.22785714285714287,0.11534486395115373,0.4115686573895415,-0.46830462742254675,0.04053234732038676,0.949,2000,5
pythia,pythia-6.9b,24,1,49,0.78125,-0.17469387755102042,0.2299270366835861,0.5667968811269797,-0.43940122795079783,0.1083740313258877,0.88,2000,0
pythia,pythia-6.9b,24,2,49,0.78125,-0.1096938775510204,0.4530721080659482,0.7543294783506364,-0.3843089503380537,0.17499712922634889,0.765,2000,1
pythia,pythia-6.9b,24,3,49,0.78125,-0.2571428571428571,0.07447899747443691,0.37654324764922753,-0.5068708447247641,0.03746999029473347,0.9545,2000,1
pythia,pythia-6.9b,24,4,49,0.78125,-0.25255102040816324,0.07999364204068941,0.3796713159543169,-0.4819362284227953,-0.006772686028710229,0.9765,2000,0
pythia,pythia-6.9b,24,5,49,0.78125,0.20183673469387756,0.16430289585744598,0.49760305602540783,-0.07999135268011451,0.4616309942089873,0.0835,2000,1
pythia,pythia-6.9b,24,6,49,0.78125,0.03,0.8378652994992681,0.9093555127671237,-0.2573261166676655,0.3024099428531832,0.4085,2000,0
pythia,pythia-6.9b,24,7,49,0.78125,-0.11316326530612245,0.4388212781477877,0.7421188562366231,-0.3897806226890351,0.18322790454948149,0.781,2000,0
pythia,pythia-6.9b,24,8,49,0.78125,-0.02816326530612245,0.847670468936793,0.9134499239521285,-0.29668716681382695,0.2439593191331993,0.5825,2000,0
pythia,pythia-6.9b,24,9,49,0.78125,-0.18316326530612245,0.2077656816054298,0.550579056254389,-0.4440403782264247,0.11304715831579028,0.893,2000,0
pythia,pythia-6.9b,24,10,49,0.78125,-0.027346938775510202,0.8520357483081232,0.9134499239521285,-0.299926140926844,0.2729343518194364,0.565,2000,0
pythia,pythia-6.9b,24,11,49,0.78125,-0.1492857142857143,0.30594199447998605,0.675621904476636,-0.4284119244422187,0.1694744398284447,0.824,2000,0
pythia,pythia-6.9b,24,12,49,0.78125,-0.09744897959183674,0.5053335629168276,0.7842628820451678,-0.3800488097348989,0.19473329255742067,0.748,2000,0
pythia,pythia-6.9b,24,13,49,0.78125,-0.3486734693877551,0.014076667008011324,0.20347182311580006,-0.5837283154958243,-0.08097158923208671,0.9935,2000,0
pythia,pythia-6.9b,24,14,49,0.78125,-0.04336734693877551,0.7673264110410993,0.8744870866774004,-0.3515618185871614,0.2509972687657315,0.605,2000,0
pythia,pythia-6.9b,24,15,49,0.78125,-0.015408163265306122,0.916313162547795,0.949145230261234,-0.29169093263598106,0.27766924678095267,0.555,2000,0
pythia,pythia-6.9b,24,16,49,0.78125,-0.13173469387755102,0.36690900228725637,0.7079712834634961,-0.37963087191273415,0.14050116318739983,0.823,2000,0
pythia,pythia-6.9b,24,17,49,0.78125,0.13112244897959183,0.3691598157556947,0.7079712834634961,-0.1691460456037973,0.41928109004218045,0.185,2000,0
pythia,pythia-6.9b,24,18,49,0.78125,0.07877551020408163,0.5905559263661883,0.805832834131563,-0.21955387417674235,0.38773445571376713,0.302,2000,0
pythia,pythia-6.9b,24,19,49,0.78125,0.08051020408163265,0.5823765260737745,0.8051988490933056,-0.22737062548494777,0.3679047102668954,0.306,2000,4
pythia,pythia-6.9b,24,20,49,0.78125,-0.13510204081632654,0.3546780938916487,0.7079712834634961,-0.3904550419933548,0.1565796227484384,0.824,2000,0
pythia,pythia-6.9b,24,21,49,0.78125,0.25316326530612243,0.07924033514390608,0.3796713159543169,-0.050901855887986264,0.5085019421350818,0.0515,2000,4
pythia,pythia-6.9b,24,22,49,0.78125,-0.22887755102040816,0.11368115023167667,0.4115686573895415,-0.5045994577630969,0.06701931505439641,0.935,2000,0
pythia,pythia-6.9b,24,23,49,0.78125,-0.2944897959183673,0.03997498538115017,0.2648342781501199,-0.5282404081588993,-0.024372358152197297,0.985,2000,0
pythia,pythia-6.9b,24,24,49,0.78125,-0.12785714285714286,0.38130389634458006,0.7112310563588333,-0.38161814422290713,0.1557544388350207,0.831,2000,0
pythia,pythia-6.9b,24,25,49,0.78125,0.1329591836734694,0.3624322787326604,0.7079712834634961,-0.11621382313278796,0.382534295059412,0.1605,2000,10
pythia,pythia-6.9b,24,26,49,0.78125,-0.07040816326530612,0.6307075167604521,0.8356874597075991,-0.36311868115000345,0.2449176390526504,0.66,2000,0
pythia,pythia-6.9b,24,27,49,0.78125,-0.2748979591836735,0.055925088168706415,0.3233486915936117,-0.5194765573345832,0.017803892239991858,0.968,2000,0
pythia,pythia-6.9b,24,28,49,0.78125,-0.09989795918367347,0.49464167913862755,0.7842628820451678,-0.39849288203068023,0.19141017572272326,0.762,2000,0
pythia,pythia-6.9b,24,29,49,0.78125,-0.043163265306122446,0.7683909816177775,0.8744870866774004,-0.32290018934794884,0.24710237072641655,0.6005,2000,1
pythia,pythia-6.9b,24,30,49,0.78125,-0.2577551020408163,0.07376699737609083,0.37654324764922753,-0.500199877185529,0.023550456576011687,0.961,2000,15
pythia,pythia-6.9b,24,31,49,0.78125,-0.26622448979591834,0.06445963082603533,0.34742648479117344,-0.49896082851003964,0.005908167222625872,0.973,2000,0
pythia,pythia-6.9b,25,0,49,0.8125,-0.05795918367346939,0.6924196963671075,0.85571252520932,-0.3378006647919438,0.21103532547539483,0.6475,2000,1
pythia,pythia-6.9b,25,1,49,0.8125,-0.0067346938775510205,0.9633689614942303,0.9714161364285613,-0.291588470305414,0.27202463079360206,0.509,2000,0
pythia,pythia-6.9b,25,2,49,0.8125,-0.17683673469387756,0.2241721972684309,0.5582786725313905,-0.44189796045450647,0.1388152208143143,0.8755,2000,1
pythia,pythia-6.9b,25,3,49,0.8125,-0.1279591836734694,0.3809208404625957,0.7112310563588333,-0.401318906978072,0.1690964248032538,0.7965,2000,0
pythia,pythia-6.9b,25,4,49,0.8125,0.3110204081632653,0.029614790986401386,0.2581152790852655,0.053376714847089085,0.539919055277837,0.009,2000,0
pythia,pythia-6.9b,25,5,49,0.8125,-0.04673469387755102,0.7498236760114363,0.8734209852440907,-0.30758939105745786,0.23900863701688693,0.6175,2000,0
pythia,pythia-6.9b,25,6,49,0.8125,-0.23224489795918368,0.10832047035034997,0.4052459949577799,-0.4628799244590931,0.05425586436485616,0.951,2000,3
pythia,pythia-6.9b,25,7,49,0.8125,0.0789795918367347,0.5895909931500501,0.805832834131563,-0.24891100482629386,0.3855540349661344,0.297,2000,8
pythia,pythia-6.9b,25,8,49,0.8125,-0.27091836734693875,0.05972037459728505,0.33317682670064286,-0.5170801905193639,0.012295741682058282,0.9695,2000,2
pythia,pythia-6.9b,25,9,49,0.8125,-0.05653061224489796,0.6996391715547898,0.85571252520932,-0.3453078745096282,0.2384164656850114,0.6345,2000,2
pythia,pythia-6.9b,25,10,49,0.8125,0.1323469387755102,0.3646664869048644,0.7079712834634961,-0.14211854087773065,0.40922336910421675,0.1875,2000,0
pythia,pythia-6.9b,25,11,49,0.8125,0.13887755102040816,0.3412648495493118,0.7079712834634961,-0.15192877087110013,0.4146987616847485,0.1745,2000,0
pythia,pythia-6.9b,25,12,49,0.8125,-0.2392857142857143,0.09773940618491689,0.4052459949577799,-0.49992205789033844,0.055933608186284414,0.944,2000,1
pythia,pythia-6.9b,25,13,49,0.8125,-0.21428571428571427,0.13927064253553517,0.46101864405141996,-0.47430858366126494,0.06604686889626668,0.931,2000,0
pythia,pythia-6.9b,25,14,49,0.8125,-0.36020408163265305,0.01101223150657093,0.18298607389046173,-0.5949046773455751,-0.07874128582054386,0.996,2000,1
pythia,pythia-6.9b,25,15,49,0.8125,0.2978571428571429,0.03765280577648652,0.2648342781501199,0.028555664979487756,0.5250090682691628,0.015,2000,7
pythia,pythia-6.9b,25,16,49,0.8125,-0.12183673469387755,0.4043070834392411,0.7246388729549196,-0.40052793899232586,0.18244016574972796,0.78,2000,0
pythia,pythia-6.9b,25,17,49,0.8125,-0.25540816326530613,0.07652586248141223,0.3796713159543169,-0.49477687475158943,0.01116178182414532,0.969,2000,0
pythia,pythia-6.9b,25,18,49,0.8125,-0.04295918367346939,0.7694559750589679,0.8744870866774004,-0.3269677820711389,0.2546203749278275,0.597,2000,0
pythia,pythia-6.9b,25,19,49,0.8125,-0.20816326530612245,0.15120070858533763,0.48567500333472086,-0.476689154656036,0.08474980722430651,0.9095,2000,0
pythia,pythia-6.9b,25,20,49,0.8125,0.18602040816326532,0.20063961485791432,0.5413845062982265,-0.11964531280918633,0.46820198135444646,0.1255,2000,3
pythia,pythia-6.9b,25,21,49,0.8125,0.09153061224489796,0.5316500157683278,0.7842628820451678,-0.20224277102278534,0.3520085529545241,0.2615,2000,0
pythia,pythia-6.9b,25,22,49,0.8125,-0.018979591836734692,0.8970103056214027,0.9388960999728255,-0.3066121614716403,0.2790798318967715,0.5635,2000,0
pythia,pythia-6.9b,25,23,49,0.8125,0.2256122448979592,0.1190701776095529,0.4115686573895415,-0.030104835153392864,0.46528955376117553,0.0425,2000,0
pythia,pythia-6.9b,25,24,49,0.8125,0.06683673469387755,0.6481813858343447,0.8413129824298842,-0.22272740296226962,0.3479156778040741,0.324,2000,0
pythia,pythia-6.9b,25,25,49,0.8125,-0.26,0.07120229086727882,0.37654324764922753,-0.512297545696553,0.02895652531214848,0.96,2000,1
pythia,pythia-6.9b,25,26,49,0.8125,-0.17816326530612245,0.22066002783542193,0.5582786725313905,-0.452197090832024,0.1310725493660138,0.88,2000,1
pythia,pythia-6.9b,25,27,49,0.8125,0.015510204081632653,0.9157609357990619,0.949145230261234,-0.2747947377560782,0.29231182206385703,0.46,2000,5
pythia,pythia-6.9b,25,28,49,0.8125,0.2257142857142857,0.11889888987736241,0.4115686573895415,-0.05364317827901413,0.47159513476370185,0.0585,2000,0
pythia,pythia-6.9b,25,29,49,0.8125,0.20295918367346938,0.16191990404946036,0.4951012450743114,-0.0938595146871009,0.4812614572277285,0.0955,2000,0
pythia,pythia-6.9b,25,30,49,0.8125,-0.08816326530612245,0.5469172234642288,0.7869668645322387,-0.38078930970274705,0.21379922975291996,0.709,2000,0
pythia,pythia-6.9b,25,31,49,0.8125,-0.06520408163265307,0.6562330676230544,0.8466410447933165,-0.33911178727434604,0.2206238217685571,0.6615,2000,0
pythia,pythia-6.9b,26,0,49,0.84375,-0.2042857142857143,0.1591363052453564,0.4951012450743114,-0.459999335180296,0.10077342758767886,0.909,2000,1
pythia,pythia-6.9b,26,1,49,0.84375,-0.11795918367346939,0.4195385003543142,0.7246388729549196,-0.40992560801368616,0.2010966227639876,0.7555,2000,0
pythia,pythia-6.9b,26,2,49,0.84375,-0.0986734693877551,0.4999729450090409,0.7842628820451678,-0.37682656904466133,0.21212214094972714,0.73,2000,6
pythia,pythia-6.9b,26,3,49,0.84375,-0.1986734693877551,0.17115596069938233,0.5086691168448932,-0.4622669582732338,0.10053097058207038,0.8975,2000,0
pythia,pythia-6.9b,26,4,49,0.84375,0.037142857142857144,0.7999781225399263,0.8989153461756062,-0.24194963305758188,0.3223677122132225,0.3935,2000,0
pythia,pythia-6.9b,26,5,49,0.84375,-0.18591836734693878,0.2008911061106627,0.5413845062982265,-0.45757498339379693,0.12717040663759113,0.886,2000,7
pythia,pythia-6.9b,26,6,49,0.84375,0.005816326530612245,0.9683613687039432,0.9714161364285613,-0.2655949706758847,0.325826431711463,0.481,2000,1
pythia,pythia-6.9b,26,7,49,0.84375,0.10132653061224489,0.48845924357420833,0.7842628820451678,-0.22570040076857736,0.4155525008287462,0.27,2000,0
pythia,pythia-6.9b,26,8,49,0.84375,-0.2842857142857143,0.047739050702311686,0.2864343042138701,-0.5319215913660708,0.0007182145964334356,0.9745,2000,0
pythia,pythia-6.9b,26,9,49,0.84375,-0.12459183673469387,0.393682142118834,0.7205180417749234,-0.4170670937253304,0.16810198607004118,0.792,2000,0
pythia,pythia-6.9b,26,10,49,0.84375,-0.11775510204081632,0.42034908920660846,0.7246388729549196,-0.3692492931101041,0.16188660944348768,0.8075,2000,0
pythia,pythia-6.9b,26,11,49,0.84375,-0.39908163265306124,0.00450402510148595,0.13020727111568473,-0.6269087093703538,-0.12897417648330814,0.9965,2000,20
pythia,pythia-6.9b,26,12,49,0.84375,-0.15040816326530612,0.3022781949642708,0.675621904476636,-0.44028429816855885,0.1714456971217775,0.8225,2000,0
pythia,pythia-6.9b,26,13,49,0.84375,-0.3019387755102041,0.0349880950804064,0.2648342781501199,-0.5492172407336482,-0.007726393072286219,0.979,2000,37
pythia,pythia-6.9b,26,14,49,0.84375,0.11204081632653061,0.44340434806590684,0.7421188562366231,-0.17042770498234242,0.4016133808137254,0.217,2000,2
pythia,pythia-6.9b,26,15,49,0.84375,-0.14642857142857144,0.31539601156596825,0.6822852495100539,-0.42308861957187927,0.1524035200433122,0.821,2000,1
pythia,pythia-6.9b,26,16,49,0.84375,-0.1253061224489796,0.3909544807333563,0.7205180417749234,-0.4178315651824375,0.17037517097600946,0.7725,2000,0
pythia,pythia-6.9b,26,17,49,0.84375,-0.2366326530612245,0.10162841166194608,0.4052459949577799,-0.4905972077577794,0.061486750161934146,0.945,2000,0
pythia,pythia-6.9b,26,18,49,0.84375,0.05826530612244898,0.6908761515175967,0.85571252520932,-0.22750611234817203,0.3597523450108174,0.358,2000,0
pythia,pythia-6.9b,26,19,49,0.84375,-0.0960204081632653,0.5116244307804243,0.7842628820451678,-0.33776212144546797,0.16264364254349137,0.762,2000,0
pythia,pythia-6.9b,26,20,49,0.84375,-0.24224489795918366,0.09353851512223754,0.4052459949577799,-0.5003436076753824,0.04686655403937495,0.9575,2000,0
pythia,pythia-6.9b,26,21,49,0.84375,0.29816326530612247,0.03744732324060528,0.2648342781501199,0.05423193641135229,0.5206148256605504,0.0105,2000,0
pythia,pythia-6.9b,26,22,49,0.84375,-0.13163265306122449,0.3672835618602907,0.7079712834634961,-0.397033010198779,0.11882947269049066,0.825,2000,2
pythia,pythia-6.9b,26,23,49,0.84375,-0.24357142857142858,0.09170146910710922,0.4050148218897324,-0.5283137288312726,0.08049010555275751,0.9315,2000,1
pythia,pythia-6.9b,26,24,49,0.84375,-0.21357142857142858,0.14062518387731993,0.46101864405141996,-0.45343911949525423,0.06997673966805847,0.928,2000,0
pythia,pythia-6.9b,26,25,49,0.84375,-0.13428571428571429,0.3576200342767095,0.7079712834634961,-0.41589642000555754,0.16070563604702887,0.8125,2000,2
pythia,pythia-6.9b,26,26,49,0.84375,-0.1306122448979592,0.371041825665006,0.7079712834634961,-0.4188044240297032,0.17002900618436545,0.7835,2000,0
pythia,pythia-6.9b,26,27,49,0.84375,0.05653061224489796,0.6996391715547898,0.85571252520932,-0.21749029310647228,0.32794978707932226,0.355,2000,0
pythia,pythia-6.9b,26,28,49,0.84375,-0.3392857142857143,0.017083466793516328,0.22415222134005833,-0.5780539540299627,-0.043996126784123256,0.988,2000,0
pythia,pythia-6.9b,26,29,49,0.84375,-0.423265306122449,0.002443874438733012,0.09714400893963723,-0.6271277825594606,-0.18400355346372071,0.9985,2000,0
pythia,pythia-6.9b,26,30,49,0.84375,-0.09795918367346938,0.5030964185657981,0.7842628820451678,-0.3870922554558204,0.21209517937129144,0.741,2000,0
pythia,pythia-6.9b,26,31,49,0.84375,-0.31234693877551023,0.028890707310359257,0.2581152790852655,-0.5497969178398223,-0.03499283621002583,0.9885,2000,0
pythia,pythia-6.9b,27,0,49,0.875,0.011530612244897959,0.9373243930110841,0.9615134096049185,-0.26126962011942423,0.28999447057124844,0.469,2000,38
pythia,pythia-6.9b,27,1,49,0.875,0.022244897959183673,0.8794131707514715,0.9260045970164502,-0.2528952371304854,0.30223682837368654,0.4315,2000,4
pythia,pythia-6.9b,27,2,49,0.875,-0.3246938775510204,0.022831523865458794,0.2581152790852655,-0.5683557650812281,-0.03280238184941769,0.9875,2000,8
pythia,pythia-6.9b,27,3,49,0.875,-0.2542857142857143,0.07787378025652537,0.3796713159543169,-0.5121986172035052,0.05163019596967316,0.9525,2000,1
pythia,pythia-6.9b,27,4,49,0.875,-0.12408163265306123,0.39563728005978344,0.7205180417749234,-0.3999583698583631,0.15559109706161642,0.795,2000,0
pythia,pythia-6.9b,27,5,49,0.875,-0.05897959183673469,0.6872793889022093,0.85571252520932,-0.34392357697332654,0.2514745603307248,0.6365,2000,1
pythia,pythia-6.9b,27,6,49,0.875,0.1953061224489796,0.1786762239804604,0.5138750880606328,-0.08832478825310522,0.4599915889036558,0.0885,2000,1
pythia,pythia-6.9b,27,7,49,0.875,-0.09091836734693877,0.5344102456109827,0.7842628820451678,-0.38361088616994127,0.20933191675965887,0.716,2000,0
pythia,pythia-6.9b,27,8,49,0.875,-0.32857142857142857,0.021164833872924248,0.2553387468405478,-0.5425430732684539,-0.068293604348351,0.9915,2000,5
pythia,pythia-6.9b,27,9,49,0.875,-0.11744897959183674,0.42156663992660415,0.7246388729549196,-0.36204248789092364,0.1413570683800556,0.7925,2000,0
pythia,pythia-6.9b,27,10,49,0.875,-0.0823469387755102,0.5737722185451218,0.8051988490933056,-0.3113984238875262,0.15981200468250295,0.744,2000,0
pythia,pythia-6.9b,27,11,49,0.875,-0.2376530612244898,0.1001187714053454,0.4052459949577799,-0.49809210781334,0.05110080383441343,0.955,2000,1
pythia,pythia-6.9b,27,12,49,0.875,0.06877551020408164,0.6386715320743408,0.8392460628084314,-0.22995407994460185,0.35451784161318317,0.3285,2000,0
pythia,pythia-6.9b,27,13,49,0.875,0.034489795918367344,0.8140023116347468,0.9031239322636849,-0.2575692235961772,0.312904856110486,0.4245,2000,0
pythia,pythia-6.9b,27,14,49,0.875,-0.08051020408163265,0.5823765260737745,0.8051988490933056,-0.35788498284131387,0.22676982527670914,0.684,2000,1
pythia,pythia-6.9b,27,15,49,0.875,-0.15397959183673468,0.2908093738815883,0.6605527206738934,-0.4087441480791366,0.1284300835648131,0.8635,2000,0
pythia,pythia-6.9b,27,16,49,0.875,-0.037244897959183676,0.7994399448018134,0.8989153461756062,-0.35320972482488905,0.2598100580119852,0.6175,2000,0
pythia,pythia-6.9b,27,17,49,0.875,0.18489795918367347,0.20341826612260813,0.5435883077898267,-0.10838516611799534,0.44612727479147213,0.1165,2000,0
pythia,pythia-6.9b,27,18,49,0.875,-0.28438775510204084,0.04765574500297457,0.2864343042138701,-0.6037014722640318,0.03621654056152462,0.953,2000,47
pythia,pythia-6.9b,27,19,49,0.875,-0.18908163265306122,0.19319800002942905,0.5342344696465952,-0.4480892377589313,0.08490927676974182,0.91,2000,0
pythia,pythia-6.9b,27,20,49,0.875,-0.11877551020408163,0.41630505107566057,0.7246388729549196,-0.3961923581676697,0.17506289707087816,0.794,2000,0
pythia,pythia-6.9b,27,21,49,0.875,0.23540816326530611,0.10346305953401656,0.4052459949577799,-0.053997549564659124,0.5011620239910373,0.05,2000,0
pythia,pythia-6.9b,27,22,49,0.875,-0.16714285714285715,0.25101267812128647,0.6019773118207369,-0.4252298146392361,0.12501178885303046,0.876,2000,0
pythia,pythia-6.9b,27,23,49,0.875,-0.16959183673469388,0.24403578976462967,0.5923922224820781,-0.42304797661613597,0.11837898134542273,0.8845,2000,0
pythia,pythia-6.9b,27,24,49,0.875,-0.10112244897959184,0.4893399730707054,0.7842628820451678,-0.3745688832808745,0.19935421856979102,0.7435,2000,0
pythia,pythia-6.9b,27,25,49,0.875,0.047142857142857146,0.7477103825628988,0.8734209852440907,-0.24543122382174595,0.3317091445163864,0.377,2000,4
pythia,pythia-6.9b,27,26,49,0.875,-0.3819387755102041,0.006767757147954914,0.15613483938669173,-0.6141716683881293,-0.11517245538344477,0.9945,2000,2
pythia,pythia-6.9b,27,27,49,0.875,0.09020408163265306,0.537639334232222,0.7842628820451678,-0.16301673763871402,0.34175377686829,0.2605,2000,5
pythia,pythia-6.9b,27,28,49,0.875,-0.0008163265306122449,0.9955583858464419,0.9955583858464419,-0.32292546777329445,0.298367271694346,0.509,2000,0
pythia,pythia-6.9b,27,29,49,0.875,-0.11255102040816327,0.44131786181848537,0.7421188562366231,-0.37641937252377994,0.16105339799646134,0.7765,2000,0
pythia,pythia-6.9b,27,30,49,0.875,-0.4142857142857143,0.003082695977179167,0.09957158032317487,-0.6262911687082102,-0.15665792569469167,0.996,2000,43
pythia,pythia-6.9b,27,31,49,0.875,0.20489795918367346,0.15786345112674502,0.4951012450743114,-0.10513103125301694,0.4608574103370857,0.1025,2000,0
pythia,pythia-6.9b,28,0,49,0.90625,0.0623469387755102,0.6704164629369875,0.8525965109766379,-0.19753022768784181,0.32656283723000595,0.317,2000,0
pythia,pythia-6.9b,28,1,49,0.90625,0.010612244897959184,0.9423074630652254,0.9629880854682047,-0.26224561305332367,0.28512929632578027,0.458,2000,0
pythia,pythia-6.9b,28,2,49,0.90625,-0.3106122448979592,0.029840600404677044,0.2581152790852655,-0.5581811853259443,-0.019832011053610685,0.981,2000,31
pythia,pythia-6.9b,28,3,49,0.90625,,,,,,,0,0
pythia,pythia-6.9b,28,4,49,0.90625,-0.02295918367346939,0.8755711694036584,0.9260045970164502,-0.3165687814936805,0.2836509968446176,0.5615,2000,0
pythia,pythia-6.9b,28,5,49,0.90625,0.21775510204081633,0.13282939835520466,0.44462893344163246,-0.0656869631595861,0.48484381269718374,0.0695,2000,1
pythia,pythia-6.9b,28,6,49,0.90625,-0.0946938775510204,0.517501161731411,0.7842628820451678,-0.35977519077143266,0.19922124871612285,0.738,2000,0
pythia,pythia-6.9b,28,7,49,0.90625,-0.13755102040816328,0.3459413489977626,0.7079712834634961,-0.3998688745589626,0.1332834722666119,0.827,2000,0
pythia,pythia-6.9b,28,8,49,0.90625,-0.03438775510204082,0.8145428875491024,0.9031239322636849,-0.3295777290625017,0.27239091569263585,0.584,2000,0
pythia,pythia-6.9b,28,9,49,0.90625,0.04908163265306122,0.7376975169379669,0.8694631790829522,-0.24135048771568435,0.3524194529440897,0.366,2000,1
pythia,pythia-6.9b,28,10,49,0.90625,-0.03653061224489796,0.8032091110312126,0.8993679482673438,-0.3163274707444325,0.24370070694775084,0.5795,2000,0
pythia,pythia-6.9b,28,11,49,0.90625,-0.38816326530612244,0.0058517849642322805,0.15507230155215543,-0.6196295376511661,-0.1021380106967989,0.995,2000,0
pythia,pythia-6.9b,28,12,49,0.90625,0.06714285714285714,0.6466760824202927,0.8413129824298842,-0.22613794873919493,0.34851955289333403,0.329,2000,0
pythia,pythia-6.9b,28,13,49,0.90625,-0.29306122448979594,0.0409950433647077,0.2660494651015724,-0.5473201637761173,0.01466552201890331,0.97,2000,0
pythia,pythia-6.9b,28,14,49,0.90625,0.22785714285714287,0.11534486395115373,0.4115686573895415,-0.05100177017863322,0.5026408081325532,0.057,2000,0
pythia,pythia-6.9b,28,15,49,0.90625,-0.22428571428571428,0.12131398150857994,0.4148155496744992,-0.4896126528946952,0.06304875101563132,0.9365,2000,0
pythia,pythia-6.9b,28,16,49,0.90625,0.08612244897959184,0.5562711294342616,0.7968208070274558,-0.2255378918043074,0.4033698588013591,0.29,2000,10
pythia,pythia-6.9b,28,17,49,0.90625,-0.16489795918367348,0.2575253927911113,0.6066153696857288,-0.460453019807258,0.13161566466310642,0.855,2000,6
pythia,pythia-6.9b,28,18,49,0.90625,-0.05795918367346939,0.6924196963671075,0.85571252520932,-0.3543512100238534,0.23779462623354083,0.641,2000,0
pythia,pythia-6.9b,28,19,49,0.90625,-0.09959183673469388,0.49597173240560066,0.7842628820451678,-0.40078925515302344,0.22811682348599086,0.725,2000,0
pythia,pythia-6.9b,28,20,49,0.90625,0.23653061224489796,0.10178033498019487,0.4052459949577799,-0.10319053168270981,0.5400852752249587,0.0695,2000,49
pythia,pythia-6.9b,28,21,49,0.90625,-0.3137755102040816,0.028127477197962478,0.2581152790852655,-0.5642817340460065,-0.02140082039670161,0.9805,2000,2
pythia,pythia-6.9b,28,22,49,0.90625,-0.24540816326530612,0.08920432700862357,0.39953487308087743,-0.5323893335150498,0.05221893116400928,0.947,2000,1
pythia,pythia-6.9b,28,23,49,0.90625,-0.17714285714285713,0.22335828528706272,0.5582786725313905,-0.45685321141712737,0.1023467150396443,0.869,2000,0
pythia,pythia-6.9b,28,24,49,0.90625,-0.027142857142857142,0.853127759162837,0.9134499239521285,-0.2850883665248154,0.24515541344282554,0.567,2000,0
pythia,pythia-6.9b,28,25,49,0.90625,0.24867346938775511,0.08489616621261484,0.3970144243472282,-0.06595651938604284,0.518492237875217,0.0545,2000,9
pythia,pythia-6.9b,28,26,49,0.90625,-0.3411224489795918,0.01645569396569213,0.22415222134005833,-0.582856180218275,-0.060666657576430257,0.989,2000,0
pythia,pythia-6.9b,28,27,49,0.90625,0.16051020408163266,0.2705798267130854,0.6235100354692837,-0.13461882553323626,0.43645869395428405,0.132,2000,0
pythia,pythia-6.9b,28,28,49,0.90625,-0.012653061224489797,0.9312372172885564,0.9583606313843396,-0.30538107280691484,0.288160287604376,0.5175,2000,0
pythia,pythia-6.9b,28,29,49,0.90625,-0.22908163265306122,0.11335061305527426,0.4115686573895415,-0.49155617525202444,0.06724181154130944,0.938,2000,0
pythia,pythia-6.9b,28,30,49,0.90625,-0.07336734693877552,0.6163785056955163,0.8201186812183021,-0.3194890976001635,0.20406962263515882,0.6925,2000,0
pythia,pythia-6.9b,28,31,49,0.90625,0.14122448979591837,0.3330875086258559,0.7014690579008092,-0.14642214367359854,0.4256525035455554,0.1685,2000,0
pythia,pythia-6.9b,29,0,49,0.9375,0.05897959183673469,0.6872793889022093,0.85571252520932,-0.2066938803626251,0.3064990155716761,0.3115,2000,1
pythia,pythia-6.9b,29,1,49,0.9375,-0.3056122448979592,0.03272491608532059,0.2581152790852655,-0.5699962385917211,-0.012556427320633695,0.978,2000,0
pythia,pythia-6.9b,29,2,49,0.9375,-0.3377551020408163,0.017622029979564333,0.22415222134005833,-0.5771924555406583,-0.057519244431584175,0.988,2000,0
pythia,pythia-6.9b,29,3,49,0.9375,0.16071428571428573,0.26996308544306236,0.6235100354692837,-0.09446653044270296,0.40102255188095687,0.116,2000,10
pythia,pythia-6.9b,29,4,49,0.9375,0.09183673469387756,0.5302725279295335,0.7842628820451678,-0.16224547425089753,0.34922075145080234,0.251,2000,2
pythia,pythia-6.9b,29,5,49,0.9375,-0.17683673469387756,0.2241721972684309,0.5582786725313905,-0.4469853655607965,0.11498969338455989,0.8885,2000,0
pythia,pythia-6.9b,29,6,49,0.9375,-0.08173469387755102,0.5766338379322337,0.8051988490933056,-0.3666856928319757,0.21221255745489548,0.7125,2000,0
pythia,pythia-6.9b,29,7,49,0.9375,-0.4592857142857143,0.0009015244338870054,0.04778079499601129,-0.6605725182389998,-0.21257901625219489,0.9985,2000,33
pythia,pythia-6.9b,29,8,49,0.9375,0.10346938775510205,0.47926172935828254,0.7842628820451678,-0.17536332705652727,0.3904807198033624,0.2305,2000,3
pythia,pythia-6.9b,29,9,49,0.9375,-0.37112244897959185,0.008657743219003226,0.1720726464776891,-0.6143686410342649,-0.09643283006583778,0.995,2000,9
pythia,pythia-6.9b,29,10,49,0.9375,-0.09112244897959183,0.5334893918958816,0.7842628820451678,-0.3748348145105095,0.2079944607025328,0.723,2000,0
pythia,pythia-6.9b,29,11,49,0.9375,-0.31,0.030181998540423336,0.2581152790852655,-0.5326522427261363,-0.04647822531179737,0.987,2000,25
pythia,pythia-6.9b,29,12,49,0.9375,-0.05112244897959184,0.727204019503765,0.866108158060664,-0.31307311397320836,0.21539765059696853,0.647,2000,0
pythia,pythia-6.9b,29,13,49,0.9375,-0.26724489795918366,0.06340461697206891,0.34742648479117344,-0.5189527107773898,0.010386326264468029,0.9695,2000,0
pythia,pythia-6.9b,29,14,49,0.9375,0.018877551020408164,0.8975610515463489,0.9388960999728255,-0.2914588895525167,0.313248443171383,0.4505,2000,2
pythia,pythia-6.9b,29,15,49,0.9375,-0.11928571428571429,0.41429139361828665,0.7246388729549196,-0.41184008793457894,0.18699813889449127,0.774,2000,42
pythia,pythia-6.9b,29,16,49,0.9375,-0.04285714285714286,0.7699886297788431,0.8744870866774004,-0.3298725771794463,0.2455201990253703,0.598,2000,0
pythia,pythia-6.9b,29,17,49,0.9375,-0.246734693877551,0.08743403577865985,0.3990450705159423,-0.5370633434785522,0.0734648831733856,0.935,2000,1
pythia,pythia-6.9b,29,18,49,0.9375,-0.3090816326530612,0.03070017996579975,0.2581152790852655,-0.5656729743952362,0.005886404924002659,0.9715,2000,0
pythia,pythia-6.9b,29,19,49,0.9375,-0.06877551020408164,0.6386715320743408,0.8392460628084314,-0.38519762121987655,0.23736588609232934,0.6615,2000,0
pythia,pythia-6.9b,29,20,49,0.9375,0.09612244897959184,0.5111737750973617,0.7842628820451678,-0.21457810667644978,0.39849461066414515,0.289,2000,1
pythia,pythia-6.9b,29,21,49,0.9375,-0.08071428571428571,0.581417619101681,0.8051988490933056,-0.3427262908411857,0.18814762767209287,0.6985,2000,0
pythia,pythia-6.9b,29,22,49,0.9375,0.12326530612244897,0.39877728098234755,0.7205180417749234,-0.1632775863808017,0.409644233838047,0.196,2000,0
pythia,pythia-6.9b,29,23,49,0.9375,-0.3793877551020408,0.0071777352914697825,0.15613483938669173,-0.6250565376452627,-0.0877174478865487,0.9935,2000,0
pythia,pythia-6.9b,29,24,49,0.9375,-0.09142857142857143,0.5321095680402109,0.7842628820451678,-0.3499355932828648,0.1845792405223985,0.7385,2000,4
pythia,pythia-6.9b,29,25,49,0.9375,0.13040816326530613,0.37179624005787376,0.7079712834634961,-0.16749037951635878,0.40498187048131223,0.1825,2000,0
pythia,pythia-6.9b,29,26,49,0.9375,0.009591836734693878,0.9478467633696479,0.9629880854682047,-0.2848367688863549,0.2852803346991578,0.4595,2000,0
pythia,pythia-6.9b,29,27,49,0.9375,-0.12877551020408162,0.3778646327025186,0.7112310563588333,-0.4277464637728817,0.1832159641632049,0.794,2000,0
pythia,pythia-6.9b,29,28,49,0.9375,0.056938775510204084,0.6975737486079795,0.85571252520932,-0.21397540182647032,0.3477231374123914,0.3365,2000,0
pythia,pythia-6.9b,29,29,49,0.9375,0.01683673469387755,0.9085856609737039,0.9473122629168452,-0.30624179150253933,0.328256269436766,0.463,2000,0
pythia,pythia-6.9b,29,30,49,0.9375,-0.07642857142857143,0.6017028270018066,0.8099617700558225,-0.3715660697951463,0.22969677724358503,0.683,2000,0
pythia,pythia-6.9b,29,31,49,0.9375,-0.027142857142857142,0.853127759162837,0.9134499239521285,-0.3463296632505623,0.2944892371028674,0.573,2000,1
pythia,pythia-6.9b,30,0,49,0.96875,0.043979591836734694,0.7641352548647667,0.8744870866774004,-0.2500344966613531,0.3210019668862334,0.372,2000,0
pythia,pythia-6.9b,30,1,49,0.96875,-0.18714285714285714,0.1978878761148721,0.5413845062982265,-0.4568830353972666,0.10931735731439361,0.898,2000,6
pythia,pythia-6.9b,30,2,49,0.96875,0.2260204081632653,0.11838614798641443,0.4115686573895415,-0.07610972805789543,0.4874559669015257,0.0685,2000,1
pythia,pythia-6.9b,30,3,49,0.96875,-0.31785714285714284,0.026038906373076376,0.2581152790852655,-0.52094595553447,-0.05753828208618532,0.991,2000,1
pythia,pythia-6.9b,30,4,49,0.96875,-0.04163265306122449,0.776388612465517,0.8786177180214747,-0.33755614304257553,0.2729670723758711,0.619,2000,0
pythia,pythia-6.9b,30,5,49,0.96875,-0.05285714285714286,0.7183232234711859,0.8632393682691382,-0.32867802399335666,0.21360868951260792,0.651,2000,1
pythia,pythia-6.9b,30,6,49,0.96875,-0.04591836734693878,0.754055704860723,0.8744870866774004,-0.32864374404290997,0.24689049548020958,0.611,2000,0
pythia,pythia-6.9b,30,7,49,0.96875,0.02336734693877551,0.8733770077227428,0.9260045970164502,-0.2953557511698288,0.35497827753641703,0.448,2000,0
pythia,pythia-6.9b,30,8,49,0.96875,0.13275510204081634,0.36317609121622085,0.7079712834634961,-0.15102212726743644,0.4133255386488027,0.184,2000,0
pythia,pythia-6.9b,30,9,49,0.96875,,,,,,,0,0
pythia,pythia-6.9b,30,10,49,0.96875,0.23469387755102042,0.10454497295577576,0.4052459949577799,-0.0566719901405322,0.4896475205420332,0.0605,2000,0
pythia,pythia-6.9b,30,11,49,0.96875,0.053979591836734696,0.7125962999061916,0.8632393682691382,-0.2345533012133715,0.33903603171647445,0.3475,2000,19
pythia,pythia-6.9b,30,12,49,0.96875,0.1483673469387755,0.3089607471933071,0.6775828800515286,-0.17158808948655865,0.4410822201398404,0.1695,2000,1
pythia,pythia-6.9b,30,13,49,0.96875,-0.013265306122448979,0.927918557216213,0.9580457830998563,-0.3053405293917301,0.27624481625286634,0.543,2000,1
pythia,pythia-6.9b,30,14,49,0.96875,-0.514795918367347,0.0001540250251524814,0.024489978999244544,-0.6742875838164858,-0.29503097231494546,1.0,2000,10
pythia,pythia-6.9b,30,15,49,0.96875,-0.2392857142857143,0.09773940618491689,0.4052459949577799,-0.4850552788371374,0.049637700497876226,0.9525,2000,2
pythia,pythia-6.9b,30,16,49,0.96875,0.04387755102040816,0.7646668466865757,0.8744870866774004,-0.24398081748728473,0.32605532033959994,0.377,2000,1
pythia,pythia-6.9b,30,17,49,0.96875,0.03295918367346939,0.8221198146198566,0.9046162666059322,-0.2696385276010643,0.3278175313059032,0.408,2000,0
pythia,pythia-6.9b,30,18,49,0.96875,0.19153061224489795,0.18738759191135487,0.5227127563843057,-0.11429281713004548,0.4526451908039253,0.1095,2000,3
pythia,pythia-6.9b,30,19,49,0.96875,-0.06724489795918367,0.6461746250180176,0.8413129824298842,-0.3001620038840122,0.18703472574069838,0.693,2000,0
pythia,pythia-6.9b,30,20,49,0.96875,-0.09122448979591836,0.5330292562426829,0.7842628820451678,-0.37475396183868337,0.19266882111474423,0.71,2000,0
pythia,pythia-6.9b,30,21,49,0.96875,-0.09040816326530612,0.5367157707669314,0.7842628820451678,-0.40238876288636877,0.21159067956497038,0.717,2000,0
pythia,pythia-6.9b,30,22,49,0.96875,-0.23510204081632652,0.10392567739143954,0.4052459949577799,-0.4975122614736929,0.042125191608629216,0.948,2000,0
pythia,pythia-6.9b,30,23,49,0.96875,-0.0786734693877551,0.5910386565678483,0.805832834131563,-0.3500891079581746,0.20374713346227458,0.688,2000,2
pythia,pythia-6.9b,30,24,49,0.96875,-0.14448979591836736,0.32191583840350546,0.6870418564584881,-0.3833779526472219,0.11992696623513432,0.852,2000,0
pythia,pythia-6.9b,30,25,49,0.96875,-0.19948979591836735,0.16936792565761716,0.5081037769728515,-0.4652001276381982,0.09993103174323742,0.9115,2000,4
pythia,pythia-6.9b,30,26,49,0.96875,-0.17979591836734693,0.21639001338811037,0.5582786725313905,-0.4285915274387627,0.0895823025952195,0.904,2000,0
pythia,pythia-6.9b,30,27,49,0.96875,0.11520408163265305,0.4305562922511856,0.7321759408335669,-0.1717873020270333,0.38224241861295216,0.209,2000,0
pythia,pythia-6.9b,30,28,49,0.96875,0.0536734693877551,0.7141566491708616,0.8632393682691382,-0.27414586285013315,0.35383570511548695,0.353,2000,0
pythia,pythia-6.9b,30,29,49,0.96875,0.2956122448979592,0.03918820796437682,0.2648342781501199,0.007389429206341663,0.5592883322567423,0.024,2000,14
pythia,pythia-6.9b,30,30,49,0.96875,-0.3046938775510204,0.03327901397011285,0.2581152790852655,-0.5435176304462395,-0.02866034316941534,0.9855,2000,2
pythia,pythia-6.9b,30,31,49,0.96875,0.06438775510204081,0.6602735192098821,0.8466410447933165,-0.21692100419788093,0.3401915983255068,0.3315,2000,5
pythia,pythia-6.9b,31,0,49,1.0,-0.2030612244897959,0.16170452689121526,0.4951012450743114,-0.4203776151166849,0.028695743595484255,0.955,2000,0
pythia,pythia-6.9b,31,1,49,1.0,0.07826530612244897,0.5929713307760558,0.805832834131563,-0.20091070949637432,0.35238460358840645,0.283,2000,0
pythia,pythia-6.9b,31,2,49,1.0,-0.18214285714285713,0.2103532328024133,0.5528291572823755,-0.4154965785217608,0.07955588939918642,0.9215,2000,1
pythia,pythia-6.9b,31,3,49,1.0,-0.00989795918367347,0.9461847052615261,0.9629880854682047,-0.30391221013515934,0.29183237399445133,0.5295,2000,0
pythia,pythia-6.9b,31,4,49,1.0,-0.0646938775510204,0.6587572185708336,0.8466410447933165,-0.36140172325621833,0.23200375865254746,0.6675,2000,0
pythia,pythia-6.9b,31,5,49,1.0,-0.11622448979591837,0.4264568127549389,0.7291035830971536,-0.36362360531459464,0.147204198011278,0.795,2000,0
pythia,pythia-6.9b,31,6,49,1.0,-0.006326530612244898,0.965587648857898,0.9714161364285613,-0.289288387428593,0.2874643634439677,0.5,2000,0
pythia,pythia-6.9b,31,7,49,1.0,-0.35816326530612247,0.011508558106318347,0.18298607389046173,-0.582855756006269,-0.09373486077151741,0.996,2000,21
pythia,pythia-6.9b,31,8,49,1.0,-0.08836734693877552,0.5459859945484147,0.7869668645322387,-0.3424203469914077,0.18093320200531193,0.7345,2000,0
pythia,pythia-6.9b,31,9,49,1.0,-0.14989795918367346,0.30394004174780453,0.675621904476636,-0.4221317549334334,0.15039690094116134,0.8455,2000,0
pythia,pythia-6.9b,31,10,49,1.0,0.0763265306122449,0.6021895512871139,0.8099617700558225,-0.22664535784761855,0.3634322840153537,0.2935,2000,0
pythia,pythia-6.9b,31,11,49,1.0,-0.24642857142857144,0.08784010986199987,0.3990450705159423,-0.5080082817851848,0.04967453071818748,0.945,2000,7
pythia,pythia-6.9b,31,12,49,1.0,-0.13163265306122449,0.3672835618602907,0.7079712834634961,-0.3803437468797538,0.1530954738306167,0.823,2000,0
pythia,pythia-6.9b,31,13,49,1.0,-0.3273469387755102,0.021679704920423867,0.2553387468405478,-0.5706004520930428,-0.05391582565820323,0.991,2000,0
pythia,pythia-6.9b,31,14,49,1.0,-0.052653061224489796,0.7193661402242818,0.8632393682691382,-0.3292916295869302,0.23659417273754724,0.634,2000,0
pythia,pythia-6.9b,31,15,49,1.0,-0.04897959183673469,0.7382234539383556,0.8694631790829522,-0.31479421142899583,0.23528536306787506,0.6255,2000,0
pythia,pythia-6.9b,31,16,49,1.0,-0.022448979591836733,0.8783151717489361,0.9260045970164502,-0.27927966546850885,0.24674678116642973,0.5505,2000,0
pythia,pythia-6.9b,31,17,49,1.0,-0.10887755102040816,0.45646159595766955,0.7560145183048902,-0.3811978092629821,0.18990930725663238,0.762,2000,0
pythia,pythia-6.9b,31,18,49,1.0,-0.19214285714285714,0.18595470601464653,0.5227127563843057,-0.43224251244569956,0.09135776681591455,0.9105,2000,0
pythia,pythia-6.9b,31,19,49,1.0,-0.3209183673469388,0.024559007829900475,0.2581152790852655,-0.5574348047608078,-0.03201506962333738,0.9815,2000,0
pythia,pythia-6.9b,31,20,49,1.0,-0.1036734693877551,0.47839057302300164,0.7842628820451678,-0.3597438656891471,0.16675434016418303,0.762,2000,0
pythia,pythia-6.9b,31,21,49,1.0,0.09193877551020409,0.5298137554351482,0.7842628820451678,-0.19518751805003448,0.36513215877865196,0.2675,2000,0
pythia,pythia-6.9b,31,22,49,1.0,-0.052653061224489796,0.7193661402242818,0.8632393682691382,-0.31819396269730893,0.22539944872452378,0.632,2000,0
pythia,pythia-6.9b,31,23,49,1.0,-0.48367346938775513,0.0004303280362708066,0.034211078883529124,-0.6566392629253199,-0.2547809510689029,1.0,2000,10
pythia,pythia-6.9b,31,24,49,1.0,0.00836734693877551,0.9544971224182126,0.9666563214299095,-0.26465698598848053,0.281657384699874,0.459,2000,0
pythia,pythia-6.9b,31,25,49,1.0,-0.07459183673469388,0.6104899806778707,0.815696696872113,-0.342235515278061,0.20728969620456514,0.702,2000,0
pythia,pythia-6.9b,31,26,49,1.0,-0.09908163265306122,0.49819258468580113,0.7842628820451678,-0.3598145878026356,0.18807535317208451,0.762,2000,0
pythia,pythia-6.9b,31,27,49,1.0,-0.13306122448979593,0.3620607189728612,0.7079712834634961,-0.43633089462108654,0.17621583101405922,0.784,2000,1
pythia,pythia-6.9b,31,28,49,1.0,-0.024591836734693878,0.8668002391170005,0.9249747518094166,-0.30143730995306905,0.2590834876241855,0.579,2000,0
pythia,pythia-6.9b,31,29,49,1.0,-0.28122448979591835,0.05029380639473824,0.296174637657903,-0.5214735820399389,0.006160680005653626,0.9715,2000,0
pythia,pythia-6.9b,31,30,49,1.0,-0.1923469387755102,0.1854788236229162,0.5227127563843057,-0.4513583334795831,0.09452372563082476,0.9025,2000,0
pythia,pythia-6.9b,31,31,49,1.0,-0.06183673469387755,0.6729613970287299,0.8525965109766379,-0.3404176140979625,0.23139732321926684,0.6415,2000,0
