compound,p95_relative,bigram_count,family,model,condition,log_frequency
accessibility_tree,0.045877313613891496,1307,gpt2,gpt2,natural,7.176254532017144
accessible_authentication,0.043383450806140846,3,gpt2,gpt2,natural,1.3862943611198906
accessible_description,0.06848971117287872,716,gpt2,gpt2,natural,6.57507584059962
accessible_name,0.071022181212902,1619,gpt2,gpt2,natural,7.3901814282264295
alt_text,0.03256318103522057,23306,gpt2,gpt2,natural,10.056509023618531
audio_description,0.047373852133750886,4691,gpt2,gpt2,natural,8.453614209773367
character_key,0.02779477946460241,1974,gpt2,gpt2,natural,7.5883236773352225
closed_captions,0.0304131003096699,7942,gpt2,gpt2,natural,8.980046316633132
cognitive_disabilities,0.04290311131626355,10189,gpt2,gpt2,natural,9.229162126216771
color_contrast,0.03224214976653451,20112,gpt2,gpt2,natural,9.909121651153221
combo_box,0.0326007448136806,50410,gpt2,gpt2,natural,10.827964684213782
consistent_help,0.06728850528597831,504,gpt2,gpt2,natural,6.22455842927536
decorative_image,0.06188059262931343,749,gpt2,gpt2,natural,6.620073206530356
drag_movement,0.030072243977338008,328,gpt2,gpt2,natural,5.796057750765372
error_identification,0.044127605296671334,1566,gpt2,gpt2,natural,7.356918242356021
focus_appearance,0.023623736575245777,102,gpt2,gpt2,natural,4.634728988229636
focus_indicator,0.019643097184598397,1261,gpt2,gpt2,natural,7.140453043101158
focus_management,0.03544144649058572,989,gpt2,gpt2,natural,6.897704943128636
form_field,0.03584847263991829,51864,gpt2,gpt2,natural,10.856399467865929
informative_image,0.05788310412317506,520,gpt2,gpt2,natural,6.255750041753367
input_purpose,0.05415658317506306,53,gpt2,gpt2,natural,3.9889840465642745
keyboard_interaction,0.03305773995816702,1073,gpt2,gpt2,natural,6.97914527506881
keyboard_navigation,0.04607547242194408,8050,gpt2,gpt2,natural,8.993551586299981
landmark_region,0.07015161253511898,128,gpt2,gpt2,natural,4.859812404361672
live_region,0.08323874846100802,1112,gpt2,gpt2,natural,7.014814351275545
low_vision,0.026706038787960976,36811,gpt2,gpt2,natural,10.513579157958748
menu_bar,0.0372481552883982,106878,gpt2,gpt2,natural,11.579452632439278
pointer_cancellation,0.01808739397674794,2,gpt2,gpt2,natural,1.0986122886681098
radio_group,0.049706064909696535,6694,gpt2,gpt2,natural,8.809116258125274
reading_order,0.052768401429057074,9225,gpt2,gpt2,natural,9.129780864117766
redundant_entry,0.06184991579502816,205,gpt2,gpt2,natural,5.327876168789581
responsive_design,0.0408871583640575,35628,gpt2,gpt2,natural,10.4809151919697
screen_reader,0.04064386505633587,32100,gpt2,gpt2,natural,10.376642461280849
section_heading,0.04582938449457277,6949,gpt2,gpt2,natural,8.846496938558838
semantic_html,0.04097996968775982,2595,gpt2,gpt2,natural,7.86172707782398
semantic_markup,0.02336739879101508,4776,gpt2,gpt2,natural,8.471568013389962
sensory_characteristics,0.04327736040577285,11206,gpt2,gpt2,natural,9.324293862052029
sign_language,0.025981778558343577,113936,gpt2,gpt2,natural,11.643400943040573
skip_link,0.031990956421941476,662,gpt2,gpt2,natural,6.4967749901858625
status_message,0.01874640863388773,20367,gpt2,gpt2,natural,9.921720320797188
tab_panel,0.025197066552936975,3519,gpt2,gpt2,natural,8.166216268592143
target_size,0.032731581106781864,21981,gpt2,gpt2,natural,9.997979215628845
text_alternative,0.048918689787387795,1852,gpt2,gpt2,natural,7.52456122628536
text_formatting,0.03950799871236076,28514,gpt2,gpt2,natural,10.258185543590638
text_spacing,0.03449798990041013,615,gpt2,gpt2,natural,6.423246963533519
tool_tip,0.027521007508039416,17356,gpt2,gpt2,natural,9.761751162220882
touch_target,0.03794997446238986,1114,gpt2,gpt2,natural,7.016609683894219
tree_grid,0.041123797930777035,865,gpt2,gpt2,natural,6.763884908562435
universal_design,0.03449677005410188,9030,gpt2,gpt2,natural,9.108418382250798
accessibility_tree,0.04273703526705497,1307,gpt2,gpt2,uniform,7.176254532017144
accessible_authentication,0.05963342767208809,3,gpt2,gpt2,uniform,1.3862943611198906
accessible_description,0.06592940408736458,716,gpt2,gpt2,uniform,6.57507584059962
accessible_name,0.070096668601036,1619,gpt2,gpt2,uniform,7.3901814282264295
alt_text,0.03177847666665906,23306,gpt2,gpt2,uniform,10.056509023618531
audio_description,0.045580819994211125,4691,gpt2,gpt2,uniform,8.453614209773367
character_key,0.02779477760195726,1974,gpt2,gpt2,uniform,7.5883236773352225
closed_captions,0.08682065829634662,7942,gpt2,gpt2,uniform,8.980046316633132
cognitive_disabilities,0.05205645821988572,10189,gpt2,gpt2,uniform,9.229162126216771
color_contrast,0.026142254564911104,20112,gpt2,gpt2,uniform,9.909121651153221
combo_box,0.032600740715861276,50410,gpt2,gpt2,uniform,10.827964684213782
consistent_help,0.06201139930635684,504,gpt2,gpt2,uniform,6.22455842927536
decorative_image,0.06188066713511942,749,gpt2,gpt2,uniform,6.620073206530356
drag_movement,0.03007223336026065,328,gpt2,gpt2,uniform,5.796057750765372
error_identification,0.030884203221648924,1566,gpt2,gpt2,uniform,7.356918242356021
focus_appearance,0.023623781464993943,102,gpt2,gpt2,uniform,4.634728988229636
focus_indicator,0.019643072783946933,1261,gpt2,gpt2,uniform,7.140453043101158
focus_management,0.019971760548651157,989,gpt2,gpt2,uniform,6.897704943128636
form_field,0.035848517157137334,51864,gpt2,gpt2,uniform,10.856399467865929
informative_image,0.05401436537504188,520,gpt2,gpt2,uniform,6.255750041753367
input_purpose,0.059810927323996954,53,gpt2,gpt2,uniform,3.9889840465642745
keyboard_interaction,0.03305765921249979,1073,gpt2,gpt2,uniform,6.97914527506881
keyboard_navigation,0.04378802813589566,8050,gpt2,gpt2,uniform,8.993551586299981
landmark_region,0.07015154920518395,128,gpt2,gpt2,uniform,4.859812404361672
live_region,0.08323870524764054,1112,gpt2,gpt2,uniform,7.014814351275545
low_vision,0.020258244033902823,36811,gpt2,gpt2,uniform,10.513579157958748
menu_bar,0.03724816851317877,106878,gpt2,gpt2,uniform,11.579452632439278
pointer_cancellation,0.028592402767389974,2,gpt2,gpt2,uniform,1.0986122886681098
radio_group,0.049706090800464085,6694,gpt2,gpt2,uniform,8.809116258125274
reading_order,0.0326966083608567,9225,gpt2,gpt2,uniform,9.129780864117766
redundant_entry,0.06184992380440231,205,gpt2,gpt2,uniform,5.327876168789581
responsive_design,0.05445354711264364,35628,gpt2,gpt2,uniform,10.4809151919697
screen_reader,0.04064381327480076,32100,gpt2,gpt2,uniform,10.376642461280849
section_heading,0.04582936195656652,6949,gpt2,gpt2,uniform,8.846496938558838
semantic_html,0.051764230988919684,2595,gpt2,gpt2,uniform,7.86172707782398
semantic_markup,0.027783782035112312,4776,gpt2,gpt2,uniform,8.471568013389962
sensory_characteristics,0.045911013893783006,11206,gpt2,gpt2,uniform,9.324293862052029
sign_language,0.01716562835499641,113936,gpt2,gpt2,uniform,11.643400943040573
skip_link,0.031990955956280175,662,gpt2,gpt2,uniform,6.4967749901858625
status_message,0.0187464241869747,20367,gpt2,gpt2,uniform,9.921720320797188
tab_panel,0.025197032280266266,3519,gpt2,gpt2,uniform,8.166216268592143
target_size,0.03273156676441421,21981,gpt2,gpt2,uniform,9.997979215628845
text_alternative,0.048918669484555664,1852,gpt2,gpt2,uniform,7.52456122628536
text_formatting,0.027420940902084037,28514,gpt2,gpt2,uniform,10.258185543590638
text_spacing,0.038563228957354936,615,gpt2,gpt2,uniform,6.423246963533519
tool_tip,0.027521035540848875,17356,gpt2,gpt2,uniform,9.761751162220882
touch_target,0.03794993218034499,1114,gpt2,gpt2,uniform,7.016609683894219
tree_grid,0.041123762354254675,865,gpt2,gpt2,uniform,6.763884908562435
universal_design,0.052085126563906625,9030,gpt2,gpt2,uniform,9.108418382250798
accessibility_tree,0.013773806998506109,1307,gpt2,gpt2-large,natural,7.176254532017144
accessible_authentication,0.012787561491131753,3,gpt2,gpt2-large,natural,1.3862943611198906
accessible_description,0.012394565902650319,716,gpt2,gpt2-large,natural,6.57507584059962
accessible_name,0.016110800858586873,1619,gpt2,gpt2-large,natural,7.3901814282264295
alt_text,0.008342961082234913,23306,gpt2,gpt2-large,natural,10.056509023618531
audio_description,0.01578766424208869,4691,gpt2,gpt2-large,natural,8.453614209773367
character_key,0.009858947247266714,1974,gpt2,gpt2-large,natural,7.5883236773352225
closed_captions,0.010631198622286226,7942,gpt2,gpt2-large,natural,8.980046316633132
cognitive_disabilities,0.009275432815775206,10189,gpt2,gpt2-large,natural,9.229162126216771
color_contrast,0.020208727475255577,20112,gpt2,gpt2-large,natural,9.909121651153221
combo_box,0.010471824184060058,50410,gpt2,gpt2-large,natural,10.827964684213782
consistent_help,0.0186657218262553,504,gpt2,gpt2-large,natural,6.22455842927536
decorative_image,0.018381284456699967,749,gpt2,gpt2-large,natural,6.620073206530356
drag_movement,0.017727274168282736,328,gpt2,gpt2-large,natural,5.796057750765372
error_identification,0.026292319968342748,1566,gpt2,gpt2-large,natural,7.356918242356021
focus_appearance,0.008216321887448365,102,gpt2,gpt2-large,natural,4.634728988229636
focus_indicator,0.009997844044119087,1261,gpt2,gpt2-large,natural,7.140453043101158
focus_management,0.013778380258008819,989,gpt2,gpt2-large,natural,6.897704943128636
form_field,0.011927328212186615,51864,gpt2,gpt2-large,natural,10.856399467865929
informative_image,0.020664368290454,520,gpt2,gpt2-large,natural,6.255750041753367
input_purpose,0.02280628038570281,53,gpt2,gpt2-large,natural,3.9889840465642745
keyboard_interaction,0.010388250788673725,1073,gpt2,gpt2-large,natural,6.97914527506881
keyboard_navigation,0.011132326954975619,8050,gpt2,gpt2-large,natural,8.993551586299981
landmark_region,0.014443691633641679,128,gpt2,gpt2-large,natural,4.859812404361672
live_region,0.012622358463704556,1112,gpt2,gpt2-large,natural,7.014814351275545
low_vision,0.007551456568762592,36811,gpt2,gpt2-large,natural,10.513579157958748
menu_bar,0.010185885615646722,106878,gpt2,gpt2-large,natural,11.579452632439278
pointer_cancellation,0.013387551344931052,2,gpt2,gpt2-large,natural,1.0986122886681098
radio_group,0.013425141479819915,6694,gpt2,gpt2-large,natural,8.809116258125274
reading_order,0.014334342489019027,9225,gpt2,gpt2-large,natural,9.129780864117766
redundant_entry,0.017247012071311404,205,gpt2,gpt2-large,natural,5.327876168789581
responsive_design,0.017268357984721625,35628,gpt2,gpt2-large,natural,10.4809151919697
screen_reader,0.003697740426286972,32100,gpt2,gpt2-large,natural,10.376642461280849
section_heading,0.022910499479621576,6949,gpt2,gpt2-large,natural,8.846496938558838
semantic_html,0.02108744783326979,2595,gpt2,gpt2-large,natural,7.86172707782398
semantic_markup,0.015854576602578038,4776,gpt2,gpt2-large,natural,8.471568013389962
sensory_characteristics,0.011200361791998127,11206,gpt2,gpt2-large,natural,9.324293862052029
sign_language,0.009899282688274938,113936,gpt2,gpt2-large,natural,11.643400943040573
skip_link,0.009751579025760229,662,gpt2,gpt2-large,natural,6.4967749901858625
status_message,0.009526484832167609,20367,gpt2,gpt2-large,natural,9.921720320797188
tab_panel,0.01595549406483763,3519,gpt2,gpt2-large,natural,8.166216268592143
target_size,0.010821345634758431,21981,gpt2,gpt2-large,natural,9.997979215628845
text_alternative,0.014850991033017558,1852,gpt2,gpt2-large,natural,7.52456122628536
text_formatting,0.01246059057302765,28514,gpt2,gpt2-large,natural,10.258185543590638
text_spacing,0.015443527512252303,615,gpt2,gpt2-large,natural,6.423246963533519
tool_tip,0.011388021428137952,17356,gpt2,gpt2-large,natural,9.761751162220882
touch_target,0.01412146706134079,1114,gpt2,gpt2-large,natural,7.016609683894219
tree_grid,0.008801692398264978,865,gpt2,gpt2-large,natural,6.763884908562435
universal_design,0.014818224217742624,9030,gpt2,gpt2-large,natural,9.108418382250798
accessibility_tree,0.01386010949499903,1307,gpt2,gpt2-large,uniform,7.176254532017144
accessible_authentication,0.01835817815735925,3,gpt2,gpt2-large,uniform,1.3862943611198906
accessible_description,0.010374223720282212,716,gpt2,gpt2-large,uniform,6.57507584059962
accessible_name,0.017034632060676725,1619,gpt2,gpt2-large,uniform,7.3901814282264295
alt_text,0.006568432832136662,23306,gpt2,gpt2-large,uniform,10.056509023618531
audio_description,0.015432586194947267,4691,gpt2,gpt2-large,uniform,8.453614209773367
character_key,0.009858947247266714,1974,gpt2,gpt2-large,uniform,7.5883236773352225
closed_captions,0.007976226927712542,7942,gpt2,gpt2-large,uniform,8.980046316633132
cognitive_disabilities,0.009795217122882581,10189,gpt2,gpt2-large,uniform,9.229162126216771
color_contrast,0.014944853773340466,20112,gpt2,gpt2-large,uniform,9.909121651153221
combo_box,0.010471824184060058,50410,gpt2,gpt2-large,uniform,10.827964684213782
consistent_help,0.023511277232319074,504,gpt2,gpt2-large,uniform,6.22455842927536
decorative_image,0.018381284456699967,749,gpt2,gpt2-large,uniform,6.620073206530356
drag_movement,0.017727274168282736,328,gpt2,gpt2-large,uniform,5.796057750765372
error_identification,0.008681745547801179,1566,gpt2,gpt2-large,uniform,7.356918242356021
focus_appearance,0.008216321887448365,102,gpt2,gpt2-large,uniform,4.634728988229636
focus_indicator,0.009997844044119087,1261,gpt2,gpt2-large,uniform,7.140453043101158
focus_management,0.009880787972360751,989,gpt2,gpt2-large,uniform,6.897704943128636
form_field,0.011927328212186615,51864,gpt2,gpt2-large,uniform,10.856399467865929
informative_image,0.020195662230253167,520,gpt2,gpt2-large,uniform,6.255750041753367
input_purpose,0.020199131499975872,53,gpt2,gpt2-large,uniform,3.9889840465642745
keyboard_interaction,0.010388250788673725,1073,gpt2,gpt2-large,uniform,6.97914527506881
keyboard_navigation,0.01664522038772687,8050,gpt2,gpt2-large,uniform,8.993551586299981
landmark_region,0.014443691633641679,128,gpt2,gpt2-large,uniform,4.859812404361672
live_region,0.012622358463704556,1112,gpt2,gpt2-large,uniform,7.014814351275545
low_vision,0.008493902208283487,36811,gpt2,gpt2-large,uniform,10.513579157958748
menu_bar,0.010185885615646722,106878,gpt2,gpt2-large,uniform,11.579452632439278
pointer_cancellation,0.015387274883687444,2,gpt2,gpt2-large,uniform,1.0986122886681098
radio_group,0.013425141479819915,6694,gpt2,gpt2-large,uniform,8.809116258125274
reading_order,0.00977717894129446,9225,gpt2,gpt2-large,uniform,9.129780864117766
redundant_entry,0.017247012071311404,205,gpt2,gpt2-large,uniform,5.327876168789581
responsive_design,0.016305994149297388,35628,gpt2,gpt2-large,uniform,10.4809151919697
screen_reader,0.003697740426286972,32100,gpt2,gpt2-large,uniform,10.376642461280849
section_heading,0.022910499479621576,6949,gpt2,gpt2-large,uniform,8.846496938558838
semantic_html,0.02266840264201156,2595,gpt2,gpt2-large,uniform,7.86172707782398
semantic_markup,0.01744505288079369,4776,gpt2,gpt2-large,uniform,8.471568013389962
sensory_characteristics,0.01373019726015625,11206,gpt2,gpt2-large,uniform,9.324293862052029
sign_language,0.0038989327847957283,113936,gpt2,gpt2-large,uniform,11.643400943040573
skip_link,0.009751579025760229,662,gpt2,gpt2-large,uniform,6.4967749901858625
status_message,0.009526484832167609,20367,gpt2,gpt2-large,uniform,9.921720320797188
tab_panel,0.01595549406483763,3519,gpt2,gpt2-large,uniform,8.166216268592143
target_size,0.010821345634758431,21981,gpt2,gpt2-large,uniform,9.997979215628845
text_alternative,0.014850991033017558,1852,gpt2,gpt2-large,uniform,7.52456122628536
text_formatting,0.010342083172872637,28514,gpt2,gpt2-large,uniform,10.258185543590638
text_spacing,0.011253084009513208,615,gpt2,gpt2-large,uniform,6.423246963533519
tool_tip,0.011388021428137952,17356,gpt2,gpt2-large,uniform,9.761751162220882
touch_target,0.01412146706134079,1114,gpt2,gpt2-large,uniform,7.016609683894219
tree_grid,0.008801692398264978,865,gpt2,gpt2-large,uniform,6.763884908562435
universal_design,0.02040987266227596,9030,gpt2,gpt2-large,uniform,9.108418382250798
accessibility_tree,0.014076680457219413,1307,gpt2,gpt2-medium,natural,7.176254532017144
accessible_authentication,0.02040582560002801,3,gpt2,gpt2-medium,natural,1.3862943611198906
accessible_description,0.020258276443928417,716,gpt2,gpt2-medium,natural,6.57507584059962
accessible_name,0.018991551268845722,1619,gpt2,gpt2-medium,natural,7.3901814282264295
alt_text,0.016277548577636435,23306,gpt2,gpt2-medium,natural,10.056509023618531
audio_description,0.027644851990044086,4691,gpt2,gpt2-medium,natural,8.453614209773367
character_key,0.017934971302747633,1974,gpt2,gpt2-medium,natural,7.5883236773352225
closed_captions,0.0242235222831368,7942,gpt2,gpt2-medium,natural,8.980046316633132
cognitive_disabilities,0.010505403345450713,10189,gpt2,gpt2-medium,natural,9.229162126216771
color_contrast,0.020326906535774382,20112,gpt2,gpt2-medium,natural,9.909121651153221
combo_box,0.014078676467761387,50410,gpt2,gpt2-medium,natural,10.827964684213782
consistent_help,0.018340059369802424,504,gpt2,gpt2-medium,natural,6.22455842927536
decorative_image,0.019239447358995576,749,gpt2,gpt2-medium,natural,6.620073206530356
drag_movement,0.01732149459421628,328,gpt2,gpt2-medium,natural,5.796057750765372
error_identification,0.029020879976451287,1566,gpt2,gpt2-medium,natural,7.356918242356021
focus_appearance,0.027018757443874983,102,gpt2,gpt2-medium,natural,4.634728988229636
focus_indicator,0.017958901077508787,1261,gpt2,gpt2-medium,natural,7.140453043101158
focus_management,0.02010932220146054,989,gpt2,gpt2-medium,natural,6.897704943128636
form_field,0.02115180175751436,51864,gpt2,gpt2-medium,natural,10.856399467865929
informative_image,0.03406854709610332,520,gpt2,gpt2-medium,natural,6.255750041753367
input_purpose,0.02706181677058334,53,gpt2,gpt2-medium,natural,3.9889840465642745
keyboard_interaction,0.019635354960337192,1073,gpt2,gpt2-medium,natural,6.97914527506881
keyboard_navigation,0.01226881663314991,8050,gpt2,gpt2-medium,natural,8.993551586299981
landmark_region,0.021049418020993433,128,gpt2,gpt2-medium,natural,4.859812404361672
live_region,0.03164965519681559,1112,gpt2,gpt2-medium,natural,7.014814351275545
low_vision,0.012636100547388089,36811,gpt2,gpt2-medium,natural,10.513579157958748
menu_bar,0.022702064923942035,106878,gpt2,gpt2-medium,natural,11.579452632439278
pointer_cancellation,0.01649304339662185,2,gpt2,gpt2-medium,natural,1.0986122886681098
radio_group,0.01569659425877027,6694,gpt2,gpt2-medium,natural,8.809116258125274
reading_order,0.020338096376508435,9225,gpt2,gpt2-medium,natural,9.129780864117766
redundant_entry,0.032447306811809434,205,gpt2,gpt2-medium,natural,5.327876168789581
responsive_design,0.020075385179370565,35628,gpt2,gpt2-medium,natural,10.4809151919697
screen_reader,0.00726153112482274,32100,gpt2,gpt2-medium,natural,10.376642461280849
section_heading,0.02191068697720756,6949,gpt2,gpt2-medium,natural,8.846496938558838
semantic_html,0.024559001252055155,2595,gpt2,gpt2-medium,natural,7.86172707782398
semantic_markup,0.020747717097401544,4776,gpt2,gpt2-medium,natural,8.471568013389962
sensory_characteristics,0.014729542424902292,11206,gpt2,gpt2-medium,natural,9.324293862052029
sign_language,0.00676981948781752,113936,gpt2,gpt2-medium,natural,11.643400943040573
skip_link,0.007320340909063747,662,gpt2,gpt2-medium,natural,6.4967749901858625
status_message,0.00745951849967237,20367,gpt2,gpt2-medium,natural,9.921720320797188
tab_panel,0.011126719834282928,3519,gpt2,gpt2-medium,natural,8.166216268592143
target_size,0.016603282792493592,21981,gpt2,gpt2-medium,natural,9.997979215628845
text_alternative,0.022383733652531962,1852,gpt2,gpt2-medium,natural,7.52456122628536
text_formatting,0.01328832376748319,28514,gpt2,gpt2-medium,natural,10.258185543590638
text_spacing,0.012906605424359407,615,gpt2,gpt2-medium,natural,6.423246963533519
tool_tip,0.015954923676326796,17356,gpt2,gpt2-medium,natural,9.761751162220882
touch_target,0.012853362690657304,1114,gpt2,gpt2-medium,natural,7.016609683894219
tree_grid,0.016152727324515566,865,gpt2,gpt2-medium,natural,6.763884908562435
universal_design,0.01769966036081306,9030,gpt2,gpt2-medium,natural,9.108418382250798
accessibility_tree,0.013864164473488864,1307,gpt2,gpt2-medium,uniform,7.176254532017144
accessible_authentication,0.02387308701872821,3,gpt2,gpt2-medium,uniform,1.3862943611198906
accessible_description,0.01839316636323924,716,gpt2,gpt2-medium,uniform,6.57507584059962
accessible_name,0.019268560083582905,1619,gpt2,gpt2-medium,uniform,7.3901814282264295
alt_text,0.01524596703238779,23306,gpt2,gpt2-medium,uniform,10.056509023618531
audio_description,0.025512340106070015,4691,gpt2,gpt2-medium,uniform,8.453614209773367
character_key,0.017934955004602588,1974,gpt2,gpt2-medium,uniform,7.5883236773352225
closed_captions,0.033892309572547484,7942,gpt2,gpt2-medium,uniform,8.980046316633132
cognitive_disabilities,0.010722741950303285,10189,gpt2,gpt2-medium,uniform,9.229162126216771
color_contrast,0.016711309412494255,20112,gpt2,gpt2-medium,uniform,9.909121651153221
combo_box,0.014078683964908058,50410,gpt2,gpt2-medium,uniform,10.827964684213782
consistent_help,0.02564969900995488,504,gpt2,gpt2-medium,uniform,6.22455842927536
decorative_image,0.019239434506744042,749,gpt2,gpt2-medium,uniform,6.620073206530356
drag_movement,0.017321501486003317,328,gpt2,gpt2-medium,uniform,5.796057750765372
error_identification,0.014397504925727774,1566,gpt2,gpt2-medium,uniform,7.356918242356021
focus_appearance,0.027018790040165122,102,gpt2,gpt2-medium,uniform,4.634728988229636
focus_indicator,0.017958898050710492,1261,gpt2,gpt2-medium,uniform,7.140453043101158
focus_management,0.012203817022964263,989,gpt2,gpt2-medium,uniform,6.897704943128636
form_field,0.021151798497885385,51864,gpt2,gpt2-medium,uniform,10.856399467865929
informative_image,0.033000644855201086,520,gpt2,gpt2-medium,uniform,6.255750041753367
input_purpose,0.0257605579681694,53,gpt2,gpt2-medium,uniform,3.9889840465642745
keyboard_interaction,0.01963535198010494,1073,gpt2,gpt2-medium,uniform,6.97914527506881
keyboard_navigation,0.026160000171512238,8050,gpt2,gpt2-medium,uniform,8.993551586299981
landmark_region,0.021049423143267562,128,gpt2,gpt2-medium,uniform,4.859812404361672
live_region,0.03164966311305746,1112,gpt2,gpt2-medium,uniform,7.014814351275545
low_vision,0.008592469827271928,36811,gpt2,gpt2-medium,uniform,10.513579157958748
menu_bar,0.022702083550393538,106878,gpt2,gpt2-medium,uniform,11.579452632439278
pointer_cancellation,0.021042799856513594,2,gpt2,gpt2-medium,uniform,1.0986122886681098
radio_group,0.015696613909676634,6694,gpt2,gpt2-medium,uniform,8.809116258125274
reading_order,0.01227346747182304,9225,gpt2,gpt2-medium,uniform,9.129780864117766
redundant_entry,0.03244728362187731,205,gpt2,gpt2-medium,uniform,5.327876168789581
responsive_design,0.01775415111333124,35628,gpt2,gpt2-medium,uniform,10.4809151919697
screen_reader,0.0072615345008671004,32100,gpt2,gpt2-medium,uniform,10.376642461280849
section_heading,0.02191069256514306,6949,gpt2,gpt2-medium,uniform,8.846496938558838
semantic_html,0.022902385238558007,2595,gpt2,gpt2-medium,uniform,7.86172707782398
semantic_markup,0.014403906930237907,4776,gpt2,gpt2-medium,uniform,8.471568013389962
sensory_characteristics,0.02027882989495983,11206,gpt2,gpt2-medium,uniform,9.324293862052029
sign_language,0.00352396086091172,113936,gpt2,gpt2-medium,uniform,11.643400943040573
skip_link,0.007320339372381522,662,gpt2,gpt2-medium,uniform,6.4967749901858625
status_message,0.007459513703361076,20367,gpt2,gpt2-medium,uniform,9.921720320797188
tab_panel,0.011126725981011948,3519,gpt2,gpt2-medium,uniform,8.166216268592143
target_size,0.016603292198851618,21981,gpt2,gpt2-medium,uniform,9.997979215628845
text_alternative,0.022383684478700018,1852,gpt2,gpt2-medium,uniform,7.52456122628536
text_formatting,0.014378447551280201,28514,gpt2,gpt2-medium,uniform,10.258185543590638
text_spacing,0.023045183252543174,615,gpt2,gpt2-medium,uniform,6.423246963533519
tool_tip,0.01595493266358962,17356,gpt2,gpt2-medium,uniform,9.761751162220882
touch_target,0.012853352492675134,1114,gpt2,gpt2-medium,uniform,7.016609683894219
tree_grid,0.016152736265212235,865,gpt2,gpt2-medium,uniform,6.763884908562435
universal_design,0.0221667999401688,9030,gpt2,gpt2-medium,uniform,9.108418382250798
accessibility_tree,0.007231007958762311,1307,gpt2,gpt2-xl,natural,7.176254532017144
accessible_authentication,0.0067740693921222745,3,gpt2,gpt2-xl,natural,1.3862943611198906
accessible_description,0.008334863651543779,716,gpt2,gpt2-xl,natural,6.57507584059962
accessible_name,0.006830007815733513,1619,gpt2,gpt2-xl,natural,7.3901814282264295
alt_text,0.007495587971061382,23306,gpt2,gpt2-xl,natural,10.056509023618531
audio_description,0.008173089148476632,4691,gpt2,gpt2-xl,natural,8.453614209773367
character_key,0.007092794706113617,1974,gpt2,gpt2-xl,natural,7.5883236773352225
closed_captions,0.005973782506771337,7942,gpt2,gpt2-xl,natural,8.980046316633132
cognitive_disabilities,0.0038443823345005396,10189,gpt2,gpt2-xl,natural,9.229162126216771
color_contrast,0.008916168473660882,20112,gpt2,gpt2-xl,natural,9.909121651153221
combo_box,0.0058246650267391575,50410,gpt2,gpt2-xl,natural,10.827964684213782
consistent_help,0.0057972161332144655,504,gpt2,gpt2-xl,natural,6.22455842927536
decorative_image,0.00732746259309347,749,gpt2,gpt2-xl,natural,6.620073206530356
drag_movement,0.0050271635875104624,328,gpt2,gpt2-xl,natural,5.796057750765372
error_identification,0.012798232398927124,1566,gpt2,gpt2-xl,natural,7.356918242356021
focus_appearance,0.005049441452138089,102,gpt2,gpt2-xl,natural,4.634728988229636
focus_indicator,0.0057946084765716785,1261,gpt2,gpt2-xl,natural,7.140453043101158
focus_management,0.008368021668866257,989,gpt2,gpt2-xl,natural,6.897704943128636
form_field,0.0069074846571311,51864,gpt2,gpt2-xl,natural,10.856399467865929
informative_image,0.006428749416954797,520,gpt2,gpt2-xl,natural,6.255750041753367
input_purpose,0.009379843762144386,53,gpt2,gpt2-xl,natural,3.9889840465642745
keyboard_interaction,0.0075014009140431165,1073,gpt2,gpt2-xl,natural,6.97914527506881
keyboard_navigation,0.006789366877637741,8050,gpt2,gpt2-xl,natural,8.993551586299981
landmark_region,0.004018380492925567,128,gpt2,gpt2-xl,natural,4.859812404361672
live_region,0.006257808301597727,1112,gpt2,gpt2-xl,natural,7.014814351275545
low_vision,0.004213333525694877,36811,gpt2,gpt2-xl,natural,10.513579157958748
menu_bar,0.0065606930525972705,106878,gpt2,gpt2-xl,natural,11.579452632439278
pointer_cancellation,0.007553770369850009,2,gpt2,gpt2-xl,natural,1.0986122886681098
radio_group,0.0059329009614884345,6694,gpt2,gpt2-xl,natural,8.809116258125274
reading_order,0.008817357430234485,9225,gpt2,gpt2-xl,natural,9.129780864117766
redundant_entry,0.007467766338959235,205,gpt2,gpt2-xl,natural,5.327876168789581
responsive_design,0.008720510918647001,35628,gpt2,gpt2-xl,natural,10.4809151919697
screen_reader,0.0033967363531700883,32100,gpt2,gpt2-xl,natural,10.376642461280849
section_heading,0.004111546766944149,6949,gpt2,gpt2-xl,natural,8.846496938558838
semantic_html,0.009758184663951359,2595,gpt2,gpt2-xl,natural,7.86172707782398
semantic_markup,0.006537163164466603,4776,gpt2,gpt2-xl,natural,8.471568013389962
sensory_characteristics,0.010734626278281083,11206,gpt2,gpt2-xl,natural,9.324293862052029
sign_language,0.0033239566255360733,113936,gpt2,gpt2-xl,natural,11.643400943040573
skip_link,0.007360011502169062,662,gpt2,gpt2-xl,natural,6.4967749901858625
status_message,0.005055927368812207,20367,gpt2,gpt2-xl,natural,9.921720320797188
tab_panel,0.004521183623000935,3519,gpt2,gpt2-xl,natural,8.166216268592143
target_size,0.0039442145498468735,21981,gpt2,gpt2-xl,natural,9.997979215628845
text_alternative,0.006805087416432755,1852,gpt2,gpt2-xl,natural,7.52456122628536
text_formatting,0.008082492137327764,28514,gpt2,gpt2-xl,natural,10.258185543590638
text_spacing,0.0074886720394715485,615,gpt2,gpt2-xl,natural,6.423246963533519
tool_tip,0.004908501263707855,17356,gpt2,gpt2-xl,natural,9.761751162220882
touch_target,0.005410663853399438,1114,gpt2,gpt2-xl,natural,7.016609683894219
tree_grid,0.006461298069916581,865,gpt2,gpt2-xl,natural,6.763884908562435
universal_design,0.007429065858013877,9030,gpt2,gpt2-xl,natural,9.108418382250798
accessibility_tree,0.007568431412801123,1307,gpt2,gpt2-xl,uniform,7.176254532017144
accessible_authentication,0.006942187109962021,3,gpt2,gpt2-xl,uniform,1.3862943611198906
accessible_description,0.008657561289146494,716,gpt2,gpt2-xl,uniform,6.57507584059962
accessible_name,0.006169878598302514,1619,gpt2,gpt2-xl,uniform,7.3901814282264295
alt_text,0.004781260131858244,23306,gpt2,gpt2-xl,uniform,10.056509023618531
audio_description,0.00778550426475698,4691,gpt2,gpt2-xl,uniform,8.453614209773367
character_key,0.007092794706113617,1974,gpt2,gpt2-xl,uniform,7.5883236773352225
closed_captions,0.0032818347332067054,7942,gpt2,gpt2-xl,uniform,8.980046316633132
cognitive_disabilities,0.0045642932876943975,10189,gpt2,gpt2-xl,uniform,9.229162126216771
color_contrast,0.0067548139952122695,20112,gpt2,gpt2-xl,uniform,9.909121651153221
combo_box,0.0058246650267391575,50410,gpt2,gpt2-xl,uniform,10.827964684213782
consistent_help,0.005679371207952416,504,gpt2,gpt2-xl,uniform,6.22455842927536
decorative_image,0.00732746259309347,749,gpt2,gpt2-xl,uniform,6.620073206530356
drag_movement,0.0050271635875104624,328,gpt2,gpt2-xl,uniform,5.796057750765372
error_identification,0.005210112361237377,1566,gpt2,gpt2-xl,uniform,7.356918242356021
focus_appearance,0.005049441452138089,102,gpt2,gpt2-xl,uniform,4.634728988229636
focus_indicator,0.0057946084765716785,1261,gpt2,gpt2-xl,uniform,7.140453043101158
focus_management,0.004985076026059645,989,gpt2,gpt2-xl,uniform,6.897704943128636
form_field,0.0069074846571311,51864,gpt2,gpt2-xl,uniform,10.856399467865929
informative_image,0.005883672647178074,520,gpt2,gpt2-xl,uniform,6.255750041753367
input_purpose,0.00932456180453297,53,gpt2,gpt2-xl,uniform,3.9889840465642745
keyboard_interaction,0.0075014009140431165,1073,gpt2,gpt2-xl,uniform,6.97914527506881
keyboard_navigation,0.010912824049591957,8050,gpt2,gpt2-xl,uniform,8.993551586299981
landmark_region,0.004018380492925567,128,gpt2,gpt2-xl,uniform,4.859812404361672
live_region,0.006257808301597727,1112,gpt2,gpt2-xl,uniform,7.014814351275545
low_vision,0.0023455824586562143,36811,gpt2,gpt2-xl,uniform,10.513579157958748
menu_bar,0.0065606930525972705,106878,gpt2,gpt2-xl,uniform,11.579452632439278
pointer_cancellation,0.007636929955333413,2,gpt2,gpt2-xl,uniform,1.0986122886681098
radio_group,0.0059329009614884345,6694,gpt2,gpt2-xl,uniform,8.809116258125274
reading_order,0.004768311139196084,9225,gpt2,gpt2-xl,uniform,9.129780864117766
redundant_entry,0.007467766338959235,205,gpt2,gpt2-xl,uniform,5.327876168789581
responsive_design,0.009111558878794295,35628,gpt2,gpt2-xl,uniform,10.4809151919697
screen_reader,0.0033967363531700883,32100,gpt2,gpt2-xl,uniform,10.376642461280849
section_heading,0.004111546766944149,6949,gpt2,gpt2-xl,uniform,8.846496938558838
semantic_html,0.014592423243448078,2595,gpt2,gpt2-xl,uniform,7.86172707782398
semantic_markup,0.008436230802908444,4776,gpt2,gpt2-xl,uniform,8.471568013389962
sensory_characteristics,0.00676148282364006,11206,gpt2,gpt2-xl,uniform,9.324293862052029
sign_language,0.0039649663260205885,113936,gpt2,gpt2-xl,uniform,11.643400943040573
skip_link,0.007360011502169062,662,gpt2,gpt2-xl,uniform,6.4967749901858625
status_message,0.005055927368812207,20367,gpt2,gpt2-xl,uniform,9.921720320797188
tab_panel,0.004521183623000935,3519,gpt2,gpt2-xl,uniform,8.166216268592143
target_size,0.0039442145498468735,21981,gpt2,gpt2-xl,uniform,9.997979215628845
text_alternative,0.006805087416432755,1852,gpt2,gpt2-xl,uniform,7.52456122628536
text_formatting,0.007800548919476471,28514,gpt2,gpt2-xl,uniform,10.258185543590638
text_spacing,0.005898380372673244,615,gpt2,gpt2-xl,uniform,6.423246963533519
tool_tip,0.004908501263707855,17356,gpt2,gpt2-xl,uniform,9.761751162220882
touch_target,0.005410663853399438,1114,gpt2,gpt2-xl,uniform,7.016609683894219
tree_grid,0.006461298069916581,865,gpt2,gpt2-xl,uniform,6.763884908562435
universal_design,0.0071547170868142594,9030,gpt2,gpt2-xl,uniform,9.108418382250798
accessibility_tree,0.09272381514310829,1307,olmo,OLMo-2-0425-1B,natural,7.176254532017144
accessible_authentication,0.13480116501450537,3,olmo,OLMo-2-0425-1B,natural,1.3862943611198906
accessible_description,0.08168551288545121,716,olmo,OLMo-2-0425-1B,natural,6.57507584059962
accessible_name,0.111139328405261,1619,olmo,OLMo-2-0425-1B,natural,7.3901814282264295
alt_text,0.058503399603068724,23306,olmo,OLMo-2-0425-1B,natural,10.056509023618531
audio_description,0.0890991318970918,4691,olmo,OLMo-2-0425-1B,natural,8.453614209773367
character_key,0.097820409014821,1974,olmo,OLMo-2-0425-1B,natural,7.5883236773352225
closed_captions,0.1331795714795589,7942,olmo,OLMo-2-0425-1B,natural,8.980046316633132
cognitive_disabilities,0.11288217380642881,10189,olmo,OLMo-2-0425-1B,natural,9.229162126216771
color_contrast,0.15900151655077918,20112,olmo,OLMo-2-0425-1B,natural,9.909121651153221
combo_box,0.09855473004281516,50410,olmo,OLMo-2-0425-1B,natural,10.827964684213782
consistent_help,0.12805013060569753,504,olmo,OLMo-2-0425-1B,natural,6.22455842927536
decorative_image,0.12032819949090474,749,olmo,OLMo-2-0425-1B,natural,6.620073206530356
drag_movement,0.1319190867245197,328,olmo,OLMo-2-0425-1B,natural,5.796057750765372
error_identification,0.17773791849613185,1566,olmo,OLMo-2-0425-1B,natural,7.356918242356021
focus_appearance,0.10985092930495738,102,olmo,OLMo-2-0425-1B,natural,4.634728988229636
focus_indicator,0.09656402505934228,1261,olmo,OLMo-2-0425-1B,natural,7.140453043101158
focus_management,0.1694960467517375,989,olmo,OLMo-2-0425-1B,natural,6.897704943128636
form_field,0.08664281703531741,51864,olmo,OLMo-2-0425-1B,natural,10.856399467865929
informative_image,0.11738377101719369,520,olmo,OLMo-2-0425-1B,natural,6.255750041753367
input_purpose,0.10493054054677481,53,olmo,OLMo-2-0425-1B,natural,3.9889840465642745
keyboard_interaction,0.09444647878408421,1073,olmo,OLMo-2-0425-1B,natural,6.97914527506881
keyboard_navigation,0.14666316285729397,8050,olmo,OLMo-2-0425-1B,natural,8.993551586299981
landmark_region,0.13904476091265675,128,olmo,OLMo-2-0425-1B,natural,4.859812404361672
live_region,0.14116370752453802,1112,olmo,OLMo-2-0425-1B,natural,7.014814351275545
low_vision,0.16488387957215303,36811,olmo,OLMo-2-0425-1B,natural,10.513579157958748
menu_bar,0.09403018392622464,106878,olmo,OLMo-2-0425-1B,natural,11.579452632439278
pointer_cancellation,0.17589446008205403,2,olmo,OLMo-2-0425-1B,natural,1.0986122886681098
radio_group,0.1352790229022502,6694,olmo,OLMo-2-0425-1B,natural,8.809116258125274
reading_order,0.1771691411733627,9225,olmo,OLMo-2-0425-1B,natural,9.129780864117766
redundant_entry,0.12419787086546413,205,olmo,OLMo-2-0425-1B,natural,5.327876168789581
responsive_design,0.16268967688083644,35628,olmo,OLMo-2-0425-1B,natural,10.4809151919697
screen_reader,0.0635799888521432,32100,olmo,OLMo-2-0425-1B,natural,10.376642461280849
section_heading,0.07261797562241552,6949,olmo,OLMo-2-0425-1B,natural,8.846496938558838
semantic_html,0.14846687987446783,2595,olmo,OLMo-2-0425-1B,natural,7.86172707782398
semantic_markup,0.12262207679450499,4776,olmo,OLMo-2-0425-1B,natural,8.471568013389962
sensory_characteristics,0.09476464539766304,11206,olmo,OLMo-2-0425-1B,natural,9.324293862052029
sign_language,0.12749762833118436,113936,olmo,OLMo-2-0425-1B,natural,11.643400943040573
skip_link,0.11972282826900477,662,olmo,OLMo-2-0425-1B,natural,6.4967749901858625
status_message,0.07665951736271373,20367,olmo,OLMo-2-0425-1B,natural,9.921720320797188
tab_panel,0.0847483083605766,3519,olmo,OLMo-2-0425-1B,natural,8.166216268592143
target_size,0.11864956393837923,21981,olmo,OLMo-2-0425-1B,natural,9.997979215628845
text_alternative,0.1061848320066928,1852,olmo,OLMo-2-0425-1B,natural,7.52456122628536
text_formatting,0.13380375280976284,28514,olmo,OLMo-2-0425-1B,natural,10.258185543590638
text_spacing,0.13973487466573703,615,olmo,OLMo-2-0425-1B,natural,6.423246963533519
tool_tip,0.10039991885423658,17356,olmo,OLMo-2-0425-1B,natural,9.761751162220882
touch_target,0.0875976376235485,1114,olmo,OLMo-2-0425-1B,natural,7.016609683894219
tree_grid,0.10207812301814553,865,olmo,OLMo-2-0425-1B,natural,6.763884908562435
universal_design,0.13956323787569985,9030,olmo,OLMo-2-0425-1B,natural,9.108418382250798
accessibility_tree,0.09207599423825732,1307,olmo,OLMo-2-0425-1B,uniform,7.176254532017144
accessible_authentication,0.09170950539410107,3,olmo,OLMo-2-0425-1B,uniform,1.3862943611198906
accessible_description,0.08639240190386763,716,olmo,OLMo-2-0425-1B,uniform,6.57507584059962
accessible_name,0.1080728374421596,1619,olmo,OLMo-2-0425-1B,uniform,7.3901814282264295
alt_text,0.1368471451103686,23306,olmo,OLMo-2-0425-1B,uniform,10.056509023618531
audio_description,0.08375575505197037,4691,olmo,OLMo-2-0425-1B,uniform,8.453614209773367
character_key,0.097820409014821,1974,olmo,OLMo-2-0425-1B,uniform,7.5883236773352225
closed_captions,0.10486686751246449,7942,olmo,OLMo-2-0425-1B,uniform,8.980046316633132
cognitive_disabilities,0.08449346870183938,10189,olmo,OLMo-2-0425-1B,uniform,9.229162126216771
color_contrast,0.08061650879681102,20112,olmo,OLMo-2-0425-1B,uniform,9.909121651153221
combo_box,0.09855473004281516,50410,olmo,OLMo-2-0425-1B,uniform,10.827964684213782
consistent_help,0.13963454365730274,504,olmo,OLMo-2-0425-1B,uniform,6.22455842927536
decorative_image,0.12032819949090474,749,olmo,OLMo-2-0425-1B,uniform,6.620073206530356
drag_movement,0.1319190867245197,328,olmo,OLMo-2-0425-1B,uniform,5.796057750765372
error_identification,0.11698498129844663,1566,olmo,OLMo-2-0425-1B,uniform,7.356918242356021
focus_appearance,0.10985092930495738,102,olmo,OLMo-2-0425-1B,uniform,4.634728988229636
focus_indicator,0.09656402505934228,1261,olmo,OLMo-2-0425-1B,uniform,7.140453043101158
focus_management,0.11535693481564513,989,olmo,OLMo-2-0425-1B,uniform,6.897704943128636
form_field,0.08664281703531741,51864,olmo,OLMo-2-0425-1B,uniform,10.856399467865929
informative_image,0.11656766124069681,520,olmo,OLMo-2-0425-1B,uniform,6.255750041753367
input_purpose,0.12035391032695766,53,olmo,OLMo-2-0425-1B,uniform,3.9889840465642745
keyboard_interaction,0.09444647878408421,1073,olmo,OLMo-2-0425-1B,uniform,6.97914527506881
keyboard_navigation,0.10801608785986895,8050,olmo,OLMo-2-0425-1B,uniform,8.993551586299981
landmark_region,0.13904476091265675,128,olmo,OLMo-2-0425-1B,uniform,4.859812404361672
live_region,0.14116370752453802,1112,olmo,OLMo-2-0425-1B,uniform,7.014814351275545
low_vision,0.07900658436119548,36811,olmo,OLMo-2-0425-1B,uniform,10.513579157958748
menu_bar,0.09403018392622464,106878,olmo,OLMo-2-0425-1B,uniform,11.579452632439278
pointer_cancellation,0.10614679642021649,2,olmo,OLMo-2-0425-1B,uniform,1.0986122886681098
radio_group,0.1352790229022502,6694,olmo,OLMo-2-0425-1B,uniform,8.809116258125274
reading_order,0.06826117858290662,9225,olmo,OLMo-2-0425-1B,uniform,9.129780864117766
redundant_entry,0.12419787086546413,205,olmo,OLMo-2-0425-1B,uniform,5.327876168789581
responsive_design,0.10549773499369612,35628,olmo,OLMo-2-0425-1B,uniform,10.4809151919697
screen_reader,0.0635799888521432,32100,olmo,OLMo-2-0425-1B,uniform,10.376642461280849
section_heading,0.07261797562241552,6949,olmo,OLMo-2-0425-1B,uniform,8.846496938558838
semantic_html,0.12319936677813521,2595,olmo,OLMo-2-0425-1B,uniform,7.86172707782398
semantic_markup,0.0881185106933116,4776,olmo,OLMo-2-0425-1B,uniform,8.471568013389962
sensory_characteristics,0.1005336470901965,11206,olmo,OLMo-2-0425-1B,uniform,9.324293862052029
sign_language,0.0829803351312875,113936,olmo,OLMo-2-0425-1B,uniform,11.643400943040573
skip_link,0.11972282826900477,662,olmo,OLMo-2-0425-1B,uniform,6.4967749901858625
status_message,0.07665951736271373,20367,olmo,OLMo-2-0425-1B,uniform,9.921720320797188
tab_panel,0.0847483083605766,3519,olmo,OLMo-2-0425-1B,uniform,8.166216268592143
target_size,0.11864956393837923,21981,olmo,OLMo-2-0425-1B,uniform,9.997979215628845
text_alternative,0.1061848320066928,1852,olmo,OLMo-2-0425-1B,uniform,7.52456122628536
text_formatting,0.09709239564836018,28514,olmo,OLMo-2-0425-1B,uniform,10.258185543590638
text_spacing,0.07911838851869096,615,olmo,OLMo-2-0425-1B,uniform,6.423246963533519
tool_tip,0.10039991885423658,17356,olmo,OLMo-2-0425-1B,uniform,9.761751162220882
touch_target,0.0875976376235485,1114,olmo,OLMo-2-0425-1B,uniform,7.016609683894219
tree_grid,0.10207812301814553,865,olmo,OLMo-2-0425-1B,uniform,6.763884908562435
universal_design,0.1050723813474178,9030,olmo,OLMo-2-0425-1B,uniform,9.108418382250798
accessibility_tree,0.07903243526816366,1307,olmo,OLMo-2-1124-13B,natural,7.176254532017144
accessible_authentication,0.15802417770028107,3,olmo,OLMo-2-1124-13B,natural,1.3862943611198906
accessible_description,0.08955394364893433,716,olmo,OLMo-2-1124-13B,natural,6.57507584059962
accessible_name,0.06318100206553934,1619,olmo,OLMo-2-1124-13B,natural,7.3901814282264295
alt_text,0.058351844176649854,23306,olmo,OLMo-2-1124-13B,natural,10.056509023618531
audio_description,0.07077175043523296,4691,olmo,OLMo-2-1124-13B,natural,8.453614209773367
character_key,0.09010626561939715,1974,olmo,OLMo-2-1124-13B,natural,7.5883236773352225
closed_captions,0.08003552779555285,7942,olmo,OLMo-2-1124-13B,natural,8.980046316633132
cognitive_disabilities,0.07952201329171643,10189,olmo,OLMo-2-1124-13B,natural,9.229162126216771
color_contrast,0.11272121220827085,20112,olmo,OLMo-2-1124-13B,natural,9.909121651153221
combo_box,0.06779737472534128,50410,olmo,OLMo-2-1124-13B,natural,10.827964684213782
consistent_help,0.10180227123200883,504,olmo,OLMo-2-1124-13B,natural,6.22455842927536
decorative_image,0.1034252323210238,749,olmo,OLMo-2-1124-13B,natural,6.620073206530356
drag_movement,0.11584995388984665,328,olmo,OLMo-2-1124-13B,natural,5.796057750765372
error_identification,0.12778080627322194,1566,olmo,OLMo-2-1124-13B,natural,7.356918242356021
focus_appearance,0.11628592945635302,102,olmo,OLMo-2-1124-13B,natural,4.634728988229636
focus_indicator,0.09337915740907189,1261,olmo,OLMo-2-1124-13B,natural,7.140453043101158
focus_management,0.12531808912754006,989,olmo,OLMo-2-1124-13B,natural,6.897704943128636
form_field,0.07708135880529866,51864,olmo,OLMo-2-1124-13B,natural,10.856399467865929
informative_image,0.08209970593452454,520,olmo,OLMo-2-1124-13B,natural,6.255750041753367
input_purpose,0.11828956417739382,53,olmo,OLMo-2-1124-13B,natural,3.9889840465642745
keyboard_interaction,0.0889020569622512,1073,olmo,OLMo-2-1124-13B,natural,6.97914527506881
keyboard_navigation,0.10750816762447339,8050,olmo,OLMo-2-1124-13B,natural,8.993551586299981
landmark_region,0.09496270455420007,128,olmo,OLMo-2-1124-13B,natural,4.859812404361672
live_region,0.07077804058790177,1112,olmo,OLMo-2-1124-13B,natural,7.014814351275545
low_vision,0.09938891120254932,36811,olmo,OLMo-2-1124-13B,natural,10.513579157958748
menu_bar,0.12128558382391907,106878,olmo,OLMo-2-1124-13B,natural,11.579452632439278
pointer_cancellation,0.13983331546187375,2,olmo,OLMo-2-1124-13B,natural,1.0986122886681098
radio_group,0.103159538656473,6694,olmo,OLMo-2-1124-13B,natural,8.809116258125274
reading_order,0.13443924635648685,9225,olmo,OLMo-2-1124-13B,natural,9.129780864117766
redundant_entry,0.09508533850312226,205,olmo,OLMo-2-1124-13B,natural,5.327876168789581
responsive_design,0.1483091376721857,35628,olmo,OLMo-2-1124-13B,natural,10.4809151919697
screen_reader,0.07045444175600982,32100,olmo,OLMo-2-1124-13B,natural,10.376642461280849
section_heading,0.07729001902043818,6949,olmo,OLMo-2-1124-13B,natural,8.846496938558838
semantic_html,0.169577048718929,2595,olmo,OLMo-2-1124-13B,natural,7.86172707782398
semantic_markup,0.1459159463644027,4776,olmo,OLMo-2-1124-13B,natural,8.471568013389962
sensory_characteristics,0.06232602018862962,11206,olmo,OLMo-2-1124-13B,natural,9.324293862052029
sign_language,0.06879708804190152,113936,olmo,OLMo-2-1124-13B,natural,11.643400943040573
skip_link,0.06572855226695534,662,olmo,OLMo-2-1124-13B,natural,6.4967749901858625
status_message,0.07872605696320525,20367,olmo,OLMo-2-1124-13B,natural,9.921720320797188
tab_panel,0.071761605888605,3519,olmo,OLMo-2-1124-13B,natural,8.166216268592143
target_size,0.11509804166853417,21981,olmo,OLMo-2-1124-13B,natural,9.997979215628845
text_alternative,0.07747919037938111,1852,olmo,OLMo-2-1124-13B,natural,7.52456122628536
text_formatting,0.11039466410875311,28514,olmo,OLMo-2-1124-13B,natural,10.258185543590638
text_spacing,0.09942583590745917,615,olmo,OLMo-2-1124-13B,natural,6.423246963533519
tool_tip,0.07738529108464708,17356,olmo,OLMo-2-1124-13B,natural,9.761751162220882
touch_target,0.07482618913054456,1114,olmo,OLMo-2-1124-13B,natural,7.016609683894219
tree_grid,0.10842873863875847,865,olmo,OLMo-2-1124-13B,natural,6.763884908562435
universal_design,0.11022648401558387,9030,olmo,OLMo-2-1124-13B,natural,9.108418382250798
accessibility_tree,0.07406534589827042,1307,olmo,OLMo-2-1124-13B,uniform,7.176254532017144
accessible_authentication,0.09262724034488148,3,olmo,OLMo-2-1124-13B,uniform,1.3862943611198906
accessible_description,0.08469120040535917,716,olmo,OLMo-2-1124-13B,uniform,6.57507584059962
accessible_name,0.06918384395539758,1619,olmo,OLMo-2-1124-13B,uniform,7.3901814282264295
alt_text,0.07205930314958087,23306,olmo,OLMo-2-1124-13B,uniform,10.056509023618531
audio_description,0.08128336779773229,4691,olmo,OLMo-2-1124-13B,uniform,8.453614209773367
character_key,0.09010626561939715,1974,olmo,OLMo-2-1124-13B,uniform,7.5883236773352225
closed_captions,0.06756470128893845,7942,olmo,OLMo-2-1124-13B,uniform,8.980046316633132
cognitive_disabilities,0.08440971113741387,10189,olmo,OLMo-2-1124-13B,uniform,9.229162126216771
color_contrast,0.08904866278171518,20112,olmo,OLMo-2-1124-13B,uniform,9.909121651153221
combo_box,0.06779737472534128,50410,olmo,OLMo-2-1124-13B,uniform,10.827964684213782
consistent_help,0.08683953918516629,504,olmo,OLMo-2-1124-13B,uniform,6.22455842927536
decorative_image,0.1034252323210238,749,olmo,OLMo-2-1124-13B,uniform,6.620073206530356
drag_movement,0.11584995388984665,328,olmo,OLMo-2-1124-13B,uniform,5.796057750765372
error_identification,0.08541554957628239,1566,olmo,OLMo-2-1124-13B,uniform,7.356918242356021
focus_appearance,0.11628592945635302,102,olmo,OLMo-2-1124-13B,uniform,4.634728988229636
focus_indicator,0.09337915740907189,1261,olmo,OLMo-2-1124-13B,uniform,7.140453043101158
focus_management,0.10036865472793562,989,olmo,OLMo-2-1124-13B,uniform,6.897704943128636
form_field,0.07708135880529866,51864,olmo,OLMo-2-1124-13B,uniform,10.856399467865929
informative_image,0.0809954743832348,520,olmo,OLMo-2-1124-13B,uniform,6.255750041753367
input_purpose,0.14692801907658568,53,olmo,OLMo-2-1124-13B,uniform,3.9889840465642745
keyboard_interaction,0.0889020569622512,1073,olmo,OLMo-2-1124-13B,uniform,6.97914527506881
keyboard_navigation,0.10203087031841249,8050,olmo,OLMo-2-1124-13B,uniform,8.993551586299981
landmark_region,0.09496270455420007,128,olmo,OLMo-2-1124-13B,uniform,4.859812404361672
live_region,0.07077804058790177,1112,olmo,OLMo-2-1124-13B,uniform,7.014814351275545
low_vision,0.06835472062230102,36811,olmo,OLMo-2-1124-13B,uniform,10.513579157958748
menu_bar,0.12128558382391907,106878,olmo,OLMo-2-1124-13B,uniform,11.579452632439278
pointer_cancellation,0.07502927631139751,2,olmo,OLMo-2-1124-13B,uniform,1.0986122886681098
radio_group,0.103159538656473,6694,olmo,OLMo-2-1124-13B,uniform,8.809116258125274
reading_order,0.0699606556445357,9225,olmo,OLMo-2-1124-13B,uniform,9.129780864117766
redundant_entry,0.09508533850312226,205,olmo,OLMo-2-1124-13B,uniform,5.327876168789581
responsive_design,0.11904200501739942,35628,olmo,OLMo-2-1124-13B,uniform,10.4809151919697
screen_reader,0.07045444175600982,32100,olmo,OLMo-2-1124-13B,uniform,10.376642461280849
section_heading,0.07729001902043818,6949,olmo,OLMo-2-1124-13B,uniform,8.846496938558838
semantic_html,0.12271728590130776,2595,olmo,OLMo-2-1124-13B,uniform,7.86172707782398
semantic_markup,0.128640425950288,4776,olmo,OLMo-2-1124-13B,uniform,8.471568013389962
sensory_characteristics,0.09337800703942767,11206,olmo,OLMo-2-1124-13B,uniform,9.324293862052029
sign_language,0.07376727685332246,113936,olmo,OLMo-2-1124-13B,uniform,11.643400943040573
skip_link,0.06572855226695534,662,olmo,OLMo-2-1124-13B,uniform,6.4967749901858625
status_message,0.07872605696320525,20367,olmo,OLMo-2-1124-13B,uniform,9.921720320797188
tab_panel,0.071761605888605,3519,olmo,OLMo-2-1124-13B,uniform,8.166216268592143
target_size,0.11509804166853417,21981,olmo,OLMo-2-1124-13B,uniform,9.997979215628845
text_alternative,0.07747919037938111,1852,olmo,OLMo-2-1124-13B,uniform,7.52456122628536
text_formatting,0.10122103989124298,28514,olmo,OLMo-2-1124-13B,uniform,10.258185543590638
text_spacing,0.08085465207695955,615,olmo,OLMo-2-1124-13B,uniform,6.423246963533519
tool_tip,0.07738529108464708,17356,olmo,OLMo-2-1124-13B,uniform,9.761751162220882
touch_target,0.07482618913054456,1114,olmo,OLMo-2-1124-13B,uniform,7.016609683894219
tree_grid,0.10842873863875847,865,olmo,OLMo-2-1124-13B,uniform,6.763884908562435
universal_design,0.08671580255031551,9030,olmo,OLMo-2-1124-13B,uniform,9.108418382250798
accessibility_tree,0.04852219428867101,1307,olmo,OLMo-2-1124-7B,natural,7.176254532017144
accessible_authentication,0.1048343729227781,3,olmo,OLMo-2-1124-7B,natural,1.3862943611198906
accessible_description,0.05589914768934241,716,olmo,OLMo-2-1124-7B,natural,6.57507584059962
accessible_name,0.04979057181626562,1619,olmo,OLMo-2-1124-7B,natural,7.3901814282264295
alt_text,0.03544260729104279,23306,olmo,OLMo-2-1124-7B,natural,10.056509023618531
audio_description,0.044915671646594935,4691,olmo,OLMo-2-1124-7B,natural,8.453614209773367
character_key,0.06570567898452277,1974,olmo,OLMo-2-1124-7B,natural,7.5883236773352225
closed_captions,0.06808800138533111,7942,olmo,OLMo-2-1124-7B,natural,8.980046316633132
cognitive_disabilities,0.042944914288818886,10189,olmo,OLMo-2-1124-7B,natural,9.229162126216771
color_contrast,0.08788184672594065,20112,olmo,OLMo-2-1124-7B,natural,9.909121651153221
combo_box,0.03691823240369553,50410,olmo,OLMo-2-1124-7B,natural,10.827964684213782
consistent_help,0.07140862569212914,504,olmo,OLMo-2-1124-7B,natural,6.22455842927536
decorative_image,0.04451545085757966,749,olmo,OLMo-2-1124-7B,natural,6.620073206530356
drag_movement,0.06647758260369296,328,olmo,OLMo-2-1124-7B,natural,5.796057750765372
error_identification,0.09685693830251692,1566,olmo,OLMo-2-1124-7B,natural,7.356918242356021
focus_appearance,0.06386249363422387,102,olmo,OLMo-2-1124-7B,natural,4.634728988229636
focus_indicator,0.04232065454125406,1261,olmo,OLMo-2-1124-7B,natural,7.140453043101158
focus_management,0.08305837251245975,989,olmo,OLMo-2-1124-7B,natural,6.897704943128636
form_field,0.047296037897467606,51864,olmo,OLMo-2-1124-7B,natural,10.856399467865929
informative_image,0.07542347311973567,520,olmo,OLMo-2-1124-7B,natural,6.255750041753367
input_purpose,0.08864802755415434,53,olmo,OLMo-2-1124-7B,natural,3.9889840465642745
keyboard_interaction,0.05930955484509462,1073,olmo,OLMo-2-1124-7B,natural,6.97914527506881
keyboard_navigation,0.08638951480388637,8050,olmo,OLMo-2-1124-7B,natural,8.993551586299981
landmark_region,0.06587428376078602,128,olmo,OLMo-2-1124-7B,natural,4.859812404361672
live_region,0.050276426598429645,1112,olmo,OLMo-2-1124-7B,natural,7.014814351275545
low_vision,0.06286033336073166,36811,olmo,OLMo-2-1124-7B,natural,10.513579157958748
menu_bar,0.06310545802116391,106878,olmo,OLMo-2-1124-7B,natural,11.579452632439278
pointer_cancellation,0.13510132133960728,2,olmo,OLMo-2-1124-7B,natural,1.0986122886681098
radio_group,0.06648753583431241,6694,olmo,OLMo-2-1124-7B,natural,8.809116258125274
reading_order,0.10411472767591473,9225,olmo,OLMo-2-1124-7B,natural,9.129780864117766
redundant_entry,0.07459569685161112,205,olmo,OLMo-2-1124-7B,natural,5.327876168789581
responsive_design,0.14545801132917408,35628,olmo,OLMo-2-1124-7B,natural,10.4809151919697
screen_reader,0.03333390802145004,32100,olmo,OLMo-2-1124-7B,natural,10.376642461280849
section_heading,0.045636920817196315,6949,olmo,OLMo-2-1124-7B,natural,8.846496938558838
semantic_html,0.1121023181825876,2595,olmo,OLMo-2-1124-7B,natural,7.86172707782398
semantic_markup,0.08110946118831634,4776,olmo,OLMo-2-1124-7B,natural,8.471568013389962
sensory_characteristics,0.042757321335375256,11206,olmo,OLMo-2-1124-7B,natural,9.324293862052029
sign_language,0.05033649262040851,113936,olmo,OLMo-2-1124-7B,natural,11.643400943040573
skip_link,0.06702183969318865,662,olmo,OLMo-2-1124-7B,natural,6.4967749901858625
status_message,0.03714922443032269,20367,olmo,OLMo-2-1124-7B,natural,9.921720320797188
tab_panel,0.03931247852742681,3519,olmo,OLMo-2-1124-7B,natural,8.166216268592143
target_size,0.070698943734169,21981,olmo,OLMo-2-1124-7B,natural,9.997979215628845
text_alternative,0.05115815959870814,1852,olmo,OLMo-2-1124-7B,natural,7.52456122628536
text_formatting,0.08173215948045251,28514,olmo,OLMo-2-1124-7B,natural,10.258185543590638
text_spacing,0.07462222278118132,615,olmo,OLMo-2-1124-7B,natural,6.423246963533519
tool_tip,0.0642462056130171,17356,olmo,OLMo-2-1124-7B,natural,9.761751162220882
touch_target,0.04054974913597107,1114,olmo,OLMo-2-1124-7B,natural,7.016609683894219
tree_grid,0.05321053396910424,865,olmo,OLMo-2-1124-7B,natural,6.763884908562435
universal_design,0.1003718521445989,9030,olmo,OLMo-2-1124-7B,natural,9.108418382250798
accessibility_tree,0.04783937260508536,1307,olmo,OLMo-2-1124-7B,uniform,7.176254532017144
accessible_authentication,0.06779964193701744,3,olmo,OLMo-2-1124-7B,uniform,1.3862943611198906
accessible_description,0.05674211066216236,716,olmo,OLMo-2-1124-7B,uniform,6.57507584059962
accessible_name,0.04775171726942054,1619,olmo,OLMo-2-1124-7B,uniform,7.3901814282264295
alt_text,0.059183367155492314,23306,olmo,OLMo-2-1124-7B,uniform,10.056509023618531
audio_description,0.040283418633043744,4691,olmo,OLMo-2-1124-7B,uniform,8.453614209773367
character_key,0.06570567898452277,1974,olmo,OLMo-2-1124-7B,uniform,7.5883236773352225
closed_captions,0.046631900966167365,7942,olmo,OLMo-2-1124-7B,uniform,8.980046316633132
cognitive_disabilities,0.04560985546559093,10189,olmo,OLMo-2-1124-7B,uniform,9.229162126216771
color_contrast,0.05024378597736351,20112,olmo,OLMo-2-1124-7B,uniform,9.909121651153221
combo_box,0.03691823240369553,50410,olmo,OLMo-2-1124-7B,uniform,10.827964684213782
consistent_help,0.06209757830947638,504,olmo,OLMo-2-1124-7B,uniform,6.22455842927536
decorative_image,0.04451545085757966,749,olmo,OLMo-2-1124-7B,uniform,6.620073206530356
drag_movement,0.06647758260369296,328,olmo,OLMo-2-1124-7B,uniform,5.796057750765372
error_identification,0.0662231892347336,1566,olmo,OLMo-2-1124-7B,uniform,7.356918242356021
focus_appearance,0.06386249363422387,102,olmo,OLMo-2-1124-7B,uniform,4.634728988229636
focus_indicator,0.04232065454125406,1261,olmo,OLMo-2-1124-7B,uniform,7.140453043101158
focus_management,0.048586791753768926,989,olmo,OLMo-2-1124-7B,uniform,6.897704943128636
form_field,0.047296037897467606,51864,olmo,OLMo-2-1124-7B,uniform,10.856399467865929
informative_image,0.06651947945356364,520,olmo,OLMo-2-1124-7B,uniform,6.255750041753367
input_purpose,0.07660076357424253,53,olmo,OLMo-2-1124-7B,uniform,3.9889840465642745
keyboard_interaction,0.05930955484509462,1073,olmo,OLMo-2-1124-7B,uniform,6.97914527506881
keyboard_navigation,0.03701043948531155,8050,olmo,OLMo-2-1124-7B,uniform,8.993551586299981
landmark_region,0.06587428376078602,128,olmo,OLMo-2-1124-7B,uniform,4.859812404361672
live_region,0.050276426598429645,1112,olmo,OLMo-2-1124-7B,uniform,7.014814351275545
low_vision,0.030873191542923402,36811,olmo,OLMo-2-1124-7B,uniform,10.513579157958748
menu_bar,0.06310545802116391,106878,olmo,OLMo-2-1124-7B,uniform,11.579452632439278
pointer_cancellation,0.04703576713800425,2,olmo,OLMo-2-1124-7B,uniform,1.0986122886681098
radio_group,0.06648753583431241,6694,olmo,OLMo-2-1124-7B,uniform,8.809116258125274
reading_order,0.051176537200808496,9225,olmo,OLMo-2-1124-7B,uniform,9.129780864117766
redundant_entry,0.07459569685161112,205,olmo,OLMo-2-1124-7B,uniform,5.327876168789581
responsive_design,0.09655144400894639,35628,olmo,OLMo-2-1124-7B,uniform,10.4809151919697
screen_reader,0.03333390802145004,32100,olmo,OLMo-2-1124-7B,uniform,10.376642461280849
section_heading,0.045636920817196315,6949,olmo,OLMo-2-1124-7B,uniform,8.846496938558838
semantic_html,0.07133059054613117,2595,olmo,OLMo-2-1124-7B,uniform,7.86172707782398
semantic_markup,0.06221232078969484,4776,olmo,OLMo-2-1124-7B,uniform,8.471568013389962
sensory_characteristics,0.054798804782331,11206,olmo,OLMo-2-1124-7B,uniform,9.324293862052029
sign_language,0.03310081008821728,113936,olmo,OLMo-2-1124-7B,uniform,11.643400943040573
skip_link,0.06702183969318865,662,olmo,OLMo-2-1124-7B,uniform,6.4967749901858625
status_message,0.03714922443032269,20367,olmo,OLMo-2-1124-7B,uniform,9.921720320797188
tab_panel,0.03931247852742681,3519,olmo,OLMo-2-1124-7B,uniform,8.166216268592143
target_size,0.070698943734169,21981,olmo,OLMo-2-1124-7B,uniform,9.997979215628845
text_alternative,0.05115815959870814,1852,olmo,OLMo-2-1124-7B,uniform,7.52456122628536
text_formatting,0.04944178406149153,28514,olmo,OLMo-2-1124-7B,uniform,10.258185543590638
text_spacing,0.04698203541338437,615,olmo,OLMo-2-1124-7B,uniform,6.423246963533519
tool_tip,0.0642462056130171,17356,olmo,OLMo-2-1124-7B,uniform,9.761751162220882
touch_target,0.04054974913597107,1114,olmo,OLMo-2-1124-7B,uniform,7.016609683894219
tree_grid,0.05321053396910424,865,olmo,OLMo-2-1124-7B,uniform,6.763884908562435
universal_design,0.07050633542239668,9030,olmo,OLMo-2-1124-7B,uniform,9.108418382250798
accessibility_tree,0.001886621763696859,1307,pythia,pythia-12b,natural,7.176254532017144
accessible_authentication,0.0009089928789762491,3,pythia,pythia-12b,natural,1.3862943611198906
accessible_description,0.0006480781739810072,716,pythia,pythia-12b,natural,6.57507584059962
accessible_name,0.0026801112922839074,1619,pythia,pythia-12b,natural,7.3901814282264295
alt_text,0.0020659242407417852,23306,pythia,pythia-12b,natural,10.056509023618531
audio_description,0.001709401485277294,4691,pythia,pythia-12b,natural,8.453614209773367
character_key,0.0016229081258642825,1974,pythia,pythia-12b,natural,7.5883236773352225
closed_captions,0.00034713833883860993,7942,pythia,pythia-12b,natural,8.980046316633132
cognitive_disabilities,0.00047306283377101496,10189,pythia,pythia-12b,natural,9.229162126216771
color_contrast,0.0009462821210035584,20112,pythia,pythia-12b,natural,9.909121651153221
combo_box,0.0006509926752186699,50410,pythia,pythia-12b,natural,10.827964684213782
consistent_help,0.002163758338428977,504,pythia,pythia-12b,natural,6.22455842927536
decorative_image,0.0028068090090527624,749,pythia,pythia-12b,natural,6.620073206530356
drag_movement,0.0034995893947779655,328,pythia,pythia-12b,natural,5.796057750765372
error_identification,0.0006374126503941894,1566,pythia,pythia-12b,natural,7.356918242356021
focus_appearance,0.0026462269132025112,102,pythia,pythia-12b,natural,4.634728988229636
focus_indicator,0.0006001608999213144,1261,pythia,pythia-12b,natural,7.140453043101158
focus_management,0.0007777163322316349,989,pythia,pythia-12b,natural,6.897704943128636
form_field,0.0015835236350539633,51864,pythia,pythia-12b,natural,10.856399467865929
informative_image,0.003261120745446485,520,pythia,pythia-12b,natural,6.255750041753367
input_purpose,0.00293555040843784,53,pythia,pythia-12b,natural,3.9889840465642745
keyboard_interaction,0.003488385828677525,1073,pythia,pythia-12b,natural,6.97914527506881
keyboard_navigation,0.004938555671833442,8050,pythia,pythia-12b,natural,8.993551586299981
landmark_region,0.0023732965230009533,128,pythia,pythia-12b,natural,4.859812404361672
live_region,0.002565613971091734,1112,pythia,pythia-12b,natural,7.014814351275545
low_vision,0.00047126889694479383,36811,pythia,pythia-12b,natural,10.513579157958748
menu_bar,0.0023090061848051483,106878,pythia,pythia-12b,natural,11.579452632439278
pointer_cancellation,0.0015607121633364827,2,pythia,pythia-12b,natural,1.0986122886681098
radio_group,0.0010596724750939017,6694,pythia,pythia-12b,natural,8.809116258125274
reading_order,0.000729005018365473,9225,pythia,pythia-12b,natural,9.129780864117766
redundant_entry,0.0023668125388211867,205,pythia,pythia-12b,natural,5.327876168789581
responsive_design,0.0023112534894607177,35628,pythia,pythia-12b,natural,10.4809151919697
screen_reader,0.000738847375032479,32100,pythia,pythia-12b,natural,10.376642461280849
section_heading,0.0008191074593923,6949,pythia,pythia-12b,natural,8.846496938558838
semantic_html,0.003642039559781461,2595,pythia,pythia-12b,natural,7.86172707782398
semantic_markup,0.0023817070061340163,4776,pythia,pythia-12b,natural,8.471568013389962
sensory_characteristics,0.0003842304242424874,11206,pythia,pythia-12b,natural,9.324293862052029
sign_language,0.000378571213514035,113936,pythia,pythia-12b,natural,11.643400943040573
skip_link,0.004092342732474192,662,pythia,pythia-12b,natural,6.4967749901858625
status_message,0.0007155214028897731,20367,pythia,pythia-12b,natural,9.921720320797188
tab_panel,0.0018873370252549184,3519,pythia,pythia-12b,natural,8.166216268592143
target_size,0.0009948530292603272,21981,pythia,pythia-12b,natural,9.997979215628845
text_alternative,0.0023610464413649592,1852,pythia,pythia-12b,natural,7.52456122628536
text_formatting,0.002894125343300324,28514,pythia,pythia-12b,natural,10.258185543590638
text_spacing,0.0006071287149097003,615,pythia,pythia-12b,natural,6.423246963533519
tool_tip,0.0013885448512154955,17356,pythia,pythia-12b,natural,9.761751162220882
touch_target,0.0030708529753609624,1114,pythia,pythia-12b,natural,7.016609683894219
tree_grid,0.0012871527636888799,865,pythia,pythia-12b,natural,6.763884908562435
universal_design,0.0016839164891279497,9030,pythia,pythia-12b,natural,9.108418382250798
accessibility_tree,0.001654782815603502,1307,pythia,pythia-12b,uniform,7.176254532017144
accessible_authentication,0.0015308858593925466,3,pythia,pythia-12b,uniform,1.3862943611198906
accessible_description,0.000795941182877816,716,pythia,pythia-12b,uniform,6.57507584059962
accessible_name,0.002404698508325878,1619,pythia,pythia-12b,uniform,7.3901814282264295
alt_text,0.0010314518003724385,23306,pythia,pythia-12b,uniform,10.056509023618531
audio_description,0.0015887950605246884,4691,pythia,pythia-12b,uniform,8.453614209773367
character_key,0.0016229081258642825,1974,pythia,pythia-12b,uniform,7.5883236773352225
closed_captions,0.00046813107474005816,7942,pythia,pythia-12b,uniform,8.980046316633132
cognitive_disabilities,0.0024779657484031398,10189,pythia,pythia-12b,uniform,9.229162126216771
color_contrast,0.0012284181197173586,20112,pythia,pythia-12b,uniform,9.909121651153221
combo_box,0.0006509926752186699,50410,pythia,pythia-12b,uniform,10.827964684213782
consistent_help,0.002007637219503462,504,pythia,pythia-12b,uniform,6.22455842927536
decorative_image,0.0028068090090527624,749,pythia,pythia-12b,uniform,6.620073206530356
drag_movement,0.0034995893947779655,328,pythia,pythia-12b,uniform,5.796057750765372
error_identification,0.000985118461539924,1566,pythia,pythia-12b,uniform,7.356918242356021
focus_appearance,0.0026462269132025112,102,pythia,pythia-12b,uniform,4.634728988229636
focus_indicator,0.0006001608999213144,1261,pythia,pythia-12b,uniform,7.140453043101158
focus_management,0.0013220885128248192,989,pythia,pythia-12b,uniform,6.897704943128636
form_field,0.0015835236350539633,51864,pythia,pythia-12b,uniform,10.856399467865929
informative_image,0.0035056964843533205,520,pythia,pythia-12b,uniform,6.255750041753367
input_purpose,0.00280624189181251,53,pythia,pythia-12b,uniform,3.9889840465642745
keyboard_interaction,0.003488385828677525,1073,pythia,pythia-12b,uniform,6.97914527506881
keyboard_navigation,0.003685200458858093,8050,pythia,pythia-12b,uniform,8.993551586299981
landmark_region,0.0023732965230009533,128,pythia,pythia-12b,uniform,4.859812404361672
live_region,0.002565613971091734,1112,pythia,pythia-12b,uniform,7.014814351275545
low_vision,0.00017981665223478995,36811,pythia,pythia-12b,uniform,10.513579157958748
menu_bar,0.0023090061848051483,106878,pythia,pythia-12b,uniform,11.579452632439278
pointer_cancellation,0.0018302698852494044,2,pythia,pythia-12b,uniform,1.0986122886681098
radio_group,0.0010596724750939017,6694,pythia,pythia-12b,uniform,8.809116258125274
reading_order,0.0005841389734995694,9225,pythia,pythia-12b,uniform,9.129780864117766
redundant_entry,0.0023668125388211867,205,pythia,pythia-12b,uniform,5.327876168789581
responsive_design,0.0018727897433563898,35628,pythia,pythia-12b,uniform,10.4809151919697
screen_reader,0.000738847375032479,32100,pythia,pythia-12b,uniform,10.376642461280849
section_heading,0.0008191074593923,6949,pythia,pythia-12b,uniform,8.846496938558838
semantic_html,0.0055255511077120685,2595,pythia,pythia-12b,uniform,7.86172707782398
semantic_markup,0.001981163141317599,4776,pythia,pythia-12b,uniform,8.471568013389962
sensory_characteristics,0.0017892192874568737,11206,pythia,pythia-12b,uniform,9.324293862052029
sign_language,0.0009578903438522418,113936,pythia,pythia-12b,uniform,11.643400943040573
skip_link,0.004092342732474192,662,pythia,pythia-12b,uniform,6.4967749901858625
status_message,0.0007155214028897731,20367,pythia,pythia-12b,uniform,9.921720320797188
tab_panel,0.0018873370252549184,3519,pythia,pythia-12b,uniform,8.166216268592143
target_size,0.0009948530292603272,21981,pythia,pythia-12b,uniform,9.997979215628845
text_alternative,0.0023610464413649592,1852,pythia,pythia-12b,uniform,7.52456122628536
text_formatting,0.0018157223123124973,28514,pythia,pythia-12b,uniform,10.258185543590638
text_spacing,0.0008344468835275509,615,pythia,pythia-12b,uniform,6.423246963533519
tool_tip,0.0013885448512154955,17356,pythia,pythia-12b,uniform,9.761751162220882
touch_target,0.0030708529753609624,1114,pythia,pythia-12b,uniform,7.016609683894219
tree_grid,0.0012871527636888799,865,pythia,pythia-12b,uniform,6.763884908562435
universal_design,0.0011431812949012628,9030,pythia,pythia-12b,uniform,9.108418382250798
accessibility_tree,0.02682160399854181,1307,pythia,pythia-160m,natural,7.176254532017144
accessible_authentication,0.048592181317508185,3,pythia,pythia-160m,natural,1.3862943611198906
accessible_description,0.03224324693437654,716,pythia,pythia-160m,natural,6.57507584059962
accessible_name,0.07490213662385935,1619,pythia,pythia-160m,natural,7.3901814282264295
alt_text,0.00166962565272107,23306,pythia,pythia-160m,natural,10.056509023618531
audio_description,0.07068759799003588,4691,pythia,pythia-160m,natural,8.453614209773367
character_key,0.05376817714422938,1974,pythia,pythia-160m,natural,7.5883236773352225
closed_captions,0.008111352077685248,7942,pythia,pythia-160m,natural,8.980046316633132
cognitive_disabilities,0.0024239588412455714,10189,pythia,pythia-160m,natural,9.229162126216771
color_contrast,0.06956844609230753,20112,pythia,pythia-160m,natural,9.909121651153221
combo_box,0.0368456494063138,50410,pythia,pythia-160m,natural,10.827964684213782
consistent_help,0.05922281034290783,504,pythia,pythia-160m,natural,6.22455842927536
decorative_image,0.04304033517837516,749,pythia,pythia-160m,natural,6.620073206530356
drag_movement,0.02365745780989524,328,pythia,pythia-160m,natural,5.796057750765372
error_identification,0.07080051731318229,1566,pythia,pythia-160m,natural,7.356918242356021
focus_appearance,0.04735438823699946,102,pythia,pythia-160m,natural,4.634728988229636
focus_indicator,0.008700620429590295,1261,pythia,pythia-160m,natural,7.140453043101158
focus_management,0.009180726250633547,989,pythia,pythia-160m,natural,6.897704943128636
form_field,0.025782363070175007,51864,pythia,pythia-160m,natural,10.856399467865929
informative_image,0.07702996768057342,520,pythia,pythia-160m,natural,6.255750041753367
input_purpose,0.07860300987958901,53,pythia,pythia-160m,natural,3.9889840465642745
keyboard_interaction,0.036180362291633975,1073,pythia,pythia-160m,natural,6.97914527506881
keyboard_navigation,0.03641162822023021,8050,pythia,pythia-160m,natural,8.993551586299981
landmark_region,0.07075902149081223,128,pythia,pythia-160m,natural,4.859812404361672
live_region,0.07236245609819879,1112,pythia,pythia-160m,natural,7.014814351275545
low_vision,0.021935112029314016,36811,pythia,pythia-160m,natural,10.513579157958748
menu_bar,0.06547985114157194,106878,pythia,pythia-160m,natural,11.579452632439278
pointer_cancellation,0.049755636695772334,2,pythia,pythia-160m,natural,1.0986122886681098
radio_group,0.02186751719564193,6694,pythia,pythia-160m,natural,8.809116258125274
reading_order,0.07297208905220026,9225,pythia,pythia-160m,natural,9.129780864117766
redundant_entry,0.08050607778131953,205,pythia,pythia-160m,natural,5.327876168789581
responsive_design,0.008013743138872043,35628,pythia,pythia-160m,natural,10.4809151919697
screen_reader,0.052864716202020594,32100,pythia,pythia-160m,natural,10.376642461280849
section_heading,0.012851886311545931,6949,pythia,pythia-160m,natural,8.846496938558838
semantic_html,0.055734338611364315,2595,pythia,pythia-160m,natural,7.86172707782398
semantic_markup,0.05976591110229486,4776,pythia,pythia-160m,natural,8.471568013389962
sensory_characteristics,0.005236674798652488,11206,pythia,pythia-160m,natural,9.324293862052029
sign_language,0.008925146050751174,113936,pythia,pythia-160m,natural,11.643400943040573
skip_link,0.0329224790912121,662,pythia,pythia-160m,natural,6.4967749901858625
status_message,0.027343327831476843,20367,pythia,pythia-160m,natural,9.921720320797188
tab_panel,0.009162949887104248,3519,pythia,pythia-160m,natural,8.166216268592143
target_size,0.05472438875585783,21981,pythia,pythia-160m,natural,9.997979215628845
text_alternative,0.04501883760094635,1852,pythia,pythia-160m,natural,7.52456122628536
text_formatting,0.04485981594771141,28514,pythia,pythia-160m,natural,10.258185543590638
text_spacing,0.0134855390526354,615,pythia,pythia-160m,natural,6.423246963533519
tool_tip,0.048121814802288984,17356,pythia,pythia-160m,natural,9.761751162220882
touch_target,0.05127416159957639,1114,pythia,pythia-160m,natural,7.016609683894219
tree_grid,0.03198600364848966,865,pythia,pythia-160m,natural,6.763884908562435
universal_design,0.011204401217400989,9030,pythia,pythia-160m,natural,9.108418382250798
accessibility_tree,0.035226739011704825,1307,pythia,pythia-160m,uniform,7.176254532017144
accessible_authentication,0.05941874440759415,3,pythia,pythia-160m,uniform,1.3862943611198906
accessible_description,0.004321293416432984,716,pythia,pythia-160m,uniform,6.57507584059962
accessible_name,0.07627315148711201,1619,pythia,pythia-160m,uniform,7.3901814282264295
alt_text,0.012917537847533788,23306,pythia,pythia-160m,uniform,10.056509023618531
audio_description,0.05046571772545567,4691,pythia,pythia-160m,uniform,8.453614209773367
character_key,0.05376817714422938,1974,pythia,pythia-160m,uniform,7.5883236773352225
closed_captions,0.06381628774106494,7942,pythia,pythia-160m,uniform,8.980046316633132
cognitive_disabilities,0.04644173197448252,10189,pythia,pythia-160m,uniform,9.229162126216771
color_contrast,0.018394690752029368,20112,pythia,pythia-160m,uniform,9.909121651153221
combo_box,0.0368456494063138,50410,pythia,pythia-160m,uniform,10.827964684213782
consistent_help,0.07317452244460573,504,pythia,pythia-160m,uniform,6.22455842927536
decorative_image,0.04304033517837516,749,pythia,pythia-160m,uniform,6.620073206530356
drag_movement,0.02365745780989524,328,pythia,pythia-160m,uniform,5.796057750765372
error_identification,0.06733290422707786,1566,pythia,pythia-160m,uniform,7.356918242356021
focus_appearance,0.04735438823699946,102,pythia,pythia-160m,uniform,4.634728988229636
focus_indicator,0.008700620429590295,1261,pythia,pythia-160m,uniform,7.140453043101158
focus_management,0.0006233011838048293,989,pythia,pythia-160m,uniform,6.897704943128636
form_field,0.025782363070175007,51864,pythia,pythia-160m,uniform,10.856399467865929
informative_image,0.07354074064642185,520,pythia,pythia-160m,uniform,6.255750041753367
input_purpose,0.07092093322426071,53,pythia,pythia-160m,uniform,3.9889840465642745
keyboard_interaction,0.036180362291633975,1073,pythia,pythia-160m,uniform,6.97914527506881
keyboard_navigation,0.05538297574967137,8050,pythia,pythia-160m,uniform,8.993551586299981
landmark_region,0.07075902149081223,128,pythia,pythia-160m,uniform,4.859812404361672
live_region,0.07236245609819879,1112,pythia,pythia-160m,uniform,7.014814351275545
low_vision,0.003515687468461625,36811,pythia,pythia-160m,uniform,10.513579157958748
menu_bar,0.06547985114157194,106878,pythia,pythia-160m,uniform,11.579452632439278
pointer_cancellation,0.02864943295717231,2,pythia,pythia-160m,uniform,1.0986122886681098
radio_group,0.02186751719564193,6694,pythia,pythia-160m,uniform,8.809116258125274
reading_order,0.05791526474058619,9225,pythia,pythia-160m,uniform,9.129780864117766
redundant_entry,0.08050607778131953,205,pythia,pythia-160m,uniform,5.327876168789581
responsive_design,0.03345016497187307,35628,pythia,pythia-160m,uniform,10.4809151919697
screen_reader,0.052864716202020594,32100,pythia,pythia-160m,uniform,10.376642461280849
section_heading,0.012851886311545931,6949,pythia,pythia-160m,uniform,8.846496938558838
semantic_html,0.06477389372885219,2595,pythia,pythia-160m,uniform,7.86172707782398
semantic_markup,0.056265440210699916,4776,pythia,pythia-160m,uniform,8.471568013389962
sensory_characteristics,0.04894583430141208,11206,pythia,pythia-160m,uniform,9.324293862052029
sign_language,0.004160609835525893,113936,pythia,pythia-160m,uniform,11.643400943040573
skip_link,0.0329224790912121,662,pythia,pythia-160m,uniform,6.4967749901858625
status_message,0.027343327831476843,20367,pythia,pythia-160m,uniform,9.921720320797188
tab_panel,0.009162949887104248,3519,pythia,pythia-160m,uniform,8.166216268592143
target_size,0.05472438875585783,21981,pythia,pythia-160m,uniform,9.997979215628845
text_alternative,0.04501883760094635,1852,pythia,pythia-160m,uniform,7.52456122628536
text_formatting,0.015514955203980156,28514,pythia,pythia-160m,uniform,10.258185543590638
text_spacing,0.03685619262978427,615,pythia,pythia-160m,uniform,6.423246963533519
tool_tip,0.048121814802288984,17356,pythia,pythia-160m,uniform,9.761751162220882
touch_target,0.05127416159957639,1114,pythia,pythia-160m,uniform,7.016609683894219
tree_grid,0.03198600364848966,865,pythia,pythia-160m,uniform,6.763884908562435
universal_design,0.06662046220153561,9030,pythia,pythia-160m,uniform,9.108418382250798
accessibility_tree,0.028792501054704073,1307,pythia,pythia-1b,natural,7.176254532017144
accessible_authentication,0.034000602923333546,3,pythia,pythia-1b,natural,1.3862943611198906
accessible_description,0.04522619023919102,716,pythia,pythia-1b,natural,6.57507584059962
accessible_name,0.034204236976802305,1619,pythia,pythia-1b,natural,7.3901814282264295
alt_text,0.01731206672266118,23306,pythia,pythia-1b,natural,10.056509023618531
audio_description,0.04995321054011577,4691,pythia,pythia-1b,natural,8.453614209773367
character_key,0.03435048684477796,1974,pythia,pythia-1b,natural,7.5883236773352225
closed_captions,0.010684528294950679,7942,pythia,pythia-1b,natural,8.980046316633132
cognitive_disabilities,0.027129808533936726,10189,pythia,pythia-1b,natural,9.229162126216771
color_contrast,0.02504762103781097,20112,pythia,pythia-1b,natural,9.909121651153221
combo_box,0.01593612972646945,50410,pythia,pythia-1b,natural,10.827964684213782
consistent_help,0.07072268500924105,504,pythia,pythia-1b,natural,6.22455842927536
decorative_image,0.04794869236648075,749,pythia,pythia-1b,natural,6.620073206530356
drag_movement,0.04001264404505475,328,pythia,pythia-1b,natural,5.796057750765372
error_identification,0.047446892969310206,1566,pythia,pythia-1b,natural,7.356918242356021
focus_appearance,0.026177895441651288,102,pythia,pythia-1b,natural,4.634728988229636
focus_indicator,0.01967549724504349,1261,pythia,pythia-1b,natural,7.140453043101158
focus_management,0.02821210380643597,989,pythia,pythia-1b,natural,6.897704943128636
form_field,0.021722151618450775,51864,pythia,pythia-1b,natural,10.856399467865929
informative_image,0.03709007501602164,520,pythia,pythia-1b,natural,6.255750041753367
input_purpose,0.036952393874525924,53,pythia,pythia-1b,natural,3.9889840465642745
keyboard_interaction,0.03854836057871578,1073,pythia,pythia-1b,natural,6.97914527506881
keyboard_navigation,0.02870117537677273,8050,pythia,pythia-1b,natural,8.993551586299981
landmark_region,0.02911346843466151,128,pythia,pythia-1b,natural,4.859812404361672
live_region,0.02854868359863754,1112,pythia,pythia-1b,natural,7.014814351275545
low_vision,0.012938187317922695,36811,pythia,pythia-1b,natural,10.513579157958748
menu_bar,0.03144512707367528,106878,pythia,pythia-1b,natural,11.579452632439278
pointer_cancellation,0.03267933018505568,2,pythia,pythia-1b,natural,1.0986122886681098
radio_group,0.019205550570040936,6694,pythia,pythia-1b,natural,8.809116258125274
reading_order,0.03117301454767577,9225,pythia,pythia-1b,natural,9.129780864117766
redundant_entry,0.03297465667128558,205,pythia,pythia-1b,natural,5.327876168789581
responsive_design,0.04105576109141101,35628,pythia,pythia-1b,natural,10.4809151919697
screen_reader,0.01160365859977895,32100,pythia,pythia-1b,natural,10.376642461280849
section_heading,0.034018743224441914,6949,pythia,pythia-1b,natural,8.846496938558838
semantic_html,0.052245459891855583,2595,pythia,pythia-1b,natural,7.86172707782398
semantic_markup,0.026786871999502127,4776,pythia,pythia-1b,natural,8.471568013389962
sensory_characteristics,0.022795638628303905,11206,pythia,pythia-1b,natural,9.324293862052029
sign_language,0.02052030712366095,113936,pythia,pythia-1b,natural,11.643400943040573
skip_link,0.020841388497501553,662,pythia,pythia-1b,natural,6.4967749901858625
status_message,0.025436394009739023,20367,pythia,pythia-1b,natural,9.921720320797188
tab_panel,0.02000581165775648,3519,pythia,pythia-1b,natural,8.166216268592143
target_size,0.03072455814108248,21981,pythia,pythia-1b,natural,9.997979215628845
text_alternative,0.037479098327457896,1852,pythia,pythia-1b,natural,7.52456122628536
text_formatting,0.03297192845493554,28514,pythia,pythia-1b,natural,10.258185543590638
text_spacing,0.031047872081398913,615,pythia,pythia-1b,natural,6.423246963533519
tool_tip,0.028006156720220967,17356,pythia,pythia-1b,natural,9.761751162220882
touch_target,0.05423629041761154,1114,pythia,pythia-1b,natural,7.016609683894219
tree_grid,0.023420452699065144,865,pythia,pythia-1b,natural,6.763884908562435
universal_design,0.02235519262030713,9030,pythia,pythia-1b,natural,9.108418382250798
accessibility_tree,0.022672967519611047,1307,pythia,pythia-1b,uniform,7.176254532017144
accessible_authentication,0.0318071874789892,3,pythia,pythia-1b,uniform,1.3862943611198906
accessible_description,0.030599923245608705,716,pythia,pythia-1b,uniform,6.57507584059962
accessible_name,0.030547837633639524,1619,pythia,pythia-1b,uniform,7.3901814282264295
alt_text,0.015625216998159865,23306,pythia,pythia-1b,uniform,10.056509023618531
audio_description,0.04193312097340817,4691,pythia,pythia-1b,uniform,8.453614209773367
character_key,0.03435048684477796,1974,pythia,pythia-1b,uniform,7.5883236773352225
closed_captions,0.024494612589478444,7942,pythia,pythia-1b,uniform,8.980046316633132
cognitive_disabilities,0.029321538377553136,10189,pythia,pythia-1b,uniform,9.229162126216771
color_contrast,0.04890899006277314,20112,pythia,pythia-1b,uniform,9.909121651153221
combo_box,0.01593612972646945,50410,pythia,pythia-1b,uniform,10.827964684213782
consistent_help,0.035886054672300695,504,pythia,pythia-1b,uniform,6.22455842927536
decorative_image,0.04794869236648075,749,pythia,pythia-1b,uniform,6.620073206530356
drag_movement,0.04001264404505475,328,pythia,pythia-1b,uniform,5.796057750765372
error_identification,0.02625146694481371,1566,pythia,pythia-1b,uniform,7.356918242356021
focus_appearance,0.026177895441651288,102,pythia,pythia-1b,uniform,4.634728988229636
focus_indicator,0.01967549724504349,1261,pythia,pythia-1b,uniform,7.140453043101158
focus_management,0.02308440767228595,989,pythia,pythia-1b,uniform,6.897704943128636
form_field,0.021722151618450775,51864,pythia,pythia-1b,uniform,10.856399467865929
informative_image,0.036460712365806,520,pythia,pythia-1b,uniform,6.255750041753367
input_purpose,0.04271685909479853,53,pythia,pythia-1b,uniform,3.9889840465642745
keyboard_interaction,0.03854836057871578,1073,pythia,pythia-1b,uniform,6.97914527506881
keyboard_navigation,0.037711579911410754,8050,pythia,pythia-1b,uniform,8.993551586299981
landmark_region,0.02911346843466151,128,pythia,pythia-1b,uniform,4.859812404361672
live_region,0.02854868359863754,1112,pythia,pythia-1b,uniform,7.014814351275545
low_vision,0.014918667031452053,36811,pythia,pythia-1b,uniform,10.513579157958748
menu_bar,0.03144512707367528,106878,pythia,pythia-1b,uniform,11.579452632439278
pointer_cancellation,0.026591472886502647,2,pythia,pythia-1b,uniform,1.0986122886681098
radio_group,0.019205550570040936,6694,pythia,pythia-1b,uniform,8.809116258125274
reading_order,0.0229651167057454,9225,pythia,pythia-1b,uniform,9.129780864117766
redundant_entry,0.03297465667128558,205,pythia,pythia-1b,uniform,5.327876168789581
responsive_design,0.03284058459103097,35628,pythia,pythia-1b,uniform,10.4809151919697
screen_reader,0.01160365859977895,32100,pythia,pythia-1b,uniform,10.376642461280849
section_heading,0.034018743224441914,6949,pythia,pythia-1b,uniform,8.846496938558838
semantic_html,0.07710807435214513,2595,pythia,pythia-1b,uniform,7.86172707782398
semantic_markup,0.0255314788781106,4776,pythia,pythia-1b,uniform,8.471568013389962
sensory_characteristics,0.031056001503020462,11206,pythia,pythia-1b,uniform,9.324293862052029
sign_language,0.019343832507729496,113936,pythia,pythia-1b,uniform,11.643400943040573
skip_link,0.020841388497501553,662,pythia,pythia-1b,uniform,6.4967749901858625
status_message,0.025436394009739023,20367,pythia,pythia-1b,uniform,9.921720320797188
tab_panel,0.02000581165775648,3519,pythia,pythia-1b,uniform,8.166216268592143
target_size,0.03072455814108248,21981,pythia,pythia-1b,uniform,9.997979215628845
text_alternative,0.037479098327457896,1852,pythia,pythia-1b,uniform,7.52456122628536
text_formatting,0.027250295039266334,28514,pythia,pythia-1b,uniform,10.258185543590638
text_spacing,0.024334251508116626,615,pythia,pythia-1b,uniform,6.423246963533519
tool_tip,0.028006156720220967,17356,pythia,pythia-1b,uniform,9.761751162220882
touch_target,0.05423629041761154,1114,pythia,pythia-1b,uniform,7.016609683894219
tree_grid,0.023420452699065144,865,pythia,pythia-1b,uniform,6.763884908562435
universal_design,0.0384807430207729,9030,pythia,pythia-1b,uniform,9.108418382250798
accessibility_tree,0.004343888955190713,1307,pythia,pythia-2.8b,natural,7.176254532017144
accessible_authentication,0.003524478862527736,3,pythia,pythia-2.8b,natural,1.3862943611198906
accessible_description,0.005464772903360342,716,pythia,pythia-2.8b,natural,6.57507584059962
accessible_name,0.005109753902070147,1619,pythia,pythia-2.8b,natural,7.3901814282264295
alt_text,0.0026142123504541773,23306,pythia,pythia-2.8b,natural,10.056509023618531
audio_description,0.004286627750843702,4691,pythia,pythia-2.8b,natural,8.453614209773367
character_key,0.005387719208374582,1974,pythia,pythia-2.8b,natural,7.5883236773352225
closed_captions,0.0023890466778538717,7942,pythia,pythia-2.8b,natural,8.980046316633132
cognitive_disabilities,0.0027037176652810807,10189,pythia,pythia-2.8b,natural,9.229162126216771
color_contrast,0.00425513454247265,20112,pythia,pythia-2.8b,natural,9.909121651153221
combo_box,0.0035404358175582813,50410,pythia,pythia-2.8b,natural,10.827964684213782
consistent_help,0.003731912421062585,504,pythia,pythia-2.8b,natural,6.22455842927536
decorative_image,0.008584993425756677,749,pythia,pythia-2.8b,natural,6.620073206530356
drag_movement,0.00822585546411567,328,pythia,pythia-2.8b,natural,5.796057750765372
error_identification,0.0032174248131923004,1566,pythia,pythia-2.8b,natural,7.356918242356021
focus_appearance,0.005101657402701636,102,pythia,pythia-2.8b,natural,4.634728988229636
focus_indicator,0.002411518653389021,1261,pythia,pythia-2.8b,natural,7.140453043101158
focus_management,0.0030171106336638193,989,pythia,pythia-2.8b,natural,6.897704943128636
form_field,0.0016281964548397455,51864,pythia,pythia-2.8b,natural,10.856399467865929
informative_image,0.006749492837116058,520,pythia,pythia-2.8b,natural,6.255750041753367
input_purpose,0.011290616309270226,53,pythia,pythia-2.8b,natural,3.9889840465642745
keyboard_interaction,0.00630727875977749,1073,pythia,pythia-2.8b,natural,6.97914527506881
keyboard_navigation,0.00444580779876557,8050,pythia,pythia-2.8b,natural,8.993551586299981
landmark_region,0.004566069529391752,128,pythia,pythia-2.8b,natural,4.859812404361672
live_region,0.0072337373858317,1112,pythia,pythia-2.8b,natural,7.014814351275545
low_vision,0.001969098951667536,36811,pythia,pythia-2.8b,natural,10.513579157958748
menu_bar,0.004238633927889166,106878,pythia,pythia-2.8b,natural,11.579452632439278
pointer_cancellation,0.003781139070633731,2,pythia,pythia-2.8b,natural,1.0986122886681098
radio_group,0.002326736529357679,6694,pythia,pythia-2.8b,natural,8.809116258125274
reading_order,0.004078179528005401,9225,pythia,pythia-2.8b,natural,9.129780864117766
redundant_entry,0.0077630396699532,205,pythia,pythia-2.8b,natural,5.327876168789581
responsive_design,0.0055794315412639635,35628,pythia,pythia-2.8b,natural,10.4809151919697
screen_reader,0.0021339678321964373,32100,pythia,pythia-2.8b,natural,10.376642461280849
section_heading,0.0026109428610652406,6949,pythia,pythia-2.8b,natural,8.846496938558838
semantic_html,0.007006755238398879,2595,pythia,pythia-2.8b,natural,7.86172707782398
semantic_markup,0.004031964344903806,4776,pythia,pythia-2.8b,natural,8.471568013389962
sensory_characteristics,0.002604046952910669,11206,pythia,pythia-2.8b,natural,9.324293862052029
sign_language,0.0018604813201818203,113936,pythia,pythia-2.8b,natural,11.643400943040573
skip_link,0.005262559978291306,662,pythia,pythia-2.8b,natural,6.4967749901858625
status_message,0.0034267891314811775,20367,pythia,pythia-2.8b,natural,9.921720320797188
tab_panel,0.0018172568408772107,3519,pythia,pythia-2.8b,natural,8.166216268592143
target_size,0.005401081871241256,21981,pythia,pythia-2.8b,natural,9.997979215628845
text_alternative,0.005778432707302202,1852,pythia,pythia-2.8b,natural,7.52456122628536
text_formatting,0.0037534623988903447,28514,pythia,pythia-2.8b,natural,10.258185543590638
text_spacing,0.003172977291978851,615,pythia,pythia-2.8b,natural,6.423246963533519
tool_tip,0.002848326286766658,17356,pythia,pythia-2.8b,natural,9.761751162220882
touch_target,0.008906264835968606,1114,pythia,pythia-2.8b,natural,7.016609683894219
tree_grid,0.0032009041518903554,865,pythia,pythia-2.8b,natural,6.763884908562435
universal_design,0.0036186386598273264,9030,pythia,pythia-2.8b,natural,9.108418382250798
accessibility_tree,0.003995468094944926,1307,pythia,pythia-2.8b,uniform,7.176254532017144
accessible_authentication,0.005568770854733846,3,pythia,pythia-2.8b,uniform,1.3862943611198906
accessible_description,0.005310618644580186,716,pythia,pythia-2.8b,uniform,6.57507584059962
accessible_name,0.005238008289597898,1619,pythia,pythia-2.8b,uniform,7.3901814282264295
alt_text,0.0027406825334764873,23306,pythia,pythia-2.8b,uniform,10.056509023618531
audio_description,0.0054377252236008315,4691,pythia,pythia-2.8b,uniform,8.453614209773367
character_key,0.005387719208374582,1974,pythia,pythia-2.8b,uniform,7.5883236773352225
closed_captions,0.0056543384445830675,7942,pythia,pythia-2.8b,uniform,8.980046316633132
cognitive_disabilities,0.005211033509112826,10189,pythia,pythia-2.8b,uniform,9.229162126216771
color_contrast,0.005438842484727486,20112,pythia,pythia-2.8b,uniform,9.909121651153221
combo_box,0.0035404358175582813,50410,pythia,pythia-2.8b,uniform,10.827964684213782
consistent_help,0.0045543215470388206,504,pythia,pythia-2.8b,uniform,6.22455842927536
decorative_image,0.008584993425756677,749,pythia,pythia-2.8b,uniform,6.620073206530356
drag_movement,0.00822585546411567,328,pythia,pythia-2.8b,uniform,5.796057750765372
error_identification,0.002012920600827776,1566,pythia,pythia-2.8b,uniform,7.356918242356021
focus_appearance,0.005101657402701636,102,pythia,pythia-2.8b,uniform,4.634728988229636
focus_indicator,0.002411518653389021,1261,pythia,pythia-2.8b,uniform,7.140453043101158
focus_management,0.0034321140148676757,989,pythia,pythia-2.8b,uniform,6.897704943128636
form_field,0.0016281964548397455,51864,pythia,pythia-2.8b,uniform,10.856399467865929
informative_image,0.007002955325879095,520,pythia,pythia-2.8b,uniform,6.255750041753367
input_purpose,0.01112286383286111,53,pythia,pythia-2.8b,uniform,3.9889840465642745
keyboard_interaction,0.00630727875977749,1073,pythia,pythia-2.8b,uniform,6.97914527506881
keyboard_navigation,0.0061277737142517615,8050,pythia,pythia-2.8b,uniform,8.993551586299981
landmark_region,0.004566069529391752,128,pythia,pythia-2.8b,uniform,4.859812404361672
live_region,0.0072337373858317,1112,pythia,pythia-2.8b,uniform,7.014814351275545
low_vision,0.0010840140515937752,36811,pythia,pythia-2.8b,uniform,10.513579157958748
menu_bar,0.004238633927889166,106878,pythia,pythia-2.8b,uniform,11.579452632439278
pointer_cancellation,0.004013736662454833,2,pythia,pythia-2.8b,uniform,1.0986122886681098
radio_group,0.002326736529357679,6694,pythia,pythia-2.8b,uniform,8.809116258125274
reading_order,0.003232439933344715,9225,pythia,pythia-2.8b,uniform,9.129780864117766
redundant_entry,0.0077630396699532,205,pythia,pythia-2.8b,uniform,5.327876168789581
responsive_design,0.00704942229203879,35628,pythia,pythia-2.8b,uniform,10.4809151919697
screen_reader,0.0021339678321964373,32100,pythia,pythia-2.8b,uniform,10.376642461280849
section_heading,0.0026109428610652406,6949,pythia,pythia-2.8b,uniform,8.846496938558838
semantic_html,0.007686478807590897,2595,pythia,pythia-2.8b,uniform,7.86172707782398
semantic_markup,0.0066943893441930155,4776,pythia,pythia-2.8b,uniform,8.471568013389962
sensory_characteristics,0.0057666527107357235,11206,pythia,pythia-2.8b,uniform,9.324293862052029
sign_language,0.0026824117754585286,113936,pythia,pythia-2.8b,uniform,11.643400943040573
skip_link,0.005262559978291306,662,pythia,pythia-2.8b,uniform,6.4967749901858625
status_message,0.0034267891314811775,20367,pythia,pythia-2.8b,uniform,9.921720320797188
tab_panel,0.0018172568408772107,3519,pythia,pythia-2.8b,uniform,8.166216268592143
target_size,0.005401081871241256,21981,pythia,pythia-2.8b,uniform,9.997979215628845
text_alternative,0.005778432707302202,1852,pythia,pythia-2.8b,uniform,7.52456122628536
text_formatting,0.003413033916149196,28514,pythia,pythia-2.8b,uniform,10.258185543590638
text_spacing,0.0022503268090076664,615,pythia,pythia-2.8b,uniform,6.423246963533519
tool_tip,0.002848326286766658,17356,pythia,pythia-2.8b,uniform,9.761751162220882
touch_target,0.008906264835968606,1114,pythia,pythia-2.8b,uniform,7.016609683894219
tree_grid,0.0032009041518903554,865,pythia,pythia-2.8b,uniform,6.763884908562435
universal_design,0.00550862832460546,9030,pythia,pythia-2.8b,uniform,9.108418382250798
accessibility_tree,0.014650737820193056,1307,pythia,pythia-410m,natural,7.176254532017144
accessible_authentication,0.01689399117603893,3,pythia,pythia-410m,natural,1.3862943611198906
accessible_description,0.019276036042720025,716,pythia,pythia-410m,natural,6.57507584059962
accessible_name,0.020794923417270135,1619,pythia,pythia-410m,natural,7.3901814282264295
alt_text,0.009490028629079432,23306,pythia,pythia-410m,natural,10.056509023618531
audio_description,0.028588499873876513,4691,pythia,pythia-410m,natural,8.453614209773367
character_key,0.021378104388713758,1974,pythia,pythia-410m,natural,7.5883236773352225
closed_captions,0.013075426500290546,7942,pythia,pythia-410m,natural,8.980046316633132
cognitive_disabilities,0.014056422328576377,10189,pythia,pythia-410m,natural,9.229162126216771
color_contrast,0.020089630596339635,20112,pythia,pythia-410m,natural,9.909121651153221
combo_box,0.018614251911640105,50410,pythia,pythia-410m,natural,10.827964684213782
consistent_help,0.02191008385270824,504,pythia,pythia-410m,natural,6.22455842927536
decorative_image,0.0257584287784993,749,pythia,pythia-410m,natural,6.620073206530356
drag_movement,0.024680500756949122,328,pythia,pythia-410m,natural,5.796057750765372
error_identification,0.03975882120430463,1566,pythia,pythia-410m,natural,7.356918242356021
focus_appearance,0.024184117931872574,102,pythia,pythia-410m,natural,4.634728988229636
focus_indicator,0.023237899597734094,1261,pythia,pythia-410m,natural,7.140453043101158
focus_management,0.018683259375393318,989,pythia,pythia-410m,natural,6.897704943128636
form_field,0.012684803269803487,51864,pythia,pythia-410m,natural,10.856399467865929
informative_image,0.03323665969073767,520,pythia,pythia-410m,natural,6.255750041753367
input_purpose,0.026299273967742818,53,pythia,pythia-410m,natural,3.9889840465642745
keyboard_interaction,0.024299690406769468,1073,pythia,pythia-410m,natural,6.97914527506881
keyboard_navigation,0.017044360749423434,8050,pythia,pythia-410m,natural,8.993551586299981
landmark_region,0.029824291355907896,128,pythia,pythia-410m,natural,4.859812404361672
live_region,0.03159720273688426,1112,pythia,pythia-410m,natural,7.014814351275545
low_vision,0.0075909457169472845,36811,pythia,pythia-410m,natural,10.513579157958748
menu_bar,0.02274402445182202,106878,pythia,pythia-410m,natural,11.579452632439278
pointer_cancellation,0.015401896648108903,2,pythia,pythia-410m,natural,1.0986122886681098
radio_group,0.012322488008067,6694,pythia,pythia-410m,natural,8.809116258125274
reading_order,0.01709339739754795,9225,pythia,pythia-410m,natural,9.129780864117766
redundant_entry,0.017940108571201527,205,pythia,pythia-410m,natural,5.327876168789581
responsive_design,0.0246662463061511,35628,pythia,pythia-410m,natural,10.4809151919697
screen_reader,0.014352580532431507,32100,pythia,pythia-410m,natural,10.376642461280849
section_heading,0.013329878123477003,6949,pythia,pythia-410m,natural,8.846496938558838
semantic_html,0.026810442004352765,2595,pythia,pythia-410m,natural,7.86172707782398
semantic_markup,0.025453559029847334,4776,pythia,pythia-410m,natural,8.471568013389962
sensory_characteristics,0.02298079747706646,11206,pythia,pythia-410m,natural,9.324293862052029
sign_language,0.006129028159193636,113936,pythia,pythia-410m,natural,11.643400943040573
skip_link,0.020542765222489788,662,pythia,pythia-410m,natural,6.4967749901858625
status_message,0.014346585096791284,20367,pythia,pythia-410m,natural,9.921720320797188
tab_panel,0.018489276524633093,3519,pythia,pythia-410m,natural,8.166216268592143
target_size,0.022385525237768773,21981,pythia,pythia-410m,natural,9.997979215628845
text_alternative,0.020189104974269848,1852,pythia,pythia-410m,natural,7.52456122628536
text_formatting,0.011859586741775247,28514,pythia,pythia-410m,natural,10.258185543590638
text_spacing,0.01243880237452677,615,pythia,pythia-410m,natural,6.423246963533519
tool_tip,0.017276833020150564,17356,pythia,pythia-410m,natural,9.761751162220882
touch_target,0.03602553904056538,1114,pythia,pythia-410m,natural,7.016609683894219
tree_grid,0.02004602393135421,865,pythia,pythia-410m,natural,6.763884908562435
universal_design,0.019415288884192677,9030,pythia,pythia-410m,natural,9.108418382250798
accessibility_tree,0.01331178857944898,1307,pythia,pythia-410m,uniform,7.176254532017144
accessible_authentication,0.022268961090594497,3,pythia,pythia-410m,uniform,1.3862943611198906
accessible_description,0.020324498787522263,716,pythia,pythia-410m,uniform,6.57507584059962
accessible_name,0.019995814375579252,1619,pythia,pythia-410m,uniform,7.3901814282264295
alt_text,0.010371105652302431,23306,pythia,pythia-410m,uniform,10.056509023618531
audio_description,0.028645453415810988,4691,pythia,pythia-410m,uniform,8.453614209773367
character_key,0.021378104388713758,1974,pythia,pythia-410m,uniform,7.5883236773352225
closed_captions,0.022465146891772706,7942,pythia,pythia-410m,uniform,8.980046316633132
cognitive_disabilities,0.023435948789119636,10189,pythia,pythia-410m,uniform,9.229162126216771
color_contrast,0.02010896755382414,20112,pythia,pythia-410m,uniform,9.909121651153221
combo_box,0.018614251911640105,50410,pythia,pythia-410m,uniform,10.827964684213782
consistent_help,0.025055461283773083,504,pythia,pythia-410m,uniform,6.22455842927536
decorative_image,0.0257584287784993,749,pythia,pythia-410m,uniform,6.620073206530356
drag_movement,0.024680500756949122,328,pythia,pythia-410m,uniform,5.796057750765372
error_identification,0.022528891079127727,1566,pythia,pythia-410m,uniform,7.356918242356021
focus_appearance,0.024184117931872574,102,pythia,pythia-410m,uniform,4.634728988229636
focus_indicator,0.023237899597734094,1261,pythia,pythia-410m,uniform,7.140453043101158
focus_management,0.02121137920767064,989,pythia,pythia-410m,uniform,6.897704943128636
form_field,0.012684803269803487,51864,pythia,pythia-410m,uniform,10.856399467865929
informative_image,0.033590707555413185,520,pythia,pythia-410m,uniform,6.255750041753367
input_purpose,0.025333983264863438,53,pythia,pythia-410m,uniform,3.9889840465642745
keyboard_interaction,0.024299690406769468,1073,pythia,pythia-410m,uniform,6.97914527506881
keyboard_navigation,0.026827343925833653,8050,pythia,pythia-410m,uniform,8.993551586299981
landmark_region,0.029824291355907896,128,pythia,pythia-410m,uniform,4.859812404361672
live_region,0.03159720273688426,1112,pythia,pythia-410m,uniform,7.014814351275545
low_vision,0.006163220037706115,36811,pythia,pythia-410m,uniform,10.513579157958748
menu_bar,0.02274402445182202,106878,pythia,pythia-410m,uniform,11.579452632439278
pointer_cancellation,0.014744107704609545,2,pythia,pythia-410m,uniform,1.0986122886681098
radio_group,0.012322488008067,6694,pythia,pythia-410m,uniform,8.809116258125274
reading_order,0.02254009433090682,9225,pythia,pythia-410m,uniform,9.129780864117766
redundant_entry,0.017940108571201527,205,pythia,pythia-410m,uniform,5.327876168789581
responsive_design,0.020546537637710558,35628,pythia,pythia-410m,uniform,10.4809151919697
screen_reader,0.014352580532431507,32100,pythia,pythia-410m,uniform,10.376642461280849
section_heading,0.013329878123477003,6949,pythia,pythia-410m,uniform,8.846496938558838
semantic_html,0.03068944178521627,2595,pythia,pythia-410m,uniform,7.86172707782398
semantic_markup,0.028300990629941167,4776,pythia,pythia-410m,uniform,8.471568013389962
sensory_characteristics,0.024946294445544446,11206,pythia,pythia-410m,uniform,9.324293862052029
sign_language,0.009072088822722403,113936,pythia,pythia-410m,uniform,11.643400943040573
skip_link,0.020542765222489788,662,pythia,pythia-410m,uniform,6.4967749901858625
status_message,0.014346585096791284,20367,pythia,pythia-410m,uniform,9.921720320797188
tab_panel,0.018489276524633093,3519,pythia,pythia-410m,uniform,8.166216268592143
target_size,0.022385525237768773,21981,pythia,pythia-410m,uniform,9.997979215628845
text_alternative,0.020189104974269848,1852,pythia,pythia-410m,uniform,7.52456122628536
text_formatting,0.010809499723836742,28514,pythia,pythia-410m,uniform,10.258185543590638
text_spacing,0.013515171734616119,615,pythia,pythia-410m,uniform,6.423246963533519
tool_tip,0.017276833020150564,17356,pythia,pythia-410m,uniform,9.761751162220882
touch_target,0.03602553904056538,1114,pythia,pythia-410m,uniform,7.016609683894219
tree_grid,0.02004602393135421,865,pythia,pythia-410m,uniform,6.763884908562435
universal_design,0.018615537229925348,9030,pythia,pythia-410m,uniform,9.108418382250798
accessibility_tree,0.0021235645399428106,1307,pythia,pythia-6.9b,natural,7.176254532017144
accessible_authentication,0.0025750705739482475,3,pythia,pythia-6.9b,natural,1.3862943611198906
accessible_description,0.0025697790668345404,716,pythia,pythia-6.9b,natural,6.57507584059962
accessible_name,0.003435935603920298,1619,pythia,pythia-6.9b,natural,7.3901814282264295
alt_text,0.0033023769618011557,23306,pythia,pythia-6.9b,natural,10.056509023618531
audio_description,0.002742518228478705,4691,pythia,pythia-6.9b,natural,8.453614209773367
character_key,0.001887754898052611,1974,pythia,pythia-6.9b,natural,7.5883236773352225
closed_captions,0.0007668781152460203,7942,pythia,pythia-6.9b,natural,8.980046316633132
cognitive_disabilities,0.0007812859636032714,10189,pythia,pythia-6.9b,natural,9.229162126216771
color_contrast,0.002330241713207132,20112,pythia,pythia-6.9b,natural,9.909121651153221
combo_box,0.0015682153636589003,50410,pythia,pythia-6.9b,natural,10.827964684213782
consistent_help,0.0038550195517018165,504,pythia,pythia-6.9b,natural,6.22455842927536
decorative_image,0.003310169698670456,749,pythia,pythia-6.9b,natural,6.620073206530356
drag_movement,0.0034928290988317985,328,pythia,pythia-6.9b,natural,5.796057750765372
error_identification,0.0017263059387914506,1566,pythia,pythia-6.9b,natural,7.356918242356021
focus_appearance,0.0055466142483054925,102,pythia,pythia-6.9b,natural,4.634728988229636
focus_indicator,0.0016705379646736452,1261,pythia,pythia-6.9b,natural,7.140453043101158
focus_management,0.0024009469780139157,989,pythia,pythia-6.9b,natural,6.897704943128636
form_field,0.0014940371504053012,51864,pythia,pythia-6.9b,natural,10.856399467865929
informative_image,0.003173064521979501,520,pythia,pythia-6.9b,natural,6.255750041753367
input_purpose,0.004049310297705166,53,pythia,pythia-6.9b,natural,3.9889840465642745
keyboard_interaction,0.004237780231051096,1073,pythia,pythia-6.9b,natural,6.97914527506881
keyboard_navigation,0.005163323273882259,8050,pythia,pythia-6.9b,natural,8.993551586299981
landmark_region,0.0018735754245425649,128,pythia,pythia-6.9b,natural,4.859812404361672
live_region,0.0042335559614002476,1112,pythia,pythia-6.9b,natural,7.014814351275545
low_vision,0.0008980358805274412,36811,pythia,pythia-6.9b,natural,10.513579157958748
menu_bar,0.0038262342917731963,106878,pythia,pythia-6.9b,natural,11.579452632439278
pointer_cancellation,0.0037224881118162858,2,pythia,pythia-6.9b,natural,1.0986122886681098
radio_group,0.0016395633807404855,6694,pythia,pythia-6.9b,natural,8.809116258125274
reading_order,0.0017038720892741618,9225,pythia,pythia-6.9b,natural,9.129780864117766
redundant_entry,0.004213148611597702,205,pythia,pythia-6.9b,natural,5.327876168789581
responsive_design,0.0026707049924879676,35628,pythia,pythia-6.9b,natural,10.4809151919697
screen_reader,0.0021087751723825304,32100,pythia,pythia-6.9b,natural,10.376642461280849
section_heading,0.0032179835718124904,6949,pythia,pythia-6.9b,natural,8.846496938558838
semantic_html,0.007702802540734397,2595,pythia,pythia-6.9b,natural,7.86172707782398
semantic_markup,0.0037302041309884974,4776,pythia,pythia-6.9b,natural,8.471568013389962
sensory_characteristics,0.0011454616207628903,11206,pythia,pythia-6.9b,natural,9.324293862052029
sign_language,0.0009521238767774255,113936,pythia,pythia-6.9b,natural,11.643400943040573
skip_link,0.006813205685466448,662,pythia,pythia-6.9b,natural,6.4967749901858625
status_message,0.0019947240478358653,20367,pythia,pythia-6.9b,natural,9.921720320797188
tab_panel,0.0022733566467649565,3519,pythia,pythia-6.9b,natural,8.166216268592143
target_size,0.0026722625829279337,21981,pythia,pythia-6.9b,natural,9.997979215628845
text_alternative,0.0017447576450648733,1852,pythia,pythia-6.9b,natural,7.52456122628536
text_formatting,0.0013994468783493238,28514,pythia,pythia-6.9b,natural,10.258185543590638
text_spacing,0.0011361526441760075,615,pythia,pythia-6.9b,natural,6.423246963533519
tool_tip,0.0021051086834631564,17356,pythia,pythia-6.9b,natural,9.761751162220882
touch_target,0.002974893595091966,1114,pythia,pythia-6.9b,natural,7.016609683894219
tree_grid,0.0017058653524145006,865,pythia,pythia-6.9b,natural,6.763884908562435
universal_design,0.0017741315881720748,9030,pythia,pythia-6.9b,natural,9.108418382250798
accessibility_tree,0.001815980119863486,1307,pythia,pythia-6.9b,uniform,7.176254532017144
accessible_authentication,0.0038461100077255925,3,pythia,pythia-6.9b,uniform,1.3862943611198906
accessible_description,0.0019153864588587997,716,pythia,pythia-6.9b,uniform,6.57507584059962
accessible_name,0.0037233195966108867,1619,pythia,pythia-6.9b,uniform,7.3901814282264295
alt_text,0.0016047590528614519,23306,pythia,pythia-6.9b,uniform,10.056509023618531
audio_description,0.0022289364598691097,4691,pythia,pythia-6.9b,uniform,8.453614209773367
character_key,0.001887754898052611,1974,pythia,pythia-6.9b,uniform,7.5883236773352225
closed_captions,0.0008986771019407938,7942,pythia,pythia-6.9b,uniform,8.980046316633132
cognitive_disabilities,0.0024896032293326505,10189,pythia,pythia-6.9b,uniform,9.229162126216771
color_contrast,0.002324534847866681,20112,pythia,pythia-6.9b,uniform,9.909121651153221
combo_box,0.0015682153636589003,50410,pythia,pythia-6.9b,uniform,10.827964684213782
consistent_help,0.0032927671563810898,504,pythia,pythia-6.9b,uniform,6.22455842927536
decorative_image,0.003310169698670456,749,pythia,pythia-6.9b,uniform,6.620073206530356
drag_movement,0.0034928290988317985,328,pythia,pythia-6.9b,uniform,5.796057750765372
error_identification,0.0016158493352121843,1566,pythia,pythia-6.9b,uniform,7.356918242356021
focus_appearance,0.0055466142483054925,102,pythia,pythia-6.9b,uniform,4.634728988229636
focus_indicator,0.0016705379646736452,1261,pythia,pythia-6.9b,uniform,7.140453043101158
focus_management,0.0018075666099320901,989,pythia,pythia-6.9b,uniform,6.897704943128636
form_field,0.0014940371504053012,51864,pythia,pythia-6.9b,uniform,10.856399467865929
informative_image,0.0029287291690706903,520,pythia,pythia-6.9b,uniform,6.255750041753367
input_purpose,0.0031984800007193565,53,pythia,pythia-6.9b,uniform,3.9889840465642745
keyboard_interaction,0.004237780231051096,1073,pythia,pythia-6.9b,uniform,6.97914527506881
keyboard_navigation,0.007501714909449165,8050,pythia,pythia-6.9b,uniform,8.993551586299981
landmark_region,0.0018735754245425649,128,pythia,pythia-6.9b,uniform,4.859812404361672
live_region,0.0042335559614002476,1112,pythia,pythia-6.9b,uniform,7.014814351275545
low_vision,0.0006430633744457408,36811,pythia,pythia-6.9b,uniform,10.513579157958748
menu_bar,0.0038262342917731963,106878,pythia,pythia-6.9b,uniform,11.579452632439278
pointer_cancellation,0.0032376312534324217,2,pythia,pythia-6.9b,uniform,1.0986122886681098
radio_group,0.0016395633807404855,6694,pythia,pythia-6.9b,uniform,8.809116258125274
reading_order,0.0012905934476293624,9225,pythia,pythia-6.9b,uniform,9.129780864117766
redundant_entry,0.004213148611597702,205,pythia,pythia-6.9b,uniform,5.327876168789581
responsive_design,0.002957683231215865,35628,pythia,pythia-6.9b,uniform,10.4809151919697
screen_reader,0.0021087751723825304,32100,pythia,pythia-6.9b,uniform,10.376642461280849
section_heading,0.0032179835718124904,6949,pythia,pythia-6.9b,uniform,8.846496938558838
semantic_html,0.00835533700883389,2595,pythia,pythia-6.9b,uniform,7.86172707782398
semantic_markup,0.0038949985755606553,4776,pythia,pythia-6.9b,uniform,8.471568013389962
sensory_characteristics,0.005420277290977476,11206,pythia,pythia-6.9b,uniform,9.324293862052029
sign_language,0.001984774274751536,113936,pythia,pythia-6.9b,uniform,11.643400943040573
skip_link,0.006813205685466448,662,pythia,pythia-6.9b,uniform,6.4967749901858625
status_message,0.0019947240478358653,20367,pythia,pythia-6.9b,uniform,9.921720320797188
tab_panel,0.0022733566467649565,3519,pythia,pythia-6.9b,uniform,8.166216268592143
target_size,0.0026722625829279337,21981,pythia,pythia-6.9b,uniform,9.997979215628845
text_alternative,0.0017447576450648733,1852,pythia,pythia-6.9b,uniform,7.52456122628536
text_formatting,0.0013435717322863403,28514,pythia,pythia-6.9b,uniform,10.258185543590638
text_spacing,0.00132628318970086,615,pythia,pythia-6.9b,uniform,6.423246963533519
tool_tip,0.0021051086834631564,17356,pythia,pythia-6.9b,uniform,9.761751162220882
touch_target,0.002974893595091966,1114,pythia,pythia-6.9b,uniform,7.016609683894219
tree_grid,0.0017058653524145006,865,pythia,pythia-6.9b,uniform,6.763884908562435
universal_design,0.0015684937010518696,9030,pythia,pythia-6.9b,uniform,9.108418382250798
