compound,layer,head,binding_score,word1,word2,prompt,tokens,word1_idx,word2_idx,model
screen_reader,0,0,0.1344,screen,reader,A screen reader is,"['<|endoftext|>', 'A', ' screen', ' reader', ' is']",2,3,gpt2-medium
screen_reader,0,1,0.2262,screen,reader,A screen reader is,"['<|endoftext|>', 'A', ' screen', ' reader', ' is']",2,3,gpt2-medium
screen_reader,0,2,0.0218,screen,reader,A screen reader is,"['<|endoftext|>', 'A', ' screen', ' reader', ' is']",2,3,gpt2-medium
screen_reader,0,3,0.0604,screen,reader,A screen reader is,"['<|endoftext|>', 'A', ' screen', ' reader', ' is']",2,3,gpt2-medium
screen_reader,0,4,0.1518,screen,reader,A screen reader is,"['<|endoftext|>', 'A', ' screen', ' reader', ' is']",2,3,gpt2-medium
screen_reader,0,5,0.0492,screen,reader,A screen reader is,"['<|endoftext|>', 'A', ' screen', ' reader', ' is']",2,3,gpt2-medium
screen_reader,0,6,0.0638,screen,reader,A screen reader is,"['<|endoftext|>', 'A', ' screen', ' reader', ' is']",2,3,gpt2-medium
screen_reader,0,7,0.0902,screen,reader,A screen reader is,"['<|endoftext|>', 'A', ' screen', ' reader', ' is']",2,3,gpt2-medium
screen_reader,0,8,0.1297,screen,reader,A screen reader is,"['<|endoftext|>', 'A', ' screen', ' reader', ' is']",2,3,gpt2-medium
screen_reader,0,9,0.1181,screen,reader,A screen reader is,"['<|endoftext|>', 'A', ' screen', ' reader', ' is']",2,3,gpt2-medium
screen_reader,0,10,0.0962,screen,reader,A screen reader is,"['<|endoftext|>', 'A', ' screen', ' reader', ' is']",2,3,gpt2-medium
screen_reader,0,11,0.1875,screen,reader,A screen reader is,"['<|endoftext|>', 'A', ' screen', ' reader', ' is']",2,3,gpt2-medium
screen_reader,0,12,0.0415,screen,reader,A screen reader is,"['<|endoftext|>', 'A', ' screen', ' reader', ' is']",2,3,gpt2-medium
screen_reader,0,13,0.092,screen,reader,A screen reader is,"['<|endoftext|>', 'A', ' screen', ' reader', ' is']",2,3,gpt2-medium
screen_reader,0,14,0.0547,screen,reader,A screen reader is,"['<|endoftext|>', 'A', ' screen', ' reader', ' is']",2,3,gpt2-medium
screen_reader,0,15,0.0965,screen,reader,A screen reader is,"['<|endoftext|>', 'A', ' screen', ' reader', ' is']",2,3,gpt2-medium
screen_reader,1,0,0.035,screen,reader,A screen reader is,"['<|endoftext|>', 'A', ' screen', ' reader', ' is']",2,3,gpt2-medium
screen_reader,1,1,0.074,screen,reader,A screen reader is,"['<|endoftext|>', 'A', ' screen', ' reader', ' is']",2,3,gpt2-medium
screen_reader,1,2,0.1608,screen,reader,A screen reader is,"['<|endoftext|>', 'A', ' screen', ' reader', ' is']",2,3,gpt2-medium
screen_reader,1,3,0.0751,screen,reader,A screen reader is,"['<|endoftext|>', 'A', ' screen', ' reader', ' is']",2,3,gpt2-medium
screen_reader,1,4,0.0354,screen,reader,A screen reader is,"['<|endoftext|>', 'A', ' screen', ' reader', ' is']",2,3,gpt2-medium
screen_reader,1,5,0.0761,screen,reader,A screen reader is,"['<|endoftext|>', 'A', ' screen', ' reader', ' is']",2,3,gpt2-medium
screen_reader,1,6,0.2539,screen,reader,A screen reader is,"['<|endoftext|>', 'A', ' screen', ' reader', ' is']",2,3,gpt2-medium
screen_reader,1,7,0.0576,screen,reader,A screen reader is,"['<|endoftext|>', 'A', ' screen', ' reader', ' is']",2,3,gpt2-medium
screen_reader,1,8,0.0529,screen,reader,A screen reader is,"['<|endoftext|>', 'A', ' screen', ' reader', ' is']",2,3,gpt2-medium
screen_reader,1,9,0.0716,screen,reader,A screen reader is,"['<|endoftext|>', 'A', ' screen', ' reader', ' is']",2,3,gpt2-medium
screen_reader,1,10,0.0155,screen,reader,A screen reader is,"['<|endoftext|>', 'A', ' screen', ' reader', ' is']",2,3,gpt2-medium
screen_reader,1,11,0.366,screen,reader,A screen reader is,"['<|endoftext|>', 'A', ' screen', ' reader', ' is']",2,3,gpt2-medium
screen_reader,1,12,0.036,screen,reader,A screen reader is,"['<|endoftext|>', 'A', ' screen', ' reader', ' is']",2,3,gpt2-medium
screen_reader,1,13,0.0937,screen,reader,A screen reader is,"['<|endoftext|>', 'A', ' screen', ' reader', ' is']",2,3,gpt2-medium
screen_reader,1,14,0.1677,screen,reader,A screen reader is,"['<|endoftext|>', 'A', ' screen', ' reader', ' is']",2,3,gpt2-medium
screen_reader,1,15,0.1689,screen,reader,A screen reader is,"['<|endoftext|>', 'A', ' screen', ' reader', ' is']",2,3,gpt2-medium
screen_reader,2,0,0.0816,screen,reader,A screen reader is,"['<|endoftext|>', 'A', ' screen', ' reader', ' is']",2,3,gpt2-medium
screen_reader,2,1,0.0871,screen,reader,A screen reader is,"['<|endoftext|>', 'A', ' screen', ' reader', ' is']",2,3,gpt2-medium
screen_reader,2,2,0.121,screen,reader,A screen reader is,"['<|endoftext|>', 'A', ' screen', ' reader', ' is']",2,3,gpt2-medium
screen_reader,2,3,0.1868,screen,reader,A screen reader is,"['<|endoftext|>', 'A', ' screen', ' reader', ' is']",2,3,gpt2-medium
screen_reader,2,4,0.4624,screen,reader,A screen reader is,"['<|endoftext|>', 'A', ' screen', ' reader', ' is']",2,3,gpt2-medium
screen_reader,2,5,0.4876,screen,reader,A screen reader is,"['<|endoftext|>', 'A', ' screen', ' reader', ' is']",2,3,gpt2-medium
screen_reader,2,6,0.2222,screen,reader,A screen reader is,"['<|endoftext|>', 'A', ' screen', ' reader', ' is']",2,3,gpt2-medium
screen_reader,2,7,0.0544,screen,reader,A screen reader is,"['<|endoftext|>', 'A', ' screen', ' reader', ' is']",2,3,gpt2-medium
screen_reader,2,8,0.4507,screen,reader,A screen reader is,"['<|endoftext|>', 'A', ' screen', ' reader', ' is']",2,3,gpt2-medium
screen_reader,2,9,0.431,screen,reader,A screen reader is,"['<|endoftext|>', 'A', ' screen', ' reader', ' is']",2,3,gpt2-medium
screen_reader,2,10,0.1802,screen,reader,A screen reader is,"['<|endoftext|>', 'A', ' screen', ' reader', ' is']",2,3,gpt2-medium
screen_reader,2,11,0.1673,screen,reader,A screen reader is,"['<|endoftext|>', 'A', ' screen', ' reader', ' is']",2,3,gpt2-medium
screen_reader,2,12,0.1219,screen,reader,A screen reader is,"['<|endoftext|>', 'A', ' screen', ' reader', ' is']",2,3,gpt2-medium
screen_reader,2,13,0.1432,screen,reader,A screen reader is,"['<|endoftext|>', 'A', ' screen', ' reader', ' is']",2,3,gpt2-medium
screen_reader,2,14,0.1077,screen,reader,A screen reader is,"['<|endoftext|>', 'A', ' screen', ' reader', ' is']",2,3,gpt2-medium
screen_reader,2,15,0.323,screen,reader,A screen reader is,"['<|endoftext|>', 'A', ' screen', ' reader', ' is']",2,3,gpt2-medium
screen_reader,3,0,0.0647,screen,reader,A screen reader is,"['<|endoftext|>', 'A', ' screen', ' reader', ' is']",2,3,gpt2-medium
screen_reader,3,1,0.0295,screen,reader,A screen reader is,"['<|endoftext|>', 'A', ' screen', ' reader', ' is']",2,3,gpt2-medium
screen_reader,3,2,0.8953,screen,reader,A screen reader is,"['<|endoftext|>', 'A', ' screen', ' reader', ' is']",2,3,gpt2-medium
screen_reader,3,3,0.9154,screen,reader,A screen reader is,"['<|endoftext|>', 'A', ' screen', ' reader', ' is']",2,3,gpt2-medium
screen_reader,3,4,0.2021,screen,reader,A screen reader is,"['<|endoftext|>', 'A', ' screen', ' reader', ' is']",2,3,gpt2-medium
screen_reader,3,5,0.1049,screen,reader,A screen reader is,"['<|endoftext|>', 'A', ' screen', ' reader', ' is']",2,3,gpt2-medium
screen_reader,3,6,0.3519,screen,reader,A screen reader is,"['<|endoftext|>', 'A', ' screen', ' reader', ' is']",2,3,gpt2-medium
screen_reader,3,7,0.192,screen,reader,A screen reader is,"['<|endoftext|>', 'A', ' screen', ' reader', ' is']",2,3,gpt2-medium
screen_reader,3,8,0.3764,screen,reader,A screen reader is,"['<|endoftext|>', 'A', ' screen', ' reader', ' is']",2,3,gpt2-medium
screen_reader,3,9,0.1166,screen,reader,A screen reader is,"['<|endoftext|>', 'A', ' screen', ' reader', ' is']",2,3,gpt2-medium
screen_reader,3,10,0.106,screen,reader,A screen reader is,"['<|endoftext|>', 'A', ' screen', ' reader', ' is']",2,3,gpt2-medium
screen_reader,3,11,0.0672,screen,reader,A screen reader is,"['<|endoftext|>', 'A', ' screen', ' reader', ' is']",2,3,gpt2-medium
screen_reader,3,12,0.0154,screen,reader,A screen reader is,"['<|endoftext|>', 'A', ' screen', ' reader', ' is']",2,3,gpt2-medium
screen_reader,3,13,0.8147,screen,reader,A screen reader is,"['<|endoftext|>', 'A', ' screen', ' reader', ' is']",2,3,gpt2-medium
screen_reader,3,14,0.0871,screen,reader,A screen reader is,"['<|endoftext|>', 'A', ' screen', ' reader', ' is']",2,3,gpt2-medium
screen_reader,3,15,0.3752,screen,reader,A screen reader is,"['<|endoftext|>', 'A', ' screen', ' reader', ' is']",2,3,gpt2-medium
screen_reader,4,0,0.0756,screen,reader,A screen reader is,"['<|endoftext|>', 'A', ' screen', ' reader', ' is']",2,3,gpt2-medium
screen_reader,4,1,0.3243,screen,reader,A screen reader is,"['<|endoftext|>', 'A', ' screen', ' reader', ' is']",2,3,gpt2-medium
screen_reader,4,2,0.8015,screen,reader,A screen reader is,"['<|endoftext|>', 'A', ' screen', ' reader', ' is']",2,3,gpt2-medium
screen_reader,4,3,0.0117,screen,reader,A screen reader is,"['<|endoftext|>', 'A', ' screen', ' reader', ' is']",2,3,gpt2-medium
screen_reader,4,4,0.5932,screen,reader,A screen reader is,"['<|endoftext|>', 'A', ' screen', ' reader', ' is']",2,3,gpt2-medium
screen_reader,4,5,0.0826,screen,reader,A screen reader is,"['<|endoftext|>', 'A', ' screen', ' reader', ' is']",2,3,gpt2-medium
screen_reader,4,6,0.0004,screen,reader,A screen reader is,"['<|endoftext|>', 'A', ' screen', ' reader', ' is']",2,3,gpt2-medium
screen_reader,4,7,0.4706,screen,reader,A screen reader is,"['<|endoftext|>', 'A', ' screen', ' reader', ' is']",2,3,gpt2-medium
screen_reader,4,8,0.0151,screen,reader,A screen reader is,"['<|endoftext|>', 'A', ' screen', ' reader', ' is']",2,3,gpt2-medium
screen_reader,4,9,0.0637,screen,reader,A screen reader is,"['<|endoftext|>', 'A', ' screen', ' reader', ' is']",2,3,gpt2-medium
screen_reader,4,10,0.3844,screen,reader,A screen reader is,"['<|endoftext|>', 'A', ' screen', ' reader', ' is']",2,3,gpt2-medium
screen_reader,4,11,0.7232,screen,reader,A screen reader is,"['<|endoftext|>', 'A', ' screen', ' reader', ' is']",2,3,gpt2-medium
screen_reader,4,12,0.7554,screen,reader,A screen reader is,"['<|endoftext|>', 'A', ' screen', ' reader', ' is']",2,3,gpt2-medium
screen_reader,4,13,0.9833,screen,reader,A screen reader is,"['<|endoftext|>', 'A', ' screen', ' reader', ' is']",2,3,gpt2-medium
screen_reader,4,14,0.0393,screen,reader,A screen reader is,"['<|endoftext|>', 'A', ' screen', ' reader', ' is']",2,3,gpt2-medium
screen_reader,4,15,0.0469,screen,reader,A screen reader is,"['<|endoftext|>', 'A', ' screen', ' reader', ' is']",2,3,gpt2-medium
screen_reader,5,0,0.004,screen,reader,A screen reader is,"['<|endoftext|>', 'A', ' screen', ' reader', ' is']",2,3,gpt2-medium
screen_reader,5,1,0.0406,screen,reader,A screen reader is,"['<|endoftext|>', 'A', ' screen', ' reader', ' is']",2,3,gpt2-medium
screen_reader,5,2,0.9128,screen,reader,A screen reader is,"['<|endoftext|>', 'A', ' screen', ' reader', ' is']",2,3,gpt2-medium
screen_reader,5,3,0.0273,screen,reader,A screen reader is,"['<|endoftext|>', 'A', ' screen', ' reader', ' is']",2,3,gpt2-medium
screen_reader,5,4,0.7569,screen,reader,A screen reader is,"['<|endoftext|>', 'A', ' screen', ' reader', ' is']",2,3,gpt2-medium
screen_reader,5,5,0.0241,screen,reader,A screen reader is,"['<|endoftext|>', 'A', ' screen', ' reader', ' is']",2,3,gpt2-medium
screen_reader,5,6,0.1612,screen,reader,A screen reader is,"['<|endoftext|>', 'A', ' screen', ' reader', ' is']",2,3,gpt2-medium
screen_reader,5,7,0.0322,screen,reader,A screen reader is,"['<|endoftext|>', 'A', ' screen', ' reader', ' is']",2,3,gpt2-medium
screen_reader,5,8,0.0001,screen,reader,A screen reader is,"['<|endoftext|>', 'A', ' screen', ' reader', ' is']",2,3,gpt2-medium
screen_reader,5,9,0.0363,screen,reader,A screen reader is,"['<|endoftext|>', 'A', ' screen', ' reader', ' is']",2,3,gpt2-medium
screen_reader,5,10,0.007,screen,reader,A screen reader is,"['<|endoftext|>', 'A', ' screen', ' reader', ' is']",2,3,gpt2-medium
screen_reader,5,11,0.9998,screen,reader,A screen reader is,"['<|endoftext|>', 'A', ' screen', ' reader', ' is']",2,3,gpt2-medium
screen_reader,5,12,0.123,screen,reader,A screen reader is,"['<|endoftext|>', 'A', ' screen', ' reader', ' is']",2,3,gpt2-medium
screen_reader,5,13,0.0599,screen,reader,A screen reader is,"['<|endoftext|>', 'A', ' screen', ' reader', ' is']",2,3,gpt2-medium
screen_reader,5,14,0.007,screen,reader,A screen reader is,"['<|endoftext|>', 'A', ' screen', ' reader', ' is']",2,3,gpt2-medium
screen_reader,5,15,0.0369,screen,reader,A screen reader is,"['<|endoftext|>', 'A', ' screen', ' reader', ' is']",2,3,gpt2-medium
screen_reader,6,0,0.0003,screen,reader,A screen reader is,"['<|endoftext|>', 'A', ' screen', ' reader', ' is']",2,3,gpt2-medium
screen_reader,6,1,0.0,screen,reader,A screen reader is,"['<|endoftext|>', 'A', ' screen', ' reader', ' is']",2,3,gpt2-medium
screen_reader,6,2,0.0277,screen,reader,A screen reader is,"['<|endoftext|>', 'A', ' screen', ' reader', ' is']",2,3,gpt2-medium
screen_reader,6,3,0.0087,screen,reader,A screen reader is,"['<|endoftext|>', 'A', ' screen', ' reader', ' is']",2,3,gpt2-medium
screen_reader,6,4,0.0002,screen,reader,A screen reader is,"['<|endoftext|>', 'A', ' screen', ' reader', ' is']",2,3,gpt2-medium
screen_reader,6,5,0.0072,screen,reader,A screen reader is,"['<|endoftext|>', 'A', ' screen', ' reader', ' is']",2,3,gpt2-medium
screen_reader,6,6,0.028,screen,reader,A screen reader is,"['<|endoftext|>', 'A', ' screen', ' reader', ' is']",2,3,gpt2-medium
screen_reader,6,7,0.2749,screen,reader,A screen reader is,"['<|endoftext|>', 'A', ' screen', ' reader', ' is']",2,3,gpt2-medium
screen_reader,6,8,0.014,screen,reader,A screen reader is,"['<|endoftext|>', 'A', ' screen', ' reader', ' is']",2,3,gpt2-medium
screen_reader,6,9,0.0158,screen,reader,A screen reader is,"['<|endoftext|>', 'A', ' screen', ' reader', ' is']",2,3,gpt2-medium
screen_reader,6,10,0.0111,screen,reader,A screen reader is,"['<|endoftext|>', 'A', ' screen', ' reader', ' is']",2,3,gpt2-medium
screen_reader,6,11,0.0017,screen,reader,A screen reader is,"['<|endoftext|>', 'A', ' screen', ' reader', ' is']",2,3,gpt2-medium
screen_reader,6,12,0.0067,screen,reader,A screen reader is,"['<|endoftext|>', 'A', ' screen', ' reader', ' is']",2,3,gpt2-medium
screen_reader,6,13,0.0004,screen,reader,A screen reader is,"['<|endoftext|>', 'A', ' screen', ' reader', ' is']",2,3,gpt2-medium
screen_reader,6,14,0.488,screen,reader,A screen reader is,"['<|endoftext|>', 'A', ' screen', ' reader', ' is']",2,3,gpt2-medium
screen_reader,6,15,0.0,screen,reader,A screen reader is,"['<|endoftext|>', 'A', ' screen', ' reader', ' is']",2,3,gpt2-medium
screen_reader,7,0,0.0046,screen,reader,A screen reader is,"['<|endoftext|>', 'A', ' screen', ' reader', ' is']",2,3,gpt2-medium
screen_reader,7,1,0.0211,screen,reader,A screen reader is,"['<|endoftext|>', 'A', ' screen', ' reader', ' is']",2,3,gpt2-medium
screen_reader,7,2,0.0,screen,reader,A screen reader is,"['<|endoftext|>', 'A', ' screen', ' reader', ' is']",2,3,gpt2-medium
screen_reader,7,3,0.0118,screen,reader,A screen reader is,"['<|endoftext|>', 'A', ' screen', ' reader', ' is']",2,3,gpt2-medium
screen_reader,7,4,0.0105,screen,reader,A screen reader is,"['<|endoftext|>', 'A', ' screen', ' reader', ' is']",2,3,gpt2-medium
screen_reader,7,5,0.0026,screen,reader,A screen reader is,"['<|endoftext|>', 'A', ' screen', ' reader', ' is']",2,3,gpt2-medium
screen_reader,7,6,0.1288,screen,reader,A screen reader is,"['<|endoftext|>', 'A', ' screen', ' reader', ' is']",2,3,gpt2-medium
screen_reader,7,7,0.0021,screen,reader,A screen reader is,"['<|endoftext|>', 'A', ' screen', ' reader', ' is']",2,3,gpt2-medium
screen_reader,7,8,0.0072,screen,reader,A screen reader is,"['<|endoftext|>', 'A', ' screen', ' reader', ' is']",2,3,gpt2-medium
screen_reader,7,9,0.0341,screen,reader,A screen reader is,"['<|endoftext|>', 'A', ' screen', ' reader', ' is']",2,3,gpt2-medium
screen_reader,7,10,0.0041,screen,reader,A screen reader is,"['<|endoftext|>', 'A', ' screen', ' reader', ' is']",2,3,gpt2-medium
screen_reader,7,11,0.0,screen,reader,A screen reader is,"['<|endoftext|>', 'A', ' screen', ' reader', ' is']",2,3,gpt2-medium
screen_reader,7,12,0.0707,screen,reader,A screen reader is,"['<|endoftext|>', 'A', ' screen', ' reader', ' is']",2,3,gpt2-medium
screen_reader,7,13,0.1469,screen,reader,A screen reader is,"['<|endoftext|>', 'A', ' screen', ' reader', ' is']",2,3,gpt2-medium
screen_reader,7,14,0.0398,screen,reader,A screen reader is,"['<|endoftext|>', 'A', ' screen', ' reader', ' is']",2,3,gpt2-medium
screen_reader,7,15,0.0031,screen,reader,A screen reader is,"['<|endoftext|>', 'A', ' screen', ' reader', ' is']",2,3,gpt2-medium
screen_reader,8,0,0.0229,screen,reader,A screen reader is,"['<|endoftext|>', 'A', ' screen', ' reader', ' is']",2,3,gpt2-medium
screen_reader,8,1,0.3384,screen,reader,A screen reader is,"['<|endoftext|>', 'A', ' screen', ' reader', ' is']",2,3,gpt2-medium
screen_reader,8,2,0.0144,screen,reader,A screen reader is,"['<|endoftext|>', 'A', ' screen', ' reader', ' is']",2,3,gpt2-medium
screen_reader,8,3,0.0095,screen,reader,A screen reader is,"['<|endoftext|>', 'A', ' screen', ' reader', ' is']",2,3,gpt2-medium
screen_reader,8,4,0.0106,screen,reader,A screen reader is,"['<|endoftext|>', 'A', ' screen', ' reader', ' is']",2,3,gpt2-medium
screen_reader,8,5,0.02,screen,reader,A screen reader is,"['<|endoftext|>', 'A', ' screen', ' reader', ' is']",2,3,gpt2-medium
screen_reader,8,6,0.0377,screen,reader,A screen reader is,"['<|endoftext|>', 'A', ' screen', ' reader', ' is']",2,3,gpt2-medium
screen_reader,8,7,0.0978,screen,reader,A screen reader is,"['<|endoftext|>', 'A', ' screen', ' reader', ' is']",2,3,gpt2-medium
screen_reader,8,8,0.0079,screen,reader,A screen reader is,"['<|endoftext|>', 'A', ' screen', ' reader', ' is']",2,3,gpt2-medium
screen_reader,8,9,0.1067,screen,reader,A screen reader is,"['<|endoftext|>', 'A', ' screen', ' reader', ' is']",2,3,gpt2-medium
screen_reader,8,10,0.0009,screen,reader,A screen reader is,"['<|endoftext|>', 'A', ' screen', ' reader', ' is']",2,3,gpt2-medium
screen_reader,8,11,0.0148,screen,reader,A screen reader is,"['<|endoftext|>', 'A', ' screen', ' reader', ' is']",2,3,gpt2-medium
screen_reader,8,12,0.0438,screen,reader,A screen reader is,"['<|endoftext|>', 'A', ' screen', ' reader', ' is']",2,3,gpt2-medium
screen_reader,8,13,0.0017,screen,reader,A screen reader is,"['<|endoftext|>', 'A', ' screen', ' reader', ' is']",2,3,gpt2-medium
screen_reader,8,14,0.0461,screen,reader,A screen reader is,"['<|endoftext|>', 'A', ' screen', ' reader', ' is']",2,3,gpt2-medium
screen_reader,8,15,0.017,screen,reader,A screen reader is,"['<|endoftext|>', 'A', ' screen', ' reader', ' is']",2,3,gpt2-medium
screen_reader,9,0,0.0291,screen,reader,A screen reader is,"['<|endoftext|>', 'A', ' screen', ' reader', ' is']",2,3,gpt2-medium
screen_reader,9,1,0.0247,screen,reader,A screen reader is,"['<|endoftext|>', 'A', ' screen', ' reader', ' is']",2,3,gpt2-medium
screen_reader,9,2,0.0364,screen,reader,A screen reader is,"['<|endoftext|>', 'A', ' screen', ' reader', ' is']",2,3,gpt2-medium
screen_reader,9,3,0.0001,screen,reader,A screen reader is,"['<|endoftext|>', 'A', ' screen', ' reader', ' is']",2,3,gpt2-medium
screen_reader,9,4,0.001,screen,reader,A screen reader is,"['<|endoftext|>', 'A', ' screen', ' reader', ' is']",2,3,gpt2-medium
screen_reader,9,5,0.0172,screen,reader,A screen reader is,"['<|endoftext|>', 'A', ' screen', ' reader', ' is']",2,3,gpt2-medium
screen_reader,9,6,0.0613,screen,reader,A screen reader is,"['<|endoftext|>', 'A', ' screen', ' reader', ' is']",2,3,gpt2-medium
screen_reader,9,7,0.0026,screen,reader,A screen reader is,"['<|endoftext|>', 'A', ' screen', ' reader', ' is']",2,3,gpt2-medium
screen_reader,9,8,0.0037,screen,reader,A screen reader is,"['<|endoftext|>', 'A', ' screen', ' reader', ' is']",2,3,gpt2-medium
screen_reader,9,9,0.0,screen,reader,A screen reader is,"['<|endoftext|>', 'A', ' screen', ' reader', ' is']",2,3,gpt2-medium
screen_reader,9,10,0.0032,screen,reader,A screen reader is,"['<|endoftext|>', 'A', ' screen', ' reader', ' is']",2,3,gpt2-medium
screen_reader,9,11,0.0619,screen,reader,A screen reader is,"['<|endoftext|>', 'A', ' screen', ' reader', ' is']",2,3,gpt2-medium
screen_reader,9,12,0.0001,screen,reader,A screen reader is,"['<|endoftext|>', 'A', ' screen', ' reader', ' is']",2,3,gpt2-medium
screen_reader,9,13,0.0006,screen,reader,A screen reader is,"['<|endoftext|>', 'A', ' screen', ' reader', ' is']",2,3,gpt2-medium
screen_reader,9,14,0.0052,screen,reader,A screen reader is,"['<|endoftext|>', 'A', ' screen', ' reader', ' is']",2,3,gpt2-medium
screen_reader,9,15,0.4186,screen,reader,A screen reader is,"['<|endoftext|>', 'A', ' screen', ' reader', ' is']",2,3,gpt2-medium
screen_reader,10,0,0.0309,screen,reader,A screen reader is,"['<|endoftext|>', 'A', ' screen', ' reader', ' is']",2,3,gpt2-medium
screen_reader,10,1,0.0001,screen,reader,A screen reader is,"['<|endoftext|>', 'A', ' screen', ' reader', ' is']",2,3,gpt2-medium
screen_reader,10,2,0.0042,screen,reader,A screen reader is,"['<|endoftext|>', 'A', ' screen', ' reader', ' is']",2,3,gpt2-medium
screen_reader,10,3,0.0024,screen,reader,A screen reader is,"['<|endoftext|>', 'A', ' screen', ' reader', ' is']",2,3,gpt2-medium
screen_reader,10,4,0.0066,screen,reader,A screen reader is,"['<|endoftext|>', 'A', ' screen', ' reader', ' is']",2,3,gpt2-medium
screen_reader,10,5,0.3141,screen,reader,A screen reader is,"['<|endoftext|>', 'A', ' screen', ' reader', ' is']",2,3,gpt2-medium
screen_reader,10,6,0.0515,screen,reader,A screen reader is,"['<|endoftext|>', 'A', ' screen', ' reader', ' is']",2,3,gpt2-medium
screen_reader,10,7,0.0307,screen,reader,A screen reader is,"['<|endoftext|>', 'A', ' screen', ' reader', ' is']",2,3,gpt2-medium
screen_reader,10,8,0.0003,screen,reader,A screen reader is,"['<|endoftext|>', 'A', ' screen', ' reader', ' is']",2,3,gpt2-medium
screen_reader,10,9,0.0042,screen,reader,A screen reader is,"['<|endoftext|>', 'A', ' screen', ' reader', ' is']",2,3,gpt2-medium
screen_reader,10,10,0.6244,screen,reader,A screen reader is,"['<|endoftext|>', 'A', ' screen', ' reader', ' is']",2,3,gpt2-medium
screen_reader,10,11,0.0332,screen,reader,A screen reader is,"['<|endoftext|>', 'A', ' screen', ' reader', ' is']",2,3,gpt2-medium
screen_reader,10,12,0.0739,screen,reader,A screen reader is,"['<|endoftext|>', 'A', ' screen', ' reader', ' is']",2,3,gpt2-medium
screen_reader,10,13,0.007,screen,reader,A screen reader is,"['<|endoftext|>', 'A', ' screen', ' reader', ' is']",2,3,gpt2-medium
screen_reader,10,14,0.1196,screen,reader,A screen reader is,"['<|endoftext|>', 'A', ' screen', ' reader', ' is']",2,3,gpt2-medium
screen_reader,10,15,0.0143,screen,reader,A screen reader is,"['<|endoftext|>', 'A', ' screen', ' reader', ' is']",2,3,gpt2-medium
screen_reader,11,0,0.0103,screen,reader,A screen reader is,"['<|endoftext|>', 'A', ' screen', ' reader', ' is']",2,3,gpt2-medium
screen_reader,11,1,0.0,screen,reader,A screen reader is,"['<|endoftext|>', 'A', ' screen', ' reader', ' is']",2,3,gpt2-medium
screen_reader,11,2,0.005,screen,reader,A screen reader is,"['<|endoftext|>', 'A', ' screen', ' reader', ' is']",2,3,gpt2-medium
screen_reader,11,3,0.0013,screen,reader,A screen reader is,"['<|endoftext|>', 'A', ' screen', ' reader', ' is']",2,3,gpt2-medium
screen_reader,11,4,0.0017,screen,reader,A screen reader is,"['<|endoftext|>', 'A', ' screen', ' reader', ' is']",2,3,gpt2-medium
screen_reader,11,5,0.006,screen,reader,A screen reader is,"['<|endoftext|>', 'A', ' screen', ' reader', ' is']",2,3,gpt2-medium
screen_reader,11,6,0.069,screen,reader,A screen reader is,"['<|endoftext|>', 'A', ' screen', ' reader', ' is']",2,3,gpt2-medium
screen_reader,11,7,0.0753,screen,reader,A screen reader is,"['<|endoftext|>', 'A', ' screen', ' reader', ' is']",2,3,gpt2-medium
screen_reader,11,8,0.0254,screen,reader,A screen reader is,"['<|endoftext|>', 'A', ' screen', ' reader', ' is']",2,3,gpt2-medium
screen_reader,11,9,0.0372,screen,reader,A screen reader is,"['<|endoftext|>', 'A', ' screen', ' reader', ' is']",2,3,gpt2-medium
screen_reader,11,10,0.0061,screen,reader,A screen reader is,"['<|endoftext|>', 'A', ' screen', ' reader', ' is']",2,3,gpt2-medium
screen_reader,11,11,0.0002,screen,reader,A screen reader is,"['<|endoftext|>', 'A', ' screen', ' reader', ' is']",2,3,gpt2-medium
screen_reader,11,12,0.067,screen,reader,A screen reader is,"['<|endoftext|>', 'A', ' screen', ' reader', ' is']",2,3,gpt2-medium
screen_reader,11,13,0.0367,screen,reader,A screen reader is,"['<|endoftext|>', 'A', ' screen', ' reader', ' is']",2,3,gpt2-medium
screen_reader,11,14,0.0009,screen,reader,A screen reader is,"['<|endoftext|>', 'A', ' screen', ' reader', ' is']",2,3,gpt2-medium
screen_reader,11,15,0.0638,screen,reader,A screen reader is,"['<|endoftext|>', 'A', ' screen', ' reader', ' is']",2,3,gpt2-medium
screen_reader,12,0,0.0013,screen,reader,A screen reader is,"['<|endoftext|>', 'A', ' screen', ' reader', ' is']",2,3,gpt2-medium
screen_reader,12,1,0.0,screen,reader,A screen reader is,"['<|endoftext|>', 'A', ' screen', ' reader', ' is']",2,3,gpt2-medium
screen_reader,12,2,0.004,screen,reader,A screen reader is,"['<|endoftext|>', 'A', ' screen', ' reader', ' is']",2,3,gpt2-medium
screen_reader,12,3,0.0071,screen,reader,A screen reader is,"['<|endoftext|>', 'A', ' screen', ' reader', ' is']",2,3,gpt2-medium
screen_reader,12,4,0.0041,screen,reader,A screen reader is,"['<|endoftext|>', 'A', ' screen', ' reader', ' is']",2,3,gpt2-medium
screen_reader,12,5,0.0036,screen,reader,A screen reader is,"['<|endoftext|>', 'A', ' screen', ' reader', ' is']",2,3,gpt2-medium
screen_reader,12,6,0.0237,screen,reader,A screen reader is,"['<|endoftext|>', 'A', ' screen', ' reader', ' is']",2,3,gpt2-medium
screen_reader,12,7,0.0142,screen,reader,A screen reader is,"['<|endoftext|>', 'A', ' screen', ' reader', ' is']",2,3,gpt2-medium
screen_reader,12,8,0.0437,screen,reader,A screen reader is,"['<|endoftext|>', 'A', ' screen', ' reader', ' is']",2,3,gpt2-medium
screen_reader,12,9,0.0138,screen,reader,A screen reader is,"['<|endoftext|>', 'A', ' screen', ' reader', ' is']",2,3,gpt2-medium
screen_reader,12,10,0.0239,screen,reader,A screen reader is,"['<|endoftext|>', 'A', ' screen', ' reader', ' is']",2,3,gpt2-medium
screen_reader,12,11,0.0004,screen,reader,A screen reader is,"['<|endoftext|>', 'A', ' screen', ' reader', ' is']",2,3,gpt2-medium
screen_reader,12,12,0.0026,screen,reader,A screen reader is,"['<|endoftext|>', 'A', ' screen', ' reader', ' is']",2,3,gpt2-medium
screen_reader,12,13,0.0026,screen,reader,A screen reader is,"['<|endoftext|>', 'A', ' screen', ' reader', ' is']",2,3,gpt2-medium
screen_reader,12,14,0.0096,screen,reader,A screen reader is,"['<|endoftext|>', 'A', ' screen', ' reader', ' is']",2,3,gpt2-medium
screen_reader,12,15,0.0192,screen,reader,A screen reader is,"['<|endoftext|>', 'A', ' screen', ' reader', ' is']",2,3,gpt2-medium
screen_reader,13,0,0.0058,screen,reader,A screen reader is,"['<|endoftext|>', 'A', ' screen', ' reader', ' is']",2,3,gpt2-medium
screen_reader,13,1,0.0099,screen,reader,A screen reader is,"['<|endoftext|>', 'A', ' screen', ' reader', ' is']",2,3,gpt2-medium
screen_reader,13,2,0.0038,screen,reader,A screen reader is,"['<|endoftext|>', 'A', ' screen', ' reader', ' is']",2,3,gpt2-medium
screen_reader,13,3,0.1537,screen,reader,A screen reader is,"['<|endoftext|>', 'A', ' screen', ' reader', ' is']",2,3,gpt2-medium
screen_reader,13,4,0.0128,screen,reader,A screen reader is,"['<|endoftext|>', 'A', ' screen', ' reader', ' is']",2,3,gpt2-medium
screen_reader,13,5,0.0091,screen,reader,A screen reader is,"['<|endoftext|>', 'A', ' screen', ' reader', ' is']",2,3,gpt2-medium
screen_reader,13,6,0.0013,screen,reader,A screen reader is,"['<|endoftext|>', 'A', ' screen', ' reader', ' is']",2,3,gpt2-medium
screen_reader,13,7,0.025,screen,reader,A screen reader is,"['<|endoftext|>', 'A', ' screen', ' reader', ' is']",2,3,gpt2-medium
screen_reader,13,8,0.0204,screen,reader,A screen reader is,"['<|endoftext|>', 'A', ' screen', ' reader', ' is']",2,3,gpt2-medium
screen_reader,13,9,0.0215,screen,reader,A screen reader is,"['<|endoftext|>', 'A', ' screen', ' reader', ' is']",2,3,gpt2-medium
screen_reader,13,10,0.0636,screen,reader,A screen reader is,"['<|endoftext|>', 'A', ' screen', ' reader', ' is']",2,3,gpt2-medium
screen_reader,13,11,0.0122,screen,reader,A screen reader is,"['<|endoftext|>', 'A', ' screen', ' reader', ' is']",2,3,gpt2-medium
screen_reader,13,12,0.0003,screen,reader,A screen reader is,"['<|endoftext|>', 'A', ' screen', ' reader', ' is']",2,3,gpt2-medium
screen_reader,13,13,0.0981,screen,reader,A screen reader is,"['<|endoftext|>', 'A', ' screen', ' reader', ' is']",2,3,gpt2-medium
screen_reader,13,14,0.0001,screen,reader,A screen reader is,"['<|endoftext|>', 'A', ' screen', ' reader', ' is']",2,3,gpt2-medium
screen_reader,13,15,0.0272,screen,reader,A screen reader is,"['<|endoftext|>', 'A', ' screen', ' reader', ' is']",2,3,gpt2-medium
screen_reader,14,0,0.0201,screen,reader,A screen reader is,"['<|endoftext|>', 'A', ' screen', ' reader', ' is']",2,3,gpt2-medium
screen_reader,14,1,0.013,screen,reader,A screen reader is,"['<|endoftext|>', 'A', ' screen', ' reader', ' is']",2,3,gpt2-medium
screen_reader,14,2,0.002,screen,reader,A screen reader is,"['<|endoftext|>', 'A', ' screen', ' reader', ' is']",2,3,gpt2-medium
screen_reader,14,3,0.0332,screen,reader,A screen reader is,"['<|endoftext|>', 'A', ' screen', ' reader', ' is']",2,3,gpt2-medium
screen_reader,14,4,0.0121,screen,reader,A screen reader is,"['<|endoftext|>', 'A', ' screen', ' reader', ' is']",2,3,gpt2-medium
screen_reader,14,5,0.001,screen,reader,A screen reader is,"['<|endoftext|>', 'A', ' screen', ' reader', ' is']",2,3,gpt2-medium
screen_reader,14,6,0.0204,screen,reader,A screen reader is,"['<|endoftext|>', 'A', ' screen', ' reader', ' is']",2,3,gpt2-medium
screen_reader,14,7,0.117,screen,reader,A screen reader is,"['<|endoftext|>', 'A', ' screen', ' reader', ' is']",2,3,gpt2-medium
screen_reader,14,8,0.0047,screen,reader,A screen reader is,"['<|endoftext|>', 'A', ' screen', ' reader', ' is']",2,3,gpt2-medium
screen_reader,14,9,0.0001,screen,reader,A screen reader is,"['<|endoftext|>', 'A', ' screen', ' reader', ' is']",2,3,gpt2-medium
screen_reader,14,10,0.0402,screen,reader,A screen reader is,"['<|endoftext|>', 'A', ' screen', ' reader', ' is']",2,3,gpt2-medium
screen_reader,14,11,0.0004,screen,reader,A screen reader is,"['<|endoftext|>', 'A', ' screen', ' reader', ' is']",2,3,gpt2-medium
screen_reader,14,12,0.0109,screen,reader,A screen reader is,"['<|endoftext|>', 'A', ' screen', ' reader', ' is']",2,3,gpt2-medium
screen_reader,14,13,0.0035,screen,reader,A screen reader is,"['<|endoftext|>', 'A', ' screen', ' reader', ' is']",2,3,gpt2-medium
screen_reader,14,14,0.0004,screen,reader,A screen reader is,"['<|endoftext|>', 'A', ' screen', ' reader', ' is']",2,3,gpt2-medium
screen_reader,14,15,0.003,screen,reader,A screen reader is,"['<|endoftext|>', 'A', ' screen', ' reader', ' is']",2,3,gpt2-medium
screen_reader,15,0,0.0097,screen,reader,A screen reader is,"['<|endoftext|>', 'A', ' screen', ' reader', ' is']",2,3,gpt2-medium
screen_reader,15,1,0.0379,screen,reader,A screen reader is,"['<|endoftext|>', 'A', ' screen', ' reader', ' is']",2,3,gpt2-medium
screen_reader,15,2,0.004,screen,reader,A screen reader is,"['<|endoftext|>', 'A', ' screen', ' reader', ' is']",2,3,gpt2-medium
screen_reader,15,3,0.0251,screen,reader,A screen reader is,"['<|endoftext|>', 'A', ' screen', ' reader', ' is']",2,3,gpt2-medium
screen_reader,15,4,0.0031,screen,reader,A screen reader is,"['<|endoftext|>', 'A', ' screen', ' reader', ' is']",2,3,gpt2-medium
screen_reader,15,5,0.0106,screen,reader,A screen reader is,"['<|endoftext|>', 'A', ' screen', ' reader', ' is']",2,3,gpt2-medium
screen_reader,15,6,0.0066,screen,reader,A screen reader is,"['<|endoftext|>', 'A', ' screen', ' reader', ' is']",2,3,gpt2-medium
screen_reader,15,7,0.0305,screen,reader,A screen reader is,"['<|endoftext|>', 'A', ' screen', ' reader', ' is']",2,3,gpt2-medium
screen_reader,15,8,0.0462,screen,reader,A screen reader is,"['<|endoftext|>', 'A', ' screen', ' reader', ' is']",2,3,gpt2-medium
screen_reader,15,9,0.0213,screen,reader,A screen reader is,"['<|endoftext|>', 'A', ' screen', ' reader', ' is']",2,3,gpt2-medium
screen_reader,15,10,0.0917,screen,reader,A screen reader is,"['<|endoftext|>', 'A', ' screen', ' reader', ' is']",2,3,gpt2-medium
screen_reader,15,11,0.0072,screen,reader,A screen reader is,"['<|endoftext|>', 'A', ' screen', ' reader', ' is']",2,3,gpt2-medium
screen_reader,15,12,0.0005,screen,reader,A screen reader is,"['<|endoftext|>', 'A', ' screen', ' reader', ' is']",2,3,gpt2-medium
screen_reader,15,13,0.0154,screen,reader,A screen reader is,"['<|endoftext|>', 'A', ' screen', ' reader', ' is']",2,3,gpt2-medium
screen_reader,15,14,0.0177,screen,reader,A screen reader is,"['<|endoftext|>', 'A', ' screen', ' reader', ' is']",2,3,gpt2-medium
screen_reader,15,15,0.0274,screen,reader,A screen reader is,"['<|endoftext|>', 'A', ' screen', ' reader', ' is']",2,3,gpt2-medium
screen_reader,16,0,0.0025,screen,reader,A screen reader is,"['<|endoftext|>', 'A', ' screen', ' reader', ' is']",2,3,gpt2-medium
screen_reader,16,1,0.0027,screen,reader,A screen reader is,"['<|endoftext|>', 'A', ' screen', ' reader', ' is']",2,3,gpt2-medium
screen_reader,16,2,0.008,screen,reader,A screen reader is,"['<|endoftext|>', 'A', ' screen', ' reader', ' is']",2,3,gpt2-medium
screen_reader,16,3,0.0104,screen,reader,A screen reader is,"['<|endoftext|>', 'A', ' screen', ' reader', ' is']",2,3,gpt2-medium
screen_reader,16,4,0.039,screen,reader,A screen reader is,"['<|endoftext|>', 'A', ' screen', ' reader', ' is']",2,3,gpt2-medium
screen_reader,16,5,0.0302,screen,reader,A screen reader is,"['<|endoftext|>', 'A', ' screen', ' reader', ' is']",2,3,gpt2-medium
screen_reader,16,6,0.0323,screen,reader,A screen reader is,"['<|endoftext|>', 'A', ' screen', ' reader', ' is']",2,3,gpt2-medium
screen_reader,16,7,0.0088,screen,reader,A screen reader is,"['<|endoftext|>', 'A', ' screen', ' reader', ' is']",2,3,gpt2-medium
screen_reader,16,8,0.0614,screen,reader,A screen reader is,"['<|endoftext|>', 'A', ' screen', ' reader', ' is']",2,3,gpt2-medium
screen_reader,16,9,0.0008,screen,reader,A screen reader is,"['<|endoftext|>', 'A', ' screen', ' reader', ' is']",2,3,gpt2-medium
screen_reader,16,10,0.006,screen,reader,A screen reader is,"['<|endoftext|>', 'A', ' screen', ' reader', ' is']",2,3,gpt2-medium
screen_reader,16,11,0.0009,screen,reader,A screen reader is,"['<|endoftext|>', 'A', ' screen', ' reader', ' is']",2,3,gpt2-medium
screen_reader,16,12,0.0038,screen,reader,A screen reader is,"['<|endoftext|>', 'A', ' screen', ' reader', ' is']",2,3,gpt2-medium
screen_reader,16,13,0.0077,screen,reader,A screen reader is,"['<|endoftext|>', 'A', ' screen', ' reader', ' is']",2,3,gpt2-medium
screen_reader,16,14,0.0016,screen,reader,A screen reader is,"['<|endoftext|>', 'A', ' screen', ' reader', ' is']",2,3,gpt2-medium
screen_reader,16,15,0.0023,screen,reader,A screen reader is,"['<|endoftext|>', 'A', ' screen', ' reader', ' is']",2,3,gpt2-medium
screen_reader,17,0,0.0075,screen,reader,A screen reader is,"['<|endoftext|>', 'A', ' screen', ' reader', ' is']",2,3,gpt2-medium
screen_reader,17,1,0.0021,screen,reader,A screen reader is,"['<|endoftext|>', 'A', ' screen', ' reader', ' is']",2,3,gpt2-medium
screen_reader,17,2,0.0007,screen,reader,A screen reader is,"['<|endoftext|>', 'A', ' screen', ' reader', ' is']",2,3,gpt2-medium
screen_reader,17,3,0.0193,screen,reader,A screen reader is,"['<|endoftext|>', 'A', ' screen', ' reader', ' is']",2,3,gpt2-medium
screen_reader,17,4,0.0027,screen,reader,A screen reader is,"['<|endoftext|>', 'A', ' screen', ' reader', ' is']",2,3,gpt2-medium
screen_reader,17,5,0.0104,screen,reader,A screen reader is,"['<|endoftext|>', 'A', ' screen', ' reader', ' is']",2,3,gpt2-medium
screen_reader,17,6,0.02,screen,reader,A screen reader is,"['<|endoftext|>', 'A', ' screen', ' reader', ' is']",2,3,gpt2-medium
screen_reader,17,7,0.0023,screen,reader,A screen reader is,"['<|endoftext|>', 'A', ' screen', ' reader', ' is']",2,3,gpt2-medium
screen_reader,17,8,0.0002,screen,reader,A screen reader is,"['<|endoftext|>', 'A', ' screen', ' reader', ' is']",2,3,gpt2-medium
screen_reader,17,9,0.0007,screen,reader,A screen reader is,"['<|endoftext|>', 'A', ' screen', ' reader', ' is']",2,3,gpt2-medium
screen_reader,17,10,0.0379,screen,reader,A screen reader is,"['<|endoftext|>', 'A', ' screen', ' reader', ' is']",2,3,gpt2-medium
screen_reader,17,11,0.0569,screen,reader,A screen reader is,"['<|endoftext|>', 'A', ' screen', ' reader', ' is']",2,3,gpt2-medium
screen_reader,17,12,0.0072,screen,reader,A screen reader is,"['<|endoftext|>', 'A', ' screen', ' reader', ' is']",2,3,gpt2-medium
screen_reader,17,13,0.0076,screen,reader,A screen reader is,"['<|endoftext|>', 'A', ' screen', ' reader', ' is']",2,3,gpt2-medium
screen_reader,17,14,0.0051,screen,reader,A screen reader is,"['<|endoftext|>', 'A', ' screen', ' reader', ' is']",2,3,gpt2-medium
screen_reader,17,15,0.0217,screen,reader,A screen reader is,"['<|endoftext|>', 'A', ' screen', ' reader', ' is']",2,3,gpt2-medium
screen_reader,18,0,0.0035,screen,reader,A screen reader is,"['<|endoftext|>', 'A', ' screen', ' reader', ' is']",2,3,gpt2-medium
screen_reader,18,1,0.0035,screen,reader,A screen reader is,"['<|endoftext|>', 'A', ' screen', ' reader', ' is']",2,3,gpt2-medium
screen_reader,18,2,0.0009,screen,reader,A screen reader is,"['<|endoftext|>', 'A', ' screen', ' reader', ' is']",2,3,gpt2-medium
screen_reader,18,3,0.0726,screen,reader,A screen reader is,"['<|endoftext|>', 'A', ' screen', ' reader', ' is']",2,3,gpt2-medium
screen_reader,18,4,0.0006,screen,reader,A screen reader is,"['<|endoftext|>', 'A', ' screen', ' reader', ' is']",2,3,gpt2-medium
screen_reader,18,5,0.0006,screen,reader,A screen reader is,"['<|endoftext|>', 'A', ' screen', ' reader', ' is']",2,3,gpt2-medium
screen_reader,18,6,0.0055,screen,reader,A screen reader is,"['<|endoftext|>', 'A', ' screen', ' reader', ' is']",2,3,gpt2-medium
screen_reader,18,7,0.0001,screen,reader,A screen reader is,"['<|endoftext|>', 'A', ' screen', ' reader', ' is']",2,3,gpt2-medium
screen_reader,18,8,0.0001,screen,reader,A screen reader is,"['<|endoftext|>', 'A', ' screen', ' reader', ' is']",2,3,gpt2-medium
screen_reader,18,9,0.0009,screen,reader,A screen reader is,"['<|endoftext|>', 'A', ' screen', ' reader', ' is']",2,3,gpt2-medium
screen_reader,18,10,0.0143,screen,reader,A screen reader is,"['<|endoftext|>', 'A', ' screen', ' reader', ' is']",2,3,gpt2-medium
screen_reader,18,11,0.0009,screen,reader,A screen reader is,"['<|endoftext|>', 'A', ' screen', ' reader', ' is']",2,3,gpt2-medium
screen_reader,18,12,0.0042,screen,reader,A screen reader is,"['<|endoftext|>', 'A', ' screen', ' reader', ' is']",2,3,gpt2-medium
screen_reader,18,13,0.0029,screen,reader,A screen reader is,"['<|endoftext|>', 'A', ' screen', ' reader', ' is']",2,3,gpt2-medium
screen_reader,18,14,0.028,screen,reader,A screen reader is,"['<|endoftext|>', 'A', ' screen', ' reader', ' is']",2,3,gpt2-medium
screen_reader,18,15,0.0895,screen,reader,A screen reader is,"['<|endoftext|>', 'A', ' screen', ' reader', ' is']",2,3,gpt2-medium
screen_reader,19,0,0.0128,screen,reader,A screen reader is,"['<|endoftext|>', 'A', ' screen', ' reader', ' is']",2,3,gpt2-medium
screen_reader,19,1,0.0043,screen,reader,A screen reader is,"['<|endoftext|>', 'A', ' screen', ' reader', ' is']",2,3,gpt2-medium
screen_reader,19,2,0.0005,screen,reader,A screen reader is,"['<|endoftext|>', 'A', ' screen', ' reader', ' is']",2,3,gpt2-medium
screen_reader,19,3,0.0051,screen,reader,A screen reader is,"['<|endoftext|>', 'A', ' screen', ' reader', ' is']",2,3,gpt2-medium
screen_reader,19,4,0.002,screen,reader,A screen reader is,"['<|endoftext|>', 'A', ' screen', ' reader', ' is']",2,3,gpt2-medium
screen_reader,19,5,0.012,screen,reader,A screen reader is,"['<|endoftext|>', 'A', ' screen', ' reader', ' is']",2,3,gpt2-medium
screen_reader,19,6,0.0126,screen,reader,A screen reader is,"['<|endoftext|>', 'A', ' screen', ' reader', ' is']",2,3,gpt2-medium
screen_reader,19,7,0.0006,screen,reader,A screen reader is,"['<|endoftext|>', 'A', ' screen', ' reader', ' is']",2,3,gpt2-medium
screen_reader,19,8,0.0012,screen,reader,A screen reader is,"['<|endoftext|>', 'A', ' screen', ' reader', ' is']",2,3,gpt2-medium
screen_reader,19,9,0.0023,screen,reader,A screen reader is,"['<|endoftext|>', 'A', ' screen', ' reader', ' is']",2,3,gpt2-medium
screen_reader,19,10,0.0046,screen,reader,A screen reader is,"['<|endoftext|>', 'A', ' screen', ' reader', ' is']",2,3,gpt2-medium
screen_reader,19,11,0.0127,screen,reader,A screen reader is,"['<|endoftext|>', 'A', ' screen', ' reader', ' is']",2,3,gpt2-medium
screen_reader,19,12,0.0004,screen,reader,A screen reader is,"['<|endoftext|>', 'A', ' screen', ' reader', ' is']",2,3,gpt2-medium
screen_reader,19,13,0.0021,screen,reader,A screen reader is,"['<|endoftext|>', 'A', ' screen', ' reader', ' is']",2,3,gpt2-medium
screen_reader,19,14,0.0316,screen,reader,A screen reader is,"['<|endoftext|>', 'A', ' screen', ' reader', ' is']",2,3,gpt2-medium
screen_reader,19,15,0.0134,screen,reader,A screen reader is,"['<|endoftext|>', 'A', ' screen', ' reader', ' is']",2,3,gpt2-medium
screen_reader,20,0,0.0278,screen,reader,A screen reader is,"['<|endoftext|>', 'A', ' screen', ' reader', ' is']",2,3,gpt2-medium
screen_reader,20,1,0.0472,screen,reader,A screen reader is,"['<|endoftext|>', 'A', ' screen', ' reader', ' is']",2,3,gpt2-medium
screen_reader,20,2,0.0605,screen,reader,A screen reader is,"['<|endoftext|>', 'A', ' screen', ' reader', ' is']",2,3,gpt2-medium
screen_reader,20,3,0.0043,screen,reader,A screen reader is,"['<|endoftext|>', 'A', ' screen', ' reader', ' is']",2,3,gpt2-medium
screen_reader,20,4,0.0007,screen,reader,A screen reader is,"['<|endoftext|>', 'A', ' screen', ' reader', ' is']",2,3,gpt2-medium
screen_reader,20,5,0.003,screen,reader,A screen reader is,"['<|endoftext|>', 'A', ' screen', ' reader', ' is']",2,3,gpt2-medium
screen_reader,20,6,0.0008,screen,reader,A screen reader is,"['<|endoftext|>', 'A', ' screen', ' reader', ' is']",2,3,gpt2-medium
screen_reader,20,7,0.0018,screen,reader,A screen reader is,"['<|endoftext|>', 'A', ' screen', ' reader', ' is']",2,3,gpt2-medium
screen_reader,20,8,0.001,screen,reader,A screen reader is,"['<|endoftext|>', 'A', ' screen', ' reader', ' is']",2,3,gpt2-medium
screen_reader,20,9,0.003,screen,reader,A screen reader is,"['<|endoftext|>', 'A', ' screen', ' reader', ' is']",2,3,gpt2-medium
screen_reader,20,10,0.0201,screen,reader,A screen reader is,"['<|endoftext|>', 'A', ' screen', ' reader', ' is']",2,3,gpt2-medium
screen_reader,20,11,0.0026,screen,reader,A screen reader is,"['<|endoftext|>', 'A', ' screen', ' reader', ' is']",2,3,gpt2-medium
screen_reader,20,12,0.0007,screen,reader,A screen reader is,"['<|endoftext|>', 'A', ' screen', ' reader', ' is']",2,3,gpt2-medium
screen_reader,20,13,0.0107,screen,reader,A screen reader is,"['<|endoftext|>', 'A', ' screen', ' reader', ' is']",2,3,gpt2-medium
screen_reader,20,14,0.0053,screen,reader,A screen reader is,"['<|endoftext|>', 'A', ' screen', ' reader', ' is']",2,3,gpt2-medium
screen_reader,20,15,0.0057,screen,reader,A screen reader is,"['<|endoftext|>', 'A', ' screen', ' reader', ' is']",2,3,gpt2-medium
screen_reader,21,0,0.0161,screen,reader,A screen reader is,"['<|endoftext|>', 'A', ' screen', ' reader', ' is']",2,3,gpt2-medium
screen_reader,21,1,0.1415,screen,reader,A screen reader is,"['<|endoftext|>', 'A', ' screen', ' reader', ' is']",2,3,gpt2-medium
screen_reader,21,2,0.0205,screen,reader,A screen reader is,"['<|endoftext|>', 'A', ' screen', ' reader', ' is']",2,3,gpt2-medium
screen_reader,21,3,0.0022,screen,reader,A screen reader is,"['<|endoftext|>', 'A', ' screen', ' reader', ' is']",2,3,gpt2-medium
screen_reader,21,4,0.0024,screen,reader,A screen reader is,"['<|endoftext|>', 'A', ' screen', ' reader', ' is']",2,3,gpt2-medium
screen_reader,21,5,0.0047,screen,reader,A screen reader is,"['<|endoftext|>', 'A', ' screen', ' reader', ' is']",2,3,gpt2-medium
screen_reader,21,6,0.1048,screen,reader,A screen reader is,"['<|endoftext|>', 'A', ' screen', ' reader', ' is']",2,3,gpt2-medium
screen_reader,21,7,0.0147,screen,reader,A screen reader is,"['<|endoftext|>', 'A', ' screen', ' reader', ' is']",2,3,gpt2-medium
screen_reader,21,8,0.0029,screen,reader,A screen reader is,"['<|endoftext|>', 'A', ' screen', ' reader', ' is']",2,3,gpt2-medium
screen_reader,21,9,0.0027,screen,reader,A screen reader is,"['<|endoftext|>', 'A', ' screen', ' reader', ' is']",2,3,gpt2-medium
screen_reader,21,10,0.0045,screen,reader,A screen reader is,"['<|endoftext|>', 'A', ' screen', ' reader', ' is']",2,3,gpt2-medium
screen_reader,21,11,0.0024,screen,reader,A screen reader is,"['<|endoftext|>', 'A', ' screen', ' reader', ' is']",2,3,gpt2-medium
screen_reader,21,12,0.0084,screen,reader,A screen reader is,"['<|endoftext|>', 'A', ' screen', ' reader', ' is']",2,3,gpt2-medium
screen_reader,21,13,0.0008,screen,reader,A screen reader is,"['<|endoftext|>', 'A', ' screen', ' reader', ' is']",2,3,gpt2-medium
screen_reader,21,14,0.0847,screen,reader,A screen reader is,"['<|endoftext|>', 'A', ' screen', ' reader', ' is']",2,3,gpt2-medium
screen_reader,21,15,0.001,screen,reader,A screen reader is,"['<|endoftext|>', 'A', ' screen', ' reader', ' is']",2,3,gpt2-medium
screen_reader,22,0,0.01,screen,reader,A screen reader is,"['<|endoftext|>', 'A', ' screen', ' reader', ' is']",2,3,gpt2-medium
screen_reader,22,1,0.0011,screen,reader,A screen reader is,"['<|endoftext|>', 'A', ' screen', ' reader', ' is']",2,3,gpt2-medium
screen_reader,22,2,0.0311,screen,reader,A screen reader is,"['<|endoftext|>', 'A', ' screen', ' reader', ' is']",2,3,gpt2-medium
screen_reader,22,3,0.0234,screen,reader,A screen reader is,"['<|endoftext|>', 'A', ' screen', ' reader', ' is']",2,3,gpt2-medium
screen_reader,22,4,0.001,screen,reader,A screen reader is,"['<|endoftext|>', 'A', ' screen', ' reader', ' is']",2,3,gpt2-medium
screen_reader,22,5,0.0056,screen,reader,A screen reader is,"['<|endoftext|>', 'A', ' screen', ' reader', ' is']",2,3,gpt2-medium
screen_reader,22,6,0.0088,screen,reader,A screen reader is,"['<|endoftext|>', 'A', ' screen', ' reader', ' is']",2,3,gpt2-medium
screen_reader,22,7,0.0032,screen,reader,A screen reader is,"['<|endoftext|>', 'A', ' screen', ' reader', ' is']",2,3,gpt2-medium
screen_reader,22,8,0.0112,screen,reader,A screen reader is,"['<|endoftext|>', 'A', ' screen', ' reader', ' is']",2,3,gpt2-medium
screen_reader,22,9,0.0181,screen,reader,A screen reader is,"['<|endoftext|>', 'A', ' screen', ' reader', ' is']",2,3,gpt2-medium
screen_reader,22,10,0.0352,screen,reader,A screen reader is,"['<|endoftext|>', 'A', ' screen', ' reader', ' is']",2,3,gpt2-medium
screen_reader,22,11,0.0159,screen,reader,A screen reader is,"['<|endoftext|>', 'A', ' screen', ' reader', ' is']",2,3,gpt2-medium
screen_reader,22,12,0.002,screen,reader,A screen reader is,"['<|endoftext|>', 'A', ' screen', ' reader', ' is']",2,3,gpt2-medium
screen_reader,22,13,0.0074,screen,reader,A screen reader is,"['<|endoftext|>', 'A', ' screen', ' reader', ' is']",2,3,gpt2-medium
screen_reader,22,14,0.0077,screen,reader,A screen reader is,"['<|endoftext|>', 'A', ' screen', ' reader', ' is']",2,3,gpt2-medium
screen_reader,22,15,0.0024,screen,reader,A screen reader is,"['<|endoftext|>', 'A', ' screen', ' reader', ' is']",2,3,gpt2-medium
screen_reader,23,0,0.017,screen,reader,A screen reader is,"['<|endoftext|>', 'A', ' screen', ' reader', ' is']",2,3,gpt2-medium
screen_reader,23,1,0.014,screen,reader,A screen reader is,"['<|endoftext|>', 'A', ' screen', ' reader', ' is']",2,3,gpt2-medium
screen_reader,23,2,0.0561,screen,reader,A screen reader is,"['<|endoftext|>', 'A', ' screen', ' reader', ' is']",2,3,gpt2-medium
screen_reader,23,3,0.0267,screen,reader,A screen reader is,"['<|endoftext|>', 'A', ' screen', ' reader', ' is']",2,3,gpt2-medium
screen_reader,23,4,0.0435,screen,reader,A screen reader is,"['<|endoftext|>', 'A', ' screen', ' reader', ' is']",2,3,gpt2-medium
screen_reader,23,5,0.1299,screen,reader,A screen reader is,"['<|endoftext|>', 'A', ' screen', ' reader', ' is']",2,3,gpt2-medium
screen_reader,23,6,0.0016,screen,reader,A screen reader is,"['<|endoftext|>', 'A', ' screen', ' reader', ' is']",2,3,gpt2-medium
screen_reader,23,7,0.0096,screen,reader,A screen reader is,"['<|endoftext|>', 'A', ' screen', ' reader', ' is']",2,3,gpt2-medium
screen_reader,23,8,0.2908,screen,reader,A screen reader is,"['<|endoftext|>', 'A', ' screen', ' reader', ' is']",2,3,gpt2-medium
screen_reader,23,9,0.0035,screen,reader,A screen reader is,"['<|endoftext|>', 'A', ' screen', ' reader', ' is']",2,3,gpt2-medium
screen_reader,23,10,0.0055,screen,reader,A screen reader is,"['<|endoftext|>', 'A', ' screen', ' reader', ' is']",2,3,gpt2-medium
screen_reader,23,11,0.1375,screen,reader,A screen reader is,"['<|endoftext|>', 'A', ' screen', ' reader', ' is']",2,3,gpt2-medium
screen_reader,23,12,0.0047,screen,reader,A screen reader is,"['<|endoftext|>', 'A', ' screen', ' reader', ' is']",2,3,gpt2-medium
screen_reader,23,13,0.2927,screen,reader,A screen reader is,"['<|endoftext|>', 'A', ' screen', ' reader', ' is']",2,3,gpt2-medium
screen_reader,23,14,0.0066,screen,reader,A screen reader is,"['<|endoftext|>', 'A', ' screen', ' reader', ' is']",2,3,gpt2-medium
screen_reader,23,15,0.0074,screen,reader,A screen reader is,"['<|endoftext|>', 'A', ' screen', ' reader', ' is']",2,3,gpt2-medium
alt_text,0,0,0.0286,alt,text,The purpose of alt text is,"['<|endoftext|>', 'The', ' purpose', ' of', ' alt', ' text', ' is']",4,5,gpt2-medium
alt_text,0,1,0.0988,alt,text,The purpose of alt text is,"['<|endoftext|>', 'The', ' purpose', ' of', ' alt', ' text', ' is']",4,5,gpt2-medium
alt_text,0,2,0.007,alt,text,The purpose of alt text is,"['<|endoftext|>', 'The', ' purpose', ' of', ' alt', ' text', ' is']",4,5,gpt2-medium
alt_text,0,3,0.017,alt,text,The purpose of alt text is,"['<|endoftext|>', 'The', ' purpose', ' of', ' alt', ' text', ' is']",4,5,gpt2-medium
alt_text,0,4,0.1525,alt,text,The purpose of alt text is,"['<|endoftext|>', 'The', ' purpose', ' of', ' alt', ' text', ' is']",4,5,gpt2-medium
alt_text,0,5,0.1022,alt,text,The purpose of alt text is,"['<|endoftext|>', 'The', ' purpose', ' of', ' alt', ' text', ' is']",4,5,gpt2-medium
alt_text,0,6,0.2001,alt,text,The purpose of alt text is,"['<|endoftext|>', 'The', ' purpose', ' of', ' alt', ' text', ' is']",4,5,gpt2-medium
alt_text,0,7,0.0818,alt,text,The purpose of alt text is,"['<|endoftext|>', 'The', ' purpose', ' of', ' alt', ' text', ' is']",4,5,gpt2-medium
alt_text,0,8,0.0511,alt,text,The purpose of alt text is,"['<|endoftext|>', 'The', ' purpose', ' of', ' alt', ' text', ' is']",4,5,gpt2-medium
alt_text,0,9,0.064,alt,text,The purpose of alt text is,"['<|endoftext|>', 'The', ' purpose', ' of', ' alt', ' text', ' is']",4,5,gpt2-medium
alt_text,0,10,0.3372,alt,text,The purpose of alt text is,"['<|endoftext|>', 'The', ' purpose', ' of', ' alt', ' text', ' is']",4,5,gpt2-medium
alt_text,0,11,0.1009,alt,text,The purpose of alt text is,"['<|endoftext|>', 'The', ' purpose', ' of', ' alt', ' text', ' is']",4,5,gpt2-medium
alt_text,0,12,0.1081,alt,text,The purpose of alt text is,"['<|endoftext|>', 'The', ' purpose', ' of', ' alt', ' text', ' is']",4,5,gpt2-medium
alt_text,0,13,0.1044,alt,text,The purpose of alt text is,"['<|endoftext|>', 'The', ' purpose', ' of', ' alt', ' text', ' is']",4,5,gpt2-medium
alt_text,0,14,0.0127,alt,text,The purpose of alt text is,"['<|endoftext|>', 'The', ' purpose', ' of', ' alt', ' text', ' is']",4,5,gpt2-medium
alt_text,0,15,0.0745,alt,text,The purpose of alt text is,"['<|endoftext|>', 'The', ' purpose', ' of', ' alt', ' text', ' is']",4,5,gpt2-medium
alt_text,1,0,0.0697,alt,text,The purpose of alt text is,"['<|endoftext|>', 'The', ' purpose', ' of', ' alt', ' text', ' is']",4,5,gpt2-medium
alt_text,1,1,0.1433,alt,text,The purpose of alt text is,"['<|endoftext|>', 'The', ' purpose', ' of', ' alt', ' text', ' is']",4,5,gpt2-medium
alt_text,1,2,0.2047,alt,text,The purpose of alt text is,"['<|endoftext|>', 'The', ' purpose', ' of', ' alt', ' text', ' is']",4,5,gpt2-medium
alt_text,1,3,0.0517,alt,text,The purpose of alt text is,"['<|endoftext|>', 'The', ' purpose', ' of', ' alt', ' text', ' is']",4,5,gpt2-medium
alt_text,1,4,0.0018,alt,text,The purpose of alt text is,"['<|endoftext|>', 'The', ' purpose', ' of', ' alt', ' text', ' is']",4,5,gpt2-medium
alt_text,1,5,0.1835,alt,text,The purpose of alt text is,"['<|endoftext|>', 'The', ' purpose', ' of', ' alt', ' text', ' is']",4,5,gpt2-medium
alt_text,1,6,0.2193,alt,text,The purpose of alt text is,"['<|endoftext|>', 'The', ' purpose', ' of', ' alt', ' text', ' is']",4,5,gpt2-medium
alt_text,1,7,0.0825,alt,text,The purpose of alt text is,"['<|endoftext|>', 'The', ' purpose', ' of', ' alt', ' text', ' is']",4,5,gpt2-medium
alt_text,1,8,0.0742,alt,text,The purpose of alt text is,"['<|endoftext|>', 'The', ' purpose', ' of', ' alt', ' text', ' is']",4,5,gpt2-medium
alt_text,1,9,0.2119,alt,text,The purpose of alt text is,"['<|endoftext|>', 'The', ' purpose', ' of', ' alt', ' text', ' is']",4,5,gpt2-medium
alt_text,1,10,0.0227,alt,text,The purpose of alt text is,"['<|endoftext|>', 'The', ' purpose', ' of', ' alt', ' text', ' is']",4,5,gpt2-medium
alt_text,1,11,0.045,alt,text,The purpose of alt text is,"['<|endoftext|>', 'The', ' purpose', ' of', ' alt', ' text', ' is']",4,5,gpt2-medium
alt_text,1,12,0.0441,alt,text,The purpose of alt text is,"['<|endoftext|>', 'The', ' purpose', ' of', ' alt', ' text', ' is']",4,5,gpt2-medium
alt_text,1,13,0.0846,alt,text,The purpose of alt text is,"['<|endoftext|>', 'The', ' purpose', ' of', ' alt', ' text', ' is']",4,5,gpt2-medium
alt_text,1,14,0.2393,alt,text,The purpose of alt text is,"['<|endoftext|>', 'The', ' purpose', ' of', ' alt', ' text', ' is']",4,5,gpt2-medium
alt_text,1,15,0.1239,alt,text,The purpose of alt text is,"['<|endoftext|>', 'The', ' purpose', ' of', ' alt', ' text', ' is']",4,5,gpt2-medium
alt_text,2,0,0.0738,alt,text,The purpose of alt text is,"['<|endoftext|>', 'The', ' purpose', ' of', ' alt', ' text', ' is']",4,5,gpt2-medium
alt_text,2,1,0.0448,alt,text,The purpose of alt text is,"['<|endoftext|>', 'The', ' purpose', ' of', ' alt', ' text', ' is']",4,5,gpt2-medium
alt_text,2,2,0.2946,alt,text,The purpose of alt text is,"['<|endoftext|>', 'The', ' purpose', ' of', ' alt', ' text', ' is']",4,5,gpt2-medium
alt_text,2,3,0.3006,alt,text,The purpose of alt text is,"['<|endoftext|>', 'The', ' purpose', ' of', ' alt', ' text', ' is']",4,5,gpt2-medium
alt_text,2,4,0.2961,alt,text,The purpose of alt text is,"['<|endoftext|>', 'The', ' purpose', ' of', ' alt', ' text', ' is']",4,5,gpt2-medium
alt_text,2,5,0.3095,alt,text,The purpose of alt text is,"['<|endoftext|>', 'The', ' purpose', ' of', ' alt', ' text', ' is']",4,5,gpt2-medium
alt_text,2,6,0.1166,alt,text,The purpose of alt text is,"['<|endoftext|>', 'The', ' purpose', ' of', ' alt', ' text', ' is']",4,5,gpt2-medium
alt_text,2,7,0.0446,alt,text,The purpose of alt text is,"['<|endoftext|>', 'The', ' purpose', ' of', ' alt', ' text', ' is']",4,5,gpt2-medium
alt_text,2,8,0.469,alt,text,The purpose of alt text is,"['<|endoftext|>', 'The', ' purpose', ' of', ' alt', ' text', ' is']",4,5,gpt2-medium
alt_text,2,9,0.2673,alt,text,The purpose of alt text is,"['<|endoftext|>', 'The', ' purpose', ' of', ' alt', ' text', ' is']",4,5,gpt2-medium
alt_text,2,10,0.1024,alt,text,The purpose of alt text is,"['<|endoftext|>', 'The', ' purpose', ' of', ' alt', ' text', ' is']",4,5,gpt2-medium
alt_text,2,11,0.1354,alt,text,The purpose of alt text is,"['<|endoftext|>', 'The', ' purpose', ' of', ' alt', ' text', ' is']",4,5,gpt2-medium
alt_text,2,12,0.0597,alt,text,The purpose of alt text is,"['<|endoftext|>', 'The', ' purpose', ' of', ' alt', ' text', ' is']",4,5,gpt2-medium
alt_text,2,13,0.1194,alt,text,The purpose of alt text is,"['<|endoftext|>', 'The', ' purpose', ' of', ' alt', ' text', ' is']",4,5,gpt2-medium
alt_text,2,14,0.1004,alt,text,The purpose of alt text is,"['<|endoftext|>', 'The', ' purpose', ' of', ' alt', ' text', ' is']",4,5,gpt2-medium
alt_text,2,15,0.8127,alt,text,The purpose of alt text is,"['<|endoftext|>', 'The', ' purpose', ' of', ' alt', ' text', ' is']",4,5,gpt2-medium
alt_text,3,0,0.0225,alt,text,The purpose of alt text is,"['<|endoftext|>', 'The', ' purpose', ' of', ' alt', ' text', ' is']",4,5,gpt2-medium
alt_text,3,1,0.0694,alt,text,The purpose of alt text is,"['<|endoftext|>', 'The', ' purpose', ' of', ' alt', ' text', ' is']",4,5,gpt2-medium
alt_text,3,2,0.5737,alt,text,The purpose of alt text is,"['<|endoftext|>', 'The', ' purpose', ' of', ' alt', ' text', ' is']",4,5,gpt2-medium
alt_text,3,3,0.762,alt,text,The purpose of alt text is,"['<|endoftext|>', 'The', ' purpose', ' of', ' alt', ' text', ' is']",4,5,gpt2-medium
alt_text,3,4,0.1737,alt,text,The purpose of alt text is,"['<|endoftext|>', 'The', ' purpose', ' of', ' alt', ' text', ' is']",4,5,gpt2-medium
alt_text,3,5,0.3182,alt,text,The purpose of alt text is,"['<|endoftext|>', 'The', ' purpose', ' of', ' alt', ' text', ' is']",4,5,gpt2-medium
alt_text,3,6,0.2678,alt,text,The purpose of alt text is,"['<|endoftext|>', 'The', ' purpose', ' of', ' alt', ' text', ' is']",4,5,gpt2-medium
alt_text,3,7,0.0807,alt,text,The purpose of alt text is,"['<|endoftext|>', 'The', ' purpose', ' of', ' alt', ' text', ' is']",4,5,gpt2-medium
alt_text,3,8,0.2071,alt,text,The purpose of alt text is,"['<|endoftext|>', 'The', ' purpose', ' of', ' alt', ' text', ' is']",4,5,gpt2-medium
alt_text,3,9,0.0797,alt,text,The purpose of alt text is,"['<|endoftext|>', 'The', ' purpose', ' of', ' alt', ' text', ' is']",4,5,gpt2-medium
alt_text,3,10,0.4192,alt,text,The purpose of alt text is,"['<|endoftext|>', 'The', ' purpose', ' of', ' alt', ' text', ' is']",4,5,gpt2-medium
alt_text,3,11,0.1348,alt,text,The purpose of alt text is,"['<|endoftext|>', 'The', ' purpose', ' of', ' alt', ' text', ' is']",4,5,gpt2-medium
alt_text,3,12,0.1529,alt,text,The purpose of alt text is,"['<|endoftext|>', 'The', ' purpose', ' of', ' alt', ' text', ' is']",4,5,gpt2-medium
alt_text,3,13,0.9545,alt,text,The purpose of alt text is,"['<|endoftext|>', 'The', ' purpose', ' of', ' alt', ' text', ' is']",4,5,gpt2-medium
alt_text,3,14,0.0409,alt,text,The purpose of alt text is,"['<|endoftext|>', 'The', ' purpose', ' of', ' alt', ' text', ' is']",4,5,gpt2-medium
alt_text,3,15,0.5339,alt,text,The purpose of alt text is,"['<|endoftext|>', 'The', ' purpose', ' of', ' alt', ' text', ' is']",4,5,gpt2-medium
alt_text,4,0,0.0351,alt,text,The purpose of alt text is,"['<|endoftext|>', 'The', ' purpose', ' of', ' alt', ' text', ' is']",4,5,gpt2-medium
alt_text,4,1,0.3648,alt,text,The purpose of alt text is,"['<|endoftext|>', 'The', ' purpose', ' of', ' alt', ' text', ' is']",4,5,gpt2-medium
alt_text,4,2,0.7639,alt,text,The purpose of alt text is,"['<|endoftext|>', 'The', ' purpose', ' of', ' alt', ' text', ' is']",4,5,gpt2-medium
alt_text,4,3,0.6378,alt,text,The purpose of alt text is,"['<|endoftext|>', 'The', ' purpose', ' of', ' alt', ' text', ' is']",4,5,gpt2-medium
alt_text,4,4,0.7985,alt,text,The purpose of alt text is,"['<|endoftext|>', 'The', ' purpose', ' of', ' alt', ' text', ' is']",4,5,gpt2-medium
alt_text,4,5,0.1208,alt,text,The purpose of alt text is,"['<|endoftext|>', 'The', ' purpose', ' of', ' alt', ' text', ' is']",4,5,gpt2-medium
alt_text,4,6,0.0001,alt,text,The purpose of alt text is,"['<|endoftext|>', 'The', ' purpose', ' of', ' alt', ' text', ' is']",4,5,gpt2-medium
alt_text,4,7,0.8188,alt,text,The purpose of alt text is,"['<|endoftext|>', 'The', ' purpose', ' of', ' alt', ' text', ' is']",4,5,gpt2-medium
alt_text,4,8,0.09,alt,text,The purpose of alt text is,"['<|endoftext|>', 'The', ' purpose', ' of', ' alt', ' text', ' is']",4,5,gpt2-medium
alt_text,4,9,0.0028,alt,text,The purpose of alt text is,"['<|endoftext|>', 'The', ' purpose', ' of', ' alt', ' text', ' is']",4,5,gpt2-medium
alt_text,4,10,0.1624,alt,text,The purpose of alt text is,"['<|endoftext|>', 'The', ' purpose', ' of', ' alt', ' text', ' is']",4,5,gpt2-medium
alt_text,4,11,0.6088,alt,text,The purpose of alt text is,"['<|endoftext|>', 'The', ' purpose', ' of', ' alt', ' text', ' is']",4,5,gpt2-medium
alt_text,4,12,0.4984,alt,text,The purpose of alt text is,"['<|endoftext|>', 'The', ' purpose', ' of', ' alt', ' text', ' is']",4,5,gpt2-medium
alt_text,4,13,0.9996,alt,text,The purpose of alt text is,"['<|endoftext|>', 'The', ' purpose', ' of', ' alt', ' text', ' is']",4,5,gpt2-medium
alt_text,4,14,0.0643,alt,text,The purpose of alt text is,"['<|endoftext|>', 'The', ' purpose', ' of', ' alt', ' text', ' is']",4,5,gpt2-medium
alt_text,4,15,0.0134,alt,text,The purpose of alt text is,"['<|endoftext|>', 'The', ' purpose', ' of', ' alt', ' text', ' is']",4,5,gpt2-medium
alt_text,5,0,0.004,alt,text,The purpose of alt text is,"['<|endoftext|>', 'The', ' purpose', ' of', ' alt', ' text', ' is']",4,5,gpt2-medium
alt_text,5,1,0.0583,alt,text,The purpose of alt text is,"['<|endoftext|>', 'The', ' purpose', ' of', ' alt', ' text', ' is']",4,5,gpt2-medium
alt_text,5,2,0.7138,alt,text,The purpose of alt text is,"['<|endoftext|>', 'The', ' purpose', ' of', ' alt', ' text', ' is']",4,5,gpt2-medium
alt_text,5,3,0.1162,alt,text,The purpose of alt text is,"['<|endoftext|>', 'The', ' purpose', ' of', ' alt', ' text', ' is']",4,5,gpt2-medium
alt_text,5,4,0.5081,alt,text,The purpose of alt text is,"['<|endoftext|>', 'The', ' purpose', ' of', ' alt', ' text', ' is']",4,5,gpt2-medium
alt_text,5,5,0.0231,alt,text,The purpose of alt text is,"['<|endoftext|>', 'The', ' purpose', ' of', ' alt', ' text', ' is']",4,5,gpt2-medium
alt_text,5,6,0.1986,alt,text,The purpose of alt text is,"['<|endoftext|>', 'The', ' purpose', ' of', ' alt', ' text', ' is']",4,5,gpt2-medium
alt_text,5,7,0.0635,alt,text,The purpose of alt text is,"['<|endoftext|>', 'The', ' purpose', ' of', ' alt', ' text', ' is']",4,5,gpt2-medium
alt_text,5,8,0.002,alt,text,The purpose of alt text is,"['<|endoftext|>', 'The', ' purpose', ' of', ' alt', ' text', ' is']",4,5,gpt2-medium
alt_text,5,9,0.201,alt,text,The purpose of alt text is,"['<|endoftext|>', 'The', ' purpose', ' of', ' alt', ' text', ' is']",4,5,gpt2-medium
alt_text,5,10,0.0265,alt,text,The purpose of alt text is,"['<|endoftext|>', 'The', ' purpose', ' of', ' alt', ' text', ' is']",4,5,gpt2-medium
alt_text,5,11,1.0,alt,text,The purpose of alt text is,"['<|endoftext|>', 'The', ' purpose', ' of', ' alt', ' text', ' is']",4,5,gpt2-medium
alt_text,5,12,0.0188,alt,text,The purpose of alt text is,"['<|endoftext|>', 'The', ' purpose', ' of', ' alt', ' text', ' is']",4,5,gpt2-medium
alt_text,5,13,0.0719,alt,text,The purpose of alt text is,"['<|endoftext|>', 'The', ' purpose', ' of', ' alt', ' text', ' is']",4,5,gpt2-medium
alt_text,5,14,0.026,alt,text,The purpose of alt text is,"['<|endoftext|>', 'The', ' purpose', ' of', ' alt', ' text', ' is']",4,5,gpt2-medium
alt_text,5,15,0.0406,alt,text,The purpose of alt text is,"['<|endoftext|>', 'The', ' purpose', ' of', ' alt', ' text', ' is']",4,5,gpt2-medium
alt_text,6,0,0.0038,alt,text,The purpose of alt text is,"['<|endoftext|>', 'The', ' purpose', ' of', ' alt', ' text', ' is']",4,5,gpt2-medium
alt_text,6,1,0.0001,alt,text,The purpose of alt text is,"['<|endoftext|>', 'The', ' purpose', ' of', ' alt', ' text', ' is']",4,5,gpt2-medium
alt_text,6,2,0.0105,alt,text,The purpose of alt text is,"['<|endoftext|>', 'The', ' purpose', ' of', ' alt', ' text', ' is']",4,5,gpt2-medium
alt_text,6,3,0.0074,alt,text,The purpose of alt text is,"['<|endoftext|>', 'The', ' purpose', ' of', ' alt', ' text', ' is']",4,5,gpt2-medium
alt_text,6,4,0.0013,alt,text,The purpose of alt text is,"['<|endoftext|>', 'The', ' purpose', ' of', ' alt', ' text', ' is']",4,5,gpt2-medium
alt_text,6,5,0.128,alt,text,The purpose of alt text is,"['<|endoftext|>', 'The', ' purpose', ' of', ' alt', ' text', ' is']",4,5,gpt2-medium
alt_text,6,6,0.2738,alt,text,The purpose of alt text is,"['<|endoftext|>', 'The', ' purpose', ' of', ' alt', ' text', ' is']",4,5,gpt2-medium
alt_text,6,7,0.9954,alt,text,The purpose of alt text is,"['<|endoftext|>', 'The', ' purpose', ' of', ' alt', ' text', ' is']",4,5,gpt2-medium
alt_text,6,8,0.0401,alt,text,The purpose of alt text is,"['<|endoftext|>', 'The', ' purpose', ' of', ' alt', ' text', ' is']",4,5,gpt2-medium
alt_text,6,9,0.0057,alt,text,The purpose of alt text is,"['<|endoftext|>', 'The', ' purpose', ' of', ' alt', ' text', ' is']",4,5,gpt2-medium
alt_text,6,10,0.0282,alt,text,The purpose of alt text is,"['<|endoftext|>', 'The', ' purpose', ' of', ' alt', ' text', ' is']",4,5,gpt2-medium
alt_text,6,11,0.0069,alt,text,The purpose of alt text is,"['<|endoftext|>', 'The', ' purpose', ' of', ' alt', ' text', ' is']",4,5,gpt2-medium
alt_text,6,12,0.0029,alt,text,The purpose of alt text is,"['<|endoftext|>', 'The', ' purpose', ' of', ' alt', ' text', ' is']",4,5,gpt2-medium
alt_text,6,13,0.0008,alt,text,The purpose of alt text is,"['<|endoftext|>', 'The', ' purpose', ' of', ' alt', ' text', ' is']",4,5,gpt2-medium
alt_text,6,14,0.1441,alt,text,The purpose of alt text is,"['<|endoftext|>', 'The', ' purpose', ' of', ' alt', ' text', ' is']",4,5,gpt2-medium
alt_text,6,15,0.0067,alt,text,The purpose of alt text is,"['<|endoftext|>', 'The', ' purpose', ' of', ' alt', ' text', ' is']",4,5,gpt2-medium
alt_text,7,0,0.0019,alt,text,The purpose of alt text is,"['<|endoftext|>', 'The', ' purpose', ' of', ' alt', ' text', ' is']",4,5,gpt2-medium
alt_text,7,1,0.0308,alt,text,The purpose of alt text is,"['<|endoftext|>', 'The', ' purpose', ' of', ' alt', ' text', ' is']",4,5,gpt2-medium
alt_text,7,2,0.0007,alt,text,The purpose of alt text is,"['<|endoftext|>', 'The', ' purpose', ' of', ' alt', ' text', ' is']",4,5,gpt2-medium
alt_text,7,3,0.0287,alt,text,The purpose of alt text is,"['<|endoftext|>', 'The', ' purpose', ' of', ' alt', ' text', ' is']",4,5,gpt2-medium
alt_text,7,4,0.0165,alt,text,The purpose of alt text is,"['<|endoftext|>', 'The', ' purpose', ' of', ' alt', ' text', ' is']",4,5,gpt2-medium
alt_text,7,5,0.001,alt,text,The purpose of alt text is,"['<|endoftext|>', 'The', ' purpose', ' of', ' alt', ' text', ' is']",4,5,gpt2-medium
alt_text,7,6,0.1211,alt,text,The purpose of alt text is,"['<|endoftext|>', 'The', ' purpose', ' of', ' alt', ' text', ' is']",4,5,gpt2-medium
alt_text,7,7,0.0046,alt,text,The purpose of alt text is,"['<|endoftext|>', 'The', ' purpose', ' of', ' alt', ' text', ' is']",4,5,gpt2-medium
alt_text,7,8,0.0053,alt,text,The purpose of alt text is,"['<|endoftext|>', 'The', ' purpose', ' of', ' alt', ' text', ' is']",4,5,gpt2-medium
alt_text,7,9,0.046,alt,text,The purpose of alt text is,"['<|endoftext|>', 'The', ' purpose', ' of', ' alt', ' text', ' is']",4,5,gpt2-medium
alt_text,7,10,0.0092,alt,text,The purpose of alt text is,"['<|endoftext|>', 'The', ' purpose', ' of', ' alt', ' text', ' is']",4,5,gpt2-medium
alt_text,7,11,0.0,alt,text,The purpose of alt text is,"['<|endoftext|>', 'The', ' purpose', ' of', ' alt', ' text', ' is']",4,5,gpt2-medium
alt_text,7,12,0.0269,alt,text,The purpose of alt text is,"['<|endoftext|>', 'The', ' purpose', ' of', ' alt', ' text', ' is']",4,5,gpt2-medium
alt_text,7,13,0.615,alt,text,The purpose of alt text is,"['<|endoftext|>', 'The', ' purpose', ' of', ' alt', ' text', ' is']",4,5,gpt2-medium
alt_text,7,14,0.5416,alt,text,The purpose of alt text is,"['<|endoftext|>', 'The', ' purpose', ' of', ' alt', ' text', ' is']",4,5,gpt2-medium
alt_text,7,15,0.0005,alt,text,The purpose of alt text is,"['<|endoftext|>', 'The', ' purpose', ' of', ' alt', ' text', ' is']",4,5,gpt2-medium
alt_text,8,0,0.0159,alt,text,The purpose of alt text is,"['<|endoftext|>', 'The', ' purpose', ' of', ' alt', ' text', ' is']",4,5,gpt2-medium
alt_text,8,1,0.6639,alt,text,The purpose of alt text is,"['<|endoftext|>', 'The', ' purpose', ' of', ' alt', ' text', ' is']",4,5,gpt2-medium
alt_text,8,2,0.2111,alt,text,The purpose of alt text is,"['<|endoftext|>', 'The', ' purpose', ' of', ' alt', ' text', ' is']",4,5,gpt2-medium
alt_text,8,3,0.0898,alt,text,The purpose of alt text is,"['<|endoftext|>', 'The', ' purpose', ' of', ' alt', ' text', ' is']",4,5,gpt2-medium
alt_text,8,4,0.0089,alt,text,The purpose of alt text is,"['<|endoftext|>', 'The', ' purpose', ' of', ' alt', ' text', ' is']",4,5,gpt2-medium
alt_text,8,5,0.0168,alt,text,The purpose of alt text is,"['<|endoftext|>', 'The', ' purpose', ' of', ' alt', ' text', ' is']",4,5,gpt2-medium
alt_text,8,6,0.4978,alt,text,The purpose of alt text is,"['<|endoftext|>', 'The', ' purpose', ' of', ' alt', ' text', ' is']",4,5,gpt2-medium
alt_text,8,7,0.2716,alt,text,The purpose of alt text is,"['<|endoftext|>', 'The', ' purpose', ' of', ' alt', ' text', ' is']",4,5,gpt2-medium
alt_text,8,8,0.0073,alt,text,The purpose of alt text is,"['<|endoftext|>', 'The', ' purpose', ' of', ' alt', ' text', ' is']",4,5,gpt2-medium
alt_text,8,9,0.0573,alt,text,The purpose of alt text is,"['<|endoftext|>', 'The', ' purpose', ' of', ' alt', ' text', ' is']",4,5,gpt2-medium
alt_text,8,10,0.0007,alt,text,The purpose of alt text is,"['<|endoftext|>', 'The', ' purpose', ' of', ' alt', ' text', ' is']",4,5,gpt2-medium
alt_text,8,11,0.0116,alt,text,The purpose of alt text is,"['<|endoftext|>', 'The', ' purpose', ' of', ' alt', ' text', ' is']",4,5,gpt2-medium
alt_text,8,12,0.0301,alt,text,The purpose of alt text is,"['<|endoftext|>', 'The', ' purpose', ' of', ' alt', ' text', ' is']",4,5,gpt2-medium
alt_text,8,13,0.0059,alt,text,The purpose of alt text is,"['<|endoftext|>', 'The', ' purpose', ' of', ' alt', ' text', ' is']",4,5,gpt2-medium
alt_text,8,14,0.0336,alt,text,The purpose of alt text is,"['<|endoftext|>', 'The', ' purpose', ' of', ' alt', ' text', ' is']",4,5,gpt2-medium
alt_text,8,15,0.0133,alt,text,The purpose of alt text is,"['<|endoftext|>', 'The', ' purpose', ' of', ' alt', ' text', ' is']",4,5,gpt2-medium
alt_text,9,0,0.0643,alt,text,The purpose of alt text is,"['<|endoftext|>', 'The', ' purpose', ' of', ' alt', ' text', ' is']",4,5,gpt2-medium
alt_text,9,1,0.0583,alt,text,The purpose of alt text is,"['<|endoftext|>', 'The', ' purpose', ' of', ' alt', ' text', ' is']",4,5,gpt2-medium
alt_text,9,2,0.1779,alt,text,The purpose of alt text is,"['<|endoftext|>', 'The', ' purpose', ' of', ' alt', ' text', ' is']",4,5,gpt2-medium
alt_text,9,3,0.0012,alt,text,The purpose of alt text is,"['<|endoftext|>', 'The', ' purpose', ' of', ' alt', ' text', ' is']",4,5,gpt2-medium
alt_text,9,4,0.0007,alt,text,The purpose of alt text is,"['<|endoftext|>', 'The', ' purpose', ' of', ' alt', ' text', ' is']",4,5,gpt2-medium
alt_text,9,5,0.0964,alt,text,The purpose of alt text is,"['<|endoftext|>', 'The', ' purpose', ' of', ' alt', ' text', ' is']",4,5,gpt2-medium
alt_text,9,6,0.0013,alt,text,The purpose of alt text is,"['<|endoftext|>', 'The', ' purpose', ' of', ' alt', ' text', ' is']",4,5,gpt2-medium
alt_text,9,7,0.0051,alt,text,The purpose of alt text is,"['<|endoftext|>', 'The', ' purpose', ' of', ' alt', ' text', ' is']",4,5,gpt2-medium
alt_text,9,8,0.0132,alt,text,The purpose of alt text is,"['<|endoftext|>', 'The', ' purpose', ' of', ' alt', ' text', ' is']",4,5,gpt2-medium
alt_text,9,9,0.0,alt,text,The purpose of alt text is,"['<|endoftext|>', 'The', ' purpose', ' of', ' alt', ' text', ' is']",4,5,gpt2-medium
alt_text,9,10,0.1458,alt,text,The purpose of alt text is,"['<|endoftext|>', 'The', ' purpose', ' of', ' alt', ' text', ' is']",4,5,gpt2-medium
alt_text,9,11,0.1813,alt,text,The purpose of alt text is,"['<|endoftext|>', 'The', ' purpose', ' of', ' alt', ' text', ' is']",4,5,gpt2-medium
alt_text,9,12,0.0008,alt,text,The purpose of alt text is,"['<|endoftext|>', 'The', ' purpose', ' of', ' alt', ' text', ' is']",4,5,gpt2-medium
alt_text,9,13,0.003,alt,text,The purpose of alt text is,"['<|endoftext|>', 'The', ' purpose', ' of', ' alt', ' text', ' is']",4,5,gpt2-medium
alt_text,9,14,0.0491,alt,text,The purpose of alt text is,"['<|endoftext|>', 'The', ' purpose', ' of', ' alt', ' text', ' is']",4,5,gpt2-medium
alt_text,9,15,0.6532,alt,text,The purpose of alt text is,"['<|endoftext|>', 'The', ' purpose', ' of', ' alt', ' text', ' is']",4,5,gpt2-medium
alt_text,10,0,0.1026,alt,text,The purpose of alt text is,"['<|endoftext|>', 'The', ' purpose', ' of', ' alt', ' text', ' is']",4,5,gpt2-medium
alt_text,10,1,0.0014,alt,text,The purpose of alt text is,"['<|endoftext|>', 'The', ' purpose', ' of', ' alt', ' text', ' is']",4,5,gpt2-medium
alt_text,10,2,0.0221,alt,text,The purpose of alt text is,"['<|endoftext|>', 'The', ' purpose', ' of', ' alt', ' text', ' is']",4,5,gpt2-medium
alt_text,10,3,0.0059,alt,text,The purpose of alt text is,"['<|endoftext|>', 'The', ' purpose', ' of', ' alt', ' text', ' is']",4,5,gpt2-medium
alt_text,10,4,0.0155,alt,text,The purpose of alt text is,"['<|endoftext|>', 'The', ' purpose', ' of', ' alt', ' text', ' is']",4,5,gpt2-medium
alt_text,10,5,0.807,alt,text,The purpose of alt text is,"['<|endoftext|>', 'The', ' purpose', ' of', ' alt', ' text', ' is']",4,5,gpt2-medium
alt_text,10,6,0.0316,alt,text,The purpose of alt text is,"['<|endoftext|>', 'The', ' purpose', ' of', ' alt', ' text', ' is']",4,5,gpt2-medium
alt_text,10,7,0.0255,alt,text,The purpose of alt text is,"['<|endoftext|>', 'The', ' purpose', ' of', ' alt', ' text', ' is']",4,5,gpt2-medium
alt_text,10,8,0.0007,alt,text,The purpose of alt text is,"['<|endoftext|>', 'The', ' purpose', ' of', ' alt', ' text', ' is']",4,5,gpt2-medium
alt_text,10,9,0.0233,alt,text,The purpose of alt text is,"['<|endoftext|>', 'The', ' purpose', ' of', ' alt', ' text', ' is']",4,5,gpt2-medium
alt_text,10,10,0.1589,alt,text,The purpose of alt text is,"['<|endoftext|>', 'The', ' purpose', ' of', ' alt', ' text', ' is']",4,5,gpt2-medium
alt_text,10,11,0.0646,alt,text,The purpose of alt text is,"['<|endoftext|>', 'The', ' purpose', ' of', ' alt', ' text', ' is']",4,5,gpt2-medium
alt_text,10,12,0.1526,alt,text,The purpose of alt text is,"['<|endoftext|>', 'The', ' purpose', ' of', ' alt', ' text', ' is']",4,5,gpt2-medium
alt_text,10,13,0.0359,alt,text,The purpose of alt text is,"['<|endoftext|>', 'The', ' purpose', ' of', ' alt', ' text', ' is']",4,5,gpt2-medium
alt_text,10,14,0.0431,alt,text,The purpose of alt text is,"['<|endoftext|>', 'The', ' purpose', ' of', ' alt', ' text', ' is']",4,5,gpt2-medium
alt_text,10,15,0.2163,alt,text,The purpose of alt text is,"['<|endoftext|>', 'The', ' purpose', ' of', ' alt', ' text', ' is']",4,5,gpt2-medium
alt_text,11,0,0.0802,alt,text,The purpose of alt text is,"['<|endoftext|>', 'The', ' purpose', ' of', ' alt', ' text', ' is']",4,5,gpt2-medium
alt_text,11,1,0.0005,alt,text,The purpose of alt text is,"['<|endoftext|>', 'The', ' purpose', ' of', ' alt', ' text', ' is']",4,5,gpt2-medium
alt_text,11,2,0.1185,alt,text,The purpose of alt text is,"['<|endoftext|>', 'The', ' purpose', ' of', ' alt', ' text', ' is']",4,5,gpt2-medium
alt_text,11,3,0.0044,alt,text,The purpose of alt text is,"['<|endoftext|>', 'The', ' purpose', ' of', ' alt', ' text', ' is']",4,5,gpt2-medium
alt_text,11,4,0.0032,alt,text,The purpose of alt text is,"['<|endoftext|>', 'The', ' purpose', ' of', ' alt', ' text', ' is']",4,5,gpt2-medium
alt_text,11,5,0.2216,alt,text,The purpose of alt text is,"['<|endoftext|>', 'The', ' purpose', ' of', ' alt', ' text', ' is']",4,5,gpt2-medium
alt_text,11,6,0.2229,alt,text,The purpose of alt text is,"['<|endoftext|>', 'The', ' purpose', ' of', ' alt', ' text', ' is']",4,5,gpt2-medium
alt_text,11,7,0.1055,alt,text,The purpose of alt text is,"['<|endoftext|>', 'The', ' purpose', ' of', ' alt', ' text', ' is']",4,5,gpt2-medium
alt_text,11,8,0.042,alt,text,The purpose of alt text is,"['<|endoftext|>', 'The', ' purpose', ' of', ' alt', ' text', ' is']",4,5,gpt2-medium
alt_text,11,9,0.036,alt,text,The purpose of alt text is,"['<|endoftext|>', 'The', ' purpose', ' of', ' alt', ' text', ' is']",4,5,gpt2-medium
alt_text,11,10,0.0072,alt,text,The purpose of alt text is,"['<|endoftext|>', 'The', ' purpose', ' of', ' alt', ' text', ' is']",4,5,gpt2-medium
alt_text,11,11,0.0024,alt,text,The purpose of alt text is,"['<|endoftext|>', 'The', ' purpose', ' of', ' alt', ' text', ' is']",4,5,gpt2-medium
alt_text,11,12,0.0656,alt,text,The purpose of alt text is,"['<|endoftext|>', 'The', ' purpose', ' of', ' alt', ' text', ' is']",4,5,gpt2-medium
alt_text,11,13,0.0604,alt,text,The purpose of alt text is,"['<|endoftext|>', 'The', ' purpose', ' of', ' alt', ' text', ' is']",4,5,gpt2-medium
alt_text,11,14,0.0034,alt,text,The purpose of alt text is,"['<|endoftext|>', 'The', ' purpose', ' of', ' alt', ' text', ' is']",4,5,gpt2-medium
alt_text,11,15,0.0299,alt,text,The purpose of alt text is,"['<|endoftext|>', 'The', ' purpose', ' of', ' alt', ' text', ' is']",4,5,gpt2-medium
alt_text,12,0,0.003,alt,text,The purpose of alt text is,"['<|endoftext|>', 'The', ' purpose', ' of', ' alt', ' text', ' is']",4,5,gpt2-medium
alt_text,12,1,0.0004,alt,text,The purpose of alt text is,"['<|endoftext|>', 'The', ' purpose', ' of', ' alt', ' text', ' is']",4,5,gpt2-medium
alt_text,12,2,0.003,alt,text,The purpose of alt text is,"['<|endoftext|>', 'The', ' purpose', ' of', ' alt', ' text', ' is']",4,5,gpt2-medium
alt_text,12,3,0.0109,alt,text,The purpose of alt text is,"['<|endoftext|>', 'The', ' purpose', ' of', ' alt', ' text', ' is']",4,5,gpt2-medium
alt_text,12,4,0.0036,alt,text,The purpose of alt text is,"['<|endoftext|>', 'The', ' purpose', ' of', ' alt', ' text', ' is']",4,5,gpt2-medium
alt_text,12,5,0.0554,alt,text,The purpose of alt text is,"['<|endoftext|>', 'The', ' purpose', ' of', ' alt', ' text', ' is']",4,5,gpt2-medium
alt_text,12,6,0.0492,alt,text,The purpose of alt text is,"['<|endoftext|>', 'The', ' purpose', ' of', ' alt', ' text', ' is']",4,5,gpt2-medium
alt_text,12,7,0.0051,alt,text,The purpose of alt text is,"['<|endoftext|>', 'The', ' purpose', ' of', ' alt', ' text', ' is']",4,5,gpt2-medium
alt_text,12,8,0.2546,alt,text,The purpose of alt text is,"['<|endoftext|>', 'The', ' purpose', ' of', ' alt', ' text', ' is']",4,5,gpt2-medium
alt_text,12,9,0.0782,alt,text,The purpose of alt text is,"['<|endoftext|>', 'The', ' purpose', ' of', ' alt', ' text', ' is']",4,5,gpt2-medium
alt_text,12,10,0.0396,alt,text,The purpose of alt text is,"['<|endoftext|>', 'The', ' purpose', ' of', ' alt', ' text', ' is']",4,5,gpt2-medium
alt_text,12,11,0.0002,alt,text,The purpose of alt text is,"['<|endoftext|>', 'The', ' purpose', ' of', ' alt', ' text', ' is']",4,5,gpt2-medium
alt_text,12,12,0.0071,alt,text,The purpose of alt text is,"['<|endoftext|>', 'The', ' purpose', ' of', ' alt', ' text', ' is']",4,5,gpt2-medium
alt_text,12,13,0.0064,alt,text,The purpose of alt text is,"['<|endoftext|>', 'The', ' purpose', ' of', ' alt', ' text', ' is']",4,5,gpt2-medium
alt_text,12,14,0.017,alt,text,The purpose of alt text is,"['<|endoftext|>', 'The', ' purpose', ' of', ' alt', ' text', ' is']",4,5,gpt2-medium
alt_text,12,15,0.0433,alt,text,The purpose of alt text is,"['<|endoftext|>', 'The', ' purpose', ' of', ' alt', ' text', ' is']",4,5,gpt2-medium
alt_text,13,0,0.0143,alt,text,The purpose of alt text is,"['<|endoftext|>', 'The', ' purpose', ' of', ' alt', ' text', ' is']",4,5,gpt2-medium
alt_text,13,1,0.002,alt,text,The purpose of alt text is,"['<|endoftext|>', 'The', ' purpose', ' of', ' alt', ' text', ' is']",4,5,gpt2-medium
alt_text,13,2,0.0018,alt,text,The purpose of alt text is,"['<|endoftext|>', 'The', ' purpose', ' of', ' alt', ' text', ' is']",4,5,gpt2-medium
alt_text,13,3,0.158,alt,text,The purpose of alt text is,"['<|endoftext|>', 'The', ' purpose', ' of', ' alt', ' text', ' is']",4,5,gpt2-medium
alt_text,13,4,0.0756,alt,text,The purpose of alt text is,"['<|endoftext|>', 'The', ' purpose', ' of', ' alt', ' text', ' is']",4,5,gpt2-medium
alt_text,13,5,0.051,alt,text,The purpose of alt text is,"['<|endoftext|>', 'The', ' purpose', ' of', ' alt', ' text', ' is']",4,5,gpt2-medium
alt_text,13,6,0.0071,alt,text,The purpose of alt text is,"['<|endoftext|>', 'The', ' purpose', ' of', ' alt', ' text', ' is']",4,5,gpt2-medium
alt_text,13,7,0.0176,alt,text,The purpose of alt text is,"['<|endoftext|>', 'The', ' purpose', ' of', ' alt', ' text', ' is']",4,5,gpt2-medium
alt_text,13,8,0.0239,alt,text,The purpose of alt text is,"['<|endoftext|>', 'The', ' purpose', ' of', ' alt', ' text', ' is']",4,5,gpt2-medium
alt_text,13,9,0.0152,alt,text,The purpose of alt text is,"['<|endoftext|>', 'The', ' purpose', ' of', ' alt', ' text', ' is']",4,5,gpt2-medium
alt_text,13,10,0.0924,alt,text,The purpose of alt text is,"['<|endoftext|>', 'The', ' purpose', ' of', ' alt', ' text', ' is']",4,5,gpt2-medium
alt_text,13,11,0.0496,alt,text,The purpose of alt text is,"['<|endoftext|>', 'The', ' purpose', ' of', ' alt', ' text', ' is']",4,5,gpt2-medium
alt_text,13,12,0.0024,alt,text,The purpose of alt text is,"['<|endoftext|>', 'The', ' purpose', ' of', ' alt', ' text', ' is']",4,5,gpt2-medium
alt_text,13,13,0.1943,alt,text,The purpose of alt text is,"['<|endoftext|>', 'The', ' purpose', ' of', ' alt', ' text', ' is']",4,5,gpt2-medium
alt_text,13,14,0.0002,alt,text,The purpose of alt text is,"['<|endoftext|>', 'The', ' purpose', ' of', ' alt', ' text', ' is']",4,5,gpt2-medium
alt_text,13,15,0.0338,alt,text,The purpose of alt text is,"['<|endoftext|>', 'The', ' purpose', ' of', ' alt', ' text', ' is']",4,5,gpt2-medium
alt_text,14,0,0.005,alt,text,The purpose of alt text is,"['<|endoftext|>', 'The', ' purpose', ' of', ' alt', ' text', ' is']",4,5,gpt2-medium
alt_text,14,1,0.0142,alt,text,The purpose of alt text is,"['<|endoftext|>', 'The', ' purpose', ' of', ' alt', ' text', ' is']",4,5,gpt2-medium
alt_text,14,2,0.0003,alt,text,The purpose of alt text is,"['<|endoftext|>', 'The', ' purpose', ' of', ' alt', ' text', ' is']",4,5,gpt2-medium
alt_text,14,3,0.1563,alt,text,The purpose of alt text is,"['<|endoftext|>', 'The', ' purpose', ' of', ' alt', ' text', ' is']",4,5,gpt2-medium
alt_text,14,4,0.0677,alt,text,The purpose of alt text is,"['<|endoftext|>', 'The', ' purpose', ' of', ' alt', ' text', ' is']",4,5,gpt2-medium
alt_text,14,5,0.006,alt,text,The purpose of alt text is,"['<|endoftext|>', 'The', ' purpose', ' of', ' alt', ' text', ' is']",4,5,gpt2-medium
alt_text,14,6,0.0436,alt,text,The purpose of alt text is,"['<|endoftext|>', 'The', ' purpose', ' of', ' alt', ' text', ' is']",4,5,gpt2-medium
alt_text,14,7,0.0394,alt,text,The purpose of alt text is,"['<|endoftext|>', 'The', ' purpose', ' of', ' alt', ' text', ' is']",4,5,gpt2-medium
alt_text,14,8,0.1519,alt,text,The purpose of alt text is,"['<|endoftext|>', 'The', ' purpose', ' of', ' alt', ' text', ' is']",4,5,gpt2-medium
alt_text,14,9,0.0,alt,text,The purpose of alt text is,"['<|endoftext|>', 'The', ' purpose', ' of', ' alt', ' text', ' is']",4,5,gpt2-medium
alt_text,14,10,0.0154,alt,text,The purpose of alt text is,"['<|endoftext|>', 'The', ' purpose', ' of', ' alt', ' text', ' is']",4,5,gpt2-medium
alt_text,14,11,0.0032,alt,text,The purpose of alt text is,"['<|endoftext|>', 'The', ' purpose', ' of', ' alt', ' text', ' is']",4,5,gpt2-medium
alt_text,14,12,0.0143,alt,text,The purpose of alt text is,"['<|endoftext|>', 'The', ' purpose', ' of', ' alt', ' text', ' is']",4,5,gpt2-medium
alt_text,14,13,0.011,alt,text,The purpose of alt text is,"['<|endoftext|>', 'The', ' purpose', ' of', ' alt', ' text', ' is']",4,5,gpt2-medium
alt_text,14,14,0.0014,alt,text,The purpose of alt text is,"['<|endoftext|>', 'The', ' purpose', ' of', ' alt', ' text', ' is']",4,5,gpt2-medium
alt_text,14,15,0.0164,alt,text,The purpose of alt text is,"['<|endoftext|>', 'The', ' purpose', ' of', ' alt', ' text', ' is']",4,5,gpt2-medium
alt_text,15,0,0.0034,alt,text,The purpose of alt text is,"['<|endoftext|>', 'The', ' purpose', ' of', ' alt', ' text', ' is']",4,5,gpt2-medium
alt_text,15,1,0.0481,alt,text,The purpose of alt text is,"['<|endoftext|>', 'The', ' purpose', ' of', ' alt', ' text', ' is']",4,5,gpt2-medium
alt_text,15,2,0.0057,alt,text,The purpose of alt text is,"['<|endoftext|>', 'The', ' purpose', ' of', ' alt', ' text', ' is']",4,5,gpt2-medium
alt_text,15,3,0.0071,alt,text,The purpose of alt text is,"['<|endoftext|>', 'The', ' purpose', ' of', ' alt', ' text', ' is']",4,5,gpt2-medium
alt_text,15,4,0.0148,alt,text,The purpose of alt text is,"['<|endoftext|>', 'The', ' purpose', ' of', ' alt', ' text', ' is']",4,5,gpt2-medium
alt_text,15,5,0.0885,alt,text,The purpose of alt text is,"['<|endoftext|>', 'The', ' purpose', ' of', ' alt', ' text', ' is']",4,5,gpt2-medium
alt_text,15,6,0.0077,alt,text,The purpose of alt text is,"['<|endoftext|>', 'The', ' purpose', ' of', ' alt', ' text', ' is']",4,5,gpt2-medium
alt_text,15,7,0.0423,alt,text,The purpose of alt text is,"['<|endoftext|>', 'The', ' purpose', ' of', ' alt', ' text', ' is']",4,5,gpt2-medium
alt_text,15,8,0.0711,alt,text,The purpose of alt text is,"['<|endoftext|>', 'The', ' purpose', ' of', ' alt', ' text', ' is']",4,5,gpt2-medium
alt_text,15,9,0.0164,alt,text,The purpose of alt text is,"['<|endoftext|>', 'The', ' purpose', ' of', ' alt', ' text', ' is']",4,5,gpt2-medium
alt_text,15,10,0.1029,alt,text,The purpose of alt text is,"['<|endoftext|>', 'The', ' purpose', ' of', ' alt', ' text', ' is']",4,5,gpt2-medium
alt_text,15,11,0.0126,alt,text,The purpose of alt text is,"['<|endoftext|>', 'The', ' purpose', ' of', ' alt', ' text', ' is']",4,5,gpt2-medium
alt_text,15,12,0.002,alt,text,The purpose of alt text is,"['<|endoftext|>', 'The', ' purpose', ' of', ' alt', ' text', ' is']",4,5,gpt2-medium
alt_text,15,13,0.0723,alt,text,The purpose of alt text is,"['<|endoftext|>', 'The', ' purpose', ' of', ' alt', ' text', ' is']",4,5,gpt2-medium
alt_text,15,14,0.0236,alt,text,The purpose of alt text is,"['<|endoftext|>', 'The', ' purpose', ' of', ' alt', ' text', ' is']",4,5,gpt2-medium
alt_text,15,15,0.0592,alt,text,The purpose of alt text is,"['<|endoftext|>', 'The', ' purpose', ' of', ' alt', ' text', ' is']",4,5,gpt2-medium
alt_text,16,0,0.0185,alt,text,The purpose of alt text is,"['<|endoftext|>', 'The', ' purpose', ' of', ' alt', ' text', ' is']",4,5,gpt2-medium
alt_text,16,1,0.0024,alt,text,The purpose of alt text is,"['<|endoftext|>', 'The', ' purpose', ' of', ' alt', ' text', ' is']",4,5,gpt2-medium
alt_text,16,2,0.0033,alt,text,The purpose of alt text is,"['<|endoftext|>', 'The', ' purpose', ' of', ' alt', ' text', ' is']",4,5,gpt2-medium
alt_text,16,3,0.0012,alt,text,The purpose of alt text is,"['<|endoftext|>', 'The', ' purpose', ' of', ' alt', ' text', ' is']",4,5,gpt2-medium
alt_text,16,4,0.0105,alt,text,The purpose of alt text is,"['<|endoftext|>', 'The', ' purpose', ' of', ' alt', ' text', ' is']",4,5,gpt2-medium
alt_text,16,5,0.0626,alt,text,The purpose of alt text is,"['<|endoftext|>', 'The', ' purpose', ' of', ' alt', ' text', ' is']",4,5,gpt2-medium
alt_text,16,6,0.0653,alt,text,The purpose of alt text is,"['<|endoftext|>', 'The', ' purpose', ' of', ' alt', ' text', ' is']",4,5,gpt2-medium
alt_text,16,7,0.3596,alt,text,The purpose of alt text is,"['<|endoftext|>', 'The', ' purpose', ' of', ' alt', ' text', ' is']",4,5,gpt2-medium
alt_text,16,8,0.03,alt,text,The purpose of alt text is,"['<|endoftext|>', 'The', ' purpose', ' of', ' alt', ' text', ' is']",4,5,gpt2-medium
alt_text,16,9,0.0016,alt,text,The purpose of alt text is,"['<|endoftext|>', 'The', ' purpose', ' of', ' alt', ' text', ' is']",4,5,gpt2-medium
alt_text,16,10,0.0218,alt,text,The purpose of alt text is,"['<|endoftext|>', 'The', ' purpose', ' of', ' alt', ' text', ' is']",4,5,gpt2-medium
alt_text,16,11,0.0013,alt,text,The purpose of alt text is,"['<|endoftext|>', 'The', ' purpose', ' of', ' alt', ' text', ' is']",4,5,gpt2-medium
alt_text,16,12,0.0235,alt,text,The purpose of alt text is,"['<|endoftext|>', 'The', ' purpose', ' of', ' alt', ' text', ' is']",4,5,gpt2-medium
alt_text,16,13,0.0052,alt,text,The purpose of alt text is,"['<|endoftext|>', 'The', ' purpose', ' of', ' alt', ' text', ' is']",4,5,gpt2-medium
alt_text,16,14,0.0249,alt,text,The purpose of alt text is,"['<|endoftext|>', 'The', ' purpose', ' of', ' alt', ' text', ' is']",4,5,gpt2-medium
alt_text,16,15,0.003,alt,text,The purpose of alt text is,"['<|endoftext|>', 'The', ' purpose', ' of', ' alt', ' text', ' is']",4,5,gpt2-medium
alt_text,17,0,0.0047,alt,text,The purpose of alt text is,"['<|endoftext|>', 'The', ' purpose', ' of', ' alt', ' text', ' is']",4,5,gpt2-medium
alt_text,17,1,0.005,alt,text,The purpose of alt text is,"['<|endoftext|>', 'The', ' purpose', ' of', ' alt', ' text', ' is']",4,5,gpt2-medium
alt_text,17,2,0.0048,alt,text,The purpose of alt text is,"['<|endoftext|>', 'The', ' purpose', ' of', ' alt', ' text', ' is']",4,5,gpt2-medium
alt_text,17,3,0.0003,alt,text,The purpose of alt text is,"['<|endoftext|>', 'The', ' purpose', ' of', ' alt', ' text', ' is']",4,5,gpt2-medium
alt_text,17,4,0.013,alt,text,The purpose of alt text is,"['<|endoftext|>', 'The', ' purpose', ' of', ' alt', ' text', ' is']",4,5,gpt2-medium
alt_text,17,5,0.0104,alt,text,The purpose of alt text is,"['<|endoftext|>', 'The', ' purpose', ' of', ' alt', ' text', ' is']",4,5,gpt2-medium
alt_text,17,6,0.0197,alt,text,The purpose of alt text is,"['<|endoftext|>', 'The', ' purpose', ' of', ' alt', ' text', ' is']",4,5,gpt2-medium
alt_text,17,7,0.0018,alt,text,The purpose of alt text is,"['<|endoftext|>', 'The', ' purpose', ' of', ' alt', ' text', ' is']",4,5,gpt2-medium
alt_text,17,8,0.0007,alt,text,The purpose of alt text is,"['<|endoftext|>', 'The', ' purpose', ' of', ' alt', ' text', ' is']",4,5,gpt2-medium
alt_text,17,9,0.0081,alt,text,The purpose of alt text is,"['<|endoftext|>', 'The', ' purpose', ' of', ' alt', ' text', ' is']",4,5,gpt2-medium
alt_text,17,10,0.0107,alt,text,The purpose of alt text is,"['<|endoftext|>', 'The', ' purpose', ' of', ' alt', ' text', ' is']",4,5,gpt2-medium
alt_text,17,11,0.1657,alt,text,The purpose of alt text is,"['<|endoftext|>', 'The', ' purpose', ' of', ' alt', ' text', ' is']",4,5,gpt2-medium
alt_text,17,12,0.0348,alt,text,The purpose of alt text is,"['<|endoftext|>', 'The', ' purpose', ' of', ' alt', ' text', ' is']",4,5,gpt2-medium
alt_text,17,13,0.0139,alt,text,The purpose of alt text is,"['<|endoftext|>', 'The', ' purpose', ' of', ' alt', ' text', ' is']",4,5,gpt2-medium
alt_text,17,14,0.0411,alt,text,The purpose of alt text is,"['<|endoftext|>', 'The', ' purpose', ' of', ' alt', ' text', ' is']",4,5,gpt2-medium
alt_text,17,15,0.0724,alt,text,The purpose of alt text is,"['<|endoftext|>', 'The', ' purpose', ' of', ' alt', ' text', ' is']",4,5,gpt2-medium
alt_text,18,0,0.0092,alt,text,The purpose of alt text is,"['<|endoftext|>', 'The', ' purpose', ' of', ' alt', ' text', ' is']",4,5,gpt2-medium
alt_text,18,1,0.0109,alt,text,The purpose of alt text is,"['<|endoftext|>', 'The', ' purpose', ' of', ' alt', ' text', ' is']",4,5,gpt2-medium
alt_text,18,2,0.0033,alt,text,The purpose of alt text is,"['<|endoftext|>', 'The', ' purpose', ' of', ' alt', ' text', ' is']",4,5,gpt2-medium
alt_text,18,3,0.5372,alt,text,The purpose of alt text is,"['<|endoftext|>', 'The', ' purpose', ' of', ' alt', ' text', ' is']",4,5,gpt2-medium
alt_text,18,4,0.0026,alt,text,The purpose of alt text is,"['<|endoftext|>', 'The', ' purpose', ' of', ' alt', ' text', ' is']",4,5,gpt2-medium
alt_text,18,5,0.0169,alt,text,The purpose of alt text is,"['<|endoftext|>', 'The', ' purpose', ' of', ' alt', ' text', ' is']",4,5,gpt2-medium
alt_text,18,6,0.0282,alt,text,The purpose of alt text is,"['<|endoftext|>', 'The', ' purpose', ' of', ' alt', ' text', ' is']",4,5,gpt2-medium
alt_text,18,7,0.0152,alt,text,The purpose of alt text is,"['<|endoftext|>', 'The', ' purpose', ' of', ' alt', ' text', ' is']",4,5,gpt2-medium
alt_text,18,8,0.0069,alt,text,The purpose of alt text is,"['<|endoftext|>', 'The', ' purpose', ' of', ' alt', ' text', ' is']",4,5,gpt2-medium
alt_text,18,9,0.0055,alt,text,The purpose of alt text is,"['<|endoftext|>', 'The', ' purpose', ' of', ' alt', ' text', ' is']",4,5,gpt2-medium
alt_text,18,10,0.0126,alt,text,The purpose of alt text is,"['<|endoftext|>', 'The', ' purpose', ' of', ' alt', ' text', ' is']",4,5,gpt2-medium
alt_text,18,11,0.0051,alt,text,The purpose of alt text is,"['<|endoftext|>', 'The', ' purpose', ' of', ' alt', ' text', ' is']",4,5,gpt2-medium
alt_text,18,12,0.0265,alt,text,The purpose of alt text is,"['<|endoftext|>', 'The', ' purpose', ' of', ' alt', ' text', ' is']",4,5,gpt2-medium
alt_text,18,13,0.0038,alt,text,The purpose of alt text is,"['<|endoftext|>', 'The', ' purpose', ' of', ' alt', ' text', ' is']",4,5,gpt2-medium
alt_text,18,14,0.1686,alt,text,The purpose of alt text is,"['<|endoftext|>', 'The', ' purpose', ' of', ' alt', ' text', ' is']",4,5,gpt2-medium
alt_text,18,15,0.1941,alt,text,The purpose of alt text is,"['<|endoftext|>', 'The', ' purpose', ' of', ' alt', ' text', ' is']",4,5,gpt2-medium
alt_text,19,0,0.0527,alt,text,The purpose of alt text is,"['<|endoftext|>', 'The', ' purpose', ' of', ' alt', ' text', ' is']",4,5,gpt2-medium
alt_text,19,1,0.0044,alt,text,The purpose of alt text is,"['<|endoftext|>', 'The', ' purpose', ' of', ' alt', ' text', ' is']",4,5,gpt2-medium
alt_text,19,2,0.002,alt,text,The purpose of alt text is,"['<|endoftext|>', 'The', ' purpose', ' of', ' alt', ' text', ' is']",4,5,gpt2-medium
alt_text,19,3,0.0138,alt,text,The purpose of alt text is,"['<|endoftext|>', 'The', ' purpose', ' of', ' alt', ' text', ' is']",4,5,gpt2-medium
alt_text,19,4,0.0014,alt,text,The purpose of alt text is,"['<|endoftext|>', 'The', ' purpose', ' of', ' alt', ' text', ' is']",4,5,gpt2-medium
alt_text,19,5,0.0036,alt,text,The purpose of alt text is,"['<|endoftext|>', 'The', ' purpose', ' of', ' alt', ' text', ' is']",4,5,gpt2-medium
alt_text,19,6,0.0884,alt,text,The purpose of alt text is,"['<|endoftext|>', 'The', ' purpose', ' of', ' alt', ' text', ' is']",4,5,gpt2-medium
alt_text,19,7,0.0028,alt,text,The purpose of alt text is,"['<|endoftext|>', 'The', ' purpose', ' of', ' alt', ' text', ' is']",4,5,gpt2-medium
alt_text,19,8,0.0072,alt,text,The purpose of alt text is,"['<|endoftext|>', 'The', ' purpose', ' of', ' alt', ' text', ' is']",4,5,gpt2-medium
alt_text,19,9,0.0039,alt,text,The purpose of alt text is,"['<|endoftext|>', 'The', ' purpose', ' of', ' alt', ' text', ' is']",4,5,gpt2-medium
alt_text,19,10,0.0205,alt,text,The purpose of alt text is,"['<|endoftext|>', 'The', ' purpose', ' of', ' alt', ' text', ' is']",4,5,gpt2-medium
alt_text,19,11,0.0374,alt,text,The purpose of alt text is,"['<|endoftext|>', 'The', ' purpose', ' of', ' alt', ' text', ' is']",4,5,gpt2-medium
alt_text,19,12,0.0054,alt,text,The purpose of alt text is,"['<|endoftext|>', 'The', ' purpose', ' of', ' alt', ' text', ' is']",4,5,gpt2-medium
alt_text,19,13,0.0135,alt,text,The purpose of alt text is,"['<|endoftext|>', 'The', ' purpose', ' of', ' alt', ' text', ' is']",4,5,gpt2-medium
alt_text,19,14,0.0034,alt,text,The purpose of alt text is,"['<|endoftext|>', 'The', ' purpose', ' of', ' alt', ' text', ' is']",4,5,gpt2-medium
alt_text,19,15,0.0042,alt,text,The purpose of alt text is,"['<|endoftext|>', 'The', ' purpose', ' of', ' alt', ' text', ' is']",4,5,gpt2-medium
alt_text,20,0,0.0026,alt,text,The purpose of alt text is,"['<|endoftext|>', 'The', ' purpose', ' of', ' alt', ' text', ' is']",4,5,gpt2-medium
alt_text,20,1,0.0558,alt,text,The purpose of alt text is,"['<|endoftext|>', 'The', ' purpose', ' of', ' alt', ' text', ' is']",4,5,gpt2-medium
alt_text,20,2,0.0981,alt,text,The purpose of alt text is,"['<|endoftext|>', 'The', ' purpose', ' of', ' alt', ' text', ' is']",4,5,gpt2-medium
alt_text,20,3,0.002,alt,text,The purpose of alt text is,"['<|endoftext|>', 'The', ' purpose', ' of', ' alt', ' text', ' is']",4,5,gpt2-medium
alt_text,20,4,0.01,alt,text,The purpose of alt text is,"['<|endoftext|>', 'The', ' purpose', ' of', ' alt', ' text', ' is']",4,5,gpt2-medium
alt_text,20,5,0.0034,alt,text,The purpose of alt text is,"['<|endoftext|>', 'The', ' purpose', ' of', ' alt', ' text', ' is']",4,5,gpt2-medium
alt_text,20,6,0.0123,alt,text,The purpose of alt text is,"['<|endoftext|>', 'The', ' purpose', ' of', ' alt', ' text', ' is']",4,5,gpt2-medium
alt_text,20,7,0.0179,alt,text,The purpose of alt text is,"['<|endoftext|>', 'The', ' purpose', ' of', ' alt', ' text', ' is']",4,5,gpt2-medium
alt_text,20,8,0.002,alt,text,The purpose of alt text is,"['<|endoftext|>', 'The', ' purpose', ' of', ' alt', ' text', ' is']",4,5,gpt2-medium
alt_text,20,9,0.0142,alt,text,The purpose of alt text is,"['<|endoftext|>', 'The', ' purpose', ' of', ' alt', ' text', ' is']",4,5,gpt2-medium
alt_text,20,10,0.015,alt,text,The purpose of alt text is,"['<|endoftext|>', 'The', ' purpose', ' of', ' alt', ' text', ' is']",4,5,gpt2-medium
alt_text,20,11,0.0063,alt,text,The purpose of alt text is,"['<|endoftext|>', 'The', ' purpose', ' of', ' alt', ' text', ' is']",4,5,gpt2-medium
alt_text,20,12,0.0296,alt,text,The purpose of alt text is,"['<|endoftext|>', 'The', ' purpose', ' of', ' alt', ' text', ' is']",4,5,gpt2-medium
alt_text,20,13,0.006,alt,text,The purpose of alt text is,"['<|endoftext|>', 'The', ' purpose', ' of', ' alt', ' text', ' is']",4,5,gpt2-medium
alt_text,20,14,0.0079,alt,text,The purpose of alt text is,"['<|endoftext|>', 'The', ' purpose', ' of', ' alt', ' text', ' is']",4,5,gpt2-medium
alt_text,20,15,0.0045,alt,text,The purpose of alt text is,"['<|endoftext|>', 'The', ' purpose', ' of', ' alt', ' text', ' is']",4,5,gpt2-medium
alt_text,21,0,0.0136,alt,text,The purpose of alt text is,"['<|endoftext|>', 'The', ' purpose', ' of', ' alt', ' text', ' is']",4,5,gpt2-medium
alt_text,21,1,0.1951,alt,text,The purpose of alt text is,"['<|endoftext|>', 'The', ' purpose', ' of', ' alt', ' text', ' is']",4,5,gpt2-medium
alt_text,21,2,0.0273,alt,text,The purpose of alt text is,"['<|endoftext|>', 'The', ' purpose', ' of', ' alt', ' text', ' is']",4,5,gpt2-medium
alt_text,21,3,0.0077,alt,text,The purpose of alt text is,"['<|endoftext|>', 'The', ' purpose', ' of', ' alt', ' text', ' is']",4,5,gpt2-medium
alt_text,21,4,0.026,alt,text,The purpose of alt text is,"['<|endoftext|>', 'The', ' purpose', ' of', ' alt', ' text', ' is']",4,5,gpt2-medium
alt_text,21,5,0.0034,alt,text,The purpose of alt text is,"['<|endoftext|>', 'The', ' purpose', ' of', ' alt', ' text', ' is']",4,5,gpt2-medium
alt_text,21,6,0.3261,alt,text,The purpose of alt text is,"['<|endoftext|>', 'The', ' purpose', ' of', ' alt', ' text', ' is']",4,5,gpt2-medium
alt_text,21,7,0.0846,alt,text,The purpose of alt text is,"['<|endoftext|>', 'The', ' purpose', ' of', ' alt', ' text', ' is']",4,5,gpt2-medium
alt_text,21,8,0.0095,alt,text,The purpose of alt text is,"['<|endoftext|>', 'The', ' purpose', ' of', ' alt', ' text', ' is']",4,5,gpt2-medium
alt_text,21,9,0.344,alt,text,The purpose of alt text is,"['<|endoftext|>', 'The', ' purpose', ' of', ' alt', ' text', ' is']",4,5,gpt2-medium
alt_text,21,10,0.0692,alt,text,The purpose of alt text is,"['<|endoftext|>', 'The', ' purpose', ' of', ' alt', ' text', ' is']",4,5,gpt2-medium
alt_text,21,11,0.0281,alt,text,The purpose of alt text is,"['<|endoftext|>', 'The', ' purpose', ' of', ' alt', ' text', ' is']",4,5,gpt2-medium
alt_text,21,12,0.0152,alt,text,The purpose of alt text is,"['<|endoftext|>', 'The', ' purpose', ' of', ' alt', ' text', ' is']",4,5,gpt2-medium
alt_text,21,13,0.0061,alt,text,The purpose of alt text is,"['<|endoftext|>', 'The', ' purpose', ' of', ' alt', ' text', ' is']",4,5,gpt2-medium
alt_text,21,14,0.0492,alt,text,The purpose of alt text is,"['<|endoftext|>', 'The', ' purpose', ' of', ' alt', ' text', ' is']",4,5,gpt2-medium
alt_text,21,15,0.0073,alt,text,The purpose of alt text is,"['<|endoftext|>', 'The', ' purpose', ' of', ' alt', ' text', ' is']",4,5,gpt2-medium
alt_text,22,0,0.0166,alt,text,The purpose of alt text is,"['<|endoftext|>', 'The', ' purpose', ' of', ' alt', ' text', ' is']",4,5,gpt2-medium
alt_text,22,1,0.0293,alt,text,The purpose of alt text is,"['<|endoftext|>', 'The', ' purpose', ' of', ' alt', ' text', ' is']",4,5,gpt2-medium
alt_text,22,2,0.027,alt,text,The purpose of alt text is,"['<|endoftext|>', 'The', ' purpose', ' of', ' alt', ' text', ' is']",4,5,gpt2-medium
alt_text,22,3,0.0363,alt,text,The purpose of alt text is,"['<|endoftext|>', 'The', ' purpose', ' of', ' alt', ' text', ' is']",4,5,gpt2-medium
alt_text,22,4,0.009,alt,text,The purpose of alt text is,"['<|endoftext|>', 'The', ' purpose', ' of', ' alt', ' text', ' is']",4,5,gpt2-medium
alt_text,22,5,0.0315,alt,text,The purpose of alt text is,"['<|endoftext|>', 'The', ' purpose', ' of', ' alt', ' text', ' is']",4,5,gpt2-medium
alt_text,22,6,0.0587,alt,text,The purpose of alt text is,"['<|endoftext|>', 'The', ' purpose', ' of', ' alt', ' text', ' is']",4,5,gpt2-medium
alt_text,22,7,0.009,alt,text,The purpose of alt text is,"['<|endoftext|>', 'The', ' purpose', ' of', ' alt', ' text', ' is']",4,5,gpt2-medium
alt_text,22,8,0.071,alt,text,The purpose of alt text is,"['<|endoftext|>', 'The', ' purpose', ' of', ' alt', ' text', ' is']",4,5,gpt2-medium
alt_text,22,9,0.0124,alt,text,The purpose of alt text is,"['<|endoftext|>', 'The', ' purpose', ' of', ' alt', ' text', ' is']",4,5,gpt2-medium
alt_text,22,10,0.0176,alt,text,The purpose of alt text is,"['<|endoftext|>', 'The', ' purpose', ' of', ' alt', ' text', ' is']",4,5,gpt2-medium
alt_text,22,11,0.0112,alt,text,The purpose of alt text is,"['<|endoftext|>', 'The', ' purpose', ' of', ' alt', ' text', ' is']",4,5,gpt2-medium
alt_text,22,12,0.0418,alt,text,The purpose of alt text is,"['<|endoftext|>', 'The', ' purpose', ' of', ' alt', ' text', ' is']",4,5,gpt2-medium
alt_text,22,13,0.2133,alt,text,The purpose of alt text is,"['<|endoftext|>', 'The', ' purpose', ' of', ' alt', ' text', ' is']",4,5,gpt2-medium
alt_text,22,14,0.0274,alt,text,The purpose of alt text is,"['<|endoftext|>', 'The', ' purpose', ' of', ' alt', ' text', ' is']",4,5,gpt2-medium
alt_text,22,15,0.0177,alt,text,The purpose of alt text is,"['<|endoftext|>', 'The', ' purpose', ' of', ' alt', ' text', ' is']",4,5,gpt2-medium
alt_text,23,0,0.0969,alt,text,The purpose of alt text is,"['<|endoftext|>', 'The', ' purpose', ' of', ' alt', ' text', ' is']",4,5,gpt2-medium
alt_text,23,1,0.0238,alt,text,The purpose of alt text is,"['<|endoftext|>', 'The', ' purpose', ' of', ' alt', ' text', ' is']",4,5,gpt2-medium
alt_text,23,2,0.0045,alt,text,The purpose of alt text is,"['<|endoftext|>', 'The', ' purpose', ' of', ' alt', ' text', ' is']",4,5,gpt2-medium
alt_text,23,3,0.0076,alt,text,The purpose of alt text is,"['<|endoftext|>', 'The', ' purpose', ' of', ' alt', ' text', ' is']",4,5,gpt2-medium
alt_text,23,4,0.0153,alt,text,The purpose of alt text is,"['<|endoftext|>', 'The', ' purpose', ' of', ' alt', ' text', ' is']",4,5,gpt2-medium
alt_text,23,5,0.3095,alt,text,The purpose of alt text is,"['<|endoftext|>', 'The', ' purpose', ' of', ' alt', ' text', ' is']",4,5,gpt2-medium
alt_text,23,6,0.0611,alt,text,The purpose of alt text is,"['<|endoftext|>', 'The', ' purpose', ' of', ' alt', ' text', ' is']",4,5,gpt2-medium
alt_text,23,7,0.0759,alt,text,The purpose of alt text is,"['<|endoftext|>', 'The', ' purpose', ' of', ' alt', ' text', ' is']",4,5,gpt2-medium
alt_text,23,8,0.1234,alt,text,The purpose of alt text is,"['<|endoftext|>', 'The', ' purpose', ' of', ' alt', ' text', ' is']",4,5,gpt2-medium
alt_text,23,9,0.0796,alt,text,The purpose of alt text is,"['<|endoftext|>', 'The', ' purpose', ' of', ' alt', ' text', ' is']",4,5,gpt2-medium
alt_text,23,10,0.0666,alt,text,The purpose of alt text is,"['<|endoftext|>', 'The', ' purpose', ' of', ' alt', ' text', ' is']",4,5,gpt2-medium
alt_text,23,11,0.1142,alt,text,The purpose of alt text is,"['<|endoftext|>', 'The', ' purpose', ' of', ' alt', ' text', ' is']",4,5,gpt2-medium
alt_text,23,12,0.0095,alt,text,The purpose of alt text is,"['<|endoftext|>', 'The', ' purpose', ' of', ' alt', ' text', ' is']",4,5,gpt2-medium
alt_text,23,13,0.1237,alt,text,The purpose of alt text is,"['<|endoftext|>', 'The', ' purpose', ' of', ' alt', ' text', ' is']",4,5,gpt2-medium
alt_text,23,14,0.0627,alt,text,The purpose of alt text is,"['<|endoftext|>', 'The', ' purpose', ' of', ' alt', ' text', ' is']",4,5,gpt2-medium
alt_text,23,15,0.0178,alt,text,The purpose of alt text is,"['<|endoftext|>', 'The', ' purpose', ' of', ' alt', ' text', ' is']",4,5,gpt2-medium
skip_link,0,0,0.1059,skip,link,A skip link is,"['<|endoftext|>', 'A', ' skip', ' link', ' is']",2,3,gpt2-medium
skip_link,0,1,0.1307,skip,link,A skip link is,"['<|endoftext|>', 'A', ' skip', ' link', ' is']",2,3,gpt2-medium
skip_link,0,2,0.0041,skip,link,A skip link is,"['<|endoftext|>', 'A', ' skip', ' link', ' is']",2,3,gpt2-medium
skip_link,0,3,0.0208,skip,link,A skip link is,"['<|endoftext|>', 'A', ' skip', ' link', ' is']",2,3,gpt2-medium
skip_link,0,4,0.2521,skip,link,A skip link is,"['<|endoftext|>', 'A', ' skip', ' link', ' is']",2,3,gpt2-medium
skip_link,0,5,0.1284,skip,link,A skip link is,"['<|endoftext|>', 'A', ' skip', ' link', ' is']",2,3,gpt2-medium
skip_link,0,6,0.297,skip,link,A skip link is,"['<|endoftext|>', 'A', ' skip', ' link', ' is']",2,3,gpt2-medium
skip_link,0,7,0.0649,skip,link,A skip link is,"['<|endoftext|>', 'A', ' skip', ' link', ' is']",2,3,gpt2-medium
skip_link,0,8,0.0884,skip,link,A skip link is,"['<|endoftext|>', 'A', ' skip', ' link', ' is']",2,3,gpt2-medium
skip_link,0,9,0.052,skip,link,A skip link is,"['<|endoftext|>', 'A', ' skip', ' link', ' is']",2,3,gpt2-medium
skip_link,0,10,0.1803,skip,link,A skip link is,"['<|endoftext|>', 'A', ' skip', ' link', ' is']",2,3,gpt2-medium
skip_link,0,11,0.1173,skip,link,A skip link is,"['<|endoftext|>', 'A', ' skip', ' link', ' is']",2,3,gpt2-medium
skip_link,0,12,0.0972,skip,link,A skip link is,"['<|endoftext|>', 'A', ' skip', ' link', ' is']",2,3,gpt2-medium
skip_link,0,13,0.0951,skip,link,A skip link is,"['<|endoftext|>', 'A', ' skip', ' link', ' is']",2,3,gpt2-medium
skip_link,0,14,0.0101,skip,link,A skip link is,"['<|endoftext|>', 'A', ' skip', ' link', ' is']",2,3,gpt2-medium
skip_link,0,15,0.0795,skip,link,A skip link is,"['<|endoftext|>', 'A', ' skip', ' link', ' is']",2,3,gpt2-medium
skip_link,1,0,0.0531,skip,link,A skip link is,"['<|endoftext|>', 'A', ' skip', ' link', ' is']",2,3,gpt2-medium
skip_link,1,1,0.1087,skip,link,A skip link is,"['<|endoftext|>', 'A', ' skip', ' link', ' is']",2,3,gpt2-medium
skip_link,1,2,0.0464,skip,link,A skip link is,"['<|endoftext|>', 'A', ' skip', ' link', ' is']",2,3,gpt2-medium
skip_link,1,3,0.1478,skip,link,A skip link is,"['<|endoftext|>', 'A', ' skip', ' link', ' is']",2,3,gpt2-medium
skip_link,1,4,0.0021,skip,link,A skip link is,"['<|endoftext|>', 'A', ' skip', ' link', ' is']",2,3,gpt2-medium
skip_link,1,5,0.2011,skip,link,A skip link is,"['<|endoftext|>', 'A', ' skip', ' link', ' is']",2,3,gpt2-medium
skip_link,1,6,0.2754,skip,link,A skip link is,"['<|endoftext|>', 'A', ' skip', ' link', ' is']",2,3,gpt2-medium
skip_link,1,7,0.1018,skip,link,A skip link is,"['<|endoftext|>', 'A', ' skip', ' link', ' is']",2,3,gpt2-medium
skip_link,1,8,0.0944,skip,link,A skip link is,"['<|endoftext|>', 'A', ' skip', ' link', ' is']",2,3,gpt2-medium
skip_link,1,9,0.1409,skip,link,A skip link is,"['<|endoftext|>', 'A', ' skip', ' link', ' is']",2,3,gpt2-medium
skip_link,1,10,0.023,skip,link,A skip link is,"['<|endoftext|>', 'A', ' skip', ' link', ' is']",2,3,gpt2-medium
skip_link,1,11,0.0587,skip,link,A skip link is,"['<|endoftext|>', 'A', ' skip', ' link', ' is']",2,3,gpt2-medium
skip_link,1,12,0.1447,skip,link,A skip link is,"['<|endoftext|>', 'A', ' skip', ' link', ' is']",2,3,gpt2-medium
skip_link,1,13,0.1503,skip,link,A skip link is,"['<|endoftext|>', 'A', ' skip', ' link', ' is']",2,3,gpt2-medium
skip_link,1,14,0.2815,skip,link,A skip link is,"['<|endoftext|>', 'A', ' skip', ' link', ' is']",2,3,gpt2-medium
skip_link,1,15,0.1653,skip,link,A skip link is,"['<|endoftext|>', 'A', ' skip', ' link', ' is']",2,3,gpt2-medium
skip_link,2,0,0.0864,skip,link,A skip link is,"['<|endoftext|>', 'A', ' skip', ' link', ' is']",2,3,gpt2-medium
skip_link,2,1,0.0809,skip,link,A skip link is,"['<|endoftext|>', 'A', ' skip', ' link', ' is']",2,3,gpt2-medium
skip_link,2,2,0.2132,skip,link,A skip link is,"['<|endoftext|>', 'A', ' skip', ' link', ' is']",2,3,gpt2-medium
skip_link,2,3,0.8861,skip,link,A skip link is,"['<|endoftext|>', 'A', ' skip', ' link', ' is']",2,3,gpt2-medium
skip_link,2,4,0.0891,skip,link,A skip link is,"['<|endoftext|>', 'A', ' skip', ' link', ' is']",2,3,gpt2-medium
skip_link,2,5,0.8995,skip,link,A skip link is,"['<|endoftext|>', 'A', ' skip', ' link', ' is']",2,3,gpt2-medium
skip_link,2,6,0.2208,skip,link,A skip link is,"['<|endoftext|>', 'A', ' skip', ' link', ' is']",2,3,gpt2-medium
skip_link,2,7,0.043,skip,link,A skip link is,"['<|endoftext|>', 'A', ' skip', ' link', ' is']",2,3,gpt2-medium
skip_link,2,8,0.1798,skip,link,A skip link is,"['<|endoftext|>', 'A', ' skip', ' link', ' is']",2,3,gpt2-medium
skip_link,2,9,0.1421,skip,link,A skip link is,"['<|endoftext|>', 'A', ' skip', ' link', ' is']",2,3,gpt2-medium
skip_link,2,10,0.1788,skip,link,A skip link is,"['<|endoftext|>', 'A', ' skip', ' link', ' is']",2,3,gpt2-medium
skip_link,2,11,0.2092,skip,link,A skip link is,"['<|endoftext|>', 'A', ' skip', ' link', ' is']",2,3,gpt2-medium
skip_link,2,12,0.0507,skip,link,A skip link is,"['<|endoftext|>', 'A', ' skip', ' link', ' is']",2,3,gpt2-medium
skip_link,2,13,0.1451,skip,link,A skip link is,"['<|endoftext|>', 'A', ' skip', ' link', ' is']",2,3,gpt2-medium
skip_link,2,14,0.1288,skip,link,A skip link is,"['<|endoftext|>', 'A', ' skip', ' link', ' is']",2,3,gpt2-medium
skip_link,2,15,0.4364,skip,link,A skip link is,"['<|endoftext|>', 'A', ' skip', ' link', ' is']",2,3,gpt2-medium
skip_link,3,0,0.0462,skip,link,A skip link is,"['<|endoftext|>', 'A', ' skip', ' link', ' is']",2,3,gpt2-medium
skip_link,3,1,0.0354,skip,link,A skip link is,"['<|endoftext|>', 'A', ' skip', ' link', ' is']",2,3,gpt2-medium
skip_link,3,2,0.8686,skip,link,A skip link is,"['<|endoftext|>', 'A', ' skip', ' link', ' is']",2,3,gpt2-medium
skip_link,3,3,0.3723,skip,link,A skip link is,"['<|endoftext|>', 'A', ' skip', ' link', ' is']",2,3,gpt2-medium
skip_link,3,4,0.2093,skip,link,A skip link is,"['<|endoftext|>', 'A', ' skip', ' link', ' is']",2,3,gpt2-medium
skip_link,3,5,0.0598,skip,link,A skip link is,"['<|endoftext|>', 'A', ' skip', ' link', ' is']",2,3,gpt2-medium
skip_link,3,6,0.1537,skip,link,A skip link is,"['<|endoftext|>', 'A', ' skip', ' link', ' is']",2,3,gpt2-medium
skip_link,3,7,0.0981,skip,link,A skip link is,"['<|endoftext|>', 'A', ' skip', ' link', ' is']",2,3,gpt2-medium
skip_link,3,8,0.6178,skip,link,A skip link is,"['<|endoftext|>', 'A', ' skip', ' link', ' is']",2,3,gpt2-medium
skip_link,3,9,0.1325,skip,link,A skip link is,"['<|endoftext|>', 'A', ' skip', ' link', ' is']",2,3,gpt2-medium
skip_link,3,10,0.3236,skip,link,A skip link is,"['<|endoftext|>', 'A', ' skip', ' link', ' is']",2,3,gpt2-medium
skip_link,3,11,0.2765,skip,link,A skip link is,"['<|endoftext|>', 'A', ' skip', ' link', ' is']",2,3,gpt2-medium
skip_link,3,12,0.0958,skip,link,A skip link is,"['<|endoftext|>', 'A', ' skip', ' link', ' is']",2,3,gpt2-medium
skip_link,3,13,0.6057,skip,link,A skip link is,"['<|endoftext|>', 'A', ' skip', ' link', ' is']",2,3,gpt2-medium
skip_link,3,14,0.0937,skip,link,A skip link is,"['<|endoftext|>', 'A', ' skip', ' link', ' is']",2,3,gpt2-medium
skip_link,3,15,0.6618,skip,link,A skip link is,"['<|endoftext|>', 'A', ' skip', ' link', ' is']",2,3,gpt2-medium
skip_link,4,0,0.0447,skip,link,A skip link is,"['<|endoftext|>', 'A', ' skip', ' link', ' is']",2,3,gpt2-medium
skip_link,4,1,0.5845,skip,link,A skip link is,"['<|endoftext|>', 'A', ' skip', ' link', ' is']",2,3,gpt2-medium
skip_link,4,2,0.8194,skip,link,A skip link is,"['<|endoftext|>', 'A', ' skip', ' link', ' is']",2,3,gpt2-medium
skip_link,4,3,0.1286,skip,link,A skip link is,"['<|endoftext|>', 'A', ' skip', ' link', ' is']",2,3,gpt2-medium
skip_link,4,4,0.3554,skip,link,A skip link is,"['<|endoftext|>', 'A', ' skip', ' link', ' is']",2,3,gpt2-medium
skip_link,4,5,0.496,skip,link,A skip link is,"['<|endoftext|>', 'A', ' skip', ' link', ' is']",2,3,gpt2-medium
skip_link,4,6,0.0,skip,link,A skip link is,"['<|endoftext|>', 'A', ' skip', ' link', ' is']",2,3,gpt2-medium
skip_link,4,7,0.2935,skip,link,A skip link is,"['<|endoftext|>', 'A', ' skip', ' link', ' is']",2,3,gpt2-medium
skip_link,4,8,0.1844,skip,link,A skip link is,"['<|endoftext|>', 'A', ' skip', ' link', ' is']",2,3,gpt2-medium
skip_link,4,9,0.007,skip,link,A skip link is,"['<|endoftext|>', 'A', ' skip', ' link', ' is']",2,3,gpt2-medium
skip_link,4,10,0.0417,skip,link,A skip link is,"['<|endoftext|>', 'A', ' skip', ' link', ' is']",2,3,gpt2-medium
skip_link,4,11,0.727,skip,link,A skip link is,"['<|endoftext|>', 'A', ' skip', ' link', ' is']",2,3,gpt2-medium
skip_link,4,12,0.101,skip,link,A skip link is,"['<|endoftext|>', 'A', ' skip', ' link', ' is']",2,3,gpt2-medium
skip_link,4,13,0.9813,skip,link,A skip link is,"['<|endoftext|>', 'A', ' skip', ' link', ' is']",2,3,gpt2-medium
skip_link,4,14,0.0208,skip,link,A skip link is,"['<|endoftext|>', 'A', ' skip', ' link', ' is']",2,3,gpt2-medium
skip_link,4,15,0.0257,skip,link,A skip link is,"['<|endoftext|>', 'A', ' skip', ' link', ' is']",2,3,gpt2-medium
skip_link,5,0,0.002,skip,link,A skip link is,"['<|endoftext|>', 'A', ' skip', ' link', ' is']",2,3,gpt2-medium
skip_link,5,1,0.0274,skip,link,A skip link is,"['<|endoftext|>', 'A', ' skip', ' link', ' is']",2,3,gpt2-medium
skip_link,5,2,0.8965,skip,link,A skip link is,"['<|endoftext|>', 'A', ' skip', ' link', ' is']",2,3,gpt2-medium
skip_link,5,3,0.1282,skip,link,A skip link is,"['<|endoftext|>', 'A', ' skip', ' link', ' is']",2,3,gpt2-medium
skip_link,5,4,0.1888,skip,link,A skip link is,"['<|endoftext|>', 'A', ' skip', ' link', ' is']",2,3,gpt2-medium
skip_link,5,5,0.0054,skip,link,A skip link is,"['<|endoftext|>', 'A', ' skip', ' link', ' is']",2,3,gpt2-medium
skip_link,5,6,0.045,skip,link,A skip link is,"['<|endoftext|>', 'A', ' skip', ' link', ' is']",2,3,gpt2-medium
skip_link,5,7,0.2227,skip,link,A skip link is,"['<|endoftext|>', 'A', ' skip', ' link', ' is']",2,3,gpt2-medium
skip_link,5,8,0.0001,skip,link,A skip link is,"['<|endoftext|>', 'A', ' skip', ' link', ' is']",2,3,gpt2-medium
skip_link,5,9,0.4649,skip,link,A skip link is,"['<|endoftext|>', 'A', ' skip', ' link', ' is']",2,3,gpt2-medium
skip_link,5,10,0.0404,skip,link,A skip link is,"['<|endoftext|>', 'A', ' skip', ' link', ' is']",2,3,gpt2-medium
skip_link,5,11,0.9975,skip,link,A skip link is,"['<|endoftext|>', 'A', ' skip', ' link', ' is']",2,3,gpt2-medium
skip_link,5,12,0.0138,skip,link,A skip link is,"['<|endoftext|>', 'A', ' skip', ' link', ' is']",2,3,gpt2-medium
skip_link,5,13,0.3252,skip,link,A skip link is,"['<|endoftext|>', 'A', ' skip', ' link', ' is']",2,3,gpt2-medium
skip_link,5,14,0.0076,skip,link,A skip link is,"['<|endoftext|>', 'A', ' skip', ' link', ' is']",2,3,gpt2-medium
skip_link,5,15,0.3428,skip,link,A skip link is,"['<|endoftext|>', 'A', ' skip', ' link', ' is']",2,3,gpt2-medium
skip_link,6,0,0.0001,skip,link,A skip link is,"['<|endoftext|>', 'A', ' skip', ' link', ' is']",2,3,gpt2-medium
skip_link,6,1,0.0,skip,link,A skip link is,"['<|endoftext|>', 'A', ' skip', ' link', ' is']",2,3,gpt2-medium
skip_link,6,2,0.0403,skip,link,A skip link is,"['<|endoftext|>', 'A', ' skip', ' link', ' is']",2,3,gpt2-medium
skip_link,6,3,0.0066,skip,link,A skip link is,"['<|endoftext|>', 'A', ' skip', ' link', ' is']",2,3,gpt2-medium
skip_link,6,4,0.0001,skip,link,A skip link is,"['<|endoftext|>', 'A', ' skip', ' link', ' is']",2,3,gpt2-medium
skip_link,6,5,0.0092,skip,link,A skip link is,"['<|endoftext|>', 'A', ' skip', ' link', ' is']",2,3,gpt2-medium
skip_link,6,6,0.0626,skip,link,A skip link is,"['<|endoftext|>', 'A', ' skip', ' link', ' is']",2,3,gpt2-medium
skip_link,6,7,0.8222,skip,link,A skip link is,"['<|endoftext|>', 'A', ' skip', ' link', ' is']",2,3,gpt2-medium
skip_link,6,8,0.064,skip,link,A skip link is,"['<|endoftext|>', 'A', ' skip', ' link', ' is']",2,3,gpt2-medium
skip_link,6,9,0.0013,skip,link,A skip link is,"['<|endoftext|>', 'A', ' skip', ' link', ' is']",2,3,gpt2-medium
skip_link,6,10,0.0117,skip,link,A skip link is,"['<|endoftext|>', 'A', ' skip', ' link', ' is']",2,3,gpt2-medium
skip_link,6,11,0.0009,skip,link,A skip link is,"['<|endoftext|>', 'A', ' skip', ' link', ' is']",2,3,gpt2-medium
skip_link,6,12,0.0018,skip,link,A skip link is,"['<|endoftext|>', 'A', ' skip', ' link', ' is']",2,3,gpt2-medium
skip_link,6,13,0.0012,skip,link,A skip link is,"['<|endoftext|>', 'A', ' skip', ' link', ' is']",2,3,gpt2-medium
skip_link,6,14,0.4511,skip,link,A skip link is,"['<|endoftext|>', 'A', ' skip', ' link', ' is']",2,3,gpt2-medium
skip_link,6,15,0.0003,skip,link,A skip link is,"['<|endoftext|>', 'A', ' skip', ' link', ' is']",2,3,gpt2-medium
skip_link,7,0,0.0022,skip,link,A skip link is,"['<|endoftext|>', 'A', ' skip', ' link', ' is']",2,3,gpt2-medium
skip_link,7,1,0.0249,skip,link,A skip link is,"['<|endoftext|>', 'A', ' skip', ' link', ' is']",2,3,gpt2-medium
skip_link,7,2,0.0,skip,link,A skip link is,"['<|endoftext|>', 'A', ' skip', ' link', ' is']",2,3,gpt2-medium
skip_link,7,3,0.0534,skip,link,A skip link is,"['<|endoftext|>', 'A', ' skip', ' link', ' is']",2,3,gpt2-medium
skip_link,7,4,0.0012,skip,link,A skip link is,"['<|endoftext|>', 'A', ' skip', ' link', ' is']",2,3,gpt2-medium
skip_link,7,5,0.0007,skip,link,A skip link is,"['<|endoftext|>', 'A', ' skip', ' link', ' is']",2,3,gpt2-medium
skip_link,7,6,0.1984,skip,link,A skip link is,"['<|endoftext|>', 'A', ' skip', ' link', ' is']",2,3,gpt2-medium
skip_link,7,7,0.0518,skip,link,A skip link is,"['<|endoftext|>', 'A', ' skip', ' link', ' is']",2,3,gpt2-medium
skip_link,7,8,0.0077,skip,link,A skip link is,"['<|endoftext|>', 'A', ' skip', ' link', ' is']",2,3,gpt2-medium
skip_link,7,9,0.0387,skip,link,A skip link is,"['<|endoftext|>', 'A', ' skip', ' link', ' is']",2,3,gpt2-medium
skip_link,7,10,0.0218,skip,link,A skip link is,"['<|endoftext|>', 'A', ' skip', ' link', ' is']",2,3,gpt2-medium
skip_link,7,11,0.0,skip,link,A skip link is,"['<|endoftext|>', 'A', ' skip', ' link', ' is']",2,3,gpt2-medium
skip_link,7,12,0.2019,skip,link,A skip link is,"['<|endoftext|>', 'A', ' skip', ' link', ' is']",2,3,gpt2-medium
skip_link,7,13,0.061,skip,link,A skip link is,"['<|endoftext|>', 'A', ' skip', ' link', ' is']",2,3,gpt2-medium
skip_link,7,14,0.4595,skip,link,A skip link is,"['<|endoftext|>', 'A', ' skip', ' link', ' is']",2,3,gpt2-medium
skip_link,7,15,0.0005,skip,link,A skip link is,"['<|endoftext|>', 'A', ' skip', ' link', ' is']",2,3,gpt2-medium
skip_link,8,0,0.0117,skip,link,A skip link is,"['<|endoftext|>', 'A', ' skip', ' link', ' is']",2,3,gpt2-medium
skip_link,8,1,0.7274,skip,link,A skip link is,"['<|endoftext|>', 'A', ' skip', ' link', ' is']",2,3,gpt2-medium
skip_link,8,2,0.0119,skip,link,A skip link is,"['<|endoftext|>', 'A', ' skip', ' link', ' is']",2,3,gpt2-medium
skip_link,8,3,0.0136,skip,link,A skip link is,"['<|endoftext|>', 'A', ' skip', ' link', ' is']",2,3,gpt2-medium
skip_link,8,4,0.0033,skip,link,A skip link is,"['<|endoftext|>', 'A', ' skip', ' link', ' is']",2,3,gpt2-medium
skip_link,8,5,0.084,skip,link,A skip link is,"['<|endoftext|>', 'A', ' skip', ' link', ' is']",2,3,gpt2-medium
skip_link,8,6,0.3178,skip,link,A skip link is,"['<|endoftext|>', 'A', ' skip', ' link', ' is']",2,3,gpt2-medium
skip_link,8,7,0.0795,skip,link,A skip link is,"['<|endoftext|>', 'A', ' skip', ' link', ' is']",2,3,gpt2-medium
skip_link,8,8,0.0088,skip,link,A skip link is,"['<|endoftext|>', 'A', ' skip', ' link', ' is']",2,3,gpt2-medium
skip_link,8,9,0.0034,skip,link,A skip link is,"['<|endoftext|>', 'A', ' skip', ' link', ' is']",2,3,gpt2-medium
skip_link,8,10,0.0081,skip,link,A skip link is,"['<|endoftext|>', 'A', ' skip', ' link', ' is']",2,3,gpt2-medium
skip_link,8,11,0.0251,skip,link,A skip link is,"['<|endoftext|>', 'A', ' skip', ' link', ' is']",2,3,gpt2-medium
skip_link,8,12,0.1313,skip,link,A skip link is,"['<|endoftext|>', 'A', ' skip', ' link', ' is']",2,3,gpt2-medium
skip_link,8,13,0.0073,skip,link,A skip link is,"['<|endoftext|>', 'A', ' skip', ' link', ' is']",2,3,gpt2-medium
skip_link,8,14,0.0261,skip,link,A skip link is,"['<|endoftext|>', 'A', ' skip', ' link', ' is']",2,3,gpt2-medium
skip_link,8,15,0.0157,skip,link,A skip link is,"['<|endoftext|>', 'A', ' skip', ' link', ' is']",2,3,gpt2-medium
skip_link,9,0,0.1337,skip,link,A skip link is,"['<|endoftext|>', 'A', ' skip', ' link', ' is']",2,3,gpt2-medium
skip_link,9,1,0.0499,skip,link,A skip link is,"['<|endoftext|>', 'A', ' skip', ' link', ' is']",2,3,gpt2-medium
skip_link,9,2,0.0292,skip,link,A skip link is,"['<|endoftext|>', 'A', ' skip', ' link', ' is']",2,3,gpt2-medium
skip_link,9,3,0.0002,skip,link,A skip link is,"['<|endoftext|>', 'A', ' skip', ' link', ' is']",2,3,gpt2-medium
skip_link,9,4,0.0001,skip,link,A skip link is,"['<|endoftext|>', 'A', ' skip', ' link', ' is']",2,3,gpt2-medium
skip_link,9,5,0.0988,skip,link,A skip link is,"['<|endoftext|>', 'A', ' skip', ' link', ' is']",2,3,gpt2-medium
skip_link,9,6,0.0063,skip,link,A skip link is,"['<|endoftext|>', 'A', ' skip', ' link', ' is']",2,3,gpt2-medium
skip_link,9,7,0.0035,skip,link,A skip link is,"['<|endoftext|>', 'A', ' skip', ' link', ' is']",2,3,gpt2-medium
skip_link,9,8,0.0064,skip,link,A skip link is,"['<|endoftext|>', 'A', ' skip', ' link', ' is']",2,3,gpt2-medium
skip_link,9,9,0.0,skip,link,A skip link is,"['<|endoftext|>', 'A', ' skip', ' link', ' is']",2,3,gpt2-medium
skip_link,9,10,0.0161,skip,link,A skip link is,"['<|endoftext|>', 'A', ' skip', ' link', ' is']",2,3,gpt2-medium
skip_link,9,11,0.0702,skip,link,A skip link is,"['<|endoftext|>', 'A', ' skip', ' link', ' is']",2,3,gpt2-medium
skip_link,9,12,0.0,skip,link,A skip link is,"['<|endoftext|>', 'A', ' skip', ' link', ' is']",2,3,gpt2-medium
skip_link,9,13,0.0011,skip,link,A skip link is,"['<|endoftext|>', 'A', ' skip', ' link', ' is']",2,3,gpt2-medium
skip_link,9,14,0.0322,skip,link,A skip link is,"['<|endoftext|>', 'A', ' skip', ' link', ' is']",2,3,gpt2-medium
skip_link,9,15,0.5835,skip,link,A skip link is,"['<|endoftext|>', 'A', ' skip', ' link', ' is']",2,3,gpt2-medium
skip_link,10,0,0.0217,skip,link,A skip link is,"['<|endoftext|>', 'A', ' skip', ' link', ' is']",2,3,gpt2-medium
skip_link,10,1,0.0,skip,link,A skip link is,"['<|endoftext|>', 'A', ' skip', ' link', ' is']",2,3,gpt2-medium
skip_link,10,2,0.0308,skip,link,A skip link is,"['<|endoftext|>', 'A', ' skip', ' link', ' is']",2,3,gpt2-medium
skip_link,10,3,0.0014,skip,link,A skip link is,"['<|endoftext|>', 'A', ' skip', ' link', ' is']",2,3,gpt2-medium
skip_link,10,4,0.0055,skip,link,A skip link is,"['<|endoftext|>', 'A', ' skip', ' link', ' is']",2,3,gpt2-medium
skip_link,10,5,0.2148,skip,link,A skip link is,"['<|endoftext|>', 'A', ' skip', ' link', ' is']",2,3,gpt2-medium
skip_link,10,6,0.0195,skip,link,A skip link is,"['<|endoftext|>', 'A', ' skip', ' link', ' is']",2,3,gpt2-medium
skip_link,10,7,0.0229,skip,link,A skip link is,"['<|endoftext|>', 'A', ' skip', ' link', ' is']",2,3,gpt2-medium
skip_link,10,8,0.0002,skip,link,A skip link is,"['<|endoftext|>', 'A', ' skip', ' link', ' is']",2,3,gpt2-medium
skip_link,10,9,0.0621,skip,link,A skip link is,"['<|endoftext|>', 'A', ' skip', ' link', ' is']",2,3,gpt2-medium
skip_link,10,10,0.3066,skip,link,A skip link is,"['<|endoftext|>', 'A', ' skip', ' link', ' is']",2,3,gpt2-medium
skip_link,10,11,0.308,skip,link,A skip link is,"['<|endoftext|>', 'A', ' skip', ' link', ' is']",2,3,gpt2-medium
skip_link,10,12,0.2961,skip,link,A skip link is,"['<|endoftext|>', 'A', ' skip', ' link', ' is']",2,3,gpt2-medium
skip_link,10,13,0.0165,skip,link,A skip link is,"['<|endoftext|>', 'A', ' skip', ' link', ' is']",2,3,gpt2-medium
skip_link,10,14,0.0548,skip,link,A skip link is,"['<|endoftext|>', 'A', ' skip', ' link', ' is']",2,3,gpt2-medium
skip_link,10,15,0.0081,skip,link,A skip link is,"['<|endoftext|>', 'A', ' skip', ' link', ' is']",2,3,gpt2-medium
skip_link,11,0,0.0266,skip,link,A skip link is,"['<|endoftext|>', 'A', ' skip', ' link', ' is']",2,3,gpt2-medium
skip_link,11,1,0.0003,skip,link,A skip link is,"['<|endoftext|>', 'A', ' skip', ' link', ' is']",2,3,gpt2-medium
skip_link,11,2,0.0426,skip,link,A skip link is,"['<|endoftext|>', 'A', ' skip', ' link', ' is']",2,3,gpt2-medium
skip_link,11,3,0.0607,skip,link,A skip link is,"['<|endoftext|>', 'A', ' skip', ' link', ' is']",2,3,gpt2-medium
skip_link,11,4,0.0034,skip,link,A skip link is,"['<|endoftext|>', 'A', ' skip', ' link', ' is']",2,3,gpt2-medium
skip_link,11,5,0.0558,skip,link,A skip link is,"['<|endoftext|>', 'A', ' skip', ' link', ' is']",2,3,gpt2-medium
skip_link,11,6,0.2737,skip,link,A skip link is,"['<|endoftext|>', 'A', ' skip', ' link', ' is']",2,3,gpt2-medium
skip_link,11,7,0.0752,skip,link,A skip link is,"['<|endoftext|>', 'A', ' skip', ' link', ' is']",2,3,gpt2-medium
skip_link,11,8,0.0129,skip,link,A skip link is,"['<|endoftext|>', 'A', ' skip', ' link', ' is']",2,3,gpt2-medium
skip_link,11,9,0.0448,skip,link,A skip link is,"['<|endoftext|>', 'A', ' skip', ' link', ' is']",2,3,gpt2-medium
skip_link,11,10,0.0232,skip,link,A skip link is,"['<|endoftext|>', 'A', ' skip', ' link', ' is']",2,3,gpt2-medium
skip_link,11,11,0.0016,skip,link,A skip link is,"['<|endoftext|>', 'A', ' skip', ' link', ' is']",2,3,gpt2-medium
skip_link,11,12,0.0866,skip,link,A skip link is,"['<|endoftext|>', 'A', ' skip', ' link', ' is']",2,3,gpt2-medium
skip_link,11,13,0.0712,skip,link,A skip link is,"['<|endoftext|>', 'A', ' skip', ' link', ' is']",2,3,gpt2-medium
skip_link,11,14,0.2329,skip,link,A skip link is,"['<|endoftext|>', 'A', ' skip', ' link', ' is']",2,3,gpt2-medium
skip_link,11,15,0.0116,skip,link,A skip link is,"['<|endoftext|>', 'A', ' skip', ' link', ' is']",2,3,gpt2-medium
skip_link,12,0,0.0032,skip,link,A skip link is,"['<|endoftext|>', 'A', ' skip', ' link', ' is']",2,3,gpt2-medium
skip_link,12,1,0.0001,skip,link,A skip link is,"['<|endoftext|>', 'A', ' skip', ' link', ' is']",2,3,gpt2-medium
skip_link,12,2,0.0029,skip,link,A skip link is,"['<|endoftext|>', 'A', ' skip', ' link', ' is']",2,3,gpt2-medium
skip_link,12,3,0.0472,skip,link,A skip link is,"['<|endoftext|>', 'A', ' skip', ' link', ' is']",2,3,gpt2-medium
skip_link,12,4,0.0176,skip,link,A skip link is,"['<|endoftext|>', 'A', ' skip', ' link', ' is']",2,3,gpt2-medium
skip_link,12,5,0.0116,skip,link,A skip link is,"['<|endoftext|>', 'A', ' skip', ' link', ' is']",2,3,gpt2-medium
skip_link,12,6,0.038,skip,link,A skip link is,"['<|endoftext|>', 'A', ' skip', ' link', ' is']",2,3,gpt2-medium
skip_link,12,7,0.0068,skip,link,A skip link is,"['<|endoftext|>', 'A', ' skip', ' link', ' is']",2,3,gpt2-medium
skip_link,12,8,0.3003,skip,link,A skip link is,"['<|endoftext|>', 'A', ' skip', ' link', ' is']",2,3,gpt2-medium
skip_link,12,9,0.014,skip,link,A skip link is,"['<|endoftext|>', 'A', ' skip', ' link', ' is']",2,3,gpt2-medium
skip_link,12,10,0.044,skip,link,A skip link is,"['<|endoftext|>', 'A', ' skip', ' link', ' is']",2,3,gpt2-medium
skip_link,12,11,0.0005,skip,link,A skip link is,"['<|endoftext|>', 'A', ' skip', ' link', ' is']",2,3,gpt2-medium
skip_link,12,12,0.0371,skip,link,A skip link is,"['<|endoftext|>', 'A', ' skip', ' link', ' is']",2,3,gpt2-medium
skip_link,12,13,0.0053,skip,link,A skip link is,"['<|endoftext|>', 'A', ' skip', ' link', ' is']",2,3,gpt2-medium
skip_link,12,14,0.0647,skip,link,A skip link is,"['<|endoftext|>', 'A', ' skip', ' link', ' is']",2,3,gpt2-medium
skip_link,12,15,0.151,skip,link,A skip link is,"['<|endoftext|>', 'A', ' skip', ' link', ' is']",2,3,gpt2-medium
skip_link,13,0,0.0178,skip,link,A skip link is,"['<|endoftext|>', 'A', ' skip', ' link', ' is']",2,3,gpt2-medium
skip_link,13,1,0.0099,skip,link,A skip link is,"['<|endoftext|>', 'A', ' skip', ' link', ' is']",2,3,gpt2-medium
skip_link,13,2,0.0331,skip,link,A skip link is,"['<|endoftext|>', 'A', ' skip', ' link', ' is']",2,3,gpt2-medium
skip_link,13,3,0.8065,skip,link,A skip link is,"['<|endoftext|>', 'A', ' skip', ' link', ' is']",2,3,gpt2-medium
skip_link,13,4,0.0601,skip,link,A skip link is,"['<|endoftext|>', 'A', ' skip', ' link', ' is']",2,3,gpt2-medium
skip_link,13,5,0.1509,skip,link,A skip link is,"['<|endoftext|>', 'A', ' skip', ' link', ' is']",2,3,gpt2-medium
skip_link,13,6,0.0034,skip,link,A skip link is,"['<|endoftext|>', 'A', ' skip', ' link', ' is']",2,3,gpt2-medium
skip_link,13,7,0.0226,skip,link,A skip link is,"['<|endoftext|>', 'A', ' skip', ' link', ' is']",2,3,gpt2-medium
skip_link,13,8,0.0454,skip,link,A skip link is,"['<|endoftext|>', 'A', ' skip', ' link', ' is']",2,3,gpt2-medium
skip_link,13,9,0.0273,skip,link,A skip link is,"['<|endoftext|>', 'A', ' skip', ' link', ' is']",2,3,gpt2-medium
skip_link,13,10,0.0326,skip,link,A skip link is,"['<|endoftext|>', 'A', ' skip', ' link', ' is']",2,3,gpt2-medium
skip_link,13,11,0.1467,skip,link,A skip link is,"['<|endoftext|>', 'A', ' skip', ' link', ' is']",2,3,gpt2-medium
skip_link,13,12,0.0076,skip,link,A skip link is,"['<|endoftext|>', 'A', ' skip', ' link', ' is']",2,3,gpt2-medium
skip_link,13,13,0.1195,skip,link,A skip link is,"['<|endoftext|>', 'A', ' skip', ' link', ' is']",2,3,gpt2-medium
skip_link,13,14,0.0002,skip,link,A skip link is,"['<|endoftext|>', 'A', ' skip', ' link', ' is']",2,3,gpt2-medium
skip_link,13,15,0.0298,skip,link,A skip link is,"['<|endoftext|>', 'A', ' skip', ' link', ' is']",2,3,gpt2-medium
skip_link,14,0,0.0251,skip,link,A skip link is,"['<|endoftext|>', 'A', ' skip', ' link', ' is']",2,3,gpt2-medium
skip_link,14,1,0.0306,skip,link,A skip link is,"['<|endoftext|>', 'A', ' skip', ' link', ' is']",2,3,gpt2-medium
skip_link,14,2,0.0076,skip,link,A skip link is,"['<|endoftext|>', 'A', ' skip', ' link', ' is']",2,3,gpt2-medium
skip_link,14,3,0.0782,skip,link,A skip link is,"['<|endoftext|>', 'A', ' skip', ' link', ' is']",2,3,gpt2-medium
skip_link,14,4,0.0125,skip,link,A skip link is,"['<|endoftext|>', 'A', ' skip', ' link', ' is']",2,3,gpt2-medium
skip_link,14,5,0.005,skip,link,A skip link is,"['<|endoftext|>', 'A', ' skip', ' link', ' is']",2,3,gpt2-medium
skip_link,14,6,0.026,skip,link,A skip link is,"['<|endoftext|>', 'A', ' skip', ' link', ' is']",2,3,gpt2-medium
skip_link,14,7,0.0878,skip,link,A skip link is,"['<|endoftext|>', 'A', ' skip', ' link', ' is']",2,3,gpt2-medium
skip_link,14,8,0.0806,skip,link,A skip link is,"['<|endoftext|>', 'A', ' skip', ' link', ' is']",2,3,gpt2-medium
skip_link,14,9,0.0001,skip,link,A skip link is,"['<|endoftext|>', 'A', ' skip', ' link', ' is']",2,3,gpt2-medium
skip_link,14,10,0.1364,skip,link,A skip link is,"['<|endoftext|>', 'A', ' skip', ' link', ' is']",2,3,gpt2-medium
skip_link,14,11,0.0051,skip,link,A skip link is,"['<|endoftext|>', 'A', ' skip', ' link', ' is']",2,3,gpt2-medium
skip_link,14,12,0.0214,skip,link,A skip link is,"['<|endoftext|>', 'A', ' skip', ' link', ' is']",2,3,gpt2-medium
skip_link,14,13,0.008,skip,link,A skip link is,"['<|endoftext|>', 'A', ' skip', ' link', ' is']",2,3,gpt2-medium
skip_link,14,14,0.0027,skip,link,A skip link is,"['<|endoftext|>', 'A', ' skip', ' link', ' is']",2,3,gpt2-medium
skip_link,14,15,0.0933,skip,link,A skip link is,"['<|endoftext|>', 'A', ' skip', ' link', ' is']",2,3,gpt2-medium
skip_link,15,0,0.0512,skip,link,A skip link is,"['<|endoftext|>', 'A', ' skip', ' link', ' is']",2,3,gpt2-medium
skip_link,15,1,0.0661,skip,link,A skip link is,"['<|endoftext|>', 'A', ' skip', ' link', ' is']",2,3,gpt2-medium
skip_link,15,2,0.0113,skip,link,A skip link is,"['<|endoftext|>', 'A', ' skip', ' link', ' is']",2,3,gpt2-medium
skip_link,15,3,0.1057,skip,link,A skip link is,"['<|endoftext|>', 'A', ' skip', ' link', ' is']",2,3,gpt2-medium
skip_link,15,4,0.0286,skip,link,A skip link is,"['<|endoftext|>', 'A', ' skip', ' link', ' is']",2,3,gpt2-medium
skip_link,15,5,0.1764,skip,link,A skip link is,"['<|endoftext|>', 'A', ' skip', ' link', ' is']",2,3,gpt2-medium
skip_link,15,6,0.0096,skip,link,A skip link is,"['<|endoftext|>', 'A', ' skip', ' link', ' is']",2,3,gpt2-medium
skip_link,15,7,0.3133,skip,link,A skip link is,"['<|endoftext|>', 'A', ' skip', ' link', ' is']",2,3,gpt2-medium
skip_link,15,8,0.1461,skip,link,A skip link is,"['<|endoftext|>', 'A', ' skip', ' link', ' is']",2,3,gpt2-medium
skip_link,15,9,0.014,skip,link,A skip link is,"['<|endoftext|>', 'A', ' skip', ' link', ' is']",2,3,gpt2-medium
skip_link,15,10,0.0397,skip,link,A skip link is,"['<|endoftext|>', 'A', ' skip', ' link', ' is']",2,3,gpt2-medium
skip_link,15,11,0.0191,skip,link,A skip link is,"['<|endoftext|>', 'A', ' skip', ' link', ' is']",2,3,gpt2-medium
skip_link,15,12,0.0029,skip,link,A skip link is,"['<|endoftext|>', 'A', ' skip', ' link', ' is']",2,3,gpt2-medium
skip_link,15,13,0.0062,skip,link,A skip link is,"['<|endoftext|>', 'A', ' skip', ' link', ' is']",2,3,gpt2-medium
skip_link,15,14,0.0136,skip,link,A skip link is,"['<|endoftext|>', 'A', ' skip', ' link', ' is']",2,3,gpt2-medium
skip_link,15,15,0.0288,skip,link,A skip link is,"['<|endoftext|>', 'A', ' skip', ' link', ' is']",2,3,gpt2-medium
skip_link,16,0,0.0196,skip,link,A skip link is,"['<|endoftext|>', 'A', ' skip', ' link', ' is']",2,3,gpt2-medium
skip_link,16,1,0.0035,skip,link,A skip link is,"['<|endoftext|>', 'A', ' skip', ' link', ' is']",2,3,gpt2-medium
skip_link,16,2,0.0051,skip,link,A skip link is,"['<|endoftext|>', 'A', ' skip', ' link', ' is']",2,3,gpt2-medium
skip_link,16,3,0.0043,skip,link,A skip link is,"['<|endoftext|>', 'A', ' skip', ' link', ' is']",2,3,gpt2-medium
skip_link,16,4,0.0156,skip,link,A skip link is,"['<|endoftext|>', 'A', ' skip', ' link', ' is']",2,3,gpt2-medium
skip_link,16,5,0.0412,skip,link,A skip link is,"['<|endoftext|>', 'A', ' skip', ' link', ' is']",2,3,gpt2-medium
skip_link,16,6,0.0866,skip,link,A skip link is,"['<|endoftext|>', 'A', ' skip', ' link', ' is']",2,3,gpt2-medium
skip_link,16,7,0.3856,skip,link,A skip link is,"['<|endoftext|>', 'A', ' skip', ' link', ' is']",2,3,gpt2-medium
skip_link,16,8,0.1685,skip,link,A skip link is,"['<|endoftext|>', 'A', ' skip', ' link', ' is']",2,3,gpt2-medium
skip_link,16,9,0.0056,skip,link,A skip link is,"['<|endoftext|>', 'A', ' skip', ' link', ' is']",2,3,gpt2-medium
skip_link,16,10,0.0177,skip,link,A skip link is,"['<|endoftext|>', 'A', ' skip', ' link', ' is']",2,3,gpt2-medium
skip_link,16,11,0.002,skip,link,A skip link is,"['<|endoftext|>', 'A', ' skip', ' link', ' is']",2,3,gpt2-medium
skip_link,16,12,0.01,skip,link,A skip link is,"['<|endoftext|>', 'A', ' skip', ' link', ' is']",2,3,gpt2-medium
skip_link,16,13,0.0081,skip,link,A skip link is,"['<|endoftext|>', 'A', ' skip', ' link', ' is']",2,3,gpt2-medium
skip_link,16,14,0.0103,skip,link,A skip link is,"['<|endoftext|>', 'A', ' skip', ' link', ' is']",2,3,gpt2-medium
skip_link,16,15,0.0089,skip,link,A skip link is,"['<|endoftext|>', 'A', ' skip', ' link', ' is']",2,3,gpt2-medium
skip_link,17,0,0.0054,skip,link,A skip link is,"['<|endoftext|>', 'A', ' skip', ' link', ' is']",2,3,gpt2-medium
skip_link,17,1,0.0423,skip,link,A skip link is,"['<|endoftext|>', 'A', ' skip', ' link', ' is']",2,3,gpt2-medium
skip_link,17,2,0.002,skip,link,A skip link is,"['<|endoftext|>', 'A', ' skip', ' link', ' is']",2,3,gpt2-medium
skip_link,17,3,0.004,skip,link,A skip link is,"['<|endoftext|>', 'A', ' skip', ' link', ' is']",2,3,gpt2-medium
skip_link,17,4,0.0277,skip,link,A skip link is,"['<|endoftext|>', 'A', ' skip', ' link', ' is']",2,3,gpt2-medium
skip_link,17,5,0.0107,skip,link,A skip link is,"['<|endoftext|>', 'A', ' skip', ' link', ' is']",2,3,gpt2-medium
skip_link,17,6,0.0097,skip,link,A skip link is,"['<|endoftext|>', 'A', ' skip', ' link', ' is']",2,3,gpt2-medium
skip_link,17,7,0.0033,skip,link,A skip link is,"['<|endoftext|>', 'A', ' skip', ' link', ' is']",2,3,gpt2-medium
skip_link,17,8,0.0008,skip,link,A skip link is,"['<|endoftext|>', 'A', ' skip', ' link', ' is']",2,3,gpt2-medium
skip_link,17,9,0.0023,skip,link,A skip link is,"['<|endoftext|>', 'A', ' skip', ' link', ' is']",2,3,gpt2-medium
skip_link,17,10,0.0027,skip,link,A skip link is,"['<|endoftext|>', 'A', ' skip', ' link', ' is']",2,3,gpt2-medium
skip_link,17,11,0.0581,skip,link,A skip link is,"['<|endoftext|>', 'A', ' skip', ' link', ' is']",2,3,gpt2-medium
skip_link,17,12,0.0101,skip,link,A skip link is,"['<|endoftext|>', 'A', ' skip', ' link', ' is']",2,3,gpt2-medium
skip_link,17,13,0.009,skip,link,A skip link is,"['<|endoftext|>', 'A', ' skip', ' link', ' is']",2,3,gpt2-medium
skip_link,17,14,0.0102,skip,link,A skip link is,"['<|endoftext|>', 'A', ' skip', ' link', ' is']",2,3,gpt2-medium
skip_link,17,15,0.0538,skip,link,A skip link is,"['<|endoftext|>', 'A', ' skip', ' link', ' is']",2,3,gpt2-medium
skip_link,18,0,0.0118,skip,link,A skip link is,"['<|endoftext|>', 'A', ' skip', ' link', ' is']",2,3,gpt2-medium
skip_link,18,1,0.0184,skip,link,A skip link is,"['<|endoftext|>', 'A', ' skip', ' link', ' is']",2,3,gpt2-medium
skip_link,18,2,0.0069,skip,link,A skip link is,"['<|endoftext|>', 'A', ' skip', ' link', ' is']",2,3,gpt2-medium
skip_link,18,3,0.2609,skip,link,A skip link is,"['<|endoftext|>', 'A', ' skip', ' link', ' is']",2,3,gpt2-medium
skip_link,18,4,0.0004,skip,link,A skip link is,"['<|endoftext|>', 'A', ' skip', ' link', ' is']",2,3,gpt2-medium
skip_link,18,5,0.0089,skip,link,A skip link is,"['<|endoftext|>', 'A', ' skip', ' link', ' is']",2,3,gpt2-medium
skip_link,18,6,0.0128,skip,link,A skip link is,"['<|endoftext|>', 'A', ' skip', ' link', ' is']",2,3,gpt2-medium
skip_link,18,7,0.0154,skip,link,A skip link is,"['<|endoftext|>', 'A', ' skip', ' link', ' is']",2,3,gpt2-medium
skip_link,18,8,0.0008,skip,link,A skip link is,"['<|endoftext|>', 'A', ' skip', ' link', ' is']",2,3,gpt2-medium
skip_link,18,9,0.0011,skip,link,A skip link is,"['<|endoftext|>', 'A', ' skip', ' link', ' is']",2,3,gpt2-medium
skip_link,18,10,0.0126,skip,link,A skip link is,"['<|endoftext|>', 'A', ' skip', ' link', ' is']",2,3,gpt2-medium
skip_link,18,11,0.0021,skip,link,A skip link is,"['<|endoftext|>', 'A', ' skip', ' link', ' is']",2,3,gpt2-medium
skip_link,18,12,0.0147,skip,link,A skip link is,"['<|endoftext|>', 'A', ' skip', ' link', ' is']",2,3,gpt2-medium
skip_link,18,13,0.0021,skip,link,A skip link is,"['<|endoftext|>', 'A', ' skip', ' link', ' is']",2,3,gpt2-medium
skip_link,18,14,0.0762,skip,link,A skip link is,"['<|endoftext|>', 'A', ' skip', ' link', ' is']",2,3,gpt2-medium
skip_link,18,15,0.0252,skip,link,A skip link is,"['<|endoftext|>', 'A', ' skip', ' link', ' is']",2,3,gpt2-medium
skip_link,19,0,0.0084,skip,link,A skip link is,"['<|endoftext|>', 'A', ' skip', ' link', ' is']",2,3,gpt2-medium
skip_link,19,1,0.0087,skip,link,A skip link is,"['<|endoftext|>', 'A', ' skip', ' link', ' is']",2,3,gpt2-medium
skip_link,19,2,0.0049,skip,link,A skip link is,"['<|endoftext|>', 'A', ' skip', ' link', ' is']",2,3,gpt2-medium
skip_link,19,3,0.0038,skip,link,A skip link is,"['<|endoftext|>', 'A', ' skip', ' link', ' is']",2,3,gpt2-medium
skip_link,19,4,0.003,skip,link,A skip link is,"['<|endoftext|>', 'A', ' skip', ' link', ' is']",2,3,gpt2-medium
skip_link,19,5,0.0071,skip,link,A skip link is,"['<|endoftext|>', 'A', ' skip', ' link', ' is']",2,3,gpt2-medium
skip_link,19,6,0.0192,skip,link,A skip link is,"['<|endoftext|>', 'A', ' skip', ' link', ' is']",2,3,gpt2-medium
skip_link,19,7,0.0042,skip,link,A skip link is,"['<|endoftext|>', 'A', ' skip', ' link', ' is']",2,3,gpt2-medium
skip_link,19,8,0.004,skip,link,A skip link is,"['<|endoftext|>', 'A', ' skip', ' link', ' is']",2,3,gpt2-medium
skip_link,19,9,0.0022,skip,link,A skip link is,"['<|endoftext|>', 'A', ' skip', ' link', ' is']",2,3,gpt2-medium
skip_link,19,10,0.0209,skip,link,A skip link is,"['<|endoftext|>', 'A', ' skip', ' link', ' is']",2,3,gpt2-medium
skip_link,19,11,0.0145,skip,link,A skip link is,"['<|endoftext|>', 'A', ' skip', ' link', ' is']",2,3,gpt2-medium
skip_link,19,12,0.0012,skip,link,A skip link is,"['<|endoftext|>', 'A', ' skip', ' link', ' is']",2,3,gpt2-medium
skip_link,19,13,0.0232,skip,link,A skip link is,"['<|endoftext|>', 'A', ' skip', ' link', ' is']",2,3,gpt2-medium
skip_link,19,14,0.0083,skip,link,A skip link is,"['<|endoftext|>', 'A', ' skip', ' link', ' is']",2,3,gpt2-medium
skip_link,19,15,0.0103,skip,link,A skip link is,"['<|endoftext|>', 'A', ' skip', ' link', ' is']",2,3,gpt2-medium
skip_link,20,0,0.0049,skip,link,A skip link is,"['<|endoftext|>', 'A', ' skip', ' link', ' is']",2,3,gpt2-medium
skip_link,20,1,0.061,skip,link,A skip link is,"['<|endoftext|>', 'A', ' skip', ' link', ' is']",2,3,gpt2-medium
skip_link,20,2,0.0796,skip,link,A skip link is,"['<|endoftext|>', 'A', ' skip', ' link', ' is']",2,3,gpt2-medium
skip_link,20,3,0.0093,skip,link,A skip link is,"['<|endoftext|>', 'A', ' skip', ' link', ' is']",2,3,gpt2-medium
skip_link,20,4,0.0018,skip,link,A skip link is,"['<|endoftext|>', 'A', ' skip', ' link', ' is']",2,3,gpt2-medium
skip_link,20,5,0.0245,skip,link,A skip link is,"['<|endoftext|>', 'A', ' skip', ' link', ' is']",2,3,gpt2-medium
skip_link,20,6,0.0008,skip,link,A skip link is,"['<|endoftext|>', 'A', ' skip', ' link', ' is']",2,3,gpt2-medium
skip_link,20,7,0.0316,skip,link,A skip link is,"['<|endoftext|>', 'A', ' skip', ' link', ' is']",2,3,gpt2-medium
skip_link,20,8,0.0006,skip,link,A skip link is,"['<|endoftext|>', 'A', ' skip', ' link', ' is']",2,3,gpt2-medium
skip_link,20,9,0.0072,skip,link,A skip link is,"['<|endoftext|>', 'A', ' skip', ' link', ' is']",2,3,gpt2-medium
skip_link,20,10,0.0042,skip,link,A skip link is,"['<|endoftext|>', 'A', ' skip', ' link', ' is']",2,3,gpt2-medium
skip_link,20,11,0.0361,skip,link,A skip link is,"['<|endoftext|>', 'A', ' skip', ' link', ' is']",2,3,gpt2-medium
skip_link,20,12,0.0081,skip,link,A skip link is,"['<|endoftext|>', 'A', ' skip', ' link', ' is']",2,3,gpt2-medium
skip_link,20,13,0.0044,skip,link,A skip link is,"['<|endoftext|>', 'A', ' skip', ' link', ' is']",2,3,gpt2-medium
skip_link,20,14,0.0128,skip,link,A skip link is,"['<|endoftext|>', 'A', ' skip', ' link', ' is']",2,3,gpt2-medium
skip_link,20,15,0.0176,skip,link,A skip link is,"['<|endoftext|>', 'A', ' skip', ' link', ' is']",2,3,gpt2-medium
skip_link,21,0,0.0578,skip,link,A skip link is,"['<|endoftext|>', 'A', ' skip', ' link', ' is']",2,3,gpt2-medium
skip_link,21,1,0.2892,skip,link,A skip link is,"['<|endoftext|>', 'A', ' skip', ' link', ' is']",2,3,gpt2-medium
skip_link,21,2,0.0118,skip,link,A skip link is,"['<|endoftext|>', 'A', ' skip', ' link', ' is']",2,3,gpt2-medium
skip_link,21,3,0.0183,skip,link,A skip link is,"['<|endoftext|>', 'A', ' skip', ' link', ' is']",2,3,gpt2-medium
skip_link,21,4,0.0114,skip,link,A skip link is,"['<|endoftext|>', 'A', ' skip', ' link', ' is']",2,3,gpt2-medium
skip_link,21,5,0.0031,skip,link,A skip link is,"['<|endoftext|>', 'A', ' skip', ' link', ' is']",2,3,gpt2-medium
skip_link,21,6,0.2047,skip,link,A skip link is,"['<|endoftext|>', 'A', ' skip', ' link', ' is']",2,3,gpt2-medium
skip_link,21,7,0.0836,skip,link,A skip link is,"['<|endoftext|>', 'A', ' skip', ' link', ' is']",2,3,gpt2-medium
skip_link,21,8,0.0219,skip,link,A skip link is,"['<|endoftext|>', 'A', ' skip', ' link', ' is']",2,3,gpt2-medium
skip_link,21,9,0.0198,skip,link,A skip link is,"['<|endoftext|>', 'A', ' skip', ' link', ' is']",2,3,gpt2-medium
skip_link,21,10,0.0029,skip,link,A skip link is,"['<|endoftext|>', 'A', ' skip', ' link', ' is']",2,3,gpt2-medium
skip_link,21,11,0.0122,skip,link,A skip link is,"['<|endoftext|>', 'A', ' skip', ' link', ' is']",2,3,gpt2-medium
skip_link,21,12,0.0271,skip,link,A skip link is,"['<|endoftext|>', 'A', ' skip', ' link', ' is']",2,3,gpt2-medium
skip_link,21,13,0.0052,skip,link,A skip link is,"['<|endoftext|>', 'A', ' skip', ' link', ' is']",2,3,gpt2-medium
skip_link,21,14,0.0607,skip,link,A skip link is,"['<|endoftext|>', 'A', ' skip', ' link', ' is']",2,3,gpt2-medium
skip_link,21,15,0.0024,skip,link,A skip link is,"['<|endoftext|>', 'A', ' skip', ' link', ' is']",2,3,gpt2-medium
skip_link,22,0,0.0116,skip,link,A skip link is,"['<|endoftext|>', 'A', ' skip', ' link', ' is']",2,3,gpt2-medium
skip_link,22,1,0.0036,skip,link,A skip link is,"['<|endoftext|>', 'A', ' skip', ' link', ' is']",2,3,gpt2-medium
skip_link,22,2,0.1292,skip,link,A skip link is,"['<|endoftext|>', 'A', ' skip', ' link', ' is']",2,3,gpt2-medium
skip_link,22,3,0.0303,skip,link,A skip link is,"['<|endoftext|>', 'A', ' skip', ' link', ' is']",2,3,gpt2-medium
skip_link,22,4,0.0041,skip,link,A skip link is,"['<|endoftext|>', 'A', ' skip', ' link', ' is']",2,3,gpt2-medium
skip_link,22,5,0.026,skip,link,A skip link is,"['<|endoftext|>', 'A', ' skip', ' link', ' is']",2,3,gpt2-medium
skip_link,22,6,0.0264,skip,link,A skip link is,"['<|endoftext|>', 'A', ' skip', ' link', ' is']",2,3,gpt2-medium
skip_link,22,7,0.004,skip,link,A skip link is,"['<|endoftext|>', 'A', ' skip', ' link', ' is']",2,3,gpt2-medium
skip_link,22,8,0.0243,skip,link,A skip link is,"['<|endoftext|>', 'A', ' skip', ' link', ' is']",2,3,gpt2-medium
skip_link,22,9,0.0517,skip,link,A skip link is,"['<|endoftext|>', 'A', ' skip', ' link', ' is']",2,3,gpt2-medium
skip_link,22,10,0.0145,skip,link,A skip link is,"['<|endoftext|>', 'A', ' skip', ' link', ' is']",2,3,gpt2-medium
skip_link,22,11,0.0511,skip,link,A skip link is,"['<|endoftext|>', 'A', ' skip', ' link', ' is']",2,3,gpt2-medium
skip_link,22,12,0.0207,skip,link,A skip link is,"['<|endoftext|>', 'A', ' skip', ' link', ' is']",2,3,gpt2-medium
skip_link,22,13,0.0165,skip,link,A skip link is,"['<|endoftext|>', 'A', ' skip', ' link', ' is']",2,3,gpt2-medium
skip_link,22,14,0.0007,skip,link,A skip link is,"['<|endoftext|>', 'A', ' skip', ' link', ' is']",2,3,gpt2-medium
skip_link,22,15,0.0018,skip,link,A skip link is,"['<|endoftext|>', 'A', ' skip', ' link', ' is']",2,3,gpt2-medium
skip_link,23,0,0.0224,skip,link,A skip link is,"['<|endoftext|>', 'A', ' skip', ' link', ' is']",2,3,gpt2-medium
skip_link,23,1,0.0088,skip,link,A skip link is,"['<|endoftext|>', 'A', ' skip', ' link', ' is']",2,3,gpt2-medium
skip_link,23,2,0.0077,skip,link,A skip link is,"['<|endoftext|>', 'A', ' skip', ' link', ' is']",2,3,gpt2-medium
skip_link,23,3,0.0043,skip,link,A skip link is,"['<|endoftext|>', 'A', ' skip', ' link', ' is']",2,3,gpt2-medium
skip_link,23,4,0.0238,skip,link,A skip link is,"['<|endoftext|>', 'A', ' skip', ' link', ' is']",2,3,gpt2-medium
skip_link,23,5,0.3067,skip,link,A skip link is,"['<|endoftext|>', 'A', ' skip', ' link', ' is']",2,3,gpt2-medium
skip_link,23,6,0.0083,skip,link,A skip link is,"['<|endoftext|>', 'A', ' skip', ' link', ' is']",2,3,gpt2-medium
skip_link,23,7,0.0634,skip,link,A skip link is,"['<|endoftext|>', 'A', ' skip', ' link', ' is']",2,3,gpt2-medium
skip_link,23,8,0.1117,skip,link,A skip link is,"['<|endoftext|>', 'A', ' skip', ' link', ' is']",2,3,gpt2-medium
skip_link,23,9,0.0212,skip,link,A skip link is,"['<|endoftext|>', 'A', ' skip', ' link', ' is']",2,3,gpt2-medium
skip_link,23,10,0.0235,skip,link,A skip link is,"['<|endoftext|>', 'A', ' skip', ' link', ' is']",2,3,gpt2-medium
skip_link,23,11,0.1141,skip,link,A skip link is,"['<|endoftext|>', 'A', ' skip', ' link', ' is']",2,3,gpt2-medium
skip_link,23,12,0.0143,skip,link,A skip link is,"['<|endoftext|>', 'A', ' skip', ' link', ' is']",2,3,gpt2-medium
skip_link,23,13,0.0942,skip,link,A skip link is,"['<|endoftext|>', 'A', ' skip', ' link', ' is']",2,3,gpt2-medium
skip_link,23,14,0.0049,skip,link,A skip link is,"['<|endoftext|>', 'A', ' skip', ' link', ' is']",2,3,gpt2-medium
skip_link,23,15,0.0192,skip,link,A skip link is,"['<|endoftext|>', 'A', ' skip', ' link', ' is']",2,3,gpt2-medium
color_contrast,0,0,0.0622,color,contrast,Color contrast is important because,"['<|endoftext|>', 'Color', ' contrast', ' is', ' important', ' because']",1,2,gpt2-medium
color_contrast,0,1,0.344,color,contrast,Color contrast is important because,"['<|endoftext|>', 'Color', ' contrast', ' is', ' important', ' because']",1,2,gpt2-medium
color_contrast,0,2,0.0175,color,contrast,Color contrast is important because,"['<|endoftext|>', 'Color', ' contrast', ' is', ' important', ' because']",1,2,gpt2-medium
color_contrast,0,3,0.1131,color,contrast,Color contrast is important because,"['<|endoftext|>', 'Color', ' contrast', ' is', ' important', ' because']",1,2,gpt2-medium
color_contrast,0,4,0.05,color,contrast,Color contrast is important because,"['<|endoftext|>', 'Color', ' contrast', ' is', ' important', ' because']",1,2,gpt2-medium
color_contrast,0,5,0.1568,color,contrast,Color contrast is important because,"['<|endoftext|>', 'Color', ' contrast', ' is', ' important', ' because']",1,2,gpt2-medium
color_contrast,0,6,0.1532,color,contrast,Color contrast is important because,"['<|endoftext|>', 'Color', ' contrast', ' is', ' important', ' because']",1,2,gpt2-medium
color_contrast,0,7,0.0852,color,contrast,Color contrast is important because,"['<|endoftext|>', 'Color', ' contrast', ' is', ' important', ' because']",1,2,gpt2-medium
color_contrast,0,8,0.1339,color,contrast,Color contrast is important because,"['<|endoftext|>', 'Color', ' contrast', ' is', ' important', ' because']",1,2,gpt2-medium
color_contrast,0,9,0.2662,color,contrast,Color contrast is important because,"['<|endoftext|>', 'Color', ' contrast', ' is', ' important', ' because']",1,2,gpt2-medium
color_contrast,0,10,0.1808,color,contrast,Color contrast is important because,"['<|endoftext|>', 'Color', ' contrast', ' is', ' important', ' because']",1,2,gpt2-medium
color_contrast,0,11,0.361,color,contrast,Color contrast is important because,"['<|endoftext|>', 'Color', ' contrast', ' is', ' important', ' because']",1,2,gpt2-medium
color_contrast,0,12,0.083,color,contrast,Color contrast is important because,"['<|endoftext|>', 'Color', ' contrast', ' is', ' important', ' because']",1,2,gpt2-medium
color_contrast,0,13,0.1904,color,contrast,Color contrast is important because,"['<|endoftext|>', 'Color', ' contrast', ' is', ' important', ' because']",1,2,gpt2-medium
color_contrast,0,14,0.0464,color,contrast,Color contrast is important because,"['<|endoftext|>', 'Color', ' contrast', ' is', ' important', ' because']",1,2,gpt2-medium
color_contrast,0,15,0.1503,color,contrast,Color contrast is important because,"['<|endoftext|>', 'Color', ' contrast', ' is', ' important', ' because']",1,2,gpt2-medium
color_contrast,1,0,0.0469,color,contrast,Color contrast is important because,"['<|endoftext|>', 'Color', ' contrast', ' is', ' important', ' because']",1,2,gpt2-medium
color_contrast,1,1,0.0504,color,contrast,Color contrast is important because,"['<|endoftext|>', 'Color', ' contrast', ' is', ' important', ' because']",1,2,gpt2-medium
color_contrast,1,2,0.0452,color,contrast,Color contrast is important because,"['<|endoftext|>', 'Color', ' contrast', ' is', ' important', ' because']",1,2,gpt2-medium
color_contrast,1,3,0.2197,color,contrast,Color contrast is important because,"['<|endoftext|>', 'Color', ' contrast', ' is', ' important', ' because']",1,2,gpt2-medium
color_contrast,1,4,0.0226,color,contrast,Color contrast is important because,"['<|endoftext|>', 'Color', ' contrast', ' is', ' important', ' because']",1,2,gpt2-medium
color_contrast,1,5,0.0617,color,contrast,Color contrast is important because,"['<|endoftext|>', 'Color', ' contrast', ' is', ' important', ' because']",1,2,gpt2-medium
color_contrast,1,6,0.4645,color,contrast,Color contrast is important because,"['<|endoftext|>', 'Color', ' contrast', ' is', ' important', ' because']",1,2,gpt2-medium
color_contrast,1,7,0.0987,color,contrast,Color contrast is important because,"['<|endoftext|>', 'Color', ' contrast', ' is', ' important', ' because']",1,2,gpt2-medium
color_contrast,1,8,0.0486,color,contrast,Color contrast is important because,"['<|endoftext|>', 'Color', ' contrast', ' is', ' important', ' because']",1,2,gpt2-medium
color_contrast,1,9,0.2222,color,contrast,Color contrast is important because,"['<|endoftext|>', 'Color', ' contrast', ' is', ' important', ' because']",1,2,gpt2-medium
color_contrast,1,10,0.0239,color,contrast,Color contrast is important because,"['<|endoftext|>', 'Color', ' contrast', ' is', ' important', ' because']",1,2,gpt2-medium
color_contrast,1,11,0.0854,color,contrast,Color contrast is important because,"['<|endoftext|>', 'Color', ' contrast', ' is', ' important', ' because']",1,2,gpt2-medium
color_contrast,1,12,0.1297,color,contrast,Color contrast is important because,"['<|endoftext|>', 'Color', ' contrast', ' is', ' important', ' because']",1,2,gpt2-medium
color_contrast,1,13,0.0597,color,contrast,Color contrast is important because,"['<|endoftext|>', 'Color', ' contrast', ' is', ' important', ' because']",1,2,gpt2-medium
color_contrast,1,14,0.1831,color,contrast,Color contrast is important because,"['<|endoftext|>', 'Color', ' contrast', ' is', ' important', ' because']",1,2,gpt2-medium
color_contrast,1,15,0.2852,color,contrast,Color contrast is important because,"['<|endoftext|>', 'Color', ' contrast', ' is', ' important', ' because']",1,2,gpt2-medium
color_contrast,2,0,0.0781,color,contrast,Color contrast is important because,"['<|endoftext|>', 'Color', ' contrast', ' is', ' important', ' because']",1,2,gpt2-medium
color_contrast,2,1,0.1632,color,contrast,Color contrast is important because,"['<|endoftext|>', 'Color', ' contrast', ' is', ' important', ' because']",1,2,gpt2-medium
color_contrast,2,2,0.0646,color,contrast,Color contrast is important because,"['<|endoftext|>', 'Color', ' contrast', ' is', ' important', ' because']",1,2,gpt2-medium
color_contrast,2,3,0.3088,color,contrast,Color contrast is important because,"['<|endoftext|>', 'Color', ' contrast', ' is', ' important', ' because']",1,2,gpt2-medium
color_contrast,2,4,0.6214,color,contrast,Color contrast is important because,"['<|endoftext|>', 'Color', ' contrast', ' is', ' important', ' because']",1,2,gpt2-medium
color_contrast,2,5,0.3694,color,contrast,Color contrast is important because,"['<|endoftext|>', 'Color', ' contrast', ' is', ' important', ' because']",1,2,gpt2-medium
color_contrast,2,6,0.1627,color,contrast,Color contrast is important because,"['<|endoftext|>', 'Color', ' contrast', ' is', ' important', ' because']",1,2,gpt2-medium
color_contrast,2,7,0.1119,color,contrast,Color contrast is important because,"['<|endoftext|>', 'Color', ' contrast', ' is', ' important', ' because']",1,2,gpt2-medium
color_contrast,2,8,0.6661,color,contrast,Color contrast is important because,"['<|endoftext|>', 'Color', ' contrast', ' is', ' important', ' because']",1,2,gpt2-medium
color_contrast,2,9,0.2916,color,contrast,Color contrast is important because,"['<|endoftext|>', 'Color', ' contrast', ' is', ' important', ' because']",1,2,gpt2-medium
color_contrast,2,10,0.0733,color,contrast,Color contrast is important because,"['<|endoftext|>', 'Color', ' contrast', ' is', ' important', ' because']",1,2,gpt2-medium
color_contrast,2,11,0.3475,color,contrast,Color contrast is important because,"['<|endoftext|>', 'Color', ' contrast', ' is', ' important', ' because']",1,2,gpt2-medium
color_contrast,2,12,0.0776,color,contrast,Color contrast is important because,"['<|endoftext|>', 'Color', ' contrast', ' is', ' important', ' because']",1,2,gpt2-medium
color_contrast,2,13,0.1738,color,contrast,Color contrast is important because,"['<|endoftext|>', 'Color', ' contrast', ' is', ' important', ' because']",1,2,gpt2-medium
color_contrast,2,14,0.1197,color,contrast,Color contrast is important because,"['<|endoftext|>', 'Color', ' contrast', ' is', ' important', ' because']",1,2,gpt2-medium
color_contrast,2,15,0.6557,color,contrast,Color contrast is important because,"['<|endoftext|>', 'Color', ' contrast', ' is', ' important', ' because']",1,2,gpt2-medium
color_contrast,3,0,0.0538,color,contrast,Color contrast is important because,"['<|endoftext|>', 'Color', ' contrast', ' is', ' important', ' because']",1,2,gpt2-medium
color_contrast,3,1,0.0347,color,contrast,Color contrast is important because,"['<|endoftext|>', 'Color', ' contrast', ' is', ' important', ' because']",1,2,gpt2-medium
color_contrast,3,2,0.2635,color,contrast,Color contrast is important because,"['<|endoftext|>', 'Color', ' contrast', ' is', ' important', ' because']",1,2,gpt2-medium
color_contrast,3,3,0.2943,color,contrast,Color contrast is important because,"['<|endoftext|>', 'Color', ' contrast', ' is', ' important', ' because']",1,2,gpt2-medium
color_contrast,3,4,0.0858,color,contrast,Color contrast is important because,"['<|endoftext|>', 'Color', ' contrast', ' is', ' important', ' because']",1,2,gpt2-medium
color_contrast,3,5,0.2468,color,contrast,Color contrast is important because,"['<|endoftext|>', 'Color', ' contrast', ' is', ' important', ' because']",1,2,gpt2-medium
color_contrast,3,6,0.345,color,contrast,Color contrast is important because,"['<|endoftext|>', 'Color', ' contrast', ' is', ' important', ' because']",1,2,gpt2-medium
color_contrast,3,7,0.0723,color,contrast,Color contrast is important because,"['<|endoftext|>', 'Color', ' contrast', ' is', ' important', ' because']",1,2,gpt2-medium
color_contrast,3,8,0.3227,color,contrast,Color contrast is important because,"['<|endoftext|>', 'Color', ' contrast', ' is', ' important', ' because']",1,2,gpt2-medium
color_contrast,3,9,0.0566,color,contrast,Color contrast is important because,"['<|endoftext|>', 'Color', ' contrast', ' is', ' important', ' because']",1,2,gpt2-medium
color_contrast,3,10,0.4811,color,contrast,Color contrast is important because,"['<|endoftext|>', 'Color', ' contrast', ' is', ' important', ' because']",1,2,gpt2-medium
color_contrast,3,11,0.1749,color,contrast,Color contrast is important because,"['<|endoftext|>', 'Color', ' contrast', ' is', ' important', ' because']",1,2,gpt2-medium
color_contrast,3,12,0.1655,color,contrast,Color contrast is important because,"['<|endoftext|>', 'Color', ' contrast', ' is', ' important', ' because']",1,2,gpt2-medium
color_contrast,3,13,0.7925,color,contrast,Color contrast is important because,"['<|endoftext|>', 'Color', ' contrast', ' is', ' important', ' because']",1,2,gpt2-medium
color_contrast,3,14,0.2237,color,contrast,Color contrast is important because,"['<|endoftext|>', 'Color', ' contrast', ' is', ' important', ' because']",1,2,gpt2-medium
color_contrast,3,15,0.2005,color,contrast,Color contrast is important because,"['<|endoftext|>', 'Color', ' contrast', ' is', ' important', ' because']",1,2,gpt2-medium
color_contrast,4,0,0.7403,color,contrast,Color contrast is important because,"['<|endoftext|>', 'Color', ' contrast', ' is', ' important', ' because']",1,2,gpt2-medium
color_contrast,4,1,0.1045,color,contrast,Color contrast is important because,"['<|endoftext|>', 'Color', ' contrast', ' is', ' important', ' because']",1,2,gpt2-medium
color_contrast,4,2,0.3937,color,contrast,Color contrast is important because,"['<|endoftext|>', 'Color', ' contrast', ' is', ' important', ' because']",1,2,gpt2-medium
color_contrast,4,3,0.1495,color,contrast,Color contrast is important because,"['<|endoftext|>', 'Color', ' contrast', ' is', ' important', ' because']",1,2,gpt2-medium
color_contrast,4,4,0.4409,color,contrast,Color contrast is important because,"['<|endoftext|>', 'Color', ' contrast', ' is', ' important', ' because']",1,2,gpt2-medium
color_contrast,4,5,0.029,color,contrast,Color contrast is important because,"['<|endoftext|>', 'Color', ' contrast', ' is', ' important', ' because']",1,2,gpt2-medium
color_contrast,4,6,0.0001,color,contrast,Color contrast is important because,"['<|endoftext|>', 'Color', ' contrast', ' is', ' important', ' because']",1,2,gpt2-medium
color_contrast,4,7,0.1132,color,contrast,Color contrast is important because,"['<|endoftext|>', 'Color', ' contrast', ' is', ' important', ' because']",1,2,gpt2-medium
color_contrast,4,8,0.5175,color,contrast,Color contrast is important because,"['<|endoftext|>', 'Color', ' contrast', ' is', ' important', ' because']",1,2,gpt2-medium
color_contrast,4,9,0.0734,color,contrast,Color contrast is important because,"['<|endoftext|>', 'Color', ' contrast', ' is', ' important', ' because']",1,2,gpt2-medium
color_contrast,4,10,0.169,color,contrast,Color contrast is important because,"['<|endoftext|>', 'Color', ' contrast', ' is', ' important', ' because']",1,2,gpt2-medium
color_contrast,4,11,0.2924,color,contrast,Color contrast is important because,"['<|endoftext|>', 'Color', ' contrast', ' is', ' important', ' because']",1,2,gpt2-medium
color_contrast,4,12,0.666,color,contrast,Color contrast is important because,"['<|endoftext|>', 'Color', ' contrast', ' is', ' important', ' because']",1,2,gpt2-medium
color_contrast,4,13,0.9999,color,contrast,Color contrast is important because,"['<|endoftext|>', 'Color', ' contrast', ' is', ' important', ' because']",1,2,gpt2-medium
color_contrast,4,14,0.1499,color,contrast,Color contrast is important because,"['<|endoftext|>', 'Color', ' contrast', ' is', ' important', ' because']",1,2,gpt2-medium
color_contrast,4,15,0.0161,color,contrast,Color contrast is important because,"['<|endoftext|>', 'Color', ' contrast', ' is', ' important', ' because']",1,2,gpt2-medium
color_contrast,5,0,0.0002,color,contrast,Color contrast is important because,"['<|endoftext|>', 'Color', ' contrast', ' is', ' important', ' because']",1,2,gpt2-medium
color_contrast,5,1,0.0417,color,contrast,Color contrast is important because,"['<|endoftext|>', 'Color', ' contrast', ' is', ' important', ' because']",1,2,gpt2-medium
color_contrast,5,2,0.4747,color,contrast,Color contrast is important because,"['<|endoftext|>', 'Color', ' contrast', ' is', ' important', ' because']",1,2,gpt2-medium
color_contrast,5,3,0.0546,color,contrast,Color contrast is important because,"['<|endoftext|>', 'Color', ' contrast', ' is', ' important', ' because']",1,2,gpt2-medium
color_contrast,5,4,0.1926,color,contrast,Color contrast is important because,"['<|endoftext|>', 'Color', ' contrast', ' is', ' important', ' because']",1,2,gpt2-medium
color_contrast,5,5,0.5077,color,contrast,Color contrast is important because,"['<|endoftext|>', 'Color', ' contrast', ' is', ' important', ' because']",1,2,gpt2-medium
color_contrast,5,6,0.1237,color,contrast,Color contrast is important because,"['<|endoftext|>', 'Color', ' contrast', ' is', ' important', ' because']",1,2,gpt2-medium
color_contrast,5,7,0.0148,color,contrast,Color contrast is important because,"['<|endoftext|>', 'Color', ' contrast', ' is', ' important', ' because']",1,2,gpt2-medium
color_contrast,5,8,0.0032,color,contrast,Color contrast is important because,"['<|endoftext|>', 'Color', ' contrast', ' is', ' important', ' because']",1,2,gpt2-medium
color_contrast,5,9,0.4406,color,contrast,Color contrast is important because,"['<|endoftext|>', 'Color', ' contrast', ' is', ' important', ' because']",1,2,gpt2-medium
color_contrast,5,10,0.0141,color,contrast,Color contrast is important because,"['<|endoftext|>', 'Color', ' contrast', ' is', ' important', ' because']",1,2,gpt2-medium
color_contrast,5,11,1.0,color,contrast,Color contrast is important because,"['<|endoftext|>', 'Color', ' contrast', ' is', ' important', ' because']",1,2,gpt2-medium
color_contrast,5,12,0.079,color,contrast,Color contrast is important because,"['<|endoftext|>', 'Color', ' contrast', ' is', ' important', ' because']",1,2,gpt2-medium
color_contrast,5,13,0.1419,color,contrast,Color contrast is important because,"['<|endoftext|>', 'Color', ' contrast', ' is', ' important', ' because']",1,2,gpt2-medium
color_contrast,5,14,0.0143,color,contrast,Color contrast is important because,"['<|endoftext|>', 'Color', ' contrast', ' is', ' important', ' because']",1,2,gpt2-medium
color_contrast,5,15,0.0309,color,contrast,Color contrast is important because,"['<|endoftext|>', 'Color', ' contrast', ' is', ' important', ' because']",1,2,gpt2-medium
color_contrast,6,0,0.0022,color,contrast,Color contrast is important because,"['<|endoftext|>', 'Color', ' contrast', ' is', ' important', ' because']",1,2,gpt2-medium
color_contrast,6,1,0.0,color,contrast,Color contrast is important because,"['<|endoftext|>', 'Color', ' contrast', ' is', ' important', ' because']",1,2,gpt2-medium
color_contrast,6,2,0.0188,color,contrast,Color contrast is important because,"['<|endoftext|>', 'Color', ' contrast', ' is', ' important', ' because']",1,2,gpt2-medium
color_contrast,6,3,0.0473,color,contrast,Color contrast is important because,"['<|endoftext|>', 'Color', ' contrast', ' is', ' important', ' because']",1,2,gpt2-medium
color_contrast,6,4,0.0008,color,contrast,Color contrast is important because,"['<|endoftext|>', 'Color', ' contrast', ' is', ' important', ' because']",1,2,gpt2-medium
color_contrast,6,5,0.1088,color,contrast,Color contrast is important because,"['<|endoftext|>', 'Color', ' contrast', ' is', ' important', ' because']",1,2,gpt2-medium
color_contrast,6,6,0.0223,color,contrast,Color contrast is important because,"['<|endoftext|>', 'Color', ' contrast', ' is', ' important', ' because']",1,2,gpt2-medium
color_contrast,6,7,0.9618,color,contrast,Color contrast is important because,"['<|endoftext|>', 'Color', ' contrast', ' is', ' important', ' because']",1,2,gpt2-medium
color_contrast,6,8,0.0289,color,contrast,Color contrast is important because,"['<|endoftext|>', 'Color', ' contrast', ' is', ' important', ' because']",1,2,gpt2-medium
color_contrast,6,9,0.0014,color,contrast,Color contrast is important because,"['<|endoftext|>', 'Color', ' contrast', ' is', ' important', ' because']",1,2,gpt2-medium
color_contrast,6,10,0.02,color,contrast,Color contrast is important because,"['<|endoftext|>', 'Color', ' contrast', ' is', ' important', ' because']",1,2,gpt2-medium
color_contrast,6,11,0.0011,color,contrast,Color contrast is important because,"['<|endoftext|>', 'Color', ' contrast', ' is', ' important', ' because']",1,2,gpt2-medium
color_contrast,6,12,0.0666,color,contrast,Color contrast is important because,"['<|endoftext|>', 'Color', ' contrast', ' is', ' important', ' because']",1,2,gpt2-medium
color_contrast,6,13,0.0131,color,contrast,Color contrast is important because,"['<|endoftext|>', 'Color', ' contrast', ' is', ' important', ' because']",1,2,gpt2-medium
color_contrast,6,14,0.5258,color,contrast,Color contrast is important because,"['<|endoftext|>', 'Color', ' contrast', ' is', ' important', ' because']",1,2,gpt2-medium
color_contrast,6,15,0.0007,color,contrast,Color contrast is important because,"['<|endoftext|>', 'Color', ' contrast', ' is', ' important', ' because']",1,2,gpt2-medium
color_contrast,7,0,0.0034,color,contrast,Color contrast is important because,"['<|endoftext|>', 'Color', ' contrast', ' is', ' important', ' because']",1,2,gpt2-medium
color_contrast,7,1,0.0521,color,contrast,Color contrast is important because,"['<|endoftext|>', 'Color', ' contrast', ' is', ' important', ' because']",1,2,gpt2-medium
color_contrast,7,2,0.0,color,contrast,Color contrast is important because,"['<|endoftext|>', 'Color', ' contrast', ' is', ' important', ' because']",1,2,gpt2-medium
color_contrast,7,3,0.0292,color,contrast,Color contrast is important because,"['<|endoftext|>', 'Color', ' contrast', ' is', ' important', ' because']",1,2,gpt2-medium
color_contrast,7,4,0.002,color,contrast,Color contrast is important because,"['<|endoftext|>', 'Color', ' contrast', ' is', ' important', ' because']",1,2,gpt2-medium
color_contrast,7,5,0.0208,color,contrast,Color contrast is important because,"['<|endoftext|>', 'Color', ' contrast', ' is', ' important', ' because']",1,2,gpt2-medium
color_contrast,7,6,0.0508,color,contrast,Color contrast is important because,"['<|endoftext|>', 'Color', ' contrast', ' is', ' important', ' because']",1,2,gpt2-medium
color_contrast,7,7,0.0106,color,contrast,Color contrast is important because,"['<|endoftext|>', 'Color', ' contrast', ' is', ' important', ' because']",1,2,gpt2-medium
color_contrast,7,8,0.1205,color,contrast,Color contrast is important because,"['<|endoftext|>', 'Color', ' contrast', ' is', ' important', ' because']",1,2,gpt2-medium
color_contrast,7,9,0.1352,color,contrast,Color contrast is important because,"['<|endoftext|>', 'Color', ' contrast', ' is', ' important', ' because']",1,2,gpt2-medium
color_contrast,7,10,0.0048,color,contrast,Color contrast is important because,"['<|endoftext|>', 'Color', ' contrast', ' is', ' important', ' because']",1,2,gpt2-medium
color_contrast,7,11,0.0,color,contrast,Color contrast is important because,"['<|endoftext|>', 'Color', ' contrast', ' is', ' important', ' because']",1,2,gpt2-medium
color_contrast,7,12,0.0343,color,contrast,Color contrast is important because,"['<|endoftext|>', 'Color', ' contrast', ' is', ' important', ' because']",1,2,gpt2-medium
color_contrast,7,13,0.0534,color,contrast,Color contrast is important because,"['<|endoftext|>', 'Color', ' contrast', ' is', ' important', ' because']",1,2,gpt2-medium
color_contrast,7,14,0.0975,color,contrast,Color contrast is important because,"['<|endoftext|>', 'Color', ' contrast', ' is', ' important', ' because']",1,2,gpt2-medium
color_contrast,7,15,0.0003,color,contrast,Color contrast is important because,"['<|endoftext|>', 'Color', ' contrast', ' is', ' important', ' because']",1,2,gpt2-medium
color_contrast,8,0,0.0135,color,contrast,Color contrast is important because,"['<|endoftext|>', 'Color', ' contrast', ' is', ' important', ' because']",1,2,gpt2-medium
color_contrast,8,1,0.2748,color,contrast,Color contrast is important because,"['<|endoftext|>', 'Color', ' contrast', ' is', ' important', ' because']",1,2,gpt2-medium
color_contrast,8,2,0.0271,color,contrast,Color contrast is important because,"['<|endoftext|>', 'Color', ' contrast', ' is', ' important', ' because']",1,2,gpt2-medium
color_contrast,8,3,0.0182,color,contrast,Color contrast is important because,"['<|endoftext|>', 'Color', ' contrast', ' is', ' important', ' because']",1,2,gpt2-medium
color_contrast,8,4,0.0131,color,contrast,Color contrast is important because,"['<|endoftext|>', 'Color', ' contrast', ' is', ' important', ' because']",1,2,gpt2-medium
color_contrast,8,5,0.0321,color,contrast,Color contrast is important because,"['<|endoftext|>', 'Color', ' contrast', ' is', ' important', ' because']",1,2,gpt2-medium
color_contrast,8,6,0.3852,color,contrast,Color contrast is important because,"['<|endoftext|>', 'Color', ' contrast', ' is', ' important', ' because']",1,2,gpt2-medium
color_contrast,8,7,0.3874,color,contrast,Color contrast is important because,"['<|endoftext|>', 'Color', ' contrast', ' is', ' important', ' because']",1,2,gpt2-medium
color_contrast,8,8,0.0147,color,contrast,Color contrast is important because,"['<|endoftext|>', 'Color', ' contrast', ' is', ' important', ' because']",1,2,gpt2-medium
color_contrast,8,9,0.0487,color,contrast,Color contrast is important because,"['<|endoftext|>', 'Color', ' contrast', ' is', ' important', ' because']",1,2,gpt2-medium
color_contrast,8,10,0.0191,color,contrast,Color contrast is important because,"['<|endoftext|>', 'Color', ' contrast', ' is', ' important', ' because']",1,2,gpt2-medium
color_contrast,8,11,0.0396,color,contrast,Color contrast is important because,"['<|endoftext|>', 'Color', ' contrast', ' is', ' important', ' because']",1,2,gpt2-medium
color_contrast,8,12,0.023,color,contrast,Color contrast is important because,"['<|endoftext|>', 'Color', ' contrast', ' is', ' important', ' because']",1,2,gpt2-medium
color_contrast,8,13,0.0032,color,contrast,Color contrast is important because,"['<|endoftext|>', 'Color', ' contrast', ' is', ' important', ' because']",1,2,gpt2-medium
color_contrast,8,14,0.1136,color,contrast,Color contrast is important because,"['<|endoftext|>', 'Color', ' contrast', ' is', ' important', ' because']",1,2,gpt2-medium
color_contrast,8,15,0.1908,color,contrast,Color contrast is important because,"['<|endoftext|>', 'Color', ' contrast', ' is', ' important', ' because']",1,2,gpt2-medium
color_contrast,9,0,0.0837,color,contrast,Color contrast is important because,"['<|endoftext|>', 'Color', ' contrast', ' is', ' important', ' because']",1,2,gpt2-medium
color_contrast,9,1,0.0293,color,contrast,Color contrast is important because,"['<|endoftext|>', 'Color', ' contrast', ' is', ' important', ' because']",1,2,gpt2-medium
color_contrast,9,2,0.3129,color,contrast,Color contrast is important because,"['<|endoftext|>', 'Color', ' contrast', ' is', ' important', ' because']",1,2,gpt2-medium
color_contrast,9,3,0.0006,color,contrast,Color contrast is important because,"['<|endoftext|>', 'Color', ' contrast', ' is', ' important', ' because']",1,2,gpt2-medium
color_contrast,9,4,0.0004,color,contrast,Color contrast is important because,"['<|endoftext|>', 'Color', ' contrast', ' is', ' important', ' because']",1,2,gpt2-medium
color_contrast,9,5,0.055,color,contrast,Color contrast is important because,"['<|endoftext|>', 'Color', ' contrast', ' is', ' important', ' because']",1,2,gpt2-medium
color_contrast,9,6,0.0051,color,contrast,Color contrast is important because,"['<|endoftext|>', 'Color', ' contrast', ' is', ' important', ' because']",1,2,gpt2-medium
color_contrast,9,7,0.0065,color,contrast,Color contrast is important because,"['<|endoftext|>', 'Color', ' contrast', ' is', ' important', ' because']",1,2,gpt2-medium
color_contrast,9,8,0.023,color,contrast,Color contrast is important because,"['<|endoftext|>', 'Color', ' contrast', ' is', ' important', ' because']",1,2,gpt2-medium
color_contrast,9,9,0.0,color,contrast,Color contrast is important because,"['<|endoftext|>', 'Color', ' contrast', ' is', ' important', ' because']",1,2,gpt2-medium
color_contrast,9,10,0.0528,color,contrast,Color contrast is important because,"['<|endoftext|>', 'Color', ' contrast', ' is', ' important', ' because']",1,2,gpt2-medium
color_contrast,9,11,0.082,color,contrast,Color contrast is important because,"['<|endoftext|>', 'Color', ' contrast', ' is', ' important', ' because']",1,2,gpt2-medium
color_contrast,9,12,0.0018,color,contrast,Color contrast is important because,"['<|endoftext|>', 'Color', ' contrast', ' is', ' important', ' because']",1,2,gpt2-medium
color_contrast,9,13,0.0027,color,contrast,Color contrast is important because,"['<|endoftext|>', 'Color', ' contrast', ' is', ' important', ' because']",1,2,gpt2-medium
color_contrast,9,14,0.0338,color,contrast,Color contrast is important because,"['<|endoftext|>', 'Color', ' contrast', ' is', ' important', ' because']",1,2,gpt2-medium
color_contrast,9,15,0.4659,color,contrast,Color contrast is important because,"['<|endoftext|>', 'Color', ' contrast', ' is', ' important', ' because']",1,2,gpt2-medium
color_contrast,10,0,0.0348,color,contrast,Color contrast is important because,"['<|endoftext|>', 'Color', ' contrast', ' is', ' important', ' because']",1,2,gpt2-medium
color_contrast,10,1,0.0001,color,contrast,Color contrast is important because,"['<|endoftext|>', 'Color', ' contrast', ' is', ' important', ' because']",1,2,gpt2-medium
color_contrast,10,2,0.1218,color,contrast,Color contrast is important because,"['<|endoftext|>', 'Color', ' contrast', ' is', ' important', ' because']",1,2,gpt2-medium
color_contrast,10,3,0.0298,color,contrast,Color contrast is important because,"['<|endoftext|>', 'Color', ' contrast', ' is', ' important', ' because']",1,2,gpt2-medium
color_contrast,10,4,0.084,color,contrast,Color contrast is important because,"['<|endoftext|>', 'Color', ' contrast', ' is', ' important', ' because']",1,2,gpt2-medium
color_contrast,10,5,0.6557,color,contrast,Color contrast is important because,"['<|endoftext|>', 'Color', ' contrast', ' is', ' important', ' because']",1,2,gpt2-medium
color_contrast,10,6,0.0328,color,contrast,Color contrast is important because,"['<|endoftext|>', 'Color', ' contrast', ' is', ' important', ' because']",1,2,gpt2-medium
color_contrast,10,7,0.0577,color,contrast,Color contrast is important because,"['<|endoftext|>', 'Color', ' contrast', ' is', ' important', ' because']",1,2,gpt2-medium
color_contrast,10,8,0.0008,color,contrast,Color contrast is important because,"['<|endoftext|>', 'Color', ' contrast', ' is', ' important', ' because']",1,2,gpt2-medium
color_contrast,10,9,0.0106,color,contrast,Color contrast is important because,"['<|endoftext|>', 'Color', ' contrast', ' is', ' important', ' because']",1,2,gpt2-medium
color_contrast,10,10,0.0381,color,contrast,Color contrast is important because,"['<|endoftext|>', 'Color', ' contrast', ' is', ' important', ' because']",1,2,gpt2-medium
color_contrast,10,11,0.2036,color,contrast,Color contrast is important because,"['<|endoftext|>', 'Color', ' contrast', ' is', ' important', ' because']",1,2,gpt2-medium
color_contrast,10,12,0.1127,color,contrast,Color contrast is important because,"['<|endoftext|>', 'Color', ' contrast', ' is', ' important', ' because']",1,2,gpt2-medium
color_contrast,10,13,0.0053,color,contrast,Color contrast is important because,"['<|endoftext|>', 'Color', ' contrast', ' is', ' important', ' because']",1,2,gpt2-medium
color_contrast,10,14,0.0555,color,contrast,Color contrast is important because,"['<|endoftext|>', 'Color', ' contrast', ' is', ' important', ' because']",1,2,gpt2-medium
color_contrast,10,15,0.0542,color,contrast,Color contrast is important because,"['<|endoftext|>', 'Color', ' contrast', ' is', ' important', ' because']",1,2,gpt2-medium
color_contrast,11,0,0.0852,color,contrast,Color contrast is important because,"['<|endoftext|>', 'Color', ' contrast', ' is', ' important', ' because']",1,2,gpt2-medium
color_contrast,11,1,0.0006,color,contrast,Color contrast is important because,"['<|endoftext|>', 'Color', ' contrast', ' is', ' important', ' because']",1,2,gpt2-medium
color_contrast,11,2,0.0059,color,contrast,Color contrast is important because,"['<|endoftext|>', 'Color', ' contrast', ' is', ' important', ' because']",1,2,gpt2-medium
color_contrast,11,3,0.004,color,contrast,Color contrast is important because,"['<|endoftext|>', 'Color', ' contrast', ' is', ' important', ' because']",1,2,gpt2-medium
color_contrast,11,4,0.0028,color,contrast,Color contrast is important because,"['<|endoftext|>', 'Color', ' contrast', ' is', ' important', ' because']",1,2,gpt2-medium
color_contrast,11,5,0.0351,color,contrast,Color contrast is important because,"['<|endoftext|>', 'Color', ' contrast', ' is', ' important', ' because']",1,2,gpt2-medium
color_contrast,11,6,0.2897,color,contrast,Color contrast is important because,"['<|endoftext|>', 'Color', ' contrast', ' is', ' important', ' because']",1,2,gpt2-medium
color_contrast,11,7,0.1757,color,contrast,Color contrast is important because,"['<|endoftext|>', 'Color', ' contrast', ' is', ' important', ' because']",1,2,gpt2-medium
color_contrast,11,8,0.0313,color,contrast,Color contrast is important because,"['<|endoftext|>', 'Color', ' contrast', ' is', ' important', ' because']",1,2,gpt2-medium
color_contrast,11,9,0.1053,color,contrast,Color contrast is important because,"['<|endoftext|>', 'Color', ' contrast', ' is', ' important', ' because']",1,2,gpt2-medium
color_contrast,11,10,0.0162,color,contrast,Color contrast is important because,"['<|endoftext|>', 'Color', ' contrast', ' is', ' important', ' because']",1,2,gpt2-medium
color_contrast,11,11,0.0034,color,contrast,Color contrast is important because,"['<|endoftext|>', 'Color', ' contrast', ' is', ' important', ' because']",1,2,gpt2-medium
color_contrast,11,12,0.0766,color,contrast,Color contrast is important because,"['<|endoftext|>', 'Color', ' contrast', ' is', ' important', ' because']",1,2,gpt2-medium
color_contrast,11,13,0.1429,color,contrast,Color contrast is important because,"['<|endoftext|>', 'Color', ' contrast', ' is', ' important', ' because']",1,2,gpt2-medium
color_contrast,11,14,0.0047,color,contrast,Color contrast is important because,"['<|endoftext|>', 'Color', ' contrast', ' is', ' important', ' because']",1,2,gpt2-medium
color_contrast,11,15,0.0573,color,contrast,Color contrast is important because,"['<|endoftext|>', 'Color', ' contrast', ' is', ' important', ' because']",1,2,gpt2-medium
color_contrast,12,0,0.0047,color,contrast,Color contrast is important because,"['<|endoftext|>', 'Color', ' contrast', ' is', ' important', ' because']",1,2,gpt2-medium
color_contrast,12,1,0.0,color,contrast,Color contrast is important because,"['<|endoftext|>', 'Color', ' contrast', ' is', ' important', ' because']",1,2,gpt2-medium
color_contrast,12,2,0.0048,color,contrast,Color contrast is important because,"['<|endoftext|>', 'Color', ' contrast', ' is', ' important', ' because']",1,2,gpt2-medium
color_contrast,12,3,0.02,color,contrast,Color contrast is important because,"['<|endoftext|>', 'Color', ' contrast', ' is', ' important', ' because']",1,2,gpt2-medium
color_contrast,12,4,0.0769,color,contrast,Color contrast is important because,"['<|endoftext|>', 'Color', ' contrast', ' is', ' important', ' because']",1,2,gpt2-medium
color_contrast,12,5,0.0078,color,contrast,Color contrast is important because,"['<|endoftext|>', 'Color', ' contrast', ' is', ' important', ' because']",1,2,gpt2-medium
color_contrast,12,6,0.075,color,contrast,Color contrast is important because,"['<|endoftext|>', 'Color', ' contrast', ' is', ' important', ' because']",1,2,gpt2-medium
color_contrast,12,7,0.0058,color,contrast,Color contrast is important because,"['<|endoftext|>', 'Color', ' contrast', ' is', ' important', ' because']",1,2,gpt2-medium
color_contrast,12,8,0.4379,color,contrast,Color contrast is important because,"['<|endoftext|>', 'Color', ' contrast', ' is', ' important', ' because']",1,2,gpt2-medium
color_contrast,12,9,0.0509,color,contrast,Color contrast is important because,"['<|endoftext|>', 'Color', ' contrast', ' is', ' important', ' because']",1,2,gpt2-medium
color_contrast,12,10,0.0372,color,contrast,Color contrast is important because,"['<|endoftext|>', 'Color', ' contrast', ' is', ' important', ' because']",1,2,gpt2-medium
color_contrast,12,11,0.0006,color,contrast,Color contrast is important because,"['<|endoftext|>', 'Color', ' contrast', ' is', ' important', ' because']",1,2,gpt2-medium
color_contrast,12,12,0.1507,color,contrast,Color contrast is important because,"['<|endoftext|>', 'Color', ' contrast', ' is', ' important', ' because']",1,2,gpt2-medium
color_contrast,12,13,0.0139,color,contrast,Color contrast is important because,"['<|endoftext|>', 'Color', ' contrast', ' is', ' important', ' because']",1,2,gpt2-medium
color_contrast,12,14,0.0913,color,contrast,Color contrast is important because,"['<|endoftext|>', 'Color', ' contrast', ' is', ' important', ' because']",1,2,gpt2-medium
color_contrast,12,15,0.0587,color,contrast,Color contrast is important because,"['<|endoftext|>', 'Color', ' contrast', ' is', ' important', ' because']",1,2,gpt2-medium
color_contrast,13,0,0.0606,color,contrast,Color contrast is important because,"['<|endoftext|>', 'Color', ' contrast', ' is', ' important', ' because']",1,2,gpt2-medium
color_contrast,13,1,0.0046,color,contrast,Color contrast is important because,"['<|endoftext|>', 'Color', ' contrast', ' is', ' important', ' because']",1,2,gpt2-medium
color_contrast,13,2,0.0206,color,contrast,Color contrast is important because,"['<|endoftext|>', 'Color', ' contrast', ' is', ' important', ' because']",1,2,gpt2-medium
color_contrast,13,3,0.288,color,contrast,Color contrast is important because,"['<|endoftext|>', 'Color', ' contrast', ' is', ' important', ' because']",1,2,gpt2-medium
color_contrast,13,4,0.0629,color,contrast,Color contrast is important because,"['<|endoftext|>', 'Color', ' contrast', ' is', ' important', ' because']",1,2,gpt2-medium
color_contrast,13,5,0.1615,color,contrast,Color contrast is important because,"['<|endoftext|>', 'Color', ' contrast', ' is', ' important', ' because']",1,2,gpt2-medium
color_contrast,13,6,0.0042,color,contrast,Color contrast is important because,"['<|endoftext|>', 'Color', ' contrast', ' is', ' important', ' because']",1,2,gpt2-medium
color_contrast,13,7,0.0149,color,contrast,Color contrast is important because,"['<|endoftext|>', 'Color', ' contrast', ' is', ' important', ' because']",1,2,gpt2-medium
color_contrast,13,8,0.0213,color,contrast,Color contrast is important because,"['<|endoftext|>', 'Color', ' contrast', ' is', ' important', ' because']",1,2,gpt2-medium
color_contrast,13,9,0.0533,color,contrast,Color contrast is important because,"['<|endoftext|>', 'Color', ' contrast', ' is', ' important', ' because']",1,2,gpt2-medium
color_contrast,13,10,0.0904,color,contrast,Color contrast is important because,"['<|endoftext|>', 'Color', ' contrast', ' is', ' important', ' because']",1,2,gpt2-medium
color_contrast,13,11,0.037,color,contrast,Color contrast is important because,"['<|endoftext|>', 'Color', ' contrast', ' is', ' important', ' because']",1,2,gpt2-medium
color_contrast,13,12,0.0012,color,contrast,Color contrast is important because,"['<|endoftext|>', 'Color', ' contrast', ' is', ' important', ' because']",1,2,gpt2-medium
color_contrast,13,13,0.0214,color,contrast,Color contrast is important because,"['<|endoftext|>', 'Color', ' contrast', ' is', ' important', ' because']",1,2,gpt2-medium
color_contrast,13,14,0.0001,color,contrast,Color contrast is important because,"['<|endoftext|>', 'Color', ' contrast', ' is', ' important', ' because']",1,2,gpt2-medium
color_contrast,13,15,0.0844,color,contrast,Color contrast is important because,"['<|endoftext|>', 'Color', ' contrast', ' is', ' important', ' because']",1,2,gpt2-medium
color_contrast,14,0,0.0351,color,contrast,Color contrast is important because,"['<|endoftext|>', 'Color', ' contrast', ' is', ' important', ' because']",1,2,gpt2-medium
color_contrast,14,1,0.0162,color,contrast,Color contrast is important because,"['<|endoftext|>', 'Color', ' contrast', ' is', ' important', ' because']",1,2,gpt2-medium
color_contrast,14,2,0.0016,color,contrast,Color contrast is important because,"['<|endoftext|>', 'Color', ' contrast', ' is', ' important', ' because']",1,2,gpt2-medium
color_contrast,14,3,0.231,color,contrast,Color contrast is important because,"['<|endoftext|>', 'Color', ' contrast', ' is', ' important', ' because']",1,2,gpt2-medium
color_contrast,14,4,0.0148,color,contrast,Color contrast is important because,"['<|endoftext|>', 'Color', ' contrast', ' is', ' important', ' because']",1,2,gpt2-medium
color_contrast,14,5,0.0223,color,contrast,Color contrast is important because,"['<|endoftext|>', 'Color', ' contrast', ' is', ' important', ' because']",1,2,gpt2-medium
color_contrast,14,6,0.1386,color,contrast,Color contrast is important because,"['<|endoftext|>', 'Color', ' contrast', ' is', ' important', ' because']",1,2,gpt2-medium
color_contrast,14,7,0.0619,color,contrast,Color contrast is important because,"['<|endoftext|>', 'Color', ' contrast', ' is', ' important', ' because']",1,2,gpt2-medium
color_contrast,14,8,0.0052,color,contrast,Color contrast is important because,"['<|endoftext|>', 'Color', ' contrast', ' is', ' important', ' because']",1,2,gpt2-medium
color_contrast,14,9,0.0,color,contrast,Color contrast is important because,"['<|endoftext|>', 'Color', ' contrast', ' is', ' important', ' because']",1,2,gpt2-medium
color_contrast,14,10,0.1033,color,contrast,Color contrast is important because,"['<|endoftext|>', 'Color', ' contrast', ' is', ' important', ' because']",1,2,gpt2-medium
color_contrast,14,11,0.0128,color,contrast,Color contrast is important because,"['<|endoftext|>', 'Color', ' contrast', ' is', ' important', ' because']",1,2,gpt2-medium
color_contrast,14,12,0.1587,color,contrast,Color contrast is important because,"['<|endoftext|>', 'Color', ' contrast', ' is', ' important', ' because']",1,2,gpt2-medium
color_contrast,14,13,0.0051,color,contrast,Color contrast is important because,"['<|endoftext|>', 'Color', ' contrast', ' is', ' important', ' because']",1,2,gpt2-medium
color_contrast,14,14,0.0018,color,contrast,Color contrast is important because,"['<|endoftext|>', 'Color', ' contrast', ' is', ' important', ' because']",1,2,gpt2-medium
color_contrast,14,15,0.0684,color,contrast,Color contrast is important because,"['<|endoftext|>', 'Color', ' contrast', ' is', ' important', ' because']",1,2,gpt2-medium
color_contrast,15,0,0.0221,color,contrast,Color contrast is important because,"['<|endoftext|>', 'Color', ' contrast', ' is', ' important', ' because']",1,2,gpt2-medium
color_contrast,15,1,0.1017,color,contrast,Color contrast is important because,"['<|endoftext|>', 'Color', ' contrast', ' is', ' important', ' because']",1,2,gpt2-medium
color_contrast,15,2,0.0164,color,contrast,Color contrast is important because,"['<|endoftext|>', 'Color', ' contrast', ' is', ' important', ' because']",1,2,gpt2-medium
color_contrast,15,3,0.1173,color,contrast,Color contrast is important because,"['<|endoftext|>', 'Color', ' contrast', ' is', ' important', ' because']",1,2,gpt2-medium
color_contrast,15,4,0.0114,color,contrast,Color contrast is important because,"['<|endoftext|>', 'Color', ' contrast', ' is', ' important', ' because']",1,2,gpt2-medium
color_contrast,15,5,0.0281,color,contrast,Color contrast is important because,"['<|endoftext|>', 'Color', ' contrast', ' is', ' important', ' because']",1,2,gpt2-medium
color_contrast,15,6,0.0227,color,contrast,Color contrast is important because,"['<|endoftext|>', 'Color', ' contrast', ' is', ' important', ' because']",1,2,gpt2-medium
color_contrast,15,7,0.0656,color,contrast,Color contrast is important because,"['<|endoftext|>', 'Color', ' contrast', ' is', ' important', ' because']",1,2,gpt2-medium
color_contrast,15,8,0.0499,color,contrast,Color contrast is important because,"['<|endoftext|>', 'Color', ' contrast', ' is', ' important', ' because']",1,2,gpt2-medium
color_contrast,15,9,0.0323,color,contrast,Color contrast is important because,"['<|endoftext|>', 'Color', ' contrast', ' is', ' important', ' because']",1,2,gpt2-medium
color_contrast,15,10,0.0338,color,contrast,Color contrast is important because,"['<|endoftext|>', 'Color', ' contrast', ' is', ' important', ' because']",1,2,gpt2-medium
color_contrast,15,11,0.0112,color,contrast,Color contrast is important because,"['<|endoftext|>', 'Color', ' contrast', ' is', ' important', ' because']",1,2,gpt2-medium
color_contrast,15,12,0.0071,color,contrast,Color contrast is important because,"['<|endoftext|>', 'Color', ' contrast', ' is', ' important', ' because']",1,2,gpt2-medium
color_contrast,15,13,0.0645,color,contrast,Color contrast is important because,"['<|endoftext|>', 'Color', ' contrast', ' is', ' important', ' because']",1,2,gpt2-medium
color_contrast,15,14,0.0075,color,contrast,Color contrast is important because,"['<|endoftext|>', 'Color', ' contrast', ' is', ' important', ' because']",1,2,gpt2-medium
color_contrast,15,15,0.0217,color,contrast,Color contrast is important because,"['<|endoftext|>', 'Color', ' contrast', ' is', ' important', ' because']",1,2,gpt2-medium
color_contrast,16,0,0.0526,color,contrast,Color contrast is important because,"['<|endoftext|>', 'Color', ' contrast', ' is', ' important', ' because']",1,2,gpt2-medium
color_contrast,16,1,0.0213,color,contrast,Color contrast is important because,"['<|endoftext|>', 'Color', ' contrast', ' is', ' important', ' because']",1,2,gpt2-medium
color_contrast,16,2,0.0035,color,contrast,Color contrast is important because,"['<|endoftext|>', 'Color', ' contrast', ' is', ' important', ' because']",1,2,gpt2-medium
color_contrast,16,3,0.0382,color,contrast,Color contrast is important because,"['<|endoftext|>', 'Color', ' contrast', ' is', ' important', ' because']",1,2,gpt2-medium
color_contrast,16,4,0.0517,color,contrast,Color contrast is important because,"['<|endoftext|>', 'Color', ' contrast', ' is', ' important', ' because']",1,2,gpt2-medium
color_contrast,16,5,0.0664,color,contrast,Color contrast is important because,"['<|endoftext|>', 'Color', ' contrast', ' is', ' important', ' because']",1,2,gpt2-medium
color_contrast,16,6,0.0415,color,contrast,Color contrast is important because,"['<|endoftext|>', 'Color', ' contrast', ' is', ' important', ' because']",1,2,gpt2-medium
color_contrast,16,7,0.1999,color,contrast,Color contrast is important because,"['<|endoftext|>', 'Color', ' contrast', ' is', ' important', ' because']",1,2,gpt2-medium
color_contrast,16,8,0.025,color,contrast,Color contrast is important because,"['<|endoftext|>', 'Color', ' contrast', ' is', ' important', ' because']",1,2,gpt2-medium
color_contrast,16,9,0.0099,color,contrast,Color contrast is important because,"['<|endoftext|>', 'Color', ' contrast', ' is', ' important', ' because']",1,2,gpt2-medium
color_contrast,16,10,0.0113,color,contrast,Color contrast is important because,"['<|endoftext|>', 'Color', ' contrast', ' is', ' important', ' because']",1,2,gpt2-medium
color_contrast,16,11,0.0277,color,contrast,Color contrast is important because,"['<|endoftext|>', 'Color', ' contrast', ' is', ' important', ' because']",1,2,gpt2-medium
color_contrast,16,12,0.0114,color,contrast,Color contrast is important because,"['<|endoftext|>', 'Color', ' contrast', ' is', ' important', ' because']",1,2,gpt2-medium
color_contrast,16,13,0.018,color,contrast,Color contrast is important because,"['<|endoftext|>', 'Color', ' contrast', ' is', ' important', ' because']",1,2,gpt2-medium
color_contrast,16,14,0.0129,color,contrast,Color contrast is important because,"['<|endoftext|>', 'Color', ' contrast', ' is', ' important', ' because']",1,2,gpt2-medium
color_contrast,16,15,0.0041,color,contrast,Color contrast is important because,"['<|endoftext|>', 'Color', ' contrast', ' is', ' important', ' because']",1,2,gpt2-medium
color_contrast,17,0,0.0361,color,contrast,Color contrast is important because,"['<|endoftext|>', 'Color', ' contrast', ' is', ' important', ' because']",1,2,gpt2-medium
color_contrast,17,1,0.0029,color,contrast,Color contrast is important because,"['<|endoftext|>', 'Color', ' contrast', ' is', ' important', ' because']",1,2,gpt2-medium
color_contrast,17,2,0.0238,color,contrast,Color contrast is important because,"['<|endoftext|>', 'Color', ' contrast', ' is', ' important', ' because']",1,2,gpt2-medium
color_contrast,17,3,0.0034,color,contrast,Color contrast is important because,"['<|endoftext|>', 'Color', ' contrast', ' is', ' important', ' because']",1,2,gpt2-medium
color_contrast,17,4,0.0239,color,contrast,Color contrast is important because,"['<|endoftext|>', 'Color', ' contrast', ' is', ' important', ' because']",1,2,gpt2-medium
color_contrast,17,5,0.0184,color,contrast,Color contrast is important because,"['<|endoftext|>', 'Color', ' contrast', ' is', ' important', ' because']",1,2,gpt2-medium
color_contrast,17,6,0.0668,color,contrast,Color contrast is important because,"['<|endoftext|>', 'Color', ' contrast', ' is', ' important', ' because']",1,2,gpt2-medium
color_contrast,17,7,0.0162,color,contrast,Color contrast is important because,"['<|endoftext|>', 'Color', ' contrast', ' is', ' important', ' because']",1,2,gpt2-medium
color_contrast,17,8,0.018,color,contrast,Color contrast is important because,"['<|endoftext|>', 'Color', ' contrast', ' is', ' important', ' because']",1,2,gpt2-medium
color_contrast,17,9,0.0095,color,contrast,Color contrast is important because,"['<|endoftext|>', 'Color', ' contrast', ' is', ' important', ' because']",1,2,gpt2-medium
color_contrast,17,10,0.0336,color,contrast,Color contrast is important because,"['<|endoftext|>', 'Color', ' contrast', ' is', ' important', ' because']",1,2,gpt2-medium
color_contrast,17,11,0.1393,color,contrast,Color contrast is important because,"['<|endoftext|>', 'Color', ' contrast', ' is', ' important', ' because']",1,2,gpt2-medium
color_contrast,17,12,0.0178,color,contrast,Color contrast is important because,"['<|endoftext|>', 'Color', ' contrast', ' is', ' important', ' because']",1,2,gpt2-medium
color_contrast,17,13,0.0261,color,contrast,Color contrast is important because,"['<|endoftext|>', 'Color', ' contrast', ' is', ' important', ' because']",1,2,gpt2-medium
color_contrast,17,14,0.0033,color,contrast,Color contrast is important because,"['<|endoftext|>', 'Color', ' contrast', ' is', ' important', ' because']",1,2,gpt2-medium
color_contrast,17,15,0.0729,color,contrast,Color contrast is important because,"['<|endoftext|>', 'Color', ' contrast', ' is', ' important', ' because']",1,2,gpt2-medium
color_contrast,18,0,0.0062,color,contrast,Color contrast is important because,"['<|endoftext|>', 'Color', ' contrast', ' is', ' important', ' because']",1,2,gpt2-medium
color_contrast,18,1,0.058,color,contrast,Color contrast is important because,"['<|endoftext|>', 'Color', ' contrast', ' is', ' important', ' because']",1,2,gpt2-medium
color_contrast,18,2,0.0041,color,contrast,Color contrast is important because,"['<|endoftext|>', 'Color', ' contrast', ' is', ' important', ' because']",1,2,gpt2-medium
color_contrast,18,3,0.6113,color,contrast,Color contrast is important because,"['<|endoftext|>', 'Color', ' contrast', ' is', ' important', ' because']",1,2,gpt2-medium
color_contrast,18,4,0.0038,color,contrast,Color contrast is important because,"['<|endoftext|>', 'Color', ' contrast', ' is', ' important', ' because']",1,2,gpt2-medium
color_contrast,18,5,0.0049,color,contrast,Color contrast is important because,"['<|endoftext|>', 'Color', ' contrast', ' is', ' important', ' because']",1,2,gpt2-medium
color_contrast,18,6,0.0234,color,contrast,Color contrast is important because,"['<|endoftext|>', 'Color', ' contrast', ' is', ' important', ' because']",1,2,gpt2-medium
color_contrast,18,7,0.0019,color,contrast,Color contrast is important because,"['<|endoftext|>', 'Color', ' contrast', ' is', ' important', ' because']",1,2,gpt2-medium
color_contrast,18,8,0.0033,color,contrast,Color contrast is important because,"['<|endoftext|>', 'Color', ' contrast', ' is', ' important', ' because']",1,2,gpt2-medium
color_contrast,18,9,0.0034,color,contrast,Color contrast is important because,"['<|endoftext|>', 'Color', ' contrast', ' is', ' important', ' because']",1,2,gpt2-medium
color_contrast,18,10,0.116,color,contrast,Color contrast is important because,"['<|endoftext|>', 'Color', ' contrast', ' is', ' important', ' because']",1,2,gpt2-medium
color_contrast,18,11,0.0038,color,contrast,Color contrast is important because,"['<|endoftext|>', 'Color', ' contrast', ' is', ' important', ' because']",1,2,gpt2-medium
color_contrast,18,12,0.0167,color,contrast,Color contrast is important because,"['<|endoftext|>', 'Color', ' contrast', ' is', ' important', ' because']",1,2,gpt2-medium
color_contrast,18,13,0.0105,color,contrast,Color contrast is important because,"['<|endoftext|>', 'Color', ' contrast', ' is', ' important', ' because']",1,2,gpt2-medium
color_contrast,18,14,0.0134,color,contrast,Color contrast is important because,"['<|endoftext|>', 'Color', ' contrast', ' is', ' important', ' because']",1,2,gpt2-medium
color_contrast,18,15,0.3088,color,contrast,Color contrast is important because,"['<|endoftext|>', 'Color', ' contrast', ' is', ' important', ' because']",1,2,gpt2-medium
color_contrast,19,0,0.0053,color,contrast,Color contrast is important because,"['<|endoftext|>', 'Color', ' contrast', ' is', ' important', ' because']",1,2,gpt2-medium
color_contrast,19,1,0.0119,color,contrast,Color contrast is important because,"['<|endoftext|>', 'Color', ' contrast', ' is', ' important', ' because']",1,2,gpt2-medium
color_contrast,19,2,0.0077,color,contrast,Color contrast is important because,"['<|endoftext|>', 'Color', ' contrast', ' is', ' important', ' because']",1,2,gpt2-medium
color_contrast,19,3,0.0079,color,contrast,Color contrast is important because,"['<|endoftext|>', 'Color', ' contrast', ' is', ' important', ' because']",1,2,gpt2-medium
color_contrast,19,4,0.0782,color,contrast,Color contrast is important because,"['<|endoftext|>', 'Color', ' contrast', ' is', ' important', ' because']",1,2,gpt2-medium
color_contrast,19,5,0.0073,color,contrast,Color contrast is important because,"['<|endoftext|>', 'Color', ' contrast', ' is', ' important', ' because']",1,2,gpt2-medium
color_contrast,19,6,0.0049,color,contrast,Color contrast is important because,"['<|endoftext|>', 'Color', ' contrast', ' is', ' important', ' because']",1,2,gpt2-medium
color_contrast,19,7,0.0018,color,contrast,Color contrast is important because,"['<|endoftext|>', 'Color', ' contrast', ' is', ' important', ' because']",1,2,gpt2-medium
color_contrast,19,8,0.0236,color,contrast,Color contrast is important because,"['<|endoftext|>', 'Color', ' contrast', ' is', ' important', ' because']",1,2,gpt2-medium
color_contrast,19,9,0.0083,color,contrast,Color contrast is important because,"['<|endoftext|>', 'Color', ' contrast', ' is', ' important', ' because']",1,2,gpt2-medium
color_contrast,19,10,0.0015,color,contrast,Color contrast is important because,"['<|endoftext|>', 'Color', ' contrast', ' is', ' important', ' because']",1,2,gpt2-medium
color_contrast,19,11,0.0206,color,contrast,Color contrast is important because,"['<|endoftext|>', 'Color', ' contrast', ' is', ' important', ' because']",1,2,gpt2-medium
color_contrast,19,12,0.0027,color,contrast,Color contrast is important because,"['<|endoftext|>', 'Color', ' contrast', ' is', ' important', ' because']",1,2,gpt2-medium
color_contrast,19,13,0.0055,color,contrast,Color contrast is important because,"['<|endoftext|>', 'Color', ' contrast', ' is', ' important', ' because']",1,2,gpt2-medium
color_contrast,19,14,0.0165,color,contrast,Color contrast is important because,"['<|endoftext|>', 'Color', ' contrast', ' is', ' important', ' because']",1,2,gpt2-medium
color_contrast,19,15,0.0373,color,contrast,Color contrast is important because,"['<|endoftext|>', 'Color', ' contrast', ' is', ' important', ' because']",1,2,gpt2-medium
color_contrast,20,0,0.016,color,contrast,Color contrast is important because,"['<|endoftext|>', 'Color', ' contrast', ' is', ' important', ' because']",1,2,gpt2-medium
color_contrast,20,1,0.191,color,contrast,Color contrast is important because,"['<|endoftext|>', 'Color', ' contrast', ' is', ' important', ' because']",1,2,gpt2-medium
color_contrast,20,2,0.1758,color,contrast,Color contrast is important because,"['<|endoftext|>', 'Color', ' contrast', ' is', ' important', ' because']",1,2,gpt2-medium
color_contrast,20,3,0.0024,color,contrast,Color contrast is important because,"['<|endoftext|>', 'Color', ' contrast', ' is', ' important', ' because']",1,2,gpt2-medium
color_contrast,20,4,0.0178,color,contrast,Color contrast is important because,"['<|endoftext|>', 'Color', ' contrast', ' is', ' important', ' because']",1,2,gpt2-medium
color_contrast,20,5,0.0512,color,contrast,Color contrast is important because,"['<|endoftext|>', 'Color', ' contrast', ' is', ' important', ' because']",1,2,gpt2-medium
color_contrast,20,6,0.0144,color,contrast,Color contrast is important because,"['<|endoftext|>', 'Color', ' contrast', ' is', ' important', ' because']",1,2,gpt2-medium
color_contrast,20,7,0.0059,color,contrast,Color contrast is important because,"['<|endoftext|>', 'Color', ' contrast', ' is', ' important', ' because']",1,2,gpt2-medium
color_contrast,20,8,0.0013,color,contrast,Color contrast is important because,"['<|endoftext|>', 'Color', ' contrast', ' is', ' important', ' because']",1,2,gpt2-medium
color_contrast,20,9,0.0024,color,contrast,Color contrast is important because,"['<|endoftext|>', 'Color', ' contrast', ' is', ' important', ' because']",1,2,gpt2-medium
color_contrast,20,10,0.0086,color,contrast,Color contrast is important because,"['<|endoftext|>', 'Color', ' contrast', ' is', ' important', ' because']",1,2,gpt2-medium
color_contrast,20,11,0.0034,color,contrast,Color contrast is important because,"['<|endoftext|>', 'Color', ' contrast', ' is', ' important', ' because']",1,2,gpt2-medium
color_contrast,20,12,0.0008,color,contrast,Color contrast is important because,"['<|endoftext|>', 'Color', ' contrast', ' is', ' important', ' because']",1,2,gpt2-medium
color_contrast,20,13,0.017,color,contrast,Color contrast is important because,"['<|endoftext|>', 'Color', ' contrast', ' is', ' important', ' because']",1,2,gpt2-medium
color_contrast,20,14,0.0061,color,contrast,Color contrast is important because,"['<|endoftext|>', 'Color', ' contrast', ' is', ' important', ' because']",1,2,gpt2-medium
color_contrast,20,15,0.0676,color,contrast,Color contrast is important because,"['<|endoftext|>', 'Color', ' contrast', ' is', ' important', ' because']",1,2,gpt2-medium
color_contrast,21,0,0.0352,color,contrast,Color contrast is important because,"['<|endoftext|>', 'Color', ' contrast', ' is', ' important', ' because']",1,2,gpt2-medium
color_contrast,21,1,0.2823,color,contrast,Color contrast is important because,"['<|endoftext|>', 'Color', ' contrast', ' is', ' important', ' because']",1,2,gpt2-medium
color_contrast,21,2,0.0037,color,contrast,Color contrast is important because,"['<|endoftext|>', 'Color', ' contrast', ' is', ' important', ' because']",1,2,gpt2-medium
color_contrast,21,3,0.0186,color,contrast,Color contrast is important because,"['<|endoftext|>', 'Color', ' contrast', ' is', ' important', ' because']",1,2,gpt2-medium
color_contrast,21,4,0.014,color,contrast,Color contrast is important because,"['<|endoftext|>', 'Color', ' contrast', ' is', ' important', ' because']",1,2,gpt2-medium
color_contrast,21,5,0.0123,color,contrast,Color contrast is important because,"['<|endoftext|>', 'Color', ' contrast', ' is', ' important', ' because']",1,2,gpt2-medium
color_contrast,21,6,0.2533,color,contrast,Color contrast is important because,"['<|endoftext|>', 'Color', ' contrast', ' is', ' important', ' because']",1,2,gpt2-medium
color_contrast,21,7,0.0455,color,contrast,Color contrast is important because,"['<|endoftext|>', 'Color', ' contrast', ' is', ' important', ' because']",1,2,gpt2-medium
color_contrast,21,8,0.0095,color,contrast,Color contrast is important because,"['<|endoftext|>', 'Color', ' contrast', ' is', ' important', ' because']",1,2,gpt2-medium
color_contrast,21,9,0.0106,color,contrast,Color contrast is important because,"['<|endoftext|>', 'Color', ' contrast', ' is', ' important', ' because']",1,2,gpt2-medium
color_contrast,21,10,0.0478,color,contrast,Color contrast is important because,"['<|endoftext|>', 'Color', ' contrast', ' is', ' important', ' because']",1,2,gpt2-medium
color_contrast,21,11,0.0118,color,contrast,Color contrast is important because,"['<|endoftext|>', 'Color', ' contrast', ' is', ' important', ' because']",1,2,gpt2-medium
color_contrast,21,12,0.0065,color,contrast,Color contrast is important because,"['<|endoftext|>', 'Color', ' contrast', ' is', ' important', ' because']",1,2,gpt2-medium
color_contrast,21,13,0.0015,color,contrast,Color contrast is important because,"['<|endoftext|>', 'Color', ' contrast', ' is', ' important', ' because']",1,2,gpt2-medium
color_contrast,21,14,0.1663,color,contrast,Color contrast is important because,"['<|endoftext|>', 'Color', ' contrast', ' is', ' important', ' because']",1,2,gpt2-medium
color_contrast,21,15,0.0014,color,contrast,Color contrast is important because,"['<|endoftext|>', 'Color', ' contrast', ' is', ' important', ' because']",1,2,gpt2-medium
color_contrast,22,0,0.0779,color,contrast,Color contrast is important because,"['<|endoftext|>', 'Color', ' contrast', ' is', ' important', ' because']",1,2,gpt2-medium
color_contrast,22,1,0.0025,color,contrast,Color contrast is important because,"['<|endoftext|>', 'Color', ' contrast', ' is', ' important', ' because']",1,2,gpt2-medium
color_contrast,22,2,0.1017,color,contrast,Color contrast is important because,"['<|endoftext|>', 'Color', ' contrast', ' is', ' important', ' because']",1,2,gpt2-medium
color_contrast,22,3,0.0428,color,contrast,Color contrast is important because,"['<|endoftext|>', 'Color', ' contrast', ' is', ' important', ' because']",1,2,gpt2-medium
color_contrast,22,4,0.0033,color,contrast,Color contrast is important because,"['<|endoftext|>', 'Color', ' contrast', ' is', ' important', ' because']",1,2,gpt2-medium
color_contrast,22,5,0.0106,color,contrast,Color contrast is important because,"['<|endoftext|>', 'Color', ' contrast', ' is', ' important', ' because']",1,2,gpt2-medium
color_contrast,22,6,0.0107,color,contrast,Color contrast is important because,"['<|endoftext|>', 'Color', ' contrast', ' is', ' important', ' because']",1,2,gpt2-medium
color_contrast,22,7,0.0062,color,contrast,Color contrast is important because,"['<|endoftext|>', 'Color', ' contrast', ' is', ' important', ' because']",1,2,gpt2-medium
color_contrast,22,8,0.0275,color,contrast,Color contrast is important because,"['<|endoftext|>', 'Color', ' contrast', ' is', ' important', ' because']",1,2,gpt2-medium
color_contrast,22,9,0.0112,color,contrast,Color contrast is important because,"['<|endoftext|>', 'Color', ' contrast', ' is', ' important', ' because']",1,2,gpt2-medium
color_contrast,22,10,0.0673,color,contrast,Color contrast is important because,"['<|endoftext|>', 'Color', ' contrast', ' is', ' important', ' because']",1,2,gpt2-medium
color_contrast,22,11,0.3142,color,contrast,Color contrast is important because,"['<|endoftext|>', 'Color', ' contrast', ' is', ' important', ' because']",1,2,gpt2-medium
color_contrast,22,12,0.0143,color,contrast,Color contrast is important because,"['<|endoftext|>', 'Color', ' contrast', ' is', ' important', ' because']",1,2,gpt2-medium
color_contrast,22,13,0.0955,color,contrast,Color contrast is important because,"['<|endoftext|>', 'Color', ' contrast', ' is', ' important', ' because']",1,2,gpt2-medium
color_contrast,22,14,0.0111,color,contrast,Color contrast is important because,"['<|endoftext|>', 'Color', ' contrast', ' is', ' important', ' because']",1,2,gpt2-medium
color_contrast,22,15,0.0122,color,contrast,Color contrast is important because,"['<|endoftext|>', 'Color', ' contrast', ' is', ' important', ' because']",1,2,gpt2-medium
color_contrast,23,0,0.0265,color,contrast,Color contrast is important because,"['<|endoftext|>', 'Color', ' contrast', ' is', ' important', ' because']",1,2,gpt2-medium
color_contrast,23,1,0.1018,color,contrast,Color contrast is important because,"['<|endoftext|>', 'Color', ' contrast', ' is', ' important', ' because']",1,2,gpt2-medium
color_contrast,23,2,0.0605,color,contrast,Color contrast is important because,"['<|endoftext|>', 'Color', ' contrast', ' is', ' important', ' because']",1,2,gpt2-medium
color_contrast,23,3,0.0131,color,contrast,Color contrast is important because,"['<|endoftext|>', 'Color', ' contrast', ' is', ' important', ' because']",1,2,gpt2-medium
color_contrast,23,4,0.2755,color,contrast,Color contrast is important because,"['<|endoftext|>', 'Color', ' contrast', ' is', ' important', ' because']",1,2,gpt2-medium
color_contrast,23,5,0.5135,color,contrast,Color contrast is important because,"['<|endoftext|>', 'Color', ' contrast', ' is', ' important', ' because']",1,2,gpt2-medium
color_contrast,23,6,0.2056,color,contrast,Color contrast is important because,"['<|endoftext|>', 'Color', ' contrast', ' is', ' important', ' because']",1,2,gpt2-medium
color_contrast,23,7,0.0123,color,contrast,Color contrast is important because,"['<|endoftext|>', 'Color', ' contrast', ' is', ' important', ' because']",1,2,gpt2-medium
color_contrast,23,8,0.7585,color,contrast,Color contrast is important because,"['<|endoftext|>', 'Color', ' contrast', ' is', ' important', ' because']",1,2,gpt2-medium
color_contrast,23,9,0.0196,color,contrast,Color contrast is important because,"['<|endoftext|>', 'Color', ' contrast', ' is', ' important', ' because']",1,2,gpt2-medium
color_contrast,23,10,0.0264,color,contrast,Color contrast is important because,"['<|endoftext|>', 'Color', ' contrast', ' is', ' important', ' because']",1,2,gpt2-medium
color_contrast,23,11,0.3025,color,contrast,Color contrast is important because,"['<|endoftext|>', 'Color', ' contrast', ' is', ' important', ' because']",1,2,gpt2-medium
color_contrast,23,12,0.0069,color,contrast,Color contrast is important because,"['<|endoftext|>', 'Color', ' contrast', ' is', ' important', ' because']",1,2,gpt2-medium
color_contrast,23,13,0.2702,color,contrast,Color contrast is important because,"['<|endoftext|>', 'Color', ' contrast', ' is', ' important', ' because']",1,2,gpt2-medium
color_contrast,23,14,0.0194,color,contrast,Color contrast is important because,"['<|endoftext|>', 'Color', ' contrast', ' is', ' important', ' because']",1,2,gpt2-medium
color_contrast,23,15,0.0394,color,contrast,Color contrast is important because,"['<|endoftext|>', 'Color', ' contrast', ' is', ' important', ' because']",1,2,gpt2-medium
keyboard_navigation,0,0,0.0386,keyboard,navigation,Keyboard navigation allows,"['<|endoftext|>', 'Key', 'board', ' navigation', ' allows']",2,3,gpt2-medium
keyboard_navigation,0,1,0.1877,keyboard,navigation,Keyboard navigation allows,"['<|endoftext|>', 'Key', 'board', ' navigation', ' allows']",2,3,gpt2-medium
keyboard_navigation,0,2,0.0293,keyboard,navigation,Keyboard navigation allows,"['<|endoftext|>', 'Key', 'board', ' navigation', ' allows']",2,3,gpt2-medium
keyboard_navigation,0,3,0.0947,keyboard,navigation,Keyboard navigation allows,"['<|endoftext|>', 'Key', 'board', ' navigation', ' allows']",2,3,gpt2-medium
keyboard_navigation,0,4,0.3237,keyboard,navigation,Keyboard navigation allows,"['<|endoftext|>', 'Key', 'board', ' navigation', ' allows']",2,3,gpt2-medium
keyboard_navigation,0,5,0.0691,keyboard,navigation,Keyboard navigation allows,"['<|endoftext|>', 'Key', 'board', ' navigation', ' allows']",2,3,gpt2-medium
keyboard_navigation,0,6,0.1194,keyboard,navigation,Keyboard navigation allows,"['<|endoftext|>', 'Key', 'board', ' navigation', ' allows']",2,3,gpt2-medium
keyboard_navigation,0,7,0.064,keyboard,navigation,Keyboard navigation allows,"['<|endoftext|>', 'Key', 'board', ' navigation', ' allows']",2,3,gpt2-medium
keyboard_navigation,0,8,0.1534,keyboard,navigation,Keyboard navigation allows,"['<|endoftext|>', 'Key', 'board', ' navigation', ' allows']",2,3,gpt2-medium
keyboard_navigation,0,9,0.1119,keyboard,navigation,Keyboard navigation allows,"['<|endoftext|>', 'Key', 'board', ' navigation', ' allows']",2,3,gpt2-medium
keyboard_navigation,0,10,0.1258,keyboard,navigation,Keyboard navigation allows,"['<|endoftext|>', 'Key', 'board', ' navigation', ' allows']",2,3,gpt2-medium
keyboard_navigation,0,11,0.1754,keyboard,navigation,Keyboard navigation allows,"['<|endoftext|>', 'Key', 'board', ' navigation', ' allows']",2,3,gpt2-medium
keyboard_navigation,0,12,0.0404,keyboard,navigation,Keyboard navigation allows,"['<|endoftext|>', 'Key', 'board', ' navigation', ' allows']",2,3,gpt2-medium
keyboard_navigation,0,13,0.1005,keyboard,navigation,Keyboard navigation allows,"['<|endoftext|>', 'Key', 'board', ' navigation', ' allows']",2,3,gpt2-medium
keyboard_navigation,0,14,0.0279,keyboard,navigation,Keyboard navigation allows,"['<|endoftext|>', 'Key', 'board', ' navigation', ' allows']",2,3,gpt2-medium
keyboard_navigation,0,15,0.0862,keyboard,navigation,Keyboard navigation allows,"['<|endoftext|>', 'Key', 'board', ' navigation', ' allows']",2,3,gpt2-medium
keyboard_navigation,1,0,0.0423,keyboard,navigation,Keyboard navigation allows,"['<|endoftext|>', 'Key', 'board', ' navigation', ' allows']",2,3,gpt2-medium
keyboard_navigation,1,1,0.0593,keyboard,navigation,Keyboard navigation allows,"['<|endoftext|>', 'Key', 'board', ' navigation', ' allows']",2,3,gpt2-medium
keyboard_navigation,1,2,0.2484,keyboard,navigation,Keyboard navigation allows,"['<|endoftext|>', 'Key', 'board', ' navigation', ' allows']",2,3,gpt2-medium
keyboard_navigation,1,3,0.0772,keyboard,navigation,Keyboard navigation allows,"['<|endoftext|>', 'Key', 'board', ' navigation', ' allows']",2,3,gpt2-medium
keyboard_navigation,1,4,0.0264,keyboard,navigation,Keyboard navigation allows,"['<|endoftext|>', 'Key', 'board', ' navigation', ' allows']",2,3,gpt2-medium
keyboard_navigation,1,5,0.0805,keyboard,navigation,Keyboard navigation allows,"['<|endoftext|>', 'Key', 'board', ' navigation', ' allows']",2,3,gpt2-medium
keyboard_navigation,1,6,0.2572,keyboard,navigation,Keyboard navigation allows,"['<|endoftext|>', 'Key', 'board', ' navigation', ' allows']",2,3,gpt2-medium
keyboard_navigation,1,7,0.1212,keyboard,navigation,Keyboard navigation allows,"['<|endoftext|>', 'Key', 'board', ' navigation', ' allows']",2,3,gpt2-medium
keyboard_navigation,1,8,0.0441,keyboard,navigation,Keyboard navigation allows,"['<|endoftext|>', 'Key', 'board', ' navigation', ' allows']",2,3,gpt2-medium
keyboard_navigation,1,9,0.2148,keyboard,navigation,Keyboard navigation allows,"['<|endoftext|>', 'Key', 'board', ' navigation', ' allows']",2,3,gpt2-medium
keyboard_navigation,1,10,0.0175,keyboard,navigation,Keyboard navigation allows,"['<|endoftext|>', 'Key', 'board', ' navigation', ' allows']",2,3,gpt2-medium
keyboard_navigation,1,11,0.123,keyboard,navigation,Keyboard navigation allows,"['<|endoftext|>', 'Key', 'board', ' navigation', ' allows']",2,3,gpt2-medium
keyboard_navigation,1,12,0.0427,keyboard,navigation,Keyboard navigation allows,"['<|endoftext|>', 'Key', 'board', ' navigation', ' allows']",2,3,gpt2-medium
keyboard_navigation,1,13,0.1833,keyboard,navigation,Keyboard navigation allows,"['<|endoftext|>', 'Key', 'board', ' navigation', ' allows']",2,3,gpt2-medium
keyboard_navigation,1,14,0.1671,keyboard,navigation,Keyboard navigation allows,"['<|endoftext|>', 'Key', 'board', ' navigation', ' allows']",2,3,gpt2-medium
keyboard_navigation,1,15,0.1257,keyboard,navigation,Keyboard navigation allows,"['<|endoftext|>', 'Key', 'board', ' navigation', ' allows']",2,3,gpt2-medium
keyboard_navigation,2,0,0.0704,keyboard,navigation,Keyboard navigation allows,"['<|endoftext|>', 'Key', 'board', ' navigation', ' allows']",2,3,gpt2-medium
keyboard_navigation,2,1,0.0772,keyboard,navigation,Keyboard navigation allows,"['<|endoftext|>', 'Key', 'board', ' navigation', ' allows']",2,3,gpt2-medium
keyboard_navigation,2,2,0.1902,keyboard,navigation,Keyboard navigation allows,"['<|endoftext|>', 'Key', 'board', ' navigation', ' allows']",2,3,gpt2-medium
keyboard_navigation,2,3,0.0581,keyboard,navigation,Keyboard navigation allows,"['<|endoftext|>', 'Key', 'board', ' navigation', ' allows']",2,3,gpt2-medium
keyboard_navigation,2,4,0.118,keyboard,navigation,Keyboard navigation allows,"['<|endoftext|>', 'Key', 'board', ' navigation', ' allows']",2,3,gpt2-medium
keyboard_navigation,2,5,0.2416,keyboard,navigation,Keyboard navigation allows,"['<|endoftext|>', 'Key', 'board', ' navigation', ' allows']",2,3,gpt2-medium
keyboard_navigation,2,6,0.2166,keyboard,navigation,Keyboard navigation allows,"['<|endoftext|>', 'Key', 'board', ' navigation', ' allows']",2,3,gpt2-medium
keyboard_navigation,2,7,0.0942,keyboard,navigation,Keyboard navigation allows,"['<|endoftext|>', 'Key', 'board', ' navigation', ' allows']",2,3,gpt2-medium
keyboard_navigation,2,8,0.5116,keyboard,navigation,Keyboard navigation allows,"['<|endoftext|>', 'Key', 'board', ' navigation', ' allows']",2,3,gpt2-medium
keyboard_navigation,2,9,0.301,keyboard,navigation,Keyboard navigation allows,"['<|endoftext|>', 'Key', 'board', ' navigation', ' allows']",2,3,gpt2-medium
keyboard_navigation,2,10,0.0776,keyboard,navigation,Keyboard navigation allows,"['<|endoftext|>', 'Key', 'board', ' navigation', ' allows']",2,3,gpt2-medium
keyboard_navigation,2,11,0.1992,keyboard,navigation,Keyboard navigation allows,"['<|endoftext|>', 'Key', 'board', ' navigation', ' allows']",2,3,gpt2-medium
keyboard_navigation,2,12,0.1693,keyboard,navigation,Keyboard navigation allows,"['<|endoftext|>', 'Key', 'board', ' navigation', ' allows']",2,3,gpt2-medium
keyboard_navigation,2,13,0.1358,keyboard,navigation,Keyboard navigation allows,"['<|endoftext|>', 'Key', 'board', ' navigation', ' allows']",2,3,gpt2-medium
keyboard_navigation,2,14,0.1201,keyboard,navigation,Keyboard navigation allows,"['<|endoftext|>', 'Key', 'board', ' navigation', ' allows']",2,3,gpt2-medium
keyboard_navigation,2,15,0.5682,keyboard,navigation,Keyboard navigation allows,"['<|endoftext|>', 'Key', 'board', ' navigation', ' allows']",2,3,gpt2-medium
keyboard_navigation,3,0,0.1343,keyboard,navigation,Keyboard navigation allows,"['<|endoftext|>', 'Key', 'board', ' navigation', ' allows']",2,3,gpt2-medium
keyboard_navigation,3,1,0.0733,keyboard,navigation,Keyboard navigation allows,"['<|endoftext|>', 'Key', 'board', ' navigation', ' allows']",2,3,gpt2-medium
keyboard_navigation,3,2,0.2536,keyboard,navigation,Keyboard navigation allows,"['<|endoftext|>', 'Key', 'board', ' navigation', ' allows']",2,3,gpt2-medium
keyboard_navigation,3,3,0.3976,keyboard,navigation,Keyboard navigation allows,"['<|endoftext|>', 'Key', 'board', ' navigation', ' allows']",2,3,gpt2-medium
keyboard_navigation,3,4,0.1015,keyboard,navigation,Keyboard navigation allows,"['<|endoftext|>', 'Key', 'board', ' navigation', ' allows']",2,3,gpt2-medium
keyboard_navigation,3,5,0.026,keyboard,navigation,Keyboard navigation allows,"['<|endoftext|>', 'Key', 'board', ' navigation', ' allows']",2,3,gpt2-medium
keyboard_navigation,3,6,0.3432,keyboard,navigation,Keyboard navigation allows,"['<|endoftext|>', 'Key', 'board', ' navigation', ' allows']",2,3,gpt2-medium
keyboard_navigation,3,7,0.1599,keyboard,navigation,Keyboard navigation allows,"['<|endoftext|>', 'Key', 'board', ' navigation', ' allows']",2,3,gpt2-medium
keyboard_navigation,3,8,0.1937,keyboard,navigation,Keyboard navigation allows,"['<|endoftext|>', 'Key', 'board', ' navigation', ' allows']",2,3,gpt2-medium
keyboard_navigation,3,9,0.1901,keyboard,navigation,Keyboard navigation allows,"['<|endoftext|>', 'Key', 'board', ' navigation', ' allows']",2,3,gpt2-medium
keyboard_navigation,3,10,0.1916,keyboard,navigation,Keyboard navigation allows,"['<|endoftext|>', 'Key', 'board', ' navigation', ' allows']",2,3,gpt2-medium
keyboard_navigation,3,11,0.5729,keyboard,navigation,Keyboard navigation allows,"['<|endoftext|>', 'Key', 'board', ' navigation', ' allows']",2,3,gpt2-medium
keyboard_navigation,3,12,0.1172,keyboard,navigation,Keyboard navigation allows,"['<|endoftext|>', 'Key', 'board', ' navigation', ' allows']",2,3,gpt2-medium
keyboard_navigation,3,13,0.5484,keyboard,navigation,Keyboard navigation allows,"['<|endoftext|>', 'Key', 'board', ' navigation', ' allows']",2,3,gpt2-medium
keyboard_navigation,3,14,0.1117,keyboard,navigation,Keyboard navigation allows,"['<|endoftext|>', 'Key', 'board', ' navigation', ' allows']",2,3,gpt2-medium
keyboard_navigation,3,15,0.1865,keyboard,navigation,Keyboard navigation allows,"['<|endoftext|>', 'Key', 'board', ' navigation', ' allows']",2,3,gpt2-medium
keyboard_navigation,4,0,0.0363,keyboard,navigation,Keyboard navigation allows,"['<|endoftext|>', 'Key', 'board', ' navigation', ' allows']",2,3,gpt2-medium
keyboard_navigation,4,1,0.209,keyboard,navigation,Keyboard navigation allows,"['<|endoftext|>', 'Key', 'board', ' navigation', ' allows']",2,3,gpt2-medium
keyboard_navigation,4,2,0.0365,keyboard,navigation,Keyboard navigation allows,"['<|endoftext|>', 'Key', 'board', ' navigation', ' allows']",2,3,gpt2-medium
keyboard_navigation,4,3,0.4284,keyboard,navigation,Keyboard navigation allows,"['<|endoftext|>', 'Key', 'board', ' navigation', ' allows']",2,3,gpt2-medium
keyboard_navigation,4,4,0.0489,keyboard,navigation,Keyboard navigation allows,"['<|endoftext|>', 'Key', 'board', ' navigation', ' allows']",2,3,gpt2-medium
keyboard_navigation,4,5,0.0787,keyboard,navigation,Keyboard navigation allows,"['<|endoftext|>', 'Key', 'board', ' navigation', ' allows']",2,3,gpt2-medium
keyboard_navigation,4,6,0.0002,keyboard,navigation,Keyboard navigation allows,"['<|endoftext|>', 'Key', 'board', ' navigation', ' allows']",2,3,gpt2-medium
keyboard_navigation,4,7,0.3419,keyboard,navigation,Keyboard navigation allows,"['<|endoftext|>', 'Key', 'board', ' navigation', ' allows']",2,3,gpt2-medium
keyboard_navigation,4,8,0.544,keyboard,navigation,Keyboard navigation allows,"['<|endoftext|>', 'Key', 'board', ' navigation', ' allows']",2,3,gpt2-medium
keyboard_navigation,4,9,0.0082,keyboard,navigation,Keyboard navigation allows,"['<|endoftext|>', 'Key', 'board', ' navigation', ' allows']",2,3,gpt2-medium
keyboard_navigation,4,10,0.1119,keyboard,navigation,Keyboard navigation allows,"['<|endoftext|>', 'Key', 'board', ' navigation', ' allows']",2,3,gpt2-medium
keyboard_navigation,4,11,0.2479,keyboard,navigation,Keyboard navigation allows,"['<|endoftext|>', 'Key', 'board', ' navigation', ' allows']",2,3,gpt2-medium
keyboard_navigation,4,12,0.5998,keyboard,navigation,Keyboard navigation allows,"['<|endoftext|>', 'Key', 'board', ' navigation', ' allows']",2,3,gpt2-medium
keyboard_navigation,4,13,0.9965,keyboard,navigation,Keyboard navigation allows,"['<|endoftext|>', 'Key', 'board', ' navigation', ' allows']",2,3,gpt2-medium
keyboard_navigation,4,14,0.1975,keyboard,navigation,Keyboard navigation allows,"['<|endoftext|>', 'Key', 'board', ' navigation', ' allows']",2,3,gpt2-medium
keyboard_navigation,4,15,0.034,keyboard,navigation,Keyboard navigation allows,"['<|endoftext|>', 'Key', 'board', ' navigation', ' allows']",2,3,gpt2-medium
keyboard_navigation,5,0,0.0031,keyboard,navigation,Keyboard navigation allows,"['<|endoftext|>', 'Key', 'board', ' navigation', ' allows']",2,3,gpt2-medium
keyboard_navigation,5,1,0.0969,keyboard,navigation,Keyboard navigation allows,"['<|endoftext|>', 'Key', 'board', ' navigation', ' allows']",2,3,gpt2-medium
keyboard_navigation,5,2,0.2614,keyboard,navigation,Keyboard navigation allows,"['<|endoftext|>', 'Key', 'board', ' navigation', ' allows']",2,3,gpt2-medium
keyboard_navigation,5,3,0.0087,keyboard,navigation,Keyboard navigation allows,"['<|endoftext|>', 'Key', 'board', ' navigation', ' allows']",2,3,gpt2-medium
keyboard_navigation,5,4,0.1571,keyboard,navigation,Keyboard navigation allows,"['<|endoftext|>', 'Key', 'board', ' navigation', ' allows']",2,3,gpt2-medium
keyboard_navigation,5,5,0.0016,keyboard,navigation,Keyboard navigation allows,"['<|endoftext|>', 'Key', 'board', ' navigation', ' allows']",2,3,gpt2-medium
keyboard_navigation,5,6,0.0464,keyboard,navigation,Keyboard navigation allows,"['<|endoftext|>', 'Key', 'board', ' navigation', ' allows']",2,3,gpt2-medium
keyboard_navigation,5,7,0.348,keyboard,navigation,Keyboard navigation allows,"['<|endoftext|>', 'Key', 'board', ' navigation', ' allows']",2,3,gpt2-medium
keyboard_navigation,5,8,0.0,keyboard,navigation,Keyboard navigation allows,"['<|endoftext|>', 'Key', 'board', ' navigation', ' allows']",2,3,gpt2-medium
keyboard_navigation,5,9,0.4667,keyboard,navigation,Keyboard navigation allows,"['<|endoftext|>', 'Key', 'board', ' navigation', ' allows']",2,3,gpt2-medium
keyboard_navigation,5,10,0.021,keyboard,navigation,Keyboard navigation allows,"['<|endoftext|>', 'Key', 'board', ' navigation', ' allows']",2,3,gpt2-medium
keyboard_navigation,5,11,1.0,keyboard,navigation,Keyboard navigation allows,"['<|endoftext|>', 'Key', 'board', ' navigation', ' allows']",2,3,gpt2-medium
keyboard_navigation,5,12,0.0153,keyboard,navigation,Keyboard navigation allows,"['<|endoftext|>', 'Key', 'board', ' navigation', ' allows']",2,3,gpt2-medium
keyboard_navigation,5,13,0.0683,keyboard,navigation,Keyboard navigation allows,"['<|endoftext|>', 'Key', 'board', ' navigation', ' allows']",2,3,gpt2-medium
keyboard_navigation,5,14,0.0119,keyboard,navigation,Keyboard navigation allows,"['<|endoftext|>', 'Key', 'board', ' navigation', ' allows']",2,3,gpt2-medium
keyboard_navigation,5,15,0.207,keyboard,navigation,Keyboard navigation allows,"['<|endoftext|>', 'Key', 'board', ' navigation', ' allows']",2,3,gpt2-medium
keyboard_navigation,6,0,0.0007,keyboard,navigation,Keyboard navigation allows,"['<|endoftext|>', 'Key', 'board', ' navigation', ' allows']",2,3,gpt2-medium
keyboard_navigation,6,1,0.0,keyboard,navigation,Keyboard navigation allows,"['<|endoftext|>', 'Key', 'board', ' navigation', ' allows']",2,3,gpt2-medium
keyboard_navigation,6,2,0.0359,keyboard,navigation,Keyboard navigation allows,"['<|endoftext|>', 'Key', 'board', ' navigation', ' allows']",2,3,gpt2-medium
keyboard_navigation,6,3,0.0046,keyboard,navigation,Keyboard navigation allows,"['<|endoftext|>', 'Key', 'board', ' navigation', ' allows']",2,3,gpt2-medium
keyboard_navigation,6,4,0.0,keyboard,navigation,Keyboard navigation allows,"['<|endoftext|>', 'Key', 'board', ' navigation', ' allows']",2,3,gpt2-medium
keyboard_navigation,6,5,0.0163,keyboard,navigation,Keyboard navigation allows,"['<|endoftext|>', 'Key', 'board', ' navigation', ' allows']",2,3,gpt2-medium
keyboard_navigation,6,6,0.0707,keyboard,navigation,Keyboard navigation allows,"['<|endoftext|>', 'Key', 'board', ' navigation', ' allows']",2,3,gpt2-medium
keyboard_navigation,6,7,0.8968,keyboard,navigation,Keyboard navigation allows,"['<|endoftext|>', 'Key', 'board', ' navigation', ' allows']",2,3,gpt2-medium
keyboard_navigation,6,8,0.0628,keyboard,navigation,Keyboard navigation allows,"['<|endoftext|>', 'Key', 'board', ' navigation', ' allows']",2,3,gpt2-medium
keyboard_navigation,6,9,0.0029,keyboard,navigation,Keyboard navigation allows,"['<|endoftext|>', 'Key', 'board', ' navigation', ' allows']",2,3,gpt2-medium
keyboard_navigation,6,10,0.0071,keyboard,navigation,Keyboard navigation allows,"['<|endoftext|>', 'Key', 'board', ' navigation', ' allows']",2,3,gpt2-medium
keyboard_navigation,6,11,0.0002,keyboard,navigation,Keyboard navigation allows,"['<|endoftext|>', 'Key', 'board', ' navigation', ' allows']",2,3,gpt2-medium
keyboard_navigation,6,12,0.0061,keyboard,navigation,Keyboard navigation allows,"['<|endoftext|>', 'Key', 'board', ' navigation', ' allows']",2,3,gpt2-medium
keyboard_navigation,6,13,0.0003,keyboard,navigation,Keyboard navigation allows,"['<|endoftext|>', 'Key', 'board', ' navigation', ' allows']",2,3,gpt2-medium
keyboard_navigation,6,14,0.0747,keyboard,navigation,Keyboard navigation allows,"['<|endoftext|>', 'Key', 'board', ' navigation', ' allows']",2,3,gpt2-medium
keyboard_navigation,6,15,0.0006,keyboard,navigation,Keyboard navigation allows,"['<|endoftext|>', 'Key', 'board', ' navigation', ' allows']",2,3,gpt2-medium
keyboard_navigation,7,0,0.0017,keyboard,navigation,Keyboard navigation allows,"['<|endoftext|>', 'Key', 'board', ' navigation', ' allows']",2,3,gpt2-medium
keyboard_navigation,7,1,0.0201,keyboard,navigation,Keyboard navigation allows,"['<|endoftext|>', 'Key', 'board', ' navigation', ' allows']",2,3,gpt2-medium
keyboard_navigation,7,2,0.0,keyboard,navigation,Keyboard navigation allows,"['<|endoftext|>', 'Key', 'board', ' navigation', ' allows']",2,3,gpt2-medium
keyboard_navigation,7,3,0.0183,keyboard,navigation,Keyboard navigation allows,"['<|endoftext|>', 'Key', 'board', ' navigation', ' allows']",2,3,gpt2-medium
keyboard_navigation,7,4,0.0019,keyboard,navigation,Keyboard navigation allows,"['<|endoftext|>', 'Key', 'board', ' navigation', ' allows']",2,3,gpt2-medium
keyboard_navigation,7,5,0.0007,keyboard,navigation,Keyboard navigation allows,"['<|endoftext|>', 'Key', 'board', ' navigation', ' allows']",2,3,gpt2-medium
keyboard_navigation,7,6,0.0373,keyboard,navigation,Keyboard navigation allows,"['<|endoftext|>', 'Key', 'board', ' navigation', ' allows']",2,3,gpt2-medium
keyboard_navigation,7,7,0.0037,keyboard,navigation,Keyboard navigation allows,"['<|endoftext|>', 'Key', 'board', ' navigation', ' allows']",2,3,gpt2-medium
keyboard_navigation,7,8,0.007,keyboard,navigation,Keyboard navigation allows,"['<|endoftext|>', 'Key', 'board', ' navigation', ' allows']",2,3,gpt2-medium
keyboard_navigation,7,9,0.0088,keyboard,navigation,Keyboard navigation allows,"['<|endoftext|>', 'Key', 'board', ' navigation', ' allows']",2,3,gpt2-medium
keyboard_navigation,7,10,0.0005,keyboard,navigation,Keyboard navigation allows,"['<|endoftext|>', 'Key', 'board', ' navigation', ' allows']",2,3,gpt2-medium
keyboard_navigation,7,11,0.0,keyboard,navigation,Keyboard navigation allows,"['<|endoftext|>', 'Key', 'board', ' navigation', ' allows']",2,3,gpt2-medium
keyboard_navigation,7,12,0.202,keyboard,navigation,Keyboard navigation allows,"['<|endoftext|>', 'Key', 'board', ' navigation', ' allows']",2,3,gpt2-medium
keyboard_navigation,7,13,0.5136,keyboard,navigation,Keyboard navigation allows,"['<|endoftext|>', 'Key', 'board', ' navigation', ' allows']",2,3,gpt2-medium
keyboard_navigation,7,14,0.8239,keyboard,navigation,Keyboard navigation allows,"['<|endoftext|>', 'Key', 'board', ' navigation', ' allows']",2,3,gpt2-medium
keyboard_navigation,7,15,0.0009,keyboard,navigation,Keyboard navigation allows,"['<|endoftext|>', 'Key', 'board', ' navigation', ' allows']",2,3,gpt2-medium
keyboard_navigation,8,0,0.005,keyboard,navigation,Keyboard navigation allows,"['<|endoftext|>', 'Key', 'board', ' navigation', ' allows']",2,3,gpt2-medium
keyboard_navigation,8,1,0.2083,keyboard,navigation,Keyboard navigation allows,"['<|endoftext|>', 'Key', 'board', ' navigation', ' allows']",2,3,gpt2-medium
keyboard_navigation,8,2,0.0045,keyboard,navigation,Keyboard navigation allows,"['<|endoftext|>', 'Key', 'board', ' navigation', ' allows']",2,3,gpt2-medium
keyboard_navigation,8,3,0.0045,keyboard,navigation,Keyboard navigation allows,"['<|endoftext|>', 'Key', 'board', ' navigation', ' allows']",2,3,gpt2-medium
keyboard_navigation,8,4,0.0022,keyboard,navigation,Keyboard navigation allows,"['<|endoftext|>', 'Key', 'board', ' navigation', ' allows']",2,3,gpt2-medium
keyboard_navigation,8,5,0.0074,keyboard,navigation,Keyboard navigation allows,"['<|endoftext|>', 'Key', 'board', ' navigation', ' allows']",2,3,gpt2-medium
keyboard_navigation,8,6,0.1279,keyboard,navigation,Keyboard navigation allows,"['<|endoftext|>', 'Key', 'board', ' navigation', ' allows']",2,3,gpt2-medium
keyboard_navigation,8,7,0.1815,keyboard,navigation,Keyboard navigation allows,"['<|endoftext|>', 'Key', 'board', ' navigation', ' allows']",2,3,gpt2-medium
keyboard_navigation,8,8,0.0078,keyboard,navigation,Keyboard navigation allows,"['<|endoftext|>', 'Key', 'board', ' navigation', ' allows']",2,3,gpt2-medium
keyboard_navigation,8,9,0.0182,keyboard,navigation,Keyboard navigation allows,"['<|endoftext|>', 'Key', 'board', ' navigation', ' allows']",2,3,gpt2-medium
keyboard_navigation,8,10,0.0035,keyboard,navigation,Keyboard navigation allows,"['<|endoftext|>', 'Key', 'board', ' navigation', ' allows']",2,3,gpt2-medium
keyboard_navigation,8,11,0.0009,keyboard,navigation,Keyboard navigation allows,"['<|endoftext|>', 'Key', 'board', ' navigation', ' allows']",2,3,gpt2-medium
keyboard_navigation,8,12,0.0277,keyboard,navigation,Keyboard navigation allows,"['<|endoftext|>', 'Key', 'board', ' navigation', ' allows']",2,3,gpt2-medium
keyboard_navigation,8,13,0.0026,keyboard,navigation,Keyboard navigation allows,"['<|endoftext|>', 'Key', 'board', ' navigation', ' allows']",2,3,gpt2-medium
keyboard_navigation,8,14,0.0783,keyboard,navigation,Keyboard navigation allows,"['<|endoftext|>', 'Key', 'board', ' navigation', ' allows']",2,3,gpt2-medium
keyboard_navigation,8,15,0.072,keyboard,navigation,Keyboard navigation allows,"['<|endoftext|>', 'Key', 'board', ' navigation', ' allows']",2,3,gpt2-medium
keyboard_navigation,9,0,0.0205,keyboard,navigation,Keyboard navigation allows,"['<|endoftext|>', 'Key', 'board', ' navigation', ' allows']",2,3,gpt2-medium
keyboard_navigation,9,1,0.0219,keyboard,navigation,Keyboard navigation allows,"['<|endoftext|>', 'Key', 'board', ' navigation', ' allows']",2,3,gpt2-medium
keyboard_navigation,9,2,0.0099,keyboard,navigation,Keyboard navigation allows,"['<|endoftext|>', 'Key', 'board', ' navigation', ' allows']",2,3,gpt2-medium
keyboard_navigation,9,3,0.0,keyboard,navigation,Keyboard navigation allows,"['<|endoftext|>', 'Key', 'board', ' navigation', ' allows']",2,3,gpt2-medium
keyboard_navigation,9,4,0.0001,keyboard,navigation,Keyboard navigation allows,"['<|endoftext|>', 'Key', 'board', ' navigation', ' allows']",2,3,gpt2-medium
keyboard_navigation,9,5,0.0432,keyboard,navigation,Keyboard navigation allows,"['<|endoftext|>', 'Key', 'board', ' navigation', ' allows']",2,3,gpt2-medium
keyboard_navigation,9,6,0.0043,keyboard,navigation,Keyboard navigation allows,"['<|endoftext|>', 'Key', 'board', ' navigation', ' allows']",2,3,gpt2-medium
keyboard_navigation,9,7,0.0011,keyboard,navigation,Keyboard navigation allows,"['<|endoftext|>', 'Key', 'board', ' navigation', ' allows']",2,3,gpt2-medium
keyboard_navigation,9,8,0.0061,keyboard,navigation,Keyboard navigation allows,"['<|endoftext|>', 'Key', 'board', ' navigation', ' allows']",2,3,gpt2-medium
keyboard_navigation,9,9,0.0,keyboard,navigation,Keyboard navigation allows,"['<|endoftext|>', 'Key', 'board', ' navigation', ' allows']",2,3,gpt2-medium
keyboard_navigation,9,10,0.0082,keyboard,navigation,Keyboard navigation allows,"['<|endoftext|>', 'Key', 'board', ' navigation', ' allows']",2,3,gpt2-medium
keyboard_navigation,9,11,0.0047,keyboard,navigation,Keyboard navigation allows,"['<|endoftext|>', 'Key', 'board', ' navigation', ' allows']",2,3,gpt2-medium
keyboard_navigation,9,12,0.0001,keyboard,navigation,Keyboard navigation allows,"['<|endoftext|>', 'Key', 'board', ' navigation', ' allows']",2,3,gpt2-medium
keyboard_navigation,9,13,0.0002,keyboard,navigation,Keyboard navigation allows,"['<|endoftext|>', 'Key', 'board', ' navigation', ' allows']",2,3,gpt2-medium
keyboard_navigation,9,14,0.0202,keyboard,navigation,Keyboard navigation allows,"['<|endoftext|>', 'Key', 'board', ' navigation', ' allows']",2,3,gpt2-medium
keyboard_navigation,9,15,0.0435,keyboard,navigation,Keyboard navigation allows,"['<|endoftext|>', 'Key', 'board', ' navigation', ' allows']",2,3,gpt2-medium
keyboard_navigation,10,0,0.0081,keyboard,navigation,Keyboard navigation allows,"['<|endoftext|>', 'Key', 'board', ' navigation', ' allows']",2,3,gpt2-medium
keyboard_navigation,10,1,0.0002,keyboard,navigation,Keyboard navigation allows,"['<|endoftext|>', 'Key', 'board', ' navigation', ' allows']",2,3,gpt2-medium
keyboard_navigation,10,2,0.0049,keyboard,navigation,Keyboard navigation allows,"['<|endoftext|>', 'Key', 'board', ' navigation', ' allows']",2,3,gpt2-medium
keyboard_navigation,10,3,0.0029,keyboard,navigation,Keyboard navigation allows,"['<|endoftext|>', 'Key', 'board', ' navigation', ' allows']",2,3,gpt2-medium
keyboard_navigation,10,4,0.0081,keyboard,navigation,Keyboard navigation allows,"['<|endoftext|>', 'Key', 'board', ' navigation', ' allows']",2,3,gpt2-medium
keyboard_navigation,10,5,0.5038,keyboard,navigation,Keyboard navigation allows,"['<|endoftext|>', 'Key', 'board', ' navigation', ' allows']",2,3,gpt2-medium
keyboard_navigation,10,6,0.0281,keyboard,navigation,Keyboard navigation allows,"['<|endoftext|>', 'Key', 'board', ' navigation', ' allows']",2,3,gpt2-medium
keyboard_navigation,10,7,0.0299,keyboard,navigation,Keyboard navigation allows,"['<|endoftext|>', 'Key', 'board', ' navigation', ' allows']",2,3,gpt2-medium
keyboard_navigation,10,8,0.0,keyboard,navigation,Keyboard navigation allows,"['<|endoftext|>', 'Key', 'board', ' navigation', ' allows']",2,3,gpt2-medium
keyboard_navigation,10,9,0.0337,keyboard,navigation,Keyboard navigation allows,"['<|endoftext|>', 'Key', 'board', ' navigation', ' allows']",2,3,gpt2-medium
keyboard_navigation,10,10,0.6907,keyboard,navigation,Keyboard navigation allows,"['<|endoftext|>', 'Key', 'board', ' navigation', ' allows']",2,3,gpt2-medium
keyboard_navigation,10,11,0.1094,keyboard,navigation,Keyboard navigation allows,"['<|endoftext|>', 'Key', 'board', ' navigation', ' allows']",2,3,gpt2-medium
keyboard_navigation,10,12,0.082,keyboard,navigation,Keyboard navigation allows,"['<|endoftext|>', 'Key', 'board', ' navigation', ' allows']",2,3,gpt2-medium
keyboard_navigation,10,13,0.0018,keyboard,navigation,Keyboard navigation allows,"['<|endoftext|>', 'Key', 'board', ' navigation', ' allows']",2,3,gpt2-medium
keyboard_navigation,10,14,0.0598,keyboard,navigation,Keyboard navigation allows,"['<|endoftext|>', 'Key', 'board', ' navigation', ' allows']",2,3,gpt2-medium
keyboard_navigation,10,15,0.031,keyboard,navigation,Keyboard navigation allows,"['<|endoftext|>', 'Key', 'board', ' navigation', ' allows']",2,3,gpt2-medium
keyboard_navigation,11,0,0.0431,keyboard,navigation,Keyboard navigation allows,"['<|endoftext|>', 'Key', 'board', ' navigation', ' allows']",2,3,gpt2-medium
keyboard_navigation,11,1,0.0001,keyboard,navigation,Keyboard navigation allows,"['<|endoftext|>', 'Key', 'board', ' navigation', ' allows']",2,3,gpt2-medium
keyboard_navigation,11,2,0.0012,keyboard,navigation,Keyboard navigation allows,"['<|endoftext|>', 'Key', 'board', ' navigation', ' allows']",2,3,gpt2-medium
keyboard_navigation,11,3,0.0099,keyboard,navigation,Keyboard navigation allows,"['<|endoftext|>', 'Key', 'board', ' navigation', ' allows']",2,3,gpt2-medium
keyboard_navigation,11,4,0.0046,keyboard,navigation,Keyboard navigation allows,"['<|endoftext|>', 'Key', 'board', ' navigation', ' allows']",2,3,gpt2-medium
keyboard_navigation,11,5,0.088,keyboard,navigation,Keyboard navigation allows,"['<|endoftext|>', 'Key', 'board', ' navigation', ' allows']",2,3,gpt2-medium
keyboard_navigation,11,6,0.22,keyboard,navigation,Keyboard navigation allows,"['<|endoftext|>', 'Key', 'board', ' navigation', ' allows']",2,3,gpt2-medium
keyboard_navigation,11,7,0.0403,keyboard,navigation,Keyboard navigation allows,"['<|endoftext|>', 'Key', 'board', ' navigation', ' allows']",2,3,gpt2-medium
keyboard_navigation,11,8,0.0461,keyboard,navigation,Keyboard navigation allows,"['<|endoftext|>', 'Key', 'board', ' navigation', ' allows']",2,3,gpt2-medium
keyboard_navigation,11,9,0.0501,keyboard,navigation,Keyboard navigation allows,"['<|endoftext|>', 'Key', 'board', ' navigation', ' allows']",2,3,gpt2-medium
keyboard_navigation,11,10,0.0029,keyboard,navigation,Keyboard navigation allows,"['<|endoftext|>', 'Key', 'board', ' navigation', ' allows']",2,3,gpt2-medium
keyboard_navigation,11,11,0.0007,keyboard,navigation,Keyboard navigation allows,"['<|endoftext|>', 'Key', 'board', ' navigation', ' allows']",2,3,gpt2-medium
keyboard_navigation,11,12,0.0819,keyboard,navigation,Keyboard navigation allows,"['<|endoftext|>', 'Key', 'board', ' navigation', ' allows']",2,3,gpt2-medium
keyboard_navigation,11,13,0.0893,keyboard,navigation,Keyboard navigation allows,"['<|endoftext|>', 'Key', 'board', ' navigation', ' allows']",2,3,gpt2-medium
keyboard_navigation,11,14,0.0078,keyboard,navigation,Keyboard navigation allows,"['<|endoftext|>', 'Key', 'board', ' navigation', ' allows']",2,3,gpt2-medium
keyboard_navigation,11,15,0.0254,keyboard,navigation,Keyboard navigation allows,"['<|endoftext|>', 'Key', 'board', ' navigation', ' allows']",2,3,gpt2-medium
keyboard_navigation,12,0,0.0098,keyboard,navigation,Keyboard navigation allows,"['<|endoftext|>', 'Key', 'board', ' navigation', ' allows']",2,3,gpt2-medium
keyboard_navigation,12,1,0.0001,keyboard,navigation,Keyboard navigation allows,"['<|endoftext|>', 'Key', 'board', ' navigation', ' allows']",2,3,gpt2-medium
keyboard_navigation,12,2,0.0059,keyboard,navigation,Keyboard navigation allows,"['<|endoftext|>', 'Key', 'board', ' navigation', ' allows']",2,3,gpt2-medium
keyboard_navigation,12,3,0.0013,keyboard,navigation,Keyboard navigation allows,"['<|endoftext|>', 'Key', 'board', ' navigation', ' allows']",2,3,gpt2-medium
keyboard_navigation,12,4,0.0062,keyboard,navigation,Keyboard navigation allows,"['<|endoftext|>', 'Key', 'board', ' navigation', ' allows']",2,3,gpt2-medium
keyboard_navigation,12,5,0.0159,keyboard,navigation,Keyboard navigation allows,"['<|endoftext|>', 'Key', 'board', ' navigation', ' allows']",2,3,gpt2-medium
keyboard_navigation,12,6,0.0439,keyboard,navigation,Keyboard navigation allows,"['<|endoftext|>', 'Key', 'board', ' navigation', ' allows']",2,3,gpt2-medium
keyboard_navigation,12,7,0.0177,keyboard,navigation,Keyboard navigation allows,"['<|endoftext|>', 'Key', 'board', ' navigation', ' allows']",2,3,gpt2-medium
keyboard_navigation,12,8,0.1268,keyboard,navigation,Keyboard navigation allows,"['<|endoftext|>', 'Key', 'board', ' navigation', ' allows']",2,3,gpt2-medium
keyboard_navigation,12,9,0.0048,keyboard,navigation,Keyboard navigation allows,"['<|endoftext|>', 'Key', 'board', ' navigation', ' allows']",2,3,gpt2-medium
keyboard_navigation,12,10,0.0973,keyboard,navigation,Keyboard navigation allows,"['<|endoftext|>', 'Key', 'board', ' navigation', ' allows']",2,3,gpt2-medium
keyboard_navigation,12,11,0.0008,keyboard,navigation,Keyboard navigation allows,"['<|endoftext|>', 'Key', 'board', ' navigation', ' allows']",2,3,gpt2-medium
keyboard_navigation,12,12,0.0026,keyboard,navigation,Keyboard navigation allows,"['<|endoftext|>', 'Key', 'board', ' navigation', ' allows']",2,3,gpt2-medium
keyboard_navigation,12,13,0.0032,keyboard,navigation,Keyboard navigation allows,"['<|endoftext|>', 'Key', 'board', ' navigation', ' allows']",2,3,gpt2-medium
keyboard_navigation,12,14,0.0016,keyboard,navigation,Keyboard navigation allows,"['<|endoftext|>', 'Key', 'board', ' navigation', ' allows']",2,3,gpt2-medium
keyboard_navigation,12,15,0.0574,keyboard,navigation,Keyboard navigation allows,"['<|endoftext|>', 'Key', 'board', ' navigation', ' allows']",2,3,gpt2-medium
keyboard_navigation,13,0,0.0356,keyboard,navigation,Keyboard navigation allows,"['<|endoftext|>', 'Key', 'board', ' navigation', ' allows']",2,3,gpt2-medium
keyboard_navigation,13,1,0.0197,keyboard,navigation,Keyboard navigation allows,"['<|endoftext|>', 'Key', 'board', ' navigation', ' allows']",2,3,gpt2-medium
keyboard_navigation,13,2,0.0157,keyboard,navigation,Keyboard navigation allows,"['<|endoftext|>', 'Key', 'board', ' navigation', ' allows']",2,3,gpt2-medium
keyboard_navigation,13,3,0.4892,keyboard,navigation,Keyboard navigation allows,"['<|endoftext|>', 'Key', 'board', ' navigation', ' allows']",2,3,gpt2-medium
keyboard_navigation,13,4,0.0254,keyboard,navigation,Keyboard navigation allows,"['<|endoftext|>', 'Key', 'board', ' navigation', ' allows']",2,3,gpt2-medium
keyboard_navigation,13,5,0.0577,keyboard,navigation,Keyboard navigation allows,"['<|endoftext|>', 'Key', 'board', ' navigation', ' allows']",2,3,gpt2-medium
keyboard_navigation,13,6,0.0049,keyboard,navigation,Keyboard navigation allows,"['<|endoftext|>', 'Key', 'board', ' navigation', ' allows']",2,3,gpt2-medium
keyboard_navigation,13,7,0.0163,keyboard,navigation,Keyboard navigation allows,"['<|endoftext|>', 'Key', 'board', ' navigation', ' allows']",2,3,gpt2-medium
keyboard_navigation,13,8,0.0132,keyboard,navigation,Keyboard navigation allows,"['<|endoftext|>', 'Key', 'board', ' navigation', ' allows']",2,3,gpt2-medium
keyboard_navigation,13,9,0.0757,keyboard,navigation,Keyboard navigation allows,"['<|endoftext|>', 'Key', 'board', ' navigation', ' allows']",2,3,gpt2-medium
keyboard_navigation,13,10,0.0519,keyboard,navigation,Keyboard navigation allows,"['<|endoftext|>', 'Key', 'board', ' navigation', ' allows']",2,3,gpt2-medium
keyboard_navigation,13,11,0.2685,keyboard,navigation,Keyboard navigation allows,"['<|endoftext|>', 'Key', 'board', ' navigation', ' allows']",2,3,gpt2-medium
keyboard_navigation,13,12,0.0035,keyboard,navigation,Keyboard navigation allows,"['<|endoftext|>', 'Key', 'board', ' navigation', ' allows']",2,3,gpt2-medium
keyboard_navigation,13,13,0.1154,keyboard,navigation,Keyboard navigation allows,"['<|endoftext|>', 'Key', 'board', ' navigation', ' allows']",2,3,gpt2-medium
keyboard_navigation,13,14,0.0,keyboard,navigation,Keyboard navigation allows,"['<|endoftext|>', 'Key', 'board', ' navigation', ' allows']",2,3,gpt2-medium
keyboard_navigation,13,15,0.013,keyboard,navigation,Keyboard navigation allows,"['<|endoftext|>', 'Key', 'board', ' navigation', ' allows']",2,3,gpt2-medium
keyboard_navigation,14,0,0.0127,keyboard,navigation,Keyboard navigation allows,"['<|endoftext|>', 'Key', 'board', ' navigation', ' allows']",2,3,gpt2-medium
keyboard_navigation,14,1,0.0036,keyboard,navigation,Keyboard navigation allows,"['<|endoftext|>', 'Key', 'board', ' navigation', ' allows']",2,3,gpt2-medium
keyboard_navigation,14,2,0.0032,keyboard,navigation,Keyboard navigation allows,"['<|endoftext|>', 'Key', 'board', ' navigation', ' allows']",2,3,gpt2-medium
keyboard_navigation,14,3,0.083,keyboard,navigation,Keyboard navigation allows,"['<|endoftext|>', 'Key', 'board', ' navigation', ' allows']",2,3,gpt2-medium
keyboard_navigation,14,4,0.0124,keyboard,navigation,Keyboard navigation allows,"['<|endoftext|>', 'Key', 'board', ' navigation', ' allows']",2,3,gpt2-medium
keyboard_navigation,14,5,0.0104,keyboard,navigation,Keyboard navigation allows,"['<|endoftext|>', 'Key', 'board', ' navigation', ' allows']",2,3,gpt2-medium
keyboard_navigation,14,6,0.0443,keyboard,navigation,Keyboard navigation allows,"['<|endoftext|>', 'Key', 'board', ' navigation', ' allows']",2,3,gpt2-medium
keyboard_navigation,14,7,0.1495,keyboard,navigation,Keyboard navigation allows,"['<|endoftext|>', 'Key', 'board', ' navigation', ' allows']",2,3,gpt2-medium
keyboard_navigation,14,8,0.0078,keyboard,navigation,Keyboard navigation allows,"['<|endoftext|>', 'Key', 'board', ' navigation', ' allows']",2,3,gpt2-medium
keyboard_navigation,14,9,0.0,keyboard,navigation,Keyboard navigation allows,"['<|endoftext|>', 'Key', 'board', ' navigation', ' allows']",2,3,gpt2-medium
keyboard_navigation,14,10,0.0474,keyboard,navigation,Keyboard navigation allows,"['<|endoftext|>', 'Key', 'board', ' navigation', ' allows']",2,3,gpt2-medium
keyboard_navigation,14,11,0.0003,keyboard,navigation,Keyboard navigation allows,"['<|endoftext|>', 'Key', 'board', ' navigation', ' allows']",2,3,gpt2-medium
keyboard_navigation,14,12,0.0395,keyboard,navigation,Keyboard navigation allows,"['<|endoftext|>', 'Key', 'board', ' navigation', ' allows']",2,3,gpt2-medium
keyboard_navigation,14,13,0.0025,keyboard,navigation,Keyboard navigation allows,"['<|endoftext|>', 'Key', 'board', ' navigation', ' allows']",2,3,gpt2-medium
keyboard_navigation,14,14,0.0049,keyboard,navigation,Keyboard navigation allows,"['<|endoftext|>', 'Key', 'board', ' navigation', ' allows']",2,3,gpt2-medium
keyboard_navigation,14,15,0.0635,keyboard,navigation,Keyboard navigation allows,"['<|endoftext|>', 'Key', 'board', ' navigation', ' allows']",2,3,gpt2-medium
keyboard_navigation,15,0,0.0009,keyboard,navigation,Keyboard navigation allows,"['<|endoftext|>', 'Key', 'board', ' navigation', ' allows']",2,3,gpt2-medium
keyboard_navigation,15,1,0.113,keyboard,navigation,Keyboard navigation allows,"['<|endoftext|>', 'Key', 'board', ' navigation', ' allows']",2,3,gpt2-medium
keyboard_navigation,15,2,0.0022,keyboard,navigation,Keyboard navigation allows,"['<|endoftext|>', 'Key', 'board', ' navigation', ' allows']",2,3,gpt2-medium
keyboard_navigation,15,3,0.0692,keyboard,navigation,Keyboard navigation allows,"['<|endoftext|>', 'Key', 'board', ' navigation', ' allows']",2,3,gpt2-medium
keyboard_navigation,15,4,0.0024,keyboard,navigation,Keyboard navigation allows,"['<|endoftext|>', 'Key', 'board', ' navigation', ' allows']",2,3,gpt2-medium
keyboard_navigation,15,5,0.02,keyboard,navigation,Keyboard navigation allows,"['<|endoftext|>', 'Key', 'board', ' navigation', ' allows']",2,3,gpt2-medium
keyboard_navigation,15,6,0.0124,keyboard,navigation,Keyboard navigation allows,"['<|endoftext|>', 'Key', 'board', ' navigation', ' allows']",2,3,gpt2-medium
keyboard_navigation,15,7,0.0081,keyboard,navigation,Keyboard navigation allows,"['<|endoftext|>', 'Key', 'board', ' navigation', ' allows']",2,3,gpt2-medium
keyboard_navigation,15,8,0.0252,keyboard,navigation,Keyboard navigation allows,"['<|endoftext|>', 'Key', 'board', ' navigation', ' allows']",2,3,gpt2-medium
keyboard_navigation,15,9,0.0276,keyboard,navigation,Keyboard navigation allows,"['<|endoftext|>', 'Key', 'board', ' navigation', ' allows']",2,3,gpt2-medium
keyboard_navigation,15,10,0.0737,keyboard,navigation,Keyboard navigation allows,"['<|endoftext|>', 'Key', 'board', ' navigation', ' allows']",2,3,gpt2-medium
keyboard_navigation,15,11,0.0068,keyboard,navigation,Keyboard navigation allows,"['<|endoftext|>', 'Key', 'board', ' navigation', ' allows']",2,3,gpt2-medium
keyboard_navigation,15,12,0.0014,keyboard,navigation,Keyboard navigation allows,"['<|endoftext|>', 'Key', 'board', ' navigation', ' allows']",2,3,gpt2-medium
keyboard_navigation,15,13,0.0335,keyboard,navigation,Keyboard navigation allows,"['<|endoftext|>', 'Key', 'board', ' navigation', ' allows']",2,3,gpt2-medium
keyboard_navigation,15,14,0.0236,keyboard,navigation,Keyboard navigation allows,"['<|endoftext|>', 'Key', 'board', ' navigation', ' allows']",2,3,gpt2-medium
keyboard_navigation,15,15,0.0043,keyboard,navigation,Keyboard navigation allows,"['<|endoftext|>', 'Key', 'board', ' navigation', ' allows']",2,3,gpt2-medium
keyboard_navigation,16,0,0.0106,keyboard,navigation,Keyboard navigation allows,"['<|endoftext|>', 'Key', 'board', ' navigation', ' allows']",2,3,gpt2-medium
keyboard_navigation,16,1,0.0053,keyboard,navigation,Keyboard navigation allows,"['<|endoftext|>', 'Key', 'board', ' navigation', ' allows']",2,3,gpt2-medium
keyboard_navigation,16,2,0.0367,keyboard,navigation,Keyboard navigation allows,"['<|endoftext|>', 'Key', 'board', ' navigation', ' allows']",2,3,gpt2-medium
keyboard_navigation,16,3,0.0132,keyboard,navigation,Keyboard navigation allows,"['<|endoftext|>', 'Key', 'board', ' navigation', ' allows']",2,3,gpt2-medium
keyboard_navigation,16,4,0.0587,keyboard,navigation,Keyboard navigation allows,"['<|endoftext|>', 'Key', 'board', ' navigation', ' allows']",2,3,gpt2-medium
keyboard_navigation,16,5,0.013,keyboard,navigation,Keyboard navigation allows,"['<|endoftext|>', 'Key', 'board', ' navigation', ' allows']",2,3,gpt2-medium
keyboard_navigation,16,6,0.0502,keyboard,navigation,Keyboard navigation allows,"['<|endoftext|>', 'Key', 'board', ' navigation', ' allows']",2,3,gpt2-medium
keyboard_navigation,16,7,0.0202,keyboard,navigation,Keyboard navigation allows,"['<|endoftext|>', 'Key', 'board', ' navigation', ' allows']",2,3,gpt2-medium
keyboard_navigation,16,8,0.0216,keyboard,navigation,Keyboard navigation allows,"['<|endoftext|>', 'Key', 'board', ' navigation', ' allows']",2,3,gpt2-medium
keyboard_navigation,16,9,0.0065,keyboard,navigation,Keyboard navigation allows,"['<|endoftext|>', 'Key', 'board', ' navigation', ' allows']",2,3,gpt2-medium
keyboard_navigation,16,10,0.0017,keyboard,navigation,Keyboard navigation allows,"['<|endoftext|>', 'Key', 'board', ' navigation', ' allows']",2,3,gpt2-medium
keyboard_navigation,16,11,0.0269,keyboard,navigation,Keyboard navigation allows,"['<|endoftext|>', 'Key', 'board', ' navigation', ' allows']",2,3,gpt2-medium
keyboard_navigation,16,12,0.0027,keyboard,navigation,Keyboard navigation allows,"['<|endoftext|>', 'Key', 'board', ' navigation', ' allows']",2,3,gpt2-medium
keyboard_navigation,16,13,0.0082,keyboard,navigation,Keyboard navigation allows,"['<|endoftext|>', 'Key', 'board', ' navigation', ' allows']",2,3,gpt2-medium
keyboard_navigation,16,14,0.0031,keyboard,navigation,Keyboard navigation allows,"['<|endoftext|>', 'Key', 'board', ' navigation', ' allows']",2,3,gpt2-medium
keyboard_navigation,16,15,0.0006,keyboard,navigation,Keyboard navigation allows,"['<|endoftext|>', 'Key', 'board', ' navigation', ' allows']",2,3,gpt2-medium
keyboard_navigation,17,0,0.0019,keyboard,navigation,Keyboard navigation allows,"['<|endoftext|>', 'Key', 'board', ' navigation', ' allows']",2,3,gpt2-medium
keyboard_navigation,17,1,0.0428,keyboard,navigation,Keyboard navigation allows,"['<|endoftext|>', 'Key', 'board', ' navigation', ' allows']",2,3,gpt2-medium
keyboard_navigation,17,2,0.0103,keyboard,navigation,Keyboard navigation allows,"['<|endoftext|>', 'Key', 'board', ' navigation', ' allows']",2,3,gpt2-medium
keyboard_navigation,17,3,0.0014,keyboard,navigation,Keyboard navigation allows,"['<|endoftext|>', 'Key', 'board', ' navigation', ' allows']",2,3,gpt2-medium
keyboard_navigation,17,4,0.0057,keyboard,navigation,Keyboard navigation allows,"['<|endoftext|>', 'Key', 'board', ' navigation', ' allows']",2,3,gpt2-medium
keyboard_navigation,17,5,0.0062,keyboard,navigation,Keyboard navigation allows,"['<|endoftext|>', 'Key', 'board', ' navigation', ' allows']",2,3,gpt2-medium
keyboard_navigation,17,6,0.0146,keyboard,navigation,Keyboard navigation allows,"['<|endoftext|>', 'Key', 'board', ' navigation', ' allows']",2,3,gpt2-medium
keyboard_navigation,17,7,0.0721,keyboard,navigation,Keyboard navigation allows,"['<|endoftext|>', 'Key', 'board', ' navigation', ' allows']",2,3,gpt2-medium
keyboard_navigation,17,8,0.0023,keyboard,navigation,Keyboard navigation allows,"['<|endoftext|>', 'Key', 'board', ' navigation', ' allows']",2,3,gpt2-medium
keyboard_navigation,17,9,0.005,keyboard,navigation,Keyboard navigation allows,"['<|endoftext|>', 'Key', 'board', ' navigation', ' allows']",2,3,gpt2-medium
keyboard_navigation,17,10,0.0091,keyboard,navigation,Keyboard navigation allows,"['<|endoftext|>', 'Key', 'board', ' navigation', ' allows']",2,3,gpt2-medium
keyboard_navigation,17,11,0.048,keyboard,navigation,Keyboard navigation allows,"['<|endoftext|>', 'Key', 'board', ' navigation', ' allows']",2,3,gpt2-medium
keyboard_navigation,17,12,0.0323,keyboard,navigation,Keyboard navigation allows,"['<|endoftext|>', 'Key', 'board', ' navigation', ' allows']",2,3,gpt2-medium
keyboard_navigation,17,13,0.0065,keyboard,navigation,Keyboard navigation allows,"['<|endoftext|>', 'Key', 'board', ' navigation', ' allows']",2,3,gpt2-medium
keyboard_navigation,17,14,0.0066,keyboard,navigation,Keyboard navigation allows,"['<|endoftext|>', 'Key', 'board', ' navigation', ' allows']",2,3,gpt2-medium
keyboard_navigation,17,15,0.0166,keyboard,navigation,Keyboard navigation allows,"['<|endoftext|>', 'Key', 'board', ' navigation', ' allows']",2,3,gpt2-medium
keyboard_navigation,18,0,0.0089,keyboard,navigation,Keyboard navigation allows,"['<|endoftext|>', 'Key', 'board', ' navigation', ' allows']",2,3,gpt2-medium
keyboard_navigation,18,1,0.0031,keyboard,navigation,Keyboard navigation allows,"['<|endoftext|>', 'Key', 'board', ' navigation', ' allows']",2,3,gpt2-medium
keyboard_navigation,18,2,0.0004,keyboard,navigation,Keyboard navigation allows,"['<|endoftext|>', 'Key', 'board', ' navigation', ' allows']",2,3,gpt2-medium
keyboard_navigation,18,3,0.3916,keyboard,navigation,Keyboard navigation allows,"['<|endoftext|>', 'Key', 'board', ' navigation', ' allows']",2,3,gpt2-medium
keyboard_navigation,18,4,0.0014,keyboard,navigation,Keyboard navigation allows,"['<|endoftext|>', 'Key', 'board', ' navigation', ' allows']",2,3,gpt2-medium
keyboard_navigation,18,5,0.0138,keyboard,navigation,Keyboard navigation allows,"['<|endoftext|>', 'Key', 'board', ' navigation', ' allows']",2,3,gpt2-medium
keyboard_navigation,18,6,0.0096,keyboard,navigation,Keyboard navigation allows,"['<|endoftext|>', 'Key', 'board', ' navigation', ' allows']",2,3,gpt2-medium
keyboard_navigation,18,7,0.0109,keyboard,navigation,Keyboard navigation allows,"['<|endoftext|>', 'Key', 'board', ' navigation', ' allows']",2,3,gpt2-medium
keyboard_navigation,18,8,0.0209,keyboard,navigation,Keyboard navigation allows,"['<|endoftext|>', 'Key', 'board', ' navigation', ' allows']",2,3,gpt2-medium
keyboard_navigation,18,9,0.0043,keyboard,navigation,Keyboard navigation allows,"['<|endoftext|>', 'Key', 'board', ' navigation', ' allows']",2,3,gpt2-medium
keyboard_navigation,18,10,0.0124,keyboard,navigation,Keyboard navigation allows,"['<|endoftext|>', 'Key', 'board', ' navigation', ' allows']",2,3,gpt2-medium
keyboard_navigation,18,11,0.0082,keyboard,navigation,Keyboard navigation allows,"['<|endoftext|>', 'Key', 'board', ' navigation', ' allows']",2,3,gpt2-medium
keyboard_navigation,18,12,0.0158,keyboard,navigation,Keyboard navigation allows,"['<|endoftext|>', 'Key', 'board', ' navigation', ' allows']",2,3,gpt2-medium
keyboard_navigation,18,13,0.0013,keyboard,navigation,Keyboard navigation allows,"['<|endoftext|>', 'Key', 'board', ' navigation', ' allows']",2,3,gpt2-medium
keyboard_navigation,18,14,0.0978,keyboard,navigation,Keyboard navigation allows,"['<|endoftext|>', 'Key', 'board', ' navigation', ' allows']",2,3,gpt2-medium
keyboard_navigation,18,15,0.0712,keyboard,navigation,Keyboard navigation allows,"['<|endoftext|>', 'Key', 'board', ' navigation', ' allows']",2,3,gpt2-medium
keyboard_navigation,19,0,0.0061,keyboard,navigation,Keyboard navigation allows,"['<|endoftext|>', 'Key', 'board', ' navigation', ' allows']",2,3,gpt2-medium
keyboard_navigation,19,1,0.0257,keyboard,navigation,Keyboard navigation allows,"['<|endoftext|>', 'Key', 'board', ' navigation', ' allows']",2,3,gpt2-medium
keyboard_navigation,19,2,0.0054,keyboard,navigation,Keyboard navigation allows,"['<|endoftext|>', 'Key', 'board', ' navigation', ' allows']",2,3,gpt2-medium
keyboard_navigation,19,3,0.0154,keyboard,navigation,Keyboard navigation allows,"['<|endoftext|>', 'Key', 'board', ' navigation', ' allows']",2,3,gpt2-medium
keyboard_navigation,19,4,0.0045,keyboard,navigation,Keyboard navigation allows,"['<|endoftext|>', 'Key', 'board', ' navigation', ' allows']",2,3,gpt2-medium
keyboard_navigation,19,5,0.0118,keyboard,navigation,Keyboard navigation allows,"['<|endoftext|>', 'Key', 'board', ' navigation', ' allows']",2,3,gpt2-medium
keyboard_navigation,19,6,0.0351,keyboard,navigation,Keyboard navigation allows,"['<|endoftext|>', 'Key', 'board', ' navigation', ' allows']",2,3,gpt2-medium
keyboard_navigation,19,7,0.0066,keyboard,navigation,Keyboard navigation allows,"['<|endoftext|>', 'Key', 'board', ' navigation', ' allows']",2,3,gpt2-medium
keyboard_navigation,19,8,0.0086,keyboard,navigation,Keyboard navigation allows,"['<|endoftext|>', 'Key', 'board', ' navigation', ' allows']",2,3,gpt2-medium
keyboard_navigation,19,9,0.0061,keyboard,navigation,Keyboard navigation allows,"['<|endoftext|>', 'Key', 'board', ' navigation', ' allows']",2,3,gpt2-medium
keyboard_navigation,19,10,0.0076,keyboard,navigation,Keyboard navigation allows,"['<|endoftext|>', 'Key', 'board', ' navigation', ' allows']",2,3,gpt2-medium
keyboard_navigation,19,11,0.0173,keyboard,navigation,Keyboard navigation allows,"['<|endoftext|>', 'Key', 'board', ' navigation', ' allows']",2,3,gpt2-medium
keyboard_navigation,19,12,0.0142,keyboard,navigation,Keyboard navigation allows,"['<|endoftext|>', 'Key', 'board', ' navigation', ' allows']",2,3,gpt2-medium
keyboard_navigation,19,13,0.0095,keyboard,navigation,Keyboard navigation allows,"['<|endoftext|>', 'Key', 'board', ' navigation', ' allows']",2,3,gpt2-medium
keyboard_navigation,19,14,0.0066,keyboard,navigation,Keyboard navigation allows,"['<|endoftext|>', 'Key', 'board', ' navigation', ' allows']",2,3,gpt2-medium
keyboard_navigation,19,15,0.0304,keyboard,navigation,Keyboard navigation allows,"['<|endoftext|>', 'Key', 'board', ' navigation', ' allows']",2,3,gpt2-medium
keyboard_navigation,20,0,0.0204,keyboard,navigation,Keyboard navigation allows,"['<|endoftext|>', 'Key', 'board', ' navigation', ' allows']",2,3,gpt2-medium
keyboard_navigation,20,1,0.0838,keyboard,navigation,Keyboard navigation allows,"['<|endoftext|>', 'Key', 'board', ' navigation', ' allows']",2,3,gpt2-medium
keyboard_navigation,20,2,0.0584,keyboard,navigation,Keyboard navigation allows,"['<|endoftext|>', 'Key', 'board', ' navigation', ' allows']",2,3,gpt2-medium
keyboard_navigation,20,3,0.005,keyboard,navigation,Keyboard navigation allows,"['<|endoftext|>', 'Key', 'board', ' navigation', ' allows']",2,3,gpt2-medium
keyboard_navigation,20,4,0.0179,keyboard,navigation,Keyboard navigation allows,"['<|endoftext|>', 'Key', 'board', ' navigation', ' allows']",2,3,gpt2-medium
keyboard_navigation,20,5,0.0474,keyboard,navigation,Keyboard navigation allows,"['<|endoftext|>', 'Key', 'board', ' navigation', ' allows']",2,3,gpt2-medium
keyboard_navigation,20,6,0.0061,keyboard,navigation,Keyboard navigation allows,"['<|endoftext|>', 'Key', 'board', ' navigation', ' allows']",2,3,gpt2-medium
keyboard_navigation,20,7,0.027,keyboard,navigation,Keyboard navigation allows,"['<|endoftext|>', 'Key', 'board', ' navigation', ' allows']",2,3,gpt2-medium
keyboard_navigation,20,8,0.0037,keyboard,navigation,Keyboard navigation allows,"['<|endoftext|>', 'Key', 'board', ' navigation', ' allows']",2,3,gpt2-medium
keyboard_navigation,20,9,0.0416,keyboard,navigation,Keyboard navigation allows,"['<|endoftext|>', 'Key', 'board', ' navigation', ' allows']",2,3,gpt2-medium
keyboard_navigation,20,10,0.0535,keyboard,navigation,Keyboard navigation allows,"['<|endoftext|>', 'Key', 'board', ' navigation', ' allows']",2,3,gpt2-medium
keyboard_navigation,20,11,0.0058,keyboard,navigation,Keyboard navigation allows,"['<|endoftext|>', 'Key', 'board', ' navigation', ' allows']",2,3,gpt2-medium
keyboard_navigation,20,12,0.0053,keyboard,navigation,Keyboard navigation allows,"['<|endoftext|>', 'Key', 'board', ' navigation', ' allows']",2,3,gpt2-medium
keyboard_navigation,20,13,0.0105,keyboard,navigation,Keyboard navigation allows,"['<|endoftext|>', 'Key', 'board', ' navigation', ' allows']",2,3,gpt2-medium
keyboard_navigation,20,14,0.0139,keyboard,navigation,Keyboard navigation allows,"['<|endoftext|>', 'Key', 'board', ' navigation', ' allows']",2,3,gpt2-medium
keyboard_navigation,20,15,0.003,keyboard,navigation,Keyboard navigation allows,"['<|endoftext|>', 'Key', 'board', ' navigation', ' allows']",2,3,gpt2-medium
keyboard_navigation,21,0,0.0033,keyboard,navigation,Keyboard navigation allows,"['<|endoftext|>', 'Key', 'board', ' navigation', ' allows']",2,3,gpt2-medium
keyboard_navigation,21,1,0.1538,keyboard,navigation,Keyboard navigation allows,"['<|endoftext|>', 'Key', 'board', ' navigation', ' allows']",2,3,gpt2-medium
keyboard_navigation,21,2,0.006,keyboard,navigation,Keyboard navigation allows,"['<|endoftext|>', 'Key', 'board', ' navigation', ' allows']",2,3,gpt2-medium
keyboard_navigation,21,3,0.0144,keyboard,navigation,Keyboard navigation allows,"['<|endoftext|>', 'Key', 'board', ' navigation', ' allows']",2,3,gpt2-medium
keyboard_navigation,21,4,0.0151,keyboard,navigation,Keyboard navigation allows,"['<|endoftext|>', 'Key', 'board', ' navigation', ' allows']",2,3,gpt2-medium
keyboard_navigation,21,5,0.0081,keyboard,navigation,Keyboard navigation allows,"['<|endoftext|>', 'Key', 'board', ' navigation', ' allows']",2,3,gpt2-medium
keyboard_navigation,21,6,0.0668,keyboard,navigation,Keyboard navigation allows,"['<|endoftext|>', 'Key', 'board', ' navigation', ' allows']",2,3,gpt2-medium
keyboard_navigation,21,7,0.0135,keyboard,navigation,Keyboard navigation allows,"['<|endoftext|>', 'Key', 'board', ' navigation', ' allows']",2,3,gpt2-medium
keyboard_navigation,21,8,0.008,keyboard,navigation,Keyboard navigation allows,"['<|endoftext|>', 'Key', 'board', ' navigation', ' allows']",2,3,gpt2-medium
keyboard_navigation,21,9,0.0171,keyboard,navigation,Keyboard navigation allows,"['<|endoftext|>', 'Key', 'board', ' navigation', ' allows']",2,3,gpt2-medium
keyboard_navigation,21,10,0.0065,keyboard,navigation,Keyboard navigation allows,"['<|endoftext|>', 'Key', 'board', ' navigation', ' allows']",2,3,gpt2-medium
keyboard_navigation,21,11,0.0223,keyboard,navigation,Keyboard navigation allows,"['<|endoftext|>', 'Key', 'board', ' navigation', ' allows']",2,3,gpt2-medium
keyboard_navigation,21,12,0.0127,keyboard,navigation,Keyboard navigation allows,"['<|endoftext|>', 'Key', 'board', ' navigation', ' allows']",2,3,gpt2-medium
keyboard_navigation,21,13,0.0056,keyboard,navigation,Keyboard navigation allows,"['<|endoftext|>', 'Key', 'board', ' navigation', ' allows']",2,3,gpt2-medium
keyboard_navigation,21,14,0.0136,keyboard,navigation,Keyboard navigation allows,"['<|endoftext|>', 'Key', 'board', ' navigation', ' allows']",2,3,gpt2-medium
keyboard_navigation,21,15,0.0028,keyboard,navigation,Keyboard navigation allows,"['<|endoftext|>', 'Key', 'board', ' navigation', ' allows']",2,3,gpt2-medium
keyboard_navigation,22,0,0.0082,keyboard,navigation,Keyboard navigation allows,"['<|endoftext|>', 'Key', 'board', ' navigation', ' allows']",2,3,gpt2-medium
keyboard_navigation,22,1,0.0016,keyboard,navigation,Keyboard navigation allows,"['<|endoftext|>', 'Key', 'board', ' navigation', ' allows']",2,3,gpt2-medium
keyboard_navigation,22,2,0.0281,keyboard,navigation,Keyboard navigation allows,"['<|endoftext|>', 'Key', 'board', ' navigation', ' allows']",2,3,gpt2-medium
keyboard_navigation,22,3,0.0644,keyboard,navigation,Keyboard navigation allows,"['<|endoftext|>', 'Key', 'board', ' navigation', ' allows']",2,3,gpt2-medium
keyboard_navigation,22,4,0.0019,keyboard,navigation,Keyboard navigation allows,"['<|endoftext|>', 'Key', 'board', ' navigation', ' allows']",2,3,gpt2-medium
keyboard_navigation,22,5,0.0425,keyboard,navigation,Keyboard navigation allows,"['<|endoftext|>', 'Key', 'board', ' navigation', ' allows']",2,3,gpt2-medium
keyboard_navigation,22,6,0.0084,keyboard,navigation,Keyboard navigation allows,"['<|endoftext|>', 'Key', 'board', ' navigation', ' allows']",2,3,gpt2-medium
keyboard_navigation,22,7,0.004,keyboard,navigation,Keyboard navigation allows,"['<|endoftext|>', 'Key', 'board', ' navigation', ' allows']",2,3,gpt2-medium
keyboard_navigation,22,8,0.0356,keyboard,navigation,Keyboard navigation allows,"['<|endoftext|>', 'Key', 'board', ' navigation', ' allows']",2,3,gpt2-medium
keyboard_navigation,22,9,0.0052,keyboard,navigation,Keyboard navigation allows,"['<|endoftext|>', 'Key', 'board', ' navigation', ' allows']",2,3,gpt2-medium
keyboard_navigation,22,10,0.0152,keyboard,navigation,Keyboard navigation allows,"['<|endoftext|>', 'Key', 'board', ' navigation', ' allows']",2,3,gpt2-medium
keyboard_navigation,22,11,0.0888,keyboard,navigation,Keyboard navigation allows,"['<|endoftext|>', 'Key', 'board', ' navigation', ' allows']",2,3,gpt2-medium
keyboard_navigation,22,12,0.017,keyboard,navigation,Keyboard navigation allows,"['<|endoftext|>', 'Key', 'board', ' navigation', ' allows']",2,3,gpt2-medium
keyboard_navigation,22,13,0.2333,keyboard,navigation,Keyboard navigation allows,"['<|endoftext|>', 'Key', 'board', ' navigation', ' allows']",2,3,gpt2-medium
keyboard_navigation,22,14,0.0141,keyboard,navigation,Keyboard navigation allows,"['<|endoftext|>', 'Key', 'board', ' navigation', ' allows']",2,3,gpt2-medium
keyboard_navigation,22,15,0.0324,keyboard,navigation,Keyboard navigation allows,"['<|endoftext|>', 'Key', 'board', ' navigation', ' allows']",2,3,gpt2-medium
keyboard_navigation,23,0,0.0699,keyboard,navigation,Keyboard navigation allows,"['<|endoftext|>', 'Key', 'board', ' navigation', ' allows']",2,3,gpt2-medium
keyboard_navigation,23,1,0.0109,keyboard,navigation,Keyboard navigation allows,"['<|endoftext|>', 'Key', 'board', ' navigation', ' allows']",2,3,gpt2-medium
keyboard_navigation,23,2,0.002,keyboard,navigation,Keyboard navigation allows,"['<|endoftext|>', 'Key', 'board', ' navigation', ' allows']",2,3,gpt2-medium
keyboard_navigation,23,3,0.0153,keyboard,navigation,Keyboard navigation allows,"['<|endoftext|>', 'Key', 'board', ' navigation', ' allows']",2,3,gpt2-medium
keyboard_navigation,23,4,0.0622,keyboard,navigation,Keyboard navigation allows,"['<|endoftext|>', 'Key', 'board', ' navigation', ' allows']",2,3,gpt2-medium
keyboard_navigation,23,5,0.2055,keyboard,navigation,Keyboard navigation allows,"['<|endoftext|>', 'Key', 'board', ' navigation', ' allows']",2,3,gpt2-medium
keyboard_navigation,23,6,0.0663,keyboard,navigation,Keyboard navigation allows,"['<|endoftext|>', 'Key', 'board', ' navigation', ' allows']",2,3,gpt2-medium
keyboard_navigation,23,7,0.0172,keyboard,navigation,Keyboard navigation allows,"['<|endoftext|>', 'Key', 'board', ' navigation', ' allows']",2,3,gpt2-medium
keyboard_navigation,23,8,0.0644,keyboard,navigation,Keyboard navigation allows,"['<|endoftext|>', 'Key', 'board', ' navigation', ' allows']",2,3,gpt2-medium
keyboard_navigation,23,9,0.0362,keyboard,navigation,Keyboard navigation allows,"['<|endoftext|>', 'Key', 'board', ' navigation', ' allows']",2,3,gpt2-medium
keyboard_navigation,23,10,0.0316,keyboard,navigation,Keyboard navigation allows,"['<|endoftext|>', 'Key', 'board', ' navigation', ' allows']",2,3,gpt2-medium
keyboard_navigation,23,11,0.0902,keyboard,navigation,Keyboard navigation allows,"['<|endoftext|>', 'Key', 'board', ' navigation', ' allows']",2,3,gpt2-medium
keyboard_navigation,23,12,0.0461,keyboard,navigation,Keyboard navigation allows,"['<|endoftext|>', 'Key', 'board', ' navigation', ' allows']",2,3,gpt2-medium
keyboard_navigation,23,13,0.0456,keyboard,navigation,Keyboard navigation allows,"['<|endoftext|>', 'Key', 'board', ' navigation', ' allows']",2,3,gpt2-medium
keyboard_navigation,23,14,0.0315,keyboard,navigation,Keyboard navigation allows,"['<|endoftext|>', 'Key', 'board', ' navigation', ' allows']",2,3,gpt2-medium
keyboard_navigation,23,15,0.0983,keyboard,navigation,Keyboard navigation allows,"['<|endoftext|>', 'Key', 'board', ' navigation', ' allows']",2,3,gpt2-medium
closed_captions,0,0,0.0704,closed,captions,Closed captions display,"['<|endoftext|>', 'Cl', 'osed', ' capt', 'ions', ' display']",2,4,gpt2-medium
closed_captions,0,1,0.1473,closed,captions,Closed captions display,"['<|endoftext|>', 'Cl', 'osed', ' capt', 'ions', ' display']",2,4,gpt2-medium
closed_captions,0,2,0.0531,closed,captions,Closed captions display,"['<|endoftext|>', 'Cl', 'osed', ' capt', 'ions', ' display']",2,4,gpt2-medium
closed_captions,0,3,0.0411,closed,captions,Closed captions display,"['<|endoftext|>', 'Cl', 'osed', ' capt', 'ions', ' display']",2,4,gpt2-medium
closed_captions,0,4,0.1224,closed,captions,Closed captions display,"['<|endoftext|>', 'Cl', 'osed', ' capt', 'ions', ' display']",2,4,gpt2-medium
closed_captions,0,5,0.0618,closed,captions,Closed captions display,"['<|endoftext|>', 'Cl', 'osed', ' capt', 'ions', ' display']",2,4,gpt2-medium
closed_captions,0,6,0.0713,closed,captions,Closed captions display,"['<|endoftext|>', 'Cl', 'osed', ' capt', 'ions', ' display']",2,4,gpt2-medium
closed_captions,0,7,0.0712,closed,captions,Closed captions display,"['<|endoftext|>', 'Cl', 'osed', ' capt', 'ions', ' display']",2,4,gpt2-medium
closed_captions,0,8,0.1052,closed,captions,Closed captions display,"['<|endoftext|>', 'Cl', 'osed', ' capt', 'ions', ' display']",2,4,gpt2-medium
closed_captions,0,9,0.05,closed,captions,Closed captions display,"['<|endoftext|>', 'Cl', 'osed', ' capt', 'ions', ' display']",2,4,gpt2-medium
closed_captions,0,10,0.0901,closed,captions,Closed captions display,"['<|endoftext|>', 'Cl', 'osed', ' capt', 'ions', ' display']",2,4,gpt2-medium
closed_captions,0,11,0.1522,closed,captions,Closed captions display,"['<|endoftext|>', 'Cl', 'osed', ' capt', 'ions', ' display']",2,4,gpt2-medium
closed_captions,0,12,0.0517,closed,captions,Closed captions display,"['<|endoftext|>', 'Cl', 'osed', ' capt', 'ions', ' display']",2,4,gpt2-medium
closed_captions,0,13,0.0691,closed,captions,Closed captions display,"['<|endoftext|>', 'Cl', 'osed', ' capt', 'ions', ' display']",2,4,gpt2-medium
closed_captions,0,14,0.0202,closed,captions,Closed captions display,"['<|endoftext|>', 'Cl', 'osed', ' capt', 'ions', ' display']",2,4,gpt2-medium
closed_captions,0,15,0.0663,closed,captions,Closed captions display,"['<|endoftext|>', 'Cl', 'osed', ' capt', 'ions', ' display']",2,4,gpt2-medium
closed_captions,1,0,0.0855,closed,captions,Closed captions display,"['<|endoftext|>', 'Cl', 'osed', ' capt', 'ions', ' display']",2,4,gpt2-medium
closed_captions,1,1,0.0916,closed,captions,Closed captions display,"['<|endoftext|>', 'Cl', 'osed', ' capt', 'ions', ' display']",2,4,gpt2-medium
closed_captions,1,2,0.1121,closed,captions,Closed captions display,"['<|endoftext|>', 'Cl', 'osed', ' capt', 'ions', ' display']",2,4,gpt2-medium
closed_captions,1,3,0.1355,closed,captions,Closed captions display,"['<|endoftext|>', 'Cl', 'osed', ' capt', 'ions', ' display']",2,4,gpt2-medium
closed_captions,1,4,0.0065,closed,captions,Closed captions display,"['<|endoftext|>', 'Cl', 'osed', ' capt', 'ions', ' display']",2,4,gpt2-medium
closed_captions,1,5,0.1391,closed,captions,Closed captions display,"['<|endoftext|>', 'Cl', 'osed', ' capt', 'ions', ' display']",2,4,gpt2-medium
closed_captions,1,6,0.2295,closed,captions,Closed captions display,"['<|endoftext|>', 'Cl', 'osed', ' capt', 'ions', ' display']",2,4,gpt2-medium
closed_captions,1,7,0.0686,closed,captions,Closed captions display,"['<|endoftext|>', 'Cl', 'osed', ' capt', 'ions', ' display']",2,4,gpt2-medium
closed_captions,1,8,0.0527,closed,captions,Closed captions display,"['<|endoftext|>', 'Cl', 'osed', ' capt', 'ions', ' display']",2,4,gpt2-medium
closed_captions,1,9,0.1523,closed,captions,Closed captions display,"['<|endoftext|>', 'Cl', 'osed', ' capt', 'ions', ' display']",2,4,gpt2-medium
closed_captions,1,10,0.0205,closed,captions,Closed captions display,"['<|endoftext|>', 'Cl', 'osed', ' capt', 'ions', ' display']",2,4,gpt2-medium
closed_captions,1,11,0.067,closed,captions,Closed captions display,"['<|endoftext|>', 'Cl', 'osed', ' capt', 'ions', ' display']",2,4,gpt2-medium
closed_captions,1,12,0.105,closed,captions,Closed captions display,"['<|endoftext|>', 'Cl', 'osed', ' capt', 'ions', ' display']",2,4,gpt2-medium
closed_captions,1,13,0.0772,closed,captions,Closed captions display,"['<|endoftext|>', 'Cl', 'osed', ' capt', 'ions', ' display']",2,4,gpt2-medium
closed_captions,1,14,0.0401,closed,captions,Closed captions display,"['<|endoftext|>', 'Cl', 'osed', ' capt', 'ions', ' display']",2,4,gpt2-medium
closed_captions,1,15,0.1562,closed,captions,Closed captions display,"['<|endoftext|>', 'Cl', 'osed', ' capt', 'ions', ' display']",2,4,gpt2-medium
closed_captions,2,0,0.0651,closed,captions,Closed captions display,"['<|endoftext|>', 'Cl', 'osed', ' capt', 'ions', ' display']",2,4,gpt2-medium
closed_captions,2,1,0.1117,closed,captions,Closed captions display,"['<|endoftext|>', 'Cl', 'osed', ' capt', 'ions', ' display']",2,4,gpt2-medium
closed_captions,2,2,0.1257,closed,captions,Closed captions display,"['<|endoftext|>', 'Cl', 'osed', ' capt', 'ions', ' display']",2,4,gpt2-medium
closed_captions,2,3,0.0642,closed,captions,Closed captions display,"['<|endoftext|>', 'Cl', 'osed', ' capt', 'ions', ' display']",2,4,gpt2-medium
closed_captions,2,4,0.0001,closed,captions,Closed captions display,"['<|endoftext|>', 'Cl', 'osed', ' capt', 'ions', ' display']",2,4,gpt2-medium
closed_captions,2,5,0.2999,closed,captions,Closed captions display,"['<|endoftext|>', 'Cl', 'osed', ' capt', 'ions', ' display']",2,4,gpt2-medium
closed_captions,2,6,0.1598,closed,captions,Closed captions display,"['<|endoftext|>', 'Cl', 'osed', ' capt', 'ions', ' display']",2,4,gpt2-medium
closed_captions,2,7,0.0886,closed,captions,Closed captions display,"['<|endoftext|>', 'Cl', 'osed', ' capt', 'ions', ' display']",2,4,gpt2-medium
closed_captions,2,8,0.0017,closed,captions,Closed captions display,"['<|endoftext|>', 'Cl', 'osed', ' capt', 'ions', ' display']",2,4,gpt2-medium
closed_captions,2,9,0.1346,closed,captions,Closed captions display,"['<|endoftext|>', 'Cl', 'osed', ' capt', 'ions', ' display']",2,4,gpt2-medium
closed_captions,2,10,0.1148,closed,captions,Closed captions display,"['<|endoftext|>', 'Cl', 'osed', ' capt', 'ions', ' display']",2,4,gpt2-medium
closed_captions,2,11,0.2013,closed,captions,Closed captions display,"['<|endoftext|>', 'Cl', 'osed', ' capt', 'ions', ' display']",2,4,gpt2-medium
closed_captions,2,12,0.1566,closed,captions,Closed captions display,"['<|endoftext|>', 'Cl', 'osed', ' capt', 'ions', ' display']",2,4,gpt2-medium
closed_captions,2,13,0.1105,closed,captions,Closed captions display,"['<|endoftext|>', 'Cl', 'osed', ' capt', 'ions', ' display']",2,4,gpt2-medium
closed_captions,2,14,0.1759,closed,captions,Closed captions display,"['<|endoftext|>', 'Cl', 'osed', ' capt', 'ions', ' display']",2,4,gpt2-medium
closed_captions,2,15,0.0094,closed,captions,Closed captions display,"['<|endoftext|>', 'Cl', 'osed', ' capt', 'ions', ' display']",2,4,gpt2-medium
closed_captions,3,0,0.0382,closed,captions,Closed captions display,"['<|endoftext|>', 'Cl', 'osed', ' capt', 'ions', ' display']",2,4,gpt2-medium
closed_captions,3,1,0.0507,closed,captions,Closed captions display,"['<|endoftext|>', 'Cl', 'osed', ' capt', 'ions', ' display']",2,4,gpt2-medium
closed_captions,3,2,0.0067,closed,captions,Closed captions display,"['<|endoftext|>', 'Cl', 'osed', ' capt', 'ions', ' display']",2,4,gpt2-medium
closed_captions,3,3,0.0009,closed,captions,Closed captions display,"['<|endoftext|>', 'Cl', 'osed', ' capt', 'ions', ' display']",2,4,gpt2-medium
closed_captions,3,4,0.1013,closed,captions,Closed captions display,"['<|endoftext|>', 'Cl', 'osed', ' capt', 'ions', ' display']",2,4,gpt2-medium
closed_captions,3,5,0.1019,closed,captions,Closed captions display,"['<|endoftext|>', 'Cl', 'osed', ' capt', 'ions', ' display']",2,4,gpt2-medium
closed_captions,3,6,0.089,closed,captions,Closed captions display,"['<|endoftext|>', 'Cl', 'osed', ' capt', 'ions', ' display']",2,4,gpt2-medium
closed_captions,3,7,0.0823,closed,captions,Closed captions display,"['<|endoftext|>', 'Cl', 'osed', ' capt', 'ions', ' display']",2,4,gpt2-medium
closed_captions,3,8,0.3259,closed,captions,Closed captions display,"['<|endoftext|>', 'Cl', 'osed', ' capt', 'ions', ' display']",2,4,gpt2-medium
closed_captions,3,9,0.0711,closed,captions,Closed captions display,"['<|endoftext|>', 'Cl', 'osed', ' capt', 'ions', ' display']",2,4,gpt2-medium
closed_captions,3,10,0.017,closed,captions,Closed captions display,"['<|endoftext|>', 'Cl', 'osed', ' capt', 'ions', ' display']",2,4,gpt2-medium
closed_captions,3,11,0.2268,closed,captions,Closed captions display,"['<|endoftext|>', 'Cl', 'osed', ' capt', 'ions', ' display']",2,4,gpt2-medium
closed_captions,3,12,0.0681,closed,captions,Closed captions display,"['<|endoftext|>', 'Cl', 'osed', ' capt', 'ions', ' display']",2,4,gpt2-medium
closed_captions,3,13,0.0646,closed,captions,Closed captions display,"['<|endoftext|>', 'Cl', 'osed', ' capt', 'ions', ' display']",2,4,gpt2-medium
closed_captions,3,14,0.1821,closed,captions,Closed captions display,"['<|endoftext|>', 'Cl', 'osed', ' capt', 'ions', ' display']",2,4,gpt2-medium
closed_captions,3,15,0.3452,closed,captions,Closed captions display,"['<|endoftext|>', 'Cl', 'osed', ' capt', 'ions', ' display']",2,4,gpt2-medium
closed_captions,4,0,0.0071,closed,captions,Closed captions display,"['<|endoftext|>', 'Cl', 'osed', ' capt', 'ions', ' display']",2,4,gpt2-medium
closed_captions,4,1,0.0408,closed,captions,Closed captions display,"['<|endoftext|>', 'Cl', 'osed', ' capt', 'ions', ' display']",2,4,gpt2-medium
closed_captions,4,2,0.0821,closed,captions,Closed captions display,"['<|endoftext|>', 'Cl', 'osed', ' capt', 'ions', ' display']",2,4,gpt2-medium
closed_captions,4,3,0.0241,closed,captions,Closed captions display,"['<|endoftext|>', 'Cl', 'osed', ' capt', 'ions', ' display']",2,4,gpt2-medium
closed_captions,4,4,0.0722,closed,captions,Closed captions display,"['<|endoftext|>', 'Cl', 'osed', ' capt', 'ions', ' display']",2,4,gpt2-medium
closed_captions,4,5,0.0391,closed,captions,Closed captions display,"['<|endoftext|>', 'Cl', 'osed', ' capt', 'ions', ' display']",2,4,gpt2-medium
closed_captions,4,6,0.0001,closed,captions,Closed captions display,"['<|endoftext|>', 'Cl', 'osed', ' capt', 'ions', ' display']",2,4,gpt2-medium
closed_captions,4,7,0.02,closed,captions,Closed captions display,"['<|endoftext|>', 'Cl', 'osed', ' capt', 'ions', ' display']",2,4,gpt2-medium
closed_captions,4,8,0.4308,closed,captions,Closed captions display,"['<|endoftext|>', 'Cl', 'osed', ' capt', 'ions', ' display']",2,4,gpt2-medium
closed_captions,4,9,0.0073,closed,captions,Closed captions display,"['<|endoftext|>', 'Cl', 'osed', ' capt', 'ions', ' display']",2,4,gpt2-medium
closed_captions,4,10,0.0033,closed,captions,Closed captions display,"['<|endoftext|>', 'Cl', 'osed', ' capt', 'ions', ' display']",2,4,gpt2-medium
closed_captions,4,11,0.3474,closed,captions,Closed captions display,"['<|endoftext|>', 'Cl', 'osed', ' capt', 'ions', ' display']",2,4,gpt2-medium
closed_captions,4,12,0.0293,closed,captions,Closed captions display,"['<|endoftext|>', 'Cl', 'osed', ' capt', 'ions', ' display']",2,4,gpt2-medium
closed_captions,4,13,0.0,closed,captions,Closed captions display,"['<|endoftext|>', 'Cl', 'osed', ' capt', 'ions', ' display']",2,4,gpt2-medium
closed_captions,4,14,0.0236,closed,captions,Closed captions display,"['<|endoftext|>', 'Cl', 'osed', ' capt', 'ions', ' display']",2,4,gpt2-medium
closed_captions,4,15,0.0223,closed,captions,Closed captions display,"['<|endoftext|>', 'Cl', 'osed', ' capt', 'ions', ' display']",2,4,gpt2-medium
closed_captions,5,0,0.0005,closed,captions,Closed captions display,"['<|endoftext|>', 'Cl', 'osed', ' capt', 'ions', ' display']",2,4,gpt2-medium
closed_captions,5,1,0.0015,closed,captions,Closed captions display,"['<|endoftext|>', 'Cl', 'osed', ' capt', 'ions', ' display']",2,4,gpt2-medium
closed_captions,5,2,0.3422,closed,captions,Closed captions display,"['<|endoftext|>', 'Cl', 'osed', ' capt', 'ions', ' display']",2,4,gpt2-medium
closed_captions,5,3,0.0661,closed,captions,Closed captions display,"['<|endoftext|>', 'Cl', 'osed', ' capt', 'ions', ' display']",2,4,gpt2-medium
closed_captions,5,4,0.0019,closed,captions,Closed captions display,"['<|endoftext|>', 'Cl', 'osed', ' capt', 'ions', ' display']",2,4,gpt2-medium
closed_captions,5,5,0.0001,closed,captions,Closed captions display,"['<|endoftext|>', 'Cl', 'osed', ' capt', 'ions', ' display']",2,4,gpt2-medium
closed_captions,5,6,0.0146,closed,captions,Closed captions display,"['<|endoftext|>', 'Cl', 'osed', ' capt', 'ions', ' display']",2,4,gpt2-medium
closed_captions,5,7,0.0656,closed,captions,Closed captions display,"['<|endoftext|>', 'Cl', 'osed', ' capt', 'ions', ' display']",2,4,gpt2-medium
closed_captions,5,8,0.0,closed,captions,Closed captions display,"['<|endoftext|>', 'Cl', 'osed', ' capt', 'ions', ' display']",2,4,gpt2-medium
closed_captions,5,9,0.1386,closed,captions,Closed captions display,"['<|endoftext|>', 'Cl', 'osed', ' capt', 'ions', ' display']",2,4,gpt2-medium
closed_captions,5,10,0.0187,closed,captions,Closed captions display,"['<|endoftext|>', 'Cl', 'osed', ' capt', 'ions', ' display']",2,4,gpt2-medium
closed_captions,5,11,0.0,closed,captions,Closed captions display,"['<|endoftext|>', 'Cl', 'osed', ' capt', 'ions', ' display']",2,4,gpt2-medium
closed_captions,5,12,0.0007,closed,captions,Closed captions display,"['<|endoftext|>', 'Cl', 'osed', ' capt', 'ions', ' display']",2,4,gpt2-medium
closed_captions,5,13,0.0077,closed,captions,Closed captions display,"['<|endoftext|>', 'Cl', 'osed', ' capt', 'ions', ' display']",2,4,gpt2-medium
closed_captions,5,14,0.016,closed,captions,Closed captions display,"['<|endoftext|>', 'Cl', 'osed', ' capt', 'ions', ' display']",2,4,gpt2-medium
closed_captions,5,15,0.0456,closed,captions,Closed captions display,"['<|endoftext|>', 'Cl', 'osed', ' capt', 'ions', ' display']",2,4,gpt2-medium
closed_captions,6,0,0.0115,closed,captions,Closed captions display,"['<|endoftext|>', 'Cl', 'osed', ' capt', 'ions', ' display']",2,4,gpt2-medium
closed_captions,6,1,0.0,closed,captions,Closed captions display,"['<|endoftext|>', 'Cl', 'osed', ' capt', 'ions', ' display']",2,4,gpt2-medium
closed_captions,6,2,0.0446,closed,captions,Closed captions display,"['<|endoftext|>', 'Cl', 'osed', ' capt', 'ions', ' display']",2,4,gpt2-medium
closed_captions,6,3,0.0096,closed,captions,Closed captions display,"['<|endoftext|>', 'Cl', 'osed', ' capt', 'ions', ' display']",2,4,gpt2-medium
closed_captions,6,4,0.0,closed,captions,Closed captions display,"['<|endoftext|>', 'Cl', 'osed', ' capt', 'ions', ' display']",2,4,gpt2-medium
closed_captions,6,5,0.0292,closed,captions,Closed captions display,"['<|endoftext|>', 'Cl', 'osed', ' capt', 'ions', ' display']",2,4,gpt2-medium
closed_captions,6,6,0.0409,closed,captions,Closed captions display,"['<|endoftext|>', 'Cl', 'osed', ' capt', 'ions', ' display']",2,4,gpt2-medium
closed_captions,6,7,0.0,closed,captions,Closed captions display,"['<|endoftext|>', 'Cl', 'osed', ' capt', 'ions', ' display']",2,4,gpt2-medium
closed_captions,6,8,0.0283,closed,captions,Closed captions display,"['<|endoftext|>', 'Cl', 'osed', ' capt', 'ions', ' display']",2,4,gpt2-medium
closed_captions,6,9,0.047,closed,captions,Closed captions display,"['<|endoftext|>', 'Cl', 'osed', ' capt', 'ions', ' display']",2,4,gpt2-medium
closed_captions,6,10,0.0357,closed,captions,Closed captions display,"['<|endoftext|>', 'Cl', 'osed', ' capt', 'ions', ' display']",2,4,gpt2-medium
closed_captions,6,11,0.0002,closed,captions,Closed captions display,"['<|endoftext|>', 'Cl', 'osed', ' capt', 'ions', ' display']",2,4,gpt2-medium
closed_captions,6,12,0.0004,closed,captions,Closed captions display,"['<|endoftext|>', 'Cl', 'osed', ' capt', 'ions', ' display']",2,4,gpt2-medium
closed_captions,6,13,0.003,closed,captions,Closed captions display,"['<|endoftext|>', 'Cl', 'osed', ' capt', 'ions', ' display']",2,4,gpt2-medium
closed_captions,6,14,0.0132,closed,captions,Closed captions display,"['<|endoftext|>', 'Cl', 'osed', ' capt', 'ions', ' display']",2,4,gpt2-medium
closed_captions,6,15,0.0,closed,captions,Closed captions display,"['<|endoftext|>', 'Cl', 'osed', ' capt', 'ions', ' display']",2,4,gpt2-medium
closed_captions,7,0,0.0007,closed,captions,Closed captions display,"['<|endoftext|>', 'Cl', 'osed', ' capt', 'ions', ' display']",2,4,gpt2-medium
closed_captions,7,1,0.0595,closed,captions,Closed captions display,"['<|endoftext|>', 'Cl', 'osed', ' capt', 'ions', ' display']",2,4,gpt2-medium
closed_captions,7,2,0.0,closed,captions,Closed captions display,"['<|endoftext|>', 'Cl', 'osed', ' capt', 'ions', ' display']",2,4,gpt2-medium
closed_captions,7,3,0.0221,closed,captions,Closed captions display,"['<|endoftext|>', 'Cl', 'osed', ' capt', 'ions', ' display']",2,4,gpt2-medium
closed_captions,7,4,0.023,closed,captions,Closed captions display,"['<|endoftext|>', 'Cl', 'osed', ' capt', 'ions', ' display']",2,4,gpt2-medium
closed_captions,7,5,0.0018,closed,captions,Closed captions display,"['<|endoftext|>', 'Cl', 'osed', ' capt', 'ions', ' display']",2,4,gpt2-medium
closed_captions,7,6,0.0394,closed,captions,Closed captions display,"['<|endoftext|>', 'Cl', 'osed', ' capt', 'ions', ' display']",2,4,gpt2-medium
closed_captions,7,7,0.0006,closed,captions,Closed captions display,"['<|endoftext|>', 'Cl', 'osed', ' capt', 'ions', ' display']",2,4,gpt2-medium
closed_captions,7,8,0.0019,closed,captions,Closed captions display,"['<|endoftext|>', 'Cl', 'osed', ' capt', 'ions', ' display']",2,4,gpt2-medium
closed_captions,7,9,0.0232,closed,captions,Closed captions display,"['<|endoftext|>', 'Cl', 'osed', ' capt', 'ions', ' display']",2,4,gpt2-medium
closed_captions,7,10,0.0285,closed,captions,Closed captions display,"['<|endoftext|>', 'Cl', 'osed', ' capt', 'ions', ' display']",2,4,gpt2-medium
closed_captions,7,11,0.0,closed,captions,Closed captions display,"['<|endoftext|>', 'Cl', 'osed', ' capt', 'ions', ' display']",2,4,gpt2-medium
closed_captions,7,12,0.0455,closed,captions,Closed captions display,"['<|endoftext|>', 'Cl', 'osed', ' capt', 'ions', ' display']",2,4,gpt2-medium
closed_captions,7,13,0.0121,closed,captions,Closed captions display,"['<|endoftext|>', 'Cl', 'osed', ' capt', 'ions', ' display']",2,4,gpt2-medium
closed_captions,7,14,0.0144,closed,captions,Closed captions display,"['<|endoftext|>', 'Cl', 'osed', ' capt', 'ions', ' display']",2,4,gpt2-medium
closed_captions,7,15,0.003,closed,captions,Closed captions display,"['<|endoftext|>', 'Cl', 'osed', ' capt', 'ions', ' display']",2,4,gpt2-medium
closed_captions,8,0,0.0047,closed,captions,Closed captions display,"['<|endoftext|>', 'Cl', 'osed', ' capt', 'ions', ' display']",2,4,gpt2-medium
closed_captions,8,1,0.0006,closed,captions,Closed captions display,"['<|endoftext|>', 'Cl', 'osed', ' capt', 'ions', ' display']",2,4,gpt2-medium
closed_captions,8,2,0.4219,closed,captions,Closed captions display,"['<|endoftext|>', 'Cl', 'osed', ' capt', 'ions', ' display']",2,4,gpt2-medium
closed_captions,8,3,0.0158,closed,captions,Closed captions display,"['<|endoftext|>', 'Cl', 'osed', ' capt', 'ions', ' display']",2,4,gpt2-medium
closed_captions,8,4,0.0144,closed,captions,Closed captions display,"['<|endoftext|>', 'Cl', 'osed', ' capt', 'ions', ' display']",2,4,gpt2-medium
closed_captions,8,5,0.0159,closed,captions,Closed captions display,"['<|endoftext|>', 'Cl', 'osed', ' capt', 'ions', ' display']",2,4,gpt2-medium
closed_captions,8,6,0.1485,closed,captions,Closed captions display,"['<|endoftext|>', 'Cl', 'osed', ' capt', 'ions', ' display']",2,4,gpt2-medium
closed_captions,8,7,0.2128,closed,captions,Closed captions display,"['<|endoftext|>', 'Cl', 'osed', ' capt', 'ions', ' display']",2,4,gpt2-medium
closed_captions,8,8,0.0158,closed,captions,Closed captions display,"['<|endoftext|>', 'Cl', 'osed', ' capt', 'ions', ' display']",2,4,gpt2-medium
closed_captions,8,9,0.0318,closed,captions,Closed captions display,"['<|endoftext|>', 'Cl', 'osed', ' capt', 'ions', ' display']",2,4,gpt2-medium
closed_captions,8,10,0.0051,closed,captions,Closed captions display,"['<|endoftext|>', 'Cl', 'osed', ' capt', 'ions', ' display']",2,4,gpt2-medium
closed_captions,8,11,0.0034,closed,captions,Closed captions display,"['<|endoftext|>', 'Cl', 'osed', ' capt', 'ions', ' display']",2,4,gpt2-medium
closed_captions,8,12,0.1321,closed,captions,Closed captions display,"['<|endoftext|>', 'Cl', 'osed', ' capt', 'ions', ' display']",2,4,gpt2-medium
closed_captions,8,13,0.0038,closed,captions,Closed captions display,"['<|endoftext|>', 'Cl', 'osed', ' capt', 'ions', ' display']",2,4,gpt2-medium
closed_captions,8,14,0.03,closed,captions,Closed captions display,"['<|endoftext|>', 'Cl', 'osed', ' capt', 'ions', ' display']",2,4,gpt2-medium
closed_captions,8,15,0.0003,closed,captions,Closed captions display,"['<|endoftext|>', 'Cl', 'osed', ' capt', 'ions', ' display']",2,4,gpt2-medium
closed_captions,9,0,0.3689,closed,captions,Closed captions display,"['<|endoftext|>', 'Cl', 'osed', ' capt', 'ions', ' display']",2,4,gpt2-medium
closed_captions,9,1,0.0416,closed,captions,Closed captions display,"['<|endoftext|>', 'Cl', 'osed', ' capt', 'ions', ' display']",2,4,gpt2-medium
closed_captions,9,2,0.6307,closed,captions,Closed captions display,"['<|endoftext|>', 'Cl', 'osed', ' capt', 'ions', ' display']",2,4,gpt2-medium
closed_captions,9,3,0.0003,closed,captions,Closed captions display,"['<|endoftext|>', 'Cl', 'osed', ' capt', 'ions', ' display']",2,4,gpt2-medium
closed_captions,9,4,0.0006,closed,captions,Closed captions display,"['<|endoftext|>', 'Cl', 'osed', ' capt', 'ions', ' display']",2,4,gpt2-medium
closed_captions,9,5,0.2728,closed,captions,Closed captions display,"['<|endoftext|>', 'Cl', 'osed', ' capt', 'ions', ' display']",2,4,gpt2-medium
closed_captions,9,6,0.0003,closed,captions,Closed captions display,"['<|endoftext|>', 'Cl', 'osed', ' capt', 'ions', ' display']",2,4,gpt2-medium
closed_captions,9,7,0.0006,closed,captions,Closed captions display,"['<|endoftext|>', 'Cl', 'osed', ' capt', 'ions', ' display']",2,4,gpt2-medium
closed_captions,9,8,0.0052,closed,captions,Closed captions display,"['<|endoftext|>', 'Cl', 'osed', ' capt', 'ions', ' display']",2,4,gpt2-medium
closed_captions,9,9,0.0,closed,captions,Closed captions display,"['<|endoftext|>', 'Cl', 'osed', ' capt', 'ions', ' display']",2,4,gpt2-medium
closed_captions,9,10,0.0986,closed,captions,Closed captions display,"['<|endoftext|>', 'Cl', 'osed', ' capt', 'ions', ' display']",2,4,gpt2-medium
closed_captions,9,11,0.0305,closed,captions,Closed captions display,"['<|endoftext|>', 'Cl', 'osed', ' capt', 'ions', ' display']",2,4,gpt2-medium
closed_captions,9,12,0.0002,closed,captions,Closed captions display,"['<|endoftext|>', 'Cl', 'osed', ' capt', 'ions', ' display']",2,4,gpt2-medium
closed_captions,9,13,0.0094,closed,captions,Closed captions display,"['<|endoftext|>', 'Cl', 'osed', ' capt', 'ions', ' display']",2,4,gpt2-medium
closed_captions,9,14,0.0338,closed,captions,Closed captions display,"['<|endoftext|>', 'Cl', 'osed', ' capt', 'ions', ' display']",2,4,gpt2-medium
closed_captions,9,15,0.3191,closed,captions,Closed captions display,"['<|endoftext|>', 'Cl', 'osed', ' capt', 'ions', ' display']",2,4,gpt2-medium
closed_captions,10,0,0.0185,closed,captions,Closed captions display,"['<|endoftext|>', 'Cl', 'osed', ' capt', 'ions', ' display']",2,4,gpt2-medium
closed_captions,10,1,0.0007,closed,captions,Closed captions display,"['<|endoftext|>', 'Cl', 'osed', ' capt', 'ions', ' display']",2,4,gpt2-medium
closed_captions,10,2,0.0278,closed,captions,Closed captions display,"['<|endoftext|>', 'Cl', 'osed', ' capt', 'ions', ' display']",2,4,gpt2-medium
closed_captions,10,3,0.0149,closed,captions,Closed captions display,"['<|endoftext|>', 'Cl', 'osed', ' capt', 'ions', ' display']",2,4,gpt2-medium
closed_captions,10,4,0.006,closed,captions,Closed captions display,"['<|endoftext|>', 'Cl', 'osed', ' capt', 'ions', ' display']",2,4,gpt2-medium
closed_captions,10,5,0.2648,closed,captions,Closed captions display,"['<|endoftext|>', 'Cl', 'osed', ' capt', 'ions', ' display']",2,4,gpt2-medium
closed_captions,10,6,0.0233,closed,captions,Closed captions display,"['<|endoftext|>', 'Cl', 'osed', ' capt', 'ions', ' display']",2,4,gpt2-medium
closed_captions,10,7,0.0236,closed,captions,Closed captions display,"['<|endoftext|>', 'Cl', 'osed', ' capt', 'ions', ' display']",2,4,gpt2-medium
closed_captions,10,8,0.0001,closed,captions,Closed captions display,"['<|endoftext|>', 'Cl', 'osed', ' capt', 'ions', ' display']",2,4,gpt2-medium
closed_captions,10,9,0.2756,closed,captions,Closed captions display,"['<|endoftext|>', 'Cl', 'osed', ' capt', 'ions', ' display']",2,4,gpt2-medium
closed_captions,10,10,0.0342,closed,captions,Closed captions display,"['<|endoftext|>', 'Cl', 'osed', ' capt', 'ions', ' display']",2,4,gpt2-medium
closed_captions,10,11,0.1727,closed,captions,Closed captions display,"['<|endoftext|>', 'Cl', 'osed', ' capt', 'ions', ' display']",2,4,gpt2-medium
closed_captions,10,12,0.2897,closed,captions,Closed captions display,"['<|endoftext|>', 'Cl', 'osed', ' capt', 'ions', ' display']",2,4,gpt2-medium
closed_captions,10,13,0.0947,closed,captions,Closed captions display,"['<|endoftext|>', 'Cl', 'osed', ' capt', 'ions', ' display']",2,4,gpt2-medium
closed_captions,10,14,0.016,closed,captions,Closed captions display,"['<|endoftext|>', 'Cl', 'osed', ' capt', 'ions', ' display']",2,4,gpt2-medium
closed_captions,10,15,0.1411,closed,captions,Closed captions display,"['<|endoftext|>', 'Cl', 'osed', ' capt', 'ions', ' display']",2,4,gpt2-medium
closed_captions,11,0,0.0429,closed,captions,Closed captions display,"['<|endoftext|>', 'Cl', 'osed', ' capt', 'ions', ' display']",2,4,gpt2-medium
closed_captions,11,1,0.0007,closed,captions,Closed captions display,"['<|endoftext|>', 'Cl', 'osed', ' capt', 'ions', ' display']",2,4,gpt2-medium
closed_captions,11,2,0.3645,closed,captions,Closed captions display,"['<|endoftext|>', 'Cl', 'osed', ' capt', 'ions', ' display']",2,4,gpt2-medium
closed_captions,11,3,0.0162,closed,captions,Closed captions display,"['<|endoftext|>', 'Cl', 'osed', ' capt', 'ions', ' display']",2,4,gpt2-medium
closed_captions,11,4,0.0024,closed,captions,Closed captions display,"['<|endoftext|>', 'Cl', 'osed', ' capt', 'ions', ' display']",2,4,gpt2-medium
closed_captions,11,5,0.1962,closed,captions,Closed captions display,"['<|endoftext|>', 'Cl', 'osed', ' capt', 'ions', ' display']",2,4,gpt2-medium
closed_captions,11,6,0.3086,closed,captions,Closed captions display,"['<|endoftext|>', 'Cl', 'osed', ' capt', 'ions', ' display']",2,4,gpt2-medium
closed_captions,11,7,0.0852,closed,captions,Closed captions display,"['<|endoftext|>', 'Cl', 'osed', ' capt', 'ions', ' display']",2,4,gpt2-medium
closed_captions,11,8,0.047,closed,captions,Closed captions display,"['<|endoftext|>', 'Cl', 'osed', ' capt', 'ions', ' display']",2,4,gpt2-medium
closed_captions,11,9,0.0298,closed,captions,Closed captions display,"['<|endoftext|>', 'Cl', 'osed', ' capt', 'ions', ' display']",2,4,gpt2-medium
closed_captions,11,10,0.0026,closed,captions,Closed captions display,"['<|endoftext|>', 'Cl', 'osed', ' capt', 'ions', ' display']",2,4,gpt2-medium
closed_captions,11,11,0.0007,closed,captions,Closed captions display,"['<|endoftext|>', 'Cl', 'osed', ' capt', 'ions', ' display']",2,4,gpt2-medium
closed_captions,11,12,0.27,closed,captions,Closed captions display,"['<|endoftext|>', 'Cl', 'osed', ' capt', 'ions', ' display']",2,4,gpt2-medium
closed_captions,11,13,0.2127,closed,captions,Closed captions display,"['<|endoftext|>', 'Cl', 'osed', ' capt', 'ions', ' display']",2,4,gpt2-medium
closed_captions,11,14,0.0001,closed,captions,Closed captions display,"['<|endoftext|>', 'Cl', 'osed', ' capt', 'ions', ' display']",2,4,gpt2-medium
closed_captions,11,15,0.0159,closed,captions,Closed captions display,"['<|endoftext|>', 'Cl', 'osed', ' capt', 'ions', ' display']",2,4,gpt2-medium
closed_captions,12,0,0.0036,closed,captions,Closed captions display,"['<|endoftext|>', 'Cl', 'osed', ' capt', 'ions', ' display']",2,4,gpt2-medium
closed_captions,12,1,0.0002,closed,captions,Closed captions display,"['<|endoftext|>', 'Cl', 'osed', ' capt', 'ions', ' display']",2,4,gpt2-medium
closed_captions,12,2,0.0187,closed,captions,Closed captions display,"['<|endoftext|>', 'Cl', 'osed', ' capt', 'ions', ' display']",2,4,gpt2-medium
closed_captions,12,3,0.0181,closed,captions,Closed captions display,"['<|endoftext|>', 'Cl', 'osed', ' capt', 'ions', ' display']",2,4,gpt2-medium
closed_captions,12,4,0.0141,closed,captions,Closed captions display,"['<|endoftext|>', 'Cl', 'osed', ' capt', 'ions', ' display']",2,4,gpt2-medium
closed_captions,12,5,0.0318,closed,captions,Closed captions display,"['<|endoftext|>', 'Cl', 'osed', ' capt', 'ions', ' display']",2,4,gpt2-medium
closed_captions,12,6,0.0139,closed,captions,Closed captions display,"['<|endoftext|>', 'Cl', 'osed', ' capt', 'ions', ' display']",2,4,gpt2-medium
closed_captions,12,7,0.0242,closed,captions,Closed captions display,"['<|endoftext|>', 'Cl', 'osed', ' capt', 'ions', ' display']",2,4,gpt2-medium
closed_captions,12,8,0.2475,closed,captions,Closed captions display,"['<|endoftext|>', 'Cl', 'osed', ' capt', 'ions', ' display']",2,4,gpt2-medium
closed_captions,12,9,0.0603,closed,captions,Closed captions display,"['<|endoftext|>', 'Cl', 'osed', ' capt', 'ions', ' display']",2,4,gpt2-medium
closed_captions,12,10,0.0239,closed,captions,Closed captions display,"['<|endoftext|>', 'Cl', 'osed', ' capt', 'ions', ' display']",2,4,gpt2-medium
closed_captions,12,11,0.0041,closed,captions,Closed captions display,"['<|endoftext|>', 'Cl', 'osed', ' capt', 'ions', ' display']",2,4,gpt2-medium
closed_captions,12,12,0.0017,closed,captions,Closed captions display,"['<|endoftext|>', 'Cl', 'osed', ' capt', 'ions', ' display']",2,4,gpt2-medium
closed_captions,12,13,0.0171,closed,captions,Closed captions display,"['<|endoftext|>', 'Cl', 'osed', ' capt', 'ions', ' display']",2,4,gpt2-medium
closed_captions,12,14,0.1312,closed,captions,Closed captions display,"['<|endoftext|>', 'Cl', 'osed', ' capt', 'ions', ' display']",2,4,gpt2-medium
closed_captions,12,15,0.014,closed,captions,Closed captions display,"['<|endoftext|>', 'Cl', 'osed', ' capt', 'ions', ' display']",2,4,gpt2-medium
closed_captions,13,0,0.0164,closed,captions,Closed captions display,"['<|endoftext|>', 'Cl', 'osed', ' capt', 'ions', ' display']",2,4,gpt2-medium
closed_captions,13,1,0.0022,closed,captions,Closed captions display,"['<|endoftext|>', 'Cl', 'osed', ' capt', 'ions', ' display']",2,4,gpt2-medium
closed_captions,13,2,0.0104,closed,captions,Closed captions display,"['<|endoftext|>', 'Cl', 'osed', ' capt', 'ions', ' display']",2,4,gpt2-medium
closed_captions,13,3,0.2543,closed,captions,Closed captions display,"['<|endoftext|>', 'Cl', 'osed', ' capt', 'ions', ' display']",2,4,gpt2-medium
closed_captions,13,4,0.1456,closed,captions,Closed captions display,"['<|endoftext|>', 'Cl', 'osed', ' capt', 'ions', ' display']",2,4,gpt2-medium
closed_captions,13,5,0.6943,closed,captions,Closed captions display,"['<|endoftext|>', 'Cl', 'osed', ' capt', 'ions', ' display']",2,4,gpt2-medium
closed_captions,13,6,0.0115,closed,captions,Closed captions display,"['<|endoftext|>', 'Cl', 'osed', ' capt', 'ions', ' display']",2,4,gpt2-medium
closed_captions,13,7,0.0147,closed,captions,Closed captions display,"['<|endoftext|>', 'Cl', 'osed', ' capt', 'ions', ' display']",2,4,gpt2-medium
closed_captions,13,8,0.1607,closed,captions,Closed captions display,"['<|endoftext|>', 'Cl', 'osed', ' capt', 'ions', ' display']",2,4,gpt2-medium
closed_captions,13,9,0.0272,closed,captions,Closed captions display,"['<|endoftext|>', 'Cl', 'osed', ' capt', 'ions', ' display']",2,4,gpt2-medium
closed_captions,13,10,0.0056,closed,captions,Closed captions display,"['<|endoftext|>', 'Cl', 'osed', ' capt', 'ions', ' display']",2,4,gpt2-medium
closed_captions,13,11,0.0102,closed,captions,Closed captions display,"['<|endoftext|>', 'Cl', 'osed', ' capt', 'ions', ' display']",2,4,gpt2-medium
closed_captions,13,12,0.0051,closed,captions,Closed captions display,"['<|endoftext|>', 'Cl', 'osed', ' capt', 'ions', ' display']",2,4,gpt2-medium
closed_captions,13,13,0.1434,closed,captions,Closed captions display,"['<|endoftext|>', 'Cl', 'osed', ' capt', 'ions', ' display']",2,4,gpt2-medium
closed_captions,13,14,0.0002,closed,captions,Closed captions display,"['<|endoftext|>', 'Cl', 'osed', ' capt', 'ions', ' display']",2,4,gpt2-medium
closed_captions,13,15,0.021,closed,captions,Closed captions display,"['<|endoftext|>', 'Cl', 'osed', ' capt', 'ions', ' display']",2,4,gpt2-medium
closed_captions,14,0,0.0263,closed,captions,Closed captions display,"['<|endoftext|>', 'Cl', 'osed', ' capt', 'ions', ' display']",2,4,gpt2-medium
closed_captions,14,1,0.0711,closed,captions,Closed captions display,"['<|endoftext|>', 'Cl', 'osed', ' capt', 'ions', ' display']",2,4,gpt2-medium
closed_captions,14,2,0.0074,closed,captions,Closed captions display,"['<|endoftext|>', 'Cl', 'osed', ' capt', 'ions', ' display']",2,4,gpt2-medium
closed_captions,14,3,0.5398,closed,captions,Closed captions display,"['<|endoftext|>', 'Cl', 'osed', ' capt', 'ions', ' display']",2,4,gpt2-medium
closed_captions,14,4,0.113,closed,captions,Closed captions display,"['<|endoftext|>', 'Cl', 'osed', ' capt', 'ions', ' display']",2,4,gpt2-medium
closed_captions,14,5,0.0044,closed,captions,Closed captions display,"['<|endoftext|>', 'Cl', 'osed', ' capt', 'ions', ' display']",2,4,gpt2-medium
closed_captions,14,6,0.0309,closed,captions,Closed captions display,"['<|endoftext|>', 'Cl', 'osed', ' capt', 'ions', ' display']",2,4,gpt2-medium
closed_captions,14,7,0.0369,closed,captions,Closed captions display,"['<|endoftext|>', 'Cl', 'osed', ' capt', 'ions', ' display']",2,4,gpt2-medium
closed_captions,14,8,0.0385,closed,captions,Closed captions display,"['<|endoftext|>', 'Cl', 'osed', ' capt', 'ions', ' display']",2,4,gpt2-medium
closed_captions,14,9,0.0002,closed,captions,Closed captions display,"['<|endoftext|>', 'Cl', 'osed', ' capt', 'ions', ' display']",2,4,gpt2-medium
closed_captions,14,10,0.0438,closed,captions,Closed captions display,"['<|endoftext|>', 'Cl', 'osed', ' capt', 'ions', ' display']",2,4,gpt2-medium
closed_captions,14,11,0.0122,closed,captions,Closed captions display,"['<|endoftext|>', 'Cl', 'osed', ' capt', 'ions', ' display']",2,4,gpt2-medium
closed_captions,14,12,0.1307,closed,captions,Closed captions display,"['<|endoftext|>', 'Cl', 'osed', ' capt', 'ions', ' display']",2,4,gpt2-medium
closed_captions,14,13,0.0783,closed,captions,Closed captions display,"['<|endoftext|>', 'Cl', 'osed', ' capt', 'ions', ' display']",2,4,gpt2-medium
closed_captions,14,14,0.0054,closed,captions,Closed captions display,"['<|endoftext|>', 'Cl', 'osed', ' capt', 'ions', ' display']",2,4,gpt2-medium
closed_captions,14,15,0.0551,closed,captions,Closed captions display,"['<|endoftext|>', 'Cl', 'osed', ' capt', 'ions', ' display']",2,4,gpt2-medium
closed_captions,15,0,0.0019,closed,captions,Closed captions display,"['<|endoftext|>', 'Cl', 'osed', ' capt', 'ions', ' display']",2,4,gpt2-medium
closed_captions,15,1,0.0446,closed,captions,Closed captions display,"['<|endoftext|>', 'Cl', 'osed', ' capt', 'ions', ' display']",2,4,gpt2-medium
closed_captions,15,2,0.0039,closed,captions,Closed captions display,"['<|endoftext|>', 'Cl', 'osed', ' capt', 'ions', ' display']",2,4,gpt2-medium
closed_captions,15,3,0.024,closed,captions,Closed captions display,"['<|endoftext|>', 'Cl', 'osed', ' capt', 'ions', ' display']",2,4,gpt2-medium
closed_captions,15,4,0.0057,closed,captions,Closed captions display,"['<|endoftext|>', 'Cl', 'osed', ' capt', 'ions', ' display']",2,4,gpt2-medium
closed_captions,15,5,0.035,closed,captions,Closed captions display,"['<|endoftext|>', 'Cl', 'osed', ' capt', 'ions', ' display']",2,4,gpt2-medium
closed_captions,15,6,0.0244,closed,captions,Closed captions display,"['<|endoftext|>', 'Cl', 'osed', ' capt', 'ions', ' display']",2,4,gpt2-medium
closed_captions,15,7,0.0575,closed,captions,Closed captions display,"['<|endoftext|>', 'Cl', 'osed', ' capt', 'ions', ' display']",2,4,gpt2-medium
closed_captions,15,8,0.0248,closed,captions,Closed captions display,"['<|endoftext|>', 'Cl', 'osed', ' capt', 'ions', ' display']",2,4,gpt2-medium
closed_captions,15,9,0.0441,closed,captions,Closed captions display,"['<|endoftext|>', 'Cl', 'osed', ' capt', 'ions', ' display']",2,4,gpt2-medium
closed_captions,15,10,0.0778,closed,captions,Closed captions display,"['<|endoftext|>', 'Cl', 'osed', ' capt', 'ions', ' display']",2,4,gpt2-medium
closed_captions,15,11,0.0096,closed,captions,Closed captions display,"['<|endoftext|>', 'Cl', 'osed', ' capt', 'ions', ' display']",2,4,gpt2-medium
closed_captions,15,12,0.0009,closed,captions,Closed captions display,"['<|endoftext|>', 'Cl', 'osed', ' capt', 'ions', ' display']",2,4,gpt2-medium
closed_captions,15,13,0.1243,closed,captions,Closed captions display,"['<|endoftext|>', 'Cl', 'osed', ' capt', 'ions', ' display']",2,4,gpt2-medium
closed_captions,15,14,0.0242,closed,captions,Closed captions display,"['<|endoftext|>', 'Cl', 'osed', ' capt', 'ions', ' display']",2,4,gpt2-medium
closed_captions,15,15,0.0428,closed,captions,Closed captions display,"['<|endoftext|>', 'Cl', 'osed', ' capt', 'ions', ' display']",2,4,gpt2-medium
closed_captions,16,0,0.1119,closed,captions,Closed captions display,"['<|endoftext|>', 'Cl', 'osed', ' capt', 'ions', ' display']",2,4,gpt2-medium
closed_captions,16,1,0.008,closed,captions,Closed captions display,"['<|endoftext|>', 'Cl', 'osed', ' capt', 'ions', ' display']",2,4,gpt2-medium
closed_captions,16,2,0.0008,closed,captions,Closed captions display,"['<|endoftext|>', 'Cl', 'osed', ' capt', 'ions', ' display']",2,4,gpt2-medium
closed_captions,16,3,0.0074,closed,captions,Closed captions display,"['<|endoftext|>', 'Cl', 'osed', ' capt', 'ions', ' display']",2,4,gpt2-medium
closed_captions,16,4,0.0284,closed,captions,Closed captions display,"['<|endoftext|>', 'Cl', 'osed', ' capt', 'ions', ' display']",2,4,gpt2-medium
closed_captions,16,5,0.0994,closed,captions,Closed captions display,"['<|endoftext|>', 'Cl', 'osed', ' capt', 'ions', ' display']",2,4,gpt2-medium
closed_captions,16,6,0.1161,closed,captions,Closed captions display,"['<|endoftext|>', 'Cl', 'osed', ' capt', 'ions', ' display']",2,4,gpt2-medium
closed_captions,16,7,0.1768,closed,captions,Closed captions display,"['<|endoftext|>', 'Cl', 'osed', ' capt', 'ions', ' display']",2,4,gpt2-medium
closed_captions,16,8,0.114,closed,captions,Closed captions display,"['<|endoftext|>', 'Cl', 'osed', ' capt', 'ions', ' display']",2,4,gpt2-medium
closed_captions,16,9,0.0018,closed,captions,Closed captions display,"['<|endoftext|>', 'Cl', 'osed', ' capt', 'ions', ' display']",2,4,gpt2-medium
closed_captions,16,10,0.0696,closed,captions,Closed captions display,"['<|endoftext|>', 'Cl', 'osed', ' capt', 'ions', ' display']",2,4,gpt2-medium
closed_captions,16,11,0.0173,closed,captions,Closed captions display,"['<|endoftext|>', 'Cl', 'osed', ' capt', 'ions', ' display']",2,4,gpt2-medium
closed_captions,16,12,0.0052,closed,captions,Closed captions display,"['<|endoftext|>', 'Cl', 'osed', ' capt', 'ions', ' display']",2,4,gpt2-medium
closed_captions,16,13,0.1508,closed,captions,Closed captions display,"['<|endoftext|>', 'Cl', 'osed', ' capt', 'ions', ' display']",2,4,gpt2-medium
closed_captions,16,14,0.004,closed,captions,Closed captions display,"['<|endoftext|>', 'Cl', 'osed', ' capt', 'ions', ' display']",2,4,gpt2-medium
closed_captions,16,15,0.0168,closed,captions,Closed captions display,"['<|endoftext|>', 'Cl', 'osed', ' capt', 'ions', ' display']",2,4,gpt2-medium
closed_captions,17,0,0.0061,closed,captions,Closed captions display,"['<|endoftext|>', 'Cl', 'osed', ' capt', 'ions', ' display']",2,4,gpt2-medium
closed_captions,17,1,0.0079,closed,captions,Closed captions display,"['<|endoftext|>', 'Cl', 'osed', ' capt', 'ions', ' display']",2,4,gpt2-medium
closed_captions,17,2,0.0116,closed,captions,Closed captions display,"['<|endoftext|>', 'Cl', 'osed', ' capt', 'ions', ' display']",2,4,gpt2-medium
closed_captions,17,3,0.0036,closed,captions,Closed captions display,"['<|endoftext|>', 'Cl', 'osed', ' capt', 'ions', ' display']",2,4,gpt2-medium
closed_captions,17,4,0.0144,closed,captions,Closed captions display,"['<|endoftext|>', 'Cl', 'osed', ' capt', 'ions', ' display']",2,4,gpt2-medium
closed_captions,17,5,0.1711,closed,captions,Closed captions display,"['<|endoftext|>', 'Cl', 'osed', ' capt', 'ions', ' display']",2,4,gpt2-medium
closed_captions,17,6,0.0234,closed,captions,Closed captions display,"['<|endoftext|>', 'Cl', 'osed', ' capt', 'ions', ' display']",2,4,gpt2-medium
closed_captions,17,7,0.0304,closed,captions,Closed captions display,"['<|endoftext|>', 'Cl', 'osed', ' capt', 'ions', ' display']",2,4,gpt2-medium
closed_captions,17,8,0.0056,closed,captions,Closed captions display,"['<|endoftext|>', 'Cl', 'osed', ' capt', 'ions', ' display']",2,4,gpt2-medium
closed_captions,17,9,0.0025,closed,captions,Closed captions display,"['<|endoftext|>', 'Cl', 'osed', ' capt', 'ions', ' display']",2,4,gpt2-medium
closed_captions,17,10,0.0259,closed,captions,Closed captions display,"['<|endoftext|>', 'Cl', 'osed', ' capt', 'ions', ' display']",2,4,gpt2-medium
closed_captions,17,11,0.0229,closed,captions,Closed captions display,"['<|endoftext|>', 'Cl', 'osed', ' capt', 'ions', ' display']",2,4,gpt2-medium
closed_captions,17,12,0.0303,closed,captions,Closed captions display,"['<|endoftext|>', 'Cl', 'osed', ' capt', 'ions', ' display']",2,4,gpt2-medium
closed_captions,17,13,0.0779,closed,captions,Closed captions display,"['<|endoftext|>', 'Cl', 'osed', ' capt', 'ions', ' display']",2,4,gpt2-medium
closed_captions,17,14,0.011,closed,captions,Closed captions display,"['<|endoftext|>', 'Cl', 'osed', ' capt', 'ions', ' display']",2,4,gpt2-medium
closed_captions,17,15,0.0508,closed,captions,Closed captions display,"['<|endoftext|>', 'Cl', 'osed', ' capt', 'ions', ' display']",2,4,gpt2-medium
closed_captions,18,0,0.0056,closed,captions,Closed captions display,"['<|endoftext|>', 'Cl', 'osed', ' capt', 'ions', ' display']",2,4,gpt2-medium
closed_captions,18,1,0.0604,closed,captions,Closed captions display,"['<|endoftext|>', 'Cl', 'osed', ' capt', 'ions', ' display']",2,4,gpt2-medium
closed_captions,18,2,0.0013,closed,captions,Closed captions display,"['<|endoftext|>', 'Cl', 'osed', ' capt', 'ions', ' display']",2,4,gpt2-medium
closed_captions,18,3,0.3285,closed,captions,Closed captions display,"['<|endoftext|>', 'Cl', 'osed', ' capt', 'ions', ' display']",2,4,gpt2-medium
closed_captions,18,4,0.0049,closed,captions,Closed captions display,"['<|endoftext|>', 'Cl', 'osed', ' capt', 'ions', ' display']",2,4,gpt2-medium
closed_captions,18,5,0.0135,closed,captions,Closed captions display,"['<|endoftext|>', 'Cl', 'osed', ' capt', 'ions', ' display']",2,4,gpt2-medium
closed_captions,18,6,0.0195,closed,captions,Closed captions display,"['<|endoftext|>', 'Cl', 'osed', ' capt', 'ions', ' display']",2,4,gpt2-medium
closed_captions,18,7,0.0418,closed,captions,Closed captions display,"['<|endoftext|>', 'Cl', 'osed', ' capt', 'ions', ' display']",2,4,gpt2-medium
closed_captions,18,8,0.0136,closed,captions,Closed captions display,"['<|endoftext|>', 'Cl', 'osed', ' capt', 'ions', ' display']",2,4,gpt2-medium
closed_captions,18,9,0.0104,closed,captions,Closed captions display,"['<|endoftext|>', 'Cl', 'osed', ' capt', 'ions', ' display']",2,4,gpt2-medium
closed_captions,18,10,0.0105,closed,captions,Closed captions display,"['<|endoftext|>', 'Cl', 'osed', ' capt', 'ions', ' display']",2,4,gpt2-medium
closed_captions,18,11,0.0074,closed,captions,Closed captions display,"['<|endoftext|>', 'Cl', 'osed', ' capt', 'ions', ' display']",2,4,gpt2-medium
closed_captions,18,12,0.0102,closed,captions,Closed captions display,"['<|endoftext|>', 'Cl', 'osed', ' capt', 'ions', ' display']",2,4,gpt2-medium
closed_captions,18,13,0.0024,closed,captions,Closed captions display,"['<|endoftext|>', 'Cl', 'osed', ' capt', 'ions', ' display']",2,4,gpt2-medium
closed_captions,18,14,0.0551,closed,captions,Closed captions display,"['<|endoftext|>', 'Cl', 'osed', ' capt', 'ions', ' display']",2,4,gpt2-medium
closed_captions,18,15,0.2637,closed,captions,Closed captions display,"['<|endoftext|>', 'Cl', 'osed', ' capt', 'ions', ' display']",2,4,gpt2-medium
closed_captions,19,0,0.0075,closed,captions,Closed captions display,"['<|endoftext|>', 'Cl', 'osed', ' capt', 'ions', ' display']",2,4,gpt2-medium
closed_captions,19,1,0.0234,closed,captions,Closed captions display,"['<|endoftext|>', 'Cl', 'osed', ' capt', 'ions', ' display']",2,4,gpt2-medium
closed_captions,19,2,0.0182,closed,captions,Closed captions display,"['<|endoftext|>', 'Cl', 'osed', ' capt', 'ions', ' display']",2,4,gpt2-medium
closed_captions,19,3,0.0068,closed,captions,Closed captions display,"['<|endoftext|>', 'Cl', 'osed', ' capt', 'ions', ' display']",2,4,gpt2-medium
closed_captions,19,4,0.034,closed,captions,Closed captions display,"['<|endoftext|>', 'Cl', 'osed', ' capt', 'ions', ' display']",2,4,gpt2-medium
closed_captions,19,5,0.2077,closed,captions,Closed captions display,"['<|endoftext|>', 'Cl', 'osed', ' capt', 'ions', ' display']",2,4,gpt2-medium
closed_captions,19,6,0.1658,closed,captions,Closed captions display,"['<|endoftext|>', 'Cl', 'osed', ' capt', 'ions', ' display']",2,4,gpt2-medium
closed_captions,19,7,0.0154,closed,captions,Closed captions display,"['<|endoftext|>', 'Cl', 'osed', ' capt', 'ions', ' display']",2,4,gpt2-medium
closed_captions,19,8,0.0894,closed,captions,Closed captions display,"['<|endoftext|>', 'Cl', 'osed', ' capt', 'ions', ' display']",2,4,gpt2-medium
closed_captions,19,9,0.0194,closed,captions,Closed captions display,"['<|endoftext|>', 'Cl', 'osed', ' capt', 'ions', ' display']",2,4,gpt2-medium
closed_captions,19,10,0.0066,closed,captions,Closed captions display,"['<|endoftext|>', 'Cl', 'osed', ' capt', 'ions', ' display']",2,4,gpt2-medium
closed_captions,19,11,0.0815,closed,captions,Closed captions display,"['<|endoftext|>', 'Cl', 'osed', ' capt', 'ions', ' display']",2,4,gpt2-medium
closed_captions,19,12,0.0076,closed,captions,Closed captions display,"['<|endoftext|>', 'Cl', 'osed', ' capt', 'ions', ' display']",2,4,gpt2-medium
closed_captions,19,13,0.0409,closed,captions,Closed captions display,"['<|endoftext|>', 'Cl', 'osed', ' capt', 'ions', ' display']",2,4,gpt2-medium
closed_captions,19,14,0.0709,closed,captions,Closed captions display,"['<|endoftext|>', 'Cl', 'osed', ' capt', 'ions', ' display']",2,4,gpt2-medium
closed_captions,19,15,0.0112,closed,captions,Closed captions display,"['<|endoftext|>', 'Cl', 'osed', ' capt', 'ions', ' display']",2,4,gpt2-medium
closed_captions,20,0,0.0188,closed,captions,Closed captions display,"['<|endoftext|>', 'Cl', 'osed', ' capt', 'ions', ' display']",2,4,gpt2-medium
closed_captions,20,1,0.0478,closed,captions,Closed captions display,"['<|endoftext|>', 'Cl', 'osed', ' capt', 'ions', ' display']",2,4,gpt2-medium
closed_captions,20,2,0.0566,closed,captions,Closed captions display,"['<|endoftext|>', 'Cl', 'osed', ' capt', 'ions', ' display']",2,4,gpt2-medium
closed_captions,20,3,0.0172,closed,captions,Closed captions display,"['<|endoftext|>', 'Cl', 'osed', ' capt', 'ions', ' display']",2,4,gpt2-medium
closed_captions,20,4,0.0639,closed,captions,Closed captions display,"['<|endoftext|>', 'Cl', 'osed', ' capt', 'ions', ' display']",2,4,gpt2-medium
closed_captions,20,5,0.3316,closed,captions,Closed captions display,"['<|endoftext|>', 'Cl', 'osed', ' capt', 'ions', ' display']",2,4,gpt2-medium
closed_captions,20,6,0.0105,closed,captions,Closed captions display,"['<|endoftext|>', 'Cl', 'osed', ' capt', 'ions', ' display']",2,4,gpt2-medium
closed_captions,20,7,0.0269,closed,captions,Closed captions display,"['<|endoftext|>', 'Cl', 'osed', ' capt', 'ions', ' display']",2,4,gpt2-medium
closed_captions,20,8,0.0081,closed,captions,Closed captions display,"['<|endoftext|>', 'Cl', 'osed', ' capt', 'ions', ' display']",2,4,gpt2-medium
closed_captions,20,9,0.0622,closed,captions,Closed captions display,"['<|endoftext|>', 'Cl', 'osed', ' capt', 'ions', ' display']",2,4,gpt2-medium
closed_captions,20,10,0.0685,closed,captions,Closed captions display,"['<|endoftext|>', 'Cl', 'osed', ' capt', 'ions', ' display']",2,4,gpt2-medium
closed_captions,20,11,0.0767,closed,captions,Closed captions display,"['<|endoftext|>', 'Cl', 'osed', ' capt', 'ions', ' display']",2,4,gpt2-medium
closed_captions,20,12,0.0473,closed,captions,Closed captions display,"['<|endoftext|>', 'Cl', 'osed', ' capt', 'ions', ' display']",2,4,gpt2-medium
closed_captions,20,13,0.0062,closed,captions,Closed captions display,"['<|endoftext|>', 'Cl', 'osed', ' capt', 'ions', ' display']",2,4,gpt2-medium
closed_captions,20,14,0.0059,closed,captions,Closed captions display,"['<|endoftext|>', 'Cl', 'osed', ' capt', 'ions', ' display']",2,4,gpt2-medium
closed_captions,20,15,0.0139,closed,captions,Closed captions display,"['<|endoftext|>', 'Cl', 'osed', ' capt', 'ions', ' display']",2,4,gpt2-medium
closed_captions,21,0,0.1811,closed,captions,Closed captions display,"['<|endoftext|>', 'Cl', 'osed', ' capt', 'ions', ' display']",2,4,gpt2-medium
closed_captions,21,1,0.1452,closed,captions,Closed captions display,"['<|endoftext|>', 'Cl', 'osed', ' capt', 'ions', ' display']",2,4,gpt2-medium
closed_captions,21,2,0.0531,closed,captions,Closed captions display,"['<|endoftext|>', 'Cl', 'osed', ' capt', 'ions', ' display']",2,4,gpt2-medium
closed_captions,21,3,0.0306,closed,captions,Closed captions display,"['<|endoftext|>', 'Cl', 'osed', ' capt', 'ions', ' display']",2,4,gpt2-medium
closed_captions,21,4,0.0238,closed,captions,Closed captions display,"['<|endoftext|>', 'Cl', 'osed', ' capt', 'ions', ' display']",2,4,gpt2-medium
closed_captions,21,5,0.0422,closed,captions,Closed captions display,"['<|endoftext|>', 'Cl', 'osed', ' capt', 'ions', ' display']",2,4,gpt2-medium
closed_captions,21,6,0.2388,closed,captions,Closed captions display,"['<|endoftext|>', 'Cl', 'osed', ' capt', 'ions', ' display']",2,4,gpt2-medium
closed_captions,21,7,0.0307,closed,captions,Closed captions display,"['<|endoftext|>', 'Cl', 'osed', ' capt', 'ions', ' display']",2,4,gpt2-medium
closed_captions,21,8,0.0614,closed,captions,Closed captions display,"['<|endoftext|>', 'Cl', 'osed', ' capt', 'ions', ' display']",2,4,gpt2-medium
closed_captions,21,9,0.0035,closed,captions,Closed captions display,"['<|endoftext|>', 'Cl', 'osed', ' capt', 'ions', ' display']",2,4,gpt2-medium
closed_captions,21,10,0.2985,closed,captions,Closed captions display,"['<|endoftext|>', 'Cl', 'osed', ' capt', 'ions', ' display']",2,4,gpt2-medium
closed_captions,21,11,0.0239,closed,captions,Closed captions display,"['<|endoftext|>', 'Cl', 'osed', ' capt', 'ions', ' display']",2,4,gpt2-medium
closed_captions,21,12,0.0134,closed,captions,Closed captions display,"['<|endoftext|>', 'Cl', 'osed', ' capt', 'ions', ' display']",2,4,gpt2-medium
closed_captions,21,13,0.0154,closed,captions,Closed captions display,"['<|endoftext|>', 'Cl', 'osed', ' capt', 'ions', ' display']",2,4,gpt2-medium
closed_captions,21,14,0.1026,closed,captions,Closed captions display,"['<|endoftext|>', 'Cl', 'osed', ' capt', 'ions', ' display']",2,4,gpt2-medium
closed_captions,21,15,0.0072,closed,captions,Closed captions display,"['<|endoftext|>', 'Cl', 'osed', ' capt', 'ions', ' display']",2,4,gpt2-medium
closed_captions,22,0,0.004,closed,captions,Closed captions display,"['<|endoftext|>', 'Cl', 'osed', ' capt', 'ions', ' display']",2,4,gpt2-medium
closed_captions,22,1,0.0375,closed,captions,Closed captions display,"['<|endoftext|>', 'Cl', 'osed', ' capt', 'ions', ' display']",2,4,gpt2-medium
closed_captions,22,2,0.0467,closed,captions,Closed captions display,"['<|endoftext|>', 'Cl', 'osed', ' capt', 'ions', ' display']",2,4,gpt2-medium
closed_captions,22,3,0.0309,closed,captions,Closed captions display,"['<|endoftext|>', 'Cl', 'osed', ' capt', 'ions', ' display']",2,4,gpt2-medium
closed_captions,22,4,0.0044,closed,captions,Closed captions display,"['<|endoftext|>', 'Cl', 'osed', ' capt', 'ions', ' display']",2,4,gpt2-medium
closed_captions,22,5,0.0441,closed,captions,Closed captions display,"['<|endoftext|>', 'Cl', 'osed', ' capt', 'ions', ' display']",2,4,gpt2-medium
closed_captions,22,6,0.0318,closed,captions,Closed captions display,"['<|endoftext|>', 'Cl', 'osed', ' capt', 'ions', ' display']",2,4,gpt2-medium
closed_captions,22,7,0.0232,closed,captions,Closed captions display,"['<|endoftext|>', 'Cl', 'osed', ' capt', 'ions', ' display']",2,4,gpt2-medium
closed_captions,22,8,0.2333,closed,captions,Closed captions display,"['<|endoftext|>', 'Cl', 'osed', ' capt', 'ions', ' display']",2,4,gpt2-medium
closed_captions,22,9,0.0797,closed,captions,Closed captions display,"['<|endoftext|>', 'Cl', 'osed', ' capt', 'ions', ' display']",2,4,gpt2-medium
closed_captions,22,10,0.0715,closed,captions,Closed captions display,"['<|endoftext|>', 'Cl', 'osed', ' capt', 'ions', ' display']",2,4,gpt2-medium
closed_captions,22,11,0.0524,closed,captions,Closed captions display,"['<|endoftext|>', 'Cl', 'osed', ' capt', 'ions', ' display']",2,4,gpt2-medium
closed_captions,22,12,0.0298,closed,captions,Closed captions display,"['<|endoftext|>', 'Cl', 'osed', ' capt', 'ions', ' display']",2,4,gpt2-medium
closed_captions,22,13,0.0239,closed,captions,Closed captions display,"['<|endoftext|>', 'Cl', 'osed', ' capt', 'ions', ' display']",2,4,gpt2-medium
closed_captions,22,14,0.057,closed,captions,Closed captions display,"['<|endoftext|>', 'Cl', 'osed', ' capt', 'ions', ' display']",2,4,gpt2-medium
closed_captions,22,15,0.0075,closed,captions,Closed captions display,"['<|endoftext|>', 'Cl', 'osed', ' capt', 'ions', ' display']",2,4,gpt2-medium
closed_captions,23,0,0.1522,closed,captions,Closed captions display,"['<|endoftext|>', 'Cl', 'osed', ' capt', 'ions', ' display']",2,4,gpt2-medium
closed_captions,23,1,0.0235,closed,captions,Closed captions display,"['<|endoftext|>', 'Cl', 'osed', ' capt', 'ions', ' display']",2,4,gpt2-medium
closed_captions,23,2,0.0075,closed,captions,Closed captions display,"['<|endoftext|>', 'Cl', 'osed', ' capt', 'ions', ' display']",2,4,gpt2-medium
closed_captions,23,3,0.0447,closed,captions,Closed captions display,"['<|endoftext|>', 'Cl', 'osed', ' capt', 'ions', ' display']",2,4,gpt2-medium
closed_captions,23,4,0.1125,closed,captions,Closed captions display,"['<|endoftext|>', 'Cl', 'osed', ' capt', 'ions', ' display']",2,4,gpt2-medium
closed_captions,23,5,0.172,closed,captions,Closed captions display,"['<|endoftext|>', 'Cl', 'osed', ' capt', 'ions', ' display']",2,4,gpt2-medium
closed_captions,23,6,0.5026,closed,captions,Closed captions display,"['<|endoftext|>', 'Cl', 'osed', ' capt', 'ions', ' display']",2,4,gpt2-medium
closed_captions,23,7,0.0553,closed,captions,Closed captions display,"['<|endoftext|>', 'Cl', 'osed', ' capt', 'ions', ' display']",2,4,gpt2-medium
closed_captions,23,8,0.3715,closed,captions,Closed captions display,"['<|endoftext|>', 'Cl', 'osed', ' capt', 'ions', ' display']",2,4,gpt2-medium
closed_captions,23,9,0.0434,closed,captions,Closed captions display,"['<|endoftext|>', 'Cl', 'osed', ' capt', 'ions', ' display']",2,4,gpt2-medium
closed_captions,23,10,0.0881,closed,captions,Closed captions display,"['<|endoftext|>', 'Cl', 'osed', ' capt', 'ions', ' display']",2,4,gpt2-medium
closed_captions,23,11,0.4587,closed,captions,Closed captions display,"['<|endoftext|>', 'Cl', 'osed', ' capt', 'ions', ' display']",2,4,gpt2-medium
closed_captions,23,12,0.0826,closed,captions,Closed captions display,"['<|endoftext|>', 'Cl', 'osed', ' capt', 'ions', ' display']",2,4,gpt2-medium
closed_captions,23,13,0.2819,closed,captions,Closed captions display,"['<|endoftext|>', 'Cl', 'osed', ' capt', 'ions', ' display']",2,4,gpt2-medium
closed_captions,23,14,0.0615,closed,captions,Closed captions display,"['<|endoftext|>', 'Cl', 'osed', ' capt', 'ions', ' display']",2,4,gpt2-medium
closed_captions,23,15,0.0404,closed,captions,Closed captions display,"['<|endoftext|>', 'Cl', 'osed', ' capt', 'ions', ' display']",2,4,gpt2-medium
page_title,0,0,0.3448,page,title,A page title describes,"['<|endoftext|>', 'A', ' page', ' title', ' describes']",2,3,gpt2-medium
page_title,0,1,0.1283,page,title,A page title describes,"['<|endoftext|>', 'A', ' page', ' title', ' describes']",2,3,gpt2-medium
page_title,0,2,0.0319,page,title,A page title describes,"['<|endoftext|>', 'A', ' page', ' title', ' describes']",2,3,gpt2-medium
page_title,0,3,0.0396,page,title,A page title describes,"['<|endoftext|>', 'A', ' page', ' title', ' describes']",2,3,gpt2-medium
page_title,0,4,0.1575,page,title,A page title describes,"['<|endoftext|>', 'A', ' page', ' title', ' describes']",2,3,gpt2-medium
page_title,0,5,0.3384,page,title,A page title describes,"['<|endoftext|>', 'A', ' page', ' title', ' describes']",2,3,gpt2-medium
page_title,0,6,0.0586,page,title,A page title describes,"['<|endoftext|>', 'A', ' page', ' title', ' describes']",2,3,gpt2-medium
page_title,0,7,0.0915,page,title,A page title describes,"['<|endoftext|>', 'A', ' page', ' title', ' describes']",2,3,gpt2-medium
page_title,0,8,0.158,page,title,A page title describes,"['<|endoftext|>', 'A', ' page', ' title', ' describes']",2,3,gpt2-medium
page_title,0,9,0.1592,page,title,A page title describes,"['<|endoftext|>', 'A', ' page', ' title', ' describes']",2,3,gpt2-medium
page_title,0,10,0.1398,page,title,A page title describes,"['<|endoftext|>', 'A', ' page', ' title', ' describes']",2,3,gpt2-medium
page_title,0,11,0.1447,page,title,A page title describes,"['<|endoftext|>', 'A', ' page', ' title', ' describes']",2,3,gpt2-medium
page_title,0,12,0.0606,page,title,A page title describes,"['<|endoftext|>', 'A', ' page', ' title', ' describes']",2,3,gpt2-medium
page_title,0,13,0.0879,page,title,A page title describes,"['<|endoftext|>', 'A', ' page', ' title', ' describes']",2,3,gpt2-medium
page_title,0,14,0.0629,page,title,A page title describes,"['<|endoftext|>', 'A', ' page', ' title', ' describes']",2,3,gpt2-medium
page_title,0,15,0.0795,page,title,A page title describes,"['<|endoftext|>', 'A', ' page', ' title', ' describes']",2,3,gpt2-medium
page_title,1,0,0.0218,page,title,A page title describes,"['<|endoftext|>', 'A', ' page', ' title', ' describes']",2,3,gpt2-medium
page_title,1,1,0.0871,page,title,A page title describes,"['<|endoftext|>', 'A', ' page', ' title', ' describes']",2,3,gpt2-medium
page_title,1,2,0.0706,page,title,A page title describes,"['<|endoftext|>', 'A', ' page', ' title', ' describes']",2,3,gpt2-medium
page_title,1,3,0.0669,page,title,A page title describes,"['<|endoftext|>', 'A', ' page', ' title', ' describes']",2,3,gpt2-medium
page_title,1,4,0.0247,page,title,A page title describes,"['<|endoftext|>', 'A', ' page', ' title', ' describes']",2,3,gpt2-medium
page_title,1,5,0.1034,page,title,A page title describes,"['<|endoftext|>', 'A', ' page', ' title', ' describes']",2,3,gpt2-medium
page_title,1,6,0.2651,page,title,A page title describes,"['<|endoftext|>', 'A', ' page', ' title', ' describes']",2,3,gpt2-medium
page_title,1,7,0.0253,page,title,A page title describes,"['<|endoftext|>', 'A', ' page', ' title', ' describes']",2,3,gpt2-medium
page_title,1,8,0.0627,page,title,A page title describes,"['<|endoftext|>', 'A', ' page', ' title', ' describes']",2,3,gpt2-medium
page_title,1,9,0.1306,page,title,A page title describes,"['<|endoftext|>', 'A', ' page', ' title', ' describes']",2,3,gpt2-medium
page_title,1,10,0.0154,page,title,A page title describes,"['<|endoftext|>', 'A', ' page', ' title', ' describes']",2,3,gpt2-medium
page_title,1,11,0.0924,page,title,A page title describes,"['<|endoftext|>', 'A', ' page', ' title', ' describes']",2,3,gpt2-medium
page_title,1,12,0.1145,page,title,A page title describes,"['<|endoftext|>', 'A', ' page', ' title', ' describes']",2,3,gpt2-medium
page_title,1,13,0.0684,page,title,A page title describes,"['<|endoftext|>', 'A', ' page', ' title', ' describes']",2,3,gpt2-medium
page_title,1,14,0.2498,page,title,A page title describes,"['<|endoftext|>', 'A', ' page', ' title', ' describes']",2,3,gpt2-medium
page_title,1,15,0.1189,page,title,A page title describes,"['<|endoftext|>', 'A', ' page', ' title', ' describes']",2,3,gpt2-medium
page_title,2,0,0.0624,page,title,A page title describes,"['<|endoftext|>', 'A', ' page', ' title', ' describes']",2,3,gpt2-medium
page_title,2,1,0.0778,page,title,A page title describes,"['<|endoftext|>', 'A', ' page', ' title', ' describes']",2,3,gpt2-medium
page_title,2,2,0.137,page,title,A page title describes,"['<|endoftext|>', 'A', ' page', ' title', ' describes']",2,3,gpt2-medium
page_title,2,3,0.2005,page,title,A page title describes,"['<|endoftext|>', 'A', ' page', ' title', ' describes']",2,3,gpt2-medium
page_title,2,4,0.0888,page,title,A page title describes,"['<|endoftext|>', 'A', ' page', ' title', ' describes']",2,3,gpt2-medium
page_title,2,5,0.3564,page,title,A page title describes,"['<|endoftext|>', 'A', ' page', ' title', ' describes']",2,3,gpt2-medium
page_title,2,6,0.2341,page,title,A page title describes,"['<|endoftext|>', 'A', ' page', ' title', ' describes']",2,3,gpt2-medium
page_title,2,7,0.0662,page,title,A page title describes,"['<|endoftext|>', 'A', ' page', ' title', ' describes']",2,3,gpt2-medium
page_title,2,8,0.2031,page,title,A page title describes,"['<|endoftext|>', 'A', ' page', ' title', ' describes']",2,3,gpt2-medium
page_title,2,9,0.4743,page,title,A page title describes,"['<|endoftext|>', 'A', ' page', ' title', ' describes']",2,3,gpt2-medium
page_title,2,10,0.1031,page,title,A page title describes,"['<|endoftext|>', 'A', ' page', ' title', ' describes']",2,3,gpt2-medium
page_title,2,11,0.1765,page,title,A page title describes,"['<|endoftext|>', 'A', ' page', ' title', ' describes']",2,3,gpt2-medium
page_title,2,12,0.0718,page,title,A page title describes,"['<|endoftext|>', 'A', ' page', ' title', ' describes']",2,3,gpt2-medium
page_title,2,13,0.1285,page,title,A page title describes,"['<|endoftext|>', 'A', ' page', ' title', ' describes']",2,3,gpt2-medium
page_title,2,14,0.0923,page,title,A page title describes,"['<|endoftext|>', 'A', ' page', ' title', ' describes']",2,3,gpt2-medium
page_title,2,15,0.2863,page,title,A page title describes,"['<|endoftext|>', 'A', ' page', ' title', ' describes']",2,3,gpt2-medium
page_title,3,0,0.2425,page,title,A page title describes,"['<|endoftext|>', 'A', ' page', ' title', ' describes']",2,3,gpt2-medium
page_title,3,1,0.0923,page,title,A page title describes,"['<|endoftext|>', 'A', ' page', ' title', ' describes']",2,3,gpt2-medium
page_title,3,2,0.8824,page,title,A page title describes,"['<|endoftext|>', 'A', ' page', ' title', ' describes']",2,3,gpt2-medium
page_title,3,3,0.2567,page,title,A page title describes,"['<|endoftext|>', 'A', ' page', ' title', ' describes']",2,3,gpt2-medium
page_title,3,4,0.1745,page,title,A page title describes,"['<|endoftext|>', 'A', ' page', ' title', ' describes']",2,3,gpt2-medium
page_title,3,5,0.0251,page,title,A page title describes,"['<|endoftext|>', 'A', ' page', ' title', ' describes']",2,3,gpt2-medium
page_title,3,6,0.3462,page,title,A page title describes,"['<|endoftext|>', 'A', ' page', ' title', ' describes']",2,3,gpt2-medium
page_title,3,7,0.1062,page,title,A page title describes,"['<|endoftext|>', 'A', ' page', ' title', ' describes']",2,3,gpt2-medium
page_title,3,8,0.2726,page,title,A page title describes,"['<|endoftext|>', 'A', ' page', ' title', ' describes']",2,3,gpt2-medium
page_title,3,9,0.3171,page,title,A page title describes,"['<|endoftext|>', 'A', ' page', ' title', ' describes']",2,3,gpt2-medium
page_title,3,10,0.1947,page,title,A page title describes,"['<|endoftext|>', 'A', ' page', ' title', ' describes']",2,3,gpt2-medium
page_title,3,11,0.1644,page,title,A page title describes,"['<|endoftext|>', 'A', ' page', ' title', ' describes']",2,3,gpt2-medium
page_title,3,12,0.1397,page,title,A page title describes,"['<|endoftext|>', 'A', ' page', ' title', ' describes']",2,3,gpt2-medium
page_title,3,13,0.9323,page,title,A page title describes,"['<|endoftext|>', 'A', ' page', ' title', ' describes']",2,3,gpt2-medium
page_title,3,14,0.0521,page,title,A page title describes,"['<|endoftext|>', 'A', ' page', ' title', ' describes']",2,3,gpt2-medium
page_title,3,15,0.2728,page,title,A page title describes,"['<|endoftext|>', 'A', ' page', ' title', ' describes']",2,3,gpt2-medium
page_title,4,0,0.1787,page,title,A page title describes,"['<|endoftext|>', 'A', ' page', ' title', ' describes']",2,3,gpt2-medium
page_title,4,1,0.486,page,title,A page title describes,"['<|endoftext|>', 'A', ' page', ' title', ' describes']",2,3,gpt2-medium
page_title,4,2,0.4428,page,title,A page title describes,"['<|endoftext|>', 'A', ' page', ' title', ' describes']",2,3,gpt2-medium
page_title,4,3,0.0776,page,title,A page title describes,"['<|endoftext|>', 'A', ' page', ' title', ' describes']",2,3,gpt2-medium
page_title,4,4,0.143,page,title,A page title describes,"['<|endoftext|>', 'A', ' page', ' title', ' describes']",2,3,gpt2-medium
page_title,4,5,0.0185,page,title,A page title describes,"['<|endoftext|>', 'A', ' page', ' title', ' describes']",2,3,gpt2-medium
page_title,4,6,0.0001,page,title,A page title describes,"['<|endoftext|>', 'A', ' page', ' title', ' describes']",2,3,gpt2-medium
page_title,4,7,0.0617,page,title,A page title describes,"['<|endoftext|>', 'A', ' page', ' title', ' describes']",2,3,gpt2-medium
page_title,4,8,0.2442,page,title,A page title describes,"['<|endoftext|>', 'A', ' page', ' title', ' describes']",2,3,gpt2-medium
page_title,4,9,0.2037,page,title,A page title describes,"['<|endoftext|>', 'A', ' page', ' title', ' describes']",2,3,gpt2-medium
page_title,4,10,0.1684,page,title,A page title describes,"['<|endoftext|>', 'A', ' page', ' title', ' describes']",2,3,gpt2-medium
page_title,4,11,0.2482,page,title,A page title describes,"['<|endoftext|>', 'A', ' page', ' title', ' describes']",2,3,gpt2-medium
page_title,4,12,0.8147,page,title,A page title describes,"['<|endoftext|>', 'A', ' page', ' title', ' describes']",2,3,gpt2-medium
page_title,4,13,0.999,page,title,A page title describes,"['<|endoftext|>', 'A', ' page', ' title', ' describes']",2,3,gpt2-medium
page_title,4,14,0.0297,page,title,A page title describes,"['<|endoftext|>', 'A', ' page', ' title', ' describes']",2,3,gpt2-medium
page_title,4,15,0.0407,page,title,A page title describes,"['<|endoftext|>', 'A', ' page', ' title', ' describes']",2,3,gpt2-medium
page_title,5,0,0.0028,page,title,A page title describes,"['<|endoftext|>', 'A', ' page', ' title', ' describes']",2,3,gpt2-medium
page_title,5,1,0.0294,page,title,A page title describes,"['<|endoftext|>', 'A', ' page', ' title', ' describes']",2,3,gpt2-medium
page_title,5,2,0.8543,page,title,A page title describes,"['<|endoftext|>', 'A', ' page', ' title', ' describes']",2,3,gpt2-medium
page_title,5,3,0.0232,page,title,A page title describes,"['<|endoftext|>', 'A', ' page', ' title', ' describes']",2,3,gpt2-medium
page_title,5,4,0.2193,page,title,A page title describes,"['<|endoftext|>', 'A', ' page', ' title', ' describes']",2,3,gpt2-medium
page_title,5,5,0.0083,page,title,A page title describes,"['<|endoftext|>', 'A', ' page', ' title', ' describes']",2,3,gpt2-medium
page_title,5,6,0.0241,page,title,A page title describes,"['<|endoftext|>', 'A', ' page', ' title', ' describes']",2,3,gpt2-medium
page_title,5,7,0.1213,page,title,A page title describes,"['<|endoftext|>', 'A', ' page', ' title', ' describes']",2,3,gpt2-medium
page_title,5,8,0.0002,page,title,A page title describes,"['<|endoftext|>', 'A', ' page', ' title', ' describes']",2,3,gpt2-medium
page_title,5,9,0.0647,page,title,A page title describes,"['<|endoftext|>', 'A', ' page', ' title', ' describes']",2,3,gpt2-medium
page_title,5,10,0.0201,page,title,A page title describes,"['<|endoftext|>', 'A', ' page', ' title', ' describes']",2,3,gpt2-medium
page_title,5,11,0.999,page,title,A page title describes,"['<|endoftext|>', 'A', ' page', ' title', ' describes']",2,3,gpt2-medium
page_title,5,12,0.0344,page,title,A page title describes,"['<|endoftext|>', 'A', ' page', ' title', ' describes']",2,3,gpt2-medium
page_title,5,13,0.3139,page,title,A page title describes,"['<|endoftext|>', 'A', ' page', ' title', ' describes']",2,3,gpt2-medium
page_title,5,14,0.0048,page,title,A page title describes,"['<|endoftext|>', 'A', ' page', ' title', ' describes']",2,3,gpt2-medium
page_title,5,15,0.1444,page,title,A page title describes,"['<|endoftext|>', 'A', ' page', ' title', ' describes']",2,3,gpt2-medium
page_title,6,0,0.0003,page,title,A page title describes,"['<|endoftext|>', 'A', ' page', ' title', ' describes']",2,3,gpt2-medium
page_title,6,1,0.0,page,title,A page title describes,"['<|endoftext|>', 'A', ' page', ' title', ' describes']",2,3,gpt2-medium
page_title,6,2,0.0905,page,title,A page title describes,"['<|endoftext|>', 'A', ' page', ' title', ' describes']",2,3,gpt2-medium
page_title,6,3,0.0142,page,title,A page title describes,"['<|endoftext|>', 'A', ' page', ' title', ' describes']",2,3,gpt2-medium
page_title,6,4,0.0,page,title,A page title describes,"['<|endoftext|>', 'A', ' page', ' title', ' describes']",2,3,gpt2-medium
page_title,6,5,0.035,page,title,A page title describes,"['<|endoftext|>', 'A', ' page', ' title', ' describes']",2,3,gpt2-medium
page_title,6,6,0.1426,page,title,A page title describes,"['<|endoftext|>', 'A', ' page', ' title', ' describes']",2,3,gpt2-medium
page_title,6,7,0.9138,page,title,A page title describes,"['<|endoftext|>', 'A', ' page', ' title', ' describes']",2,3,gpt2-medium
page_title,6,8,0.0387,page,title,A page title describes,"['<|endoftext|>', 'A', ' page', ' title', ' describes']",2,3,gpt2-medium
page_title,6,9,0.0056,page,title,A page title describes,"['<|endoftext|>', 'A', ' page', ' title', ' describes']",2,3,gpt2-medium
page_title,6,10,0.014,page,title,A page title describes,"['<|endoftext|>', 'A', ' page', ' title', ' describes']",2,3,gpt2-medium
page_title,6,11,0.0011,page,title,A page title describes,"['<|endoftext|>', 'A', ' page', ' title', ' describes']",2,3,gpt2-medium
page_title,6,12,0.0067,page,title,A page title describes,"['<|endoftext|>', 'A', ' page', ' title', ' describes']",2,3,gpt2-medium
page_title,6,13,0.002,page,title,A page title describes,"['<|endoftext|>', 'A', ' page', ' title', ' describes']",2,3,gpt2-medium
page_title,6,14,0.6633,page,title,A page title describes,"['<|endoftext|>', 'A', ' page', ' title', ' describes']",2,3,gpt2-medium
page_title,6,15,0.0008,page,title,A page title describes,"['<|endoftext|>', 'A', ' page', ' title', ' describes']",2,3,gpt2-medium
page_title,7,0,0.0004,page,title,A page title describes,"['<|endoftext|>', 'A', ' page', ' title', ' describes']",2,3,gpt2-medium
page_title,7,1,0.006,page,title,A page title describes,"['<|endoftext|>', 'A', ' page', ' title', ' describes']",2,3,gpt2-medium
page_title,7,2,0.0,page,title,A page title describes,"['<|endoftext|>', 'A', ' page', ' title', ' describes']",2,3,gpt2-medium
page_title,7,3,0.0221,page,title,A page title describes,"['<|endoftext|>', 'A', ' page', ' title', ' describes']",2,3,gpt2-medium
page_title,7,4,0.0075,page,title,A page title describes,"['<|endoftext|>', 'A', ' page', ' title', ' describes']",2,3,gpt2-medium
page_title,7,5,0.0025,page,title,A page title describes,"['<|endoftext|>', 'A', ' page', ' title', ' describes']",2,3,gpt2-medium
page_title,7,6,0.1076,page,title,A page title describes,"['<|endoftext|>', 'A', ' page', ' title', ' describes']",2,3,gpt2-medium
page_title,7,7,0.0012,page,title,A page title describes,"['<|endoftext|>', 'A', ' page', ' title', ' describes']",2,3,gpt2-medium
page_title,7,8,0.0037,page,title,A page title describes,"['<|endoftext|>', 'A', ' page', ' title', ' describes']",2,3,gpt2-medium
page_title,7,9,0.0599,page,title,A page title describes,"['<|endoftext|>', 'A', ' page', ' title', ' describes']",2,3,gpt2-medium
page_title,7,10,0.0063,page,title,A page title describes,"['<|endoftext|>', 'A', ' page', ' title', ' describes']",2,3,gpt2-medium
page_title,7,11,0.0,page,title,A page title describes,"['<|endoftext|>', 'A', ' page', ' title', ' describes']",2,3,gpt2-medium
page_title,7,12,0.252,page,title,A page title describes,"['<|endoftext|>', 'A', ' page', ' title', ' describes']",2,3,gpt2-medium
page_title,7,13,0.4263,page,title,A page title describes,"['<|endoftext|>', 'A', ' page', ' title', ' describes']",2,3,gpt2-medium
page_title,7,14,0.0828,page,title,A page title describes,"['<|endoftext|>', 'A', ' page', ' title', ' describes']",2,3,gpt2-medium
page_title,7,15,0.0019,page,title,A page title describes,"['<|endoftext|>', 'A', ' page', ' title', ' describes']",2,3,gpt2-medium
page_title,8,0,0.0015,page,title,A page title describes,"['<|endoftext|>', 'A', ' page', ' title', ' describes']",2,3,gpt2-medium
page_title,8,1,0.3741,page,title,A page title describes,"['<|endoftext|>', 'A', ' page', ' title', ' describes']",2,3,gpt2-medium
page_title,8,2,0.004,page,title,A page title describes,"['<|endoftext|>', 'A', ' page', ' title', ' describes']",2,3,gpt2-medium
page_title,8,3,0.0369,page,title,A page title describes,"['<|endoftext|>', 'A', ' page', ' title', ' describes']",2,3,gpt2-medium
page_title,8,4,0.0063,page,title,A page title describes,"['<|endoftext|>', 'A', ' page', ' title', ' describes']",2,3,gpt2-medium
page_title,8,5,0.0348,page,title,A page title describes,"['<|endoftext|>', 'A', ' page', ' title', ' describes']",2,3,gpt2-medium
page_title,8,6,0.2982,page,title,A page title describes,"['<|endoftext|>', 'A', ' page', ' title', ' describes']",2,3,gpt2-medium
page_title,8,7,0.0544,page,title,A page title describes,"['<|endoftext|>', 'A', ' page', ' title', ' describes']",2,3,gpt2-medium
page_title,8,8,0.0051,page,title,A page title describes,"['<|endoftext|>', 'A', ' page', ' title', ' describes']",2,3,gpt2-medium
page_title,8,9,0.0026,page,title,A page title describes,"['<|endoftext|>', 'A', ' page', ' title', ' describes']",2,3,gpt2-medium
page_title,8,10,0.0016,page,title,A page title describes,"['<|endoftext|>', 'A', ' page', ' title', ' describes']",2,3,gpt2-medium
page_title,8,11,0.0011,page,title,A page title describes,"['<|endoftext|>', 'A', ' page', ' title', ' describes']",2,3,gpt2-medium
page_title,8,12,0.0397,page,title,A page title describes,"['<|endoftext|>', 'A', ' page', ' title', ' describes']",2,3,gpt2-medium
page_title,8,13,0.001,page,title,A page title describes,"['<|endoftext|>', 'A', ' page', ' title', ' describes']",2,3,gpt2-medium
page_title,8,14,0.0639,page,title,A page title describes,"['<|endoftext|>', 'A', ' page', ' title', ' describes']",2,3,gpt2-medium
page_title,8,15,0.0101,page,title,A page title describes,"['<|endoftext|>', 'A', ' page', ' title', ' describes']",2,3,gpt2-medium
page_title,9,0,0.0182,page,title,A page title describes,"['<|endoftext|>', 'A', ' page', ' title', ' describes']",2,3,gpt2-medium
page_title,9,1,0.0099,page,title,A page title describes,"['<|endoftext|>', 'A', ' page', ' title', ' describes']",2,3,gpt2-medium
page_title,9,2,0.0386,page,title,A page title describes,"['<|endoftext|>', 'A', ' page', ' title', ' describes']",2,3,gpt2-medium
page_title,9,3,0.0001,page,title,A page title describes,"['<|endoftext|>', 'A', ' page', ' title', ' describes']",2,3,gpt2-medium
page_title,9,4,0.0009,page,title,A page title describes,"['<|endoftext|>', 'A', ' page', ' title', ' describes']",2,3,gpt2-medium
page_title,9,5,0.0745,page,title,A page title describes,"['<|endoftext|>', 'A', ' page', ' title', ' describes']",2,3,gpt2-medium
page_title,9,6,0.0062,page,title,A page title describes,"['<|endoftext|>', 'A', ' page', ' title', ' describes']",2,3,gpt2-medium
page_title,9,7,0.0014,page,title,A page title describes,"['<|endoftext|>', 'A', ' page', ' title', ' describes']",2,3,gpt2-medium
page_title,9,8,0.1358,page,title,A page title describes,"['<|endoftext|>', 'A', ' page', ' title', ' describes']",2,3,gpt2-medium
page_title,9,9,0.0,page,title,A page title describes,"['<|endoftext|>', 'A', ' page', ' title', ' describes']",2,3,gpt2-medium
page_title,9,10,0.0082,page,title,A page title describes,"['<|endoftext|>', 'A', ' page', ' title', ' describes']",2,3,gpt2-medium
page_title,9,11,0.1082,page,title,A page title describes,"['<|endoftext|>', 'A', ' page', ' title', ' describes']",2,3,gpt2-medium
page_title,9,12,0.0,page,title,A page title describes,"['<|endoftext|>', 'A', ' page', ' title', ' describes']",2,3,gpt2-medium
page_title,9,13,0.0008,page,title,A page title describes,"['<|endoftext|>', 'A', ' page', ' title', ' describes']",2,3,gpt2-medium
page_title,9,14,0.0179,page,title,A page title describes,"['<|endoftext|>', 'A', ' page', ' title', ' describes']",2,3,gpt2-medium
page_title,9,15,0.5649,page,title,A page title describes,"['<|endoftext|>', 'A', ' page', ' title', ' describes']",2,3,gpt2-medium
page_title,10,0,0.1211,page,title,A page title describes,"['<|endoftext|>', 'A', ' page', ' title', ' describes']",2,3,gpt2-medium
page_title,10,1,0.0,page,title,A page title describes,"['<|endoftext|>', 'A', ' page', ' title', ' describes']",2,3,gpt2-medium
page_title,10,2,0.0399,page,title,A page title describes,"['<|endoftext|>', 'A', ' page', ' title', ' describes']",2,3,gpt2-medium
page_title,10,3,0.0203,page,title,A page title describes,"['<|endoftext|>', 'A', ' page', ' title', ' describes']",2,3,gpt2-medium
page_title,10,4,0.0048,page,title,A page title describes,"['<|endoftext|>', 'A', ' page', ' title', ' describes']",2,3,gpt2-medium
page_title,10,5,0.5573,page,title,A page title describes,"['<|endoftext|>', 'A', ' page', ' title', ' describes']",2,3,gpt2-medium
page_title,10,6,0.0377,page,title,A page title describes,"['<|endoftext|>', 'A', ' page', ' title', ' describes']",2,3,gpt2-medium
page_title,10,7,0.0164,page,title,A page title describes,"['<|endoftext|>', 'A', ' page', ' title', ' describes']",2,3,gpt2-medium
page_title,10,8,0.0001,page,title,A page title describes,"['<|endoftext|>', 'A', ' page', ' title', ' describes']",2,3,gpt2-medium
page_title,10,9,0.0086,page,title,A page title describes,"['<|endoftext|>', 'A', ' page', ' title', ' describes']",2,3,gpt2-medium
page_title,10,10,0.6967,page,title,A page title describes,"['<|endoftext|>', 'A', ' page', ' title', ' describes']",2,3,gpt2-medium
page_title,10,11,0.1428,page,title,A page title describes,"['<|endoftext|>', 'A', ' page', ' title', ' describes']",2,3,gpt2-medium
page_title,10,12,0.7393,page,title,A page title describes,"['<|endoftext|>', 'A', ' page', ' title', ' describes']",2,3,gpt2-medium
page_title,10,13,0.0075,page,title,A page title describes,"['<|endoftext|>', 'A', ' page', ' title', ' describes']",2,3,gpt2-medium
page_title,10,14,0.1169,page,title,A page title describes,"['<|endoftext|>', 'A', ' page', ' title', ' describes']",2,3,gpt2-medium
page_title,10,15,0.0754,page,title,A page title describes,"['<|endoftext|>', 'A', ' page', ' title', ' describes']",2,3,gpt2-medium
page_title,11,0,0.0367,page,title,A page title describes,"['<|endoftext|>', 'A', ' page', ' title', ' describes']",2,3,gpt2-medium
page_title,11,1,0.0,page,title,A page title describes,"['<|endoftext|>', 'A', ' page', ' title', ' describes']",2,3,gpt2-medium
page_title,11,2,0.0262,page,title,A page title describes,"['<|endoftext|>', 'A', ' page', ' title', ' describes']",2,3,gpt2-medium
page_title,11,3,0.0095,page,title,A page title describes,"['<|endoftext|>', 'A', ' page', ' title', ' describes']",2,3,gpt2-medium
page_title,11,4,0.0052,page,title,A page title describes,"['<|endoftext|>', 'A', ' page', ' title', ' describes']",2,3,gpt2-medium
page_title,11,5,0.2346,page,title,A page title describes,"['<|endoftext|>', 'A', ' page', ' title', ' describes']",2,3,gpt2-medium
page_title,11,6,0.5889,page,title,A page title describes,"['<|endoftext|>', 'A', ' page', ' title', ' describes']",2,3,gpt2-medium
page_title,11,7,0.0945,page,title,A page title describes,"['<|endoftext|>', 'A', ' page', ' title', ' describes']",2,3,gpt2-medium
page_title,11,8,0.012,page,title,A page title describes,"['<|endoftext|>', 'A', ' page', ' title', ' describes']",2,3,gpt2-medium
page_title,11,9,0.1193,page,title,A page title describes,"['<|endoftext|>', 'A', ' page', ' title', ' describes']",2,3,gpt2-medium
page_title,11,10,0.0086,page,title,A page title describes,"['<|endoftext|>', 'A', ' page', ' title', ' describes']",2,3,gpt2-medium
page_title,11,11,0.0002,page,title,A page title describes,"['<|endoftext|>', 'A', ' page', ' title', ' describes']",2,3,gpt2-medium
page_title,11,12,0.1273,page,title,A page title describes,"['<|endoftext|>', 'A', ' page', ' title', ' describes']",2,3,gpt2-medium
page_title,11,13,0.2041,page,title,A page title describes,"['<|endoftext|>', 'A', ' page', ' title', ' describes']",2,3,gpt2-medium
page_title,11,14,0.0623,page,title,A page title describes,"['<|endoftext|>', 'A', ' page', ' title', ' describes']",2,3,gpt2-medium
page_title,11,15,0.0245,page,title,A page title describes,"['<|endoftext|>', 'A', ' page', ' title', ' describes']",2,3,gpt2-medium
page_title,12,0,0.0007,page,title,A page title describes,"['<|endoftext|>', 'A', ' page', ' title', ' describes']",2,3,gpt2-medium
page_title,12,1,0.0,page,title,A page title describes,"['<|endoftext|>', 'A', ' page', ' title', ' describes']",2,3,gpt2-medium
page_title,12,2,0.0067,page,title,A page title describes,"['<|endoftext|>', 'A', ' page', ' title', ' describes']",2,3,gpt2-medium
page_title,12,3,0.0191,page,title,A page title describes,"['<|endoftext|>', 'A', ' page', ' title', ' describes']",2,3,gpt2-medium
page_title,12,4,0.0274,page,title,A page title describes,"['<|endoftext|>', 'A', ' page', ' title', ' describes']",2,3,gpt2-medium
page_title,12,5,0.0339,page,title,A page title describes,"['<|endoftext|>', 'A', ' page', ' title', ' describes']",2,3,gpt2-medium
page_title,12,6,0.0219,page,title,A page title describes,"['<|endoftext|>', 'A', ' page', ' title', ' describes']",2,3,gpt2-medium
page_title,12,7,0.0803,page,title,A page title describes,"['<|endoftext|>', 'A', ' page', ' title', ' describes']",2,3,gpt2-medium
page_title,12,8,0.0591,page,title,A page title describes,"['<|endoftext|>', 'A', ' page', ' title', ' describes']",2,3,gpt2-medium
page_title,12,9,0.003,page,title,A page title describes,"['<|endoftext|>', 'A', ' page', ' title', ' describes']",2,3,gpt2-medium
page_title,12,10,0.0201,page,title,A page title describes,"['<|endoftext|>', 'A', ' page', ' title', ' describes']",2,3,gpt2-medium
page_title,12,11,0.0012,page,title,A page title describes,"['<|endoftext|>', 'A', ' page', ' title', ' describes']",2,3,gpt2-medium
page_title,12,12,0.0152,page,title,A page title describes,"['<|endoftext|>', 'A', ' page', ' title', ' describes']",2,3,gpt2-medium
page_title,12,13,0.0054,page,title,A page title describes,"['<|endoftext|>', 'A', ' page', ' title', ' describes']",2,3,gpt2-medium
page_title,12,14,0.1352,page,title,A page title describes,"['<|endoftext|>', 'A', ' page', ' title', ' describes']",2,3,gpt2-medium
page_title,12,15,0.0337,page,title,A page title describes,"['<|endoftext|>', 'A', ' page', ' title', ' describes']",2,3,gpt2-medium
page_title,13,0,0.0562,page,title,A page title describes,"['<|endoftext|>', 'A', ' page', ' title', ' describes']",2,3,gpt2-medium
page_title,13,1,0.0087,page,title,A page title describes,"['<|endoftext|>', 'A', ' page', ' title', ' describes']",2,3,gpt2-medium
page_title,13,2,0.008,page,title,A page title describes,"['<|endoftext|>', 'A', ' page', ' title', ' describes']",2,3,gpt2-medium
page_title,13,3,0.5075,page,title,A page title describes,"['<|endoftext|>', 'A', ' page', ' title', ' describes']",2,3,gpt2-medium
page_title,13,4,0.0416,page,title,A page title describes,"['<|endoftext|>', 'A', ' page', ' title', ' describes']",2,3,gpt2-medium
page_title,13,5,0.0833,page,title,A page title describes,"['<|endoftext|>', 'A', ' page', ' title', ' describes']",2,3,gpt2-medium
page_title,13,6,0.1192,page,title,A page title describes,"['<|endoftext|>', 'A', ' page', ' title', ' describes']",2,3,gpt2-medium
page_title,13,7,0.0129,page,title,A page title describes,"['<|endoftext|>', 'A', ' page', ' title', ' describes']",2,3,gpt2-medium
page_title,13,8,0.018,page,title,A page title describes,"['<|endoftext|>', 'A', ' page', ' title', ' describes']",2,3,gpt2-medium
page_title,13,9,0.0309,page,title,A page title describes,"['<|endoftext|>', 'A', ' page', ' title', ' describes']",2,3,gpt2-medium
page_title,13,10,0.0459,page,title,A page title describes,"['<|endoftext|>', 'A', ' page', ' title', ' describes']",2,3,gpt2-medium
page_title,13,11,0.1711,page,title,A page title describes,"['<|endoftext|>', 'A', ' page', ' title', ' describes']",2,3,gpt2-medium
page_title,13,12,0.0002,page,title,A page title describes,"['<|endoftext|>', 'A', ' page', ' title', ' describes']",2,3,gpt2-medium
page_title,13,13,0.0188,page,title,A page title describes,"['<|endoftext|>', 'A', ' page', ' title', ' describes']",2,3,gpt2-medium
page_title,13,14,0.0002,page,title,A page title describes,"['<|endoftext|>', 'A', ' page', ' title', ' describes']",2,3,gpt2-medium
page_title,13,15,0.0239,page,title,A page title describes,"['<|endoftext|>', 'A', ' page', ' title', ' describes']",2,3,gpt2-medium
page_title,14,0,0.007,page,title,A page title describes,"['<|endoftext|>', 'A', ' page', ' title', ' describes']",2,3,gpt2-medium
page_title,14,1,0.009,page,title,A page title describes,"['<|endoftext|>', 'A', ' page', ' title', ' describes']",2,3,gpt2-medium
page_title,14,2,0.001,page,title,A page title describes,"['<|endoftext|>', 'A', ' page', ' title', ' describes']",2,3,gpt2-medium
page_title,14,3,0.1184,page,title,A page title describes,"['<|endoftext|>', 'A', ' page', ' title', ' describes']",2,3,gpt2-medium
page_title,14,4,0.0055,page,title,A page title describes,"['<|endoftext|>', 'A', ' page', ' title', ' describes']",2,3,gpt2-medium
page_title,14,5,0.0013,page,title,A page title describes,"['<|endoftext|>', 'A', ' page', ' title', ' describes']",2,3,gpt2-medium
page_title,14,6,0.0205,page,title,A page title describes,"['<|endoftext|>', 'A', ' page', ' title', ' describes']",2,3,gpt2-medium
page_title,14,7,0.0869,page,title,A page title describes,"['<|endoftext|>', 'A', ' page', ' title', ' describes']",2,3,gpt2-medium
page_title,14,8,0.0289,page,title,A page title describes,"['<|endoftext|>', 'A', ' page', ' title', ' describes']",2,3,gpt2-medium
page_title,14,9,0.0001,page,title,A page title describes,"['<|endoftext|>', 'A', ' page', ' title', ' describes']",2,3,gpt2-medium
page_title,14,10,0.0444,page,title,A page title describes,"['<|endoftext|>', 'A', ' page', ' title', ' describes']",2,3,gpt2-medium
page_title,14,11,0.0072,page,title,A page title describes,"['<|endoftext|>', 'A', ' page', ' title', ' describes']",2,3,gpt2-medium
page_title,14,12,0.0121,page,title,A page title describes,"['<|endoftext|>', 'A', ' page', ' title', ' describes']",2,3,gpt2-medium
page_title,14,13,0.0236,page,title,A page title describes,"['<|endoftext|>', 'A', ' page', ' title', ' describes']",2,3,gpt2-medium
page_title,14,14,0.0012,page,title,A page title describes,"['<|endoftext|>', 'A', ' page', ' title', ' describes']",2,3,gpt2-medium
page_title,14,15,0.0294,page,title,A page title describes,"['<|endoftext|>', 'A', ' page', ' title', ' describes']",2,3,gpt2-medium
page_title,15,0,0.008,page,title,A page title describes,"['<|endoftext|>', 'A', ' page', ' title', ' describes']",2,3,gpt2-medium
page_title,15,1,0.0565,page,title,A page title describes,"['<|endoftext|>', 'A', ' page', ' title', ' describes']",2,3,gpt2-medium
page_title,15,2,0.0089,page,title,A page title describes,"['<|endoftext|>', 'A', ' page', ' title', ' describes']",2,3,gpt2-medium
page_title,15,3,0.1018,page,title,A page title describes,"['<|endoftext|>', 'A', ' page', ' title', ' describes']",2,3,gpt2-medium
page_title,15,4,0.0017,page,title,A page title describes,"['<|endoftext|>', 'A', ' page', ' title', ' describes']",2,3,gpt2-medium
page_title,15,5,0.0607,page,title,A page title describes,"['<|endoftext|>', 'A', ' page', ' title', ' describes']",2,3,gpt2-medium
page_title,15,6,0.0147,page,title,A page title describes,"['<|endoftext|>', 'A', ' page', ' title', ' describes']",2,3,gpt2-medium
page_title,15,7,0.0173,page,title,A page title describes,"['<|endoftext|>', 'A', ' page', ' title', ' describes']",2,3,gpt2-medium
page_title,15,8,0.0386,page,title,A page title describes,"['<|endoftext|>', 'A', ' page', ' title', ' describes']",2,3,gpt2-medium
page_title,15,9,0.0362,page,title,A page title describes,"['<|endoftext|>', 'A', ' page', ' title', ' describes']",2,3,gpt2-medium
page_title,15,10,0.0527,page,title,A page title describes,"['<|endoftext|>', 'A', ' page', ' title', ' describes']",2,3,gpt2-medium
page_title,15,11,0.0141,page,title,A page title describes,"['<|endoftext|>', 'A', ' page', ' title', ' describes']",2,3,gpt2-medium
page_title,15,12,0.0002,page,title,A page title describes,"['<|endoftext|>', 'A', ' page', ' title', ' describes']",2,3,gpt2-medium
page_title,15,13,0.0189,page,title,A page title describes,"['<|endoftext|>', 'A', ' page', ' title', ' describes']",2,3,gpt2-medium
page_title,15,14,0.0122,page,title,A page title describes,"['<|endoftext|>', 'A', ' page', ' title', ' describes']",2,3,gpt2-medium
page_title,15,15,0.032,page,title,A page title describes,"['<|endoftext|>', 'A', ' page', ' title', ' describes']",2,3,gpt2-medium
page_title,16,0,0.0156,page,title,A page title describes,"['<|endoftext|>', 'A', ' page', ' title', ' describes']",2,3,gpt2-medium
page_title,16,1,0.0159,page,title,A page title describes,"['<|endoftext|>', 'A', ' page', ' title', ' describes']",2,3,gpt2-medium
page_title,16,2,0.0034,page,title,A page title describes,"['<|endoftext|>', 'A', ' page', ' title', ' describes']",2,3,gpt2-medium
page_title,16,3,0.011,page,title,A page title describes,"['<|endoftext|>', 'A', ' page', ' title', ' describes']",2,3,gpt2-medium
page_title,16,4,0.0876,page,title,A page title describes,"['<|endoftext|>', 'A', ' page', ' title', ' describes']",2,3,gpt2-medium
page_title,16,5,0.0426,page,title,A page title describes,"['<|endoftext|>', 'A', ' page', ' title', ' describes']",2,3,gpt2-medium
page_title,16,6,0.0309,page,title,A page title describes,"['<|endoftext|>', 'A', ' page', ' title', ' describes']",2,3,gpt2-medium
page_title,16,7,0.0332,page,title,A page title describes,"['<|endoftext|>', 'A', ' page', ' title', ' describes']",2,3,gpt2-medium
page_title,16,8,0.0399,page,title,A page title describes,"['<|endoftext|>', 'A', ' page', ' title', ' describes']",2,3,gpt2-medium
page_title,16,9,0.0328,page,title,A page title describes,"['<|endoftext|>', 'A', ' page', ' title', ' describes']",2,3,gpt2-medium
page_title,16,10,0.0144,page,title,A page title describes,"['<|endoftext|>', 'A', ' page', ' title', ' describes']",2,3,gpt2-medium
page_title,16,11,0.0012,page,title,A page title describes,"['<|endoftext|>', 'A', ' page', ' title', ' describes']",2,3,gpt2-medium
page_title,16,12,0.0223,page,title,A page title describes,"['<|endoftext|>', 'A', ' page', ' title', ' describes']",2,3,gpt2-medium
page_title,16,13,0.0134,page,title,A page title describes,"['<|endoftext|>', 'A', ' page', ' title', ' describes']",2,3,gpt2-medium
page_title,16,14,0.0129,page,title,A page title describes,"['<|endoftext|>', 'A', ' page', ' title', ' describes']",2,3,gpt2-medium
page_title,16,15,0.0012,page,title,A page title describes,"['<|endoftext|>', 'A', ' page', ' title', ' describes']",2,3,gpt2-medium
page_title,17,0,0.0109,page,title,A page title describes,"['<|endoftext|>', 'A', ' page', ' title', ' describes']",2,3,gpt2-medium
page_title,17,1,0.0136,page,title,A page title describes,"['<|endoftext|>', 'A', ' page', ' title', ' describes']",2,3,gpt2-medium
page_title,17,2,0.002,page,title,A page title describes,"['<|endoftext|>', 'A', ' page', ' title', ' describes']",2,3,gpt2-medium
page_title,17,3,0.005,page,title,A page title describes,"['<|endoftext|>', 'A', ' page', ' title', ' describes']",2,3,gpt2-medium
page_title,17,4,0.0072,page,title,A page title describes,"['<|endoftext|>', 'A', ' page', ' title', ' describes']",2,3,gpt2-medium
page_title,17,5,0.0491,page,title,A page title describes,"['<|endoftext|>', 'A', ' page', ' title', ' describes']",2,3,gpt2-medium
page_title,17,6,0.0153,page,title,A page title describes,"['<|endoftext|>', 'A', ' page', ' title', ' describes']",2,3,gpt2-medium
page_title,17,7,0.009,page,title,A page title describes,"['<|endoftext|>', 'A', ' page', ' title', ' describes']",2,3,gpt2-medium
page_title,17,8,0.007,page,title,A page title describes,"['<|endoftext|>', 'A', ' page', ' title', ' describes']",2,3,gpt2-medium
page_title,17,9,0.0139,page,title,A page title describes,"['<|endoftext|>', 'A', ' page', ' title', ' describes']",2,3,gpt2-medium
page_title,17,10,0.0212,page,title,A page title describes,"['<|endoftext|>', 'A', ' page', ' title', ' describes']",2,3,gpt2-medium
page_title,17,11,0.1936,page,title,A page title describes,"['<|endoftext|>', 'A', ' page', ' title', ' describes']",2,3,gpt2-medium
page_title,17,12,0.0242,page,title,A page title describes,"['<|endoftext|>', 'A', ' page', ' title', ' describes']",2,3,gpt2-medium
page_title,17,13,0.03,page,title,A page title describes,"['<|endoftext|>', 'A', ' page', ' title', ' describes']",2,3,gpt2-medium
page_title,17,14,0.0143,page,title,A page title describes,"['<|endoftext|>', 'A', ' page', ' title', ' describes']",2,3,gpt2-medium
page_title,17,15,0.0488,page,title,A page title describes,"['<|endoftext|>', 'A', ' page', ' title', ' describes']",2,3,gpt2-medium
page_title,18,0,0.0037,page,title,A page title describes,"['<|endoftext|>', 'A', ' page', ' title', ' describes']",2,3,gpt2-medium
page_title,18,1,0.0038,page,title,A page title describes,"['<|endoftext|>', 'A', ' page', ' title', ' describes']",2,3,gpt2-medium
page_title,18,2,0.0085,page,title,A page title describes,"['<|endoftext|>', 'A', ' page', ' title', ' describes']",2,3,gpt2-medium
page_title,18,3,0.6419,page,title,A page title describes,"['<|endoftext|>', 'A', ' page', ' title', ' describes']",2,3,gpt2-medium
page_title,18,4,0.0021,page,title,A page title describes,"['<|endoftext|>', 'A', ' page', ' title', ' describes']",2,3,gpt2-medium
page_title,18,5,0.0011,page,title,A page title describes,"['<|endoftext|>', 'A', ' page', ' title', ' describes']",2,3,gpt2-medium
page_title,18,6,0.0172,page,title,A page title describes,"['<|endoftext|>', 'A', ' page', ' title', ' describes']",2,3,gpt2-medium
page_title,18,7,0.0058,page,title,A page title describes,"['<|endoftext|>', 'A', ' page', ' title', ' describes']",2,3,gpt2-medium
page_title,18,8,0.0037,page,title,A page title describes,"['<|endoftext|>', 'A', ' page', ' title', ' describes']",2,3,gpt2-medium
page_title,18,9,0.0042,page,title,A page title describes,"['<|endoftext|>', 'A', ' page', ' title', ' describes']",2,3,gpt2-medium
page_title,18,10,0.0169,page,title,A page title describes,"['<|endoftext|>', 'A', ' page', ' title', ' describes']",2,3,gpt2-medium
page_title,18,11,0.0019,page,title,A page title describes,"['<|endoftext|>', 'A', ' page', ' title', ' describes']",2,3,gpt2-medium
page_title,18,12,0.0053,page,title,A page title describes,"['<|endoftext|>', 'A', ' page', ' title', ' describes']",2,3,gpt2-medium
page_title,18,13,0.0103,page,title,A page title describes,"['<|endoftext|>', 'A', ' page', ' title', ' describes']",2,3,gpt2-medium
page_title,18,14,0.2517,page,title,A page title describes,"['<|endoftext|>', 'A', ' page', ' title', ' describes']",2,3,gpt2-medium
page_title,18,15,0.0449,page,title,A page title describes,"['<|endoftext|>', 'A', ' page', ' title', ' describes']",2,3,gpt2-medium
page_title,19,0,0.0069,page,title,A page title describes,"['<|endoftext|>', 'A', ' page', ' title', ' describes']",2,3,gpt2-medium
page_title,19,1,0.0216,page,title,A page title describes,"['<|endoftext|>', 'A', ' page', ' title', ' describes']",2,3,gpt2-medium
page_title,19,2,0.0072,page,title,A page title describes,"['<|endoftext|>', 'A', ' page', ' title', ' describes']",2,3,gpt2-medium
page_title,19,3,0.0116,page,title,A page title describes,"['<|endoftext|>', 'A', ' page', ' title', ' describes']",2,3,gpt2-medium
page_title,19,4,0.0098,page,title,A page title describes,"['<|endoftext|>', 'A', ' page', ' title', ' describes']",2,3,gpt2-medium
page_title,19,5,0.0289,page,title,A page title describes,"['<|endoftext|>', 'A', ' page', ' title', ' describes']",2,3,gpt2-medium
page_title,19,6,0.0486,page,title,A page title describes,"['<|endoftext|>', 'A', ' page', ' title', ' describes']",2,3,gpt2-medium
page_title,19,7,0.003,page,title,A page title describes,"['<|endoftext|>', 'A', ' page', ' title', ' describes']",2,3,gpt2-medium
page_title,19,8,0.0064,page,title,A page title describes,"['<|endoftext|>', 'A', ' page', ' title', ' describes']",2,3,gpt2-medium
page_title,19,9,0.0027,page,title,A page title describes,"['<|endoftext|>', 'A', ' page', ' title', ' describes']",2,3,gpt2-medium
page_title,19,10,0.0155,page,title,A page title describes,"['<|endoftext|>', 'A', ' page', ' title', ' describes']",2,3,gpt2-medium
page_title,19,11,0.0405,page,title,A page title describes,"['<|endoftext|>', 'A', ' page', ' title', ' describes']",2,3,gpt2-medium
page_title,19,12,0.0086,page,title,A page title describes,"['<|endoftext|>', 'A', ' page', ' title', ' describes']",2,3,gpt2-medium
page_title,19,13,0.0074,page,title,A page title describes,"['<|endoftext|>', 'A', ' page', ' title', ' describes']",2,3,gpt2-medium
page_title,19,14,0.0439,page,title,A page title describes,"['<|endoftext|>', 'A', ' page', ' title', ' describes']",2,3,gpt2-medium
page_title,19,15,0.0255,page,title,A page title describes,"['<|endoftext|>', 'A', ' page', ' title', ' describes']",2,3,gpt2-medium
page_title,20,0,0.0335,page,title,A page title describes,"['<|endoftext|>', 'A', ' page', ' title', ' describes']",2,3,gpt2-medium
page_title,20,1,0.1393,page,title,A page title describes,"['<|endoftext|>', 'A', ' page', ' title', ' describes']",2,3,gpt2-medium
page_title,20,2,0.1094,page,title,A page title describes,"['<|endoftext|>', 'A', ' page', ' title', ' describes']",2,3,gpt2-medium
page_title,20,3,0.019,page,title,A page title describes,"['<|endoftext|>', 'A', ' page', ' title', ' describes']",2,3,gpt2-medium
page_title,20,4,0.0076,page,title,A page title describes,"['<|endoftext|>', 'A', ' page', ' title', ' describes']",2,3,gpt2-medium
page_title,20,5,0.0084,page,title,A page title describes,"['<|endoftext|>', 'A', ' page', ' title', ' describes']",2,3,gpt2-medium
page_title,20,6,0.0016,page,title,A page title describes,"['<|endoftext|>', 'A', ' page', ' title', ' describes']",2,3,gpt2-medium
page_title,20,7,0.0058,page,title,A page title describes,"['<|endoftext|>', 'A', ' page', ' title', ' describes']",2,3,gpt2-medium
page_title,20,8,0.0318,page,title,A page title describes,"['<|endoftext|>', 'A', ' page', ' title', ' describes']",2,3,gpt2-medium
page_title,20,9,0.03,page,title,A page title describes,"['<|endoftext|>', 'A', ' page', ' title', ' describes']",2,3,gpt2-medium
page_title,20,10,0.0153,page,title,A page title describes,"['<|endoftext|>', 'A', ' page', ' title', ' describes']",2,3,gpt2-medium
page_title,20,11,0.0055,page,title,A page title describes,"['<|endoftext|>', 'A', ' page', ' title', ' describes']",2,3,gpt2-medium
page_title,20,12,0.0056,page,title,A page title describes,"['<|endoftext|>', 'A', ' page', ' title', ' describes']",2,3,gpt2-medium
page_title,20,13,0.0225,page,title,A page title describes,"['<|endoftext|>', 'A', ' page', ' title', ' describes']",2,3,gpt2-medium
page_title,20,14,0.0354,page,title,A page title describes,"['<|endoftext|>', 'A', ' page', ' title', ' describes']",2,3,gpt2-medium
page_title,20,15,0.0047,page,title,A page title describes,"['<|endoftext|>', 'A', ' page', ' title', ' describes']",2,3,gpt2-medium
page_title,21,0,0.0105,page,title,A page title describes,"['<|endoftext|>', 'A', ' page', ' title', ' describes']",2,3,gpt2-medium
page_title,21,1,0.3412,page,title,A page title describes,"['<|endoftext|>', 'A', ' page', ' title', ' describes']",2,3,gpt2-medium
page_title,21,2,0.0127,page,title,A page title describes,"['<|endoftext|>', 'A', ' page', ' title', ' describes']",2,3,gpt2-medium
page_title,21,3,0.0025,page,title,A page title describes,"['<|endoftext|>', 'A', ' page', ' title', ' describes']",2,3,gpt2-medium
page_title,21,4,0.0211,page,title,A page title describes,"['<|endoftext|>', 'A', ' page', ' title', ' describes']",2,3,gpt2-medium
page_title,21,5,0.0027,page,title,A page title describes,"['<|endoftext|>', 'A', ' page', ' title', ' describes']",2,3,gpt2-medium
page_title,21,6,0.3319,page,title,A page title describes,"['<|endoftext|>', 'A', ' page', ' title', ' describes']",2,3,gpt2-medium
page_title,21,7,0.098,page,title,A page title describes,"['<|endoftext|>', 'A', ' page', ' title', ' describes']",2,3,gpt2-medium
page_title,21,8,0.0414,page,title,A page title describes,"['<|endoftext|>', 'A', ' page', ' title', ' describes']",2,3,gpt2-medium
page_title,21,9,0.0109,page,title,A page title describes,"['<|endoftext|>', 'A', ' page', ' title', ' describes']",2,3,gpt2-medium
page_title,21,10,0.0035,page,title,A page title describes,"['<|endoftext|>', 'A', ' page', ' title', ' describes']",2,3,gpt2-medium
page_title,21,11,0.0113,page,title,A page title describes,"['<|endoftext|>', 'A', ' page', ' title', ' describes']",2,3,gpt2-medium
page_title,21,12,0.0048,page,title,A page title describes,"['<|endoftext|>', 'A', ' page', ' title', ' describes']",2,3,gpt2-medium
page_title,21,13,0.0024,page,title,A page title describes,"['<|endoftext|>', 'A', ' page', ' title', ' describes']",2,3,gpt2-medium
page_title,21,14,0.0219,page,title,A page title describes,"['<|endoftext|>', 'A', ' page', ' title', ' describes']",2,3,gpt2-medium
page_title,21,15,0.0107,page,title,A page title describes,"['<|endoftext|>', 'A', ' page', ' title', ' describes']",2,3,gpt2-medium
page_title,22,0,0.0177,page,title,A page title describes,"['<|endoftext|>', 'A', ' page', ' title', ' describes']",2,3,gpt2-medium
page_title,22,1,0.0079,page,title,A page title describes,"['<|endoftext|>', 'A', ' page', ' title', ' describes']",2,3,gpt2-medium
page_title,22,2,0.0243,page,title,A page title describes,"['<|endoftext|>', 'A', ' page', ' title', ' describes']",2,3,gpt2-medium
page_title,22,3,0.0055,page,title,A page title describes,"['<|endoftext|>', 'A', ' page', ' title', ' describes']",2,3,gpt2-medium
page_title,22,4,0.0048,page,title,A page title describes,"['<|endoftext|>', 'A', ' page', ' title', ' describes']",2,3,gpt2-medium
page_title,22,5,0.0141,page,title,A page title describes,"['<|endoftext|>', 'A', ' page', ' title', ' describes']",2,3,gpt2-medium
page_title,22,6,0.0312,page,title,A page title describes,"['<|endoftext|>', 'A', ' page', ' title', ' describes']",2,3,gpt2-medium
page_title,22,7,0.0363,page,title,A page title describes,"['<|endoftext|>', 'A', ' page', ' title', ' describes']",2,3,gpt2-medium
page_title,22,8,0.1018,page,title,A page title describes,"['<|endoftext|>', 'A', ' page', ' title', ' describes']",2,3,gpt2-medium
page_title,22,9,0.1877,page,title,A page title describes,"['<|endoftext|>', 'A', ' page', ' title', ' describes']",2,3,gpt2-medium
page_title,22,10,0.0469,page,title,A page title describes,"['<|endoftext|>', 'A', ' page', ' title', ' describes']",2,3,gpt2-medium
page_title,22,11,0.0482,page,title,A page title describes,"['<|endoftext|>', 'A', ' page', ' title', ' describes']",2,3,gpt2-medium
page_title,22,12,0.0045,page,title,A page title describes,"['<|endoftext|>', 'A', ' page', ' title', ' describes']",2,3,gpt2-medium
page_title,22,13,0.0148,page,title,A page title describes,"['<|endoftext|>', 'A', ' page', ' title', ' describes']",2,3,gpt2-medium
page_title,22,14,0.0149,page,title,A page title describes,"['<|endoftext|>', 'A', ' page', ' title', ' describes']",2,3,gpt2-medium
page_title,22,15,0.0045,page,title,A page title describes,"['<|endoftext|>', 'A', ' page', ' title', ' describes']",2,3,gpt2-medium
page_title,23,0,0.0143,page,title,A page title describes,"['<|endoftext|>', 'A', ' page', ' title', ' describes']",2,3,gpt2-medium
page_title,23,1,0.081,page,title,A page title describes,"['<|endoftext|>', 'A', ' page', ' title', ' describes']",2,3,gpt2-medium
page_title,23,2,0.079,page,title,A page title describes,"['<|endoftext|>', 'A', ' page', ' title', ' describes']",2,3,gpt2-medium
page_title,23,3,0.0431,page,title,A page title describes,"['<|endoftext|>', 'A', ' page', ' title', ' describes']",2,3,gpt2-medium
page_title,23,4,0.0609,page,title,A page title describes,"['<|endoftext|>', 'A', ' page', ' title', ' describes']",2,3,gpt2-medium
page_title,23,5,0.2207,page,title,A page title describes,"['<|endoftext|>', 'A', ' page', ' title', ' describes']",2,3,gpt2-medium
page_title,23,6,0.063,page,title,A page title describes,"['<|endoftext|>', 'A', ' page', ' title', ' describes']",2,3,gpt2-medium
page_title,23,7,0.0491,page,title,A page title describes,"['<|endoftext|>', 'A', ' page', ' title', ' describes']",2,3,gpt2-medium
page_title,23,8,0.6449,page,title,A page title describes,"['<|endoftext|>', 'A', ' page', ' title', ' describes']",2,3,gpt2-medium
page_title,23,9,0.0259,page,title,A page title describes,"['<|endoftext|>', 'A', ' page', ' title', ' describes']",2,3,gpt2-medium
page_title,23,10,0.0166,page,title,A page title describes,"['<|endoftext|>', 'A', ' page', ' title', ' describes']",2,3,gpt2-medium
page_title,23,11,0.6649,page,title,A page title describes,"['<|endoftext|>', 'A', ' page', ' title', ' describes']",2,3,gpt2-medium
page_title,23,12,0.0094,page,title,A page title describes,"['<|endoftext|>', 'A', ' page', ' title', ' describes']",2,3,gpt2-medium
page_title,23,13,0.379,page,title,A page title describes,"['<|endoftext|>', 'A', ' page', ' title', ' describes']",2,3,gpt2-medium
page_title,23,14,0.0329,page,title,A page title describes,"['<|endoftext|>', 'A', ' page', ' title', ' describes']",2,3,gpt2-medium
page_title,23,15,0.0174,page,title,A page title describes,"['<|endoftext|>', 'A', ' page', ' title', ' describes']",2,3,gpt2-medium
form_label,0,0,0.1415,form,label,A form label is,"['<|endoftext|>', 'A', ' form', ' label', ' is']",2,3,gpt2-medium
form_label,0,1,0.0795,form,label,A form label is,"['<|endoftext|>', 'A', ' form', ' label', ' is']",2,3,gpt2-medium
form_label,0,2,0.0483,form,label,A form label is,"['<|endoftext|>', 'A', ' form', ' label', ' is']",2,3,gpt2-medium
form_label,0,3,0.0741,form,label,A form label is,"['<|endoftext|>', 'A', ' form', ' label', ' is']",2,3,gpt2-medium
form_label,0,4,0.5317,form,label,A form label is,"['<|endoftext|>', 'A', ' form', ' label', ' is']",2,3,gpt2-medium
form_label,0,5,0.095,form,label,A form label is,"['<|endoftext|>', 'A', ' form', ' label', ' is']",2,3,gpt2-medium
form_label,0,6,0.1227,form,label,A form label is,"['<|endoftext|>', 'A', ' form', ' label', ' is']",2,3,gpt2-medium
form_label,0,7,0.1104,form,label,A form label is,"['<|endoftext|>', 'A', ' form', ' label', ' is']",2,3,gpt2-medium
form_label,0,8,0.1963,form,label,A form label is,"['<|endoftext|>', 'A', ' form', ' label', ' is']",2,3,gpt2-medium
form_label,0,9,0.0643,form,label,A form label is,"['<|endoftext|>', 'A', ' form', ' label', ' is']",2,3,gpt2-medium
form_label,0,10,0.0905,form,label,A form label is,"['<|endoftext|>', 'A', ' form', ' label', ' is']",2,3,gpt2-medium
form_label,0,11,0.175,form,label,A form label is,"['<|endoftext|>', 'A', ' form', ' label', ' is']",2,3,gpt2-medium
form_label,0,12,0.1484,form,label,A form label is,"['<|endoftext|>', 'A', ' form', ' label', ' is']",2,3,gpt2-medium
form_label,0,13,0.1314,form,label,A form label is,"['<|endoftext|>', 'A', ' form', ' label', ' is']",2,3,gpt2-medium
form_label,0,14,0.0082,form,label,A form label is,"['<|endoftext|>', 'A', ' form', ' label', ' is']",2,3,gpt2-medium
form_label,0,15,0.1001,form,label,A form label is,"['<|endoftext|>', 'A', ' form', ' label', ' is']",2,3,gpt2-medium
form_label,1,0,0.0419,form,label,A form label is,"['<|endoftext|>', 'A', ' form', ' label', ' is']",2,3,gpt2-medium
form_label,1,1,0.0988,form,label,A form label is,"['<|endoftext|>', 'A', ' form', ' label', ' is']",2,3,gpt2-medium
form_label,1,2,0.4597,form,label,A form label is,"['<|endoftext|>', 'A', ' form', ' label', ' is']",2,3,gpt2-medium
form_label,1,3,0.0765,form,label,A form label is,"['<|endoftext|>', 'A', ' form', ' label', ' is']",2,3,gpt2-medium
form_label,1,4,0.029,form,label,A form label is,"['<|endoftext|>', 'A', ' form', ' label', ' is']",2,3,gpt2-medium
form_label,1,5,0.1338,form,label,A form label is,"['<|endoftext|>', 'A', ' form', ' label', ' is']",2,3,gpt2-medium
form_label,1,6,0.3238,form,label,A form label is,"['<|endoftext|>', 'A', ' form', ' label', ' is']",2,3,gpt2-medium
form_label,1,7,0.0494,form,label,A form label is,"['<|endoftext|>', 'A', ' form', ' label', ' is']",2,3,gpt2-medium
form_label,1,8,0.0768,form,label,A form label is,"['<|endoftext|>', 'A', ' form', ' label', ' is']",2,3,gpt2-medium
form_label,1,9,0.1079,form,label,A form label is,"['<|endoftext|>', 'A', ' form', ' label', ' is']",2,3,gpt2-medium
form_label,1,10,0.0241,form,label,A form label is,"['<|endoftext|>', 'A', ' form', ' label', ' is']",2,3,gpt2-medium
form_label,1,11,0.0621,form,label,A form label is,"['<|endoftext|>', 'A', ' form', ' label', ' is']",2,3,gpt2-medium
form_label,1,12,0.0736,form,label,A form label is,"['<|endoftext|>', 'A', ' form', ' label', ' is']",2,3,gpt2-medium
form_label,1,13,0.1096,form,label,A form label is,"['<|endoftext|>', 'A', ' form', ' label', ' is']",2,3,gpt2-medium
form_label,1,14,0.1587,form,label,A form label is,"['<|endoftext|>', 'A', ' form', ' label', ' is']",2,3,gpt2-medium
form_label,1,15,0.1791,form,label,A form label is,"['<|endoftext|>', 'A', ' form', ' label', ' is']",2,3,gpt2-medium
form_label,2,0,0.0742,form,label,A form label is,"['<|endoftext|>', 'A', ' form', ' label', ' is']",2,3,gpt2-medium
form_label,2,1,0.0917,form,label,A form label is,"['<|endoftext|>', 'A', ' form', ' label', ' is']",2,3,gpt2-medium
form_label,2,2,0.1579,form,label,A form label is,"['<|endoftext|>', 'A', ' form', ' label', ' is']",2,3,gpt2-medium
form_label,2,3,0.087,form,label,A form label is,"['<|endoftext|>', 'A', ' form', ' label', ' is']",2,3,gpt2-medium
form_label,2,4,0.2028,form,label,A form label is,"['<|endoftext|>', 'A', ' form', ' label', ' is']",2,3,gpt2-medium
form_label,2,5,0.7583,form,label,A form label is,"['<|endoftext|>', 'A', ' form', ' label', ' is']",2,3,gpt2-medium
form_label,2,6,0.144,form,label,A form label is,"['<|endoftext|>', 'A', ' form', ' label', ' is']",2,3,gpt2-medium
form_label,2,7,0.0423,form,label,A form label is,"['<|endoftext|>', 'A', ' form', ' label', ' is']",2,3,gpt2-medium
form_label,2,8,0.0407,form,label,A form label is,"['<|endoftext|>', 'A', ' form', ' label', ' is']",2,3,gpt2-medium
form_label,2,9,0.3991,form,label,A form label is,"['<|endoftext|>', 'A', ' form', ' label', ' is']",2,3,gpt2-medium
form_label,2,10,0.1438,form,label,A form label is,"['<|endoftext|>', 'A', ' form', ' label', ' is']",2,3,gpt2-medium
form_label,2,11,0.1779,form,label,A form label is,"['<|endoftext|>', 'A', ' form', ' label', ' is']",2,3,gpt2-medium
form_label,2,12,0.1822,form,label,A form label is,"['<|endoftext|>', 'A', ' form', ' label', ' is']",2,3,gpt2-medium
form_label,2,13,0.1188,form,label,A form label is,"['<|endoftext|>', 'A', ' form', ' label', ' is']",2,3,gpt2-medium
form_label,2,14,0.1435,form,label,A form label is,"['<|endoftext|>', 'A', ' form', ' label', ' is']",2,3,gpt2-medium
form_label,2,15,0.098,form,label,A form label is,"['<|endoftext|>', 'A', ' form', ' label', ' is']",2,3,gpt2-medium
form_label,3,0,0.0478,form,label,A form label is,"['<|endoftext|>', 'A', ' form', ' label', ' is']",2,3,gpt2-medium
form_label,3,1,0.0236,form,label,A form label is,"['<|endoftext|>', 'A', ' form', ' label', ' is']",2,3,gpt2-medium
form_label,3,2,0.6712,form,label,A form label is,"['<|endoftext|>', 'A', ' form', ' label', ' is']",2,3,gpt2-medium
form_label,3,3,0.3151,form,label,A form label is,"['<|endoftext|>', 'A', ' form', ' label', ' is']",2,3,gpt2-medium
form_label,3,4,0.1678,form,label,A form label is,"['<|endoftext|>', 'A', ' form', ' label', ' is']",2,3,gpt2-medium
form_label,3,5,0.0702,form,label,A form label is,"['<|endoftext|>', 'A', ' form', ' label', ' is']",2,3,gpt2-medium
form_label,3,6,0.247,form,label,A form label is,"['<|endoftext|>', 'A', ' form', ' label', ' is']",2,3,gpt2-medium
form_label,3,7,0.0743,form,label,A form label is,"['<|endoftext|>', 'A', ' form', ' label', ' is']",2,3,gpt2-medium
form_label,3,8,0.7699,form,label,A form label is,"['<|endoftext|>', 'A', ' form', ' label', ' is']",2,3,gpt2-medium
form_label,3,9,0.1577,form,label,A form label is,"['<|endoftext|>', 'A', ' form', ' label', ' is']",2,3,gpt2-medium
form_label,3,10,0.2704,form,label,A form label is,"['<|endoftext|>', 'A', ' form', ' label', ' is']",2,3,gpt2-medium
form_label,3,11,0.3695,form,label,A form label is,"['<|endoftext|>', 'A', ' form', ' label', ' is']",2,3,gpt2-medium
form_label,3,12,0.1747,form,label,A form label is,"['<|endoftext|>', 'A', ' form', ' label', ' is']",2,3,gpt2-medium
form_label,3,13,0.6978,form,label,A form label is,"['<|endoftext|>', 'A', ' form', ' label', ' is']",2,3,gpt2-medium
form_label,3,14,0.2359,form,label,A form label is,"['<|endoftext|>', 'A', ' form', ' label', ' is']",2,3,gpt2-medium
form_label,3,15,0.1919,form,label,A form label is,"['<|endoftext|>', 'A', ' form', ' label', ' is']",2,3,gpt2-medium
form_label,4,0,0.3874,form,label,A form label is,"['<|endoftext|>', 'A', ' form', ' label', ' is']",2,3,gpt2-medium
form_label,4,1,0.6443,form,label,A form label is,"['<|endoftext|>', 'A', ' form', ' label', ' is']",2,3,gpt2-medium
form_label,4,2,0.6837,form,label,A form label is,"['<|endoftext|>', 'A', ' form', ' label', ' is']",2,3,gpt2-medium
form_label,4,3,0.0277,form,label,A form label is,"['<|endoftext|>', 'A', ' form', ' label', ' is']",2,3,gpt2-medium
form_label,4,4,0.3826,form,label,A form label is,"['<|endoftext|>', 'A', ' form', ' label', ' is']",2,3,gpt2-medium
form_label,4,5,0.0208,form,label,A form label is,"['<|endoftext|>', 'A', ' form', ' label', ' is']",2,3,gpt2-medium
form_label,4,6,0.0012,form,label,A form label is,"['<|endoftext|>', 'A', ' form', ' label', ' is']",2,3,gpt2-medium
form_label,4,7,0.0438,form,label,A form label is,"['<|endoftext|>', 'A', ' form', ' label', ' is']",2,3,gpt2-medium
form_label,4,8,0.0634,form,label,A form label is,"['<|endoftext|>', 'A', ' form', ' label', ' is']",2,3,gpt2-medium
form_label,4,9,0.0916,form,label,A form label is,"['<|endoftext|>', 'A', ' form', ' label', ' is']",2,3,gpt2-medium
form_label,4,10,0.104,form,label,A form label is,"['<|endoftext|>', 'A', ' form', ' label', ' is']",2,3,gpt2-medium
form_label,4,11,0.6986,form,label,A form label is,"['<|endoftext|>', 'A', ' form', ' label', ' is']",2,3,gpt2-medium
form_label,4,12,0.9107,form,label,A form label is,"['<|endoftext|>', 'A', ' form', ' label', ' is']",2,3,gpt2-medium
form_label,4,13,0.9997,form,label,A form label is,"['<|endoftext|>', 'A', ' form', ' label', ' is']",2,3,gpt2-medium
form_label,4,14,0.058,form,label,A form label is,"['<|endoftext|>', 'A', ' form', ' label', ' is']",2,3,gpt2-medium
form_label,4,15,0.0178,form,label,A form label is,"['<|endoftext|>', 'A', ' form', ' label', ' is']",2,3,gpt2-medium
form_label,5,0,0.0172,form,label,A form label is,"['<|endoftext|>', 'A', ' form', ' label', ' is']",2,3,gpt2-medium
form_label,5,1,0.0711,form,label,A form label is,"['<|endoftext|>', 'A', ' form', ' label', ' is']",2,3,gpt2-medium
form_label,5,2,0.5982,form,label,A form label is,"['<|endoftext|>', 'A', ' form', ' label', ' is']",2,3,gpt2-medium
form_label,5,3,0.0586,form,label,A form label is,"['<|endoftext|>', 'A', ' form', ' label', ' is']",2,3,gpt2-medium
form_label,5,4,0.5868,form,label,A form label is,"['<|endoftext|>', 'A', ' form', ' label', ' is']",2,3,gpt2-medium
form_label,5,5,0.0381,form,label,A form label is,"['<|endoftext|>', 'A', ' form', ' label', ' is']",2,3,gpt2-medium
form_label,5,6,0.023,form,label,A form label is,"['<|endoftext|>', 'A', ' form', ' label', ' is']",2,3,gpt2-medium
form_label,5,7,0.3278,form,label,A form label is,"['<|endoftext|>', 'A', ' form', ' label', ' is']",2,3,gpt2-medium
form_label,5,8,0.0003,form,label,A form label is,"['<|endoftext|>', 'A', ' form', ' label', ' is']",2,3,gpt2-medium
form_label,5,9,0.1675,form,label,A form label is,"['<|endoftext|>', 'A', ' form', ' label', ' is']",2,3,gpt2-medium
form_label,5,10,0.0171,form,label,A form label is,"['<|endoftext|>', 'A', ' form', ' label', ' is']",2,3,gpt2-medium
form_label,5,11,0.9924,form,label,A form label is,"['<|endoftext|>', 'A', ' form', ' label', ' is']",2,3,gpt2-medium
form_label,5,12,0.1328,form,label,A form label is,"['<|endoftext|>', 'A', ' form', ' label', ' is']",2,3,gpt2-medium
form_label,5,13,0.1137,form,label,A form label is,"['<|endoftext|>', 'A', ' form', ' label', ' is']",2,3,gpt2-medium
form_label,5,14,0.0157,form,label,A form label is,"['<|endoftext|>', 'A', ' form', ' label', ' is']",2,3,gpt2-medium
form_label,5,15,0.2421,form,label,A form label is,"['<|endoftext|>', 'A', ' form', ' label', ' is']",2,3,gpt2-medium
form_label,6,0,0.0026,form,label,A form label is,"['<|endoftext|>', 'A', ' form', ' label', ' is']",2,3,gpt2-medium
form_label,6,1,0.0,form,label,A form label is,"['<|endoftext|>', 'A', ' form', ' label', ' is']",2,3,gpt2-medium
form_label,6,2,0.1303,form,label,A form label is,"['<|endoftext|>', 'A', ' form', ' label', ' is']",2,3,gpt2-medium
form_label,6,3,0.0448,form,label,A form label is,"['<|endoftext|>', 'A', ' form', ' label', ' is']",2,3,gpt2-medium
form_label,6,4,0.0,form,label,A form label is,"['<|endoftext|>', 'A', ' form', ' label', ' is']",2,3,gpt2-medium
form_label,6,5,0.0549,form,label,A form label is,"['<|endoftext|>', 'A', ' form', ' label', ' is']",2,3,gpt2-medium
form_label,6,6,0.0787,form,label,A form label is,"['<|endoftext|>', 'A', ' form', ' label', ' is']",2,3,gpt2-medium
form_label,6,7,0.86,form,label,A form label is,"['<|endoftext|>', 'A', ' form', ' label', ' is']",2,3,gpt2-medium
form_label,6,8,0.0197,form,label,A form label is,"['<|endoftext|>', 'A', ' form', ' label', ' is']",2,3,gpt2-medium
form_label,6,9,0.0093,form,label,A form label is,"['<|endoftext|>', 'A', ' form', ' label', ' is']",2,3,gpt2-medium
form_label,6,10,0.0365,form,label,A form label is,"['<|endoftext|>', 'A', ' form', ' label', ' is']",2,3,gpt2-medium
form_label,6,11,0.0011,form,label,A form label is,"['<|endoftext|>', 'A', ' form', ' label', ' is']",2,3,gpt2-medium
form_label,6,12,0.0161,form,label,A form label is,"['<|endoftext|>', 'A', ' form', ' label', ' is']",2,3,gpt2-medium
form_label,6,13,0.0004,form,label,A form label is,"['<|endoftext|>', 'A', ' form', ' label', ' is']",2,3,gpt2-medium
form_label,6,14,0.656,form,label,A form label is,"['<|endoftext|>', 'A', ' form', ' label', ' is']",2,3,gpt2-medium
form_label,6,15,0.0026,form,label,A form label is,"['<|endoftext|>', 'A', ' form', ' label', ' is']",2,3,gpt2-medium
form_label,7,0,0.0021,form,label,A form label is,"['<|endoftext|>', 'A', ' form', ' label', ' is']",2,3,gpt2-medium
form_label,7,1,0.0977,form,label,A form label is,"['<|endoftext|>', 'A', ' form', ' label', ' is']",2,3,gpt2-medium
form_label,7,2,0.0007,form,label,A form label is,"['<|endoftext|>', 'A', ' form', ' label', ' is']",2,3,gpt2-medium
form_label,7,3,0.1175,form,label,A form label is,"['<|endoftext|>', 'A', ' form', ' label', ' is']",2,3,gpt2-medium
form_label,7,4,0.0186,form,label,A form label is,"['<|endoftext|>', 'A', ' form', ' label', ' is']",2,3,gpt2-medium
form_label,7,5,0.001,form,label,A form label is,"['<|endoftext|>', 'A', ' form', ' label', ' is']",2,3,gpt2-medium
form_label,7,6,0.1284,form,label,A form label is,"['<|endoftext|>', 'A', ' form', ' label', ' is']",2,3,gpt2-medium
form_label,7,7,0.0028,form,label,A form label is,"['<|endoftext|>', 'A', ' form', ' label', ' is']",2,3,gpt2-medium
form_label,7,8,0.0187,form,label,A form label is,"['<|endoftext|>', 'A', ' form', ' label', ' is']",2,3,gpt2-medium
form_label,7,9,0.0735,form,label,A form label is,"['<|endoftext|>', 'A', ' form', ' label', ' is']",2,3,gpt2-medium
form_label,7,10,0.0711,form,label,A form label is,"['<|endoftext|>', 'A', ' form', ' label', ' is']",2,3,gpt2-medium
form_label,7,11,0.0,form,label,A form label is,"['<|endoftext|>', 'A', ' form', ' label', ' is']",2,3,gpt2-medium
form_label,7,12,0.444,form,label,A form label is,"['<|endoftext|>', 'A', ' form', ' label', ' is']",2,3,gpt2-medium
form_label,7,13,0.158,form,label,A form label is,"['<|endoftext|>', 'A', ' form', ' label', ' is']",2,3,gpt2-medium
form_label,7,14,0.0997,form,label,A form label is,"['<|endoftext|>', 'A', ' form', ' label', ' is']",2,3,gpt2-medium
form_label,7,15,0.0201,form,label,A form label is,"['<|endoftext|>', 'A', ' form', ' label', ' is']",2,3,gpt2-medium
form_label,8,0,0.0092,form,label,A form label is,"['<|endoftext|>', 'A', ' form', ' label', ' is']",2,3,gpt2-medium
form_label,8,1,0.1536,form,label,A form label is,"['<|endoftext|>', 'A', ' form', ' label', ' is']",2,3,gpt2-medium
form_label,8,2,0.0434,form,label,A form label is,"['<|endoftext|>', 'A', ' form', ' label', ' is']",2,3,gpt2-medium
form_label,8,3,0.008,form,label,A form label is,"['<|endoftext|>', 'A', ' form', ' label', ' is']",2,3,gpt2-medium
form_label,8,4,0.0079,form,label,A form label is,"['<|endoftext|>', 'A', ' form', ' label', ' is']",2,3,gpt2-medium
form_label,8,5,0.2271,form,label,A form label is,"['<|endoftext|>', 'A', ' form', ' label', ' is']",2,3,gpt2-medium
form_label,8,6,0.6286,form,label,A form label is,"['<|endoftext|>', 'A', ' form', ' label', ' is']",2,3,gpt2-medium
form_label,8,7,0.0228,form,label,A form label is,"['<|endoftext|>', 'A', ' form', ' label', ' is']",2,3,gpt2-medium
form_label,8,8,0.0092,form,label,A form label is,"['<|endoftext|>', 'A', ' form', ' label', ' is']",2,3,gpt2-medium
form_label,8,9,0.0043,form,label,A form label is,"['<|endoftext|>', 'A', ' form', ' label', ' is']",2,3,gpt2-medium
form_label,8,10,0.0004,form,label,A form label is,"['<|endoftext|>', 'A', ' form', ' label', ' is']",2,3,gpt2-medium
form_label,8,11,0.0374,form,label,A form label is,"['<|endoftext|>', 'A', ' form', ' label', ' is']",2,3,gpt2-medium
form_label,8,12,0.0343,form,label,A form label is,"['<|endoftext|>', 'A', ' form', ' label', ' is']",2,3,gpt2-medium
form_label,8,13,0.0104,form,label,A form label is,"['<|endoftext|>', 'A', ' form', ' label', ' is']",2,3,gpt2-medium
form_label,8,14,0.1352,form,label,A form label is,"['<|endoftext|>', 'A', ' form', ' label', ' is']",2,3,gpt2-medium
form_label,8,15,0.0285,form,label,A form label is,"['<|endoftext|>', 'A', ' form', ' label', ' is']",2,3,gpt2-medium
form_label,9,0,0.0289,form,label,A form label is,"['<|endoftext|>', 'A', ' form', ' label', ' is']",2,3,gpt2-medium
form_label,9,1,0.1016,form,label,A form label is,"['<|endoftext|>', 'A', ' form', ' label', ' is']",2,3,gpt2-medium
form_label,9,2,0.0585,form,label,A form label is,"['<|endoftext|>', 'A', ' form', ' label', ' is']",2,3,gpt2-medium
form_label,9,3,0.0007,form,label,A form label is,"['<|endoftext|>', 'A', ' form', ' label', ' is']",2,3,gpt2-medium
form_label,9,4,0.0004,form,label,A form label is,"['<|endoftext|>', 'A', ' form', ' label', ' is']",2,3,gpt2-medium
form_label,9,5,0.0438,form,label,A form label is,"['<|endoftext|>', 'A', ' form', ' label', ' is']",2,3,gpt2-medium
form_label,9,6,0.0264,form,label,A form label is,"['<|endoftext|>', 'A', ' form', ' label', ' is']",2,3,gpt2-medium
form_label,9,7,0.0009,form,label,A form label is,"['<|endoftext|>', 'A', ' form', ' label', ' is']",2,3,gpt2-medium
form_label,9,8,0.0593,form,label,A form label is,"['<|endoftext|>', 'A', ' form', ' label', ' is']",2,3,gpt2-medium
form_label,9,9,0.0,form,label,A form label is,"['<|endoftext|>', 'A', ' form', ' label', ' is']",2,3,gpt2-medium
form_label,9,10,0.0091,form,label,A form label is,"['<|endoftext|>', 'A', ' form', ' label', ' is']",2,3,gpt2-medium
form_label,9,11,0.0358,form,label,A form label is,"['<|endoftext|>', 'A', ' form', ' label', ' is']",2,3,gpt2-medium
form_label,9,12,0.0,form,label,A form label is,"['<|endoftext|>', 'A', ' form', ' label', ' is']",2,3,gpt2-medium
form_label,9,13,0.0091,form,label,A form label is,"['<|endoftext|>', 'A', ' form', ' label', ' is']",2,3,gpt2-medium
form_label,9,14,0.0137,form,label,A form label is,"['<|endoftext|>', 'A', ' form', ' label', ' is']",2,3,gpt2-medium
form_label,9,15,0.4162,form,label,A form label is,"['<|endoftext|>', 'A', ' form', ' label', ' is']",2,3,gpt2-medium
form_label,10,0,0.0325,form,label,A form label is,"['<|endoftext|>', 'A', ' form', ' label', ' is']",2,3,gpt2-medium
form_label,10,1,0.0001,form,label,A form label is,"['<|endoftext|>', 'A', ' form', ' label', ' is']",2,3,gpt2-medium
form_label,10,2,0.0035,form,label,A form label is,"['<|endoftext|>', 'A', ' form', ' label', ' is']",2,3,gpt2-medium
form_label,10,3,0.0953,form,label,A form label is,"['<|endoftext|>', 'A', ' form', ' label', ' is']",2,3,gpt2-medium
form_label,10,4,0.0315,form,label,A form label is,"['<|endoftext|>', 'A', ' form', ' label', ' is']",2,3,gpt2-medium
form_label,10,5,0.2036,form,label,A form label is,"['<|endoftext|>', 'A', ' form', ' label', ' is']",2,3,gpt2-medium
form_label,10,6,0.0215,form,label,A form label is,"['<|endoftext|>', 'A', ' form', ' label', ' is']",2,3,gpt2-medium
form_label,10,7,0.0166,form,label,A form label is,"['<|endoftext|>', 'A', ' form', ' label', ' is']",2,3,gpt2-medium
form_label,10,8,0.0001,form,label,A form label is,"['<|endoftext|>', 'A', ' form', ' label', ' is']",2,3,gpt2-medium
form_label,10,9,0.0115,form,label,A form label is,"['<|endoftext|>', 'A', ' form', ' label', ' is']",2,3,gpt2-medium
form_label,10,10,0.528,form,label,A form label is,"['<|endoftext|>', 'A', ' form', ' label', ' is']",2,3,gpt2-medium
form_label,10,11,0.0642,form,label,A form label is,"['<|endoftext|>', 'A', ' form', ' label', ' is']",2,3,gpt2-medium
form_label,10,12,0.0795,form,label,A form label is,"['<|endoftext|>', 'A', ' form', ' label', ' is']",2,3,gpt2-medium
form_label,10,13,0.0031,form,label,A form label is,"['<|endoftext|>', 'A', ' form', ' label', ' is']",2,3,gpt2-medium
form_label,10,14,0.1181,form,label,A form label is,"['<|endoftext|>', 'A', ' form', ' label', ' is']",2,3,gpt2-medium
form_label,10,15,0.0259,form,label,A form label is,"['<|endoftext|>', 'A', ' form', ' label', ' is']",2,3,gpt2-medium
form_label,11,0,0.0086,form,label,A form label is,"['<|endoftext|>', 'A', ' form', ' label', ' is']",2,3,gpt2-medium
form_label,11,1,0.0,form,label,A form label is,"['<|endoftext|>', 'A', ' form', ' label', ' is']",2,3,gpt2-medium
form_label,11,2,0.0028,form,label,A form label is,"['<|endoftext|>', 'A', ' form', ' label', ' is']",2,3,gpt2-medium
form_label,11,3,0.001,form,label,A form label is,"['<|endoftext|>', 'A', ' form', ' label', ' is']",2,3,gpt2-medium
form_label,11,4,0.0061,form,label,A form label is,"['<|endoftext|>', 'A', ' form', ' label', ' is']",2,3,gpt2-medium
form_label,11,5,0.0606,form,label,A form label is,"['<|endoftext|>', 'A', ' form', ' label', ' is']",2,3,gpt2-medium
form_label,11,6,0.6291,form,label,A form label is,"['<|endoftext|>', 'A', ' form', ' label', ' is']",2,3,gpt2-medium
form_label,11,7,0.1154,form,label,A form label is,"['<|endoftext|>', 'A', ' form', ' label', ' is']",2,3,gpt2-medium
form_label,11,8,0.0282,form,label,A form label is,"['<|endoftext|>', 'A', ' form', ' label', ' is']",2,3,gpt2-medium
form_label,11,9,0.0545,form,label,A form label is,"['<|endoftext|>', 'A', ' form', ' label', ' is']",2,3,gpt2-medium
form_label,11,10,0.0165,form,label,A form label is,"['<|endoftext|>', 'A', ' form', ' label', ' is']",2,3,gpt2-medium
form_label,11,11,0.0051,form,label,A form label is,"['<|endoftext|>', 'A', ' form', ' label', ' is']",2,3,gpt2-medium
form_label,11,12,0.0554,form,label,A form label is,"['<|endoftext|>', 'A', ' form', ' label', ' is']",2,3,gpt2-medium
form_label,11,13,0.2533,form,label,A form label is,"['<|endoftext|>', 'A', ' form', ' label', ' is']",2,3,gpt2-medium
form_label,11,14,0.0008,form,label,A form label is,"['<|endoftext|>', 'A', ' form', ' label', ' is']",2,3,gpt2-medium
form_label,11,15,0.0672,form,label,A form label is,"['<|endoftext|>', 'A', ' form', ' label', ' is']",2,3,gpt2-medium
form_label,12,0,0.0005,form,label,A form label is,"['<|endoftext|>', 'A', ' form', ' label', ' is']",2,3,gpt2-medium
form_label,12,1,0.0,form,label,A form label is,"['<|endoftext|>', 'A', ' form', ' label', ' is']",2,3,gpt2-medium
form_label,12,2,0.0036,form,label,A form label is,"['<|endoftext|>', 'A', ' form', ' label', ' is']",2,3,gpt2-medium
form_label,12,3,0.0073,form,label,A form label is,"['<|endoftext|>', 'A', ' form', ' label', ' is']",2,3,gpt2-medium
form_label,12,4,0.0144,form,label,A form label is,"['<|endoftext|>', 'A', ' form', ' label', ' is']",2,3,gpt2-medium
form_label,12,5,0.0436,form,label,A form label is,"['<|endoftext|>', 'A', ' form', ' label', ' is']",2,3,gpt2-medium
form_label,12,6,0.0071,form,label,A form label is,"['<|endoftext|>', 'A', ' form', ' label', ' is']",2,3,gpt2-medium
form_label,12,7,0.0247,form,label,A form label is,"['<|endoftext|>', 'A', ' form', ' label', ' is']",2,3,gpt2-medium
form_label,12,8,0.2963,form,label,A form label is,"['<|endoftext|>', 'A', ' form', ' label', ' is']",2,3,gpt2-medium
form_label,12,9,0.0034,form,label,A form label is,"['<|endoftext|>', 'A', ' form', ' label', ' is']",2,3,gpt2-medium
form_label,12,10,0.0185,form,label,A form label is,"['<|endoftext|>', 'A', ' form', ' label', ' is']",2,3,gpt2-medium
form_label,12,11,0.0023,form,label,A form label is,"['<|endoftext|>', 'A', ' form', ' label', ' is']",2,3,gpt2-medium
form_label,12,12,0.0057,form,label,A form label is,"['<|endoftext|>', 'A', ' form', ' label', ' is']",2,3,gpt2-medium
form_label,12,13,0.001,form,label,A form label is,"['<|endoftext|>', 'A', ' form', ' label', ' is']",2,3,gpt2-medium
form_label,12,14,0.0106,form,label,A form label is,"['<|endoftext|>', 'A', ' form', ' label', ' is']",2,3,gpt2-medium
form_label,12,15,0.049,form,label,A form label is,"['<|endoftext|>', 'A', ' form', ' label', ' is']",2,3,gpt2-medium
form_label,13,0,0.0049,form,label,A form label is,"['<|endoftext|>', 'A', ' form', ' label', ' is']",2,3,gpt2-medium
form_label,13,1,0.0072,form,label,A form label is,"['<|endoftext|>', 'A', ' form', ' label', ' is']",2,3,gpt2-medium
form_label,13,2,0.0028,form,label,A form label is,"['<|endoftext|>', 'A', ' form', ' label', ' is']",2,3,gpt2-medium
form_label,13,3,0.9544,form,label,A form label is,"['<|endoftext|>', 'A', ' form', ' label', ' is']",2,3,gpt2-medium
form_label,13,4,0.0219,form,label,A form label is,"['<|endoftext|>', 'A', ' form', ' label', ' is']",2,3,gpt2-medium
form_label,13,5,0.2569,form,label,A form label is,"['<|endoftext|>', 'A', ' form', ' label', ' is']",2,3,gpt2-medium
form_label,13,6,0.0066,form,label,A form label is,"['<|endoftext|>', 'A', ' form', ' label', ' is']",2,3,gpt2-medium
form_label,13,7,0.0166,form,label,A form label is,"['<|endoftext|>', 'A', ' form', ' label', ' is']",2,3,gpt2-medium
form_label,13,8,0.0331,form,label,A form label is,"['<|endoftext|>', 'A', ' form', ' label', ' is']",2,3,gpt2-medium
form_label,13,9,0.0872,form,label,A form label is,"['<|endoftext|>', 'A', ' form', ' label', ' is']",2,3,gpt2-medium
form_label,13,10,0.0123,form,label,A form label is,"['<|endoftext|>', 'A', ' form', ' label', ' is']",2,3,gpt2-medium
form_label,13,11,0.0145,form,label,A form label is,"['<|endoftext|>', 'A', ' form', ' label', ' is']",2,3,gpt2-medium
form_label,13,12,0.0063,form,label,A form label is,"['<|endoftext|>', 'A', ' form', ' label', ' is']",2,3,gpt2-medium
form_label,13,13,0.0351,form,label,A form label is,"['<|endoftext|>', 'A', ' form', ' label', ' is']",2,3,gpt2-medium
form_label,13,14,0.0,form,label,A form label is,"['<|endoftext|>', 'A', ' form', ' label', ' is']",2,3,gpt2-medium
form_label,13,15,0.1303,form,label,A form label is,"['<|endoftext|>', 'A', ' form', ' label', ' is']",2,3,gpt2-medium
form_label,14,0,0.0056,form,label,A form label is,"['<|endoftext|>', 'A', ' form', ' label', ' is']",2,3,gpt2-medium
form_label,14,1,0.0438,form,label,A form label is,"['<|endoftext|>', 'A', ' form', ' label', ' is']",2,3,gpt2-medium
form_label,14,2,0.002,form,label,A form label is,"['<|endoftext|>', 'A', ' form', ' label', ' is']",2,3,gpt2-medium
form_label,14,3,0.2182,form,label,A form label is,"['<|endoftext|>', 'A', ' form', ' label', ' is']",2,3,gpt2-medium
form_label,14,4,0.0497,form,label,A form label is,"['<|endoftext|>', 'A', ' form', ' label', ' is']",2,3,gpt2-medium
form_label,14,5,0.0007,form,label,A form label is,"['<|endoftext|>', 'A', ' form', ' label', ' is']",2,3,gpt2-medium
form_label,14,6,0.0154,form,label,A form label is,"['<|endoftext|>', 'A', ' form', ' label', ' is']",2,3,gpt2-medium
form_label,14,7,0.3836,form,label,A form label is,"['<|endoftext|>', 'A', ' form', ' label', ' is']",2,3,gpt2-medium
form_label,14,8,0.1021,form,label,A form label is,"['<|endoftext|>', 'A', ' form', ' label', ' is']",2,3,gpt2-medium
form_label,14,9,0.0,form,label,A form label is,"['<|endoftext|>', 'A', ' form', ' label', ' is']",2,3,gpt2-medium
form_label,14,10,0.1278,form,label,A form label is,"['<|endoftext|>', 'A', ' form', ' label', ' is']",2,3,gpt2-medium
form_label,14,11,0.0139,form,label,A form label is,"['<|endoftext|>', 'A', ' form', ' label', ' is']",2,3,gpt2-medium
form_label,14,12,0.0431,form,label,A form label is,"['<|endoftext|>', 'A', ' form', ' label', ' is']",2,3,gpt2-medium
form_label,14,13,0.0176,form,label,A form label is,"['<|endoftext|>', 'A', ' form', ' label', ' is']",2,3,gpt2-medium
form_label,14,14,0.0028,form,label,A form label is,"['<|endoftext|>', 'A', ' form', ' label', ' is']",2,3,gpt2-medium
form_label,14,15,0.0226,form,label,A form label is,"['<|endoftext|>', 'A', ' form', ' label', ' is']",2,3,gpt2-medium
form_label,15,0,0.0037,form,label,A form label is,"['<|endoftext|>', 'A', ' form', ' label', ' is']",2,3,gpt2-medium
form_label,15,1,0.123,form,label,A form label is,"['<|endoftext|>', 'A', ' form', ' label', ' is']",2,3,gpt2-medium
form_label,15,2,0.0152,form,label,A form label is,"['<|endoftext|>', 'A', ' form', ' label', ' is']",2,3,gpt2-medium
form_label,15,3,0.1164,form,label,A form label is,"['<|endoftext|>', 'A', ' form', ' label', ' is']",2,3,gpt2-medium
form_label,15,4,0.0342,form,label,A form label is,"['<|endoftext|>', 'A', ' form', ' label', ' is']",2,3,gpt2-medium
form_label,15,5,0.0832,form,label,A form label is,"['<|endoftext|>', 'A', ' form', ' label', ' is']",2,3,gpt2-medium
form_label,15,6,0.0231,form,label,A form label is,"['<|endoftext|>', 'A', ' form', ' label', ' is']",2,3,gpt2-medium
form_label,15,7,0.0547,form,label,A form label is,"['<|endoftext|>', 'A', ' form', ' label', ' is']",2,3,gpt2-medium
form_label,15,8,0.0552,form,label,A form label is,"['<|endoftext|>', 'A', ' form', ' label', ' is']",2,3,gpt2-medium
form_label,15,9,0.0108,form,label,A form label is,"['<|endoftext|>', 'A', ' form', ' label', ' is']",2,3,gpt2-medium
form_label,15,10,0.0876,form,label,A form label is,"['<|endoftext|>', 'A', ' form', ' label', ' is']",2,3,gpt2-medium
form_label,15,11,0.0387,form,label,A form label is,"['<|endoftext|>', 'A', ' form', ' label', ' is']",2,3,gpt2-medium
form_label,15,12,0.0005,form,label,A form label is,"['<|endoftext|>', 'A', ' form', ' label', ' is']",2,3,gpt2-medium
form_label,15,13,0.0829,form,label,A form label is,"['<|endoftext|>', 'A', ' form', ' label', ' is']",2,3,gpt2-medium
form_label,15,14,0.0586,form,label,A form label is,"['<|endoftext|>', 'A', ' form', ' label', ' is']",2,3,gpt2-medium
form_label,15,15,0.0529,form,label,A form label is,"['<|endoftext|>', 'A', ' form', ' label', ' is']",2,3,gpt2-medium
form_label,16,0,0.0126,form,label,A form label is,"['<|endoftext|>', 'A', ' form', ' label', ' is']",2,3,gpt2-medium
form_label,16,1,0.0085,form,label,A form label is,"['<|endoftext|>', 'A', ' form', ' label', ' is']",2,3,gpt2-medium
form_label,16,2,0.0045,form,label,A form label is,"['<|endoftext|>', 'A', ' form', ' label', ' is']",2,3,gpt2-medium
form_label,16,3,0.0058,form,label,A form label is,"['<|endoftext|>', 'A', ' form', ' label', ' is']",2,3,gpt2-medium
form_label,16,4,0.0363,form,label,A form label is,"['<|endoftext|>', 'A', ' form', ' label', ' is']",2,3,gpt2-medium
form_label,16,5,0.1293,form,label,A form label is,"['<|endoftext|>', 'A', ' form', ' label', ' is']",2,3,gpt2-medium
form_label,16,6,0.0449,form,label,A form label is,"['<|endoftext|>', 'A', ' form', ' label', ' is']",2,3,gpt2-medium
form_label,16,7,0.0775,form,label,A form label is,"['<|endoftext|>', 'A', ' form', ' label', ' is']",2,3,gpt2-medium
form_label,16,8,0.0818,form,label,A form label is,"['<|endoftext|>', 'A', ' form', ' label', ' is']",2,3,gpt2-medium
form_label,16,9,0.0018,form,label,A form label is,"['<|endoftext|>', 'A', ' form', ' label', ' is']",2,3,gpt2-medium
form_label,16,10,0.2693,form,label,A form label is,"['<|endoftext|>', 'A', ' form', ' label', ' is']",2,3,gpt2-medium
form_label,16,11,0.001,form,label,A form label is,"['<|endoftext|>', 'A', ' form', ' label', ' is']",2,3,gpt2-medium
form_label,16,12,0.0221,form,label,A form label is,"['<|endoftext|>', 'A', ' form', ' label', ' is']",2,3,gpt2-medium
form_label,16,13,0.0155,form,label,A form label is,"['<|endoftext|>', 'A', ' form', ' label', ' is']",2,3,gpt2-medium
form_label,16,14,0.0022,form,label,A form label is,"['<|endoftext|>', 'A', ' form', ' label', ' is']",2,3,gpt2-medium
form_label,16,15,0.0082,form,label,A form label is,"['<|endoftext|>', 'A', ' form', ' label', ' is']",2,3,gpt2-medium
form_label,17,0,0.0041,form,label,A form label is,"['<|endoftext|>', 'A', ' form', ' label', ' is']",2,3,gpt2-medium
form_label,17,1,0.0112,form,label,A form label is,"['<|endoftext|>', 'A', ' form', ' label', ' is']",2,3,gpt2-medium
form_label,17,2,0.0008,form,label,A form label is,"['<|endoftext|>', 'A', ' form', ' label', ' is']",2,3,gpt2-medium
form_label,17,3,0.0014,form,label,A form label is,"['<|endoftext|>', 'A', ' form', ' label', ' is']",2,3,gpt2-medium
form_label,17,4,0.012,form,label,A form label is,"['<|endoftext|>', 'A', ' form', ' label', ' is']",2,3,gpt2-medium
form_label,17,5,0.0175,form,label,A form label is,"['<|endoftext|>', 'A', ' form', ' label', ' is']",2,3,gpt2-medium
form_label,17,6,0.0412,form,label,A form label is,"['<|endoftext|>', 'A', ' form', ' label', ' is']",2,3,gpt2-medium
form_label,17,7,0.0063,form,label,A form label is,"['<|endoftext|>', 'A', ' form', ' label', ' is']",2,3,gpt2-medium
form_label,17,8,0.0065,form,label,A form label is,"['<|endoftext|>', 'A', ' form', ' label', ' is']",2,3,gpt2-medium
form_label,17,9,0.0082,form,label,A form label is,"['<|endoftext|>', 'A', ' form', ' label', ' is']",2,3,gpt2-medium
form_label,17,10,0.0149,form,label,A form label is,"['<|endoftext|>', 'A', ' form', ' label', ' is']",2,3,gpt2-medium
form_label,17,11,0.1781,form,label,A form label is,"['<|endoftext|>', 'A', ' form', ' label', ' is']",2,3,gpt2-medium
form_label,17,12,0.1056,form,label,A form label is,"['<|endoftext|>', 'A', ' form', ' label', ' is']",2,3,gpt2-medium
form_label,17,13,0.0288,form,label,A form label is,"['<|endoftext|>', 'A', ' form', ' label', ' is']",2,3,gpt2-medium
form_label,17,14,0.0558,form,label,A form label is,"['<|endoftext|>', 'A', ' form', ' label', ' is']",2,3,gpt2-medium
form_label,17,15,0.1311,form,label,A form label is,"['<|endoftext|>', 'A', ' form', ' label', ' is']",2,3,gpt2-medium
form_label,18,0,0.0085,form,label,A form label is,"['<|endoftext|>', 'A', ' form', ' label', ' is']",2,3,gpt2-medium
form_label,18,1,0.0405,form,label,A form label is,"['<|endoftext|>', 'A', ' form', ' label', ' is']",2,3,gpt2-medium
form_label,18,2,0.0048,form,label,A form label is,"['<|endoftext|>', 'A', ' form', ' label', ' is']",2,3,gpt2-medium
form_label,18,3,0.8488,form,label,A form label is,"['<|endoftext|>', 'A', ' form', ' label', ' is']",2,3,gpt2-medium
form_label,18,4,0.0027,form,label,A form label is,"['<|endoftext|>', 'A', ' form', ' label', ' is']",2,3,gpt2-medium
form_label,18,5,0.0038,form,label,A form label is,"['<|endoftext|>', 'A', ' form', ' label', ' is']",2,3,gpt2-medium
form_label,18,6,0.0275,form,label,A form label is,"['<|endoftext|>', 'A', ' form', ' label', ' is']",2,3,gpt2-medium
form_label,18,7,0.0078,form,label,A form label is,"['<|endoftext|>', 'A', ' form', ' label', ' is']",2,3,gpt2-medium
form_label,18,8,0.0016,form,label,A form label is,"['<|endoftext|>', 'A', ' form', ' label', ' is']",2,3,gpt2-medium
form_label,18,9,0.0094,form,label,A form label is,"['<|endoftext|>', 'A', ' form', ' label', ' is']",2,3,gpt2-medium
form_label,18,10,0.014,form,label,A form label is,"['<|endoftext|>', 'A', ' form', ' label', ' is']",2,3,gpt2-medium
form_label,18,11,0.0146,form,label,A form label is,"['<|endoftext|>', 'A', ' form', ' label', ' is']",2,3,gpt2-medium
form_label,18,12,0.0026,form,label,A form label is,"['<|endoftext|>', 'A', ' form', ' label', ' is']",2,3,gpt2-medium
form_label,18,13,0.024,form,label,A form label is,"['<|endoftext|>', 'A', ' form', ' label', ' is']",2,3,gpt2-medium
form_label,18,14,0.5472,form,label,A form label is,"['<|endoftext|>', 'A', ' form', ' label', ' is']",2,3,gpt2-medium
form_label,18,15,0.1007,form,label,A form label is,"['<|endoftext|>', 'A', ' form', ' label', ' is']",2,3,gpt2-medium
form_label,19,0,0.0161,form,label,A form label is,"['<|endoftext|>', 'A', ' form', ' label', ' is']",2,3,gpt2-medium
form_label,19,1,0.0287,form,label,A form label is,"['<|endoftext|>', 'A', ' form', ' label', ' is']",2,3,gpt2-medium
form_label,19,2,0.0078,form,label,A form label is,"['<|endoftext|>', 'A', ' form', ' label', ' is']",2,3,gpt2-medium
form_label,19,3,0.0048,form,label,A form label is,"['<|endoftext|>', 'A', ' form', ' label', ' is']",2,3,gpt2-medium
form_label,19,4,0.0033,form,label,A form label is,"['<|endoftext|>', 'A', ' form', ' label', ' is']",2,3,gpt2-medium
form_label,19,5,0.0654,form,label,A form label is,"['<|endoftext|>', 'A', ' form', ' label', ' is']",2,3,gpt2-medium
form_label,19,6,0.0596,form,label,A form label is,"['<|endoftext|>', 'A', ' form', ' label', ' is']",2,3,gpt2-medium
form_label,19,7,0.0088,form,label,A form label is,"['<|endoftext|>', 'A', ' form', ' label', ' is']",2,3,gpt2-medium
form_label,19,8,0.0032,form,label,A form label is,"['<|endoftext|>', 'A', ' form', ' label', ' is']",2,3,gpt2-medium
form_label,19,9,0.0126,form,label,A form label is,"['<|endoftext|>', 'A', ' form', ' label', ' is']",2,3,gpt2-medium
form_label,19,10,0.0179,form,label,A form label is,"['<|endoftext|>', 'A', ' form', ' label', ' is']",2,3,gpt2-medium
form_label,19,11,0.0065,form,label,A form label is,"['<|endoftext|>', 'A', ' form', ' label', ' is']",2,3,gpt2-medium
form_label,19,12,0.0008,form,label,A form label is,"['<|endoftext|>', 'A', ' form', ' label', ' is']",2,3,gpt2-medium
form_label,19,13,0.0241,form,label,A form label is,"['<|endoftext|>', 'A', ' form', ' label', ' is']",2,3,gpt2-medium
form_label,19,14,0.1215,form,label,A form label is,"['<|endoftext|>', 'A', ' form', ' label', ' is']",2,3,gpt2-medium
form_label,19,15,0.0369,form,label,A form label is,"['<|endoftext|>', 'A', ' form', ' label', ' is']",2,3,gpt2-medium
form_label,20,0,0.0069,form,label,A form label is,"['<|endoftext|>', 'A', ' form', ' label', ' is']",2,3,gpt2-medium
form_label,20,1,0.0953,form,label,A form label is,"['<|endoftext|>', 'A', ' form', ' label', ' is']",2,3,gpt2-medium
form_label,20,2,0.2218,form,label,A form label is,"['<|endoftext|>', 'A', ' form', ' label', ' is']",2,3,gpt2-medium
form_label,20,3,0.0155,form,label,A form label is,"['<|endoftext|>', 'A', ' form', ' label', ' is']",2,3,gpt2-medium
form_label,20,4,0.0017,form,label,A form label is,"['<|endoftext|>', 'A', ' form', ' label', ' is']",2,3,gpt2-medium
form_label,20,5,0.0152,form,label,A form label is,"['<|endoftext|>', 'A', ' form', ' label', ' is']",2,3,gpt2-medium
form_label,20,6,0.001,form,label,A form label is,"['<|endoftext|>', 'A', ' form', ' label', ' is']",2,3,gpt2-medium
form_label,20,7,0.0125,form,label,A form label is,"['<|endoftext|>', 'A', ' form', ' label', ' is']",2,3,gpt2-medium
form_label,20,8,0.0042,form,label,A form label is,"['<|endoftext|>', 'A', ' form', ' label', ' is']",2,3,gpt2-medium
form_label,20,9,0.0158,form,label,A form label is,"['<|endoftext|>', 'A', ' form', ' label', ' is']",2,3,gpt2-medium
form_label,20,10,0.0063,form,label,A form label is,"['<|endoftext|>', 'A', ' form', ' label', ' is']",2,3,gpt2-medium
form_label,20,11,0.0037,form,label,A form label is,"['<|endoftext|>', 'A', ' form', ' label', ' is']",2,3,gpt2-medium
form_label,20,12,0.0108,form,label,A form label is,"['<|endoftext|>', 'A', ' form', ' label', ' is']",2,3,gpt2-medium
form_label,20,13,0.0041,form,label,A form label is,"['<|endoftext|>', 'A', ' form', ' label', ' is']",2,3,gpt2-medium
form_label,20,14,0.0062,form,label,A form label is,"['<|endoftext|>', 'A', ' form', ' label', ' is']",2,3,gpt2-medium
form_label,20,15,0.0049,form,label,A form label is,"['<|endoftext|>', 'A', ' form', ' label', ' is']",2,3,gpt2-medium
form_label,21,0,0.0056,form,label,A form label is,"['<|endoftext|>', 'A', ' form', ' label', ' is']",2,3,gpt2-medium
form_label,21,1,0.2335,form,label,A form label is,"['<|endoftext|>', 'A', ' form', ' label', ' is']",2,3,gpt2-medium
form_label,21,2,0.0087,form,label,A form label is,"['<|endoftext|>', 'A', ' form', ' label', ' is']",2,3,gpt2-medium
form_label,21,3,0.0002,form,label,A form label is,"['<|endoftext|>', 'A', ' form', ' label', ' is']",2,3,gpt2-medium
form_label,21,4,0.0194,form,label,A form label is,"['<|endoftext|>', 'A', ' form', ' label', ' is']",2,3,gpt2-medium
form_label,21,5,0.0022,form,label,A form label is,"['<|endoftext|>', 'A', ' form', ' label', ' is']",2,3,gpt2-medium
form_label,21,6,0.3929,form,label,A form label is,"['<|endoftext|>', 'A', ' form', ' label', ' is']",2,3,gpt2-medium
form_label,21,7,0.0565,form,label,A form label is,"['<|endoftext|>', 'A', ' form', ' label', ' is']",2,3,gpt2-medium
form_label,21,8,0.0298,form,label,A form label is,"['<|endoftext|>', 'A', ' form', ' label', ' is']",2,3,gpt2-medium
form_label,21,9,0.0065,form,label,A form label is,"['<|endoftext|>', 'A', ' form', ' label', ' is']",2,3,gpt2-medium
form_label,21,10,0.0028,form,label,A form label is,"['<|endoftext|>', 'A', ' form', ' label', ' is']",2,3,gpt2-medium
form_label,21,11,0.0116,form,label,A form label is,"['<|endoftext|>', 'A', ' form', ' label', ' is']",2,3,gpt2-medium
form_label,21,12,0.0017,form,label,A form label is,"['<|endoftext|>', 'A', ' form', ' label', ' is']",2,3,gpt2-medium
form_label,21,13,0.0069,form,label,A form label is,"['<|endoftext|>', 'A', ' form', ' label', ' is']",2,3,gpt2-medium
form_label,21,14,0.0295,form,label,A form label is,"['<|endoftext|>', 'A', ' form', ' label', ' is']",2,3,gpt2-medium
form_label,21,15,0.0034,form,label,A form label is,"['<|endoftext|>', 'A', ' form', ' label', ' is']",2,3,gpt2-medium
form_label,22,0,0.0893,form,label,A form label is,"['<|endoftext|>', 'A', ' form', ' label', ' is']",2,3,gpt2-medium
form_label,22,1,0.0049,form,label,A form label is,"['<|endoftext|>', 'A', ' form', ' label', ' is']",2,3,gpt2-medium
form_label,22,2,0.0641,form,label,A form label is,"['<|endoftext|>', 'A', ' form', ' label', ' is']",2,3,gpt2-medium
form_label,22,3,0.0103,form,label,A form label is,"['<|endoftext|>', 'A', ' form', ' label', ' is']",2,3,gpt2-medium
form_label,22,4,0.06,form,label,A form label is,"['<|endoftext|>', 'A', ' form', ' label', ' is']",2,3,gpt2-medium
form_label,22,5,0.0058,form,label,A form label is,"['<|endoftext|>', 'A', ' form', ' label', ' is']",2,3,gpt2-medium
form_label,22,6,0.0158,form,label,A form label is,"['<|endoftext|>', 'A', ' form', ' label', ' is']",2,3,gpt2-medium
form_label,22,7,0.0599,form,label,A form label is,"['<|endoftext|>', 'A', ' form', ' label', ' is']",2,3,gpt2-medium
form_label,22,8,0.0215,form,label,A form label is,"['<|endoftext|>', 'A', ' form', ' label', ' is']",2,3,gpt2-medium
form_label,22,9,0.1334,form,label,A form label is,"['<|endoftext|>', 'A', ' form', ' label', ' is']",2,3,gpt2-medium
form_label,22,10,0.0147,form,label,A form label is,"['<|endoftext|>', 'A', ' form', ' label', ' is']",2,3,gpt2-medium
form_label,22,11,0.0531,form,label,A form label is,"['<|endoftext|>', 'A', ' form', ' label', ' is']",2,3,gpt2-medium
form_label,22,12,0.0088,form,label,A form label is,"['<|endoftext|>', 'A', ' form', ' label', ' is']",2,3,gpt2-medium
form_label,22,13,0.009,form,label,A form label is,"['<|endoftext|>', 'A', ' form', ' label', ' is']",2,3,gpt2-medium
form_label,22,14,0.0198,form,label,A form label is,"['<|endoftext|>', 'A', ' form', ' label', ' is']",2,3,gpt2-medium
form_label,22,15,0.0063,form,label,A form label is,"['<|endoftext|>', 'A', ' form', ' label', ' is']",2,3,gpt2-medium
form_label,23,0,0.0069,form,label,A form label is,"['<|endoftext|>', 'A', ' form', ' label', ' is']",2,3,gpt2-medium
form_label,23,1,0.0216,form,label,A form label is,"['<|endoftext|>', 'A', ' form', ' label', ' is']",2,3,gpt2-medium
form_label,23,2,0.0345,form,label,A form label is,"['<|endoftext|>', 'A', ' form', ' label', ' is']",2,3,gpt2-medium
form_label,23,3,0.0602,form,label,A form label is,"['<|endoftext|>', 'A', ' form', ' label', ' is']",2,3,gpt2-medium
form_label,23,4,0.0269,form,label,A form label is,"['<|endoftext|>', 'A', ' form', ' label', ' is']",2,3,gpt2-medium
form_label,23,5,0.0747,form,label,A form label is,"['<|endoftext|>', 'A', ' form', ' label', ' is']",2,3,gpt2-medium
form_label,23,6,0.2044,form,label,A form label is,"['<|endoftext|>', 'A', ' form', ' label', ' is']",2,3,gpt2-medium
form_label,23,7,0.0173,form,label,A form label is,"['<|endoftext|>', 'A', ' form', ' label', ' is']",2,3,gpt2-medium
form_label,23,8,0.5318,form,label,A form label is,"['<|endoftext|>', 'A', ' form', ' label', ' is']",2,3,gpt2-medium
form_label,23,9,0.0212,form,label,A form label is,"['<|endoftext|>', 'A', ' form', ' label', ' is']",2,3,gpt2-medium
form_label,23,10,0.0203,form,label,A form label is,"['<|endoftext|>', 'A', ' form', ' label', ' is']",2,3,gpt2-medium
form_label,23,11,0.6382,form,label,A form label is,"['<|endoftext|>', 'A', ' form', ' label', ' is']",2,3,gpt2-medium
form_label,23,12,0.0087,form,label,A form label is,"['<|endoftext|>', 'A', ' form', ' label', ' is']",2,3,gpt2-medium
form_label,23,13,0.1879,form,label,A form label is,"['<|endoftext|>', 'A', ' form', ' label', ' is']",2,3,gpt2-medium
form_label,23,14,0.0113,form,label,A form label is,"['<|endoftext|>', 'A', ' form', ' label', ' is']",2,3,gpt2-medium
form_label,23,15,0.0084,form,label,A form label is,"['<|endoftext|>', 'A', ' form', ' label', ' is']",2,3,gpt2-medium
link_text,0,0,0.0398,link,text,Link text describes,"['<|endoftext|>', 'Link', ' text', ' describes']",1,2,gpt2-medium
link_text,0,1,0.2844,link,text,Link text describes,"['<|endoftext|>', 'Link', ' text', ' describes']",1,2,gpt2-medium
link_text,0,2,0.0481,link,text,Link text describes,"['<|endoftext|>', 'Link', ' text', ' describes']",1,2,gpt2-medium
link_text,0,3,0.1284,link,text,Link text describes,"['<|endoftext|>', 'Link', ' text', ' describes']",1,2,gpt2-medium
link_text,0,4,0.2031,link,text,Link text describes,"['<|endoftext|>', 'Link', ' text', ' describes']",1,2,gpt2-medium
link_text,0,5,0.205,link,text,Link text describes,"['<|endoftext|>', 'Link', ' text', ' describes']",1,2,gpt2-medium
link_text,0,6,0.234,link,text,Link text describes,"['<|endoftext|>', 'Link', ' text', ' describes']",1,2,gpt2-medium
link_text,0,7,0.1607,link,text,Link text describes,"['<|endoftext|>', 'Link', ' text', ' describes']",1,2,gpt2-medium
link_text,0,8,0.212,link,text,Link text describes,"['<|endoftext|>', 'Link', ' text', ' describes']",1,2,gpt2-medium
link_text,0,9,0.1155,link,text,Link text describes,"['<|endoftext|>', 'Link', ' text', ' describes']",1,2,gpt2-medium
link_text,0,10,0.3077,link,text,Link text describes,"['<|endoftext|>', 'Link', ' text', ' describes']",1,2,gpt2-medium
link_text,0,11,0.309,link,text,Link text describes,"['<|endoftext|>', 'Link', ' text', ' describes']",1,2,gpt2-medium
link_text,0,12,0.1448,link,text,Link text describes,"['<|endoftext|>', 'Link', ' text', ' describes']",1,2,gpt2-medium
link_text,0,13,0.2369,link,text,Link text describes,"['<|endoftext|>', 'Link', ' text', ' describes']",1,2,gpt2-medium
link_text,0,14,0.0566,link,text,Link text describes,"['<|endoftext|>', 'Link', ' text', ' describes']",1,2,gpt2-medium
link_text,0,15,0.2301,link,text,Link text describes,"['<|endoftext|>', 'Link', ' text', ' describes']",1,2,gpt2-medium
link_text,1,0,0.0376,link,text,Link text describes,"['<|endoftext|>', 'Link', ' text', ' describes']",1,2,gpt2-medium
link_text,1,1,0.0892,link,text,Link text describes,"['<|endoftext|>', 'Link', ' text', ' describes']",1,2,gpt2-medium
link_text,1,2,0.0874,link,text,Link text describes,"['<|endoftext|>', 'Link', ' text', ' describes']",1,2,gpt2-medium
link_text,1,3,0.1061,link,text,Link text describes,"['<|endoftext|>', 'Link', ' text', ' describes']",1,2,gpt2-medium
link_text,1,4,0.0043,link,text,Link text describes,"['<|endoftext|>', 'Link', ' text', ' describes']",1,2,gpt2-medium
link_text,1,5,0.0729,link,text,Link text describes,"['<|endoftext|>', 'Link', ' text', ' describes']",1,2,gpt2-medium
link_text,1,6,0.4731,link,text,Link text describes,"['<|endoftext|>', 'Link', ' text', ' describes']",1,2,gpt2-medium
link_text,1,7,0.0505,link,text,Link text describes,"['<|endoftext|>', 'Link', ' text', ' describes']",1,2,gpt2-medium
link_text,1,8,0.0384,link,text,Link text describes,"['<|endoftext|>', 'Link', ' text', ' describes']",1,2,gpt2-medium
link_text,1,9,0.0875,link,text,Link text describes,"['<|endoftext|>', 'Link', ' text', ' describes']",1,2,gpt2-medium
link_text,1,10,0.019,link,text,Link text describes,"['<|endoftext|>', 'Link', ' text', ' describes']",1,2,gpt2-medium
link_text,1,11,0.0419,link,text,Link text describes,"['<|endoftext|>', 'Link', ' text', ' describes']",1,2,gpt2-medium
link_text,1,12,0.0829,link,text,Link text describes,"['<|endoftext|>', 'Link', ' text', ' describes']",1,2,gpt2-medium
link_text,1,13,0.0835,link,text,Link text describes,"['<|endoftext|>', 'Link', ' text', ' describes']",1,2,gpt2-medium
link_text,1,14,0.1562,link,text,Link text describes,"['<|endoftext|>', 'Link', ' text', ' describes']",1,2,gpt2-medium
link_text,1,15,0.2594,link,text,Link text describes,"['<|endoftext|>', 'Link', ' text', ' describes']",1,2,gpt2-medium
link_text,2,0,0.0942,link,text,Link text describes,"['<|endoftext|>', 'Link', ' text', ' describes']",1,2,gpt2-medium
link_text,2,1,0.201,link,text,Link text describes,"['<|endoftext|>', 'Link', ' text', ' describes']",1,2,gpt2-medium
link_text,2,2,0.2061,link,text,Link text describes,"['<|endoftext|>', 'Link', ' text', ' describes']",1,2,gpt2-medium
link_text,2,3,0.5236,link,text,Link text describes,"['<|endoftext|>', 'Link', ' text', ' describes']",1,2,gpt2-medium
link_text,2,4,0.355,link,text,Link text describes,"['<|endoftext|>', 'Link', ' text', ' describes']",1,2,gpt2-medium
link_text,2,5,0.6058,link,text,Link text describes,"['<|endoftext|>', 'Link', ' text', ' describes']",1,2,gpt2-medium
link_text,2,6,0.1503,link,text,Link text describes,"['<|endoftext|>', 'Link', ' text', ' describes']",1,2,gpt2-medium
link_text,2,7,0.0947,link,text,Link text describes,"['<|endoftext|>', 'Link', ' text', ' describes']",1,2,gpt2-medium
link_text,2,8,0.0735,link,text,Link text describes,"['<|endoftext|>', 'Link', ' text', ' describes']",1,2,gpt2-medium
link_text,2,9,0.2875,link,text,Link text describes,"['<|endoftext|>', 'Link', ' text', ' describes']",1,2,gpt2-medium
link_text,2,10,0.057,link,text,Link text describes,"['<|endoftext|>', 'Link', ' text', ' describes']",1,2,gpt2-medium
link_text,2,11,0.3208,link,text,Link text describes,"['<|endoftext|>', 'Link', ' text', ' describes']",1,2,gpt2-medium
link_text,2,12,0.18,link,text,Link text describes,"['<|endoftext|>', 'Link', ' text', ' describes']",1,2,gpt2-medium
link_text,2,13,0.1755,link,text,Link text describes,"['<|endoftext|>', 'Link', ' text', ' describes']",1,2,gpt2-medium
link_text,2,14,0.1886,link,text,Link text describes,"['<|endoftext|>', 'Link', ' text', ' describes']",1,2,gpt2-medium
link_text,2,15,0.5408,link,text,Link text describes,"['<|endoftext|>', 'Link', ' text', ' describes']",1,2,gpt2-medium
link_text,3,0,0.0544,link,text,Link text describes,"['<|endoftext|>', 'Link', ' text', ' describes']",1,2,gpt2-medium
link_text,3,1,0.1011,link,text,Link text describes,"['<|endoftext|>', 'Link', ' text', ' describes']",1,2,gpt2-medium
link_text,3,2,0.6123,link,text,Link text describes,"['<|endoftext|>', 'Link', ' text', ' describes']",1,2,gpt2-medium
link_text,3,3,0.8945,link,text,Link text describes,"['<|endoftext|>', 'Link', ' text', ' describes']",1,2,gpt2-medium
link_text,3,4,0.0808,link,text,Link text describes,"['<|endoftext|>', 'Link', ' text', ' describes']",1,2,gpt2-medium
link_text,3,5,0.1149,link,text,Link text describes,"['<|endoftext|>', 'Link', ' text', ' describes']",1,2,gpt2-medium
link_text,3,6,0.3968,link,text,Link text describes,"['<|endoftext|>', 'Link', ' text', ' describes']",1,2,gpt2-medium
link_text,3,7,0.0581,link,text,Link text describes,"['<|endoftext|>', 'Link', ' text', ' describes']",1,2,gpt2-medium
link_text,3,8,0.2886,link,text,Link text describes,"['<|endoftext|>', 'Link', ' text', ' describes']",1,2,gpt2-medium
link_text,3,9,0.1767,link,text,Link text describes,"['<|endoftext|>', 'Link', ' text', ' describes']",1,2,gpt2-medium
link_text,3,10,0.3992,link,text,Link text describes,"['<|endoftext|>', 'Link', ' text', ' describes']",1,2,gpt2-medium
link_text,3,11,0.3972,link,text,Link text describes,"['<|endoftext|>', 'Link', ' text', ' describes']",1,2,gpt2-medium
link_text,3,12,0.1544,link,text,Link text describes,"['<|endoftext|>', 'Link', ' text', ' describes']",1,2,gpt2-medium
link_text,3,13,0.6433,link,text,Link text describes,"['<|endoftext|>', 'Link', ' text', ' describes']",1,2,gpt2-medium
link_text,3,14,0.3144,link,text,Link text describes,"['<|endoftext|>', 'Link', ' text', ' describes']",1,2,gpt2-medium
link_text,3,15,0.3878,link,text,Link text describes,"['<|endoftext|>', 'Link', ' text', ' describes']",1,2,gpt2-medium
link_text,4,0,0.2933,link,text,Link text describes,"['<|endoftext|>', 'Link', ' text', ' describes']",1,2,gpt2-medium
link_text,4,1,0.5328,link,text,Link text describes,"['<|endoftext|>', 'Link', ' text', ' describes']",1,2,gpt2-medium
link_text,4,2,0.9479,link,text,Link text describes,"['<|endoftext|>', 'Link', ' text', ' describes']",1,2,gpt2-medium
link_text,4,3,0.2914,link,text,Link text describes,"['<|endoftext|>', 'Link', ' text', ' describes']",1,2,gpt2-medium
link_text,4,4,0.3379,link,text,Link text describes,"['<|endoftext|>', 'Link', ' text', ' describes']",1,2,gpt2-medium
link_text,4,5,0.0542,link,text,Link text describes,"['<|endoftext|>', 'Link', ' text', ' describes']",1,2,gpt2-medium
link_text,4,6,0.0,link,text,Link text describes,"['<|endoftext|>', 'Link', ' text', ' describes']",1,2,gpt2-medium
link_text,4,7,0.3495,link,text,Link text describes,"['<|endoftext|>', 'Link', ' text', ' describes']",1,2,gpt2-medium
link_text,4,8,0.2589,link,text,Link text describes,"['<|endoftext|>', 'Link', ' text', ' describes']",1,2,gpt2-medium
link_text,4,9,0.0405,link,text,Link text describes,"['<|endoftext|>', 'Link', ' text', ' describes']",1,2,gpt2-medium
link_text,4,10,0.0982,link,text,Link text describes,"['<|endoftext|>', 'Link', ' text', ' describes']",1,2,gpt2-medium
link_text,4,11,0.5208,link,text,Link text describes,"['<|endoftext|>', 'Link', ' text', ' describes']",1,2,gpt2-medium
link_text,4,12,0.6297,link,text,Link text describes,"['<|endoftext|>', 'Link', ' text', ' describes']",1,2,gpt2-medium
link_text,4,13,0.9996,link,text,Link text describes,"['<|endoftext|>', 'Link', ' text', ' describes']",1,2,gpt2-medium
link_text,4,14,0.186,link,text,Link text describes,"['<|endoftext|>', 'Link', ' text', ' describes']",1,2,gpt2-medium
link_text,4,15,0.0109,link,text,Link text describes,"['<|endoftext|>', 'Link', ' text', ' describes']",1,2,gpt2-medium
link_text,5,0,0.0174,link,text,Link text describes,"['<|endoftext|>', 'Link', ' text', ' describes']",1,2,gpt2-medium
link_text,5,1,0.0311,link,text,Link text describes,"['<|endoftext|>', 'Link', ' text', ' describes']",1,2,gpt2-medium
link_text,5,2,0.7625,link,text,Link text describes,"['<|endoftext|>', 'Link', ' text', ' describes']",1,2,gpt2-medium
link_text,5,3,0.0391,link,text,Link text describes,"['<|endoftext|>', 'Link', ' text', ' describes']",1,2,gpt2-medium
link_text,5,4,0.642,link,text,Link text describes,"['<|endoftext|>', 'Link', ' text', ' describes']",1,2,gpt2-medium
link_text,5,5,0.009,link,text,Link text describes,"['<|endoftext|>', 'Link', ' text', ' describes']",1,2,gpt2-medium
link_text,5,6,0.6401,link,text,Link text describes,"['<|endoftext|>', 'Link', ' text', ' describes']",1,2,gpt2-medium
link_text,5,7,0.0427,link,text,Link text describes,"['<|endoftext|>', 'Link', ' text', ' describes']",1,2,gpt2-medium
link_text,5,8,0.002,link,text,Link text describes,"['<|endoftext|>', 'Link', ' text', ' describes']",1,2,gpt2-medium
link_text,5,9,0.777,link,text,Link text describes,"['<|endoftext|>', 'Link', ' text', ' describes']",1,2,gpt2-medium
link_text,5,10,0.0549,link,text,Link text describes,"['<|endoftext|>', 'Link', ' text', ' describes']",1,2,gpt2-medium
link_text,5,11,1.0,link,text,Link text describes,"['<|endoftext|>', 'Link', ' text', ' describes']",1,2,gpt2-medium
link_text,5,12,0.0271,link,text,Link text describes,"['<|endoftext|>', 'Link', ' text', ' describes']",1,2,gpt2-medium
link_text,5,13,0.3822,link,text,Link text describes,"['<|endoftext|>', 'Link', ' text', ' describes']",1,2,gpt2-medium
link_text,5,14,0.0107,link,text,Link text describes,"['<|endoftext|>', 'Link', ' text', ' describes']",1,2,gpt2-medium
link_text,5,15,0.0681,link,text,Link text describes,"['<|endoftext|>', 'Link', ' text', ' describes']",1,2,gpt2-medium
link_text,6,0,0.0011,link,text,Link text describes,"['<|endoftext|>', 'Link', ' text', ' describes']",1,2,gpt2-medium
link_text,6,1,0.0,link,text,Link text describes,"['<|endoftext|>', 'Link', ' text', ' describes']",1,2,gpt2-medium
link_text,6,2,0.0144,link,text,Link text describes,"['<|endoftext|>', 'Link', ' text', ' describes']",1,2,gpt2-medium
link_text,6,3,0.0025,link,text,Link text describes,"['<|endoftext|>', 'Link', ' text', ' describes']",1,2,gpt2-medium
link_text,6,4,0.0,link,text,Link text describes,"['<|endoftext|>', 'Link', ' text', ' describes']",1,2,gpt2-medium
link_text,6,5,0.0762,link,text,Link text describes,"['<|endoftext|>', 'Link', ' text', ' describes']",1,2,gpt2-medium
link_text,6,6,0.0548,link,text,Link text describes,"['<|endoftext|>', 'Link', ' text', ' describes']",1,2,gpt2-medium
link_text,6,7,0.9749,link,text,Link text describes,"['<|endoftext|>', 'Link', ' text', ' describes']",1,2,gpt2-medium
link_text,6,8,0.0941,link,text,Link text describes,"['<|endoftext|>', 'Link', ' text', ' describes']",1,2,gpt2-medium
link_text,6,9,0.0021,link,text,Link text describes,"['<|endoftext|>', 'Link', ' text', ' describes']",1,2,gpt2-medium
link_text,6,10,0.0493,link,text,Link text describes,"['<|endoftext|>', 'Link', ' text', ' describes']",1,2,gpt2-medium
link_text,6,11,0.0012,link,text,Link text describes,"['<|endoftext|>', 'Link', ' text', ' describes']",1,2,gpt2-medium
link_text,6,12,0.0008,link,text,Link text describes,"['<|endoftext|>', 'Link', ' text', ' describes']",1,2,gpt2-medium
link_text,6,13,0.0057,link,text,Link text describes,"['<|endoftext|>', 'Link', ' text', ' describes']",1,2,gpt2-medium
link_text,6,14,0.6515,link,text,Link text describes,"['<|endoftext|>', 'Link', ' text', ' describes']",1,2,gpt2-medium
link_text,6,15,0.0015,link,text,Link text describes,"['<|endoftext|>', 'Link', ' text', ' describes']",1,2,gpt2-medium
link_text,7,0,0.0007,link,text,Link text describes,"['<|endoftext|>', 'Link', ' text', ' describes']",1,2,gpt2-medium
link_text,7,1,0.0697,link,text,Link text describes,"['<|endoftext|>', 'Link', ' text', ' describes']",1,2,gpt2-medium
link_text,7,2,0.0,link,text,Link text describes,"['<|endoftext|>', 'Link', ' text', ' describes']",1,2,gpt2-medium
link_text,7,3,0.0433,link,text,Link text describes,"['<|endoftext|>', 'Link', ' text', ' describes']",1,2,gpt2-medium
link_text,7,4,0.0006,link,text,Link text describes,"['<|endoftext|>', 'Link', ' text', ' describes']",1,2,gpt2-medium
link_text,7,5,0.0024,link,text,Link text describes,"['<|endoftext|>', 'Link', ' text', ' describes']",1,2,gpt2-medium
link_text,7,6,0.0312,link,text,Link text describes,"['<|endoftext|>', 'Link', ' text', ' describes']",1,2,gpt2-medium
link_text,7,7,0.0064,link,text,Link text describes,"['<|endoftext|>', 'Link', ' text', ' describes']",1,2,gpt2-medium
link_text,7,8,0.0027,link,text,Link text describes,"['<|endoftext|>', 'Link', ' text', ' describes']",1,2,gpt2-medium
link_text,7,9,0.0546,link,text,Link text describes,"['<|endoftext|>', 'Link', ' text', ' describes']",1,2,gpt2-medium
link_text,7,10,0.0068,link,text,Link text describes,"['<|endoftext|>', 'Link', ' text', ' describes']",1,2,gpt2-medium
link_text,7,11,0.0,link,text,Link text describes,"['<|endoftext|>', 'Link', ' text', ' describes']",1,2,gpt2-medium
link_text,7,12,0.11,link,text,Link text describes,"['<|endoftext|>', 'Link', ' text', ' describes']",1,2,gpt2-medium
link_text,7,13,0.278,link,text,Link text describes,"['<|endoftext|>', 'Link', ' text', ' describes']",1,2,gpt2-medium
link_text,7,14,0.0998,link,text,Link text describes,"['<|endoftext|>', 'Link', ' text', ' describes']",1,2,gpt2-medium
link_text,7,15,0.0005,link,text,Link text describes,"['<|endoftext|>', 'Link', ' text', ' describes']",1,2,gpt2-medium
link_text,8,0,0.0273,link,text,Link text describes,"['<|endoftext|>', 'Link', ' text', ' describes']",1,2,gpt2-medium
link_text,8,1,0.4089,link,text,Link text describes,"['<|endoftext|>', 'Link', ' text', ' describes']",1,2,gpt2-medium
link_text,8,2,0.0017,link,text,Link text describes,"['<|endoftext|>', 'Link', ' text', ' describes']",1,2,gpt2-medium
link_text,8,3,0.0259,link,text,Link text describes,"['<|endoftext|>', 'Link', ' text', ' describes']",1,2,gpt2-medium
link_text,8,4,0.001,link,text,Link text describes,"['<|endoftext|>', 'Link', ' text', ' describes']",1,2,gpt2-medium
link_text,8,5,0.0157,link,text,Link text describes,"['<|endoftext|>', 'Link', ' text', ' describes']",1,2,gpt2-medium
link_text,8,6,0.6224,link,text,Link text describes,"['<|endoftext|>', 'Link', ' text', ' describes']",1,2,gpt2-medium
link_text,8,7,0.1317,link,text,Link text describes,"['<|endoftext|>', 'Link', ' text', ' describes']",1,2,gpt2-medium
link_text,8,8,0.0107,link,text,Link text describes,"['<|endoftext|>', 'Link', ' text', ' describes']",1,2,gpt2-medium
link_text,8,9,0.0082,link,text,Link text describes,"['<|endoftext|>', 'Link', ' text', ' describes']",1,2,gpt2-medium
link_text,8,10,0.0001,link,text,Link text describes,"['<|endoftext|>', 'Link', ' text', ' describes']",1,2,gpt2-medium
link_text,8,11,0.0064,link,text,Link text describes,"['<|endoftext|>', 'Link', ' text', ' describes']",1,2,gpt2-medium
link_text,8,12,0.0452,link,text,Link text describes,"['<|endoftext|>', 'Link', ' text', ' describes']",1,2,gpt2-medium
link_text,8,13,0.0232,link,text,Link text describes,"['<|endoftext|>', 'Link', ' text', ' describes']",1,2,gpt2-medium
link_text,8,14,0.0349,link,text,Link text describes,"['<|endoftext|>', 'Link', ' text', ' describes']",1,2,gpt2-medium
link_text,8,15,0.0126,link,text,Link text describes,"['<|endoftext|>', 'Link', ' text', ' describes']",1,2,gpt2-medium
link_text,9,0,0.0986,link,text,Link text describes,"['<|endoftext|>', 'Link', ' text', ' describes']",1,2,gpt2-medium
link_text,9,1,0.0153,link,text,Link text describes,"['<|endoftext|>', 'Link', ' text', ' describes']",1,2,gpt2-medium
link_text,9,2,0.0572,link,text,Link text describes,"['<|endoftext|>', 'Link', ' text', ' describes']",1,2,gpt2-medium
link_text,9,3,0.0021,link,text,Link text describes,"['<|endoftext|>', 'Link', ' text', ' describes']",1,2,gpt2-medium
link_text,9,4,0.0011,link,text,Link text describes,"['<|endoftext|>', 'Link', ' text', ' describes']",1,2,gpt2-medium
link_text,9,5,0.1053,link,text,Link text describes,"['<|endoftext|>', 'Link', ' text', ' describes']",1,2,gpt2-medium
link_text,9,6,0.0068,link,text,Link text describes,"['<|endoftext|>', 'Link', ' text', ' describes']",1,2,gpt2-medium
link_text,9,7,0.002,link,text,Link text describes,"['<|endoftext|>', 'Link', ' text', ' describes']",1,2,gpt2-medium
link_text,9,8,0.0201,link,text,Link text describes,"['<|endoftext|>', 'Link', ' text', ' describes']",1,2,gpt2-medium
link_text,9,9,0.0,link,text,Link text describes,"['<|endoftext|>', 'Link', ' text', ' describes']",1,2,gpt2-medium
link_text,9,10,0.0574,link,text,Link text describes,"['<|endoftext|>', 'Link', ' text', ' describes']",1,2,gpt2-medium
link_text,9,11,0.0575,link,text,Link text describes,"['<|endoftext|>', 'Link', ' text', ' describes']",1,2,gpt2-medium
link_text,9,12,0.0015,link,text,Link text describes,"['<|endoftext|>', 'Link', ' text', ' describes']",1,2,gpt2-medium
link_text,9,13,0.0008,link,text,Link text describes,"['<|endoftext|>', 'Link', ' text', ' describes']",1,2,gpt2-medium
link_text,9,14,0.0363,link,text,Link text describes,"['<|endoftext|>', 'Link', ' text', ' describes']",1,2,gpt2-medium
link_text,9,15,0.1486,link,text,Link text describes,"['<|endoftext|>', 'Link', ' text', ' describes']",1,2,gpt2-medium
link_text,10,0,0.0217,link,text,Link text describes,"['<|endoftext|>', 'Link', ' text', ' describes']",1,2,gpt2-medium
link_text,10,1,0.0002,link,text,Link text describes,"['<|endoftext|>', 'Link', ' text', ' describes']",1,2,gpt2-medium
link_text,10,2,0.2922,link,text,Link text describes,"['<|endoftext|>', 'Link', ' text', ' describes']",1,2,gpt2-medium
link_text,10,3,0.0135,link,text,Link text describes,"['<|endoftext|>', 'Link', ' text', ' describes']",1,2,gpt2-medium
link_text,10,4,0.1133,link,text,Link text describes,"['<|endoftext|>', 'Link', ' text', ' describes']",1,2,gpt2-medium
link_text,10,5,0.397,link,text,Link text describes,"['<|endoftext|>', 'Link', ' text', ' describes']",1,2,gpt2-medium
link_text,10,6,0.0417,link,text,Link text describes,"['<|endoftext|>', 'Link', ' text', ' describes']",1,2,gpt2-medium
link_text,10,7,0.0513,link,text,Link text describes,"['<|endoftext|>', 'Link', ' text', ' describes']",1,2,gpt2-medium
link_text,10,8,0.0001,link,text,Link text describes,"['<|endoftext|>', 'Link', ' text', ' describes']",1,2,gpt2-medium
link_text,10,9,0.0216,link,text,Link text describes,"['<|endoftext|>', 'Link', ' text', ' describes']",1,2,gpt2-medium
link_text,10,10,0.1651,link,text,Link text describes,"['<|endoftext|>', 'Link', ' text', ' describes']",1,2,gpt2-medium
link_text,10,11,0.1068,link,text,Link text describes,"['<|endoftext|>', 'Link', ' text', ' describes']",1,2,gpt2-medium
link_text,10,12,0.4064,link,text,Link text describes,"['<|endoftext|>', 'Link', ' text', ' describes']",1,2,gpt2-medium
link_text,10,13,0.0169,link,text,Link text describes,"['<|endoftext|>', 'Link', ' text', ' describes']",1,2,gpt2-medium
link_text,10,14,0.0166,link,text,Link text describes,"['<|endoftext|>', 'Link', ' text', ' describes']",1,2,gpt2-medium
link_text,10,15,0.0649,link,text,Link text describes,"['<|endoftext|>', 'Link', ' text', ' describes']",1,2,gpt2-medium
link_text,11,0,0.0313,link,text,Link text describes,"['<|endoftext|>', 'Link', ' text', ' describes']",1,2,gpt2-medium
link_text,11,1,0.0007,link,text,Link text describes,"['<|endoftext|>', 'Link', ' text', ' describes']",1,2,gpt2-medium
link_text,11,2,0.0754,link,text,Link text describes,"['<|endoftext|>', 'Link', ' text', ' describes']",1,2,gpt2-medium
link_text,11,3,0.0124,link,text,Link text describes,"['<|endoftext|>', 'Link', ' text', ' describes']",1,2,gpt2-medium
link_text,11,4,0.0036,link,text,Link text describes,"['<|endoftext|>', 'Link', ' text', ' describes']",1,2,gpt2-medium
link_text,11,5,0.0864,link,text,Link text describes,"['<|endoftext|>', 'Link', ' text', ' describes']",1,2,gpt2-medium
link_text,11,6,0.7087,link,text,Link text describes,"['<|endoftext|>', 'Link', ' text', ' describes']",1,2,gpt2-medium
link_text,11,7,0.0345,link,text,Link text describes,"['<|endoftext|>', 'Link', ' text', ' describes']",1,2,gpt2-medium
link_text,11,8,0.0037,link,text,Link text describes,"['<|endoftext|>', 'Link', ' text', ' describes']",1,2,gpt2-medium
link_text,11,9,0.0363,link,text,Link text describes,"['<|endoftext|>', 'Link', ' text', ' describes']",1,2,gpt2-medium
link_text,11,10,0.0107,link,text,Link text describes,"['<|endoftext|>', 'Link', ' text', ' describes']",1,2,gpt2-medium
link_text,11,11,0.0024,link,text,Link text describes,"['<|endoftext|>', 'Link', ' text', ' describes']",1,2,gpt2-medium
link_text,11,12,0.064,link,text,Link text describes,"['<|endoftext|>', 'Link', ' text', ' describes']",1,2,gpt2-medium
link_text,11,13,0.1907,link,text,Link text describes,"['<|endoftext|>', 'Link', ' text', ' describes']",1,2,gpt2-medium
link_text,11,14,0.0107,link,text,Link text describes,"['<|endoftext|>', 'Link', ' text', ' describes']",1,2,gpt2-medium
link_text,11,15,0.0702,link,text,Link text describes,"['<|endoftext|>', 'Link', ' text', ' describes']",1,2,gpt2-medium
link_text,12,0,0.0013,link,text,Link text describes,"['<|endoftext|>', 'Link', ' text', ' describes']",1,2,gpt2-medium
link_text,12,1,0.0001,link,text,Link text describes,"['<|endoftext|>', 'Link', ' text', ' describes']",1,2,gpt2-medium
link_text,12,2,0.0045,link,text,Link text describes,"['<|endoftext|>', 'Link', ' text', ' describes']",1,2,gpt2-medium
link_text,12,3,0.0142,link,text,Link text describes,"['<|endoftext|>', 'Link', ' text', ' describes']",1,2,gpt2-medium
link_text,12,4,0.0309,link,text,Link text describes,"['<|endoftext|>', 'Link', ' text', ' describes']",1,2,gpt2-medium
link_text,12,5,0.0083,link,text,Link text describes,"['<|endoftext|>', 'Link', ' text', ' describes']",1,2,gpt2-medium
link_text,12,6,0.0058,link,text,Link text describes,"['<|endoftext|>', 'Link', ' text', ' describes']",1,2,gpt2-medium
link_text,12,7,0.026,link,text,Link text describes,"['<|endoftext|>', 'Link', ' text', ' describes']",1,2,gpt2-medium
link_text,12,8,0.1401,link,text,Link text describes,"['<|endoftext|>', 'Link', ' text', ' describes']",1,2,gpt2-medium
link_text,12,9,0.0893,link,text,Link text describes,"['<|endoftext|>', 'Link', ' text', ' describes']",1,2,gpt2-medium
link_text,12,10,0.0411,link,text,Link text describes,"['<|endoftext|>', 'Link', ' text', ' describes']",1,2,gpt2-medium
link_text,12,11,0.002,link,text,Link text describes,"['<|endoftext|>', 'Link', ' text', ' describes']",1,2,gpt2-medium
link_text,12,12,0.0058,link,text,Link text describes,"['<|endoftext|>', 'Link', ' text', ' describes']",1,2,gpt2-medium
link_text,12,13,0.0136,link,text,Link text describes,"['<|endoftext|>', 'Link', ' text', ' describes']",1,2,gpt2-medium
link_text,12,14,0.1627,link,text,Link text describes,"['<|endoftext|>', 'Link', ' text', ' describes']",1,2,gpt2-medium
link_text,12,15,0.0151,link,text,Link text describes,"['<|endoftext|>', 'Link', ' text', ' describes']",1,2,gpt2-medium
link_text,13,0,0.0086,link,text,Link text describes,"['<|endoftext|>', 'Link', ' text', ' describes']",1,2,gpt2-medium
link_text,13,1,0.006,link,text,Link text describes,"['<|endoftext|>', 'Link', ' text', ' describes']",1,2,gpt2-medium
link_text,13,2,0.0168,link,text,Link text describes,"['<|endoftext|>', 'Link', ' text', ' describes']",1,2,gpt2-medium
link_text,13,3,0.4285,link,text,Link text describes,"['<|endoftext|>', 'Link', ' text', ' describes']",1,2,gpt2-medium
link_text,13,4,0.0289,link,text,Link text describes,"['<|endoftext|>', 'Link', ' text', ' describes']",1,2,gpt2-medium
link_text,13,5,0.7021,link,text,Link text describes,"['<|endoftext|>', 'Link', ' text', ' describes']",1,2,gpt2-medium
link_text,13,6,0.2015,link,text,Link text describes,"['<|endoftext|>', 'Link', ' text', ' describes']",1,2,gpt2-medium
link_text,13,7,0.0283,link,text,Link text describes,"['<|endoftext|>', 'Link', ' text', ' describes']",1,2,gpt2-medium
link_text,13,8,0.0259,link,text,Link text describes,"['<|endoftext|>', 'Link', ' text', ' describes']",1,2,gpt2-medium
link_text,13,9,0.0404,link,text,Link text describes,"['<|endoftext|>', 'Link', ' text', ' describes']",1,2,gpt2-medium
link_text,13,10,0.0099,link,text,Link text describes,"['<|endoftext|>', 'Link', ' text', ' describes']",1,2,gpt2-medium
link_text,13,11,0.1349,link,text,Link text describes,"['<|endoftext|>', 'Link', ' text', ' describes']",1,2,gpt2-medium
link_text,13,12,0.009,link,text,Link text describes,"['<|endoftext|>', 'Link', ' text', ' describes']",1,2,gpt2-medium
link_text,13,13,0.0807,link,text,Link text describes,"['<|endoftext|>', 'Link', ' text', ' describes']",1,2,gpt2-medium
link_text,13,14,0.0009,link,text,Link text describes,"['<|endoftext|>', 'Link', ' text', ' describes']",1,2,gpt2-medium
link_text,13,15,0.0439,link,text,Link text describes,"['<|endoftext|>', 'Link', ' text', ' describes']",1,2,gpt2-medium
link_text,14,0,0.0376,link,text,Link text describes,"['<|endoftext|>', 'Link', ' text', ' describes']",1,2,gpt2-medium
link_text,14,1,0.0082,link,text,Link text describes,"['<|endoftext|>', 'Link', ' text', ' describes']",1,2,gpt2-medium
link_text,14,2,0.0038,link,text,Link text describes,"['<|endoftext|>', 'Link', ' text', ' describes']",1,2,gpt2-medium
link_text,14,3,0.2582,link,text,Link text describes,"['<|endoftext|>', 'Link', ' text', ' describes']",1,2,gpt2-medium
link_text,14,4,0.0764,link,text,Link text describes,"['<|endoftext|>', 'Link', ' text', ' describes']",1,2,gpt2-medium
link_text,14,5,0.0036,link,text,Link text describes,"['<|endoftext|>', 'Link', ' text', ' describes']",1,2,gpt2-medium
link_text,14,6,0.0207,link,text,Link text describes,"['<|endoftext|>', 'Link', ' text', ' describes']",1,2,gpt2-medium
link_text,14,7,0.1552,link,text,Link text describes,"['<|endoftext|>', 'Link', ' text', ' describes']",1,2,gpt2-medium
link_text,14,8,0.567,link,text,Link text describes,"['<|endoftext|>', 'Link', ' text', ' describes']",1,2,gpt2-medium
link_text,14,9,0.0003,link,text,Link text describes,"['<|endoftext|>', 'Link', ' text', ' describes']",1,2,gpt2-medium
link_text,14,10,0.0461,link,text,Link text describes,"['<|endoftext|>', 'Link', ' text', ' describes']",1,2,gpt2-medium
link_text,14,11,0.0622,link,text,Link text describes,"['<|endoftext|>', 'Link', ' text', ' describes']",1,2,gpt2-medium
link_text,14,12,0.111,link,text,Link text describes,"['<|endoftext|>', 'Link', ' text', ' describes']",1,2,gpt2-medium
link_text,14,13,0.0344,link,text,Link text describes,"['<|endoftext|>', 'Link', ' text', ' describes']",1,2,gpt2-medium
link_text,14,14,0.0059,link,text,Link text describes,"['<|endoftext|>', 'Link', ' text', ' describes']",1,2,gpt2-medium
link_text,14,15,0.044,link,text,Link text describes,"['<|endoftext|>', 'Link', ' text', ' describes']",1,2,gpt2-medium
link_text,15,0,0.0008,link,text,Link text describes,"['<|endoftext|>', 'Link', ' text', ' describes']",1,2,gpt2-medium
link_text,15,1,0.0917,link,text,Link text describes,"['<|endoftext|>', 'Link', ' text', ' describes']",1,2,gpt2-medium
link_text,15,2,0.0213,link,text,Link text describes,"['<|endoftext|>', 'Link', ' text', ' describes']",1,2,gpt2-medium
link_text,15,3,0.1257,link,text,Link text describes,"['<|endoftext|>', 'Link', ' text', ' describes']",1,2,gpt2-medium
link_text,15,4,0.0252,link,text,Link text describes,"['<|endoftext|>', 'Link', ' text', ' describes']",1,2,gpt2-medium
link_text,15,5,0.0576,link,text,Link text describes,"['<|endoftext|>', 'Link', ' text', ' describes']",1,2,gpt2-medium
link_text,15,6,0.05,link,text,Link text describes,"['<|endoftext|>', 'Link', ' text', ' describes']",1,2,gpt2-medium
link_text,15,7,0.1836,link,text,Link text describes,"['<|endoftext|>', 'Link', ' text', ' describes']",1,2,gpt2-medium
link_text,15,8,0.0621,link,text,Link text describes,"['<|endoftext|>', 'Link', ' text', ' describes']",1,2,gpt2-medium
link_text,15,9,0.0161,link,text,Link text describes,"['<|endoftext|>', 'Link', ' text', ' describes']",1,2,gpt2-medium
link_text,15,10,0.0276,link,text,Link text describes,"['<|endoftext|>', 'Link', ' text', ' describes']",1,2,gpt2-medium
link_text,15,11,0.1417,link,text,Link text describes,"['<|endoftext|>', 'Link', ' text', ' describes']",1,2,gpt2-medium
link_text,15,12,0.0069,link,text,Link text describes,"['<|endoftext|>', 'Link', ' text', ' describes']",1,2,gpt2-medium
link_text,15,13,0.0385,link,text,Link text describes,"['<|endoftext|>', 'Link', ' text', ' describes']",1,2,gpt2-medium
link_text,15,14,0.0053,link,text,Link text describes,"['<|endoftext|>', 'Link', ' text', ' describes']",1,2,gpt2-medium
link_text,15,15,0.0889,link,text,Link text describes,"['<|endoftext|>', 'Link', ' text', ' describes']",1,2,gpt2-medium
link_text,16,0,0.0764,link,text,Link text describes,"['<|endoftext|>', 'Link', ' text', ' describes']",1,2,gpt2-medium
link_text,16,1,0.082,link,text,Link text describes,"['<|endoftext|>', 'Link', ' text', ' describes']",1,2,gpt2-medium
link_text,16,2,0.0062,link,text,Link text describes,"['<|endoftext|>', 'Link', ' text', ' describes']",1,2,gpt2-medium
link_text,16,3,0.0222,link,text,Link text describes,"['<|endoftext|>', 'Link', ' text', ' describes']",1,2,gpt2-medium
link_text,16,4,0.0812,link,text,Link text describes,"['<|endoftext|>', 'Link', ' text', ' describes']",1,2,gpt2-medium
link_text,16,5,0.0839,link,text,Link text describes,"['<|endoftext|>', 'Link', ' text', ' describes']",1,2,gpt2-medium
link_text,16,6,0.0727,link,text,Link text describes,"['<|endoftext|>', 'Link', ' text', ' describes']",1,2,gpt2-medium
link_text,16,7,0.5771,link,text,Link text describes,"['<|endoftext|>', 'Link', ' text', ' describes']",1,2,gpt2-medium
link_text,16,8,0.0308,link,text,Link text describes,"['<|endoftext|>', 'Link', ' text', ' describes']",1,2,gpt2-medium
link_text,16,9,0.0657,link,text,Link text describes,"['<|endoftext|>', 'Link', ' text', ' describes']",1,2,gpt2-medium
link_text,16,10,0.0482,link,text,Link text describes,"['<|endoftext|>', 'Link', ' text', ' describes']",1,2,gpt2-medium
link_text,16,11,0.0794,link,text,Link text describes,"['<|endoftext|>', 'Link', ' text', ' describes']",1,2,gpt2-medium
link_text,16,12,0.0155,link,text,Link text describes,"['<|endoftext|>', 'Link', ' text', ' describes']",1,2,gpt2-medium
link_text,16,13,0.0899,link,text,Link text describes,"['<|endoftext|>', 'Link', ' text', ' describes']",1,2,gpt2-medium
link_text,16,14,0.0203,link,text,Link text describes,"['<|endoftext|>', 'Link', ' text', ' describes']",1,2,gpt2-medium
link_text,16,15,0.0249,link,text,Link text describes,"['<|endoftext|>', 'Link', ' text', ' describes']",1,2,gpt2-medium
link_text,17,0,0.0052,link,text,Link text describes,"['<|endoftext|>', 'Link', ' text', ' describes']",1,2,gpt2-medium
link_text,17,1,0.0329,link,text,Link text describes,"['<|endoftext|>', 'Link', ' text', ' describes']",1,2,gpt2-medium
link_text,17,2,0.0049,link,text,Link text describes,"['<|endoftext|>', 'Link', ' text', ' describes']",1,2,gpt2-medium
link_text,17,3,0.001,link,text,Link text describes,"['<|endoftext|>', 'Link', ' text', ' describes']",1,2,gpt2-medium
link_text,17,4,0.0064,link,text,Link text describes,"['<|endoftext|>', 'Link', ' text', ' describes']",1,2,gpt2-medium
link_text,17,5,0.094,link,text,Link text describes,"['<|endoftext|>', 'Link', ' text', ' describes']",1,2,gpt2-medium
link_text,17,6,0.0122,link,text,Link text describes,"['<|endoftext|>', 'Link', ' text', ' describes']",1,2,gpt2-medium
link_text,17,7,0.0037,link,text,Link text describes,"['<|endoftext|>', 'Link', ' text', ' describes']",1,2,gpt2-medium
link_text,17,8,0.0591,link,text,Link text describes,"['<|endoftext|>', 'Link', ' text', ' describes']",1,2,gpt2-medium
link_text,17,9,0.0055,link,text,Link text describes,"['<|endoftext|>', 'Link', ' text', ' describes']",1,2,gpt2-medium
link_text,17,10,0.0465,link,text,Link text describes,"['<|endoftext|>', 'Link', ' text', ' describes']",1,2,gpt2-medium
link_text,17,11,0.2435,link,text,Link text describes,"['<|endoftext|>', 'Link', ' text', ' describes']",1,2,gpt2-medium
link_text,17,12,0.0334,link,text,Link text describes,"['<|endoftext|>', 'Link', ' text', ' describes']",1,2,gpt2-medium
link_text,17,13,0.0409,link,text,Link text describes,"['<|endoftext|>', 'Link', ' text', ' describes']",1,2,gpt2-medium
link_text,17,14,0.0065,link,text,Link text describes,"['<|endoftext|>', 'Link', ' text', ' describes']",1,2,gpt2-medium
link_text,17,15,0.073,link,text,Link text describes,"['<|endoftext|>', 'Link', ' text', ' describes']",1,2,gpt2-medium
link_text,18,0,0.0097,link,text,Link text describes,"['<|endoftext|>', 'Link', ' text', ' describes']",1,2,gpt2-medium
link_text,18,1,0.0203,link,text,Link text describes,"['<|endoftext|>', 'Link', ' text', ' describes']",1,2,gpt2-medium
link_text,18,2,0.0071,link,text,Link text describes,"['<|endoftext|>', 'Link', ' text', ' describes']",1,2,gpt2-medium
link_text,18,3,0.7175,link,text,Link text describes,"['<|endoftext|>', 'Link', ' text', ' describes']",1,2,gpt2-medium
link_text,18,4,0.0032,link,text,Link text describes,"['<|endoftext|>', 'Link', ' text', ' describes']",1,2,gpt2-medium
link_text,18,5,0.0056,link,text,Link text describes,"['<|endoftext|>', 'Link', ' text', ' describes']",1,2,gpt2-medium
link_text,18,6,0.0075,link,text,Link text describes,"['<|endoftext|>', 'Link', ' text', ' describes']",1,2,gpt2-medium
link_text,18,7,0.078,link,text,Link text describes,"['<|endoftext|>', 'Link', ' text', ' describes']",1,2,gpt2-medium
link_text,18,8,0.0073,link,text,Link text describes,"['<|endoftext|>', 'Link', ' text', ' describes']",1,2,gpt2-medium
link_text,18,9,0.0219,link,text,Link text describes,"['<|endoftext|>', 'Link', ' text', ' describes']",1,2,gpt2-medium
link_text,18,10,0.0357,link,text,Link text describes,"['<|endoftext|>', 'Link', ' text', ' describes']",1,2,gpt2-medium
link_text,18,11,0.0401,link,text,Link text describes,"['<|endoftext|>', 'Link', ' text', ' describes']",1,2,gpt2-medium
link_text,18,12,0.008,link,text,Link text describes,"['<|endoftext|>', 'Link', ' text', ' describes']",1,2,gpt2-medium
link_text,18,13,0.0038,link,text,Link text describes,"['<|endoftext|>', 'Link', ' text', ' describes']",1,2,gpt2-medium
link_text,18,14,0.1269,link,text,Link text describes,"['<|endoftext|>', 'Link', ' text', ' describes']",1,2,gpt2-medium
link_text,18,15,0.0668,link,text,Link text describes,"['<|endoftext|>', 'Link', ' text', ' describes']",1,2,gpt2-medium
link_text,19,0,0.0128,link,text,Link text describes,"['<|endoftext|>', 'Link', ' text', ' describes']",1,2,gpt2-medium
link_text,19,1,0.0089,link,text,Link text describes,"['<|endoftext|>', 'Link', ' text', ' describes']",1,2,gpt2-medium
link_text,19,2,0.0071,link,text,Link text describes,"['<|endoftext|>', 'Link', ' text', ' describes']",1,2,gpt2-medium
link_text,19,3,0.0054,link,text,Link text describes,"['<|endoftext|>', 'Link', ' text', ' describes']",1,2,gpt2-medium
link_text,19,4,0.0094,link,text,Link text describes,"['<|endoftext|>', 'Link', ' text', ' describes']",1,2,gpt2-medium
link_text,19,5,0.0485,link,text,Link text describes,"['<|endoftext|>', 'Link', ' text', ' describes']",1,2,gpt2-medium
link_text,19,6,0.0725,link,text,Link text describes,"['<|endoftext|>', 'Link', ' text', ' describes']",1,2,gpt2-medium
link_text,19,7,0.0129,link,text,Link text describes,"['<|endoftext|>', 'Link', ' text', ' describes']",1,2,gpt2-medium
link_text,19,8,0.084,link,text,Link text describes,"['<|endoftext|>', 'Link', ' text', ' describes']",1,2,gpt2-medium
link_text,19,9,0.0205,link,text,Link text describes,"['<|endoftext|>', 'Link', ' text', ' describes']",1,2,gpt2-medium
link_text,19,10,0.0085,link,text,Link text describes,"['<|endoftext|>', 'Link', ' text', ' describes']",1,2,gpt2-medium
link_text,19,11,0.0236,link,text,Link text describes,"['<|endoftext|>', 'Link', ' text', ' describes']",1,2,gpt2-medium
link_text,19,12,0.0154,link,text,Link text describes,"['<|endoftext|>', 'Link', ' text', ' describes']",1,2,gpt2-medium
link_text,19,13,0.1009,link,text,Link text describes,"['<|endoftext|>', 'Link', ' text', ' describes']",1,2,gpt2-medium
link_text,19,14,0.0233,link,text,Link text describes,"['<|endoftext|>', 'Link', ' text', ' describes']",1,2,gpt2-medium
link_text,19,15,0.0072,link,text,Link text describes,"['<|endoftext|>', 'Link', ' text', ' describes']",1,2,gpt2-medium
link_text,20,0,0.0572,link,text,Link text describes,"['<|endoftext|>', 'Link', ' text', ' describes']",1,2,gpt2-medium
link_text,20,1,0.2725,link,text,Link text describes,"['<|endoftext|>', 'Link', ' text', ' describes']",1,2,gpt2-medium
link_text,20,2,0.1045,link,text,Link text describes,"['<|endoftext|>', 'Link', ' text', ' describes']",1,2,gpt2-medium
link_text,20,3,0.0315,link,text,Link text describes,"['<|endoftext|>', 'Link', ' text', ' describes']",1,2,gpt2-medium
link_text,20,4,0.1697,link,text,Link text describes,"['<|endoftext|>', 'Link', ' text', ' describes']",1,2,gpt2-medium
link_text,20,5,0.1274,link,text,Link text describes,"['<|endoftext|>', 'Link', ' text', ' describes']",1,2,gpt2-medium
link_text,20,6,0.002,link,text,Link text describes,"['<|endoftext|>', 'Link', ' text', ' describes']",1,2,gpt2-medium
link_text,20,7,0.0409,link,text,Link text describes,"['<|endoftext|>', 'Link', ' text', ' describes']",1,2,gpt2-medium
link_text,20,8,0.0713,link,text,Link text describes,"['<|endoftext|>', 'Link', ' text', ' describes']",1,2,gpt2-medium
link_text,20,9,0.1429,link,text,Link text describes,"['<|endoftext|>', 'Link', ' text', ' describes']",1,2,gpt2-medium
link_text,20,10,0.069,link,text,Link text describes,"['<|endoftext|>', 'Link', ' text', ' describes']",1,2,gpt2-medium
link_text,20,11,0.0017,link,text,Link text describes,"['<|endoftext|>', 'Link', ' text', ' describes']",1,2,gpt2-medium
link_text,20,12,0.0458,link,text,Link text describes,"['<|endoftext|>', 'Link', ' text', ' describes']",1,2,gpt2-medium
link_text,20,13,0.0893,link,text,Link text describes,"['<|endoftext|>', 'Link', ' text', ' describes']",1,2,gpt2-medium
link_text,20,14,0.0405,link,text,Link text describes,"['<|endoftext|>', 'Link', ' text', ' describes']",1,2,gpt2-medium
link_text,20,15,0.0441,link,text,Link text describes,"['<|endoftext|>', 'Link', ' text', ' describes']",1,2,gpt2-medium
link_text,21,0,0.0248,link,text,Link text describes,"['<|endoftext|>', 'Link', ' text', ' describes']",1,2,gpt2-medium
link_text,21,1,0.0927,link,text,Link text describes,"['<|endoftext|>', 'Link', ' text', ' describes']",1,2,gpt2-medium
link_text,21,2,0.0107,link,text,Link text describes,"['<|endoftext|>', 'Link', ' text', ' describes']",1,2,gpt2-medium
link_text,21,3,0.0449,link,text,Link text describes,"['<|endoftext|>', 'Link', ' text', ' describes']",1,2,gpt2-medium
link_text,21,4,0.2084,link,text,Link text describes,"['<|endoftext|>', 'Link', ' text', ' describes']",1,2,gpt2-medium
link_text,21,5,0.0152,link,text,Link text describes,"['<|endoftext|>', 'Link', ' text', ' describes']",1,2,gpt2-medium
link_text,21,6,0.1934,link,text,Link text describes,"['<|endoftext|>', 'Link', ' text', ' describes']",1,2,gpt2-medium
link_text,21,7,0.0313,link,text,Link text describes,"['<|endoftext|>', 'Link', ' text', ' describes']",1,2,gpt2-medium
link_text,21,8,0.085,link,text,Link text describes,"['<|endoftext|>', 'Link', ' text', ' describes']",1,2,gpt2-medium
link_text,21,9,0.0185,link,text,Link text describes,"['<|endoftext|>', 'Link', ' text', ' describes']",1,2,gpt2-medium
link_text,21,10,0.008,link,text,Link text describes,"['<|endoftext|>', 'Link', ' text', ' describes']",1,2,gpt2-medium
link_text,21,11,0.0844,link,text,Link text describes,"['<|endoftext|>', 'Link', ' text', ' describes']",1,2,gpt2-medium
link_text,21,12,0.0638,link,text,Link text describes,"['<|endoftext|>', 'Link', ' text', ' describes']",1,2,gpt2-medium
link_text,21,13,0.005,link,text,Link text describes,"['<|endoftext|>', 'Link', ' text', ' describes']",1,2,gpt2-medium
link_text,21,14,0.0488,link,text,Link text describes,"['<|endoftext|>', 'Link', ' text', ' describes']",1,2,gpt2-medium
link_text,21,15,0.0023,link,text,Link text describes,"['<|endoftext|>', 'Link', ' text', ' describes']",1,2,gpt2-medium
link_text,22,0,0.0282,link,text,Link text describes,"['<|endoftext|>', 'Link', ' text', ' describes']",1,2,gpt2-medium
link_text,22,1,0.0105,link,text,Link text describes,"['<|endoftext|>', 'Link', ' text', ' describes']",1,2,gpt2-medium
link_text,22,2,0.0956,link,text,Link text describes,"['<|endoftext|>', 'Link', ' text', ' describes']",1,2,gpt2-medium
link_text,22,3,0.0083,link,text,Link text describes,"['<|endoftext|>', 'Link', ' text', ' describes']",1,2,gpt2-medium
link_text,22,4,0.0136,link,text,Link text describes,"['<|endoftext|>', 'Link', ' text', ' describes']",1,2,gpt2-medium
link_text,22,5,0.0532,link,text,Link text describes,"['<|endoftext|>', 'Link', ' text', ' describes']",1,2,gpt2-medium
link_text,22,6,0.0743,link,text,Link text describes,"['<|endoftext|>', 'Link', ' text', ' describes']",1,2,gpt2-medium
link_text,22,7,0.0051,link,text,Link text describes,"['<|endoftext|>', 'Link', ' text', ' describes']",1,2,gpt2-medium
link_text,22,8,0.1037,link,text,Link text describes,"['<|endoftext|>', 'Link', ' text', ' describes']",1,2,gpt2-medium
link_text,22,9,0.142,link,text,Link text describes,"['<|endoftext|>', 'Link', ' text', ' describes']",1,2,gpt2-medium
link_text,22,10,0.1191,link,text,Link text describes,"['<|endoftext|>', 'Link', ' text', ' describes']",1,2,gpt2-medium
link_text,22,11,0.054,link,text,Link text describes,"['<|endoftext|>', 'Link', ' text', ' describes']",1,2,gpt2-medium
link_text,22,12,0.0219,link,text,Link text describes,"['<|endoftext|>', 'Link', ' text', ' describes']",1,2,gpt2-medium
link_text,22,13,0.0597,link,text,Link text describes,"['<|endoftext|>', 'Link', ' text', ' describes']",1,2,gpt2-medium
link_text,22,14,0.0833,link,text,Link text describes,"['<|endoftext|>', 'Link', ' text', ' describes']",1,2,gpt2-medium
link_text,22,15,0.0571,link,text,Link text describes,"['<|endoftext|>', 'Link', ' text', ' describes']",1,2,gpt2-medium
link_text,23,0,0.1016,link,text,Link text describes,"['<|endoftext|>', 'Link', ' text', ' describes']",1,2,gpt2-medium
link_text,23,1,0.173,link,text,Link text describes,"['<|endoftext|>', 'Link', ' text', ' describes']",1,2,gpt2-medium
link_text,23,2,0.0088,link,text,Link text describes,"['<|endoftext|>', 'Link', ' text', ' describes']",1,2,gpt2-medium
link_text,23,3,0.0732,link,text,Link text describes,"['<|endoftext|>', 'Link', ' text', ' describes']",1,2,gpt2-medium
link_text,23,4,0.0952,link,text,Link text describes,"['<|endoftext|>', 'Link', ' text', ' describes']",1,2,gpt2-medium
link_text,23,5,0.3533,link,text,Link text describes,"['<|endoftext|>', 'Link', ' text', ' describes']",1,2,gpt2-medium
link_text,23,6,0.7198,link,text,Link text describes,"['<|endoftext|>', 'Link', ' text', ' describes']",1,2,gpt2-medium
link_text,23,7,0.0629,link,text,Link text describes,"['<|endoftext|>', 'Link', ' text', ' describes']",1,2,gpt2-medium
link_text,23,8,0.2819,link,text,Link text describes,"['<|endoftext|>', 'Link', ' text', ' describes']",1,2,gpt2-medium
link_text,23,9,0.0618,link,text,Link text describes,"['<|endoftext|>', 'Link', ' text', ' describes']",1,2,gpt2-medium
link_text,23,10,0.1833,link,text,Link text describes,"['<|endoftext|>', 'Link', ' text', ' describes']",1,2,gpt2-medium
link_text,23,11,0.112,link,text,Link text describes,"['<|endoftext|>', 'Link', ' text', ' describes']",1,2,gpt2-medium
link_text,23,12,0.0195,link,text,Link text describes,"['<|endoftext|>', 'Link', ' text', ' describes']",1,2,gpt2-medium
link_text,23,13,0.093,link,text,Link text describes,"['<|endoftext|>', 'Link', ' text', ' describes']",1,2,gpt2-medium
link_text,23,14,0.0162,link,text,Link text describes,"['<|endoftext|>', 'Link', ' text', ' describes']",1,2,gpt2-medium
link_text,23,15,0.1046,link,text,Link text describes,"['<|endoftext|>', 'Link', ' text', ' describes']",1,2,gpt2-medium
focus_indicator,0,0,0.1491,focus,indicator,A focus indicator is,"['<|endoftext|>', 'A', ' focus', ' indicator', ' is']",2,3,gpt2-medium
focus_indicator,0,1,0.1282,focus,indicator,A focus indicator is,"['<|endoftext|>', 'A', ' focus', ' indicator', ' is']",2,3,gpt2-medium
focus_indicator,0,2,0.0149,focus,indicator,A focus indicator is,"['<|endoftext|>', 'A', ' focus', ' indicator', ' is']",2,3,gpt2-medium
focus_indicator,0,3,0.0288,focus,indicator,A focus indicator is,"['<|endoftext|>', 'A', ' focus', ' indicator', ' is']",2,3,gpt2-medium
focus_indicator,0,4,0.3623,focus,indicator,A focus indicator is,"['<|endoftext|>', 'A', ' focus', ' indicator', ' is']",2,3,gpt2-medium
focus_indicator,0,5,0.0605,focus,indicator,A focus indicator is,"['<|endoftext|>', 'A', ' focus', ' indicator', ' is']",2,3,gpt2-medium
focus_indicator,0,6,0.0614,focus,indicator,A focus indicator is,"['<|endoftext|>', 'A', ' focus', ' indicator', ' is']",2,3,gpt2-medium
focus_indicator,0,7,0.0551,focus,indicator,A focus indicator is,"['<|endoftext|>', 'A', ' focus', ' indicator', ' is']",2,3,gpt2-medium
focus_indicator,0,8,0.1463,focus,indicator,A focus indicator is,"['<|endoftext|>', 'A', ' focus', ' indicator', ' is']",2,3,gpt2-medium
focus_indicator,0,9,0.1278,focus,indicator,A focus indicator is,"['<|endoftext|>', 'A', ' focus', ' indicator', ' is']",2,3,gpt2-medium
focus_indicator,0,10,0.1061,focus,indicator,A focus indicator is,"['<|endoftext|>', 'A', ' focus', ' indicator', ' is']",2,3,gpt2-medium
focus_indicator,0,11,0.1945,focus,indicator,A focus indicator is,"['<|endoftext|>', 'A', ' focus', ' indicator', ' is']",2,3,gpt2-medium
focus_indicator,0,12,0.1203,focus,indicator,A focus indicator is,"['<|endoftext|>', 'A', ' focus', ' indicator', ' is']",2,3,gpt2-medium
focus_indicator,0,13,0.0706,focus,indicator,A focus indicator is,"['<|endoftext|>', 'A', ' focus', ' indicator', ' is']",2,3,gpt2-medium
focus_indicator,0,14,0.0132,focus,indicator,A focus indicator is,"['<|endoftext|>', 'A', ' focus', ' indicator', ' is']",2,3,gpt2-medium
focus_indicator,0,15,0.067,focus,indicator,A focus indicator is,"['<|endoftext|>', 'A', ' focus', ' indicator', ' is']",2,3,gpt2-medium
focus_indicator,1,0,0.042,focus,indicator,A focus indicator is,"['<|endoftext|>', 'A', ' focus', ' indicator', ' is']",2,3,gpt2-medium
focus_indicator,1,1,0.1618,focus,indicator,A focus indicator is,"['<|endoftext|>', 'A', ' focus', ' indicator', ' is']",2,3,gpt2-medium
focus_indicator,1,2,0.1314,focus,indicator,A focus indicator is,"['<|endoftext|>', 'A', ' focus', ' indicator', ' is']",2,3,gpt2-medium
focus_indicator,1,3,0.0792,focus,indicator,A focus indicator is,"['<|endoftext|>', 'A', ' focus', ' indicator', ' is']",2,3,gpt2-medium
focus_indicator,1,4,0.0136,focus,indicator,A focus indicator is,"['<|endoftext|>', 'A', ' focus', ' indicator', ' is']",2,3,gpt2-medium
focus_indicator,1,5,0.0871,focus,indicator,A focus indicator is,"['<|endoftext|>', 'A', ' focus', ' indicator', ' is']",2,3,gpt2-medium
focus_indicator,1,6,0.2805,focus,indicator,A focus indicator is,"['<|endoftext|>', 'A', ' focus', ' indicator', ' is']",2,3,gpt2-medium
focus_indicator,1,7,0.0779,focus,indicator,A focus indicator is,"['<|endoftext|>', 'A', ' focus', ' indicator', ' is']",2,3,gpt2-medium
focus_indicator,1,8,0.0478,focus,indicator,A focus indicator is,"['<|endoftext|>', 'A', ' focus', ' indicator', ' is']",2,3,gpt2-medium
focus_indicator,1,9,0.1013,focus,indicator,A focus indicator is,"['<|endoftext|>', 'A', ' focus', ' indicator', ' is']",2,3,gpt2-medium
focus_indicator,1,10,0.0234,focus,indicator,A focus indicator is,"['<|endoftext|>', 'A', ' focus', ' indicator', ' is']",2,3,gpt2-medium
focus_indicator,1,11,0.0578,focus,indicator,A focus indicator is,"['<|endoftext|>', 'A', ' focus', ' indicator', ' is']",2,3,gpt2-medium
focus_indicator,1,12,0.1431,focus,indicator,A focus indicator is,"['<|endoftext|>', 'A', ' focus', ' indicator', ' is']",2,3,gpt2-medium
focus_indicator,1,13,0.1035,focus,indicator,A focus indicator is,"['<|endoftext|>', 'A', ' focus', ' indicator', ' is']",2,3,gpt2-medium
focus_indicator,1,14,0.2547,focus,indicator,A focus indicator is,"['<|endoftext|>', 'A', ' focus', ' indicator', ' is']",2,3,gpt2-medium
focus_indicator,1,15,0.176,focus,indicator,A focus indicator is,"['<|endoftext|>', 'A', ' focus', ' indicator', ' is']",2,3,gpt2-medium
focus_indicator,2,0,0.0827,focus,indicator,A focus indicator is,"['<|endoftext|>', 'A', ' focus', ' indicator', ' is']",2,3,gpt2-medium
focus_indicator,2,1,0.1023,focus,indicator,A focus indicator is,"['<|endoftext|>', 'A', ' focus', ' indicator', ' is']",2,3,gpt2-medium
focus_indicator,2,2,0.1748,focus,indicator,A focus indicator is,"['<|endoftext|>', 'A', ' focus', ' indicator', ' is']",2,3,gpt2-medium
focus_indicator,2,3,0.5172,focus,indicator,A focus indicator is,"['<|endoftext|>', 'A', ' focus', ' indicator', ' is']",2,3,gpt2-medium
focus_indicator,2,4,0.3492,focus,indicator,A focus indicator is,"['<|endoftext|>', 'A', ' focus', ' indicator', ' is']",2,3,gpt2-medium
focus_indicator,2,5,0.6967,focus,indicator,A focus indicator is,"['<|endoftext|>', 'A', ' focus', ' indicator', ' is']",2,3,gpt2-medium
focus_indicator,2,6,0.0787,focus,indicator,A focus indicator is,"['<|endoftext|>', 'A', ' focus', ' indicator', ' is']",2,3,gpt2-medium
focus_indicator,2,7,0.0799,focus,indicator,A focus indicator is,"['<|endoftext|>', 'A', ' focus', ' indicator', ' is']",2,3,gpt2-medium
focus_indicator,2,8,0.0684,focus,indicator,A focus indicator is,"['<|endoftext|>', 'A', ' focus', ' indicator', ' is']",2,3,gpt2-medium
focus_indicator,2,9,0.3736,focus,indicator,A focus indicator is,"['<|endoftext|>', 'A', ' focus', ' indicator', ' is']",2,3,gpt2-medium
focus_indicator,2,10,0.2183,focus,indicator,A focus indicator is,"['<|endoftext|>', 'A', ' focus', ' indicator', ' is']",2,3,gpt2-medium
focus_indicator,2,11,0.2081,focus,indicator,A focus indicator is,"['<|endoftext|>', 'A', ' focus', ' indicator', ' is']",2,3,gpt2-medium
focus_indicator,2,12,0.1078,focus,indicator,A focus indicator is,"['<|endoftext|>', 'A', ' focus', ' indicator', ' is']",2,3,gpt2-medium
focus_indicator,2,13,0.1275,focus,indicator,A focus indicator is,"['<|endoftext|>', 'A', ' focus', ' indicator', ' is']",2,3,gpt2-medium
focus_indicator,2,14,0.1619,focus,indicator,A focus indicator is,"['<|endoftext|>', 'A', ' focus', ' indicator', ' is']",2,3,gpt2-medium
focus_indicator,2,15,0.249,focus,indicator,A focus indicator is,"['<|endoftext|>', 'A', ' focus', ' indicator', ' is']",2,3,gpt2-medium
focus_indicator,3,0,0.0286,focus,indicator,A focus indicator is,"['<|endoftext|>', 'A', ' focus', ' indicator', ' is']",2,3,gpt2-medium
focus_indicator,3,1,0.0227,focus,indicator,A focus indicator is,"['<|endoftext|>', 'A', ' focus', ' indicator', ' is']",2,3,gpt2-medium
focus_indicator,3,2,0.3496,focus,indicator,A focus indicator is,"['<|endoftext|>', 'A', ' focus', ' indicator', ' is']",2,3,gpt2-medium
focus_indicator,3,3,0.3711,focus,indicator,A focus indicator is,"['<|endoftext|>', 'A', ' focus', ' indicator', ' is']",2,3,gpt2-medium
focus_indicator,3,4,0.1829,focus,indicator,A focus indicator is,"['<|endoftext|>', 'A', ' focus', ' indicator', ' is']",2,3,gpt2-medium
focus_indicator,3,5,0.0594,focus,indicator,A focus indicator is,"['<|endoftext|>', 'A', ' focus', ' indicator', ' is']",2,3,gpt2-medium
focus_indicator,3,6,0.3619,focus,indicator,A focus indicator is,"['<|endoftext|>', 'A', ' focus', ' indicator', ' is']",2,3,gpt2-medium
focus_indicator,3,7,0.1789,focus,indicator,A focus indicator is,"['<|endoftext|>', 'A', ' focus', ' indicator', ' is']",2,3,gpt2-medium
focus_indicator,3,8,0.4787,focus,indicator,A focus indicator is,"['<|endoftext|>', 'A', ' focus', ' indicator', ' is']",2,3,gpt2-medium
focus_indicator,3,9,0.1376,focus,indicator,A focus indicator is,"['<|endoftext|>', 'A', ' focus', ' indicator', ' is']",2,3,gpt2-medium
focus_indicator,3,10,0.1685,focus,indicator,A focus indicator is,"['<|endoftext|>', 'A', ' focus', ' indicator', ' is']",2,3,gpt2-medium
focus_indicator,3,11,0.1553,focus,indicator,A focus indicator is,"['<|endoftext|>', 'A', ' focus', ' indicator', ' is']",2,3,gpt2-medium
focus_indicator,3,12,0.0986,focus,indicator,A focus indicator is,"['<|endoftext|>', 'A', ' focus', ' indicator', ' is']",2,3,gpt2-medium
focus_indicator,3,13,0.8847,focus,indicator,A focus indicator is,"['<|endoftext|>', 'A', ' focus', ' indicator', ' is']",2,3,gpt2-medium
focus_indicator,3,14,0.1126,focus,indicator,A focus indicator is,"['<|endoftext|>', 'A', ' focus', ' indicator', ' is']",2,3,gpt2-medium
focus_indicator,3,15,0.4254,focus,indicator,A focus indicator is,"['<|endoftext|>', 'A', ' focus', ' indicator', ' is']",2,3,gpt2-medium
focus_indicator,4,0,0.4953,focus,indicator,A focus indicator is,"['<|endoftext|>', 'A', ' focus', ' indicator', ' is']",2,3,gpt2-medium
focus_indicator,4,1,0.5804,focus,indicator,A focus indicator is,"['<|endoftext|>', 'A', ' focus', ' indicator', ' is']",2,3,gpt2-medium
focus_indicator,4,2,0.6576,focus,indicator,A focus indicator is,"['<|endoftext|>', 'A', ' focus', ' indicator', ' is']",2,3,gpt2-medium
focus_indicator,4,3,0.0128,focus,indicator,A focus indicator is,"['<|endoftext|>', 'A', ' focus', ' indicator', ' is']",2,3,gpt2-medium
focus_indicator,4,4,0.3231,focus,indicator,A focus indicator is,"['<|endoftext|>', 'A', ' focus', ' indicator', ' is']",2,3,gpt2-medium
focus_indicator,4,5,0.0189,focus,indicator,A focus indicator is,"['<|endoftext|>', 'A', ' focus', ' indicator', ' is']",2,3,gpt2-medium
focus_indicator,4,6,0.0002,focus,indicator,A focus indicator is,"['<|endoftext|>', 'A', ' focus', ' indicator', ' is']",2,3,gpt2-medium
focus_indicator,4,7,0.0394,focus,indicator,A focus indicator is,"['<|endoftext|>', 'A', ' focus', ' indicator', ' is']",2,3,gpt2-medium
focus_indicator,4,8,0.0724,focus,indicator,A focus indicator is,"['<|endoftext|>', 'A', ' focus', ' indicator', ' is']",2,3,gpt2-medium
focus_indicator,4,9,0.0219,focus,indicator,A focus indicator is,"['<|endoftext|>', 'A', ' focus', ' indicator', ' is']",2,3,gpt2-medium
focus_indicator,4,10,0.0638,focus,indicator,A focus indicator is,"['<|endoftext|>', 'A', ' focus', ' indicator', ' is']",2,3,gpt2-medium
focus_indicator,4,11,0.7257,focus,indicator,A focus indicator is,"['<|endoftext|>', 'A', ' focus', ' indicator', ' is']",2,3,gpt2-medium
focus_indicator,4,12,0.8943,focus,indicator,A focus indicator is,"['<|endoftext|>', 'A', ' focus', ' indicator', ' is']",2,3,gpt2-medium
focus_indicator,4,13,0.9998,focus,indicator,A focus indicator is,"['<|endoftext|>', 'A', ' focus', ' indicator', ' is']",2,3,gpt2-medium
focus_indicator,4,14,0.0727,focus,indicator,A focus indicator is,"['<|endoftext|>', 'A', ' focus', ' indicator', ' is']",2,3,gpt2-medium
focus_indicator,4,15,0.0321,focus,indicator,A focus indicator is,"['<|endoftext|>', 'A', ' focus', ' indicator', ' is']",2,3,gpt2-medium
focus_indicator,5,0,0.0012,focus,indicator,A focus indicator is,"['<|endoftext|>', 'A', ' focus', ' indicator', ' is']",2,3,gpt2-medium
focus_indicator,5,1,0.0207,focus,indicator,A focus indicator is,"['<|endoftext|>', 'A', ' focus', ' indicator', ' is']",2,3,gpt2-medium
focus_indicator,5,2,0.748,focus,indicator,A focus indicator is,"['<|endoftext|>', 'A', ' focus', ' indicator', ' is']",2,3,gpt2-medium
focus_indicator,5,3,0.0089,focus,indicator,A focus indicator is,"['<|endoftext|>', 'A', ' focus', ' indicator', ' is']",2,3,gpt2-medium
focus_indicator,5,4,0.4648,focus,indicator,A focus indicator is,"['<|endoftext|>', 'A', ' focus', ' indicator', ' is']",2,3,gpt2-medium
focus_indicator,5,5,0.0862,focus,indicator,A focus indicator is,"['<|endoftext|>', 'A', ' focus', ' indicator', ' is']",2,3,gpt2-medium
focus_indicator,5,6,0.0125,focus,indicator,A focus indicator is,"['<|endoftext|>', 'A', ' focus', ' indicator', ' is']",2,3,gpt2-medium
focus_indicator,5,7,0.036,focus,indicator,A focus indicator is,"['<|endoftext|>', 'A', ' focus', ' indicator', ' is']",2,3,gpt2-medium
focus_indicator,5,8,0.0004,focus,indicator,A focus indicator is,"['<|endoftext|>', 'A', ' focus', ' indicator', ' is']",2,3,gpt2-medium
focus_indicator,5,9,0.0575,focus,indicator,A focus indicator is,"['<|endoftext|>', 'A', ' focus', ' indicator', ' is']",2,3,gpt2-medium
focus_indicator,5,10,0.0031,focus,indicator,A focus indicator is,"['<|endoftext|>', 'A', ' focus', ' indicator', ' is']",2,3,gpt2-medium
focus_indicator,5,11,0.9901,focus,indicator,A focus indicator is,"['<|endoftext|>', 'A', ' focus', ' indicator', ' is']",2,3,gpt2-medium
focus_indicator,5,12,0.0092,focus,indicator,A focus indicator is,"['<|endoftext|>', 'A', ' focus', ' indicator', ' is']",2,3,gpt2-medium
focus_indicator,5,13,0.2679,focus,indicator,A focus indicator is,"['<|endoftext|>', 'A', ' focus', ' indicator', ' is']",2,3,gpt2-medium
focus_indicator,5,14,0.0283,focus,indicator,A focus indicator is,"['<|endoftext|>', 'A', ' focus', ' indicator', ' is']",2,3,gpt2-medium
focus_indicator,5,15,0.0652,focus,indicator,A focus indicator is,"['<|endoftext|>', 'A', ' focus', ' indicator', ' is']",2,3,gpt2-medium
focus_indicator,6,0,0.0011,focus,indicator,A focus indicator is,"['<|endoftext|>', 'A', ' focus', ' indicator', ' is']",2,3,gpt2-medium
focus_indicator,6,1,0.0,focus,indicator,A focus indicator is,"['<|endoftext|>', 'A', ' focus', ' indicator', ' is']",2,3,gpt2-medium
focus_indicator,6,2,0.005,focus,indicator,A focus indicator is,"['<|endoftext|>', 'A', ' focus', ' indicator', ' is']",2,3,gpt2-medium
focus_indicator,6,3,0.0086,focus,indicator,A focus indicator is,"['<|endoftext|>', 'A', ' focus', ' indicator', ' is']",2,3,gpt2-medium
focus_indicator,6,4,0.0,focus,indicator,A focus indicator is,"['<|endoftext|>', 'A', ' focus', ' indicator', ' is']",2,3,gpt2-medium
focus_indicator,6,5,0.0038,focus,indicator,A focus indicator is,"['<|endoftext|>', 'A', ' focus', ' indicator', ' is']",2,3,gpt2-medium
focus_indicator,6,6,0.0065,focus,indicator,A focus indicator is,"['<|endoftext|>', 'A', ' focus', ' indicator', ' is']",2,3,gpt2-medium
focus_indicator,6,7,0.1961,focus,indicator,A focus indicator is,"['<|endoftext|>', 'A', ' focus', ' indicator', ' is']",2,3,gpt2-medium
focus_indicator,6,8,0.0549,focus,indicator,A focus indicator is,"['<|endoftext|>', 'A', ' focus', ' indicator', ' is']",2,3,gpt2-medium
focus_indicator,6,9,0.0139,focus,indicator,A focus indicator is,"['<|endoftext|>', 'A', ' focus', ' indicator', ' is']",2,3,gpt2-medium
focus_indicator,6,10,0.0365,focus,indicator,A focus indicator is,"['<|endoftext|>', 'A', ' focus', ' indicator', ' is']",2,3,gpt2-medium
focus_indicator,6,11,0.0004,focus,indicator,A focus indicator is,"['<|endoftext|>', 'A', ' focus', ' indicator', ' is']",2,3,gpt2-medium
focus_indicator,6,12,0.0194,focus,indicator,A focus indicator is,"['<|endoftext|>', 'A', ' focus', ' indicator', ' is']",2,3,gpt2-medium
focus_indicator,6,13,0.0035,focus,indicator,A focus indicator is,"['<|endoftext|>', 'A', ' focus', ' indicator', ' is']",2,3,gpt2-medium
focus_indicator,6,14,0.8767,focus,indicator,A focus indicator is,"['<|endoftext|>', 'A', ' focus', ' indicator', ' is']",2,3,gpt2-medium
focus_indicator,6,15,0.0016,focus,indicator,A focus indicator is,"['<|endoftext|>', 'A', ' focus', ' indicator', ' is']",2,3,gpt2-medium
focus_indicator,7,0,0.0007,focus,indicator,A focus indicator is,"['<|endoftext|>', 'A', ' focus', ' indicator', ' is']",2,3,gpt2-medium
focus_indicator,7,1,0.0246,focus,indicator,A focus indicator is,"['<|endoftext|>', 'A', ' focus', ' indicator', ' is']",2,3,gpt2-medium
focus_indicator,7,2,0.0,focus,indicator,A focus indicator is,"['<|endoftext|>', 'A', ' focus', ' indicator', ' is']",2,3,gpt2-medium
focus_indicator,7,3,0.0247,focus,indicator,A focus indicator is,"['<|endoftext|>', 'A', ' focus', ' indicator', ' is']",2,3,gpt2-medium
focus_indicator,7,4,0.0414,focus,indicator,A focus indicator is,"['<|endoftext|>', 'A', ' focus', ' indicator', ' is']",2,3,gpt2-medium
focus_indicator,7,5,0.0006,focus,indicator,A focus indicator is,"['<|endoftext|>', 'A', ' focus', ' indicator', ' is']",2,3,gpt2-medium
focus_indicator,7,6,0.1313,focus,indicator,A focus indicator is,"['<|endoftext|>', 'A', ' focus', ' indicator', ' is']",2,3,gpt2-medium
focus_indicator,7,7,0.0012,focus,indicator,A focus indicator is,"['<|endoftext|>', 'A', ' focus', ' indicator', ' is']",2,3,gpt2-medium
focus_indicator,7,8,0.0383,focus,indicator,A focus indicator is,"['<|endoftext|>', 'A', ' focus', ' indicator', ' is']",2,3,gpt2-medium
focus_indicator,7,9,0.0547,focus,indicator,A focus indicator is,"['<|endoftext|>', 'A', ' focus', ' indicator', ' is']",2,3,gpt2-medium
focus_indicator,7,10,0.0056,focus,indicator,A focus indicator is,"['<|endoftext|>', 'A', ' focus', ' indicator', ' is']",2,3,gpt2-medium
focus_indicator,7,11,0.0,focus,indicator,A focus indicator is,"['<|endoftext|>', 'A', ' focus', ' indicator', ' is']",2,3,gpt2-medium
focus_indicator,7,12,0.7317,focus,indicator,A focus indicator is,"['<|endoftext|>', 'A', ' focus', ' indicator', ' is']",2,3,gpt2-medium
focus_indicator,7,13,0.091,focus,indicator,A focus indicator is,"['<|endoftext|>', 'A', ' focus', ' indicator', ' is']",2,3,gpt2-medium
focus_indicator,7,14,0.0181,focus,indicator,A focus indicator is,"['<|endoftext|>', 'A', ' focus', ' indicator', ' is']",2,3,gpt2-medium
focus_indicator,7,15,0.0027,focus,indicator,A focus indicator is,"['<|endoftext|>', 'A', ' focus', ' indicator', ' is']",2,3,gpt2-medium
focus_indicator,8,0,0.0067,focus,indicator,A focus indicator is,"['<|endoftext|>', 'A', ' focus', ' indicator', ' is']",2,3,gpt2-medium
focus_indicator,8,1,0.2872,focus,indicator,A focus indicator is,"['<|endoftext|>', 'A', ' focus', ' indicator', ' is']",2,3,gpt2-medium
focus_indicator,8,2,0.015,focus,indicator,A focus indicator is,"['<|endoftext|>', 'A', ' focus', ' indicator', ' is']",2,3,gpt2-medium
focus_indicator,8,3,0.0327,focus,indicator,A focus indicator is,"['<|endoftext|>', 'A', ' focus', ' indicator', ' is']",2,3,gpt2-medium
focus_indicator,8,4,0.0115,focus,indicator,A focus indicator is,"['<|endoftext|>', 'A', ' focus', ' indicator', ' is']",2,3,gpt2-medium
focus_indicator,8,5,0.0115,focus,indicator,A focus indicator is,"['<|endoftext|>', 'A', ' focus', ' indicator', ' is']",2,3,gpt2-medium
focus_indicator,8,6,0.3198,focus,indicator,A focus indicator is,"['<|endoftext|>', 'A', ' focus', ' indicator', ' is']",2,3,gpt2-medium
focus_indicator,8,7,0.0246,focus,indicator,A focus indicator is,"['<|endoftext|>', 'A', ' focus', ' indicator', ' is']",2,3,gpt2-medium
focus_indicator,8,8,0.0143,focus,indicator,A focus indicator is,"['<|endoftext|>', 'A', ' focus', ' indicator', ' is']",2,3,gpt2-medium
focus_indicator,8,9,0.0044,focus,indicator,A focus indicator is,"['<|endoftext|>', 'A', ' focus', ' indicator', ' is']",2,3,gpt2-medium
focus_indicator,8,10,0.0001,focus,indicator,A focus indicator is,"['<|endoftext|>', 'A', ' focus', ' indicator', ' is']",2,3,gpt2-medium
focus_indicator,8,11,0.0214,focus,indicator,A focus indicator is,"['<|endoftext|>', 'A', ' focus', ' indicator', ' is']",2,3,gpt2-medium
focus_indicator,8,12,0.0698,focus,indicator,A focus indicator is,"['<|endoftext|>', 'A', ' focus', ' indicator', ' is']",2,3,gpt2-medium
focus_indicator,8,13,0.0061,focus,indicator,A focus indicator is,"['<|endoftext|>', 'A', ' focus', ' indicator', ' is']",2,3,gpt2-medium
focus_indicator,8,14,0.0492,focus,indicator,A focus indicator is,"['<|endoftext|>', 'A', ' focus', ' indicator', ' is']",2,3,gpt2-medium
focus_indicator,8,15,0.0059,focus,indicator,A focus indicator is,"['<|endoftext|>', 'A', ' focus', ' indicator', ' is']",2,3,gpt2-medium
focus_indicator,9,0,0.0505,focus,indicator,A focus indicator is,"['<|endoftext|>', 'A', ' focus', ' indicator', ' is']",2,3,gpt2-medium
focus_indicator,9,1,0.022,focus,indicator,A focus indicator is,"['<|endoftext|>', 'A', ' focus', ' indicator', ' is']",2,3,gpt2-medium
focus_indicator,9,2,0.0197,focus,indicator,A focus indicator is,"['<|endoftext|>', 'A', ' focus', ' indicator', ' is']",2,3,gpt2-medium
focus_indicator,9,3,0.0003,focus,indicator,A focus indicator is,"['<|endoftext|>', 'A', ' focus', ' indicator', ' is']",2,3,gpt2-medium
focus_indicator,9,4,0.0002,focus,indicator,A focus indicator is,"['<|endoftext|>', 'A', ' focus', ' indicator', ' is']",2,3,gpt2-medium
focus_indicator,9,5,0.1264,focus,indicator,A focus indicator is,"['<|endoftext|>', 'A', ' focus', ' indicator', ' is']",2,3,gpt2-medium
focus_indicator,9,6,0.0027,focus,indicator,A focus indicator is,"['<|endoftext|>', 'A', ' focus', ' indicator', ' is']",2,3,gpt2-medium
focus_indicator,9,7,0.0006,focus,indicator,A focus indicator is,"['<|endoftext|>', 'A', ' focus', ' indicator', ' is']",2,3,gpt2-medium
focus_indicator,9,8,0.0057,focus,indicator,A focus indicator is,"['<|endoftext|>', 'A', ' focus', ' indicator', ' is']",2,3,gpt2-medium
focus_indicator,9,9,0.0,focus,indicator,A focus indicator is,"['<|endoftext|>', 'A', ' focus', ' indicator', ' is']",2,3,gpt2-medium
focus_indicator,9,10,0.0267,focus,indicator,A focus indicator is,"['<|endoftext|>', 'A', ' focus', ' indicator', ' is']",2,3,gpt2-medium
focus_indicator,9,11,0.0804,focus,indicator,A focus indicator is,"['<|endoftext|>', 'A', ' focus', ' indicator', ' is']",2,3,gpt2-medium
focus_indicator,9,12,0.0,focus,indicator,A focus indicator is,"['<|endoftext|>', 'A', ' focus', ' indicator', ' is']",2,3,gpt2-medium
focus_indicator,9,13,0.0015,focus,indicator,A focus indicator is,"['<|endoftext|>', 'A', ' focus', ' indicator', ' is']",2,3,gpt2-medium
focus_indicator,9,14,0.0072,focus,indicator,A focus indicator is,"['<|endoftext|>', 'A', ' focus', ' indicator', ' is']",2,3,gpt2-medium
focus_indicator,9,15,0.3068,focus,indicator,A focus indicator is,"['<|endoftext|>', 'A', ' focus', ' indicator', ' is']",2,3,gpt2-medium
focus_indicator,10,0,0.0337,focus,indicator,A focus indicator is,"['<|endoftext|>', 'A', ' focus', ' indicator', ' is']",2,3,gpt2-medium
focus_indicator,10,1,0.0005,focus,indicator,A focus indicator is,"['<|endoftext|>', 'A', ' focus', ' indicator', ' is']",2,3,gpt2-medium
focus_indicator,10,2,0.0175,focus,indicator,A focus indicator is,"['<|endoftext|>', 'A', ' focus', ' indicator', ' is']",2,3,gpt2-medium
focus_indicator,10,3,0.0041,focus,indicator,A focus indicator is,"['<|endoftext|>', 'A', ' focus', ' indicator', ' is']",2,3,gpt2-medium
focus_indicator,10,4,0.0061,focus,indicator,A focus indicator is,"['<|endoftext|>', 'A', ' focus', ' indicator', ' is']",2,3,gpt2-medium
focus_indicator,10,5,0.0619,focus,indicator,A focus indicator is,"['<|endoftext|>', 'A', ' focus', ' indicator', ' is']",2,3,gpt2-medium
focus_indicator,10,6,0.0176,focus,indicator,A focus indicator is,"['<|endoftext|>', 'A', ' focus', ' indicator', ' is']",2,3,gpt2-medium
focus_indicator,10,7,0.0268,focus,indicator,A focus indicator is,"['<|endoftext|>', 'A', ' focus', ' indicator', ' is']",2,3,gpt2-medium
focus_indicator,10,8,0.0007,focus,indicator,A focus indicator is,"['<|endoftext|>', 'A', ' focus', ' indicator', ' is']",2,3,gpt2-medium
focus_indicator,10,9,0.0134,focus,indicator,A focus indicator is,"['<|endoftext|>', 'A', ' focus', ' indicator', ' is']",2,3,gpt2-medium
focus_indicator,10,10,0.2934,focus,indicator,A focus indicator is,"['<|endoftext|>', 'A', ' focus', ' indicator', ' is']",2,3,gpt2-medium
focus_indicator,10,11,0.2241,focus,indicator,A focus indicator is,"['<|endoftext|>', 'A', ' focus', ' indicator', ' is']",2,3,gpt2-medium
focus_indicator,10,12,0.112,focus,indicator,A focus indicator is,"['<|endoftext|>', 'A', ' focus', ' indicator', ' is']",2,3,gpt2-medium
focus_indicator,10,13,0.0183,focus,indicator,A focus indicator is,"['<|endoftext|>', 'A', ' focus', ' indicator', ' is']",2,3,gpt2-medium
focus_indicator,10,14,0.0611,focus,indicator,A focus indicator is,"['<|endoftext|>', 'A', ' focus', ' indicator', ' is']",2,3,gpt2-medium
focus_indicator,10,15,0.0427,focus,indicator,A focus indicator is,"['<|endoftext|>', 'A', ' focus', ' indicator', ' is']",2,3,gpt2-medium
focus_indicator,11,0,0.0314,focus,indicator,A focus indicator is,"['<|endoftext|>', 'A', ' focus', ' indicator', ' is']",2,3,gpt2-medium
focus_indicator,11,1,0.0001,focus,indicator,A focus indicator is,"['<|endoftext|>', 'A', ' focus', ' indicator', ' is']",2,3,gpt2-medium
focus_indicator,11,2,0.0083,focus,indicator,A focus indicator is,"['<|endoftext|>', 'A', ' focus', ' indicator', ' is']",2,3,gpt2-medium
focus_indicator,11,3,0.0096,focus,indicator,A focus indicator is,"['<|endoftext|>', 'A', ' focus', ' indicator', ' is']",2,3,gpt2-medium
focus_indicator,11,4,0.01,focus,indicator,A focus indicator is,"['<|endoftext|>', 'A', ' focus', ' indicator', ' is']",2,3,gpt2-medium
focus_indicator,11,5,0.0454,focus,indicator,A focus indicator is,"['<|endoftext|>', 'A', ' focus', ' indicator', ' is']",2,3,gpt2-medium
focus_indicator,11,6,0.1801,focus,indicator,A focus indicator is,"['<|endoftext|>', 'A', ' focus', ' indicator', ' is']",2,3,gpt2-medium
focus_indicator,11,7,0.0808,focus,indicator,A focus indicator is,"['<|endoftext|>', 'A', ' focus', ' indicator', ' is']",2,3,gpt2-medium
focus_indicator,11,8,0.0424,focus,indicator,A focus indicator is,"['<|endoftext|>', 'A', ' focus', ' indicator', ' is']",2,3,gpt2-medium
focus_indicator,11,9,0.0243,focus,indicator,A focus indicator is,"['<|endoftext|>', 'A', ' focus', ' indicator', ' is']",2,3,gpt2-medium
focus_indicator,11,10,0.0043,focus,indicator,A focus indicator is,"['<|endoftext|>', 'A', ' focus', ' indicator', ' is']",2,3,gpt2-medium
focus_indicator,11,11,0.0019,focus,indicator,A focus indicator is,"['<|endoftext|>', 'A', ' focus', ' indicator', ' is']",2,3,gpt2-medium
focus_indicator,11,12,0.0607,focus,indicator,A focus indicator is,"['<|endoftext|>', 'A', ' focus', ' indicator', ' is']",2,3,gpt2-medium
focus_indicator,11,13,0.0928,focus,indicator,A focus indicator is,"['<|endoftext|>', 'A', ' focus', ' indicator', ' is']",2,3,gpt2-medium
focus_indicator,11,14,0.0006,focus,indicator,A focus indicator is,"['<|endoftext|>', 'A', ' focus', ' indicator', ' is']",2,3,gpt2-medium
focus_indicator,11,15,0.0244,focus,indicator,A focus indicator is,"['<|endoftext|>', 'A', ' focus', ' indicator', ' is']",2,3,gpt2-medium
focus_indicator,12,0,0.0017,focus,indicator,A focus indicator is,"['<|endoftext|>', 'A', ' focus', ' indicator', ' is']",2,3,gpt2-medium
focus_indicator,12,1,0.0,focus,indicator,A focus indicator is,"['<|endoftext|>', 'A', ' focus', ' indicator', ' is']",2,3,gpt2-medium
focus_indicator,12,2,0.0066,focus,indicator,A focus indicator is,"['<|endoftext|>', 'A', ' focus', ' indicator', ' is']",2,3,gpt2-medium
focus_indicator,12,3,0.0088,focus,indicator,A focus indicator is,"['<|endoftext|>', 'A', ' focus', ' indicator', ' is']",2,3,gpt2-medium
focus_indicator,12,4,0.0253,focus,indicator,A focus indicator is,"['<|endoftext|>', 'A', ' focus', ' indicator', ' is']",2,3,gpt2-medium
focus_indicator,12,5,0.0282,focus,indicator,A focus indicator is,"['<|endoftext|>', 'A', ' focus', ' indicator', ' is']",2,3,gpt2-medium
focus_indicator,12,6,0.0163,focus,indicator,A focus indicator is,"['<|endoftext|>', 'A', ' focus', ' indicator', ' is']",2,3,gpt2-medium
focus_indicator,12,7,0.1104,focus,indicator,A focus indicator is,"['<|endoftext|>', 'A', ' focus', ' indicator', ' is']",2,3,gpt2-medium
focus_indicator,12,8,0.1153,focus,indicator,A focus indicator is,"['<|endoftext|>', 'A', ' focus', ' indicator', ' is']",2,3,gpt2-medium
focus_indicator,12,9,0.0121,focus,indicator,A focus indicator is,"['<|endoftext|>', 'A', ' focus', ' indicator', ' is']",2,3,gpt2-medium
focus_indicator,12,10,0.0384,focus,indicator,A focus indicator is,"['<|endoftext|>', 'A', ' focus', ' indicator', ' is']",2,3,gpt2-medium
focus_indicator,12,11,0.0013,focus,indicator,A focus indicator is,"['<|endoftext|>', 'A', ' focus', ' indicator', ' is']",2,3,gpt2-medium
focus_indicator,12,12,0.0043,focus,indicator,A focus indicator is,"['<|endoftext|>', 'A', ' focus', ' indicator', ' is']",2,3,gpt2-medium
focus_indicator,12,13,0.0129,focus,indicator,A focus indicator is,"['<|endoftext|>', 'A', ' focus', ' indicator', ' is']",2,3,gpt2-medium
focus_indicator,12,14,0.004,focus,indicator,A focus indicator is,"['<|endoftext|>', 'A', ' focus', ' indicator', ' is']",2,3,gpt2-medium
focus_indicator,12,15,0.0228,focus,indicator,A focus indicator is,"['<|endoftext|>', 'A', ' focus', ' indicator', ' is']",2,3,gpt2-medium
focus_indicator,13,0,0.0287,focus,indicator,A focus indicator is,"['<|endoftext|>', 'A', ' focus', ' indicator', ' is']",2,3,gpt2-medium
focus_indicator,13,1,0.0014,focus,indicator,A focus indicator is,"['<|endoftext|>', 'A', ' focus', ' indicator', ' is']",2,3,gpt2-medium
focus_indicator,13,2,0.0034,focus,indicator,A focus indicator is,"['<|endoftext|>', 'A', ' focus', ' indicator', ' is']",2,3,gpt2-medium
focus_indicator,13,3,0.9494,focus,indicator,A focus indicator is,"['<|endoftext|>', 'A', ' focus', ' indicator', ' is']",2,3,gpt2-medium
focus_indicator,13,4,0.0265,focus,indicator,A focus indicator is,"['<|endoftext|>', 'A', ' focus', ' indicator', ' is']",2,3,gpt2-medium
focus_indicator,13,5,0.0284,focus,indicator,A focus indicator is,"['<|endoftext|>', 'A', ' focus', ' indicator', ' is']",2,3,gpt2-medium
focus_indicator,13,6,0.0108,focus,indicator,A focus indicator is,"['<|endoftext|>', 'A', ' focus', ' indicator', ' is']",2,3,gpt2-medium
focus_indicator,13,7,0.0273,focus,indicator,A focus indicator is,"['<|endoftext|>', 'A', ' focus', ' indicator', ' is']",2,3,gpt2-medium
focus_indicator,13,8,0.0284,focus,indicator,A focus indicator is,"['<|endoftext|>', 'A', ' focus', ' indicator', ' is']",2,3,gpt2-medium
focus_indicator,13,9,0.0614,focus,indicator,A focus indicator is,"['<|endoftext|>', 'A', ' focus', ' indicator', ' is']",2,3,gpt2-medium
focus_indicator,13,10,0.0239,focus,indicator,A focus indicator is,"['<|endoftext|>', 'A', ' focus', ' indicator', ' is']",2,3,gpt2-medium
focus_indicator,13,11,0.0091,focus,indicator,A focus indicator is,"['<|endoftext|>', 'A', ' focus', ' indicator', ' is']",2,3,gpt2-medium
focus_indicator,13,12,0.0007,focus,indicator,A focus indicator is,"['<|endoftext|>', 'A', ' focus', ' indicator', ' is']",2,3,gpt2-medium
focus_indicator,13,13,0.0976,focus,indicator,A focus indicator is,"['<|endoftext|>', 'A', ' focus', ' indicator', ' is']",2,3,gpt2-medium
focus_indicator,13,14,0.0001,focus,indicator,A focus indicator is,"['<|endoftext|>', 'A', ' focus', ' indicator', ' is']",2,3,gpt2-medium
focus_indicator,13,15,0.0343,focus,indicator,A focus indicator is,"['<|endoftext|>', 'A', ' focus', ' indicator', ' is']",2,3,gpt2-medium
focus_indicator,14,0,0.0038,focus,indicator,A focus indicator is,"['<|endoftext|>', 'A', ' focus', ' indicator', ' is']",2,3,gpt2-medium
focus_indicator,14,1,0.009,focus,indicator,A focus indicator is,"['<|endoftext|>', 'A', ' focus', ' indicator', ' is']",2,3,gpt2-medium
focus_indicator,14,2,0.0049,focus,indicator,A focus indicator is,"['<|endoftext|>', 'A', ' focus', ' indicator', ' is']",2,3,gpt2-medium
focus_indicator,14,3,0.1665,focus,indicator,A focus indicator is,"['<|endoftext|>', 'A', ' focus', ' indicator', ' is']",2,3,gpt2-medium
focus_indicator,14,4,0.1014,focus,indicator,A focus indicator is,"['<|endoftext|>', 'A', ' focus', ' indicator', ' is']",2,3,gpt2-medium
focus_indicator,14,5,0.0007,focus,indicator,A focus indicator is,"['<|endoftext|>', 'A', ' focus', ' indicator', ' is']",2,3,gpt2-medium
focus_indicator,14,6,0.0387,focus,indicator,A focus indicator is,"['<|endoftext|>', 'A', ' focus', ' indicator', ' is']",2,3,gpt2-medium
focus_indicator,14,7,0.0821,focus,indicator,A focus indicator is,"['<|endoftext|>', 'A', ' focus', ' indicator', ' is']",2,3,gpt2-medium
focus_indicator,14,8,0.023,focus,indicator,A focus indicator is,"['<|endoftext|>', 'A', ' focus', ' indicator', ' is']",2,3,gpt2-medium
focus_indicator,14,9,0.0,focus,indicator,A focus indicator is,"['<|endoftext|>', 'A', ' focus', ' indicator', ' is']",2,3,gpt2-medium
focus_indicator,14,10,0.1535,focus,indicator,A focus indicator is,"['<|endoftext|>', 'A', ' focus', ' indicator', ' is']",2,3,gpt2-medium
focus_indicator,14,11,0.0041,focus,indicator,A focus indicator is,"['<|endoftext|>', 'A', ' focus', ' indicator', ' is']",2,3,gpt2-medium
focus_indicator,14,12,0.0181,focus,indicator,A focus indicator is,"['<|endoftext|>', 'A', ' focus', ' indicator', ' is']",2,3,gpt2-medium
focus_indicator,14,13,0.0078,focus,indicator,A focus indicator is,"['<|endoftext|>', 'A', ' focus', ' indicator', ' is']",2,3,gpt2-medium
focus_indicator,14,14,0.0014,focus,indicator,A focus indicator is,"['<|endoftext|>', 'A', ' focus', ' indicator', ' is']",2,3,gpt2-medium
focus_indicator,14,15,0.0095,focus,indicator,A focus indicator is,"['<|endoftext|>', 'A', ' focus', ' indicator', ' is']",2,3,gpt2-medium
focus_indicator,15,0,0.0093,focus,indicator,A focus indicator is,"['<|endoftext|>', 'A', ' focus', ' indicator', ' is']",2,3,gpt2-medium
focus_indicator,15,1,0.0176,focus,indicator,A focus indicator is,"['<|endoftext|>', 'A', ' focus', ' indicator', ' is']",2,3,gpt2-medium
focus_indicator,15,2,0.0018,focus,indicator,A focus indicator is,"['<|endoftext|>', 'A', ' focus', ' indicator', ' is']",2,3,gpt2-medium
focus_indicator,15,3,0.155,focus,indicator,A focus indicator is,"['<|endoftext|>', 'A', ' focus', ' indicator', ' is']",2,3,gpt2-medium
focus_indicator,15,4,0.0043,focus,indicator,A focus indicator is,"['<|endoftext|>', 'A', ' focus', ' indicator', ' is']",2,3,gpt2-medium
focus_indicator,15,5,0.1275,focus,indicator,A focus indicator is,"['<|endoftext|>', 'A', ' focus', ' indicator', ' is']",2,3,gpt2-medium
focus_indicator,15,6,0.0136,focus,indicator,A focus indicator is,"['<|endoftext|>', 'A', ' focus', ' indicator', ' is']",2,3,gpt2-medium
focus_indicator,15,7,0.0591,focus,indicator,A focus indicator is,"['<|endoftext|>', 'A', ' focus', ' indicator', ' is']",2,3,gpt2-medium
focus_indicator,15,8,0.0688,focus,indicator,A focus indicator is,"['<|endoftext|>', 'A', ' focus', ' indicator', ' is']",2,3,gpt2-medium
focus_indicator,15,9,0.0182,focus,indicator,A focus indicator is,"['<|endoftext|>', 'A', ' focus', ' indicator', ' is']",2,3,gpt2-medium
focus_indicator,15,10,0.0379,focus,indicator,A focus indicator is,"['<|endoftext|>', 'A', ' focus', ' indicator', ' is']",2,3,gpt2-medium
focus_indicator,15,11,0.0119,focus,indicator,A focus indicator is,"['<|endoftext|>', 'A', ' focus', ' indicator', ' is']",2,3,gpt2-medium
focus_indicator,15,12,0.001,focus,indicator,A focus indicator is,"['<|endoftext|>', 'A', ' focus', ' indicator', ' is']",2,3,gpt2-medium
focus_indicator,15,13,0.0174,focus,indicator,A focus indicator is,"['<|endoftext|>', 'A', ' focus', ' indicator', ' is']",2,3,gpt2-medium
focus_indicator,15,14,0.0297,focus,indicator,A focus indicator is,"['<|endoftext|>', 'A', ' focus', ' indicator', ' is']",2,3,gpt2-medium
focus_indicator,15,15,0.045,focus,indicator,A focus indicator is,"['<|endoftext|>', 'A', ' focus', ' indicator', ' is']",2,3,gpt2-medium
focus_indicator,16,0,0.0067,focus,indicator,A focus indicator is,"['<|endoftext|>', 'A', ' focus', ' indicator', ' is']",2,3,gpt2-medium
focus_indicator,16,1,0.006,focus,indicator,A focus indicator is,"['<|endoftext|>', 'A', ' focus', ' indicator', ' is']",2,3,gpt2-medium
focus_indicator,16,2,0.0026,focus,indicator,A focus indicator is,"['<|endoftext|>', 'A', ' focus', ' indicator', ' is']",2,3,gpt2-medium
focus_indicator,16,3,0.0041,focus,indicator,A focus indicator is,"['<|endoftext|>', 'A', ' focus', ' indicator', ' is']",2,3,gpt2-medium
focus_indicator,16,4,0.0322,focus,indicator,A focus indicator is,"['<|endoftext|>', 'A', ' focus', ' indicator', ' is']",2,3,gpt2-medium
focus_indicator,16,5,0.0306,focus,indicator,A focus indicator is,"['<|endoftext|>', 'A', ' focus', ' indicator', ' is']",2,3,gpt2-medium
focus_indicator,16,6,0.0551,focus,indicator,A focus indicator is,"['<|endoftext|>', 'A', ' focus', ' indicator', ' is']",2,3,gpt2-medium
focus_indicator,16,7,0.0778,focus,indicator,A focus indicator is,"['<|endoftext|>', 'A', ' focus', ' indicator', ' is']",2,3,gpt2-medium
focus_indicator,16,8,0.2195,focus,indicator,A focus indicator is,"['<|endoftext|>', 'A', ' focus', ' indicator', ' is']",2,3,gpt2-medium
focus_indicator,16,9,0.0023,focus,indicator,A focus indicator is,"['<|endoftext|>', 'A', ' focus', ' indicator', ' is']",2,3,gpt2-medium
focus_indicator,16,10,0.0217,focus,indicator,A focus indicator is,"['<|endoftext|>', 'A', ' focus', ' indicator', ' is']",2,3,gpt2-medium
focus_indicator,16,11,0.0022,focus,indicator,A focus indicator is,"['<|endoftext|>', 'A', ' focus', ' indicator', ' is']",2,3,gpt2-medium
focus_indicator,16,12,0.0122,focus,indicator,A focus indicator is,"['<|endoftext|>', 'A', ' focus', ' indicator', ' is']",2,3,gpt2-medium
focus_indicator,16,13,0.0087,focus,indicator,A focus indicator is,"['<|endoftext|>', 'A', ' focus', ' indicator', ' is']",2,3,gpt2-medium
focus_indicator,16,14,0.0033,focus,indicator,A focus indicator is,"['<|endoftext|>', 'A', ' focus', ' indicator', ' is']",2,3,gpt2-medium
focus_indicator,16,15,0.0057,focus,indicator,A focus indicator is,"['<|endoftext|>', 'A', ' focus', ' indicator', ' is']",2,3,gpt2-medium
focus_indicator,17,0,0.0065,focus,indicator,A focus indicator is,"['<|endoftext|>', 'A', ' focus', ' indicator', ' is']",2,3,gpt2-medium
focus_indicator,17,1,0.0674,focus,indicator,A focus indicator is,"['<|endoftext|>', 'A', ' focus', ' indicator', ' is']",2,3,gpt2-medium
focus_indicator,17,2,0.0029,focus,indicator,A focus indicator is,"['<|endoftext|>', 'A', ' focus', ' indicator', ' is']",2,3,gpt2-medium
focus_indicator,17,3,0.011,focus,indicator,A focus indicator is,"['<|endoftext|>', 'A', ' focus', ' indicator', ' is']",2,3,gpt2-medium
focus_indicator,17,4,0.0244,focus,indicator,A focus indicator is,"['<|endoftext|>', 'A', ' focus', ' indicator', ' is']",2,3,gpt2-medium
focus_indicator,17,5,0.015,focus,indicator,A focus indicator is,"['<|endoftext|>', 'A', ' focus', ' indicator', ' is']",2,3,gpt2-medium
focus_indicator,17,6,0.0486,focus,indicator,A focus indicator is,"['<|endoftext|>', 'A', ' focus', ' indicator', ' is']",2,3,gpt2-medium
focus_indicator,17,7,0.0166,focus,indicator,A focus indicator is,"['<|endoftext|>', 'A', ' focus', ' indicator', ' is']",2,3,gpt2-medium
focus_indicator,17,8,0.0011,focus,indicator,A focus indicator is,"['<|endoftext|>', 'A', ' focus', ' indicator', ' is']",2,3,gpt2-medium
focus_indicator,17,9,0.0009,focus,indicator,A focus indicator is,"['<|endoftext|>', 'A', ' focus', ' indicator', ' is']",2,3,gpt2-medium
focus_indicator,17,10,0.0071,focus,indicator,A focus indicator is,"['<|endoftext|>', 'A', ' focus', ' indicator', ' is']",2,3,gpt2-medium
focus_indicator,17,11,0.0733,focus,indicator,A focus indicator is,"['<|endoftext|>', 'A', ' focus', ' indicator', ' is']",2,3,gpt2-medium
focus_indicator,17,12,0.0217,focus,indicator,A focus indicator is,"['<|endoftext|>', 'A', ' focus', ' indicator', ' is']",2,3,gpt2-medium
focus_indicator,17,13,0.016,focus,indicator,A focus indicator is,"['<|endoftext|>', 'A', ' focus', ' indicator', ' is']",2,3,gpt2-medium
focus_indicator,17,14,0.0181,focus,indicator,A focus indicator is,"['<|endoftext|>', 'A', ' focus', ' indicator', ' is']",2,3,gpt2-medium
focus_indicator,17,15,0.391,focus,indicator,A focus indicator is,"['<|endoftext|>', 'A', ' focus', ' indicator', ' is']",2,3,gpt2-medium
focus_indicator,18,0,0.0639,focus,indicator,A focus indicator is,"['<|endoftext|>', 'A', ' focus', ' indicator', ' is']",2,3,gpt2-medium
focus_indicator,18,1,0.0671,focus,indicator,A focus indicator is,"['<|endoftext|>', 'A', ' focus', ' indicator', ' is']",2,3,gpt2-medium
focus_indicator,18,2,0.0051,focus,indicator,A focus indicator is,"['<|endoftext|>', 'A', ' focus', ' indicator', ' is']",2,3,gpt2-medium
focus_indicator,18,3,0.3,focus,indicator,A focus indicator is,"['<|endoftext|>', 'A', ' focus', ' indicator', ' is']",2,3,gpt2-medium
focus_indicator,18,4,0.0007,focus,indicator,A focus indicator is,"['<|endoftext|>', 'A', ' focus', ' indicator', ' is']",2,3,gpt2-medium
focus_indicator,18,5,0.0167,focus,indicator,A focus indicator is,"['<|endoftext|>', 'A', ' focus', ' indicator', ' is']",2,3,gpt2-medium
focus_indicator,18,6,0.0102,focus,indicator,A focus indicator is,"['<|endoftext|>', 'A', ' focus', ' indicator', ' is']",2,3,gpt2-medium
focus_indicator,18,7,0.0095,focus,indicator,A focus indicator is,"['<|endoftext|>', 'A', ' focus', ' indicator', ' is']",2,3,gpt2-medium
focus_indicator,18,8,0.0022,focus,indicator,A focus indicator is,"['<|endoftext|>', 'A', ' focus', ' indicator', ' is']",2,3,gpt2-medium
focus_indicator,18,9,0.001,focus,indicator,A focus indicator is,"['<|endoftext|>', 'A', ' focus', ' indicator', ' is']",2,3,gpt2-medium
focus_indicator,18,10,0.0096,focus,indicator,A focus indicator is,"['<|endoftext|>', 'A', ' focus', ' indicator', ' is']",2,3,gpt2-medium
focus_indicator,18,11,0.004,focus,indicator,A focus indicator is,"['<|endoftext|>', 'A', ' focus', ' indicator', ' is']",2,3,gpt2-medium
focus_indicator,18,12,0.0073,focus,indicator,A focus indicator is,"['<|endoftext|>', 'A', ' focus', ' indicator', ' is']",2,3,gpt2-medium
focus_indicator,18,13,0.0131,focus,indicator,A focus indicator is,"['<|endoftext|>', 'A', ' focus', ' indicator', ' is']",2,3,gpt2-medium
focus_indicator,18,14,0.063,focus,indicator,A focus indicator is,"['<|endoftext|>', 'A', ' focus', ' indicator', ' is']",2,3,gpt2-medium
focus_indicator,18,15,0.0853,focus,indicator,A focus indicator is,"['<|endoftext|>', 'A', ' focus', ' indicator', ' is']",2,3,gpt2-medium
focus_indicator,19,0,0.0421,focus,indicator,A focus indicator is,"['<|endoftext|>', 'A', ' focus', ' indicator', ' is']",2,3,gpt2-medium
focus_indicator,19,1,0.0063,focus,indicator,A focus indicator is,"['<|endoftext|>', 'A', ' focus', ' indicator', ' is']",2,3,gpt2-medium
focus_indicator,19,2,0.0024,focus,indicator,A focus indicator is,"['<|endoftext|>', 'A', ' focus', ' indicator', ' is']",2,3,gpt2-medium
focus_indicator,19,3,0.0066,focus,indicator,A focus indicator is,"['<|endoftext|>', 'A', ' focus', ' indicator', ' is']",2,3,gpt2-medium
focus_indicator,19,4,0.0081,focus,indicator,A focus indicator is,"['<|endoftext|>', 'A', ' focus', ' indicator', ' is']",2,3,gpt2-medium
focus_indicator,19,5,0.0044,focus,indicator,A focus indicator is,"['<|endoftext|>', 'A', ' focus', ' indicator', ' is']",2,3,gpt2-medium
focus_indicator,19,6,0.0414,focus,indicator,A focus indicator is,"['<|endoftext|>', 'A', ' focus', ' indicator', ' is']",2,3,gpt2-medium
focus_indicator,19,7,0.0094,focus,indicator,A focus indicator is,"['<|endoftext|>', 'A', ' focus', ' indicator', ' is']",2,3,gpt2-medium
focus_indicator,19,8,0.0099,focus,indicator,A focus indicator is,"['<|endoftext|>', 'A', ' focus', ' indicator', ' is']",2,3,gpt2-medium
focus_indicator,19,9,0.0044,focus,indicator,A focus indicator is,"['<|endoftext|>', 'A', ' focus', ' indicator', ' is']",2,3,gpt2-medium
focus_indicator,19,10,0.0044,focus,indicator,A focus indicator is,"['<|endoftext|>', 'A', ' focus', ' indicator', ' is']",2,3,gpt2-medium
focus_indicator,19,11,0.0194,focus,indicator,A focus indicator is,"['<|endoftext|>', 'A', ' focus', ' indicator', ' is']",2,3,gpt2-medium
focus_indicator,19,12,0.0006,focus,indicator,A focus indicator is,"['<|endoftext|>', 'A', ' focus', ' indicator', ' is']",2,3,gpt2-medium
focus_indicator,19,13,0.0144,focus,indicator,A focus indicator is,"['<|endoftext|>', 'A', ' focus', ' indicator', ' is']",2,3,gpt2-medium
focus_indicator,19,14,0.0422,focus,indicator,A focus indicator is,"['<|endoftext|>', 'A', ' focus', ' indicator', ' is']",2,3,gpt2-medium
focus_indicator,19,15,0.0109,focus,indicator,A focus indicator is,"['<|endoftext|>', 'A', ' focus', ' indicator', ' is']",2,3,gpt2-medium
focus_indicator,20,0,0.0085,focus,indicator,A focus indicator is,"['<|endoftext|>', 'A', ' focus', ' indicator', ' is']",2,3,gpt2-medium
focus_indicator,20,1,0.0176,focus,indicator,A focus indicator is,"['<|endoftext|>', 'A', ' focus', ' indicator', ' is']",2,3,gpt2-medium
focus_indicator,20,2,0.0306,focus,indicator,A focus indicator is,"['<|endoftext|>', 'A', ' focus', ' indicator', ' is']",2,3,gpt2-medium
focus_indicator,20,3,0.0095,focus,indicator,A focus indicator is,"['<|endoftext|>', 'A', ' focus', ' indicator', ' is']",2,3,gpt2-medium
focus_indicator,20,4,0.0015,focus,indicator,A focus indicator is,"['<|endoftext|>', 'A', ' focus', ' indicator', ' is']",2,3,gpt2-medium
focus_indicator,20,5,0.0249,focus,indicator,A focus indicator is,"['<|endoftext|>', 'A', ' focus', ' indicator', ' is']",2,3,gpt2-medium
focus_indicator,20,6,0.0007,focus,indicator,A focus indicator is,"['<|endoftext|>', 'A', ' focus', ' indicator', ' is']",2,3,gpt2-medium
focus_indicator,20,7,0.0251,focus,indicator,A focus indicator is,"['<|endoftext|>', 'A', ' focus', ' indicator', ' is']",2,3,gpt2-medium
focus_indicator,20,8,0.003,focus,indicator,A focus indicator is,"['<|endoftext|>', 'A', ' focus', ' indicator', ' is']",2,3,gpt2-medium
focus_indicator,20,9,0.0219,focus,indicator,A focus indicator is,"['<|endoftext|>', 'A', ' focus', ' indicator', ' is']",2,3,gpt2-medium
focus_indicator,20,10,0.0929,focus,indicator,A focus indicator is,"['<|endoftext|>', 'A', ' focus', ' indicator', ' is']",2,3,gpt2-medium
focus_indicator,20,11,0.0047,focus,indicator,A focus indicator is,"['<|endoftext|>', 'A', ' focus', ' indicator', ' is']",2,3,gpt2-medium
focus_indicator,20,12,0.007,focus,indicator,A focus indicator is,"['<|endoftext|>', 'A', ' focus', ' indicator', ' is']",2,3,gpt2-medium
focus_indicator,20,13,0.0017,focus,indicator,A focus indicator is,"['<|endoftext|>', 'A', ' focus', ' indicator', ' is']",2,3,gpt2-medium
focus_indicator,20,14,0.0072,focus,indicator,A focus indicator is,"['<|endoftext|>', 'A', ' focus', ' indicator', ' is']",2,3,gpt2-medium
focus_indicator,20,15,0.0122,focus,indicator,A focus indicator is,"['<|endoftext|>', 'A', ' focus', ' indicator', ' is']",2,3,gpt2-medium
focus_indicator,21,0,0.046,focus,indicator,A focus indicator is,"['<|endoftext|>', 'A', ' focus', ' indicator', ' is']",2,3,gpt2-medium
focus_indicator,21,1,0.2312,focus,indicator,A focus indicator is,"['<|endoftext|>', 'A', ' focus', ' indicator', ' is']",2,3,gpt2-medium
focus_indicator,21,2,0.0861,focus,indicator,A focus indicator is,"['<|endoftext|>', 'A', ' focus', ' indicator', ' is']",2,3,gpt2-medium
focus_indicator,21,3,0.0004,focus,indicator,A focus indicator is,"['<|endoftext|>', 'A', ' focus', ' indicator', ' is']",2,3,gpt2-medium
focus_indicator,21,4,0.0118,focus,indicator,A focus indicator is,"['<|endoftext|>', 'A', ' focus', ' indicator', ' is']",2,3,gpt2-medium
focus_indicator,21,5,0.0241,focus,indicator,A focus indicator is,"['<|endoftext|>', 'A', ' focus', ' indicator', ' is']",2,3,gpt2-medium
focus_indicator,21,6,0.2821,focus,indicator,A focus indicator is,"['<|endoftext|>', 'A', ' focus', ' indicator', ' is']",2,3,gpt2-medium
focus_indicator,21,7,0.0925,focus,indicator,A focus indicator is,"['<|endoftext|>', 'A', ' focus', ' indicator', ' is']",2,3,gpt2-medium
focus_indicator,21,8,0.0417,focus,indicator,A focus indicator is,"['<|endoftext|>', 'A', ' focus', ' indicator', ' is']",2,3,gpt2-medium
focus_indicator,21,9,0.0373,focus,indicator,A focus indicator is,"['<|endoftext|>', 'A', ' focus', ' indicator', ' is']",2,3,gpt2-medium
focus_indicator,21,10,0.0132,focus,indicator,A focus indicator is,"['<|endoftext|>', 'A', ' focus', ' indicator', ' is']",2,3,gpt2-medium
focus_indicator,21,11,0.0136,focus,indicator,A focus indicator is,"['<|endoftext|>', 'A', ' focus', ' indicator', ' is']",2,3,gpt2-medium
focus_indicator,21,12,0.003,focus,indicator,A focus indicator is,"['<|endoftext|>', 'A', ' focus', ' indicator', ' is']",2,3,gpt2-medium
focus_indicator,21,13,0.0314,focus,indicator,A focus indicator is,"['<|endoftext|>', 'A', ' focus', ' indicator', ' is']",2,3,gpt2-medium
focus_indicator,21,14,0.0509,focus,indicator,A focus indicator is,"['<|endoftext|>', 'A', ' focus', ' indicator', ' is']",2,3,gpt2-medium
focus_indicator,21,15,0.0029,focus,indicator,A focus indicator is,"['<|endoftext|>', 'A', ' focus', ' indicator', ' is']",2,3,gpt2-medium
focus_indicator,22,0,0.0268,focus,indicator,A focus indicator is,"['<|endoftext|>', 'A', ' focus', ' indicator', ' is']",2,3,gpt2-medium
focus_indicator,22,1,0.0106,focus,indicator,A focus indicator is,"['<|endoftext|>', 'A', ' focus', ' indicator', ' is']",2,3,gpt2-medium
focus_indicator,22,2,0.2867,focus,indicator,A focus indicator is,"['<|endoftext|>', 'A', ' focus', ' indicator', ' is']",2,3,gpt2-medium
focus_indicator,22,3,0.0342,focus,indicator,A focus indicator is,"['<|endoftext|>', 'A', ' focus', ' indicator', ' is']",2,3,gpt2-medium
focus_indicator,22,4,0.0187,focus,indicator,A focus indicator is,"['<|endoftext|>', 'A', ' focus', ' indicator', ' is']",2,3,gpt2-medium
focus_indicator,22,5,0.0173,focus,indicator,A focus indicator is,"['<|endoftext|>', 'A', ' focus', ' indicator', ' is']",2,3,gpt2-medium
focus_indicator,22,6,0.0044,focus,indicator,A focus indicator is,"['<|endoftext|>', 'A', ' focus', ' indicator', ' is']",2,3,gpt2-medium
focus_indicator,22,7,0.0292,focus,indicator,A focus indicator is,"['<|endoftext|>', 'A', ' focus', ' indicator', ' is']",2,3,gpt2-medium
focus_indicator,22,8,0.0255,focus,indicator,A focus indicator is,"['<|endoftext|>', 'A', ' focus', ' indicator', ' is']",2,3,gpt2-medium
focus_indicator,22,9,0.0787,focus,indicator,A focus indicator is,"['<|endoftext|>', 'A', ' focus', ' indicator', ' is']",2,3,gpt2-medium
focus_indicator,22,10,0.0279,focus,indicator,A focus indicator is,"['<|endoftext|>', 'A', ' focus', ' indicator', ' is']",2,3,gpt2-medium
focus_indicator,22,11,0.0913,focus,indicator,A focus indicator is,"['<|endoftext|>', 'A', ' focus', ' indicator', ' is']",2,3,gpt2-medium
focus_indicator,22,12,0.014,focus,indicator,A focus indicator is,"['<|endoftext|>', 'A', ' focus', ' indicator', ' is']",2,3,gpt2-medium
focus_indicator,22,13,0.0198,focus,indicator,A focus indicator is,"['<|endoftext|>', 'A', ' focus', ' indicator', ' is']",2,3,gpt2-medium
focus_indicator,22,14,0.0038,focus,indicator,A focus indicator is,"['<|endoftext|>', 'A', ' focus', ' indicator', ' is']",2,3,gpt2-medium
focus_indicator,22,15,0.0115,focus,indicator,A focus indicator is,"['<|endoftext|>', 'A', ' focus', ' indicator', ' is']",2,3,gpt2-medium
focus_indicator,23,0,0.011,focus,indicator,A focus indicator is,"['<|endoftext|>', 'A', ' focus', ' indicator', ' is']",2,3,gpt2-medium
focus_indicator,23,1,0.0279,focus,indicator,A focus indicator is,"['<|endoftext|>', 'A', ' focus', ' indicator', ' is']",2,3,gpt2-medium
focus_indicator,23,2,0.0204,focus,indicator,A focus indicator is,"['<|endoftext|>', 'A', ' focus', ' indicator', ' is']",2,3,gpt2-medium
focus_indicator,23,3,0.0509,focus,indicator,A focus indicator is,"['<|endoftext|>', 'A', ' focus', ' indicator', ' is']",2,3,gpt2-medium
focus_indicator,23,4,0.0494,focus,indicator,A focus indicator is,"['<|endoftext|>', 'A', ' focus', ' indicator', ' is']",2,3,gpt2-medium
focus_indicator,23,5,0.1003,focus,indicator,A focus indicator is,"['<|endoftext|>', 'A', ' focus', ' indicator', ' is']",2,3,gpt2-medium
focus_indicator,23,6,0.1545,focus,indicator,A focus indicator is,"['<|endoftext|>', 'A', ' focus', ' indicator', ' is']",2,3,gpt2-medium
focus_indicator,23,7,0.0381,focus,indicator,A focus indicator is,"['<|endoftext|>', 'A', ' focus', ' indicator', ' is']",2,3,gpt2-medium
focus_indicator,23,8,0.3488,focus,indicator,A focus indicator is,"['<|endoftext|>', 'A', ' focus', ' indicator', ' is']",2,3,gpt2-medium
focus_indicator,23,9,0.0057,focus,indicator,A focus indicator is,"['<|endoftext|>', 'A', ' focus', ' indicator', ' is']",2,3,gpt2-medium
focus_indicator,23,10,0.0059,focus,indicator,A focus indicator is,"['<|endoftext|>', 'A', ' focus', ' indicator', ' is']",2,3,gpt2-medium
focus_indicator,23,11,0.2955,focus,indicator,A focus indicator is,"['<|endoftext|>', 'A', ' focus', ' indicator', ' is']",2,3,gpt2-medium
focus_indicator,23,12,0.0256,focus,indicator,A focus indicator is,"['<|endoftext|>', 'A', ' focus', ' indicator', ' is']",2,3,gpt2-medium
focus_indicator,23,13,0.0976,focus,indicator,A focus indicator is,"['<|endoftext|>', 'A', ' focus', ' indicator', ' is']",2,3,gpt2-medium
focus_indicator,23,14,0.0035,focus,indicator,A focus indicator is,"['<|endoftext|>', 'A', ' focus', ' indicator', ' is']",2,3,gpt2-medium
focus_indicator,23,15,0.0116,focus,indicator,A focus indicator is,"['<|endoftext|>', 'A', ' focus', ' indicator', ' is']",2,3,gpt2-medium
semantic_html,0,0,0.0123,semantic,HTML,Semantic HTML helps,"['<|endoftext|>', 'Sem', 'antic', ' HTML', ' helps']",2,3,gpt2-medium
semantic_html,0,1,0.347,semantic,HTML,Semantic HTML helps,"['<|endoftext|>', 'Sem', 'antic', ' HTML', ' helps']",2,3,gpt2-medium
semantic_html,0,2,0.0121,semantic,HTML,Semantic HTML helps,"['<|endoftext|>', 'Sem', 'antic', ' HTML', ' helps']",2,3,gpt2-medium
semantic_html,0,3,0.0861,semantic,HTML,Semantic HTML helps,"['<|endoftext|>', 'Sem', 'antic', ' HTML', ' helps']",2,3,gpt2-medium
semantic_html,0,4,0.2176,semantic,HTML,Semantic HTML helps,"['<|endoftext|>', 'Sem', 'antic', ' HTML', ' helps']",2,3,gpt2-medium
semantic_html,0,5,0.0636,semantic,HTML,Semantic HTML helps,"['<|endoftext|>', 'Sem', 'antic', ' HTML', ' helps']",2,3,gpt2-medium
semantic_html,0,6,0.0733,semantic,HTML,Semantic HTML helps,"['<|endoftext|>', 'Sem', 'antic', ' HTML', ' helps']",2,3,gpt2-medium
semantic_html,0,7,0.0748,semantic,HTML,Semantic HTML helps,"['<|endoftext|>', 'Sem', 'antic', ' HTML', ' helps']",2,3,gpt2-medium
semantic_html,0,8,0.0524,semantic,HTML,Semantic HTML helps,"['<|endoftext|>', 'Sem', 'antic', ' HTML', ' helps']",2,3,gpt2-medium
semantic_html,0,9,0.0605,semantic,HTML,Semantic HTML helps,"['<|endoftext|>', 'Sem', 'antic', ' HTML', ' helps']",2,3,gpt2-medium
semantic_html,0,10,0.1405,semantic,HTML,Semantic HTML helps,"['<|endoftext|>', 'Sem', 'antic', ' HTML', ' helps']",2,3,gpt2-medium
semantic_html,0,11,0.156,semantic,HTML,Semantic HTML helps,"['<|endoftext|>', 'Sem', 'antic', ' HTML', ' helps']",2,3,gpt2-medium
semantic_html,0,12,0.093,semantic,HTML,Semantic HTML helps,"['<|endoftext|>', 'Sem', 'antic', ' HTML', ' helps']",2,3,gpt2-medium
semantic_html,0,13,0.1062,semantic,HTML,Semantic HTML helps,"['<|endoftext|>', 'Sem', 'antic', ' HTML', ' helps']",2,3,gpt2-medium
semantic_html,0,14,0.0104,semantic,HTML,Semantic HTML helps,"['<|endoftext|>', 'Sem', 'antic', ' HTML', ' helps']",2,3,gpt2-medium
semantic_html,0,15,0.0941,semantic,HTML,Semantic HTML helps,"['<|endoftext|>', 'Sem', 'antic', ' HTML', ' helps']",2,3,gpt2-medium
semantic_html,1,0,0.056,semantic,HTML,Semantic HTML helps,"['<|endoftext|>', 'Sem', 'antic', ' HTML', ' helps']",2,3,gpt2-medium
semantic_html,1,1,0.1507,semantic,HTML,Semantic HTML helps,"['<|endoftext|>', 'Sem', 'antic', ' HTML', ' helps']",2,3,gpt2-medium
semantic_html,1,2,0.0454,semantic,HTML,Semantic HTML helps,"['<|endoftext|>', 'Sem', 'antic', ' HTML', ' helps']",2,3,gpt2-medium
semantic_html,1,3,0.1004,semantic,HTML,Semantic HTML helps,"['<|endoftext|>', 'Sem', 'antic', ' HTML', ' helps']",2,3,gpt2-medium
semantic_html,1,4,0.0033,semantic,HTML,Semantic HTML helps,"['<|endoftext|>', 'Sem', 'antic', ' HTML', ' helps']",2,3,gpt2-medium
semantic_html,1,5,0.0878,semantic,HTML,Semantic HTML helps,"['<|endoftext|>', 'Sem', 'antic', ' HTML', ' helps']",2,3,gpt2-medium
semantic_html,1,6,0.2068,semantic,HTML,Semantic HTML helps,"['<|endoftext|>', 'Sem', 'antic', ' HTML', ' helps']",2,3,gpt2-medium
semantic_html,1,7,0.0788,semantic,HTML,Semantic HTML helps,"['<|endoftext|>', 'Sem', 'antic', ' HTML', ' helps']",2,3,gpt2-medium
semantic_html,1,8,0.0504,semantic,HTML,Semantic HTML helps,"['<|endoftext|>', 'Sem', 'antic', ' HTML', ' helps']",2,3,gpt2-medium
semantic_html,1,9,0.0572,semantic,HTML,Semantic HTML helps,"['<|endoftext|>', 'Sem', 'antic', ' HTML', ' helps']",2,3,gpt2-medium
semantic_html,1,10,0.0184,semantic,HTML,Semantic HTML helps,"['<|endoftext|>', 'Sem', 'antic', ' HTML', ' helps']",2,3,gpt2-medium
semantic_html,1,11,0.1115,semantic,HTML,Semantic HTML helps,"['<|endoftext|>', 'Sem', 'antic', ' HTML', ' helps']",2,3,gpt2-medium
semantic_html,1,12,0.1532,semantic,HTML,Semantic HTML helps,"['<|endoftext|>', 'Sem', 'antic', ' HTML', ' helps']",2,3,gpt2-medium
semantic_html,1,13,0.0351,semantic,HTML,Semantic HTML helps,"['<|endoftext|>', 'Sem', 'antic', ' HTML', ' helps']",2,3,gpt2-medium
semantic_html,1,14,0.1125,semantic,HTML,Semantic HTML helps,"['<|endoftext|>', 'Sem', 'antic', ' HTML', ' helps']",2,3,gpt2-medium
semantic_html,1,15,0.1522,semantic,HTML,Semantic HTML helps,"['<|endoftext|>', 'Sem', 'antic', ' HTML', ' helps']",2,3,gpt2-medium
semantic_html,2,0,0.0619,semantic,HTML,Semantic HTML helps,"['<|endoftext|>', 'Sem', 'antic', ' HTML', ' helps']",2,3,gpt2-medium
semantic_html,2,1,0.0849,semantic,HTML,Semantic HTML helps,"['<|endoftext|>', 'Sem', 'antic', ' HTML', ' helps']",2,3,gpt2-medium
semantic_html,2,2,0.2408,semantic,HTML,Semantic HTML helps,"['<|endoftext|>', 'Sem', 'antic', ' HTML', ' helps']",2,3,gpt2-medium
semantic_html,2,3,0.1747,semantic,HTML,Semantic HTML helps,"['<|endoftext|>', 'Sem', 'antic', ' HTML', ' helps']",2,3,gpt2-medium
semantic_html,2,4,0.2078,semantic,HTML,Semantic HTML helps,"['<|endoftext|>', 'Sem', 'antic', ' HTML', ' helps']",2,3,gpt2-medium
semantic_html,2,5,0.677,semantic,HTML,Semantic HTML helps,"['<|endoftext|>', 'Sem', 'antic', ' HTML', ' helps']",2,3,gpt2-medium
semantic_html,2,6,0.3367,semantic,HTML,Semantic HTML helps,"['<|endoftext|>', 'Sem', 'antic', ' HTML', ' helps']",2,3,gpt2-medium
semantic_html,2,7,0.0634,semantic,HTML,Semantic HTML helps,"['<|endoftext|>', 'Sem', 'antic', ' HTML', ' helps']",2,3,gpt2-medium
semantic_html,2,8,0.2071,semantic,HTML,Semantic HTML helps,"['<|endoftext|>', 'Sem', 'antic', ' HTML', ' helps']",2,3,gpt2-medium
semantic_html,2,9,0.1938,semantic,HTML,Semantic HTML helps,"['<|endoftext|>', 'Sem', 'antic', ' HTML', ' helps']",2,3,gpt2-medium
semantic_html,2,10,0.2028,semantic,HTML,Semantic HTML helps,"['<|endoftext|>', 'Sem', 'antic', ' HTML', ' helps']",2,3,gpt2-medium
semantic_html,2,11,0.2089,semantic,HTML,Semantic HTML helps,"['<|endoftext|>', 'Sem', 'antic', ' HTML', ' helps']",2,3,gpt2-medium
semantic_html,2,12,0.1378,semantic,HTML,Semantic HTML helps,"['<|endoftext|>', 'Sem', 'antic', ' HTML', ' helps']",2,3,gpt2-medium
semantic_html,2,13,0.1442,semantic,HTML,Semantic HTML helps,"['<|endoftext|>', 'Sem', 'antic', ' HTML', ' helps']",2,3,gpt2-medium
semantic_html,2,14,0.1242,semantic,HTML,Semantic HTML helps,"['<|endoftext|>', 'Sem', 'antic', ' HTML', ' helps']",2,3,gpt2-medium
semantic_html,2,15,0.4043,semantic,HTML,Semantic HTML helps,"['<|endoftext|>', 'Sem', 'antic', ' HTML', ' helps']",2,3,gpt2-medium
semantic_html,3,0,0.0399,semantic,HTML,Semantic HTML helps,"['<|endoftext|>', 'Sem', 'antic', ' HTML', ' helps']",2,3,gpt2-medium
semantic_html,3,1,0.0313,semantic,HTML,Semantic HTML helps,"['<|endoftext|>', 'Sem', 'antic', ' HTML', ' helps']",2,3,gpt2-medium
semantic_html,3,2,0.2168,semantic,HTML,Semantic HTML helps,"['<|endoftext|>', 'Sem', 'antic', ' HTML', ' helps']",2,3,gpt2-medium
semantic_html,3,3,0.3636,semantic,HTML,Semantic HTML helps,"['<|endoftext|>', 'Sem', 'antic', ' HTML', ' helps']",2,3,gpt2-medium
semantic_html,3,4,0.0656,semantic,HTML,Semantic HTML helps,"['<|endoftext|>', 'Sem', 'antic', ' HTML', ' helps']",2,3,gpt2-medium
semantic_html,3,5,0.0441,semantic,HTML,Semantic HTML helps,"['<|endoftext|>', 'Sem', 'antic', ' HTML', ' helps']",2,3,gpt2-medium
semantic_html,3,6,0.1442,semantic,HTML,Semantic HTML helps,"['<|endoftext|>', 'Sem', 'antic', ' HTML', ' helps']",2,3,gpt2-medium
semantic_html,3,7,0.1447,semantic,HTML,Semantic HTML helps,"['<|endoftext|>', 'Sem', 'antic', ' HTML', ' helps']",2,3,gpt2-medium
semantic_html,3,8,0.3972,semantic,HTML,Semantic HTML helps,"['<|endoftext|>', 'Sem', 'antic', ' HTML', ' helps']",2,3,gpt2-medium
semantic_html,3,9,0.1636,semantic,HTML,Semantic HTML helps,"['<|endoftext|>', 'Sem', 'antic', ' HTML', ' helps']",2,3,gpt2-medium
semantic_html,3,10,0.0492,semantic,HTML,Semantic HTML helps,"['<|endoftext|>', 'Sem', 'antic', ' HTML', ' helps']",2,3,gpt2-medium
semantic_html,3,11,0.3574,semantic,HTML,Semantic HTML helps,"['<|endoftext|>', 'Sem', 'antic', ' HTML', ' helps']",2,3,gpt2-medium
semantic_html,3,12,0.4798,semantic,HTML,Semantic HTML helps,"['<|endoftext|>', 'Sem', 'antic', ' HTML', ' helps']",2,3,gpt2-medium
semantic_html,3,13,0.8012,semantic,HTML,Semantic HTML helps,"['<|endoftext|>', 'Sem', 'antic', ' HTML', ' helps']",2,3,gpt2-medium
semantic_html,3,14,0.0854,semantic,HTML,Semantic HTML helps,"['<|endoftext|>', 'Sem', 'antic', ' HTML', ' helps']",2,3,gpt2-medium
semantic_html,3,15,0.4626,semantic,HTML,Semantic HTML helps,"['<|endoftext|>', 'Sem', 'antic', ' HTML', ' helps']",2,3,gpt2-medium
semantic_html,4,0,0.0631,semantic,HTML,Semantic HTML helps,"['<|endoftext|>', 'Sem', 'antic', ' HTML', ' helps']",2,3,gpt2-medium
semantic_html,4,1,0.3034,semantic,HTML,Semantic HTML helps,"['<|endoftext|>', 'Sem', 'antic', ' HTML', ' helps']",2,3,gpt2-medium
semantic_html,4,2,0.1379,semantic,HTML,Semantic HTML helps,"['<|endoftext|>', 'Sem', 'antic', ' HTML', ' helps']",2,3,gpt2-medium
semantic_html,4,3,0.0303,semantic,HTML,Semantic HTML helps,"['<|endoftext|>', 'Sem', 'antic', ' HTML', ' helps']",2,3,gpt2-medium
semantic_html,4,4,0.0221,semantic,HTML,Semantic HTML helps,"['<|endoftext|>', 'Sem', 'antic', ' HTML', ' helps']",2,3,gpt2-medium
semantic_html,4,5,0.2959,semantic,HTML,Semantic HTML helps,"['<|endoftext|>', 'Sem', 'antic', ' HTML', ' helps']",2,3,gpt2-medium
semantic_html,4,6,0.0002,semantic,HTML,Semantic HTML helps,"['<|endoftext|>', 'Sem', 'antic', ' HTML', ' helps']",2,3,gpt2-medium
semantic_html,4,7,0.0863,semantic,HTML,Semantic HTML helps,"['<|endoftext|>', 'Sem', 'antic', ' HTML', ' helps']",2,3,gpt2-medium
semantic_html,4,8,0.2569,semantic,HTML,Semantic HTML helps,"['<|endoftext|>', 'Sem', 'antic', ' HTML', ' helps']",2,3,gpt2-medium
semantic_html,4,9,0.0562,semantic,HTML,Semantic HTML helps,"['<|endoftext|>', 'Sem', 'antic', ' HTML', ' helps']",2,3,gpt2-medium
semantic_html,4,10,0.0061,semantic,HTML,Semantic HTML helps,"['<|endoftext|>', 'Sem', 'antic', ' HTML', ' helps']",2,3,gpt2-medium
semantic_html,4,11,0.4673,semantic,HTML,Semantic HTML helps,"['<|endoftext|>', 'Sem', 'antic', ' HTML', ' helps']",2,3,gpt2-medium
semantic_html,4,12,0.2851,semantic,HTML,Semantic HTML helps,"['<|endoftext|>', 'Sem', 'antic', ' HTML', ' helps']",2,3,gpt2-medium
semantic_html,4,13,0.9995,semantic,HTML,Semantic HTML helps,"['<|endoftext|>', 'Sem', 'antic', ' HTML', ' helps']",2,3,gpt2-medium
semantic_html,4,14,0.006,semantic,HTML,Semantic HTML helps,"['<|endoftext|>', 'Sem', 'antic', ' HTML', ' helps']",2,3,gpt2-medium
semantic_html,4,15,0.0338,semantic,HTML,Semantic HTML helps,"['<|endoftext|>', 'Sem', 'antic', ' HTML', ' helps']",2,3,gpt2-medium
semantic_html,5,0,0.0449,semantic,HTML,Semantic HTML helps,"['<|endoftext|>', 'Sem', 'antic', ' HTML', ' helps']",2,3,gpt2-medium
semantic_html,5,1,0.0039,semantic,HTML,Semantic HTML helps,"['<|endoftext|>', 'Sem', 'antic', ' HTML', ' helps']",2,3,gpt2-medium
semantic_html,5,2,0.2263,semantic,HTML,Semantic HTML helps,"['<|endoftext|>', 'Sem', 'antic', ' HTML', ' helps']",2,3,gpt2-medium
semantic_html,5,3,0.0372,semantic,HTML,Semantic HTML helps,"['<|endoftext|>', 'Sem', 'antic', ' HTML', ' helps']",2,3,gpt2-medium
semantic_html,5,4,0.0645,semantic,HTML,Semantic HTML helps,"['<|endoftext|>', 'Sem', 'antic', ' HTML', ' helps']",2,3,gpt2-medium
semantic_html,5,5,0.0025,semantic,HTML,Semantic HTML helps,"['<|endoftext|>', 'Sem', 'antic', ' HTML', ' helps']",2,3,gpt2-medium
semantic_html,5,6,0.0067,semantic,HTML,Semantic HTML helps,"['<|endoftext|>', 'Sem', 'antic', ' HTML', ' helps']",2,3,gpt2-medium
semantic_html,5,7,0.6723,semantic,HTML,Semantic HTML helps,"['<|endoftext|>', 'Sem', 'antic', ' HTML', ' helps']",2,3,gpt2-medium
semantic_html,5,8,0.0,semantic,HTML,Semantic HTML helps,"['<|endoftext|>', 'Sem', 'antic', ' HTML', ' helps']",2,3,gpt2-medium
semantic_html,5,9,0.3772,semantic,HTML,Semantic HTML helps,"['<|endoftext|>', 'Sem', 'antic', ' HTML', ' helps']",2,3,gpt2-medium
semantic_html,5,10,0.0032,semantic,HTML,Semantic HTML helps,"['<|endoftext|>', 'Sem', 'antic', ' HTML', ' helps']",2,3,gpt2-medium
semantic_html,5,11,0.9999,semantic,HTML,Semantic HTML helps,"['<|endoftext|>', 'Sem', 'antic', ' HTML', ' helps']",2,3,gpt2-medium
semantic_html,5,12,0.012,semantic,HTML,Semantic HTML helps,"['<|endoftext|>', 'Sem', 'antic', ' HTML', ' helps']",2,3,gpt2-medium
semantic_html,5,13,0.0156,semantic,HTML,Semantic HTML helps,"['<|endoftext|>', 'Sem', 'antic', ' HTML', ' helps']",2,3,gpt2-medium
semantic_html,5,14,0.0282,semantic,HTML,Semantic HTML helps,"['<|endoftext|>', 'Sem', 'antic', ' HTML', ' helps']",2,3,gpt2-medium
semantic_html,5,15,0.0406,semantic,HTML,Semantic HTML helps,"['<|endoftext|>', 'Sem', 'antic', ' HTML', ' helps']",2,3,gpt2-medium
semantic_html,6,0,0.0087,semantic,HTML,Semantic HTML helps,"['<|endoftext|>', 'Sem', 'antic', ' HTML', ' helps']",2,3,gpt2-medium
semantic_html,6,1,0.0,semantic,HTML,Semantic HTML helps,"['<|endoftext|>', 'Sem', 'antic', ' HTML', ' helps']",2,3,gpt2-medium
semantic_html,6,2,0.089,semantic,HTML,Semantic HTML helps,"['<|endoftext|>', 'Sem', 'antic', ' HTML', ' helps']",2,3,gpt2-medium
semantic_html,6,3,0.0306,semantic,HTML,Semantic HTML helps,"['<|endoftext|>', 'Sem', 'antic', ' HTML', ' helps']",2,3,gpt2-medium
semantic_html,6,4,0.0037,semantic,HTML,Semantic HTML helps,"['<|endoftext|>', 'Sem', 'antic', ' HTML', ' helps']",2,3,gpt2-medium
semantic_html,6,5,0.0969,semantic,HTML,Semantic HTML helps,"['<|endoftext|>', 'Sem', 'antic', ' HTML', ' helps']",2,3,gpt2-medium
semantic_html,6,6,0.1005,semantic,HTML,Semantic HTML helps,"['<|endoftext|>', 'Sem', 'antic', ' HTML', ' helps']",2,3,gpt2-medium
semantic_html,6,7,0.9923,semantic,HTML,Semantic HTML helps,"['<|endoftext|>', 'Sem', 'antic', ' HTML', ' helps']",2,3,gpt2-medium
semantic_html,6,8,0.0633,semantic,HTML,Semantic HTML helps,"['<|endoftext|>', 'Sem', 'antic', ' HTML', ' helps']",2,3,gpt2-medium
semantic_html,6,9,0.196,semantic,HTML,Semantic HTML helps,"['<|endoftext|>', 'Sem', 'antic', ' HTML', ' helps']",2,3,gpt2-medium
semantic_html,6,10,0.0575,semantic,HTML,Semantic HTML helps,"['<|endoftext|>', 'Sem', 'antic', ' HTML', ' helps']",2,3,gpt2-medium
semantic_html,6,11,0.0005,semantic,HTML,Semantic HTML helps,"['<|endoftext|>', 'Sem', 'antic', ' HTML', ' helps']",2,3,gpt2-medium
semantic_html,6,12,0.0112,semantic,HTML,Semantic HTML helps,"['<|endoftext|>', 'Sem', 'antic', ' HTML', ' helps']",2,3,gpt2-medium
semantic_html,6,13,0.0079,semantic,HTML,Semantic HTML helps,"['<|endoftext|>', 'Sem', 'antic', ' HTML', ' helps']",2,3,gpt2-medium
semantic_html,6,14,0.2383,semantic,HTML,Semantic HTML helps,"['<|endoftext|>', 'Sem', 'antic', ' HTML', ' helps']",2,3,gpt2-medium
semantic_html,6,15,0.0,semantic,HTML,Semantic HTML helps,"['<|endoftext|>', 'Sem', 'antic', ' HTML', ' helps']",2,3,gpt2-medium
semantic_html,7,0,0.0045,semantic,HTML,Semantic HTML helps,"['<|endoftext|>', 'Sem', 'antic', ' HTML', ' helps']",2,3,gpt2-medium
semantic_html,7,1,0.0655,semantic,HTML,Semantic HTML helps,"['<|endoftext|>', 'Sem', 'antic', ' HTML', ' helps']",2,3,gpt2-medium
semantic_html,7,2,0.0,semantic,HTML,Semantic HTML helps,"['<|endoftext|>', 'Sem', 'antic', ' HTML', ' helps']",2,3,gpt2-medium
semantic_html,7,3,0.0604,semantic,HTML,Semantic HTML helps,"['<|endoftext|>', 'Sem', 'antic', ' HTML', ' helps']",2,3,gpt2-medium
semantic_html,7,4,0.0387,semantic,HTML,Semantic HTML helps,"['<|endoftext|>', 'Sem', 'antic', ' HTML', ' helps']",2,3,gpt2-medium
semantic_html,7,5,0.0002,semantic,HTML,Semantic HTML helps,"['<|endoftext|>', 'Sem', 'antic', ' HTML', ' helps']",2,3,gpt2-medium
semantic_html,7,6,0.0452,semantic,HTML,Semantic HTML helps,"['<|endoftext|>', 'Sem', 'antic', ' HTML', ' helps']",2,3,gpt2-medium
semantic_html,7,7,0.0027,semantic,HTML,Semantic HTML helps,"['<|endoftext|>', 'Sem', 'antic', ' HTML', ' helps']",2,3,gpt2-medium
semantic_html,7,8,0.0294,semantic,HTML,Semantic HTML helps,"['<|endoftext|>', 'Sem', 'antic', ' HTML', ' helps']",2,3,gpt2-medium
semantic_html,7,9,0.0207,semantic,HTML,Semantic HTML helps,"['<|endoftext|>', 'Sem', 'antic', ' HTML', ' helps']",2,3,gpt2-medium
semantic_html,7,10,0.0291,semantic,HTML,Semantic HTML helps,"['<|endoftext|>', 'Sem', 'antic', ' HTML', ' helps']",2,3,gpt2-medium
semantic_html,7,11,0.0,semantic,HTML,Semantic HTML helps,"['<|endoftext|>', 'Sem', 'antic', ' HTML', ' helps']",2,3,gpt2-medium
semantic_html,7,12,0.1201,semantic,HTML,Semantic HTML helps,"['<|endoftext|>', 'Sem', 'antic', ' HTML', ' helps']",2,3,gpt2-medium
semantic_html,7,13,0.8677,semantic,HTML,Semantic HTML helps,"['<|endoftext|>', 'Sem', 'antic', ' HTML', ' helps']",2,3,gpt2-medium
semantic_html,7,14,0.7353,semantic,HTML,Semantic HTML helps,"['<|endoftext|>', 'Sem', 'antic', ' HTML', ' helps']",2,3,gpt2-medium
semantic_html,7,15,0.0406,semantic,HTML,Semantic HTML helps,"['<|endoftext|>', 'Sem', 'antic', ' HTML', ' helps']",2,3,gpt2-medium
semantic_html,8,0,0.0057,semantic,HTML,Semantic HTML helps,"['<|endoftext|>', 'Sem', 'antic', ' HTML', ' helps']",2,3,gpt2-medium
semantic_html,8,1,0.4443,semantic,HTML,Semantic HTML helps,"['<|endoftext|>', 'Sem', 'antic', ' HTML', ' helps']",2,3,gpt2-medium
semantic_html,8,2,0.0518,semantic,HTML,Semantic HTML helps,"['<|endoftext|>', 'Sem', 'antic', ' HTML', ' helps']",2,3,gpt2-medium
semantic_html,8,3,0.015,semantic,HTML,Semantic HTML helps,"['<|endoftext|>', 'Sem', 'antic', ' HTML', ' helps']",2,3,gpt2-medium
semantic_html,8,4,0.0038,semantic,HTML,Semantic HTML helps,"['<|endoftext|>', 'Sem', 'antic', ' HTML', ' helps']",2,3,gpt2-medium
semantic_html,8,5,0.2025,semantic,HTML,Semantic HTML helps,"['<|endoftext|>', 'Sem', 'antic', ' HTML', ' helps']",2,3,gpt2-medium
semantic_html,8,6,0.8455,semantic,HTML,Semantic HTML helps,"['<|endoftext|>', 'Sem', 'antic', ' HTML', ' helps']",2,3,gpt2-medium
semantic_html,8,7,0.0575,semantic,HTML,Semantic HTML helps,"['<|endoftext|>', 'Sem', 'antic', ' HTML', ' helps']",2,3,gpt2-medium
semantic_html,8,8,0.0257,semantic,HTML,Semantic HTML helps,"['<|endoftext|>', 'Sem', 'antic', ' HTML', ' helps']",2,3,gpt2-medium
semantic_html,8,9,0.1037,semantic,HTML,Semantic HTML helps,"['<|endoftext|>', 'Sem', 'antic', ' HTML', ' helps']",2,3,gpt2-medium
semantic_html,8,10,0.0007,semantic,HTML,Semantic HTML helps,"['<|endoftext|>', 'Sem', 'antic', ' HTML', ' helps']",2,3,gpt2-medium
semantic_html,8,11,0.1374,semantic,HTML,Semantic HTML helps,"['<|endoftext|>', 'Sem', 'antic', ' HTML', ' helps']",2,3,gpt2-medium
semantic_html,8,12,0.1062,semantic,HTML,Semantic HTML helps,"['<|endoftext|>', 'Sem', 'antic', ' HTML', ' helps']",2,3,gpt2-medium
semantic_html,8,13,0.0473,semantic,HTML,Semantic HTML helps,"['<|endoftext|>', 'Sem', 'antic', ' HTML', ' helps']",2,3,gpt2-medium
semantic_html,8,14,0.0244,semantic,HTML,Semantic HTML helps,"['<|endoftext|>', 'Sem', 'antic', ' HTML', ' helps']",2,3,gpt2-medium
semantic_html,8,15,0.1856,semantic,HTML,Semantic HTML helps,"['<|endoftext|>', 'Sem', 'antic', ' HTML', ' helps']",2,3,gpt2-medium
semantic_html,9,0,0.0151,semantic,HTML,Semantic HTML helps,"['<|endoftext|>', 'Sem', 'antic', ' HTML', ' helps']",2,3,gpt2-medium
semantic_html,9,1,0.142,semantic,HTML,Semantic HTML helps,"['<|endoftext|>', 'Sem', 'antic', ' HTML', ' helps']",2,3,gpt2-medium
semantic_html,9,2,0.1861,semantic,HTML,Semantic HTML helps,"['<|endoftext|>', 'Sem', 'antic', ' HTML', ' helps']",2,3,gpt2-medium
semantic_html,9,3,0.0002,semantic,HTML,Semantic HTML helps,"['<|endoftext|>', 'Sem', 'antic', ' HTML', ' helps']",2,3,gpt2-medium
semantic_html,9,4,0.001,semantic,HTML,Semantic HTML helps,"['<|endoftext|>', 'Sem', 'antic', ' HTML', ' helps']",2,3,gpt2-medium
semantic_html,9,5,0.028,semantic,HTML,Semantic HTML helps,"['<|endoftext|>', 'Sem', 'antic', ' HTML', ' helps']",2,3,gpt2-medium
semantic_html,9,6,0.02,semantic,HTML,Semantic HTML helps,"['<|endoftext|>', 'Sem', 'antic', ' HTML', ' helps']",2,3,gpt2-medium
semantic_html,9,7,0.0066,semantic,HTML,Semantic HTML helps,"['<|endoftext|>', 'Sem', 'antic', ' HTML', ' helps']",2,3,gpt2-medium
semantic_html,9,8,0.0239,semantic,HTML,Semantic HTML helps,"['<|endoftext|>', 'Sem', 'antic', ' HTML', ' helps']",2,3,gpt2-medium
semantic_html,9,9,0.0,semantic,HTML,Semantic HTML helps,"['<|endoftext|>', 'Sem', 'antic', ' HTML', ' helps']",2,3,gpt2-medium
semantic_html,9,10,0.0117,semantic,HTML,Semantic HTML helps,"['<|endoftext|>', 'Sem', 'antic', ' HTML', ' helps']",2,3,gpt2-medium
semantic_html,9,11,0.0121,semantic,HTML,Semantic HTML helps,"['<|endoftext|>', 'Sem', 'antic', ' HTML', ' helps']",2,3,gpt2-medium
semantic_html,9,12,0.0002,semantic,HTML,Semantic HTML helps,"['<|endoftext|>', 'Sem', 'antic', ' HTML', ' helps']",2,3,gpt2-medium
semantic_html,9,13,0.0085,semantic,HTML,Semantic HTML helps,"['<|endoftext|>', 'Sem', 'antic', ' HTML', ' helps']",2,3,gpt2-medium
semantic_html,9,14,0.0527,semantic,HTML,Semantic HTML helps,"['<|endoftext|>', 'Sem', 'antic', ' HTML', ' helps']",2,3,gpt2-medium
semantic_html,9,15,0.4985,semantic,HTML,Semantic HTML helps,"['<|endoftext|>', 'Sem', 'antic', ' HTML', ' helps']",2,3,gpt2-medium
semantic_html,10,0,0.041,semantic,HTML,Semantic HTML helps,"['<|endoftext|>', 'Sem', 'antic', ' HTML', ' helps']",2,3,gpt2-medium
semantic_html,10,1,0.0,semantic,HTML,Semantic HTML helps,"['<|endoftext|>', 'Sem', 'antic', ' HTML', ' helps']",2,3,gpt2-medium
semantic_html,10,2,0.0055,semantic,HTML,Semantic HTML helps,"['<|endoftext|>', 'Sem', 'antic', ' HTML', ' helps']",2,3,gpt2-medium
semantic_html,10,3,0.0038,semantic,HTML,Semantic HTML helps,"['<|endoftext|>', 'Sem', 'antic', ' HTML', ' helps']",2,3,gpt2-medium
semantic_html,10,4,0.08,semantic,HTML,Semantic HTML helps,"['<|endoftext|>', 'Sem', 'antic', ' HTML', ' helps']",2,3,gpt2-medium
semantic_html,10,5,0.0428,semantic,HTML,Semantic HTML helps,"['<|endoftext|>', 'Sem', 'antic', ' HTML', ' helps']",2,3,gpt2-medium
semantic_html,10,6,0.0195,semantic,HTML,Semantic HTML helps,"['<|endoftext|>', 'Sem', 'antic', ' HTML', ' helps']",2,3,gpt2-medium
semantic_html,10,7,0.0295,semantic,HTML,Semantic HTML helps,"['<|endoftext|>', 'Sem', 'antic', ' HTML', ' helps']",2,3,gpt2-medium
semantic_html,10,8,0.0001,semantic,HTML,Semantic HTML helps,"['<|endoftext|>', 'Sem', 'antic', ' HTML', ' helps']",2,3,gpt2-medium
semantic_html,10,9,0.0094,semantic,HTML,Semantic HTML helps,"['<|endoftext|>', 'Sem', 'antic', ' HTML', ' helps']",2,3,gpt2-medium
semantic_html,10,10,0.0661,semantic,HTML,Semantic HTML helps,"['<|endoftext|>', 'Sem', 'antic', ' HTML', ' helps']",2,3,gpt2-medium
semantic_html,10,11,0.1043,semantic,HTML,Semantic HTML helps,"['<|endoftext|>', 'Sem', 'antic', ' HTML', ' helps']",2,3,gpt2-medium
semantic_html,10,12,0.0645,semantic,HTML,Semantic HTML helps,"['<|endoftext|>', 'Sem', 'antic', ' HTML', ' helps']",2,3,gpt2-medium
semantic_html,10,13,0.1172,semantic,HTML,Semantic HTML helps,"['<|endoftext|>', 'Sem', 'antic', ' HTML', ' helps']",2,3,gpt2-medium
semantic_html,10,14,0.1011,semantic,HTML,Semantic HTML helps,"['<|endoftext|>', 'Sem', 'antic', ' HTML', ' helps']",2,3,gpt2-medium
semantic_html,10,15,0.119,semantic,HTML,Semantic HTML helps,"['<|endoftext|>', 'Sem', 'antic', ' HTML', ' helps']",2,3,gpt2-medium
semantic_html,11,0,0.0155,semantic,HTML,Semantic HTML helps,"['<|endoftext|>', 'Sem', 'antic', ' HTML', ' helps']",2,3,gpt2-medium
semantic_html,11,1,0.0,semantic,HTML,Semantic HTML helps,"['<|endoftext|>', 'Sem', 'antic', ' HTML', ' helps']",2,3,gpt2-medium
semantic_html,11,2,0.0379,semantic,HTML,Semantic HTML helps,"['<|endoftext|>', 'Sem', 'antic', ' HTML', ' helps']",2,3,gpt2-medium
semantic_html,11,3,0.0024,semantic,HTML,Semantic HTML helps,"['<|endoftext|>', 'Sem', 'antic', ' HTML', ' helps']",2,3,gpt2-medium
semantic_html,11,4,0.0048,semantic,HTML,Semantic HTML helps,"['<|endoftext|>', 'Sem', 'antic', ' HTML', ' helps']",2,3,gpt2-medium
semantic_html,11,5,0.0129,semantic,HTML,Semantic HTML helps,"['<|endoftext|>', 'Sem', 'antic', ' HTML', ' helps']",2,3,gpt2-medium
semantic_html,11,6,0.6037,semantic,HTML,Semantic HTML helps,"['<|endoftext|>', 'Sem', 'antic', ' HTML', ' helps']",2,3,gpt2-medium
semantic_html,11,7,0.0539,semantic,HTML,Semantic HTML helps,"['<|endoftext|>', 'Sem', 'antic', ' HTML', ' helps']",2,3,gpt2-medium
semantic_html,11,8,0.06,semantic,HTML,Semantic HTML helps,"['<|endoftext|>', 'Sem', 'antic', ' HTML', ' helps']",2,3,gpt2-medium
semantic_html,11,9,0.065,semantic,HTML,Semantic HTML helps,"['<|endoftext|>', 'Sem', 'antic', ' HTML', ' helps']",2,3,gpt2-medium
semantic_html,11,10,0.0334,semantic,HTML,Semantic HTML helps,"['<|endoftext|>', 'Sem', 'antic', ' HTML', ' helps']",2,3,gpt2-medium
semantic_html,11,11,0.002,semantic,HTML,Semantic HTML helps,"['<|endoftext|>', 'Sem', 'antic', ' HTML', ' helps']",2,3,gpt2-medium
semantic_html,11,12,0.2696,semantic,HTML,Semantic HTML helps,"['<|endoftext|>', 'Sem', 'antic', ' HTML', ' helps']",2,3,gpt2-medium
semantic_html,11,13,0.0748,semantic,HTML,Semantic HTML helps,"['<|endoftext|>', 'Sem', 'antic', ' HTML', ' helps']",2,3,gpt2-medium
semantic_html,11,14,0.002,semantic,HTML,Semantic HTML helps,"['<|endoftext|>', 'Sem', 'antic', ' HTML', ' helps']",2,3,gpt2-medium
semantic_html,11,15,0.0272,semantic,HTML,Semantic HTML helps,"['<|endoftext|>', 'Sem', 'antic', ' HTML', ' helps']",2,3,gpt2-medium
semantic_html,12,0,0.0023,semantic,HTML,Semantic HTML helps,"['<|endoftext|>', 'Sem', 'antic', ' HTML', ' helps']",2,3,gpt2-medium
semantic_html,12,1,0.0,semantic,HTML,Semantic HTML helps,"['<|endoftext|>', 'Sem', 'antic', ' HTML', ' helps']",2,3,gpt2-medium
semantic_html,12,2,0.0007,semantic,HTML,Semantic HTML helps,"['<|endoftext|>', 'Sem', 'antic', ' HTML', ' helps']",2,3,gpt2-medium
semantic_html,12,3,0.0067,semantic,HTML,Semantic HTML helps,"['<|endoftext|>', 'Sem', 'antic', ' HTML', ' helps']",2,3,gpt2-medium
semantic_html,12,4,0.02,semantic,HTML,Semantic HTML helps,"['<|endoftext|>', 'Sem', 'antic', ' HTML', ' helps']",2,3,gpt2-medium
semantic_html,12,5,0.1192,semantic,HTML,Semantic HTML helps,"['<|endoftext|>', 'Sem', 'antic', ' HTML', ' helps']",2,3,gpt2-medium
semantic_html,12,6,0.1007,semantic,HTML,Semantic HTML helps,"['<|endoftext|>', 'Sem', 'antic', ' HTML', ' helps']",2,3,gpt2-medium
semantic_html,12,7,0.0851,semantic,HTML,Semantic HTML helps,"['<|endoftext|>', 'Sem', 'antic', ' HTML', ' helps']",2,3,gpt2-medium
semantic_html,12,8,0.4268,semantic,HTML,Semantic HTML helps,"['<|endoftext|>', 'Sem', 'antic', ' HTML', ' helps']",2,3,gpt2-medium
semantic_html,12,9,0.0574,semantic,HTML,Semantic HTML helps,"['<|endoftext|>', 'Sem', 'antic', ' HTML', ' helps']",2,3,gpt2-medium
semantic_html,12,10,0.0525,semantic,HTML,Semantic HTML helps,"['<|endoftext|>', 'Sem', 'antic', ' HTML', ' helps']",2,3,gpt2-medium
semantic_html,12,11,0.0005,semantic,HTML,Semantic HTML helps,"['<|endoftext|>', 'Sem', 'antic', ' HTML', ' helps']",2,3,gpt2-medium
semantic_html,12,12,0.0326,semantic,HTML,Semantic HTML helps,"['<|endoftext|>', 'Sem', 'antic', ' HTML', ' helps']",2,3,gpt2-medium
semantic_html,12,13,0.0006,semantic,HTML,Semantic HTML helps,"['<|endoftext|>', 'Sem', 'antic', ' HTML', ' helps']",2,3,gpt2-medium
semantic_html,12,14,0.0421,semantic,HTML,Semantic HTML helps,"['<|endoftext|>', 'Sem', 'antic', ' HTML', ' helps']",2,3,gpt2-medium
semantic_html,12,15,0.0514,semantic,HTML,Semantic HTML helps,"['<|endoftext|>', 'Sem', 'antic', ' HTML', ' helps']",2,3,gpt2-medium
semantic_html,13,0,0.0022,semantic,HTML,Semantic HTML helps,"['<|endoftext|>', 'Sem', 'antic', ' HTML', ' helps']",2,3,gpt2-medium
semantic_html,13,1,0.051,semantic,HTML,Semantic HTML helps,"['<|endoftext|>', 'Sem', 'antic', ' HTML', ' helps']",2,3,gpt2-medium
semantic_html,13,2,0.0059,semantic,HTML,Semantic HTML helps,"['<|endoftext|>', 'Sem', 'antic', ' HTML', ' helps']",2,3,gpt2-medium
semantic_html,13,3,0.3949,semantic,HTML,Semantic HTML helps,"['<|endoftext|>', 'Sem', 'antic', ' HTML', ' helps']",2,3,gpt2-medium
semantic_html,13,4,0.0257,semantic,HTML,Semantic HTML helps,"['<|endoftext|>', 'Sem', 'antic', ' HTML', ' helps']",2,3,gpt2-medium
semantic_html,13,5,0.5782,semantic,HTML,Semantic HTML helps,"['<|endoftext|>', 'Sem', 'antic', ' HTML', ' helps']",2,3,gpt2-medium
semantic_html,13,6,0.0034,semantic,HTML,Semantic HTML helps,"['<|endoftext|>', 'Sem', 'antic', ' HTML', ' helps']",2,3,gpt2-medium
semantic_html,13,7,0.0598,semantic,HTML,Semantic HTML helps,"['<|endoftext|>', 'Sem', 'antic', ' HTML', ' helps']",2,3,gpt2-medium
semantic_html,13,8,0.0109,semantic,HTML,Semantic HTML helps,"['<|endoftext|>', 'Sem', 'antic', ' HTML', ' helps']",2,3,gpt2-medium
semantic_html,13,9,0.0499,semantic,HTML,Semantic HTML helps,"['<|endoftext|>', 'Sem', 'antic', ' HTML', ' helps']",2,3,gpt2-medium
semantic_html,13,10,0.0306,semantic,HTML,Semantic HTML helps,"['<|endoftext|>', 'Sem', 'antic', ' HTML', ' helps']",2,3,gpt2-medium
semantic_html,13,11,0.0781,semantic,HTML,Semantic HTML helps,"['<|endoftext|>', 'Sem', 'antic', ' HTML', ' helps']",2,3,gpt2-medium
semantic_html,13,12,0.0015,semantic,HTML,Semantic HTML helps,"['<|endoftext|>', 'Sem', 'antic', ' HTML', ' helps']",2,3,gpt2-medium
semantic_html,13,13,0.0229,semantic,HTML,Semantic HTML helps,"['<|endoftext|>', 'Sem', 'antic', ' HTML', ' helps']",2,3,gpt2-medium
semantic_html,13,14,0.0,semantic,HTML,Semantic HTML helps,"['<|endoftext|>', 'Sem', 'antic', ' HTML', ' helps']",2,3,gpt2-medium
semantic_html,13,15,0.0142,semantic,HTML,Semantic HTML helps,"['<|endoftext|>', 'Sem', 'antic', ' HTML', ' helps']",2,3,gpt2-medium
semantic_html,14,0,0.0145,semantic,HTML,Semantic HTML helps,"['<|endoftext|>', 'Sem', 'antic', ' HTML', ' helps']",2,3,gpt2-medium
semantic_html,14,1,0.0505,semantic,HTML,Semantic HTML helps,"['<|endoftext|>', 'Sem', 'antic', ' HTML', ' helps']",2,3,gpt2-medium
semantic_html,14,2,0.0003,semantic,HTML,Semantic HTML helps,"['<|endoftext|>', 'Sem', 'antic', ' HTML', ' helps']",2,3,gpt2-medium
semantic_html,14,3,0.4373,semantic,HTML,Semantic HTML helps,"['<|endoftext|>', 'Sem', 'antic', ' HTML', ' helps']",2,3,gpt2-medium
semantic_html,14,4,0.273,semantic,HTML,Semantic HTML helps,"['<|endoftext|>', 'Sem', 'antic', ' HTML', ' helps']",2,3,gpt2-medium
semantic_html,14,5,0.0004,semantic,HTML,Semantic HTML helps,"['<|endoftext|>', 'Sem', 'antic', ' HTML', ' helps']",2,3,gpt2-medium
semantic_html,14,6,0.0533,semantic,HTML,Semantic HTML helps,"['<|endoftext|>', 'Sem', 'antic', ' HTML', ' helps']",2,3,gpt2-medium
semantic_html,14,7,0.2237,semantic,HTML,Semantic HTML helps,"['<|endoftext|>', 'Sem', 'antic', ' HTML', ' helps']",2,3,gpt2-medium
semantic_html,14,8,0.0249,semantic,HTML,Semantic HTML helps,"['<|endoftext|>', 'Sem', 'antic', ' HTML', ' helps']",2,3,gpt2-medium
semantic_html,14,9,0.0001,semantic,HTML,Semantic HTML helps,"['<|endoftext|>', 'Sem', 'antic', ' HTML', ' helps']",2,3,gpt2-medium
semantic_html,14,10,0.0207,semantic,HTML,Semantic HTML helps,"['<|endoftext|>', 'Sem', 'antic', ' HTML', ' helps']",2,3,gpt2-medium
semantic_html,14,11,0.0007,semantic,HTML,Semantic HTML helps,"['<|endoftext|>', 'Sem', 'antic', ' HTML', ' helps']",2,3,gpt2-medium
semantic_html,14,12,0.0402,semantic,HTML,Semantic HTML helps,"['<|endoftext|>', 'Sem', 'antic', ' HTML', ' helps']",2,3,gpt2-medium
semantic_html,14,13,0.0298,semantic,HTML,Semantic HTML helps,"['<|endoftext|>', 'Sem', 'antic', ' HTML', ' helps']",2,3,gpt2-medium
semantic_html,14,14,0.0218,semantic,HTML,Semantic HTML helps,"['<|endoftext|>', 'Sem', 'antic', ' HTML', ' helps']",2,3,gpt2-medium
semantic_html,14,15,0.0167,semantic,HTML,Semantic HTML helps,"['<|endoftext|>', 'Sem', 'antic', ' HTML', ' helps']",2,3,gpt2-medium
semantic_html,15,0,0.001,semantic,HTML,Semantic HTML helps,"['<|endoftext|>', 'Sem', 'antic', ' HTML', ' helps']",2,3,gpt2-medium
semantic_html,15,1,0.0999,semantic,HTML,Semantic HTML helps,"['<|endoftext|>', 'Sem', 'antic', ' HTML', ' helps']",2,3,gpt2-medium
semantic_html,15,2,0.0097,semantic,HTML,Semantic HTML helps,"['<|endoftext|>', 'Sem', 'antic', ' HTML', ' helps']",2,3,gpt2-medium
semantic_html,15,3,0.0649,semantic,HTML,Semantic HTML helps,"['<|endoftext|>', 'Sem', 'antic', ' HTML', ' helps']",2,3,gpt2-medium
semantic_html,15,4,0.0287,semantic,HTML,Semantic HTML helps,"['<|endoftext|>', 'Sem', 'antic', ' HTML', ' helps']",2,3,gpt2-medium
semantic_html,15,5,0.1215,semantic,HTML,Semantic HTML helps,"['<|endoftext|>', 'Sem', 'antic', ' HTML', ' helps']",2,3,gpt2-medium
semantic_html,15,6,0.0139,semantic,HTML,Semantic HTML helps,"['<|endoftext|>', 'Sem', 'antic', ' HTML', ' helps']",2,3,gpt2-medium
semantic_html,15,7,0.042,semantic,HTML,Semantic HTML helps,"['<|endoftext|>', 'Sem', 'antic', ' HTML', ' helps']",2,3,gpt2-medium
semantic_html,15,8,0.2167,semantic,HTML,Semantic HTML helps,"['<|endoftext|>', 'Sem', 'antic', ' HTML', ' helps']",2,3,gpt2-medium
semantic_html,15,9,0.0215,semantic,HTML,Semantic HTML helps,"['<|endoftext|>', 'Sem', 'antic', ' HTML', ' helps']",2,3,gpt2-medium
semantic_html,15,10,0.271,semantic,HTML,Semantic HTML helps,"['<|endoftext|>', 'Sem', 'antic', ' HTML', ' helps']",2,3,gpt2-medium
semantic_html,15,11,0.0266,semantic,HTML,Semantic HTML helps,"['<|endoftext|>', 'Sem', 'antic', ' HTML', ' helps']",2,3,gpt2-medium
semantic_html,15,12,0.0006,semantic,HTML,Semantic HTML helps,"['<|endoftext|>', 'Sem', 'antic', ' HTML', ' helps']",2,3,gpt2-medium
semantic_html,15,13,0.1967,semantic,HTML,Semantic HTML helps,"['<|endoftext|>', 'Sem', 'antic', ' HTML', ' helps']",2,3,gpt2-medium
semantic_html,15,14,0.1169,semantic,HTML,Semantic HTML helps,"['<|endoftext|>', 'Sem', 'antic', ' HTML', ' helps']",2,3,gpt2-medium
semantic_html,15,15,0.2127,semantic,HTML,Semantic HTML helps,"['<|endoftext|>', 'Sem', 'antic', ' HTML', ' helps']",2,3,gpt2-medium
semantic_html,16,0,0.0125,semantic,HTML,Semantic HTML helps,"['<|endoftext|>', 'Sem', 'antic', ' HTML', ' helps']",2,3,gpt2-medium
semantic_html,16,1,0.0157,semantic,HTML,Semantic HTML helps,"['<|endoftext|>', 'Sem', 'antic', ' HTML', ' helps']",2,3,gpt2-medium
semantic_html,16,2,0.0816,semantic,HTML,Semantic HTML helps,"['<|endoftext|>', 'Sem', 'antic', ' HTML', ' helps']",2,3,gpt2-medium
semantic_html,16,3,0.0019,semantic,HTML,Semantic HTML helps,"['<|endoftext|>', 'Sem', 'antic', ' HTML', ' helps']",2,3,gpt2-medium
semantic_html,16,4,0.0409,semantic,HTML,Semantic HTML helps,"['<|endoftext|>', 'Sem', 'antic', ' HTML', ' helps']",2,3,gpt2-medium
semantic_html,16,5,0.1982,semantic,HTML,Semantic HTML helps,"['<|endoftext|>', 'Sem', 'antic', ' HTML', ' helps']",2,3,gpt2-medium
semantic_html,16,6,0.1512,semantic,HTML,Semantic HTML helps,"['<|endoftext|>', 'Sem', 'antic', ' HTML', ' helps']",2,3,gpt2-medium
semantic_html,16,7,0.453,semantic,HTML,Semantic HTML helps,"['<|endoftext|>', 'Sem', 'antic', ' HTML', ' helps']",2,3,gpt2-medium
semantic_html,16,8,0.0475,semantic,HTML,Semantic HTML helps,"['<|endoftext|>', 'Sem', 'antic', ' HTML', ' helps']",2,3,gpt2-medium
semantic_html,16,9,0.0018,semantic,HTML,Semantic HTML helps,"['<|endoftext|>', 'Sem', 'antic', ' HTML', ' helps']",2,3,gpt2-medium
semantic_html,16,10,0.2165,semantic,HTML,Semantic HTML helps,"['<|endoftext|>', 'Sem', 'antic', ' HTML', ' helps']",2,3,gpt2-medium
semantic_html,16,11,0.003,semantic,HTML,Semantic HTML helps,"['<|endoftext|>', 'Sem', 'antic', ' HTML', ' helps']",2,3,gpt2-medium
semantic_html,16,12,0.0036,semantic,HTML,Semantic HTML helps,"['<|endoftext|>', 'Sem', 'antic', ' HTML', ' helps']",2,3,gpt2-medium
semantic_html,16,13,0.0052,semantic,HTML,Semantic HTML helps,"['<|endoftext|>', 'Sem', 'antic', ' HTML', ' helps']",2,3,gpt2-medium
semantic_html,16,14,0.0129,semantic,HTML,Semantic HTML helps,"['<|endoftext|>', 'Sem', 'antic', ' HTML', ' helps']",2,3,gpt2-medium
semantic_html,16,15,0.0049,semantic,HTML,Semantic HTML helps,"['<|endoftext|>', 'Sem', 'antic', ' HTML', ' helps']",2,3,gpt2-medium
semantic_html,17,0,0.053,semantic,HTML,Semantic HTML helps,"['<|endoftext|>', 'Sem', 'antic', ' HTML', ' helps']",2,3,gpt2-medium
semantic_html,17,1,0.0156,semantic,HTML,Semantic HTML helps,"['<|endoftext|>', 'Sem', 'antic', ' HTML', ' helps']",2,3,gpt2-medium
semantic_html,17,2,0.0005,semantic,HTML,Semantic HTML helps,"['<|endoftext|>', 'Sem', 'antic', ' HTML', ' helps']",2,3,gpt2-medium
semantic_html,17,3,0.0072,semantic,HTML,Semantic HTML helps,"['<|endoftext|>', 'Sem', 'antic', ' HTML', ' helps']",2,3,gpt2-medium
semantic_html,17,4,0.0457,semantic,HTML,Semantic HTML helps,"['<|endoftext|>', 'Sem', 'antic', ' HTML', ' helps']",2,3,gpt2-medium
semantic_html,17,5,0.0057,semantic,HTML,Semantic HTML helps,"['<|endoftext|>', 'Sem', 'antic', ' HTML', ' helps']",2,3,gpt2-medium
semantic_html,17,6,0.0274,semantic,HTML,Semantic HTML helps,"['<|endoftext|>', 'Sem', 'antic', ' HTML', ' helps']",2,3,gpt2-medium
semantic_html,17,7,0.0062,semantic,HTML,Semantic HTML helps,"['<|endoftext|>', 'Sem', 'antic', ' HTML', ' helps']",2,3,gpt2-medium
semantic_html,17,8,0.0022,semantic,HTML,Semantic HTML helps,"['<|endoftext|>', 'Sem', 'antic', ' HTML', ' helps']",2,3,gpt2-medium
semantic_html,17,9,0.011,semantic,HTML,Semantic HTML helps,"['<|endoftext|>', 'Sem', 'antic', ' HTML', ' helps']",2,3,gpt2-medium
semantic_html,17,10,0.0069,semantic,HTML,Semantic HTML helps,"['<|endoftext|>', 'Sem', 'antic', ' HTML', ' helps']",2,3,gpt2-medium
semantic_html,17,11,0.3919,semantic,HTML,Semantic HTML helps,"['<|endoftext|>', 'Sem', 'antic', ' HTML', ' helps']",2,3,gpt2-medium
semantic_html,17,12,0.0266,semantic,HTML,Semantic HTML helps,"['<|endoftext|>', 'Sem', 'antic', ' HTML', ' helps']",2,3,gpt2-medium
semantic_html,17,13,0.0263,semantic,HTML,Semantic HTML helps,"['<|endoftext|>', 'Sem', 'antic', ' HTML', ' helps']",2,3,gpt2-medium
semantic_html,17,14,0.1088,semantic,HTML,Semantic HTML helps,"['<|endoftext|>', 'Sem', 'antic', ' HTML', ' helps']",2,3,gpt2-medium
semantic_html,17,15,0.0406,semantic,HTML,Semantic HTML helps,"['<|endoftext|>', 'Sem', 'antic', ' HTML', ' helps']",2,3,gpt2-medium
semantic_html,18,0,0.0287,semantic,HTML,Semantic HTML helps,"['<|endoftext|>', 'Sem', 'antic', ' HTML', ' helps']",2,3,gpt2-medium
semantic_html,18,1,0.0907,semantic,HTML,Semantic HTML helps,"['<|endoftext|>', 'Sem', 'antic', ' HTML', ' helps']",2,3,gpt2-medium
semantic_html,18,2,0.0029,semantic,HTML,Semantic HTML helps,"['<|endoftext|>', 'Sem', 'antic', ' HTML', ' helps']",2,3,gpt2-medium
semantic_html,18,3,0.9486,semantic,HTML,Semantic HTML helps,"['<|endoftext|>', 'Sem', 'antic', ' HTML', ' helps']",2,3,gpt2-medium
semantic_html,18,4,0.0011,semantic,HTML,Semantic HTML helps,"['<|endoftext|>', 'Sem', 'antic', ' HTML', ' helps']",2,3,gpt2-medium
semantic_html,18,5,0.0026,semantic,HTML,Semantic HTML helps,"['<|endoftext|>', 'Sem', 'antic', ' HTML', ' helps']",2,3,gpt2-medium
semantic_html,18,6,0.0949,semantic,HTML,Semantic HTML helps,"['<|endoftext|>', 'Sem', 'antic', ' HTML', ' helps']",2,3,gpt2-medium
semantic_html,18,7,0.0112,semantic,HTML,Semantic HTML helps,"['<|endoftext|>', 'Sem', 'antic', ' HTML', ' helps']",2,3,gpt2-medium
semantic_html,18,8,0.0003,semantic,HTML,Semantic HTML helps,"['<|endoftext|>', 'Sem', 'antic', ' HTML', ' helps']",2,3,gpt2-medium
semantic_html,18,9,0.0143,semantic,HTML,Semantic HTML helps,"['<|endoftext|>', 'Sem', 'antic', ' HTML', ' helps']",2,3,gpt2-medium
semantic_html,18,10,0.0269,semantic,HTML,Semantic HTML helps,"['<|endoftext|>', 'Sem', 'antic', ' HTML', ' helps']",2,3,gpt2-medium
semantic_html,18,11,0.0193,semantic,HTML,Semantic HTML helps,"['<|endoftext|>', 'Sem', 'antic', ' HTML', ' helps']",2,3,gpt2-medium
semantic_html,18,12,0.0062,semantic,HTML,Semantic HTML helps,"['<|endoftext|>', 'Sem', 'antic', ' HTML', ' helps']",2,3,gpt2-medium
semantic_html,18,13,0.026,semantic,HTML,Semantic HTML helps,"['<|endoftext|>', 'Sem', 'antic', ' HTML', ' helps']",2,3,gpt2-medium
semantic_html,18,14,0.1109,semantic,HTML,Semantic HTML helps,"['<|endoftext|>', 'Sem', 'antic', ' HTML', ' helps']",2,3,gpt2-medium
semantic_html,18,15,0.3413,semantic,HTML,Semantic HTML helps,"['<|endoftext|>', 'Sem', 'antic', ' HTML', ' helps']",2,3,gpt2-medium
semantic_html,19,0,0.0521,semantic,HTML,Semantic HTML helps,"['<|endoftext|>', 'Sem', 'antic', ' HTML', ' helps']",2,3,gpt2-medium
semantic_html,19,1,0.0062,semantic,HTML,Semantic HTML helps,"['<|endoftext|>', 'Sem', 'antic', ' HTML', ' helps']",2,3,gpt2-medium
semantic_html,19,2,0.0006,semantic,HTML,Semantic HTML helps,"['<|endoftext|>', 'Sem', 'antic', ' HTML', ' helps']",2,3,gpt2-medium
semantic_html,19,3,0.0242,semantic,HTML,Semantic HTML helps,"['<|endoftext|>', 'Sem', 'antic', ' HTML', ' helps']",2,3,gpt2-medium
semantic_html,19,4,0.0067,semantic,HTML,Semantic HTML helps,"['<|endoftext|>', 'Sem', 'antic', ' HTML', ' helps']",2,3,gpt2-medium
semantic_html,19,5,0.0835,semantic,HTML,Semantic HTML helps,"['<|endoftext|>', 'Sem', 'antic', ' HTML', ' helps']",2,3,gpt2-medium
semantic_html,19,6,0.1997,semantic,HTML,Semantic HTML helps,"['<|endoftext|>', 'Sem', 'antic', ' HTML', ' helps']",2,3,gpt2-medium
semantic_html,19,7,0.007,semantic,HTML,Semantic HTML helps,"['<|endoftext|>', 'Sem', 'antic', ' HTML', ' helps']",2,3,gpt2-medium
semantic_html,19,8,0.0016,semantic,HTML,Semantic HTML helps,"['<|endoftext|>', 'Sem', 'antic', ' HTML', ' helps']",2,3,gpt2-medium
semantic_html,19,9,0.0028,semantic,HTML,Semantic HTML helps,"['<|endoftext|>', 'Sem', 'antic', ' HTML', ' helps']",2,3,gpt2-medium
semantic_html,19,10,0.0064,semantic,HTML,Semantic HTML helps,"['<|endoftext|>', 'Sem', 'antic', ' HTML', ' helps']",2,3,gpt2-medium
semantic_html,19,11,0.0655,semantic,HTML,Semantic HTML helps,"['<|endoftext|>', 'Sem', 'antic', ' HTML', ' helps']",2,3,gpt2-medium
semantic_html,19,12,0.0003,semantic,HTML,Semantic HTML helps,"['<|endoftext|>', 'Sem', 'antic', ' HTML', ' helps']",2,3,gpt2-medium
semantic_html,19,13,0.014,semantic,HTML,Semantic HTML helps,"['<|endoftext|>', 'Sem', 'antic', ' HTML', ' helps']",2,3,gpt2-medium
semantic_html,19,14,0.0195,semantic,HTML,Semantic HTML helps,"['<|endoftext|>', 'Sem', 'antic', ' HTML', ' helps']",2,3,gpt2-medium
semantic_html,19,15,0.0074,semantic,HTML,Semantic HTML helps,"['<|endoftext|>', 'Sem', 'antic', ' HTML', ' helps']",2,3,gpt2-medium
semantic_html,20,0,0.0025,semantic,HTML,Semantic HTML helps,"['<|endoftext|>', 'Sem', 'antic', ' HTML', ' helps']",2,3,gpt2-medium
semantic_html,20,1,0.0326,semantic,HTML,Semantic HTML helps,"['<|endoftext|>', 'Sem', 'antic', ' HTML', ' helps']",2,3,gpt2-medium
semantic_html,20,2,0.2139,semantic,HTML,Semantic HTML helps,"['<|endoftext|>', 'Sem', 'antic', ' HTML', ' helps']",2,3,gpt2-medium
semantic_html,20,3,0.0047,semantic,HTML,Semantic HTML helps,"['<|endoftext|>', 'Sem', 'antic', ' HTML', ' helps']",2,3,gpt2-medium
semantic_html,20,4,0.0058,semantic,HTML,Semantic HTML helps,"['<|endoftext|>', 'Sem', 'antic', ' HTML', ' helps']",2,3,gpt2-medium
semantic_html,20,5,0.0228,semantic,HTML,Semantic HTML helps,"['<|endoftext|>', 'Sem', 'antic', ' HTML', ' helps']",2,3,gpt2-medium
semantic_html,20,6,0.002,semantic,HTML,Semantic HTML helps,"['<|endoftext|>', 'Sem', 'antic', ' HTML', ' helps']",2,3,gpt2-medium
semantic_html,20,7,0.0225,semantic,HTML,Semantic HTML helps,"['<|endoftext|>', 'Sem', 'antic', ' HTML', ' helps']",2,3,gpt2-medium
semantic_html,20,8,0.0079,semantic,HTML,Semantic HTML helps,"['<|endoftext|>', 'Sem', 'antic', ' HTML', ' helps']",2,3,gpt2-medium
semantic_html,20,9,0.0095,semantic,HTML,Semantic HTML helps,"['<|endoftext|>', 'Sem', 'antic', ' HTML', ' helps']",2,3,gpt2-medium
semantic_html,20,10,0.0142,semantic,HTML,Semantic HTML helps,"['<|endoftext|>', 'Sem', 'antic', ' HTML', ' helps']",2,3,gpt2-medium
semantic_html,20,11,0.0045,semantic,HTML,Semantic HTML helps,"['<|endoftext|>', 'Sem', 'antic', ' HTML', ' helps']",2,3,gpt2-medium
semantic_html,20,12,0.0116,semantic,HTML,Semantic HTML helps,"['<|endoftext|>', 'Sem', 'antic', ' HTML', ' helps']",2,3,gpt2-medium
semantic_html,20,13,0.0046,semantic,HTML,Semantic HTML helps,"['<|endoftext|>', 'Sem', 'antic', ' HTML', ' helps']",2,3,gpt2-medium
semantic_html,20,14,0.0016,semantic,HTML,Semantic HTML helps,"['<|endoftext|>', 'Sem', 'antic', ' HTML', ' helps']",2,3,gpt2-medium
semantic_html,20,15,0.0029,semantic,HTML,Semantic HTML helps,"['<|endoftext|>', 'Sem', 'antic', ' HTML', ' helps']",2,3,gpt2-medium
semantic_html,21,0,0.0085,semantic,HTML,Semantic HTML helps,"['<|endoftext|>', 'Sem', 'antic', ' HTML', ' helps']",2,3,gpt2-medium
semantic_html,21,1,0.3348,semantic,HTML,Semantic HTML helps,"['<|endoftext|>', 'Sem', 'antic', ' HTML', ' helps']",2,3,gpt2-medium
semantic_html,21,2,0.0046,semantic,HTML,Semantic HTML helps,"['<|endoftext|>', 'Sem', 'antic', ' HTML', ' helps']",2,3,gpt2-medium
semantic_html,21,3,0.0112,semantic,HTML,Semantic HTML helps,"['<|endoftext|>', 'Sem', 'antic', ' HTML', ' helps']",2,3,gpt2-medium
semantic_html,21,4,0.0529,semantic,HTML,Semantic HTML helps,"['<|endoftext|>', 'Sem', 'antic', ' HTML', ' helps']",2,3,gpt2-medium
semantic_html,21,5,0.0211,semantic,HTML,Semantic HTML helps,"['<|endoftext|>', 'Sem', 'antic', ' HTML', ' helps']",2,3,gpt2-medium
semantic_html,21,6,0.7501,semantic,HTML,Semantic HTML helps,"['<|endoftext|>', 'Sem', 'antic', ' HTML', ' helps']",2,3,gpt2-medium
semantic_html,21,7,0.1841,semantic,HTML,Semantic HTML helps,"['<|endoftext|>', 'Sem', 'antic', ' HTML', ' helps']",2,3,gpt2-medium
semantic_html,21,8,0.2451,semantic,HTML,Semantic HTML helps,"['<|endoftext|>', 'Sem', 'antic', ' HTML', ' helps']",2,3,gpt2-medium
semantic_html,21,9,0.0047,semantic,HTML,Semantic HTML helps,"['<|endoftext|>', 'Sem', 'antic', ' HTML', ' helps']",2,3,gpt2-medium
semantic_html,21,10,0.0097,semantic,HTML,Semantic HTML helps,"['<|endoftext|>', 'Sem', 'antic', ' HTML', ' helps']",2,3,gpt2-medium
semantic_html,21,11,0.0064,semantic,HTML,Semantic HTML helps,"['<|endoftext|>', 'Sem', 'antic', ' HTML', ' helps']",2,3,gpt2-medium
semantic_html,21,12,0.0047,semantic,HTML,Semantic HTML helps,"['<|endoftext|>', 'Sem', 'antic', ' HTML', ' helps']",2,3,gpt2-medium
semantic_html,21,13,0.0027,semantic,HTML,Semantic HTML helps,"['<|endoftext|>', 'Sem', 'antic', ' HTML', ' helps']",2,3,gpt2-medium
semantic_html,21,14,0.1065,semantic,HTML,Semantic HTML helps,"['<|endoftext|>', 'Sem', 'antic', ' HTML', ' helps']",2,3,gpt2-medium
semantic_html,21,15,0.0033,semantic,HTML,Semantic HTML helps,"['<|endoftext|>', 'Sem', 'antic', ' HTML', ' helps']",2,3,gpt2-medium
semantic_html,22,0,0.0335,semantic,HTML,Semantic HTML helps,"['<|endoftext|>', 'Sem', 'antic', ' HTML', ' helps']",2,3,gpt2-medium
semantic_html,22,1,0.0147,semantic,HTML,Semantic HTML helps,"['<|endoftext|>', 'Sem', 'antic', ' HTML', ' helps']",2,3,gpt2-medium
semantic_html,22,2,0.1375,semantic,HTML,Semantic HTML helps,"['<|endoftext|>', 'Sem', 'antic', ' HTML', ' helps']",2,3,gpt2-medium
semantic_html,22,3,0.0175,semantic,HTML,Semantic HTML helps,"['<|endoftext|>', 'Sem', 'antic', ' HTML', ' helps']",2,3,gpt2-medium
semantic_html,22,4,0.0231,semantic,HTML,Semantic HTML helps,"['<|endoftext|>', 'Sem', 'antic', ' HTML', ' helps']",2,3,gpt2-medium
semantic_html,22,5,0.0112,semantic,HTML,Semantic HTML helps,"['<|endoftext|>', 'Sem', 'antic', ' HTML', ' helps']",2,3,gpt2-medium
semantic_html,22,6,0.0034,semantic,HTML,Semantic HTML helps,"['<|endoftext|>', 'Sem', 'antic', ' HTML', ' helps']",2,3,gpt2-medium
semantic_html,22,7,0.0021,semantic,HTML,Semantic HTML helps,"['<|endoftext|>', 'Sem', 'antic', ' HTML', ' helps']",2,3,gpt2-medium
semantic_html,22,8,0.0042,semantic,HTML,Semantic HTML helps,"['<|endoftext|>', 'Sem', 'antic', ' HTML', ' helps']",2,3,gpt2-medium
semantic_html,22,9,0.0053,semantic,HTML,Semantic HTML helps,"['<|endoftext|>', 'Sem', 'antic', ' HTML', ' helps']",2,3,gpt2-medium
semantic_html,22,10,0.0492,semantic,HTML,Semantic HTML helps,"['<|endoftext|>', 'Sem', 'antic', ' HTML', ' helps']",2,3,gpt2-medium
semantic_html,22,11,0.0868,semantic,HTML,Semantic HTML helps,"['<|endoftext|>', 'Sem', 'antic', ' HTML', ' helps']",2,3,gpt2-medium
semantic_html,22,12,0.0197,semantic,HTML,Semantic HTML helps,"['<|endoftext|>', 'Sem', 'antic', ' HTML', ' helps']",2,3,gpt2-medium
semantic_html,22,13,0.0557,semantic,HTML,Semantic HTML helps,"['<|endoftext|>', 'Sem', 'antic', ' HTML', ' helps']",2,3,gpt2-medium
semantic_html,22,14,0.02,semantic,HTML,Semantic HTML helps,"['<|endoftext|>', 'Sem', 'antic', ' HTML', ' helps']",2,3,gpt2-medium
semantic_html,22,15,0.0045,semantic,HTML,Semantic HTML helps,"['<|endoftext|>', 'Sem', 'antic', ' HTML', ' helps']",2,3,gpt2-medium
semantic_html,23,0,0.0202,semantic,HTML,Semantic HTML helps,"['<|endoftext|>', 'Sem', 'antic', ' HTML', ' helps']",2,3,gpt2-medium
semantic_html,23,1,0.0323,semantic,HTML,Semantic HTML helps,"['<|endoftext|>', 'Sem', 'antic', ' HTML', ' helps']",2,3,gpt2-medium
semantic_html,23,2,0.004,semantic,HTML,Semantic HTML helps,"['<|endoftext|>', 'Sem', 'antic', ' HTML', ' helps']",2,3,gpt2-medium
semantic_html,23,3,0.0296,semantic,HTML,Semantic HTML helps,"['<|endoftext|>', 'Sem', 'antic', ' HTML', ' helps']",2,3,gpt2-medium
semantic_html,23,4,0.0465,semantic,HTML,Semantic HTML helps,"['<|endoftext|>', 'Sem', 'antic', ' HTML', ' helps']",2,3,gpt2-medium
semantic_html,23,5,0.3847,semantic,HTML,Semantic HTML helps,"['<|endoftext|>', 'Sem', 'antic', ' HTML', ' helps']",2,3,gpt2-medium
semantic_html,23,6,0.3556,semantic,HTML,Semantic HTML helps,"['<|endoftext|>', 'Sem', 'antic', ' HTML', ' helps']",2,3,gpt2-medium
semantic_html,23,7,0.0559,semantic,HTML,Semantic HTML helps,"['<|endoftext|>', 'Sem', 'antic', ' HTML', ' helps']",2,3,gpt2-medium
semantic_html,23,8,0.4565,semantic,HTML,Semantic HTML helps,"['<|endoftext|>', 'Sem', 'antic', ' HTML', ' helps']",2,3,gpt2-medium
semantic_html,23,9,0.1061,semantic,HTML,Semantic HTML helps,"['<|endoftext|>', 'Sem', 'antic', ' HTML', ' helps']",2,3,gpt2-medium
semantic_html,23,10,0.012,semantic,HTML,Semantic HTML helps,"['<|endoftext|>', 'Sem', 'antic', ' HTML', ' helps']",2,3,gpt2-medium
semantic_html,23,11,0.7301,semantic,HTML,Semantic HTML helps,"['<|endoftext|>', 'Sem', 'antic', ' HTML', ' helps']",2,3,gpt2-medium
semantic_html,23,12,0.0129,semantic,HTML,Semantic HTML helps,"['<|endoftext|>', 'Sem', 'antic', ' HTML', ' helps']",2,3,gpt2-medium
semantic_html,23,13,0.5075,semantic,HTML,Semantic HTML helps,"['<|endoftext|>', 'Sem', 'antic', ' HTML', ' helps']",2,3,gpt2-medium
semantic_html,23,14,0.0866,semantic,HTML,Semantic HTML helps,"['<|endoftext|>', 'Sem', 'antic', ' HTML', ' helps']",2,3,gpt2-medium
semantic_html,23,15,0.1955,semantic,HTML,Semantic HTML helps,"['<|endoftext|>', 'Sem', 'antic', ' HTML', ' helps']",2,3,gpt2-medium
