compound,layer,head,binding_score,word1,word2,prompt,tokens,word1_idx,word2_idx,model
screen_reader,0,0,0.6281,screen,reader,A screen reader is,"['<|endoftext|>', 'A', ' screen', ' reader', ' is']",2,3,EleutherAI/pythia-160m
screen_reader,0,1,0.003,screen,reader,A screen reader is,"['<|endoftext|>', 'A', ' screen', ' reader', ' is']",2,3,EleutherAI/pythia-160m
screen_reader,0,2,0.4078,screen,reader,A screen reader is,"['<|endoftext|>', 'A', ' screen', ' reader', ' is']",2,3,EleutherAI/pythia-160m
screen_reader,0,3,0.0617,screen,reader,A screen reader is,"['<|endoftext|>', 'A', ' screen', ' reader', ' is']",2,3,EleutherAI/pythia-160m
screen_reader,0,4,0.1626,screen,reader,A screen reader is,"['<|endoftext|>', 'A', ' screen', ' reader', ' is']",2,3,EleutherAI/pythia-160m
screen_reader,0,5,0.0186,screen,reader,A screen reader is,"['<|endoftext|>', 'A', ' screen', ' reader', ' is']",2,3,EleutherAI/pythia-160m
screen_reader,0,6,0.1563,screen,reader,A screen reader is,"['<|endoftext|>', 'A', ' screen', ' reader', ' is']",2,3,EleutherAI/pythia-160m
screen_reader,0,7,0.0001,screen,reader,A screen reader is,"['<|endoftext|>', 'A', ' screen', ' reader', ' is']",2,3,EleutherAI/pythia-160m
screen_reader,0,8,0.2708,screen,reader,A screen reader is,"['<|endoftext|>', 'A', ' screen', ' reader', ' is']",2,3,EleutherAI/pythia-160m
screen_reader,0,9,0.1151,screen,reader,A screen reader is,"['<|endoftext|>', 'A', ' screen', ' reader', ' is']",2,3,EleutherAI/pythia-160m
screen_reader,0,10,0.0605,screen,reader,A screen reader is,"['<|endoftext|>', 'A', ' screen', ' reader', ' is']",2,3,EleutherAI/pythia-160m
screen_reader,0,11,0.0,screen,reader,A screen reader is,"['<|endoftext|>', 'A', ' screen', ' reader', ' is']",2,3,EleutherAI/pythia-160m
screen_reader,1,0,0.2829,screen,reader,A screen reader is,"['<|endoftext|>', 'A', ' screen', ' reader', ' is']",2,3,EleutherAI/pythia-160m
screen_reader,1,1,0.7337,screen,reader,A screen reader is,"['<|endoftext|>', 'A', ' screen', ' reader', ' is']",2,3,EleutherAI/pythia-160m
screen_reader,1,2,0.6271,screen,reader,A screen reader is,"['<|endoftext|>', 'A', ' screen', ' reader', ' is']",2,3,EleutherAI/pythia-160m
screen_reader,1,3,0.2965,screen,reader,A screen reader is,"['<|endoftext|>', 'A', ' screen', ' reader', ' is']",2,3,EleutherAI/pythia-160m
screen_reader,1,4,0.0005,screen,reader,A screen reader is,"['<|endoftext|>', 'A', ' screen', ' reader', ' is']",2,3,EleutherAI/pythia-160m
screen_reader,1,5,0.248,screen,reader,A screen reader is,"['<|endoftext|>', 'A', ' screen', ' reader', ' is']",2,3,EleutherAI/pythia-160m
screen_reader,1,6,0.0021,screen,reader,A screen reader is,"['<|endoftext|>', 'A', ' screen', ' reader', ' is']",2,3,EleutherAI/pythia-160m
screen_reader,1,7,0.445,screen,reader,A screen reader is,"['<|endoftext|>', 'A', ' screen', ' reader', ' is']",2,3,EleutherAI/pythia-160m
screen_reader,1,8,0.0135,screen,reader,A screen reader is,"['<|endoftext|>', 'A', ' screen', ' reader', ' is']",2,3,EleutherAI/pythia-160m
screen_reader,1,9,0.0357,screen,reader,A screen reader is,"['<|endoftext|>', 'A', ' screen', ' reader', ' is']",2,3,EleutherAI/pythia-160m
screen_reader,1,10,0.0,screen,reader,A screen reader is,"['<|endoftext|>', 'A', ' screen', ' reader', ' is']",2,3,EleutherAI/pythia-160m
screen_reader,1,11,0.1438,screen,reader,A screen reader is,"['<|endoftext|>', 'A', ' screen', ' reader', ' is']",2,3,EleutherAI/pythia-160m
screen_reader,2,0,0.069,screen,reader,A screen reader is,"['<|endoftext|>', 'A', ' screen', ' reader', ' is']",2,3,EleutherAI/pythia-160m
screen_reader,2,1,0.1418,screen,reader,A screen reader is,"['<|endoftext|>', 'A', ' screen', ' reader', ' is']",2,3,EleutherAI/pythia-160m
screen_reader,2,2,0.3505,screen,reader,A screen reader is,"['<|endoftext|>', 'A', ' screen', ' reader', ' is']",2,3,EleutherAI/pythia-160m
screen_reader,2,3,0.446,screen,reader,A screen reader is,"['<|endoftext|>', 'A', ' screen', ' reader', ' is']",2,3,EleutherAI/pythia-160m
screen_reader,2,4,0.1474,screen,reader,A screen reader is,"['<|endoftext|>', 'A', ' screen', ' reader', ' is']",2,3,EleutherAI/pythia-160m
screen_reader,2,5,0.2274,screen,reader,A screen reader is,"['<|endoftext|>', 'A', ' screen', ' reader', ' is']",2,3,EleutherAI/pythia-160m
screen_reader,2,6,0.2693,screen,reader,A screen reader is,"['<|endoftext|>', 'A', ' screen', ' reader', ' is']",2,3,EleutherAI/pythia-160m
screen_reader,2,7,0.1002,screen,reader,A screen reader is,"['<|endoftext|>', 'A', ' screen', ' reader', ' is']",2,3,EleutherAI/pythia-160m
screen_reader,2,8,0.5459,screen,reader,A screen reader is,"['<|endoftext|>', 'A', ' screen', ' reader', ' is']",2,3,EleutherAI/pythia-160m
screen_reader,2,9,0.4644,screen,reader,A screen reader is,"['<|endoftext|>', 'A', ' screen', ' reader', ' is']",2,3,EleutherAI/pythia-160m
screen_reader,2,10,0.0141,screen,reader,A screen reader is,"['<|endoftext|>', 'A', ' screen', ' reader', ' is']",2,3,EleutherAI/pythia-160m
screen_reader,2,11,0.6195,screen,reader,A screen reader is,"['<|endoftext|>', 'A', ' screen', ' reader', ' is']",2,3,EleutherAI/pythia-160m
screen_reader,3,0,0.9243,screen,reader,A screen reader is,"['<|endoftext|>', 'A', ' screen', ' reader', ' is']",2,3,EleutherAI/pythia-160m
screen_reader,3,1,0.0575,screen,reader,A screen reader is,"['<|endoftext|>', 'A', ' screen', ' reader', ' is']",2,3,EleutherAI/pythia-160m
screen_reader,3,2,0.9156,screen,reader,A screen reader is,"['<|endoftext|>', 'A', ' screen', ' reader', ' is']",2,3,EleutherAI/pythia-160m
screen_reader,3,3,0.0161,screen,reader,A screen reader is,"['<|endoftext|>', 'A', ' screen', ' reader', ' is']",2,3,EleutherAI/pythia-160m
screen_reader,3,4,0.2978,screen,reader,A screen reader is,"['<|endoftext|>', 'A', ' screen', ' reader', ' is']",2,3,EleutherAI/pythia-160m
screen_reader,3,5,0.0273,screen,reader,A screen reader is,"['<|endoftext|>', 'A', ' screen', ' reader', ' is']",2,3,EleutherAI/pythia-160m
screen_reader,3,6,0.0961,screen,reader,A screen reader is,"['<|endoftext|>', 'A', ' screen', ' reader', ' is']",2,3,EleutherAI/pythia-160m
screen_reader,3,7,0.2039,screen,reader,A screen reader is,"['<|endoftext|>', 'A', ' screen', ' reader', ' is']",2,3,EleutherAI/pythia-160m
screen_reader,3,8,0.0689,screen,reader,A screen reader is,"['<|endoftext|>', 'A', ' screen', ' reader', ' is']",2,3,EleutherAI/pythia-160m
screen_reader,3,9,0.263,screen,reader,A screen reader is,"['<|endoftext|>', 'A', ' screen', ' reader', ' is']",2,3,EleutherAI/pythia-160m
screen_reader,3,10,0.311,screen,reader,A screen reader is,"['<|endoftext|>', 'A', ' screen', ' reader', ' is']",2,3,EleutherAI/pythia-160m
screen_reader,3,11,0.0782,screen,reader,A screen reader is,"['<|endoftext|>', 'A', ' screen', ' reader', ' is']",2,3,EleutherAI/pythia-160m
screen_reader,4,0,0.054,screen,reader,A screen reader is,"['<|endoftext|>', 'A', ' screen', ' reader', ' is']",2,3,EleutherAI/pythia-160m
screen_reader,4,1,0.015,screen,reader,A screen reader is,"['<|endoftext|>', 'A', ' screen', ' reader', ' is']",2,3,EleutherAI/pythia-160m
screen_reader,4,2,0.1311,screen,reader,A screen reader is,"['<|endoftext|>', 'A', ' screen', ' reader', ' is']",2,3,EleutherAI/pythia-160m
screen_reader,4,3,0.0231,screen,reader,A screen reader is,"['<|endoftext|>', 'A', ' screen', ' reader', ' is']",2,3,EleutherAI/pythia-160m
screen_reader,4,4,0.0892,screen,reader,A screen reader is,"['<|endoftext|>', 'A', ' screen', ' reader', ' is']",2,3,EleutherAI/pythia-160m
screen_reader,4,5,0.0205,screen,reader,A screen reader is,"['<|endoftext|>', 'A', ' screen', ' reader', ' is']",2,3,EleutherAI/pythia-160m
screen_reader,4,6,0.0001,screen,reader,A screen reader is,"['<|endoftext|>', 'A', ' screen', ' reader', ' is']",2,3,EleutherAI/pythia-160m
screen_reader,4,7,0.0276,screen,reader,A screen reader is,"['<|endoftext|>', 'A', ' screen', ' reader', ' is']",2,3,EleutherAI/pythia-160m
screen_reader,4,8,0.0095,screen,reader,A screen reader is,"['<|endoftext|>', 'A', ' screen', ' reader', ' is']",2,3,EleutherAI/pythia-160m
screen_reader,4,9,0.4336,screen,reader,A screen reader is,"['<|endoftext|>', 'A', ' screen', ' reader', ' is']",2,3,EleutherAI/pythia-160m
screen_reader,4,10,0.0,screen,reader,A screen reader is,"['<|endoftext|>', 'A', ' screen', ' reader', ' is']",2,3,EleutherAI/pythia-160m
screen_reader,4,11,0.0043,screen,reader,A screen reader is,"['<|endoftext|>', 'A', ' screen', ' reader', ' is']",2,3,EleutherAI/pythia-160m
screen_reader,5,0,0.0009,screen,reader,A screen reader is,"['<|endoftext|>', 'A', ' screen', ' reader', ' is']",2,3,EleutherAI/pythia-160m
screen_reader,5,1,0.212,screen,reader,A screen reader is,"['<|endoftext|>', 'A', ' screen', ' reader', ' is']",2,3,EleutherAI/pythia-160m
screen_reader,5,2,0.007,screen,reader,A screen reader is,"['<|endoftext|>', 'A', ' screen', ' reader', ' is']",2,3,EleutherAI/pythia-160m
screen_reader,5,3,0.0719,screen,reader,A screen reader is,"['<|endoftext|>', 'A', ' screen', ' reader', ' is']",2,3,EleutherAI/pythia-160m
screen_reader,5,4,0.0174,screen,reader,A screen reader is,"['<|endoftext|>', 'A', ' screen', ' reader', ' is']",2,3,EleutherAI/pythia-160m
screen_reader,5,5,0.0313,screen,reader,A screen reader is,"['<|endoftext|>', 'A', ' screen', ' reader', ' is']",2,3,EleutherAI/pythia-160m
screen_reader,5,6,0.0,screen,reader,A screen reader is,"['<|endoftext|>', 'A', ' screen', ' reader', ' is']",2,3,EleutherAI/pythia-160m
screen_reader,5,7,0.0008,screen,reader,A screen reader is,"['<|endoftext|>', 'A', ' screen', ' reader', ' is']",2,3,EleutherAI/pythia-160m
screen_reader,5,8,0.2141,screen,reader,A screen reader is,"['<|endoftext|>', 'A', ' screen', ' reader', ' is']",2,3,EleutherAI/pythia-160m
screen_reader,5,9,0.0002,screen,reader,A screen reader is,"['<|endoftext|>', 'A', ' screen', ' reader', ' is']",2,3,EleutherAI/pythia-160m
screen_reader,5,10,0.0018,screen,reader,A screen reader is,"['<|endoftext|>', 'A', ' screen', ' reader', ' is']",2,3,EleutherAI/pythia-160m
screen_reader,5,11,0.227,screen,reader,A screen reader is,"['<|endoftext|>', 'A', ' screen', ' reader', ' is']",2,3,EleutherAI/pythia-160m
screen_reader,6,0,0.0282,screen,reader,A screen reader is,"['<|endoftext|>', 'A', ' screen', ' reader', ' is']",2,3,EleutherAI/pythia-160m
screen_reader,6,1,0.0131,screen,reader,A screen reader is,"['<|endoftext|>', 'A', ' screen', ' reader', ' is']",2,3,EleutherAI/pythia-160m
screen_reader,6,2,0.3429,screen,reader,A screen reader is,"['<|endoftext|>', 'A', ' screen', ' reader', ' is']",2,3,EleutherAI/pythia-160m
screen_reader,6,3,0.1175,screen,reader,A screen reader is,"['<|endoftext|>', 'A', ' screen', ' reader', ' is']",2,3,EleutherAI/pythia-160m
screen_reader,6,4,0.1112,screen,reader,A screen reader is,"['<|endoftext|>', 'A', ' screen', ' reader', ' is']",2,3,EleutherAI/pythia-160m
screen_reader,6,5,0.1488,screen,reader,A screen reader is,"['<|endoftext|>', 'A', ' screen', ' reader', ' is']",2,3,EleutherAI/pythia-160m
screen_reader,6,6,0.0053,screen,reader,A screen reader is,"['<|endoftext|>', 'A', ' screen', ' reader', ' is']",2,3,EleutherAI/pythia-160m
screen_reader,6,7,0.0248,screen,reader,A screen reader is,"['<|endoftext|>', 'A', ' screen', ' reader', ' is']",2,3,EleutherAI/pythia-160m
screen_reader,6,8,0.0337,screen,reader,A screen reader is,"['<|endoftext|>', 'A', ' screen', ' reader', ' is']",2,3,EleutherAI/pythia-160m
screen_reader,6,9,0.0023,screen,reader,A screen reader is,"['<|endoftext|>', 'A', ' screen', ' reader', ' is']",2,3,EleutherAI/pythia-160m
screen_reader,6,10,0.0036,screen,reader,A screen reader is,"['<|endoftext|>', 'A', ' screen', ' reader', ' is']",2,3,EleutherAI/pythia-160m
screen_reader,6,11,0.0059,screen,reader,A screen reader is,"['<|endoftext|>', 'A', ' screen', ' reader', ' is']",2,3,EleutherAI/pythia-160m
screen_reader,7,0,0.0324,screen,reader,A screen reader is,"['<|endoftext|>', 'A', ' screen', ' reader', ' is']",2,3,EleutherAI/pythia-160m
screen_reader,7,1,0.0366,screen,reader,A screen reader is,"['<|endoftext|>', 'A', ' screen', ' reader', ' is']",2,3,EleutherAI/pythia-160m
screen_reader,7,2,0.0054,screen,reader,A screen reader is,"['<|endoftext|>', 'A', ' screen', ' reader', ' is']",2,3,EleutherAI/pythia-160m
screen_reader,7,3,0.0107,screen,reader,A screen reader is,"['<|endoftext|>', 'A', ' screen', ' reader', ' is']",2,3,EleutherAI/pythia-160m
screen_reader,7,4,0.0178,screen,reader,A screen reader is,"['<|endoftext|>', 'A', ' screen', ' reader', ' is']",2,3,EleutherAI/pythia-160m
screen_reader,7,5,0.0092,screen,reader,A screen reader is,"['<|endoftext|>', 'A', ' screen', ' reader', ' is']",2,3,EleutherAI/pythia-160m
screen_reader,7,6,0.0003,screen,reader,A screen reader is,"['<|endoftext|>', 'A', ' screen', ' reader', ' is']",2,3,EleutherAI/pythia-160m
screen_reader,7,7,0.6742,screen,reader,A screen reader is,"['<|endoftext|>', 'A', ' screen', ' reader', ' is']",2,3,EleutherAI/pythia-160m
screen_reader,7,8,0.1619,screen,reader,A screen reader is,"['<|endoftext|>', 'A', ' screen', ' reader', ' is']",2,3,EleutherAI/pythia-160m
screen_reader,7,9,0.0003,screen,reader,A screen reader is,"['<|endoftext|>', 'A', ' screen', ' reader', ' is']",2,3,EleutherAI/pythia-160m
screen_reader,7,10,0.0,screen,reader,A screen reader is,"['<|endoftext|>', 'A', ' screen', ' reader', ' is']",2,3,EleutherAI/pythia-160m
screen_reader,7,11,0.0141,screen,reader,A screen reader is,"['<|endoftext|>', 'A', ' screen', ' reader', ' is']",2,3,EleutherAI/pythia-160m
screen_reader,8,0,0.0096,screen,reader,A screen reader is,"['<|endoftext|>', 'A', ' screen', ' reader', ' is']",2,3,EleutherAI/pythia-160m
screen_reader,8,1,0.0,screen,reader,A screen reader is,"['<|endoftext|>', 'A', ' screen', ' reader', ' is']",2,3,EleutherAI/pythia-160m
screen_reader,8,2,0.0,screen,reader,A screen reader is,"['<|endoftext|>', 'A', ' screen', ' reader', ' is']",2,3,EleutherAI/pythia-160m
screen_reader,8,3,0.0,screen,reader,A screen reader is,"['<|endoftext|>', 'A', ' screen', ' reader', ' is']",2,3,EleutherAI/pythia-160m
screen_reader,8,4,0.0,screen,reader,A screen reader is,"['<|endoftext|>', 'A', ' screen', ' reader', ' is']",2,3,EleutherAI/pythia-160m
screen_reader,8,5,0.0093,screen,reader,A screen reader is,"['<|endoftext|>', 'A', ' screen', ' reader', ' is']",2,3,EleutherAI/pythia-160m
screen_reader,8,6,0.0001,screen,reader,A screen reader is,"['<|endoftext|>', 'A', ' screen', ' reader', ' is']",2,3,EleutherAI/pythia-160m
screen_reader,8,7,0.0,screen,reader,A screen reader is,"['<|endoftext|>', 'A', ' screen', ' reader', ' is']",2,3,EleutherAI/pythia-160m
screen_reader,8,8,0.0,screen,reader,A screen reader is,"['<|endoftext|>', 'A', ' screen', ' reader', ' is']",2,3,EleutherAI/pythia-160m
screen_reader,8,9,0.0024,screen,reader,A screen reader is,"['<|endoftext|>', 'A', ' screen', ' reader', ' is']",2,3,EleutherAI/pythia-160m
screen_reader,8,10,0.1575,screen,reader,A screen reader is,"['<|endoftext|>', 'A', ' screen', ' reader', ' is']",2,3,EleutherAI/pythia-160m
screen_reader,8,11,0.0,screen,reader,A screen reader is,"['<|endoftext|>', 'A', ' screen', ' reader', ' is']",2,3,EleutherAI/pythia-160m
screen_reader,9,0,0.0,screen,reader,A screen reader is,"['<|endoftext|>', 'A', ' screen', ' reader', ' is']",2,3,EleutherAI/pythia-160m
screen_reader,9,1,0.0004,screen,reader,A screen reader is,"['<|endoftext|>', 'A', ' screen', ' reader', ' is']",2,3,EleutherAI/pythia-160m
screen_reader,9,2,0.0,screen,reader,A screen reader is,"['<|endoftext|>', 'A', ' screen', ' reader', ' is']",2,3,EleutherAI/pythia-160m
screen_reader,9,3,0.1884,screen,reader,A screen reader is,"['<|endoftext|>', 'A', ' screen', ' reader', ' is']",2,3,EleutherAI/pythia-160m
screen_reader,9,4,0.0,screen,reader,A screen reader is,"['<|endoftext|>', 'A', ' screen', ' reader', ' is']",2,3,EleutherAI/pythia-160m
screen_reader,9,5,0.0042,screen,reader,A screen reader is,"['<|endoftext|>', 'A', ' screen', ' reader', ' is']",2,3,EleutherAI/pythia-160m
screen_reader,9,6,0.0,screen,reader,A screen reader is,"['<|endoftext|>', 'A', ' screen', ' reader', ' is']",2,3,EleutherAI/pythia-160m
screen_reader,9,7,0.0265,screen,reader,A screen reader is,"['<|endoftext|>', 'A', ' screen', ' reader', ' is']",2,3,EleutherAI/pythia-160m
screen_reader,9,8,0.0,screen,reader,A screen reader is,"['<|endoftext|>', 'A', ' screen', ' reader', ' is']",2,3,EleutherAI/pythia-160m
screen_reader,9,9,0.0,screen,reader,A screen reader is,"['<|endoftext|>', 'A', ' screen', ' reader', ' is']",2,3,EleutherAI/pythia-160m
screen_reader,9,10,0.0023,screen,reader,A screen reader is,"['<|endoftext|>', 'A', ' screen', ' reader', ' is']",2,3,EleutherAI/pythia-160m
screen_reader,9,11,0.0007,screen,reader,A screen reader is,"['<|endoftext|>', 'A', ' screen', ' reader', ' is']",2,3,EleutherAI/pythia-160m
screen_reader,10,0,0.0,screen,reader,A screen reader is,"['<|endoftext|>', 'A', ' screen', ' reader', ' is']",2,3,EleutherAI/pythia-160m
screen_reader,10,1,0.0,screen,reader,A screen reader is,"['<|endoftext|>', 'A', ' screen', ' reader', ' is']",2,3,EleutherAI/pythia-160m
screen_reader,10,2,0.0289,screen,reader,A screen reader is,"['<|endoftext|>', 'A', ' screen', ' reader', ' is']",2,3,EleutherAI/pythia-160m
screen_reader,10,3,0.0,screen,reader,A screen reader is,"['<|endoftext|>', 'A', ' screen', ' reader', ' is']",2,3,EleutherAI/pythia-160m
screen_reader,10,4,0.0,screen,reader,A screen reader is,"['<|endoftext|>', 'A', ' screen', ' reader', ' is']",2,3,EleutherAI/pythia-160m
screen_reader,10,5,0.0896,screen,reader,A screen reader is,"['<|endoftext|>', 'A', ' screen', ' reader', ' is']",2,3,EleutherAI/pythia-160m
screen_reader,10,6,0.0,screen,reader,A screen reader is,"['<|endoftext|>', 'A', ' screen', ' reader', ' is']",2,3,EleutherAI/pythia-160m
screen_reader,10,7,0.0,screen,reader,A screen reader is,"['<|endoftext|>', 'A', ' screen', ' reader', ' is']",2,3,EleutherAI/pythia-160m
screen_reader,10,8,0.0,screen,reader,A screen reader is,"['<|endoftext|>', 'A', ' screen', ' reader', ' is']",2,3,EleutherAI/pythia-160m
screen_reader,10,9,0.1126,screen,reader,A screen reader is,"['<|endoftext|>', 'A', ' screen', ' reader', ' is']",2,3,EleutherAI/pythia-160m
screen_reader,10,10,0.0,screen,reader,A screen reader is,"['<|endoftext|>', 'A', ' screen', ' reader', ' is']",2,3,EleutherAI/pythia-160m
screen_reader,10,11,0.0,screen,reader,A screen reader is,"['<|endoftext|>', 'A', ' screen', ' reader', ' is']",2,3,EleutherAI/pythia-160m
screen_reader,11,0,0.4323,screen,reader,A screen reader is,"['<|endoftext|>', 'A', ' screen', ' reader', ' is']",2,3,EleutherAI/pythia-160m
screen_reader,11,1,0.0,screen,reader,A screen reader is,"['<|endoftext|>', 'A', ' screen', ' reader', ' is']",2,3,EleutherAI/pythia-160m
screen_reader,11,2,0.0,screen,reader,A screen reader is,"['<|endoftext|>', 'A', ' screen', ' reader', ' is']",2,3,EleutherAI/pythia-160m
screen_reader,11,3,0.0,screen,reader,A screen reader is,"['<|endoftext|>', 'A', ' screen', ' reader', ' is']",2,3,EleutherAI/pythia-160m
screen_reader,11,4,0.0,screen,reader,A screen reader is,"['<|endoftext|>', 'A', ' screen', ' reader', ' is']",2,3,EleutherAI/pythia-160m
screen_reader,11,5,0.0,screen,reader,A screen reader is,"['<|endoftext|>', 'A', ' screen', ' reader', ' is']",2,3,EleutherAI/pythia-160m
screen_reader,11,6,0.9713,screen,reader,A screen reader is,"['<|endoftext|>', 'A', ' screen', ' reader', ' is']",2,3,EleutherAI/pythia-160m
screen_reader,11,7,0.0,screen,reader,A screen reader is,"['<|endoftext|>', 'A', ' screen', ' reader', ' is']",2,3,EleutherAI/pythia-160m
screen_reader,11,8,1.0,screen,reader,A screen reader is,"['<|endoftext|>', 'A', ' screen', ' reader', ' is']",2,3,EleutherAI/pythia-160m
screen_reader,11,9,0.0,screen,reader,A screen reader is,"['<|endoftext|>', 'A', ' screen', ' reader', ' is']",2,3,EleutherAI/pythia-160m
screen_reader,11,10,0.0,screen,reader,A screen reader is,"['<|endoftext|>', 'A', ' screen', ' reader', ' is']",2,3,EleutherAI/pythia-160m
screen_reader,11,11,0.0,screen,reader,A screen reader is,"['<|endoftext|>', 'A', ' screen', ' reader', ' is']",2,3,EleutherAI/pythia-160m
alt_text,0,0,0.0081,alt,text,The purpose of alt text is,"['<|endoftext|>', 'The', ' purpose', ' of', ' alt', ' text', ' is']",4,5,EleutherAI/pythia-160m
alt_text,0,1,0.0009,alt,text,The purpose of alt text is,"['<|endoftext|>', 'The', ' purpose', ' of', ' alt', ' text', ' is']",4,5,EleutherAI/pythia-160m
alt_text,0,2,0.6059,alt,text,The purpose of alt text is,"['<|endoftext|>', 'The', ' purpose', ' of', ' alt', ' text', ' is']",4,5,EleutherAI/pythia-160m
alt_text,0,3,0.0545,alt,text,The purpose of alt text is,"['<|endoftext|>', 'The', ' purpose', ' of', ' alt', ' text', ' is']",4,5,EleutherAI/pythia-160m
alt_text,0,4,0.291,alt,text,The purpose of alt text is,"['<|endoftext|>', 'The', ' purpose', ' of', ' alt', ' text', ' is']",4,5,EleutherAI/pythia-160m
alt_text,0,5,0.0118,alt,text,The purpose of alt text is,"['<|endoftext|>', 'The', ' purpose', ' of', ' alt', ' text', ' is']",4,5,EleutherAI/pythia-160m
alt_text,0,6,0.0929,alt,text,The purpose of alt text is,"['<|endoftext|>', 'The', ' purpose', ' of', ' alt', ' text', ' is']",4,5,EleutherAI/pythia-160m
alt_text,0,7,0.0005,alt,text,The purpose of alt text is,"['<|endoftext|>', 'The', ' purpose', ' of', ' alt', ' text', ' is']",4,5,EleutherAI/pythia-160m
alt_text,0,8,0.4536,alt,text,The purpose of alt text is,"['<|endoftext|>', 'The', ' purpose', ' of', ' alt', ' text', ' is']",4,5,EleutherAI/pythia-160m
alt_text,0,9,0.1762,alt,text,The purpose of alt text is,"['<|endoftext|>', 'The', ' purpose', ' of', ' alt', ' text', ' is']",4,5,EleutherAI/pythia-160m
alt_text,0,10,0.0721,alt,text,The purpose of alt text is,"['<|endoftext|>', 'The', ' purpose', ' of', ' alt', ' text', ' is']",4,5,EleutherAI/pythia-160m
alt_text,0,11,0.0,alt,text,The purpose of alt text is,"['<|endoftext|>', 'The', ' purpose', ' of', ' alt', ' text', ' is']",4,5,EleutherAI/pythia-160m
alt_text,1,0,0.1216,alt,text,The purpose of alt text is,"['<|endoftext|>', 'The', ' purpose', ' of', ' alt', ' text', ' is']",4,5,EleutherAI/pythia-160m
alt_text,1,1,0.829,alt,text,The purpose of alt text is,"['<|endoftext|>', 'The', ' purpose', ' of', ' alt', ' text', ' is']",4,5,EleutherAI/pythia-160m
alt_text,1,2,0.6471,alt,text,The purpose of alt text is,"['<|endoftext|>', 'The', ' purpose', ' of', ' alt', ' text', ' is']",4,5,EleutherAI/pythia-160m
alt_text,1,3,0.151,alt,text,The purpose of alt text is,"['<|endoftext|>', 'The', ' purpose', ' of', ' alt', ' text', ' is']",4,5,EleutherAI/pythia-160m
alt_text,1,4,0.0103,alt,text,The purpose of alt text is,"['<|endoftext|>', 'The', ' purpose', ' of', ' alt', ' text', ' is']",4,5,EleutherAI/pythia-160m
alt_text,1,5,0.0746,alt,text,The purpose of alt text is,"['<|endoftext|>', 'The', ' purpose', ' of', ' alt', ' text', ' is']",4,5,EleutherAI/pythia-160m
alt_text,1,6,0.0007,alt,text,The purpose of alt text is,"['<|endoftext|>', 'The', ' purpose', ' of', ' alt', ' text', ' is']",4,5,EleutherAI/pythia-160m
alt_text,1,7,0.2972,alt,text,The purpose of alt text is,"['<|endoftext|>', 'The', ' purpose', ' of', ' alt', ' text', ' is']",4,5,EleutherAI/pythia-160m
alt_text,1,8,0.0294,alt,text,The purpose of alt text is,"['<|endoftext|>', 'The', ' purpose', ' of', ' alt', ' text', ' is']",4,5,EleutherAI/pythia-160m
alt_text,1,9,0.0452,alt,text,The purpose of alt text is,"['<|endoftext|>', 'The', ' purpose', ' of', ' alt', ' text', ' is']",4,5,EleutherAI/pythia-160m
alt_text,1,10,0.0,alt,text,The purpose of alt text is,"['<|endoftext|>', 'The', ' purpose', ' of', ' alt', ' text', ' is']",4,5,EleutherAI/pythia-160m
alt_text,1,11,0.0522,alt,text,The purpose of alt text is,"['<|endoftext|>', 'The', ' purpose', ' of', ' alt', ' text', ' is']",4,5,EleutherAI/pythia-160m
alt_text,2,0,0.0501,alt,text,The purpose of alt text is,"['<|endoftext|>', 'The', ' purpose', ' of', ' alt', ' text', ' is']",4,5,EleutherAI/pythia-160m
alt_text,2,1,0.247,alt,text,The purpose of alt text is,"['<|endoftext|>', 'The', ' purpose', ' of', ' alt', ' text', ' is']",4,5,EleutherAI/pythia-160m
alt_text,2,2,0.3161,alt,text,The purpose of alt text is,"['<|endoftext|>', 'The', ' purpose', ' of', ' alt', ' text', ' is']",4,5,EleutherAI/pythia-160m
alt_text,2,3,0.3684,alt,text,The purpose of alt text is,"['<|endoftext|>', 'The', ' purpose', ' of', ' alt', ' text', ' is']",4,5,EleutherAI/pythia-160m
alt_text,2,4,0.0992,alt,text,The purpose of alt text is,"['<|endoftext|>', 'The', ' purpose', ' of', ' alt', ' text', ' is']",4,5,EleutherAI/pythia-160m
alt_text,2,5,0.6497,alt,text,The purpose of alt text is,"['<|endoftext|>', 'The', ' purpose', ' of', ' alt', ' text', ' is']",4,5,EleutherAI/pythia-160m
alt_text,2,6,0.3913,alt,text,The purpose of alt text is,"['<|endoftext|>', 'The', ' purpose', ' of', ' alt', ' text', ' is']",4,5,EleutherAI/pythia-160m
alt_text,2,7,0.0528,alt,text,The purpose of alt text is,"['<|endoftext|>', 'The', ' purpose', ' of', ' alt', ' text', ' is']",4,5,EleutherAI/pythia-160m
alt_text,2,8,0.3837,alt,text,The purpose of alt text is,"['<|endoftext|>', 'The', ' purpose', ' of', ' alt', ' text', ' is']",4,5,EleutherAI/pythia-160m
alt_text,2,9,0.1442,alt,text,The purpose of alt text is,"['<|endoftext|>', 'The', ' purpose', ' of', ' alt', ' text', ' is']",4,5,EleutherAI/pythia-160m
alt_text,2,10,0.0182,alt,text,The purpose of alt text is,"['<|endoftext|>', 'The', ' purpose', ' of', ' alt', ' text', ' is']",4,5,EleutherAI/pythia-160m
alt_text,2,11,0.0179,alt,text,The purpose of alt text is,"['<|endoftext|>', 'The', ' purpose', ' of', ' alt', ' text', ' is']",4,5,EleutherAI/pythia-160m
alt_text,3,0,0.9535,alt,text,The purpose of alt text is,"['<|endoftext|>', 'The', ' purpose', ' of', ' alt', ' text', ' is']",4,5,EleutherAI/pythia-160m
alt_text,3,1,0.1431,alt,text,The purpose of alt text is,"['<|endoftext|>', 'The', ' purpose', ' of', ' alt', ' text', ' is']",4,5,EleutherAI/pythia-160m
alt_text,3,2,0.8991,alt,text,The purpose of alt text is,"['<|endoftext|>', 'The', ' purpose', ' of', ' alt', ' text', ' is']",4,5,EleutherAI/pythia-160m
alt_text,3,3,0.0003,alt,text,The purpose of alt text is,"['<|endoftext|>', 'The', ' purpose', ' of', ' alt', ' text', ' is']",4,5,EleutherAI/pythia-160m
alt_text,3,4,0.335,alt,text,The purpose of alt text is,"['<|endoftext|>', 'The', ' purpose', ' of', ' alt', ' text', ' is']",4,5,EleutherAI/pythia-160m
alt_text,3,5,0.0287,alt,text,The purpose of alt text is,"['<|endoftext|>', 'The', ' purpose', ' of', ' alt', ' text', ' is']",4,5,EleutherAI/pythia-160m
alt_text,3,6,0.0265,alt,text,The purpose of alt text is,"['<|endoftext|>', 'The', ' purpose', ' of', ' alt', ' text', ' is']",4,5,EleutherAI/pythia-160m
alt_text,3,7,0.0286,alt,text,The purpose of alt text is,"['<|endoftext|>', 'The', ' purpose', ' of', ' alt', ' text', ' is']",4,5,EleutherAI/pythia-160m
alt_text,3,8,0.0287,alt,text,The purpose of alt text is,"['<|endoftext|>', 'The', ' purpose', ' of', ' alt', ' text', ' is']",4,5,EleutherAI/pythia-160m
alt_text,3,9,0.5553,alt,text,The purpose of alt text is,"['<|endoftext|>', 'The', ' purpose', ' of', ' alt', ' text', ' is']",4,5,EleutherAI/pythia-160m
alt_text,3,10,0.2696,alt,text,The purpose of alt text is,"['<|endoftext|>', 'The', ' purpose', ' of', ' alt', ' text', ' is']",4,5,EleutherAI/pythia-160m
alt_text,3,11,0.0775,alt,text,The purpose of alt text is,"['<|endoftext|>', 'The', ' purpose', ' of', ' alt', ' text', ' is']",4,5,EleutherAI/pythia-160m
alt_text,4,0,0.0412,alt,text,The purpose of alt text is,"['<|endoftext|>', 'The', ' purpose', ' of', ' alt', ' text', ' is']",4,5,EleutherAI/pythia-160m
alt_text,4,1,0.0134,alt,text,The purpose of alt text is,"['<|endoftext|>', 'The', ' purpose', ' of', ' alt', ' text', ' is']",4,5,EleutherAI/pythia-160m
alt_text,4,2,0.085,alt,text,The purpose of alt text is,"['<|endoftext|>', 'The', ' purpose', ' of', ' alt', ' text', ' is']",4,5,EleutherAI/pythia-160m
alt_text,4,3,0.022,alt,text,The purpose of alt text is,"['<|endoftext|>', 'The', ' purpose', ' of', ' alt', ' text', ' is']",4,5,EleutherAI/pythia-160m
alt_text,4,4,0.0708,alt,text,The purpose of alt text is,"['<|endoftext|>', 'The', ' purpose', ' of', ' alt', ' text', ' is']",4,5,EleutherAI/pythia-160m
alt_text,4,5,0.0438,alt,text,The purpose of alt text is,"['<|endoftext|>', 'The', ' purpose', ' of', ' alt', ' text', ' is']",4,5,EleutherAI/pythia-160m
alt_text,4,6,0.0,alt,text,The purpose of alt text is,"['<|endoftext|>', 'The', ' purpose', ' of', ' alt', ' text', ' is']",4,5,EleutherAI/pythia-160m
alt_text,4,7,0.0421,alt,text,The purpose of alt text is,"['<|endoftext|>', 'The', ' purpose', ' of', ' alt', ' text', ' is']",4,5,EleutherAI/pythia-160m
alt_text,4,8,0.0021,alt,text,The purpose of alt text is,"['<|endoftext|>', 'The', ' purpose', ' of', ' alt', ' text', ' is']",4,5,EleutherAI/pythia-160m
alt_text,4,9,0.1135,alt,text,The purpose of alt text is,"['<|endoftext|>', 'The', ' purpose', ' of', ' alt', ' text', ' is']",4,5,EleutherAI/pythia-160m
alt_text,4,10,0.0,alt,text,The purpose of alt text is,"['<|endoftext|>', 'The', ' purpose', ' of', ' alt', ' text', ' is']",4,5,EleutherAI/pythia-160m
alt_text,4,11,0.0018,alt,text,The purpose of alt text is,"['<|endoftext|>', 'The', ' purpose', ' of', ' alt', ' text', ' is']",4,5,EleutherAI/pythia-160m
alt_text,5,0,0.0002,alt,text,The purpose of alt text is,"['<|endoftext|>', 'The', ' purpose', ' of', ' alt', ' text', ' is']",4,5,EleutherAI/pythia-160m
alt_text,5,1,0.2948,alt,text,The purpose of alt text is,"['<|endoftext|>', 'The', ' purpose', ' of', ' alt', ' text', ' is']",4,5,EleutherAI/pythia-160m
alt_text,5,2,0.0112,alt,text,The purpose of alt text is,"['<|endoftext|>', 'The', ' purpose', ' of', ' alt', ' text', ' is']",4,5,EleutherAI/pythia-160m
alt_text,5,3,0.0385,alt,text,The purpose of alt text is,"['<|endoftext|>', 'The', ' purpose', ' of', ' alt', ' text', ' is']",4,5,EleutherAI/pythia-160m
alt_text,5,4,0.0112,alt,text,The purpose of alt text is,"['<|endoftext|>', 'The', ' purpose', ' of', ' alt', ' text', ' is']",4,5,EleutherAI/pythia-160m
alt_text,5,5,0.0131,alt,text,The purpose of alt text is,"['<|endoftext|>', 'The', ' purpose', ' of', ' alt', ' text', ' is']",4,5,EleutherAI/pythia-160m
alt_text,5,6,0.0,alt,text,The purpose of alt text is,"['<|endoftext|>', 'The', ' purpose', ' of', ' alt', ' text', ' is']",4,5,EleutherAI/pythia-160m
alt_text,5,7,0.0001,alt,text,The purpose of alt text is,"['<|endoftext|>', 'The', ' purpose', ' of', ' alt', ' text', ' is']",4,5,EleutherAI/pythia-160m
alt_text,5,8,0.3677,alt,text,The purpose of alt text is,"['<|endoftext|>', 'The', ' purpose', ' of', ' alt', ' text', ' is']",4,5,EleutherAI/pythia-160m
alt_text,5,9,0.0003,alt,text,The purpose of alt text is,"['<|endoftext|>', 'The', ' purpose', ' of', ' alt', ' text', ' is']",4,5,EleutherAI/pythia-160m
alt_text,5,10,0.0031,alt,text,The purpose of alt text is,"['<|endoftext|>', 'The', ' purpose', ' of', ' alt', ' text', ' is']",4,5,EleutherAI/pythia-160m
alt_text,5,11,0.0962,alt,text,The purpose of alt text is,"['<|endoftext|>', 'The', ' purpose', ' of', ' alt', ' text', ' is']",4,5,EleutherAI/pythia-160m
alt_text,6,0,0.1177,alt,text,The purpose of alt text is,"['<|endoftext|>', 'The', ' purpose', ' of', ' alt', ' text', ' is']",4,5,EleutherAI/pythia-160m
alt_text,6,1,0.0039,alt,text,The purpose of alt text is,"['<|endoftext|>', 'The', ' purpose', ' of', ' alt', ' text', ' is']",4,5,EleutherAI/pythia-160m
alt_text,6,2,0.241,alt,text,The purpose of alt text is,"['<|endoftext|>', 'The', ' purpose', ' of', ' alt', ' text', ' is']",4,5,EleutherAI/pythia-160m
alt_text,6,3,0.0691,alt,text,The purpose of alt text is,"['<|endoftext|>', 'The', ' purpose', ' of', ' alt', ' text', ' is']",4,5,EleutherAI/pythia-160m
alt_text,6,4,0.0218,alt,text,The purpose of alt text is,"['<|endoftext|>', 'The', ' purpose', ' of', ' alt', ' text', ' is']",4,5,EleutherAI/pythia-160m
alt_text,6,5,0.126,alt,text,The purpose of alt text is,"['<|endoftext|>', 'The', ' purpose', ' of', ' alt', ' text', ' is']",4,5,EleutherAI/pythia-160m
alt_text,6,6,0.0048,alt,text,The purpose of alt text is,"['<|endoftext|>', 'The', ' purpose', ' of', ' alt', ' text', ' is']",4,5,EleutherAI/pythia-160m
alt_text,6,7,0.0125,alt,text,The purpose of alt text is,"['<|endoftext|>', 'The', ' purpose', ' of', ' alt', ' text', ' is']",4,5,EleutherAI/pythia-160m
alt_text,6,8,0.0104,alt,text,The purpose of alt text is,"['<|endoftext|>', 'The', ' purpose', ' of', ' alt', ' text', ' is']",4,5,EleutherAI/pythia-160m
alt_text,6,9,0.0013,alt,text,The purpose of alt text is,"['<|endoftext|>', 'The', ' purpose', ' of', ' alt', ' text', ' is']",4,5,EleutherAI/pythia-160m
alt_text,6,10,0.0003,alt,text,The purpose of alt text is,"['<|endoftext|>', 'The', ' purpose', ' of', ' alt', ' text', ' is']",4,5,EleutherAI/pythia-160m
alt_text,6,11,0.0326,alt,text,The purpose of alt text is,"['<|endoftext|>', 'The', ' purpose', ' of', ' alt', ' text', ' is']",4,5,EleutherAI/pythia-160m
alt_text,7,0,0.014,alt,text,The purpose of alt text is,"['<|endoftext|>', 'The', ' purpose', ' of', ' alt', ' text', ' is']",4,5,EleutherAI/pythia-160m
alt_text,7,1,0.0075,alt,text,The purpose of alt text is,"['<|endoftext|>', 'The', ' purpose', ' of', ' alt', ' text', ' is']",4,5,EleutherAI/pythia-160m
alt_text,7,2,0.0008,alt,text,The purpose of alt text is,"['<|endoftext|>', 'The', ' purpose', ' of', ' alt', ' text', ' is']",4,5,EleutherAI/pythia-160m
alt_text,7,3,0.0113,alt,text,The purpose of alt text is,"['<|endoftext|>', 'The', ' purpose', ' of', ' alt', ' text', ' is']",4,5,EleutherAI/pythia-160m
alt_text,7,4,0.0115,alt,text,The purpose of alt text is,"['<|endoftext|>', 'The', ' purpose', ' of', ' alt', ' text', ' is']",4,5,EleutherAI/pythia-160m
alt_text,7,5,0.023,alt,text,The purpose of alt text is,"['<|endoftext|>', 'The', ' purpose', ' of', ' alt', ' text', ' is']",4,5,EleutherAI/pythia-160m
alt_text,7,6,0.0,alt,text,The purpose of alt text is,"['<|endoftext|>', 'The', ' purpose', ' of', ' alt', ' text', ' is']",4,5,EleutherAI/pythia-160m
alt_text,7,7,0.7612,alt,text,The purpose of alt text is,"['<|endoftext|>', 'The', ' purpose', ' of', ' alt', ' text', ' is']",4,5,EleutherAI/pythia-160m
alt_text,7,8,0.0819,alt,text,The purpose of alt text is,"['<|endoftext|>', 'The', ' purpose', ' of', ' alt', ' text', ' is']",4,5,EleutherAI/pythia-160m
alt_text,7,9,0.0,alt,text,The purpose of alt text is,"['<|endoftext|>', 'The', ' purpose', ' of', ' alt', ' text', ' is']",4,5,EleutherAI/pythia-160m
alt_text,7,10,0.0,alt,text,The purpose of alt text is,"['<|endoftext|>', 'The', ' purpose', ' of', ' alt', ' text', ' is']",4,5,EleutherAI/pythia-160m
alt_text,7,11,0.0048,alt,text,The purpose of alt text is,"['<|endoftext|>', 'The', ' purpose', ' of', ' alt', ' text', ' is']",4,5,EleutherAI/pythia-160m
alt_text,8,0,0.0243,alt,text,The purpose of alt text is,"['<|endoftext|>', 'The', ' purpose', ' of', ' alt', ' text', ' is']",4,5,EleutherAI/pythia-160m
alt_text,8,1,0.0,alt,text,The purpose of alt text is,"['<|endoftext|>', 'The', ' purpose', ' of', ' alt', ' text', ' is']",4,5,EleutherAI/pythia-160m
alt_text,8,2,0.0,alt,text,The purpose of alt text is,"['<|endoftext|>', 'The', ' purpose', ' of', ' alt', ' text', ' is']",4,5,EleutherAI/pythia-160m
alt_text,8,3,0.0,alt,text,The purpose of alt text is,"['<|endoftext|>', 'The', ' purpose', ' of', ' alt', ' text', ' is']",4,5,EleutherAI/pythia-160m
alt_text,8,4,0.0,alt,text,The purpose of alt text is,"['<|endoftext|>', 'The', ' purpose', ' of', ' alt', ' text', ' is']",4,5,EleutherAI/pythia-160m
alt_text,8,5,0.0,alt,text,The purpose of alt text is,"['<|endoftext|>', 'The', ' purpose', ' of', ' alt', ' text', ' is']",4,5,EleutherAI/pythia-160m
alt_text,8,6,0.0,alt,text,The purpose of alt text is,"['<|endoftext|>', 'The', ' purpose', ' of', ' alt', ' text', ' is']",4,5,EleutherAI/pythia-160m
alt_text,8,7,0.0,alt,text,The purpose of alt text is,"['<|endoftext|>', 'The', ' purpose', ' of', ' alt', ' text', ' is']",4,5,EleutherAI/pythia-160m
alt_text,8,8,0.0,alt,text,The purpose of alt text is,"['<|endoftext|>', 'The', ' purpose', ' of', ' alt', ' text', ' is']",4,5,EleutherAI/pythia-160m
alt_text,8,9,0.0056,alt,text,The purpose of alt text is,"['<|endoftext|>', 'The', ' purpose', ' of', ' alt', ' text', ' is']",4,5,EleutherAI/pythia-160m
alt_text,8,10,0.0463,alt,text,The purpose of alt text is,"['<|endoftext|>', 'The', ' purpose', ' of', ' alt', ' text', ' is']",4,5,EleutherAI/pythia-160m
alt_text,8,11,0.0,alt,text,The purpose of alt text is,"['<|endoftext|>', 'The', ' purpose', ' of', ' alt', ' text', ' is']",4,5,EleutherAI/pythia-160m
alt_text,9,0,0.008,alt,text,The purpose of alt text is,"['<|endoftext|>', 'The', ' purpose', ' of', ' alt', ' text', ' is']",4,5,EleutherAI/pythia-160m
alt_text,9,1,0.0,alt,text,The purpose of alt text is,"['<|endoftext|>', 'The', ' purpose', ' of', ' alt', ' text', ' is']",4,5,EleutherAI/pythia-160m
alt_text,9,2,0.0,alt,text,The purpose of alt text is,"['<|endoftext|>', 'The', ' purpose', ' of', ' alt', ' text', ' is']",4,5,EleutherAI/pythia-160m
alt_text,9,3,0.0333,alt,text,The purpose of alt text is,"['<|endoftext|>', 'The', ' purpose', ' of', ' alt', ' text', ' is']",4,5,EleutherAI/pythia-160m
alt_text,9,4,0.0,alt,text,The purpose of alt text is,"['<|endoftext|>', 'The', ' purpose', ' of', ' alt', ' text', ' is']",4,5,EleutherAI/pythia-160m
alt_text,9,5,0.0008,alt,text,The purpose of alt text is,"['<|endoftext|>', 'The', ' purpose', ' of', ' alt', ' text', ' is']",4,5,EleutherAI/pythia-160m
alt_text,9,6,0.0,alt,text,The purpose of alt text is,"['<|endoftext|>', 'The', ' purpose', ' of', ' alt', ' text', ' is']",4,5,EleutherAI/pythia-160m
alt_text,9,7,0.0001,alt,text,The purpose of alt text is,"['<|endoftext|>', 'The', ' purpose', ' of', ' alt', ' text', ' is']",4,5,EleutherAI/pythia-160m
alt_text,9,8,0.0,alt,text,The purpose of alt text is,"['<|endoftext|>', 'The', ' purpose', ' of', ' alt', ' text', ' is']",4,5,EleutherAI/pythia-160m
alt_text,9,9,0.0,alt,text,The purpose of alt text is,"['<|endoftext|>', 'The', ' purpose', ' of', ' alt', ' text', ' is']",4,5,EleutherAI/pythia-160m
alt_text,9,10,0.003,alt,text,The purpose of alt text is,"['<|endoftext|>', 'The', ' purpose', ' of', ' alt', ' text', ' is']",4,5,EleutherAI/pythia-160m
alt_text,9,11,0.0002,alt,text,The purpose of alt text is,"['<|endoftext|>', 'The', ' purpose', ' of', ' alt', ' text', ' is']",4,5,EleutherAI/pythia-160m
alt_text,10,0,0.0,alt,text,The purpose of alt text is,"['<|endoftext|>', 'The', ' purpose', ' of', ' alt', ' text', ' is']",4,5,EleutherAI/pythia-160m
alt_text,10,1,0.0,alt,text,The purpose of alt text is,"['<|endoftext|>', 'The', ' purpose', ' of', ' alt', ' text', ' is']",4,5,EleutherAI/pythia-160m
alt_text,10,2,0.0,alt,text,The purpose of alt text is,"['<|endoftext|>', 'The', ' purpose', ' of', ' alt', ' text', ' is']",4,5,EleutherAI/pythia-160m
alt_text,10,3,0.0,alt,text,The purpose of alt text is,"['<|endoftext|>', 'The', ' purpose', ' of', ' alt', ' text', ' is']",4,5,EleutherAI/pythia-160m
alt_text,10,4,0.0,alt,text,The purpose of alt text is,"['<|endoftext|>', 'The', ' purpose', ' of', ' alt', ' text', ' is']",4,5,EleutherAI/pythia-160m
alt_text,10,5,0.012,alt,text,The purpose of alt text is,"['<|endoftext|>', 'The', ' purpose', ' of', ' alt', ' text', ' is']",4,5,EleutherAI/pythia-160m
alt_text,10,6,0.0,alt,text,The purpose of alt text is,"['<|endoftext|>', 'The', ' purpose', ' of', ' alt', ' text', ' is']",4,5,EleutherAI/pythia-160m
alt_text,10,7,0.0,alt,text,The purpose of alt text is,"['<|endoftext|>', 'The', ' purpose', ' of', ' alt', ' text', ' is']",4,5,EleutherAI/pythia-160m
alt_text,10,8,0.0,alt,text,The purpose of alt text is,"['<|endoftext|>', 'The', ' purpose', ' of', ' alt', ' text', ' is']",4,5,EleutherAI/pythia-160m
alt_text,10,9,0.037,alt,text,The purpose of alt text is,"['<|endoftext|>', 'The', ' purpose', ' of', ' alt', ' text', ' is']",4,5,EleutherAI/pythia-160m
alt_text,10,10,0.0,alt,text,The purpose of alt text is,"['<|endoftext|>', 'The', ' purpose', ' of', ' alt', ' text', ' is']",4,5,EleutherAI/pythia-160m
alt_text,10,11,0.0,alt,text,The purpose of alt text is,"['<|endoftext|>', 'The', ' purpose', ' of', ' alt', ' text', ' is']",4,5,EleutherAI/pythia-160m
alt_text,11,0,0.9976,alt,text,The purpose of alt text is,"['<|endoftext|>', 'The', ' purpose', ' of', ' alt', ' text', ' is']",4,5,EleutherAI/pythia-160m
alt_text,11,1,0.0,alt,text,The purpose of alt text is,"['<|endoftext|>', 'The', ' purpose', ' of', ' alt', ' text', ' is']",4,5,EleutherAI/pythia-160m
alt_text,11,2,0.0,alt,text,The purpose of alt text is,"['<|endoftext|>', 'The', ' purpose', ' of', ' alt', ' text', ' is']",4,5,EleutherAI/pythia-160m
alt_text,11,3,0.0,alt,text,The purpose of alt text is,"['<|endoftext|>', 'The', ' purpose', ' of', ' alt', ' text', ' is']",4,5,EleutherAI/pythia-160m
alt_text,11,4,0.0,alt,text,The purpose of alt text is,"['<|endoftext|>', 'The', ' purpose', ' of', ' alt', ' text', ' is']",4,5,EleutherAI/pythia-160m
alt_text,11,5,0.0,alt,text,The purpose of alt text is,"['<|endoftext|>', 'The', ' purpose', ' of', ' alt', ' text', ' is']",4,5,EleutherAI/pythia-160m
alt_text,11,6,0.0,alt,text,The purpose of alt text is,"['<|endoftext|>', 'The', ' purpose', ' of', ' alt', ' text', ' is']",4,5,EleutherAI/pythia-160m
alt_text,11,7,0.0,alt,text,The purpose of alt text is,"['<|endoftext|>', 'The', ' purpose', ' of', ' alt', ' text', ' is']",4,5,EleutherAI/pythia-160m
alt_text,11,8,0.0,alt,text,The purpose of alt text is,"['<|endoftext|>', 'The', ' purpose', ' of', ' alt', ' text', ' is']",4,5,EleutherAI/pythia-160m
alt_text,11,9,0.0,alt,text,The purpose of alt text is,"['<|endoftext|>', 'The', ' purpose', ' of', ' alt', ' text', ' is']",4,5,EleutherAI/pythia-160m
alt_text,11,10,0.0,alt,text,The purpose of alt text is,"['<|endoftext|>', 'The', ' purpose', ' of', ' alt', ' text', ' is']",4,5,EleutherAI/pythia-160m
alt_text,11,11,0.0,alt,text,The purpose of alt text is,"['<|endoftext|>', 'The', ' purpose', ' of', ' alt', ' text', ' is']",4,5,EleutherAI/pythia-160m
skip_link,0,0,0.4488,skip,link,A skip link is,"['<|endoftext|>', 'A', ' skip', ' link', ' is']",2,3,EleutherAI/pythia-160m
skip_link,0,1,0.0003,skip,link,A skip link is,"['<|endoftext|>', 'A', ' skip', ' link', ' is']",2,3,EleutherAI/pythia-160m
skip_link,0,2,0.0808,skip,link,A skip link is,"['<|endoftext|>', 'A', ' skip', ' link', ' is']",2,3,EleutherAI/pythia-160m
skip_link,0,3,0.0444,skip,link,A skip link is,"['<|endoftext|>', 'A', ' skip', ' link', ' is']",2,3,EleutherAI/pythia-160m
skip_link,0,4,0.2418,skip,link,A skip link is,"['<|endoftext|>', 'A', ' skip', ' link', ' is']",2,3,EleutherAI/pythia-160m
skip_link,0,5,0.0158,skip,link,A skip link is,"['<|endoftext|>', 'A', ' skip', ' link', ' is']",2,3,EleutherAI/pythia-160m
skip_link,0,6,0.0565,skip,link,A skip link is,"['<|endoftext|>', 'A', ' skip', ' link', ' is']",2,3,EleutherAI/pythia-160m
skip_link,0,7,0.0,skip,link,A skip link is,"['<|endoftext|>', 'A', ' skip', ' link', ' is']",2,3,EleutherAI/pythia-160m
skip_link,0,8,0.4079,skip,link,A skip link is,"['<|endoftext|>', 'A', ' skip', ' link', ' is']",2,3,EleutherAI/pythia-160m
skip_link,0,9,0.0541,skip,link,A skip link is,"['<|endoftext|>', 'A', ' skip', ' link', ' is']",2,3,EleutherAI/pythia-160m
skip_link,0,10,0.2362,skip,link,A skip link is,"['<|endoftext|>', 'A', ' skip', ' link', ' is']",2,3,EleutherAI/pythia-160m
skip_link,0,11,0.0,skip,link,A skip link is,"['<|endoftext|>', 'A', ' skip', ' link', ' is']",2,3,EleutherAI/pythia-160m
skip_link,1,0,0.0836,skip,link,A skip link is,"['<|endoftext|>', 'A', ' skip', ' link', ' is']",2,3,EleutherAI/pythia-160m
skip_link,1,1,0.0906,skip,link,A skip link is,"['<|endoftext|>', 'A', ' skip', ' link', ' is']",2,3,EleutherAI/pythia-160m
skip_link,1,2,0.541,skip,link,A skip link is,"['<|endoftext|>', 'A', ' skip', ' link', ' is']",2,3,EleutherAI/pythia-160m
skip_link,1,3,0.1502,skip,link,A skip link is,"['<|endoftext|>', 'A', ' skip', ' link', ' is']",2,3,EleutherAI/pythia-160m
skip_link,1,4,0.0074,skip,link,A skip link is,"['<|endoftext|>', 'A', ' skip', ' link', ' is']",2,3,EleutherAI/pythia-160m
skip_link,1,5,0.2935,skip,link,A skip link is,"['<|endoftext|>', 'A', ' skip', ' link', ' is']",2,3,EleutherAI/pythia-160m
skip_link,1,6,0.001,skip,link,A skip link is,"['<|endoftext|>', 'A', ' skip', ' link', ' is']",2,3,EleutherAI/pythia-160m
skip_link,1,7,0.0568,skip,link,A skip link is,"['<|endoftext|>', 'A', ' skip', ' link', ' is']",2,3,EleutherAI/pythia-160m
skip_link,1,8,0.0369,skip,link,A skip link is,"['<|endoftext|>', 'A', ' skip', ' link', ' is']",2,3,EleutherAI/pythia-160m
skip_link,1,9,0.025,skip,link,A skip link is,"['<|endoftext|>', 'A', ' skip', ' link', ' is']",2,3,EleutherAI/pythia-160m
skip_link,1,10,0.0001,skip,link,A skip link is,"['<|endoftext|>', 'A', ' skip', ' link', ' is']",2,3,EleutherAI/pythia-160m
skip_link,1,11,0.2751,skip,link,A skip link is,"['<|endoftext|>', 'A', ' skip', ' link', ' is']",2,3,EleutherAI/pythia-160m
skip_link,2,0,0.0398,skip,link,A skip link is,"['<|endoftext|>', 'A', ' skip', ' link', ' is']",2,3,EleutherAI/pythia-160m
skip_link,2,1,0.3125,skip,link,A skip link is,"['<|endoftext|>', 'A', ' skip', ' link', ' is']",2,3,EleutherAI/pythia-160m
skip_link,2,2,0.1943,skip,link,A skip link is,"['<|endoftext|>', 'A', ' skip', ' link', ' is']",2,3,EleutherAI/pythia-160m
skip_link,2,3,0.2258,skip,link,A skip link is,"['<|endoftext|>', 'A', ' skip', ' link', ' is']",2,3,EleutherAI/pythia-160m
skip_link,2,4,0.17,skip,link,A skip link is,"['<|endoftext|>', 'A', ' skip', ' link', ' is']",2,3,EleutherAI/pythia-160m
skip_link,2,5,0.1787,skip,link,A skip link is,"['<|endoftext|>', 'A', ' skip', ' link', ' is']",2,3,EleutherAI/pythia-160m
skip_link,2,6,0.2637,skip,link,A skip link is,"['<|endoftext|>', 'A', ' skip', ' link', ' is']",2,3,EleutherAI/pythia-160m
skip_link,2,7,0.4942,skip,link,A skip link is,"['<|endoftext|>', 'A', ' skip', ' link', ' is']",2,3,EleutherAI/pythia-160m
skip_link,2,8,0.6916,skip,link,A skip link is,"['<|endoftext|>', 'A', ' skip', ' link', ' is']",2,3,EleutherAI/pythia-160m
skip_link,2,9,0.6269,skip,link,A skip link is,"['<|endoftext|>', 'A', ' skip', ' link', ' is']",2,3,EleutherAI/pythia-160m
skip_link,2,10,0.0378,skip,link,A skip link is,"['<|endoftext|>', 'A', ' skip', ' link', ' is']",2,3,EleutherAI/pythia-160m
skip_link,2,11,0.3018,skip,link,A skip link is,"['<|endoftext|>', 'A', ' skip', ' link', ' is']",2,3,EleutherAI/pythia-160m
skip_link,3,0,0.9205,skip,link,A skip link is,"['<|endoftext|>', 'A', ' skip', ' link', ' is']",2,3,EleutherAI/pythia-160m
skip_link,3,1,0.7163,skip,link,A skip link is,"['<|endoftext|>', 'A', ' skip', ' link', ' is']",2,3,EleutherAI/pythia-160m
skip_link,3,2,0.9789,skip,link,A skip link is,"['<|endoftext|>', 'A', ' skip', ' link', ' is']",2,3,EleutherAI/pythia-160m
skip_link,3,3,0.0361,skip,link,A skip link is,"['<|endoftext|>', 'A', ' skip', ' link', ' is']",2,3,EleutherAI/pythia-160m
skip_link,3,4,0.5435,skip,link,A skip link is,"['<|endoftext|>', 'A', ' skip', ' link', ' is']",2,3,EleutherAI/pythia-160m
skip_link,3,5,0.0469,skip,link,A skip link is,"['<|endoftext|>', 'A', ' skip', ' link', ' is']",2,3,EleutherAI/pythia-160m
skip_link,3,6,0.1823,skip,link,A skip link is,"['<|endoftext|>', 'A', ' skip', ' link', ' is']",2,3,EleutherAI/pythia-160m
skip_link,3,7,0.0847,skip,link,A skip link is,"['<|endoftext|>', 'A', ' skip', ' link', ' is']",2,3,EleutherAI/pythia-160m
skip_link,3,8,0.1949,skip,link,A skip link is,"['<|endoftext|>', 'A', ' skip', ' link', ' is']",2,3,EleutherAI/pythia-160m
skip_link,3,9,0.4896,skip,link,A skip link is,"['<|endoftext|>', 'A', ' skip', ' link', ' is']",2,3,EleutherAI/pythia-160m
skip_link,3,10,0.6415,skip,link,A skip link is,"['<|endoftext|>', 'A', ' skip', ' link', ' is']",2,3,EleutherAI/pythia-160m
skip_link,3,11,0.2632,skip,link,A skip link is,"['<|endoftext|>', 'A', ' skip', ' link', ' is']",2,3,EleutherAI/pythia-160m
skip_link,4,0,0.0556,skip,link,A skip link is,"['<|endoftext|>', 'A', ' skip', ' link', ' is']",2,3,EleutherAI/pythia-160m
skip_link,4,1,0.0153,skip,link,A skip link is,"['<|endoftext|>', 'A', ' skip', ' link', ' is']",2,3,EleutherAI/pythia-160m
skip_link,4,2,0.1808,skip,link,A skip link is,"['<|endoftext|>', 'A', ' skip', ' link', ' is']",2,3,EleutherAI/pythia-160m
skip_link,4,3,0.056,skip,link,A skip link is,"['<|endoftext|>', 'A', ' skip', ' link', ' is']",2,3,EleutherAI/pythia-160m
skip_link,4,4,0.4474,skip,link,A skip link is,"['<|endoftext|>', 'A', ' skip', ' link', ' is']",2,3,EleutherAI/pythia-160m
skip_link,4,5,0.4619,skip,link,A skip link is,"['<|endoftext|>', 'A', ' skip', ' link', ' is']",2,3,EleutherAI/pythia-160m
skip_link,4,6,0.0,skip,link,A skip link is,"['<|endoftext|>', 'A', ' skip', ' link', ' is']",2,3,EleutherAI/pythia-160m
skip_link,4,7,0.0324,skip,link,A skip link is,"['<|endoftext|>', 'A', ' skip', ' link', ' is']",2,3,EleutherAI/pythia-160m
skip_link,4,8,0.0006,skip,link,A skip link is,"['<|endoftext|>', 'A', ' skip', ' link', ' is']",2,3,EleutherAI/pythia-160m
skip_link,4,9,0.2959,skip,link,A skip link is,"['<|endoftext|>', 'A', ' skip', ' link', ' is']",2,3,EleutherAI/pythia-160m
skip_link,4,10,0.0,skip,link,A skip link is,"['<|endoftext|>', 'A', ' skip', ' link', ' is']",2,3,EleutherAI/pythia-160m
skip_link,4,11,0.0014,skip,link,A skip link is,"['<|endoftext|>', 'A', ' skip', ' link', ' is']",2,3,EleutherAI/pythia-160m
skip_link,5,0,0.0,skip,link,A skip link is,"['<|endoftext|>', 'A', ' skip', ' link', ' is']",2,3,EleutherAI/pythia-160m
skip_link,5,1,0.352,skip,link,A skip link is,"['<|endoftext|>', 'A', ' skip', ' link', ' is']",2,3,EleutherAI/pythia-160m
skip_link,5,2,0.0028,skip,link,A skip link is,"['<|endoftext|>', 'A', ' skip', ' link', ' is']",2,3,EleutherAI/pythia-160m
skip_link,5,3,0.0427,skip,link,A skip link is,"['<|endoftext|>', 'A', ' skip', ' link', ' is']",2,3,EleutherAI/pythia-160m
skip_link,5,4,0.0236,skip,link,A skip link is,"['<|endoftext|>', 'A', ' skip', ' link', ' is']",2,3,EleutherAI/pythia-160m
skip_link,5,5,0.0148,skip,link,A skip link is,"['<|endoftext|>', 'A', ' skip', ' link', ' is']",2,3,EleutherAI/pythia-160m
skip_link,5,6,0.0,skip,link,A skip link is,"['<|endoftext|>', 'A', ' skip', ' link', ' is']",2,3,EleutherAI/pythia-160m
skip_link,5,7,0.0001,skip,link,A skip link is,"['<|endoftext|>', 'A', ' skip', ' link', ' is']",2,3,EleutherAI/pythia-160m
skip_link,5,8,0.329,skip,link,A skip link is,"['<|endoftext|>', 'A', ' skip', ' link', ' is']",2,3,EleutherAI/pythia-160m
skip_link,5,9,0.0004,skip,link,A skip link is,"['<|endoftext|>', 'A', ' skip', ' link', ' is']",2,3,EleutherAI/pythia-160m
skip_link,5,10,0.0048,skip,link,A skip link is,"['<|endoftext|>', 'A', ' skip', ' link', ' is']",2,3,EleutherAI/pythia-160m
skip_link,5,11,0.2715,skip,link,A skip link is,"['<|endoftext|>', 'A', ' skip', ' link', ' is']",2,3,EleutherAI/pythia-160m
skip_link,6,0,0.397,skip,link,A skip link is,"['<|endoftext|>', 'A', ' skip', ' link', ' is']",2,3,EleutherAI/pythia-160m
skip_link,6,1,0.0441,skip,link,A skip link is,"['<|endoftext|>', 'A', ' skip', ' link', ' is']",2,3,EleutherAI/pythia-160m
skip_link,6,2,0.3563,skip,link,A skip link is,"['<|endoftext|>', 'A', ' skip', ' link', ' is']",2,3,EleutherAI/pythia-160m
skip_link,6,3,0.1237,skip,link,A skip link is,"['<|endoftext|>', 'A', ' skip', ' link', ' is']",2,3,EleutherAI/pythia-160m
skip_link,6,4,0.0964,skip,link,A skip link is,"['<|endoftext|>', 'A', ' skip', ' link', ' is']",2,3,EleutherAI/pythia-160m
skip_link,6,5,0.1674,skip,link,A skip link is,"['<|endoftext|>', 'A', ' skip', ' link', ' is']",2,3,EleutherAI/pythia-160m
skip_link,6,6,0.0013,skip,link,A skip link is,"['<|endoftext|>', 'A', ' skip', ' link', ' is']",2,3,EleutherAI/pythia-160m
skip_link,6,7,0.0099,skip,link,A skip link is,"['<|endoftext|>', 'A', ' skip', ' link', ' is']",2,3,EleutherAI/pythia-160m
skip_link,6,8,0.0344,skip,link,A skip link is,"['<|endoftext|>', 'A', ' skip', ' link', ' is']",2,3,EleutherAI/pythia-160m
skip_link,6,9,0.0023,skip,link,A skip link is,"['<|endoftext|>', 'A', ' skip', ' link', ' is']",2,3,EleutherAI/pythia-160m
skip_link,6,10,0.0016,skip,link,A skip link is,"['<|endoftext|>', 'A', ' skip', ' link', ' is']",2,3,EleutherAI/pythia-160m
skip_link,6,11,0.0167,skip,link,A skip link is,"['<|endoftext|>', 'A', ' skip', ' link', ' is']",2,3,EleutherAI/pythia-160m
skip_link,7,0,0.1079,skip,link,A skip link is,"['<|endoftext|>', 'A', ' skip', ' link', ' is']",2,3,EleutherAI/pythia-160m
skip_link,7,1,0.5947,skip,link,A skip link is,"['<|endoftext|>', 'A', ' skip', ' link', ' is']",2,3,EleutherAI/pythia-160m
skip_link,7,2,0.0042,skip,link,A skip link is,"['<|endoftext|>', 'A', ' skip', ' link', ' is']",2,3,EleutherAI/pythia-160m
skip_link,7,3,0.012,skip,link,A skip link is,"['<|endoftext|>', 'A', ' skip', ' link', ' is']",2,3,EleutherAI/pythia-160m
skip_link,7,4,0.1144,skip,link,A skip link is,"['<|endoftext|>', 'A', ' skip', ' link', ' is']",2,3,EleutherAI/pythia-160m
skip_link,7,5,0.0122,skip,link,A skip link is,"['<|endoftext|>', 'A', ' skip', ' link', ' is']",2,3,EleutherAI/pythia-160m
skip_link,7,6,0.0,skip,link,A skip link is,"['<|endoftext|>', 'A', ' skip', ' link', ' is']",2,3,EleutherAI/pythia-160m
skip_link,7,7,0.9613,skip,link,A skip link is,"['<|endoftext|>', 'A', ' skip', ' link', ' is']",2,3,EleutherAI/pythia-160m
skip_link,7,8,0.167,skip,link,A skip link is,"['<|endoftext|>', 'A', ' skip', ' link', ' is']",2,3,EleutherAI/pythia-160m
skip_link,7,9,0.0017,skip,link,A skip link is,"['<|endoftext|>', 'A', ' skip', ' link', ' is']",2,3,EleutherAI/pythia-160m
skip_link,7,10,0.0,skip,link,A skip link is,"['<|endoftext|>', 'A', ' skip', ' link', ' is']",2,3,EleutherAI/pythia-160m
skip_link,7,11,0.0063,skip,link,A skip link is,"['<|endoftext|>', 'A', ' skip', ' link', ' is']",2,3,EleutherAI/pythia-160m
skip_link,8,0,0.1472,skip,link,A skip link is,"['<|endoftext|>', 'A', ' skip', ' link', ' is']",2,3,EleutherAI/pythia-160m
skip_link,8,1,0.0,skip,link,A skip link is,"['<|endoftext|>', 'A', ' skip', ' link', ' is']",2,3,EleutherAI/pythia-160m
skip_link,8,2,0.0,skip,link,A skip link is,"['<|endoftext|>', 'A', ' skip', ' link', ' is']",2,3,EleutherAI/pythia-160m
skip_link,8,3,0.0,skip,link,A skip link is,"['<|endoftext|>', 'A', ' skip', ' link', ' is']",2,3,EleutherAI/pythia-160m
skip_link,8,4,0.0001,skip,link,A skip link is,"['<|endoftext|>', 'A', ' skip', ' link', ' is']",2,3,EleutherAI/pythia-160m
skip_link,8,5,0.0001,skip,link,A skip link is,"['<|endoftext|>', 'A', ' skip', ' link', ' is']",2,3,EleutherAI/pythia-160m
skip_link,8,6,0.0002,skip,link,A skip link is,"['<|endoftext|>', 'A', ' skip', ' link', ' is']",2,3,EleutherAI/pythia-160m
skip_link,8,7,0.0002,skip,link,A skip link is,"['<|endoftext|>', 'A', ' skip', ' link', ' is']",2,3,EleutherAI/pythia-160m
skip_link,8,8,0.0,skip,link,A skip link is,"['<|endoftext|>', 'A', ' skip', ' link', ' is']",2,3,EleutherAI/pythia-160m
skip_link,8,9,0.0007,skip,link,A skip link is,"['<|endoftext|>', 'A', ' skip', ' link', ' is']",2,3,EleutherAI/pythia-160m
skip_link,8,10,0.0317,skip,link,A skip link is,"['<|endoftext|>', 'A', ' skip', ' link', ' is']",2,3,EleutherAI/pythia-160m
skip_link,8,11,0.0001,skip,link,A skip link is,"['<|endoftext|>', 'A', ' skip', ' link', ' is']",2,3,EleutherAI/pythia-160m
skip_link,9,0,0.0592,skip,link,A skip link is,"['<|endoftext|>', 'A', ' skip', ' link', ' is']",2,3,EleutherAI/pythia-160m
skip_link,9,1,0.0002,skip,link,A skip link is,"['<|endoftext|>', 'A', ' skip', ' link', ' is']",2,3,EleutherAI/pythia-160m
skip_link,9,2,0.0,skip,link,A skip link is,"['<|endoftext|>', 'A', ' skip', ' link', ' is']",2,3,EleutherAI/pythia-160m
skip_link,9,3,0.0631,skip,link,A skip link is,"['<|endoftext|>', 'A', ' skip', ' link', ' is']",2,3,EleutherAI/pythia-160m
skip_link,9,4,0.0,skip,link,A skip link is,"['<|endoftext|>', 'A', ' skip', ' link', ' is']",2,3,EleutherAI/pythia-160m
skip_link,9,5,0.0,skip,link,A skip link is,"['<|endoftext|>', 'A', ' skip', ' link', ' is']",2,3,EleutherAI/pythia-160m
skip_link,9,6,0.0,skip,link,A skip link is,"['<|endoftext|>', 'A', ' skip', ' link', ' is']",2,3,EleutherAI/pythia-160m
skip_link,9,7,0.0038,skip,link,A skip link is,"['<|endoftext|>', 'A', ' skip', ' link', ' is']",2,3,EleutherAI/pythia-160m
skip_link,9,8,0.0,skip,link,A skip link is,"['<|endoftext|>', 'A', ' skip', ' link', ' is']",2,3,EleutherAI/pythia-160m
skip_link,9,9,0.0,skip,link,A skip link is,"['<|endoftext|>', 'A', ' skip', ' link', ' is']",2,3,EleutherAI/pythia-160m
skip_link,9,10,0.0032,skip,link,A skip link is,"['<|endoftext|>', 'A', ' skip', ' link', ' is']",2,3,EleutherAI/pythia-160m
skip_link,9,11,0.0004,skip,link,A skip link is,"['<|endoftext|>', 'A', ' skip', ' link', ' is']",2,3,EleutherAI/pythia-160m
skip_link,10,0,0.0,skip,link,A skip link is,"['<|endoftext|>', 'A', ' skip', ' link', ' is']",2,3,EleutherAI/pythia-160m
skip_link,10,1,0.0002,skip,link,A skip link is,"['<|endoftext|>', 'A', ' skip', ' link', ' is']",2,3,EleutherAI/pythia-160m
skip_link,10,2,0.0,skip,link,A skip link is,"['<|endoftext|>', 'A', ' skip', ' link', ' is']",2,3,EleutherAI/pythia-160m
skip_link,10,3,0.0,skip,link,A skip link is,"['<|endoftext|>', 'A', ' skip', ' link', ' is']",2,3,EleutherAI/pythia-160m
skip_link,10,4,0.0,skip,link,A skip link is,"['<|endoftext|>', 'A', ' skip', ' link', ' is']",2,3,EleutherAI/pythia-160m
skip_link,10,5,0.0311,skip,link,A skip link is,"['<|endoftext|>', 'A', ' skip', ' link', ' is']",2,3,EleutherAI/pythia-160m
skip_link,10,6,0.0,skip,link,A skip link is,"['<|endoftext|>', 'A', ' skip', ' link', ' is']",2,3,EleutherAI/pythia-160m
skip_link,10,7,0.0,skip,link,A skip link is,"['<|endoftext|>', 'A', ' skip', ' link', ' is']",2,3,EleutherAI/pythia-160m
skip_link,10,8,0.0,skip,link,A skip link is,"['<|endoftext|>', 'A', ' skip', ' link', ' is']",2,3,EleutherAI/pythia-160m
skip_link,10,9,0.2582,skip,link,A skip link is,"['<|endoftext|>', 'A', ' skip', ' link', ' is']",2,3,EleutherAI/pythia-160m
skip_link,10,10,0.0,skip,link,A skip link is,"['<|endoftext|>', 'A', ' skip', ' link', ' is']",2,3,EleutherAI/pythia-160m
skip_link,10,11,0.0,skip,link,A skip link is,"['<|endoftext|>', 'A', ' skip', ' link', ' is']",2,3,EleutherAI/pythia-160m
skip_link,11,0,0.9987,skip,link,A skip link is,"['<|endoftext|>', 'A', ' skip', ' link', ' is']",2,3,EleutherAI/pythia-160m
skip_link,11,1,0.0,skip,link,A skip link is,"['<|endoftext|>', 'A', ' skip', ' link', ' is']",2,3,EleutherAI/pythia-160m
skip_link,11,2,0.0,skip,link,A skip link is,"['<|endoftext|>', 'A', ' skip', ' link', ' is']",2,3,EleutherAI/pythia-160m
skip_link,11,3,0.0,skip,link,A skip link is,"['<|endoftext|>', 'A', ' skip', ' link', ' is']",2,3,EleutherAI/pythia-160m
skip_link,11,4,0.0087,skip,link,A skip link is,"['<|endoftext|>', 'A', ' skip', ' link', ' is']",2,3,EleutherAI/pythia-160m
skip_link,11,5,0.0,skip,link,A skip link is,"['<|endoftext|>', 'A', ' skip', ' link', ' is']",2,3,EleutherAI/pythia-160m
skip_link,11,6,1.0,skip,link,A skip link is,"['<|endoftext|>', 'A', ' skip', ' link', ' is']",2,3,EleutherAI/pythia-160m
skip_link,11,7,0.0,skip,link,A skip link is,"['<|endoftext|>', 'A', ' skip', ' link', ' is']",2,3,EleutherAI/pythia-160m
skip_link,11,8,0.9999,skip,link,A skip link is,"['<|endoftext|>', 'A', ' skip', ' link', ' is']",2,3,EleutherAI/pythia-160m
skip_link,11,9,0.0,skip,link,A skip link is,"['<|endoftext|>', 'A', ' skip', ' link', ' is']",2,3,EleutherAI/pythia-160m
skip_link,11,10,0.0,skip,link,A skip link is,"['<|endoftext|>', 'A', ' skip', ' link', ' is']",2,3,EleutherAI/pythia-160m
skip_link,11,11,0.0042,skip,link,A skip link is,"['<|endoftext|>', 'A', ' skip', ' link', ' is']",2,3,EleutherAI/pythia-160m
color_contrast,0,0,0.083,color,contrast,Color contrast is important because,"['<|endoftext|>', 'Color', ' contrast', ' is', ' important', ' because']",1,2,EleutherAI/pythia-160m
color_contrast,0,1,0.0004,color,contrast,Color contrast is important because,"['<|endoftext|>', 'Color', ' contrast', ' is', ' important', ' because']",1,2,EleutherAI/pythia-160m
color_contrast,0,2,0.163,color,contrast,Color contrast is important because,"['<|endoftext|>', 'Color', ' contrast', ' is', ' important', ' because']",1,2,EleutherAI/pythia-160m
color_contrast,0,3,0.0991,color,contrast,Color contrast is important because,"['<|endoftext|>', 'Color', ' contrast', ' is', ' important', ' because']",1,2,EleutherAI/pythia-160m
color_contrast,0,4,0.255,color,contrast,Color contrast is important because,"['<|endoftext|>', 'Color', ' contrast', ' is', ' important', ' because']",1,2,EleutherAI/pythia-160m
color_contrast,0,5,0.0193,color,contrast,Color contrast is important because,"['<|endoftext|>', 'Color', ' contrast', ' is', ' important', ' because']",1,2,EleutherAI/pythia-160m
color_contrast,0,6,0.0815,color,contrast,Color contrast is important because,"['<|endoftext|>', 'Color', ' contrast', ' is', ' important', ' because']",1,2,EleutherAI/pythia-160m
color_contrast,0,7,0.0021,color,contrast,Color contrast is important because,"['<|endoftext|>', 'Color', ' contrast', ' is', ' important', ' because']",1,2,EleutherAI/pythia-160m
color_contrast,0,8,0.4241,color,contrast,Color contrast is important because,"['<|endoftext|>', 'Color', ' contrast', ' is', ' important', ' because']",1,2,EleutherAI/pythia-160m
color_contrast,0,9,0.2843,color,contrast,Color contrast is important because,"['<|endoftext|>', 'Color', ' contrast', ' is', ' important', ' because']",1,2,EleutherAI/pythia-160m
color_contrast,0,10,0.4915,color,contrast,Color contrast is important because,"['<|endoftext|>', 'Color', ' contrast', ' is', ' important', ' because']",1,2,EleutherAI/pythia-160m
color_contrast,0,11,0.0,color,contrast,Color contrast is important because,"['<|endoftext|>', 'Color', ' contrast', ' is', ' important', ' because']",1,2,EleutherAI/pythia-160m
color_contrast,1,0,0.2015,color,contrast,Color contrast is important because,"['<|endoftext|>', 'Color', ' contrast', ' is', ' important', ' because']",1,2,EleutherAI/pythia-160m
color_contrast,1,1,0.5549,color,contrast,Color contrast is important because,"['<|endoftext|>', 'Color', ' contrast', ' is', ' important', ' because']",1,2,EleutherAI/pythia-160m
color_contrast,1,2,0.5881,color,contrast,Color contrast is important because,"['<|endoftext|>', 'Color', ' contrast', ' is', ' important', ' because']",1,2,EleutherAI/pythia-160m
color_contrast,1,3,0.5936,color,contrast,Color contrast is important because,"['<|endoftext|>', 'Color', ' contrast', ' is', ' important', ' because']",1,2,EleutherAI/pythia-160m
color_contrast,1,4,0.2551,color,contrast,Color contrast is important because,"['<|endoftext|>', 'Color', ' contrast', ' is', ' important', ' because']",1,2,EleutherAI/pythia-160m
color_contrast,1,5,0.1756,color,contrast,Color contrast is important because,"['<|endoftext|>', 'Color', ' contrast', ' is', ' important', ' because']",1,2,EleutherAI/pythia-160m
color_contrast,1,6,0.0179,color,contrast,Color contrast is important because,"['<|endoftext|>', 'Color', ' contrast', ' is', ' important', ' because']",1,2,EleutherAI/pythia-160m
color_contrast,1,7,0.483,color,contrast,Color contrast is important because,"['<|endoftext|>', 'Color', ' contrast', ' is', ' important', ' because']",1,2,EleutherAI/pythia-160m
color_contrast,1,8,0.3771,color,contrast,Color contrast is important because,"['<|endoftext|>', 'Color', ' contrast', ' is', ' important', ' because']",1,2,EleutherAI/pythia-160m
color_contrast,1,9,0.1582,color,contrast,Color contrast is important because,"['<|endoftext|>', 'Color', ' contrast', ' is', ' important', ' because']",1,2,EleutherAI/pythia-160m
color_contrast,1,10,0.0019,color,contrast,Color contrast is important because,"['<|endoftext|>', 'Color', ' contrast', ' is', ' important', ' because']",1,2,EleutherAI/pythia-160m
color_contrast,1,11,0.4555,color,contrast,Color contrast is important because,"['<|endoftext|>', 'Color', ' contrast', ' is', ' important', ' because']",1,2,EleutherAI/pythia-160m
color_contrast,2,0,0.0116,color,contrast,Color contrast is important because,"['<|endoftext|>', 'Color', ' contrast', ' is', ' important', ' because']",1,2,EleutherAI/pythia-160m
color_contrast,2,1,0.1826,color,contrast,Color contrast is important because,"['<|endoftext|>', 'Color', ' contrast', ' is', ' important', ' because']",1,2,EleutherAI/pythia-160m
color_contrast,2,2,0.1287,color,contrast,Color contrast is important because,"['<|endoftext|>', 'Color', ' contrast', ' is', ' important', ' because']",1,2,EleutherAI/pythia-160m
color_contrast,2,3,0.4494,color,contrast,Color contrast is important because,"['<|endoftext|>', 'Color', ' contrast', ' is', ' important', ' because']",1,2,EleutherAI/pythia-160m
color_contrast,2,4,0.2056,color,contrast,Color contrast is important because,"['<|endoftext|>', 'Color', ' contrast', ' is', ' important', ' because']",1,2,EleutherAI/pythia-160m
color_contrast,2,5,0.138,color,contrast,Color contrast is important because,"['<|endoftext|>', 'Color', ' contrast', ' is', ' important', ' because']",1,2,EleutherAI/pythia-160m
color_contrast,2,6,0.3594,color,contrast,Color contrast is important because,"['<|endoftext|>', 'Color', ' contrast', ' is', ' important', ' because']",1,2,EleutherAI/pythia-160m
color_contrast,2,7,0.4144,color,contrast,Color contrast is important because,"['<|endoftext|>', 'Color', ' contrast', ' is', ' important', ' because']",1,2,EleutherAI/pythia-160m
color_contrast,2,8,0.5851,color,contrast,Color contrast is important because,"['<|endoftext|>', 'Color', ' contrast', ' is', ' important', ' because']",1,2,EleutherAI/pythia-160m
color_contrast,2,9,0.268,color,contrast,Color contrast is important because,"['<|endoftext|>', 'Color', ' contrast', ' is', ' important', ' because']",1,2,EleutherAI/pythia-160m
color_contrast,2,10,0.5073,color,contrast,Color contrast is important because,"['<|endoftext|>', 'Color', ' contrast', ' is', ' important', ' because']",1,2,EleutherAI/pythia-160m
color_contrast,2,11,0.074,color,contrast,Color contrast is important because,"['<|endoftext|>', 'Color', ' contrast', ' is', ' important', ' because']",1,2,EleutherAI/pythia-160m
color_contrast,3,0,0.8568,color,contrast,Color contrast is important because,"['<|endoftext|>', 'Color', ' contrast', ' is', ' important', ' because']",1,2,EleutherAI/pythia-160m
color_contrast,3,1,0.5267,color,contrast,Color contrast is important because,"['<|endoftext|>', 'Color', ' contrast', ' is', ' important', ' because']",1,2,EleutherAI/pythia-160m
color_contrast,3,2,0.9686,color,contrast,Color contrast is important because,"['<|endoftext|>', 'Color', ' contrast', ' is', ' important', ' because']",1,2,EleutherAI/pythia-160m
color_contrast,3,3,0.0666,color,contrast,Color contrast is important because,"['<|endoftext|>', 'Color', ' contrast', ' is', ' important', ' because']",1,2,EleutherAI/pythia-160m
color_contrast,3,4,0.5011,color,contrast,Color contrast is important because,"['<|endoftext|>', 'Color', ' contrast', ' is', ' important', ' because']",1,2,EleutherAI/pythia-160m
color_contrast,3,5,0.0116,color,contrast,Color contrast is important because,"['<|endoftext|>', 'Color', ' contrast', ' is', ' important', ' because']",1,2,EleutherAI/pythia-160m
color_contrast,3,6,0.4058,color,contrast,Color contrast is important because,"['<|endoftext|>', 'Color', ' contrast', ' is', ' important', ' because']",1,2,EleutherAI/pythia-160m
color_contrast,3,7,0.3402,color,contrast,Color contrast is important because,"['<|endoftext|>', 'Color', ' contrast', ' is', ' important', ' because']",1,2,EleutherAI/pythia-160m
color_contrast,3,8,0.0797,color,contrast,Color contrast is important because,"['<|endoftext|>', 'Color', ' contrast', ' is', ' important', ' because']",1,2,EleutherAI/pythia-160m
color_contrast,3,9,0.1552,color,contrast,Color contrast is important because,"['<|endoftext|>', 'Color', ' contrast', ' is', ' important', ' because']",1,2,EleutherAI/pythia-160m
color_contrast,3,10,0.1378,color,contrast,Color contrast is important because,"['<|endoftext|>', 'Color', ' contrast', ' is', ' important', ' because']",1,2,EleutherAI/pythia-160m
color_contrast,3,11,0.3019,color,contrast,Color contrast is important because,"['<|endoftext|>', 'Color', ' contrast', ' is', ' important', ' because']",1,2,EleutherAI/pythia-160m
color_contrast,4,0,0.1057,color,contrast,Color contrast is important because,"['<|endoftext|>', 'Color', ' contrast', ' is', ' important', ' because']",1,2,EleutherAI/pythia-160m
color_contrast,4,1,0.0054,color,contrast,Color contrast is important because,"['<|endoftext|>', 'Color', ' contrast', ' is', ' important', ' because']",1,2,EleutherAI/pythia-160m
color_contrast,4,2,0.1928,color,contrast,Color contrast is important because,"['<|endoftext|>', 'Color', ' contrast', ' is', ' important', ' because']",1,2,EleutherAI/pythia-160m
color_contrast,4,3,0.0809,color,contrast,Color contrast is important because,"['<|endoftext|>', 'Color', ' contrast', ' is', ' important', ' because']",1,2,EleutherAI/pythia-160m
color_contrast,4,4,0.2909,color,contrast,Color contrast is important because,"['<|endoftext|>', 'Color', ' contrast', ' is', ' important', ' because']",1,2,EleutherAI/pythia-160m
color_contrast,4,5,0.0647,color,contrast,Color contrast is important because,"['<|endoftext|>', 'Color', ' contrast', ' is', ' important', ' because']",1,2,EleutherAI/pythia-160m
color_contrast,4,6,0.0003,color,contrast,Color contrast is important because,"['<|endoftext|>', 'Color', ' contrast', ' is', ' important', ' because']",1,2,EleutherAI/pythia-160m
color_contrast,4,7,0.0977,color,contrast,Color contrast is important because,"['<|endoftext|>', 'Color', ' contrast', ' is', ' important', ' because']",1,2,EleutherAI/pythia-160m
color_contrast,4,8,0.0197,color,contrast,Color contrast is important because,"['<|endoftext|>', 'Color', ' contrast', ' is', ' important', ' because']",1,2,EleutherAI/pythia-160m
color_contrast,4,9,0.1948,color,contrast,Color contrast is important because,"['<|endoftext|>', 'Color', ' contrast', ' is', ' important', ' because']",1,2,EleutherAI/pythia-160m
color_contrast,4,10,0.0001,color,contrast,Color contrast is important because,"['<|endoftext|>', 'Color', ' contrast', ' is', ' important', ' because']",1,2,EleutherAI/pythia-160m
color_contrast,4,11,0.0036,color,contrast,Color contrast is important because,"['<|endoftext|>', 'Color', ' contrast', ' is', ' important', ' because']",1,2,EleutherAI/pythia-160m
color_contrast,5,0,0.0007,color,contrast,Color contrast is important because,"['<|endoftext|>', 'Color', ' contrast', ' is', ' important', ' because']",1,2,EleutherAI/pythia-160m
color_contrast,5,1,0.3126,color,contrast,Color contrast is important because,"['<|endoftext|>', 'Color', ' contrast', ' is', ' important', ' because']",1,2,EleutherAI/pythia-160m
color_contrast,5,2,0.0322,color,contrast,Color contrast is important because,"['<|endoftext|>', 'Color', ' contrast', ' is', ' important', ' because']",1,2,EleutherAI/pythia-160m
color_contrast,5,3,0.0196,color,contrast,Color contrast is important because,"['<|endoftext|>', 'Color', ' contrast', ' is', ' important', ' because']",1,2,EleutherAI/pythia-160m
color_contrast,5,4,0.0284,color,contrast,Color contrast is important because,"['<|endoftext|>', 'Color', ' contrast', ' is', ' important', ' because']",1,2,EleutherAI/pythia-160m
color_contrast,5,5,0.1072,color,contrast,Color contrast is important because,"['<|endoftext|>', 'Color', ' contrast', ' is', ' important', ' because']",1,2,EleutherAI/pythia-160m
color_contrast,5,6,0.0,color,contrast,Color contrast is important because,"['<|endoftext|>', 'Color', ' contrast', ' is', ' important', ' because']",1,2,EleutherAI/pythia-160m
color_contrast,5,7,0.0012,color,contrast,Color contrast is important because,"['<|endoftext|>', 'Color', ' contrast', ' is', ' important', ' because']",1,2,EleutherAI/pythia-160m
color_contrast,5,8,0.6537,color,contrast,Color contrast is important because,"['<|endoftext|>', 'Color', ' contrast', ' is', ' important', ' because']",1,2,EleutherAI/pythia-160m
color_contrast,5,9,0.001,color,contrast,Color contrast is important because,"['<|endoftext|>', 'Color', ' contrast', ' is', ' important', ' because']",1,2,EleutherAI/pythia-160m
color_contrast,5,10,0.0014,color,contrast,Color contrast is important because,"['<|endoftext|>', 'Color', ' contrast', ' is', ' important', ' because']",1,2,EleutherAI/pythia-160m
color_contrast,5,11,0.5031,color,contrast,Color contrast is important because,"['<|endoftext|>', 'Color', ' contrast', ' is', ' important', ' because']",1,2,EleutherAI/pythia-160m
color_contrast,6,0,0.0338,color,contrast,Color contrast is important because,"['<|endoftext|>', 'Color', ' contrast', ' is', ' important', ' because']",1,2,EleutherAI/pythia-160m
color_contrast,6,1,0.0672,color,contrast,Color contrast is important because,"['<|endoftext|>', 'Color', ' contrast', ' is', ' important', ' because']",1,2,EleutherAI/pythia-160m
color_contrast,6,2,0.0021,color,contrast,Color contrast is important because,"['<|endoftext|>', 'Color', ' contrast', ' is', ' important', ' because']",1,2,EleutherAI/pythia-160m
color_contrast,6,3,0.1272,color,contrast,Color contrast is important because,"['<|endoftext|>', 'Color', ' contrast', ' is', ' important', ' because']",1,2,EleutherAI/pythia-160m
color_contrast,6,4,0.0378,color,contrast,Color contrast is important because,"['<|endoftext|>', 'Color', ' contrast', ' is', ' important', ' because']",1,2,EleutherAI/pythia-160m
color_contrast,6,5,0.2305,color,contrast,Color contrast is important because,"['<|endoftext|>', 'Color', ' contrast', ' is', ' important', ' because']",1,2,EleutherAI/pythia-160m
color_contrast,6,6,0.0215,color,contrast,Color contrast is important because,"['<|endoftext|>', 'Color', ' contrast', ' is', ' important', ' because']",1,2,EleutherAI/pythia-160m
color_contrast,6,7,0.0921,color,contrast,Color contrast is important because,"['<|endoftext|>', 'Color', ' contrast', ' is', ' important', ' because']",1,2,EleutherAI/pythia-160m
color_contrast,6,8,0.0765,color,contrast,Color contrast is important because,"['<|endoftext|>', 'Color', ' contrast', ' is', ' important', ' because']",1,2,EleutherAI/pythia-160m
color_contrast,6,9,0.001,color,contrast,Color contrast is important because,"['<|endoftext|>', 'Color', ' contrast', ' is', ' important', ' because']",1,2,EleutherAI/pythia-160m
color_contrast,6,10,0.0021,color,contrast,Color contrast is important because,"['<|endoftext|>', 'Color', ' contrast', ' is', ' important', ' because']",1,2,EleutherAI/pythia-160m
color_contrast,6,11,0.0194,color,contrast,Color contrast is important because,"['<|endoftext|>', 'Color', ' contrast', ' is', ' important', ' because']",1,2,EleutherAI/pythia-160m
color_contrast,7,0,0.2265,color,contrast,Color contrast is important because,"['<|endoftext|>', 'Color', ' contrast', ' is', ' important', ' because']",1,2,EleutherAI/pythia-160m
color_contrast,7,1,0.0101,color,contrast,Color contrast is important because,"['<|endoftext|>', 'Color', ' contrast', ' is', ' important', ' because']",1,2,EleutherAI/pythia-160m
color_contrast,7,2,0.0957,color,contrast,Color contrast is important because,"['<|endoftext|>', 'Color', ' contrast', ' is', ' important', ' because']",1,2,EleutherAI/pythia-160m
color_contrast,7,3,0.1261,color,contrast,Color contrast is important because,"['<|endoftext|>', 'Color', ' contrast', ' is', ' important', ' because']",1,2,EleutherAI/pythia-160m
color_contrast,7,4,0.0307,color,contrast,Color contrast is important because,"['<|endoftext|>', 'Color', ' contrast', ' is', ' important', ' because']",1,2,EleutherAI/pythia-160m
color_contrast,7,5,0.0234,color,contrast,Color contrast is important because,"['<|endoftext|>', 'Color', ' contrast', ' is', ' important', ' because']",1,2,EleutherAI/pythia-160m
color_contrast,7,6,0.0329,color,contrast,Color contrast is important because,"['<|endoftext|>', 'Color', ' contrast', ' is', ' important', ' because']",1,2,EleutherAI/pythia-160m
color_contrast,7,7,0.8422,color,contrast,Color contrast is important because,"['<|endoftext|>', 'Color', ' contrast', ' is', ' important', ' because']",1,2,EleutherAI/pythia-160m
color_contrast,7,8,0.0793,color,contrast,Color contrast is important because,"['<|endoftext|>', 'Color', ' contrast', ' is', ' important', ' because']",1,2,EleutherAI/pythia-160m
color_contrast,7,9,0.0001,color,contrast,Color contrast is important because,"['<|endoftext|>', 'Color', ' contrast', ' is', ' important', ' because']",1,2,EleutherAI/pythia-160m
color_contrast,7,10,0.0,color,contrast,Color contrast is important because,"['<|endoftext|>', 'Color', ' contrast', ' is', ' important', ' because']",1,2,EleutherAI/pythia-160m
color_contrast,7,11,0.0504,color,contrast,Color contrast is important because,"['<|endoftext|>', 'Color', ' contrast', ' is', ' important', ' because']",1,2,EleutherAI/pythia-160m
color_contrast,8,0,0.2276,color,contrast,Color contrast is important because,"['<|endoftext|>', 'Color', ' contrast', ' is', ' important', ' because']",1,2,EleutherAI/pythia-160m
color_contrast,8,1,0.0013,color,contrast,Color contrast is important because,"['<|endoftext|>', 'Color', ' contrast', ' is', ' important', ' because']",1,2,EleutherAI/pythia-160m
color_contrast,8,2,0.0,color,contrast,Color contrast is important because,"['<|endoftext|>', 'Color', ' contrast', ' is', ' important', ' because']",1,2,EleutherAI/pythia-160m
color_contrast,8,3,0.0001,color,contrast,Color contrast is important because,"['<|endoftext|>', 'Color', ' contrast', ' is', ' important', ' because']",1,2,EleutherAI/pythia-160m
color_contrast,8,4,0.5706,color,contrast,Color contrast is important because,"['<|endoftext|>', 'Color', ' contrast', ' is', ' important', ' because']",1,2,EleutherAI/pythia-160m
color_contrast,8,5,0.0,color,contrast,Color contrast is important because,"['<|endoftext|>', 'Color', ' contrast', ' is', ' important', ' because']",1,2,EleutherAI/pythia-160m
color_contrast,8,6,0.0001,color,contrast,Color contrast is important because,"['<|endoftext|>', 'Color', ' contrast', ' is', ' important', ' because']",1,2,EleutherAI/pythia-160m
color_contrast,8,7,0.0267,color,contrast,Color contrast is important because,"['<|endoftext|>', 'Color', ' contrast', ' is', ' important', ' because']",1,2,EleutherAI/pythia-160m
color_contrast,8,8,0.0,color,contrast,Color contrast is important because,"['<|endoftext|>', 'Color', ' contrast', ' is', ' important', ' because']",1,2,EleutherAI/pythia-160m
color_contrast,8,9,0.0274,color,contrast,Color contrast is important because,"['<|endoftext|>', 'Color', ' contrast', ' is', ' important', ' because']",1,2,EleutherAI/pythia-160m
color_contrast,8,10,0.0948,color,contrast,Color contrast is important because,"['<|endoftext|>', 'Color', ' contrast', ' is', ' important', ' because']",1,2,EleutherAI/pythia-160m
color_contrast,8,11,0.0002,color,contrast,Color contrast is important because,"['<|endoftext|>', 'Color', ' contrast', ' is', ' important', ' because']",1,2,EleutherAI/pythia-160m
color_contrast,9,0,0.0015,color,contrast,Color contrast is important because,"['<|endoftext|>', 'Color', ' contrast', ' is', ' important', ' because']",1,2,EleutherAI/pythia-160m
color_contrast,9,1,0.1278,color,contrast,Color contrast is important because,"['<|endoftext|>', 'Color', ' contrast', ' is', ' important', ' because']",1,2,EleutherAI/pythia-160m
color_contrast,9,2,0.0,color,contrast,Color contrast is important because,"['<|endoftext|>', 'Color', ' contrast', ' is', ' important', ' because']",1,2,EleutherAI/pythia-160m
color_contrast,9,3,0.2078,color,contrast,Color contrast is important because,"['<|endoftext|>', 'Color', ' contrast', ' is', ' important', ' because']",1,2,EleutherAI/pythia-160m
color_contrast,9,4,0.0,color,contrast,Color contrast is important because,"['<|endoftext|>', 'Color', ' contrast', ' is', ' important', ' because']",1,2,EleutherAI/pythia-160m
color_contrast,9,5,0.0106,color,contrast,Color contrast is important because,"['<|endoftext|>', 'Color', ' contrast', ' is', ' important', ' because']",1,2,EleutherAI/pythia-160m
color_contrast,9,6,0.0,color,contrast,Color contrast is important because,"['<|endoftext|>', 'Color', ' contrast', ' is', ' important', ' because']",1,2,EleutherAI/pythia-160m
color_contrast,9,7,0.0155,color,contrast,Color contrast is important because,"['<|endoftext|>', 'Color', ' contrast', ' is', ' important', ' because']",1,2,EleutherAI/pythia-160m
color_contrast,9,8,0.0,color,contrast,Color contrast is important because,"['<|endoftext|>', 'Color', ' contrast', ' is', ' important', ' because']",1,2,EleutherAI/pythia-160m
color_contrast,9,9,0.0,color,contrast,Color contrast is important because,"['<|endoftext|>', 'Color', ' contrast', ' is', ' important', ' because']",1,2,EleutherAI/pythia-160m
color_contrast,9,10,0.0089,color,contrast,Color contrast is important because,"['<|endoftext|>', 'Color', ' contrast', ' is', ' important', ' because']",1,2,EleutherAI/pythia-160m
color_contrast,9,11,0.1114,color,contrast,Color contrast is important because,"['<|endoftext|>', 'Color', ' contrast', ' is', ' important', ' because']",1,2,EleutherAI/pythia-160m
color_contrast,10,0,0.0,color,contrast,Color contrast is important because,"['<|endoftext|>', 'Color', ' contrast', ' is', ' important', ' because']",1,2,EleutherAI/pythia-160m
color_contrast,10,1,0.0,color,contrast,Color contrast is important because,"['<|endoftext|>', 'Color', ' contrast', ' is', ' important', ' because']",1,2,EleutherAI/pythia-160m
color_contrast,10,2,0.9844,color,contrast,Color contrast is important because,"['<|endoftext|>', 'Color', ' contrast', ' is', ' important', ' because']",1,2,EleutherAI/pythia-160m
color_contrast,10,3,0.0,color,contrast,Color contrast is important because,"['<|endoftext|>', 'Color', ' contrast', ' is', ' important', ' because']",1,2,EleutherAI/pythia-160m
color_contrast,10,4,0.0,color,contrast,Color contrast is important because,"['<|endoftext|>', 'Color', ' contrast', ' is', ' important', ' because']",1,2,EleutherAI/pythia-160m
color_contrast,10,5,0.901,color,contrast,Color contrast is important because,"['<|endoftext|>', 'Color', ' contrast', ' is', ' important', ' because']",1,2,EleutherAI/pythia-160m
color_contrast,10,6,0.0,color,contrast,Color contrast is important because,"['<|endoftext|>', 'Color', ' contrast', ' is', ' important', ' because']",1,2,EleutherAI/pythia-160m
color_contrast,10,7,0.0,color,contrast,Color contrast is important because,"['<|endoftext|>', 'Color', ' contrast', ' is', ' important', ' because']",1,2,EleutherAI/pythia-160m
color_contrast,10,8,0.0,color,contrast,Color contrast is important because,"['<|endoftext|>', 'Color', ' contrast', ' is', ' important', ' because']",1,2,EleutherAI/pythia-160m
color_contrast,10,9,0.0036,color,contrast,Color contrast is important because,"['<|endoftext|>', 'Color', ' contrast', ' is', ' important', ' because']",1,2,EleutherAI/pythia-160m
color_contrast,10,10,0.0,color,contrast,Color contrast is important because,"['<|endoftext|>', 'Color', ' contrast', ' is', ' important', ' because']",1,2,EleutherAI/pythia-160m
color_contrast,10,11,0.0,color,contrast,Color contrast is important because,"['<|endoftext|>', 'Color', ' contrast', ' is', ' important', ' because']",1,2,EleutherAI/pythia-160m
color_contrast,11,0,0.9713,color,contrast,Color contrast is important because,"['<|endoftext|>', 'Color', ' contrast', ' is', ' important', ' because']",1,2,EleutherAI/pythia-160m
color_contrast,11,1,0.0,color,contrast,Color contrast is important because,"['<|endoftext|>', 'Color', ' contrast', ' is', ' important', ' because']",1,2,EleutherAI/pythia-160m
color_contrast,11,2,0.8918,color,contrast,Color contrast is important because,"['<|endoftext|>', 'Color', ' contrast', ' is', ' important', ' because']",1,2,EleutherAI/pythia-160m
color_contrast,11,3,0.0,color,contrast,Color contrast is important because,"['<|endoftext|>', 'Color', ' contrast', ' is', ' important', ' because']",1,2,EleutherAI/pythia-160m
color_contrast,11,4,0.0,color,contrast,Color contrast is important because,"['<|endoftext|>', 'Color', ' contrast', ' is', ' important', ' because']",1,2,EleutherAI/pythia-160m
color_contrast,11,5,0.0,color,contrast,Color contrast is important because,"['<|endoftext|>', 'Color', ' contrast', ' is', ' important', ' because']",1,2,EleutherAI/pythia-160m
color_contrast,11,6,0.9998,color,contrast,Color contrast is important because,"['<|endoftext|>', 'Color', ' contrast', ' is', ' important', ' because']",1,2,EleutherAI/pythia-160m
color_contrast,11,7,0.0,color,contrast,Color contrast is important because,"['<|endoftext|>', 'Color', ' contrast', ' is', ' important', ' because']",1,2,EleutherAI/pythia-160m
color_contrast,11,8,0.0,color,contrast,Color contrast is important because,"['<|endoftext|>', 'Color', ' contrast', ' is', ' important', ' because']",1,2,EleutherAI/pythia-160m
color_contrast,11,9,0.0,color,contrast,Color contrast is important because,"['<|endoftext|>', 'Color', ' contrast', ' is', ' important', ' because']",1,2,EleutherAI/pythia-160m
color_contrast,11,10,0.0,color,contrast,Color contrast is important because,"['<|endoftext|>', 'Color', ' contrast', ' is', ' important', ' because']",1,2,EleutherAI/pythia-160m
color_contrast,11,11,0.0001,color,contrast,Color contrast is important because,"['<|endoftext|>', 'Color', ' contrast', ' is', ' important', ' because']",1,2,EleutherAI/pythia-160m
keyboard_navigation,0,0,0.0371,keyboard,navigation,Keyboard navigation allows,"['<|endoftext|>', 'Key', 'board', ' navigation', ' allows']",2,3,EleutherAI/pythia-160m
keyboard_navigation,0,1,0.0002,keyboard,navigation,Keyboard navigation allows,"['<|endoftext|>', 'Key', 'board', ' navigation', ' allows']",2,3,EleutherAI/pythia-160m
keyboard_navigation,0,2,0.0842,keyboard,navigation,Keyboard navigation allows,"['<|endoftext|>', 'Key', 'board', ' navigation', ' allows']",2,3,EleutherAI/pythia-160m
keyboard_navigation,0,3,0.0633,keyboard,navigation,Keyboard navigation allows,"['<|endoftext|>', 'Key', 'board', ' navigation', ' allows']",2,3,EleutherAI/pythia-160m
keyboard_navigation,0,4,0.2587,keyboard,navigation,Keyboard navigation allows,"['<|endoftext|>', 'Key', 'board', ' navigation', ' allows']",2,3,EleutherAI/pythia-160m
keyboard_navigation,0,5,0.0143,keyboard,navigation,Keyboard navigation allows,"['<|endoftext|>', 'Key', 'board', ' navigation', ' allows']",2,3,EleutherAI/pythia-160m
keyboard_navigation,0,6,0.111,keyboard,navigation,Keyboard navigation allows,"['<|endoftext|>', 'Key', 'board', ' navigation', ' allows']",2,3,EleutherAI/pythia-160m
keyboard_navigation,0,7,0.0017,keyboard,navigation,Keyboard navigation allows,"['<|endoftext|>', 'Key', 'board', ' navigation', ' allows']",2,3,EleutherAI/pythia-160m
keyboard_navigation,0,8,0.4288,keyboard,navigation,Keyboard navigation allows,"['<|endoftext|>', 'Key', 'board', ' navigation', ' allows']",2,3,EleutherAI/pythia-160m
keyboard_navigation,0,9,0.0038,keyboard,navigation,Keyboard navigation allows,"['<|endoftext|>', 'Key', 'board', ' navigation', ' allows']",2,3,EleutherAI/pythia-160m
keyboard_navigation,0,10,0.0956,keyboard,navigation,Keyboard navigation allows,"['<|endoftext|>', 'Key', 'board', ' navigation', ' allows']",2,3,EleutherAI/pythia-160m
keyboard_navigation,0,11,0.0,keyboard,navigation,Keyboard navigation allows,"['<|endoftext|>', 'Key', 'board', ' navigation', ' allows']",2,3,EleutherAI/pythia-160m
keyboard_navigation,1,0,0.1191,keyboard,navigation,Keyboard navigation allows,"['<|endoftext|>', 'Key', 'board', ' navigation', ' allows']",2,3,EleutherAI/pythia-160m
keyboard_navigation,1,1,0.2135,keyboard,navigation,Keyboard navigation allows,"['<|endoftext|>', 'Key', 'board', ' navigation', ' allows']",2,3,EleutherAI/pythia-160m
keyboard_navigation,1,2,0.2948,keyboard,navigation,Keyboard navigation allows,"['<|endoftext|>', 'Key', 'board', ' navigation', ' allows']",2,3,EleutherAI/pythia-160m
keyboard_navigation,1,3,0.3403,keyboard,navigation,Keyboard navigation allows,"['<|endoftext|>', 'Key', 'board', ' navigation', ' allows']",2,3,EleutherAI/pythia-160m
keyboard_navigation,1,4,0.015,keyboard,navigation,Keyboard navigation allows,"['<|endoftext|>', 'Key', 'board', ' navigation', ' allows']",2,3,EleutherAI/pythia-160m
keyboard_navigation,1,5,0.1383,keyboard,navigation,Keyboard navigation allows,"['<|endoftext|>', 'Key', 'board', ' navigation', ' allows']",2,3,EleutherAI/pythia-160m
keyboard_navigation,1,6,0.0017,keyboard,navigation,Keyboard navigation allows,"['<|endoftext|>', 'Key', 'board', ' navigation', ' allows']",2,3,EleutherAI/pythia-160m
keyboard_navigation,1,7,0.0721,keyboard,navigation,Keyboard navigation allows,"['<|endoftext|>', 'Key', 'board', ' navigation', ' allows']",2,3,EleutherAI/pythia-160m
keyboard_navigation,1,8,0.0489,keyboard,navigation,Keyboard navigation allows,"['<|endoftext|>', 'Key', 'board', ' navigation', ' allows']",2,3,EleutherAI/pythia-160m
keyboard_navigation,1,9,0.0214,keyboard,navigation,Keyboard navigation allows,"['<|endoftext|>', 'Key', 'board', ' navigation', ' allows']",2,3,EleutherAI/pythia-160m
keyboard_navigation,1,10,0.0001,keyboard,navigation,Keyboard navigation allows,"['<|endoftext|>', 'Key', 'board', ' navigation', ' allows']",2,3,EleutherAI/pythia-160m
keyboard_navigation,1,11,0.0774,keyboard,navigation,Keyboard navigation allows,"['<|endoftext|>', 'Key', 'board', ' navigation', ' allows']",2,3,EleutherAI/pythia-160m
keyboard_navigation,2,0,0.0327,keyboard,navigation,Keyboard navigation allows,"['<|endoftext|>', 'Key', 'board', ' navigation', ' allows']",2,3,EleutherAI/pythia-160m
keyboard_navigation,2,1,0.0733,keyboard,navigation,Keyboard navigation allows,"['<|endoftext|>', 'Key', 'board', ' navigation', ' allows']",2,3,EleutherAI/pythia-160m
keyboard_navigation,2,2,0.012,keyboard,navigation,Keyboard navigation allows,"['<|endoftext|>', 'Key', 'board', ' navigation', ' allows']",2,3,EleutherAI/pythia-160m
keyboard_navigation,2,3,0.2305,keyboard,navigation,Keyboard navigation allows,"['<|endoftext|>', 'Key', 'board', ' navigation', ' allows']",2,3,EleutherAI/pythia-160m
keyboard_navigation,2,4,0.0751,keyboard,navigation,Keyboard navigation allows,"['<|endoftext|>', 'Key', 'board', ' navigation', ' allows']",2,3,EleutherAI/pythia-160m
keyboard_navigation,2,5,0.196,keyboard,navigation,Keyboard navigation allows,"['<|endoftext|>', 'Key', 'board', ' navigation', ' allows']",2,3,EleutherAI/pythia-160m
keyboard_navigation,2,6,0.0971,keyboard,navigation,Keyboard navigation allows,"['<|endoftext|>', 'Key', 'board', ' navigation', ' allows']",2,3,EleutherAI/pythia-160m
keyboard_navigation,2,7,0.355,keyboard,navigation,Keyboard navigation allows,"['<|endoftext|>', 'Key', 'board', ' navigation', ' allows']",2,3,EleutherAI/pythia-160m
keyboard_navigation,2,8,0.3769,keyboard,navigation,Keyboard navigation allows,"['<|endoftext|>', 'Key', 'board', ' navigation', ' allows']",2,3,EleutherAI/pythia-160m
keyboard_navigation,2,9,0.0942,keyboard,navigation,Keyboard navigation allows,"['<|endoftext|>', 'Key', 'board', ' navigation', ' allows']",2,3,EleutherAI/pythia-160m
keyboard_navigation,2,10,0.3031,keyboard,navigation,Keyboard navigation allows,"['<|endoftext|>', 'Key', 'board', ' navigation', ' allows']",2,3,EleutherAI/pythia-160m
keyboard_navigation,2,11,0.0172,keyboard,navigation,Keyboard navigation allows,"['<|endoftext|>', 'Key', 'board', ' navigation', ' allows']",2,3,EleutherAI/pythia-160m
keyboard_navigation,3,0,0.7597,keyboard,navigation,Keyboard navigation allows,"['<|endoftext|>', 'Key', 'board', ' navigation', ' allows']",2,3,EleutherAI/pythia-160m
keyboard_navigation,3,1,0.1182,keyboard,navigation,Keyboard navigation allows,"['<|endoftext|>', 'Key', 'board', ' navigation', ' allows']",2,3,EleutherAI/pythia-160m
keyboard_navigation,3,2,0.9071,keyboard,navigation,Keyboard navigation allows,"['<|endoftext|>', 'Key', 'board', ' navigation', ' allows']",2,3,EleutherAI/pythia-160m
keyboard_navigation,3,3,0.0002,keyboard,navigation,Keyboard navigation allows,"['<|endoftext|>', 'Key', 'board', ' navigation', ' allows']",2,3,EleutherAI/pythia-160m
keyboard_navigation,3,4,0.219,keyboard,navigation,Keyboard navigation allows,"['<|endoftext|>', 'Key', 'board', ' navigation', ' allows']",2,3,EleutherAI/pythia-160m
keyboard_navigation,3,5,0.0127,keyboard,navigation,Keyboard navigation allows,"['<|endoftext|>', 'Key', 'board', ' navigation', ' allows']",2,3,EleutherAI/pythia-160m
keyboard_navigation,3,6,0.0364,keyboard,navigation,Keyboard navigation allows,"['<|endoftext|>', 'Key', 'board', ' navigation', ' allows']",2,3,EleutherAI/pythia-160m
keyboard_navigation,3,7,0.0759,keyboard,navigation,Keyboard navigation allows,"['<|endoftext|>', 'Key', 'board', ' navigation', ' allows']",2,3,EleutherAI/pythia-160m
keyboard_navigation,3,8,0.0376,keyboard,navigation,Keyboard navigation allows,"['<|endoftext|>', 'Key', 'board', ' navigation', ' allows']",2,3,EleutherAI/pythia-160m
keyboard_navigation,3,9,0.1985,keyboard,navigation,Keyboard navigation allows,"['<|endoftext|>', 'Key', 'board', ' navigation', ' allows']",2,3,EleutherAI/pythia-160m
keyboard_navigation,3,10,0.2866,keyboard,navigation,Keyboard navigation allows,"['<|endoftext|>', 'Key', 'board', ' navigation', ' allows']",2,3,EleutherAI/pythia-160m
keyboard_navigation,3,11,0.0367,keyboard,navigation,Keyboard navigation allows,"['<|endoftext|>', 'Key', 'board', ' navigation', ' allows']",2,3,EleutherAI/pythia-160m
keyboard_navigation,4,0,0.019,keyboard,navigation,Keyboard navigation allows,"['<|endoftext|>', 'Key', 'board', ' navigation', ' allows']",2,3,EleutherAI/pythia-160m
keyboard_navigation,4,1,0.0243,keyboard,navigation,Keyboard navigation allows,"['<|endoftext|>', 'Key', 'board', ' navigation', ' allows']",2,3,EleutherAI/pythia-160m
keyboard_navigation,4,2,0.1144,keyboard,navigation,Keyboard navigation allows,"['<|endoftext|>', 'Key', 'board', ' navigation', ' allows']",2,3,EleutherAI/pythia-160m
keyboard_navigation,4,3,0.0362,keyboard,navigation,Keyboard navigation allows,"['<|endoftext|>', 'Key', 'board', ' navigation', ' allows']",2,3,EleutherAI/pythia-160m
keyboard_navigation,4,4,0.0961,keyboard,navigation,Keyboard navigation allows,"['<|endoftext|>', 'Key', 'board', ' navigation', ' allows']",2,3,EleutherAI/pythia-160m
keyboard_navigation,4,5,0.0074,keyboard,navigation,Keyboard navigation allows,"['<|endoftext|>', 'Key', 'board', ' navigation', ' allows']",2,3,EleutherAI/pythia-160m
keyboard_navigation,4,6,0.0,keyboard,navigation,Keyboard navigation allows,"['<|endoftext|>', 'Key', 'board', ' navigation', ' allows']",2,3,EleutherAI/pythia-160m
keyboard_navigation,4,7,0.0274,keyboard,navigation,Keyboard navigation allows,"['<|endoftext|>', 'Key', 'board', ' navigation', ' allows']",2,3,EleutherAI/pythia-160m
keyboard_navigation,4,8,0.003,keyboard,navigation,Keyboard navigation allows,"['<|endoftext|>', 'Key', 'board', ' navigation', ' allows']",2,3,EleutherAI/pythia-160m
keyboard_navigation,4,9,0.3485,keyboard,navigation,Keyboard navigation allows,"['<|endoftext|>', 'Key', 'board', ' navigation', ' allows']",2,3,EleutherAI/pythia-160m
keyboard_navigation,4,10,0.0,keyboard,navigation,Keyboard navigation allows,"['<|endoftext|>', 'Key', 'board', ' navigation', ' allows']",2,3,EleutherAI/pythia-160m
keyboard_navigation,4,11,0.0048,keyboard,navigation,Keyboard navigation allows,"['<|endoftext|>', 'Key', 'board', ' navigation', ' allows']",2,3,EleutherAI/pythia-160m
keyboard_navigation,5,0,0.0019,keyboard,navigation,Keyboard navigation allows,"['<|endoftext|>', 'Key', 'board', ' navigation', ' allows']",2,3,EleutherAI/pythia-160m
keyboard_navigation,5,1,0.1448,keyboard,navigation,Keyboard navigation allows,"['<|endoftext|>', 'Key', 'board', ' navigation', ' allows']",2,3,EleutherAI/pythia-160m
keyboard_navigation,5,2,0.001,keyboard,navigation,Keyboard navigation allows,"['<|endoftext|>', 'Key', 'board', ' navigation', ' allows']",2,3,EleutherAI/pythia-160m
keyboard_navigation,5,3,0.0368,keyboard,navigation,Keyboard navigation allows,"['<|endoftext|>', 'Key', 'board', ' navigation', ' allows']",2,3,EleutherAI/pythia-160m
keyboard_navigation,5,4,0.0232,keyboard,navigation,Keyboard navigation allows,"['<|endoftext|>', 'Key', 'board', ' navigation', ' allows']",2,3,EleutherAI/pythia-160m
keyboard_navigation,5,5,0.0778,keyboard,navigation,Keyboard navigation allows,"['<|endoftext|>', 'Key', 'board', ' navigation', ' allows']",2,3,EleutherAI/pythia-160m
keyboard_navigation,5,6,0.0,keyboard,navigation,Keyboard navigation allows,"['<|endoftext|>', 'Key', 'board', ' navigation', ' allows']",2,3,EleutherAI/pythia-160m
keyboard_navigation,5,7,0.0008,keyboard,navigation,Keyboard navigation allows,"['<|endoftext|>', 'Key', 'board', ' navigation', ' allows']",2,3,EleutherAI/pythia-160m
keyboard_navigation,5,8,0.2222,keyboard,navigation,Keyboard navigation allows,"['<|endoftext|>', 'Key', 'board', ' navigation', ' allows']",2,3,EleutherAI/pythia-160m
keyboard_navigation,5,9,0.0009,keyboard,navigation,Keyboard navigation allows,"['<|endoftext|>', 'Key', 'board', ' navigation', ' allows']",2,3,EleutherAI/pythia-160m
keyboard_navigation,5,10,0.001,keyboard,navigation,Keyboard navigation allows,"['<|endoftext|>', 'Key', 'board', ' navigation', ' allows']",2,3,EleutherAI/pythia-160m
keyboard_navigation,5,11,0.3644,keyboard,navigation,Keyboard navigation allows,"['<|endoftext|>', 'Key', 'board', ' navigation', ' allows']",2,3,EleutherAI/pythia-160m
keyboard_navigation,6,0,0.0115,keyboard,navigation,Keyboard navigation allows,"['<|endoftext|>', 'Key', 'board', ' navigation', ' allows']",2,3,EleutherAI/pythia-160m
keyboard_navigation,6,1,0.022,keyboard,navigation,Keyboard navigation allows,"['<|endoftext|>', 'Key', 'board', ' navigation', ' allows']",2,3,EleutherAI/pythia-160m
keyboard_navigation,6,2,0.0077,keyboard,navigation,Keyboard navigation allows,"['<|endoftext|>', 'Key', 'board', ' navigation', ' allows']",2,3,EleutherAI/pythia-160m
keyboard_navigation,6,3,0.1365,keyboard,navigation,Keyboard navigation allows,"['<|endoftext|>', 'Key', 'board', ' navigation', ' allows']",2,3,EleutherAI/pythia-160m
keyboard_navigation,6,4,0.0389,keyboard,navigation,Keyboard navigation allows,"['<|endoftext|>', 'Key', 'board', ' navigation', ' allows']",2,3,EleutherAI/pythia-160m
keyboard_navigation,6,5,0.1895,keyboard,navigation,Keyboard navigation allows,"['<|endoftext|>', 'Key', 'board', ' navigation', ' allows']",2,3,EleutherAI/pythia-160m
keyboard_navigation,6,6,0.0058,keyboard,navigation,Keyboard navigation allows,"['<|endoftext|>', 'Key', 'board', ' navigation', ' allows']",2,3,EleutherAI/pythia-160m
keyboard_navigation,6,7,0.0396,keyboard,navigation,Keyboard navigation allows,"['<|endoftext|>', 'Key', 'board', ' navigation', ' allows']",2,3,EleutherAI/pythia-160m
keyboard_navigation,6,8,0.0067,keyboard,navigation,Keyboard navigation allows,"['<|endoftext|>', 'Key', 'board', ' navigation', ' allows']",2,3,EleutherAI/pythia-160m
keyboard_navigation,6,9,0.0003,keyboard,navigation,Keyboard navigation allows,"['<|endoftext|>', 'Key', 'board', ' navigation', ' allows']",2,3,EleutherAI/pythia-160m
keyboard_navigation,6,10,0.0018,keyboard,navigation,Keyboard navigation allows,"['<|endoftext|>', 'Key', 'board', ' navigation', ' allows']",2,3,EleutherAI/pythia-160m
keyboard_navigation,6,11,0.0196,keyboard,navigation,Keyboard navigation allows,"['<|endoftext|>', 'Key', 'board', ' navigation', ' allows']",2,3,EleutherAI/pythia-160m
keyboard_navigation,7,0,0.0461,keyboard,navigation,Keyboard navigation allows,"['<|endoftext|>', 'Key', 'board', ' navigation', ' allows']",2,3,EleutherAI/pythia-160m
keyboard_navigation,7,1,0.0121,keyboard,navigation,Keyboard navigation allows,"['<|endoftext|>', 'Key', 'board', ' navigation', ' allows']",2,3,EleutherAI/pythia-160m
keyboard_navigation,7,2,0.1255,keyboard,navigation,Keyboard navigation allows,"['<|endoftext|>', 'Key', 'board', ' navigation', ' allows']",2,3,EleutherAI/pythia-160m
keyboard_navigation,7,3,0.0317,keyboard,navigation,Keyboard navigation allows,"['<|endoftext|>', 'Key', 'board', ' navigation', ' allows']",2,3,EleutherAI/pythia-160m
keyboard_navigation,7,4,0.0581,keyboard,navigation,Keyboard navigation allows,"['<|endoftext|>', 'Key', 'board', ' navigation', ' allows']",2,3,EleutherAI/pythia-160m
keyboard_navigation,7,5,0.0266,keyboard,navigation,Keyboard navigation allows,"['<|endoftext|>', 'Key', 'board', ' navigation', ' allows']",2,3,EleutherAI/pythia-160m
keyboard_navigation,7,6,0.0002,keyboard,navigation,Keyboard navigation allows,"['<|endoftext|>', 'Key', 'board', ' navigation', ' allows']",2,3,EleutherAI/pythia-160m
keyboard_navigation,7,7,0.7434,keyboard,navigation,Keyboard navigation allows,"['<|endoftext|>', 'Key', 'board', ' navigation', ' allows']",2,3,EleutherAI/pythia-160m
keyboard_navigation,7,8,0.1509,keyboard,navigation,Keyboard navigation allows,"['<|endoftext|>', 'Key', 'board', ' navigation', ' allows']",2,3,EleutherAI/pythia-160m
keyboard_navigation,7,9,0.0018,keyboard,navigation,Keyboard navigation allows,"['<|endoftext|>', 'Key', 'board', ' navigation', ' allows']",2,3,EleutherAI/pythia-160m
keyboard_navigation,7,10,0.0,keyboard,navigation,Keyboard navigation allows,"['<|endoftext|>', 'Key', 'board', ' navigation', ' allows']",2,3,EleutherAI/pythia-160m
keyboard_navigation,7,11,0.0172,keyboard,navigation,Keyboard navigation allows,"['<|endoftext|>', 'Key', 'board', ' navigation', ' allows']",2,3,EleutherAI/pythia-160m
keyboard_navigation,8,0,0.0972,keyboard,navigation,Keyboard navigation allows,"['<|endoftext|>', 'Key', 'board', ' navigation', ' allows']",2,3,EleutherAI/pythia-160m
keyboard_navigation,8,1,0.0703,keyboard,navigation,Keyboard navigation allows,"['<|endoftext|>', 'Key', 'board', ' navigation', ' allows']",2,3,EleutherAI/pythia-160m
keyboard_navigation,8,2,0.0,keyboard,navigation,Keyboard navigation allows,"['<|endoftext|>', 'Key', 'board', ' navigation', ' allows']",2,3,EleutherAI/pythia-160m
keyboard_navigation,8,3,0.0,keyboard,navigation,Keyboard navigation allows,"['<|endoftext|>', 'Key', 'board', ' navigation', ' allows']",2,3,EleutherAI/pythia-160m
keyboard_navigation,8,4,0.0,keyboard,navigation,Keyboard navigation allows,"['<|endoftext|>', 'Key', 'board', ' navigation', ' allows']",2,3,EleutherAI/pythia-160m
keyboard_navigation,8,5,0.0,keyboard,navigation,Keyboard navigation allows,"['<|endoftext|>', 'Key', 'board', ' navigation', ' allows']",2,3,EleutherAI/pythia-160m
keyboard_navigation,8,6,0.0001,keyboard,navigation,Keyboard navigation allows,"['<|endoftext|>', 'Key', 'board', ' navigation', ' allows']",2,3,EleutherAI/pythia-160m
keyboard_navigation,8,7,0.0,keyboard,navigation,Keyboard navigation allows,"['<|endoftext|>', 'Key', 'board', ' navigation', ' allows']",2,3,EleutherAI/pythia-160m
keyboard_navigation,8,8,0.0,keyboard,navigation,Keyboard navigation allows,"['<|endoftext|>', 'Key', 'board', ' navigation', ' allows']",2,3,EleutherAI/pythia-160m
keyboard_navigation,8,9,0.0107,keyboard,navigation,Keyboard navigation allows,"['<|endoftext|>', 'Key', 'board', ' navigation', ' allows']",2,3,EleutherAI/pythia-160m
keyboard_navigation,8,10,0.0361,keyboard,navigation,Keyboard navigation allows,"['<|endoftext|>', 'Key', 'board', ' navigation', ' allows']",2,3,EleutherAI/pythia-160m
keyboard_navigation,8,11,0.0001,keyboard,navigation,Keyboard navigation allows,"['<|endoftext|>', 'Key', 'board', ' navigation', ' allows']",2,3,EleutherAI/pythia-160m
keyboard_navigation,9,0,0.0,keyboard,navigation,Keyboard navigation allows,"['<|endoftext|>', 'Key', 'board', ' navigation', ' allows']",2,3,EleutherAI/pythia-160m
keyboard_navigation,9,1,0.0001,keyboard,navigation,Keyboard navigation allows,"['<|endoftext|>', 'Key', 'board', ' navigation', ' allows']",2,3,EleutherAI/pythia-160m
keyboard_navigation,9,2,0.0,keyboard,navigation,Keyboard navigation allows,"['<|endoftext|>', 'Key', 'board', ' navigation', ' allows']",2,3,EleutherAI/pythia-160m
keyboard_navigation,9,3,0.0123,keyboard,navigation,Keyboard navigation allows,"['<|endoftext|>', 'Key', 'board', ' navigation', ' allows']",2,3,EleutherAI/pythia-160m
keyboard_navigation,9,4,0.0,keyboard,navigation,Keyboard navigation allows,"['<|endoftext|>', 'Key', 'board', ' navigation', ' allows']",2,3,EleutherAI/pythia-160m
keyboard_navigation,9,5,0.1304,keyboard,navigation,Keyboard navigation allows,"['<|endoftext|>', 'Key', 'board', ' navigation', ' allows']",2,3,EleutherAI/pythia-160m
keyboard_navigation,9,6,0.0,keyboard,navigation,Keyboard navigation allows,"['<|endoftext|>', 'Key', 'board', ' navigation', ' allows']",2,3,EleutherAI/pythia-160m
keyboard_navigation,9,7,0.0183,keyboard,navigation,Keyboard navigation allows,"['<|endoftext|>', 'Key', 'board', ' navigation', ' allows']",2,3,EleutherAI/pythia-160m
keyboard_navigation,9,8,0.0,keyboard,navigation,Keyboard navigation allows,"['<|endoftext|>', 'Key', 'board', ' navigation', ' allows']",2,3,EleutherAI/pythia-160m
keyboard_navigation,9,9,0.0,keyboard,navigation,Keyboard navigation allows,"['<|endoftext|>', 'Key', 'board', ' navigation', ' allows']",2,3,EleutherAI/pythia-160m
keyboard_navigation,9,10,0.0143,keyboard,navigation,Keyboard navigation allows,"['<|endoftext|>', 'Key', 'board', ' navigation', ' allows']",2,3,EleutherAI/pythia-160m
keyboard_navigation,9,11,0.0003,keyboard,navigation,Keyboard navigation allows,"['<|endoftext|>', 'Key', 'board', ' navigation', ' allows']",2,3,EleutherAI/pythia-160m
keyboard_navigation,10,0,0.0,keyboard,navigation,Keyboard navigation allows,"['<|endoftext|>', 'Key', 'board', ' navigation', ' allows']",2,3,EleutherAI/pythia-160m
keyboard_navigation,10,1,0.0,keyboard,navigation,Keyboard navigation allows,"['<|endoftext|>', 'Key', 'board', ' navigation', ' allows']",2,3,EleutherAI/pythia-160m
keyboard_navigation,10,2,0.0182,keyboard,navigation,Keyboard navigation allows,"['<|endoftext|>', 'Key', 'board', ' navigation', ' allows']",2,3,EleutherAI/pythia-160m
keyboard_navigation,10,3,0.0,keyboard,navigation,Keyboard navigation allows,"['<|endoftext|>', 'Key', 'board', ' navigation', ' allows']",2,3,EleutherAI/pythia-160m
keyboard_navigation,10,4,0.0,keyboard,navigation,Keyboard navigation allows,"['<|endoftext|>', 'Key', 'board', ' navigation', ' allows']",2,3,EleutherAI/pythia-160m
keyboard_navigation,10,5,0.1319,keyboard,navigation,Keyboard navigation allows,"['<|endoftext|>', 'Key', 'board', ' navigation', ' allows']",2,3,EleutherAI/pythia-160m
keyboard_navigation,10,6,0.0,keyboard,navigation,Keyboard navigation allows,"['<|endoftext|>', 'Key', 'board', ' navigation', ' allows']",2,3,EleutherAI/pythia-160m
keyboard_navigation,10,7,0.0,keyboard,navigation,Keyboard navigation allows,"['<|endoftext|>', 'Key', 'board', ' navigation', ' allows']",2,3,EleutherAI/pythia-160m
keyboard_navigation,10,8,0.0,keyboard,navigation,Keyboard navigation allows,"['<|endoftext|>', 'Key', 'board', ' navigation', ' allows']",2,3,EleutherAI/pythia-160m
keyboard_navigation,10,9,0.0635,keyboard,navigation,Keyboard navigation allows,"['<|endoftext|>', 'Key', 'board', ' navigation', ' allows']",2,3,EleutherAI/pythia-160m
keyboard_navigation,10,10,0.0,keyboard,navigation,Keyboard navigation allows,"['<|endoftext|>', 'Key', 'board', ' navigation', ' allows']",2,3,EleutherAI/pythia-160m
keyboard_navigation,10,11,0.0,keyboard,navigation,Keyboard navigation allows,"['<|endoftext|>', 'Key', 'board', ' navigation', ' allows']",2,3,EleutherAI/pythia-160m
keyboard_navigation,11,0,0.9838,keyboard,navigation,Keyboard navigation allows,"['<|endoftext|>', 'Key', 'board', ' navigation', ' allows']",2,3,EleutherAI/pythia-160m
keyboard_navigation,11,1,0.0,keyboard,navigation,Keyboard navigation allows,"['<|endoftext|>', 'Key', 'board', ' navigation', ' allows']",2,3,EleutherAI/pythia-160m
keyboard_navigation,11,2,0.0,keyboard,navigation,Keyboard navigation allows,"['<|endoftext|>', 'Key', 'board', ' navigation', ' allows']",2,3,EleutherAI/pythia-160m
keyboard_navigation,11,3,0.0,keyboard,navigation,Keyboard navigation allows,"['<|endoftext|>', 'Key', 'board', ' navigation', ' allows']",2,3,EleutherAI/pythia-160m
keyboard_navigation,11,4,0.0372,keyboard,navigation,Keyboard navigation allows,"['<|endoftext|>', 'Key', 'board', ' navigation', ' allows']",2,3,EleutherAI/pythia-160m
keyboard_navigation,11,5,0.0,keyboard,navigation,Keyboard navigation allows,"['<|endoftext|>', 'Key', 'board', ' navigation', ' allows']",2,3,EleutherAI/pythia-160m
keyboard_navigation,11,6,1.0,keyboard,navigation,Keyboard navigation allows,"['<|endoftext|>', 'Key', 'board', ' navigation', ' allows']",2,3,EleutherAI/pythia-160m
keyboard_navigation,11,7,0.0,keyboard,navigation,Keyboard navigation allows,"['<|endoftext|>', 'Key', 'board', ' navigation', ' allows']",2,3,EleutherAI/pythia-160m
keyboard_navigation,11,8,0.9996,keyboard,navigation,Keyboard navigation allows,"['<|endoftext|>', 'Key', 'board', ' navigation', ' allows']",2,3,EleutherAI/pythia-160m
keyboard_navigation,11,9,0.0,keyboard,navigation,Keyboard navigation allows,"['<|endoftext|>', 'Key', 'board', ' navigation', ' allows']",2,3,EleutherAI/pythia-160m
keyboard_navigation,11,10,0.0,keyboard,navigation,Keyboard navigation allows,"['<|endoftext|>', 'Key', 'board', ' navigation', ' allows']",2,3,EleutherAI/pythia-160m
keyboard_navigation,11,11,0.0206,keyboard,navigation,Keyboard navigation allows,"['<|endoftext|>', 'Key', 'board', ' navigation', ' allows']",2,3,EleutherAI/pythia-160m
closed_captions,0,0,0.1247,closed,captions,Closed captions display,"['<|endoftext|>', 'Closed', ' capt', 'ions', ' display']",1,3,EleutherAI/pythia-160m
closed_captions,0,1,0.0167,closed,captions,Closed captions display,"['<|endoftext|>', 'Closed', ' capt', 'ions', ' display']",1,3,EleutherAI/pythia-160m
closed_captions,0,2,0.0366,closed,captions,Closed captions display,"['<|endoftext|>', 'Closed', ' capt', 'ions', ' display']",1,3,EleutherAI/pythia-160m
closed_captions,0,3,0.0061,closed,captions,Closed captions display,"['<|endoftext|>', 'Closed', ' capt', 'ions', ' display']",1,3,EleutherAI/pythia-160m
closed_captions,0,4,0.3546,closed,captions,Closed captions display,"['<|endoftext|>', 'Closed', ' capt', 'ions', ' display']",1,3,EleutherAI/pythia-160m
closed_captions,0,5,0.0151,closed,captions,Closed captions display,"['<|endoftext|>', 'Closed', ' capt', 'ions', ' display']",1,3,EleutherAI/pythia-160m
closed_captions,0,6,0.0972,closed,captions,Closed captions display,"['<|endoftext|>', 'Closed', ' capt', 'ions', ' display']",1,3,EleutherAI/pythia-160m
closed_captions,0,7,0.0011,closed,captions,Closed captions display,"['<|endoftext|>', 'Closed', ' capt', 'ions', ' display']",1,3,EleutherAI/pythia-160m
closed_captions,0,8,0.0032,closed,captions,Closed captions display,"['<|endoftext|>', 'Closed', ' capt', 'ions', ' display']",1,3,EleutherAI/pythia-160m
closed_captions,0,9,0.0053,closed,captions,Closed captions display,"['<|endoftext|>', 'Closed', ' capt', 'ions', ' display']",1,3,EleutherAI/pythia-160m
closed_captions,0,10,0.2277,closed,captions,Closed captions display,"['<|endoftext|>', 'Closed', ' capt', 'ions', ' display']",1,3,EleutherAI/pythia-160m
closed_captions,0,11,0.0023,closed,captions,Closed captions display,"['<|endoftext|>', 'Closed', ' capt', 'ions', ' display']",1,3,EleutherAI/pythia-160m
closed_captions,1,0,0.0132,closed,captions,Closed captions display,"['<|endoftext|>', 'Closed', ' capt', 'ions', ' display']",1,3,EleutherAI/pythia-160m
closed_captions,1,1,0.0515,closed,captions,Closed captions display,"['<|endoftext|>', 'Closed', ' capt', 'ions', ' display']",1,3,EleutherAI/pythia-160m
closed_captions,1,2,0.354,closed,captions,Closed captions display,"['<|endoftext|>', 'Closed', ' capt', 'ions', ' display']",1,3,EleutherAI/pythia-160m
closed_captions,1,3,0.0113,closed,captions,Closed captions display,"['<|endoftext|>', 'Closed', ' capt', 'ions', ' display']",1,3,EleutherAI/pythia-160m
closed_captions,1,4,0.3259,closed,captions,Closed captions display,"['<|endoftext|>', 'Closed', ' capt', 'ions', ' display']",1,3,EleutherAI/pythia-160m
closed_captions,1,5,0.0762,closed,captions,Closed captions display,"['<|endoftext|>', 'Closed', ' capt', 'ions', ' display']",1,3,EleutherAI/pythia-160m
closed_captions,1,6,0.0009,closed,captions,Closed captions display,"['<|endoftext|>', 'Closed', ' capt', 'ions', ' display']",1,3,EleutherAI/pythia-160m
closed_captions,1,7,0.0697,closed,captions,Closed captions display,"['<|endoftext|>', 'Closed', ' capt', 'ions', ' display']",1,3,EleutherAI/pythia-160m
closed_captions,1,8,0.0083,closed,captions,Closed captions display,"['<|endoftext|>', 'Closed', ' capt', 'ions', ' display']",1,3,EleutherAI/pythia-160m
closed_captions,1,9,0.1407,closed,captions,Closed captions display,"['<|endoftext|>', 'Closed', ' capt', 'ions', ' display']",1,3,EleutherAI/pythia-160m
closed_captions,1,10,0.0,closed,captions,Closed captions display,"['<|endoftext|>', 'Closed', ' capt', 'ions', ' display']",1,3,EleutherAI/pythia-160m
closed_captions,1,11,0.5166,closed,captions,Closed captions display,"['<|endoftext|>', 'Closed', ' capt', 'ions', ' display']",1,3,EleutherAI/pythia-160m
closed_captions,2,0,0.1208,closed,captions,Closed captions display,"['<|endoftext|>', 'Closed', ' capt', 'ions', ' display']",1,3,EleutherAI/pythia-160m
closed_captions,2,1,0.7597,closed,captions,Closed captions display,"['<|endoftext|>', 'Closed', ' capt', 'ions', ' display']",1,3,EleutherAI/pythia-160m
closed_captions,2,2,0.0463,closed,captions,Closed captions display,"['<|endoftext|>', 'Closed', ' capt', 'ions', ' display']",1,3,EleutherAI/pythia-160m
closed_captions,2,3,0.0575,closed,captions,Closed captions display,"['<|endoftext|>', 'Closed', ' capt', 'ions', ' display']",1,3,EleutherAI/pythia-160m
closed_captions,2,4,0.0299,closed,captions,Closed captions display,"['<|endoftext|>', 'Closed', ' capt', 'ions', ' display']",1,3,EleutherAI/pythia-160m
closed_captions,2,5,0.1068,closed,captions,Closed captions display,"['<|endoftext|>', 'Closed', ' capt', 'ions', ' display']",1,3,EleutherAI/pythia-160m
closed_captions,2,6,0.1689,closed,captions,Closed captions display,"['<|endoftext|>', 'Closed', ' capt', 'ions', ' display']",1,3,EleutherAI/pythia-160m
closed_captions,2,7,0.0737,closed,captions,Closed captions display,"['<|endoftext|>', 'Closed', ' capt', 'ions', ' display']",1,3,EleutherAI/pythia-160m
closed_captions,2,8,0.6051,closed,captions,Closed captions display,"['<|endoftext|>', 'Closed', ' capt', 'ions', ' display']",1,3,EleutherAI/pythia-160m
closed_captions,2,9,0.0472,closed,captions,Closed captions display,"['<|endoftext|>', 'Closed', ' capt', 'ions', ' display']",1,3,EleutherAI/pythia-160m
closed_captions,2,10,0.0124,closed,captions,Closed captions display,"['<|endoftext|>', 'Closed', ' capt', 'ions', ' display']",1,3,EleutherAI/pythia-160m
closed_captions,2,11,0.0231,closed,captions,Closed captions display,"['<|endoftext|>', 'Closed', ' capt', 'ions', ' display']",1,3,EleutherAI/pythia-160m
closed_captions,3,0,0.1794,closed,captions,Closed captions display,"['<|endoftext|>', 'Closed', ' capt', 'ions', ' display']",1,3,EleutherAI/pythia-160m
closed_captions,3,1,0.0846,closed,captions,Closed captions display,"['<|endoftext|>', 'Closed', ' capt', 'ions', ' display']",1,3,EleutherAI/pythia-160m
closed_captions,3,2,0.0831,closed,captions,Closed captions display,"['<|endoftext|>', 'Closed', ' capt', 'ions', ' display']",1,3,EleutherAI/pythia-160m
closed_captions,3,3,0.0015,closed,captions,Closed captions display,"['<|endoftext|>', 'Closed', ' capt', 'ions', ' display']",1,3,EleutherAI/pythia-160m
closed_captions,3,4,0.6609,closed,captions,Closed captions display,"['<|endoftext|>', 'Closed', ' capt', 'ions', ' display']",1,3,EleutherAI/pythia-160m
closed_captions,3,5,0.0775,closed,captions,Closed captions display,"['<|endoftext|>', 'Closed', ' capt', 'ions', ' display']",1,3,EleutherAI/pythia-160m
closed_captions,3,6,0.2663,closed,captions,Closed captions display,"['<|endoftext|>', 'Closed', ' capt', 'ions', ' display']",1,3,EleutherAI/pythia-160m
closed_captions,3,7,0.0481,closed,captions,Closed captions display,"['<|endoftext|>', 'Closed', ' capt', 'ions', ' display']",1,3,EleutherAI/pythia-160m
closed_captions,3,8,0.1192,closed,captions,Closed captions display,"['<|endoftext|>', 'Closed', ' capt', 'ions', ' display']",1,3,EleutherAI/pythia-160m
closed_captions,3,9,0.2394,closed,captions,Closed captions display,"['<|endoftext|>', 'Closed', ' capt', 'ions', ' display']",1,3,EleutherAI/pythia-160m
closed_captions,3,10,0.736,closed,captions,Closed captions display,"['<|endoftext|>', 'Closed', ' capt', 'ions', ' display']",1,3,EleutherAI/pythia-160m
closed_captions,3,11,0.0418,closed,captions,Closed captions display,"['<|endoftext|>', 'Closed', ' capt', 'ions', ' display']",1,3,EleutherAI/pythia-160m
closed_captions,4,0,0.0581,closed,captions,Closed captions display,"['<|endoftext|>', 'Closed', ' capt', 'ions', ' display']",1,3,EleutherAI/pythia-160m
closed_captions,4,1,0.014,closed,captions,Closed captions display,"['<|endoftext|>', 'Closed', ' capt', 'ions', ' display']",1,3,EleutherAI/pythia-160m
closed_captions,4,2,0.3241,closed,captions,Closed captions display,"['<|endoftext|>', 'Closed', ' capt', 'ions', ' display']",1,3,EleutherAI/pythia-160m
closed_captions,4,3,0.0306,closed,captions,Closed captions display,"['<|endoftext|>', 'Closed', ' capt', 'ions', ' display']",1,3,EleutherAI/pythia-160m
closed_captions,4,4,0.371,closed,captions,Closed captions display,"['<|endoftext|>', 'Closed', ' capt', 'ions', ' display']",1,3,EleutherAI/pythia-160m
closed_captions,4,5,0.0134,closed,captions,Closed captions display,"['<|endoftext|>', 'Closed', ' capt', 'ions', ' display']",1,3,EleutherAI/pythia-160m
closed_captions,4,6,0.0001,closed,captions,Closed captions display,"['<|endoftext|>', 'Closed', ' capt', 'ions', ' display']",1,3,EleutherAI/pythia-160m
closed_captions,4,7,0.1662,closed,captions,Closed captions display,"['<|endoftext|>', 'Closed', ' capt', 'ions', ' display']",1,3,EleutherAI/pythia-160m
closed_captions,4,8,0.0164,closed,captions,Closed captions display,"['<|endoftext|>', 'Closed', ' capt', 'ions', ' display']",1,3,EleutherAI/pythia-160m
closed_captions,4,9,0.0829,closed,captions,Closed captions display,"['<|endoftext|>', 'Closed', ' capt', 'ions', ' display']",1,3,EleutherAI/pythia-160m
closed_captions,4,10,0.0,closed,captions,Closed captions display,"['<|endoftext|>', 'Closed', ' capt', 'ions', ' display']",1,3,EleutherAI/pythia-160m
closed_captions,4,11,0.0028,closed,captions,Closed captions display,"['<|endoftext|>', 'Closed', ' capt', 'ions', ' display']",1,3,EleutherAI/pythia-160m
closed_captions,5,0,0.0017,closed,captions,Closed captions display,"['<|endoftext|>', 'Closed', ' capt', 'ions', ' display']",1,3,EleutherAI/pythia-160m
closed_captions,5,1,0.6112,closed,captions,Closed captions display,"['<|endoftext|>', 'Closed', ' capt', 'ions', ' display']",1,3,EleutherAI/pythia-160m
closed_captions,5,2,0.0115,closed,captions,Closed captions display,"['<|endoftext|>', 'Closed', ' capt', 'ions', ' display']",1,3,EleutherAI/pythia-160m
closed_captions,5,3,0.0362,closed,captions,Closed captions display,"['<|endoftext|>', 'Closed', ' capt', 'ions', ' display']",1,3,EleutherAI/pythia-160m
closed_captions,5,4,0.0078,closed,captions,Closed captions display,"['<|endoftext|>', 'Closed', ' capt', 'ions', ' display']",1,3,EleutherAI/pythia-160m
closed_captions,5,5,0.0068,closed,captions,Closed captions display,"['<|endoftext|>', 'Closed', ' capt', 'ions', ' display']",1,3,EleutherAI/pythia-160m
closed_captions,5,6,0.0,closed,captions,Closed captions display,"['<|endoftext|>', 'Closed', ' capt', 'ions', ' display']",1,3,EleutherAI/pythia-160m
closed_captions,5,7,0.0022,closed,captions,Closed captions display,"['<|endoftext|>', 'Closed', ' capt', 'ions', ' display']",1,3,EleutherAI/pythia-160m
closed_captions,5,8,0.5371,closed,captions,Closed captions display,"['<|endoftext|>', 'Closed', ' capt', 'ions', ' display']",1,3,EleutherAI/pythia-160m
closed_captions,5,9,0.0003,closed,captions,Closed captions display,"['<|endoftext|>', 'Closed', ' capt', 'ions', ' display']",1,3,EleutherAI/pythia-160m
closed_captions,5,10,0.004,closed,captions,Closed captions display,"['<|endoftext|>', 'Closed', ' capt', 'ions', ' display']",1,3,EleutherAI/pythia-160m
closed_captions,5,11,0.3476,closed,captions,Closed captions display,"['<|endoftext|>', 'Closed', ' capt', 'ions', ' display']",1,3,EleutherAI/pythia-160m
closed_captions,6,0,0.0472,closed,captions,Closed captions display,"['<|endoftext|>', 'Closed', ' capt', 'ions', ' display']",1,3,EleutherAI/pythia-160m
closed_captions,6,1,0.0187,closed,captions,Closed captions display,"['<|endoftext|>', 'Closed', ' capt', 'ions', ' display']",1,3,EleutherAI/pythia-160m
closed_captions,6,2,0.1867,closed,captions,Closed captions display,"['<|endoftext|>', 'Closed', ' capt', 'ions', ' display']",1,3,EleutherAI/pythia-160m
closed_captions,6,3,0.0315,closed,captions,Closed captions display,"['<|endoftext|>', 'Closed', ' capt', 'ions', ' display']",1,3,EleutherAI/pythia-160m
closed_captions,6,4,0.0872,closed,captions,Closed captions display,"['<|endoftext|>', 'Closed', ' capt', 'ions', ' display']",1,3,EleutherAI/pythia-160m
closed_captions,6,5,0.1768,closed,captions,Closed captions display,"['<|endoftext|>', 'Closed', ' capt', 'ions', ' display']",1,3,EleutherAI/pythia-160m
closed_captions,6,6,0.0107,closed,captions,Closed captions display,"['<|endoftext|>', 'Closed', ' capt', 'ions', ' display']",1,3,EleutherAI/pythia-160m
closed_captions,6,7,0.0107,closed,captions,Closed captions display,"['<|endoftext|>', 'Closed', ' capt', 'ions', ' display']",1,3,EleutherAI/pythia-160m
closed_captions,6,8,0.0085,closed,captions,Closed captions display,"['<|endoftext|>', 'Closed', ' capt', 'ions', ' display']",1,3,EleutherAI/pythia-160m
closed_captions,6,9,0.0016,closed,captions,Closed captions display,"['<|endoftext|>', 'Closed', ' capt', 'ions', ' display']",1,3,EleutherAI/pythia-160m
closed_captions,6,10,0.0007,closed,captions,Closed captions display,"['<|endoftext|>', 'Closed', ' capt', 'ions', ' display']",1,3,EleutherAI/pythia-160m
closed_captions,6,11,0.014,closed,captions,Closed captions display,"['<|endoftext|>', 'Closed', ' capt', 'ions', ' display']",1,3,EleutherAI/pythia-160m
closed_captions,7,0,0.1238,closed,captions,Closed captions display,"['<|endoftext|>', 'Closed', ' capt', 'ions', ' display']",1,3,EleutherAI/pythia-160m
closed_captions,7,1,0.0277,closed,captions,Closed captions display,"['<|endoftext|>', 'Closed', ' capt', 'ions', ' display']",1,3,EleutherAI/pythia-160m
closed_captions,7,2,0.0034,closed,captions,Closed captions display,"['<|endoftext|>', 'Closed', ' capt', 'ions', ' display']",1,3,EleutherAI/pythia-160m
closed_captions,7,3,0.0313,closed,captions,Closed captions display,"['<|endoftext|>', 'Closed', ' capt', 'ions', ' display']",1,3,EleutherAI/pythia-160m
closed_captions,7,4,0.0157,closed,captions,Closed captions display,"['<|endoftext|>', 'Closed', ' capt', 'ions', ' display']",1,3,EleutherAI/pythia-160m
closed_captions,7,5,0.0095,closed,captions,Closed captions display,"['<|endoftext|>', 'Closed', ' capt', 'ions', ' display']",1,3,EleutherAI/pythia-160m
closed_captions,7,6,0.0,closed,captions,Closed captions display,"['<|endoftext|>', 'Closed', ' capt', 'ions', ' display']",1,3,EleutherAI/pythia-160m
closed_captions,7,7,0.4925,closed,captions,Closed captions display,"['<|endoftext|>', 'Closed', ' capt', 'ions', ' display']",1,3,EleutherAI/pythia-160m
closed_captions,7,8,0.0475,closed,captions,Closed captions display,"['<|endoftext|>', 'Closed', ' capt', 'ions', ' display']",1,3,EleutherAI/pythia-160m
closed_captions,7,9,0.0003,closed,captions,Closed captions display,"['<|endoftext|>', 'Closed', ' capt', 'ions', ' display']",1,3,EleutherAI/pythia-160m
closed_captions,7,10,0.0,closed,captions,Closed captions display,"['<|endoftext|>', 'Closed', ' capt', 'ions', ' display']",1,3,EleutherAI/pythia-160m
closed_captions,7,11,0.0067,closed,captions,Closed captions display,"['<|endoftext|>', 'Closed', ' capt', 'ions', ' display']",1,3,EleutherAI/pythia-160m
closed_captions,8,0,0.1229,closed,captions,Closed captions display,"['<|endoftext|>', 'Closed', ' capt', 'ions', ' display']",1,3,EleutherAI/pythia-160m
closed_captions,8,1,0.0,closed,captions,Closed captions display,"['<|endoftext|>', 'Closed', ' capt', 'ions', ' display']",1,3,EleutherAI/pythia-160m
closed_captions,8,2,0.0,closed,captions,Closed captions display,"['<|endoftext|>', 'Closed', ' capt', 'ions', ' display']",1,3,EleutherAI/pythia-160m
closed_captions,8,3,0.0,closed,captions,Closed captions display,"['<|endoftext|>', 'Closed', ' capt', 'ions', ' display']",1,3,EleutherAI/pythia-160m
closed_captions,8,4,0.0,closed,captions,Closed captions display,"['<|endoftext|>', 'Closed', ' capt', 'ions', ' display']",1,3,EleutherAI/pythia-160m
closed_captions,8,5,0.0,closed,captions,Closed captions display,"['<|endoftext|>', 'Closed', ' capt', 'ions', ' display']",1,3,EleutherAI/pythia-160m
closed_captions,8,6,0.0,closed,captions,Closed captions display,"['<|endoftext|>', 'Closed', ' capt', 'ions', ' display']",1,3,EleutherAI/pythia-160m
closed_captions,8,7,0.0,closed,captions,Closed captions display,"['<|endoftext|>', 'Closed', ' capt', 'ions', ' display']",1,3,EleutherAI/pythia-160m
closed_captions,8,8,0.0,closed,captions,Closed captions display,"['<|endoftext|>', 'Closed', ' capt', 'ions', ' display']",1,3,EleutherAI/pythia-160m
closed_captions,8,9,0.0009,closed,captions,Closed captions display,"['<|endoftext|>', 'Closed', ' capt', 'ions', ' display']",1,3,EleutherAI/pythia-160m
closed_captions,8,10,0.0083,closed,captions,Closed captions display,"['<|endoftext|>', 'Closed', ' capt', 'ions', ' display']",1,3,EleutherAI/pythia-160m
closed_captions,8,11,0.0,closed,captions,Closed captions display,"['<|endoftext|>', 'Closed', ' capt', 'ions', ' display']",1,3,EleutherAI/pythia-160m
closed_captions,9,0,0.0,closed,captions,Closed captions display,"['<|endoftext|>', 'Closed', ' capt', 'ions', ' display']",1,3,EleutherAI/pythia-160m
closed_captions,9,1,0.0,closed,captions,Closed captions display,"['<|endoftext|>', 'Closed', ' capt', 'ions', ' display']",1,3,EleutherAI/pythia-160m
closed_captions,9,2,0.0,closed,captions,Closed captions display,"['<|endoftext|>', 'Closed', ' capt', 'ions', ' display']",1,3,EleutherAI/pythia-160m
closed_captions,9,3,0.0023,closed,captions,Closed captions display,"['<|endoftext|>', 'Closed', ' capt', 'ions', ' display']",1,3,EleutherAI/pythia-160m
closed_captions,9,4,0.0,closed,captions,Closed captions display,"['<|endoftext|>', 'Closed', ' capt', 'ions', ' display']",1,3,EleutherAI/pythia-160m
closed_captions,9,5,0.0,closed,captions,Closed captions display,"['<|endoftext|>', 'Closed', ' capt', 'ions', ' display']",1,3,EleutherAI/pythia-160m
closed_captions,9,6,0.0,closed,captions,Closed captions display,"['<|endoftext|>', 'Closed', ' capt', 'ions', ' display']",1,3,EleutherAI/pythia-160m
closed_captions,9,7,0.0006,closed,captions,Closed captions display,"['<|endoftext|>', 'Closed', ' capt', 'ions', ' display']",1,3,EleutherAI/pythia-160m
closed_captions,9,8,0.0,closed,captions,Closed captions display,"['<|endoftext|>', 'Closed', ' capt', 'ions', ' display']",1,3,EleutherAI/pythia-160m
closed_captions,9,9,0.0,closed,captions,Closed captions display,"['<|endoftext|>', 'Closed', ' capt', 'ions', ' display']",1,3,EleutherAI/pythia-160m
closed_captions,9,10,0.0015,closed,captions,Closed captions display,"['<|endoftext|>', 'Closed', ' capt', 'ions', ' display']",1,3,EleutherAI/pythia-160m
closed_captions,9,11,0.0,closed,captions,Closed captions display,"['<|endoftext|>', 'Closed', ' capt', 'ions', ' display']",1,3,EleutherAI/pythia-160m
closed_captions,10,0,0.0,closed,captions,Closed captions display,"['<|endoftext|>', 'Closed', ' capt', 'ions', ' display']",1,3,EleutherAI/pythia-160m
closed_captions,10,1,0.0,closed,captions,Closed captions display,"['<|endoftext|>', 'Closed', ' capt', 'ions', ' display']",1,3,EleutherAI/pythia-160m
closed_captions,10,2,0.0,closed,captions,Closed captions display,"['<|endoftext|>', 'Closed', ' capt', 'ions', ' display']",1,3,EleutherAI/pythia-160m
closed_captions,10,3,0.0,closed,captions,Closed captions display,"['<|endoftext|>', 'Closed', ' capt', 'ions', ' display']",1,3,EleutherAI/pythia-160m
closed_captions,10,4,0.0,closed,captions,Closed captions display,"['<|endoftext|>', 'Closed', ' capt', 'ions', ' display']",1,3,EleutherAI/pythia-160m
closed_captions,10,5,0.1257,closed,captions,Closed captions display,"['<|endoftext|>', 'Closed', ' capt', 'ions', ' display']",1,3,EleutherAI/pythia-160m
closed_captions,10,6,0.0,closed,captions,Closed captions display,"['<|endoftext|>', 'Closed', ' capt', 'ions', ' display']",1,3,EleutherAI/pythia-160m
closed_captions,10,7,0.0,closed,captions,Closed captions display,"['<|endoftext|>', 'Closed', ' capt', 'ions', ' display']",1,3,EleutherAI/pythia-160m
closed_captions,10,8,0.0,closed,captions,Closed captions display,"['<|endoftext|>', 'Closed', ' capt', 'ions', ' display']",1,3,EleutherAI/pythia-160m
closed_captions,10,9,0.016,closed,captions,Closed captions display,"['<|endoftext|>', 'Closed', ' capt', 'ions', ' display']",1,3,EleutherAI/pythia-160m
closed_captions,10,10,0.0,closed,captions,Closed captions display,"['<|endoftext|>', 'Closed', ' capt', 'ions', ' display']",1,3,EleutherAI/pythia-160m
closed_captions,10,11,0.0,closed,captions,Closed captions display,"['<|endoftext|>', 'Closed', ' capt', 'ions', ' display']",1,3,EleutherAI/pythia-160m
closed_captions,11,0,0.0107,closed,captions,Closed captions display,"['<|endoftext|>', 'Closed', ' capt', 'ions', ' display']",1,3,EleutherAI/pythia-160m
closed_captions,11,1,0.0,closed,captions,Closed captions display,"['<|endoftext|>', 'Closed', ' capt', 'ions', ' display']",1,3,EleutherAI/pythia-160m
closed_captions,11,2,0.0,closed,captions,Closed captions display,"['<|endoftext|>', 'Closed', ' capt', 'ions', ' display']",1,3,EleutherAI/pythia-160m
closed_captions,11,3,0.0,closed,captions,Closed captions display,"['<|endoftext|>', 'Closed', ' capt', 'ions', ' display']",1,3,EleutherAI/pythia-160m
closed_captions,11,4,0.014,closed,captions,Closed captions display,"['<|endoftext|>', 'Closed', ' capt', 'ions', ' display']",1,3,EleutherAI/pythia-160m
closed_captions,11,5,0.0,closed,captions,Closed captions display,"['<|endoftext|>', 'Closed', ' capt', 'ions', ' display']",1,3,EleutherAI/pythia-160m
closed_captions,11,6,0.9992,closed,captions,Closed captions display,"['<|endoftext|>', 'Closed', ' capt', 'ions', ' display']",1,3,EleutherAI/pythia-160m
closed_captions,11,7,0.0,closed,captions,Closed captions display,"['<|endoftext|>', 'Closed', ' capt', 'ions', ' display']",1,3,EleutherAI/pythia-160m
closed_captions,11,8,0.0,closed,captions,Closed captions display,"['<|endoftext|>', 'Closed', ' capt', 'ions', ' display']",1,3,EleutherAI/pythia-160m
closed_captions,11,9,0.0,closed,captions,Closed captions display,"['<|endoftext|>', 'Closed', ' capt', 'ions', ' display']",1,3,EleutherAI/pythia-160m
closed_captions,11,10,0.0,closed,captions,Closed captions display,"['<|endoftext|>', 'Closed', ' capt', 'ions', ' display']",1,3,EleutherAI/pythia-160m
closed_captions,11,11,0.0,closed,captions,Closed captions display,"['<|endoftext|>', 'Closed', ' capt', 'ions', ' display']",1,3,EleutherAI/pythia-160m
page_title,0,0,0.3651,page,title,A page title describes,"['<|endoftext|>', 'A', ' page', ' title', ' describes']",2,3,EleutherAI/pythia-160m
page_title,0,1,0.0305,page,title,A page title describes,"['<|endoftext|>', 'A', ' page', ' title', ' describes']",2,3,EleutherAI/pythia-160m
page_title,0,2,0.7873,page,title,A page title describes,"['<|endoftext|>', 'A', ' page', ' title', ' describes']",2,3,EleutherAI/pythia-160m
page_title,0,3,0.2843,page,title,A page title describes,"['<|endoftext|>', 'A', ' page', ' title', ' describes']",2,3,EleutherAI/pythia-160m
page_title,0,4,0.1834,page,title,A page title describes,"['<|endoftext|>', 'A', ' page', ' title', ' describes']",2,3,EleutherAI/pythia-160m
page_title,0,5,0.0229,page,title,A page title describes,"['<|endoftext|>', 'A', ' page', ' title', ' describes']",2,3,EleutherAI/pythia-160m
page_title,0,6,0.2072,page,title,A page title describes,"['<|endoftext|>', 'A', ' page', ' title', ' describes']",2,3,EleutherAI/pythia-160m
page_title,0,7,0.0032,page,title,A page title describes,"['<|endoftext|>', 'A', ' page', ' title', ' describes']",2,3,EleutherAI/pythia-160m
page_title,0,8,0.6866,page,title,A page title describes,"['<|endoftext|>', 'A', ' page', ' title', ' describes']",2,3,EleutherAI/pythia-160m
page_title,0,9,0.4711,page,title,A page title describes,"['<|endoftext|>', 'A', ' page', ' title', ' describes']",2,3,EleutherAI/pythia-160m
page_title,0,10,0.4752,page,title,A page title describes,"['<|endoftext|>', 'A', ' page', ' title', ' describes']",2,3,EleutherAI/pythia-160m
page_title,0,11,0.0001,page,title,A page title describes,"['<|endoftext|>', 'A', ' page', ' title', ' describes']",2,3,EleutherAI/pythia-160m
page_title,1,0,0.5167,page,title,A page title describes,"['<|endoftext|>', 'A', ' page', ' title', ' describes']",2,3,EleutherAI/pythia-160m
page_title,1,1,0.5788,page,title,A page title describes,"['<|endoftext|>', 'A', ' page', ' title', ' describes']",2,3,EleutherAI/pythia-160m
page_title,1,2,0.4893,page,title,A page title describes,"['<|endoftext|>', 'A', ' page', ' title', ' describes']",2,3,EleutherAI/pythia-160m
page_title,1,3,0.581,page,title,A page title describes,"['<|endoftext|>', 'A', ' page', ' title', ' describes']",2,3,EleutherAI/pythia-160m
page_title,1,4,0.003,page,title,A page title describes,"['<|endoftext|>', 'A', ' page', ' title', ' describes']",2,3,EleutherAI/pythia-160m
page_title,1,5,0.1531,page,title,A page title describes,"['<|endoftext|>', 'A', ' page', ' title', ' describes']",2,3,EleutherAI/pythia-160m
page_title,1,6,0.0211,page,title,A page title describes,"['<|endoftext|>', 'A', ' page', ' title', ' describes']",2,3,EleutherAI/pythia-160m
page_title,1,7,0.3592,page,title,A page title describes,"['<|endoftext|>', 'A', ' page', ' title', ' describes']",2,3,EleutherAI/pythia-160m
page_title,1,8,0.1273,page,title,A page title describes,"['<|endoftext|>', 'A', ' page', ' title', ' describes']",2,3,EleutherAI/pythia-160m
page_title,1,9,0.0658,page,title,A page title describes,"['<|endoftext|>', 'A', ' page', ' title', ' describes']",2,3,EleutherAI/pythia-160m
page_title,1,10,0.0002,page,title,A page title describes,"['<|endoftext|>', 'A', ' page', ' title', ' describes']",2,3,EleutherAI/pythia-160m
page_title,1,11,0.4278,page,title,A page title describes,"['<|endoftext|>', 'A', ' page', ' title', ' describes']",2,3,EleutherAI/pythia-160m
page_title,2,0,0.0102,page,title,A page title describes,"['<|endoftext|>', 'A', ' page', ' title', ' describes']",2,3,EleutherAI/pythia-160m
page_title,2,1,0.298,page,title,A page title describes,"['<|endoftext|>', 'A', ' page', ' title', ' describes']",2,3,EleutherAI/pythia-160m
page_title,2,2,0.2579,page,title,A page title describes,"['<|endoftext|>', 'A', ' page', ' title', ' describes']",2,3,EleutherAI/pythia-160m
page_title,2,3,0.4506,page,title,A page title describes,"['<|endoftext|>', 'A', ' page', ' title', ' describes']",2,3,EleutherAI/pythia-160m
page_title,2,4,0.113,page,title,A page title describes,"['<|endoftext|>', 'A', ' page', ' title', ' describes']",2,3,EleutherAI/pythia-160m
page_title,2,5,0.3682,page,title,A page title describes,"['<|endoftext|>', 'A', ' page', ' title', ' describes']",2,3,EleutherAI/pythia-160m
page_title,2,6,0.2451,page,title,A page title describes,"['<|endoftext|>', 'A', ' page', ' title', ' describes']",2,3,EleutherAI/pythia-160m
page_title,2,7,0.0322,page,title,A page title describes,"['<|endoftext|>', 'A', ' page', ' title', ' describes']",2,3,EleutherAI/pythia-160m
page_title,2,8,0.6323,page,title,A page title describes,"['<|endoftext|>', 'A', ' page', ' title', ' describes']",2,3,EleutherAI/pythia-160m
page_title,2,9,0.3686,page,title,A page title describes,"['<|endoftext|>', 'A', ' page', ' title', ' describes']",2,3,EleutherAI/pythia-160m
page_title,2,10,0.1663,page,title,A page title describes,"['<|endoftext|>', 'A', ' page', ' title', ' describes']",2,3,EleutherAI/pythia-160m
page_title,2,11,0.0452,page,title,A page title describes,"['<|endoftext|>', 'A', ' page', ' title', ' describes']",2,3,EleutherAI/pythia-160m
page_title,3,0,0.9367,page,title,A page title describes,"['<|endoftext|>', 'A', ' page', ' title', ' describes']",2,3,EleutherAI/pythia-160m
page_title,3,1,0.1802,page,title,A page title describes,"['<|endoftext|>', 'A', ' page', ' title', ' describes']",2,3,EleutherAI/pythia-160m
page_title,3,2,0.8171,page,title,A page title describes,"['<|endoftext|>', 'A', ' page', ' title', ' describes']",2,3,EleutherAI/pythia-160m
page_title,3,3,0.0004,page,title,A page title describes,"['<|endoftext|>', 'A', ' page', ' title', ' describes']",2,3,EleutherAI/pythia-160m
page_title,3,4,0.3815,page,title,A page title describes,"['<|endoftext|>', 'A', ' page', ' title', ' describes']",2,3,EleutherAI/pythia-160m
page_title,3,5,0.0678,page,title,A page title describes,"['<|endoftext|>', 'A', ' page', ' title', ' describes']",2,3,EleutherAI/pythia-160m
page_title,3,6,0.4354,page,title,A page title describes,"['<|endoftext|>', 'A', ' page', ' title', ' describes']",2,3,EleutherAI/pythia-160m
page_title,3,7,0.2181,page,title,A page title describes,"['<|endoftext|>', 'A', ' page', ' title', ' describes']",2,3,EleutherAI/pythia-160m
page_title,3,8,0.177,page,title,A page title describes,"['<|endoftext|>', 'A', ' page', ' title', ' describes']",2,3,EleutherAI/pythia-160m
page_title,3,9,0.4573,page,title,A page title describes,"['<|endoftext|>', 'A', ' page', ' title', ' describes']",2,3,EleutherAI/pythia-160m
page_title,3,10,0.5232,page,title,A page title describes,"['<|endoftext|>', 'A', ' page', ' title', ' describes']",2,3,EleutherAI/pythia-160m
page_title,3,11,0.3139,page,title,A page title describes,"['<|endoftext|>', 'A', ' page', ' title', ' describes']",2,3,EleutherAI/pythia-160m
page_title,4,0,0.0408,page,title,A page title describes,"['<|endoftext|>', 'A', ' page', ' title', ' describes']",2,3,EleutherAI/pythia-160m
page_title,4,1,0.0121,page,title,A page title describes,"['<|endoftext|>', 'A', ' page', ' title', ' describes']",2,3,EleutherAI/pythia-160m
page_title,4,2,0.1761,page,title,A page title describes,"['<|endoftext|>', 'A', ' page', ' title', ' describes']",2,3,EleutherAI/pythia-160m
page_title,4,3,0.058,page,title,A page title describes,"['<|endoftext|>', 'A', ' page', ' title', ' describes']",2,3,EleutherAI/pythia-160m
page_title,4,4,0.3515,page,title,A page title describes,"['<|endoftext|>', 'A', ' page', ' title', ' describes']",2,3,EleutherAI/pythia-160m
page_title,4,5,0.014,page,title,A page title describes,"['<|endoftext|>', 'A', ' page', ' title', ' describes']",2,3,EleutherAI/pythia-160m
page_title,4,6,0.0,page,title,A page title describes,"['<|endoftext|>', 'A', ' page', ' title', ' describes']",2,3,EleutherAI/pythia-160m
page_title,4,7,0.0532,page,title,A page title describes,"['<|endoftext|>', 'A', ' page', ' title', ' describes']",2,3,EleutherAI/pythia-160m
page_title,4,8,0.0015,page,title,A page title describes,"['<|endoftext|>', 'A', ' page', ' title', ' describes']",2,3,EleutherAI/pythia-160m
page_title,4,9,0.4293,page,title,A page title describes,"['<|endoftext|>', 'A', ' page', ' title', ' describes']",2,3,EleutherAI/pythia-160m
page_title,4,10,0.0,page,title,A page title describes,"['<|endoftext|>', 'A', ' page', ' title', ' describes']",2,3,EleutherAI/pythia-160m
page_title,4,11,0.011,page,title,A page title describes,"['<|endoftext|>', 'A', ' page', ' title', ' describes']",2,3,EleutherAI/pythia-160m
page_title,5,0,0.0011,page,title,A page title describes,"['<|endoftext|>', 'A', ' page', ' title', ' describes']",2,3,EleutherAI/pythia-160m
page_title,5,1,0.2547,page,title,A page title describes,"['<|endoftext|>', 'A', ' page', ' title', ' describes']",2,3,EleutherAI/pythia-160m
page_title,5,2,0.0089,page,title,A page title describes,"['<|endoftext|>', 'A', ' page', ' title', ' describes']",2,3,EleutherAI/pythia-160m
page_title,5,3,0.1106,page,title,A page title describes,"['<|endoftext|>', 'A', ' page', ' title', ' describes']",2,3,EleutherAI/pythia-160m
page_title,5,4,0.0615,page,title,A page title describes,"['<|endoftext|>', 'A', ' page', ' title', ' describes']",2,3,EleutherAI/pythia-160m
page_title,5,5,0.1774,page,title,A page title describes,"['<|endoftext|>', 'A', ' page', ' title', ' describes']",2,3,EleutherAI/pythia-160m
page_title,5,6,0.0,page,title,A page title describes,"['<|endoftext|>', 'A', ' page', ' title', ' describes']",2,3,EleutherAI/pythia-160m
page_title,5,7,0.0006,page,title,A page title describes,"['<|endoftext|>', 'A', ' page', ' title', ' describes']",2,3,EleutherAI/pythia-160m
page_title,5,8,0.3118,page,title,A page title describes,"['<|endoftext|>', 'A', ' page', ' title', ' describes']",2,3,EleutherAI/pythia-160m
page_title,5,9,0.0014,page,title,A page title describes,"['<|endoftext|>', 'A', ' page', ' title', ' describes']",2,3,EleutherAI/pythia-160m
page_title,5,10,0.0049,page,title,A page title describes,"['<|endoftext|>', 'A', ' page', ' title', ' describes']",2,3,EleutherAI/pythia-160m
page_title,5,11,0.2596,page,title,A page title describes,"['<|endoftext|>', 'A', ' page', ' title', ' describes']",2,3,EleutherAI/pythia-160m
page_title,6,0,0.2948,page,title,A page title describes,"['<|endoftext|>', 'A', ' page', ' title', ' describes']",2,3,EleutherAI/pythia-160m
page_title,6,1,0.0224,page,title,A page title describes,"['<|endoftext|>', 'A', ' page', ' title', ' describes']",2,3,EleutherAI/pythia-160m
page_title,6,2,0.7844,page,title,A page title describes,"['<|endoftext|>', 'A', ' page', ' title', ' describes']",2,3,EleutherAI/pythia-160m
page_title,6,3,0.2509,page,title,A page title describes,"['<|endoftext|>', 'A', ' page', ' title', ' describes']",2,3,EleutherAI/pythia-160m
page_title,6,4,0.0525,page,title,A page title describes,"['<|endoftext|>', 'A', ' page', ' title', ' describes']",2,3,EleutherAI/pythia-160m
page_title,6,5,0.2692,page,title,A page title describes,"['<|endoftext|>', 'A', ' page', ' title', ' describes']",2,3,EleutherAI/pythia-160m
page_title,6,6,0.0061,page,title,A page title describes,"['<|endoftext|>', 'A', ' page', ' title', ' describes']",2,3,EleutherAI/pythia-160m
page_title,6,7,0.0554,page,title,A page title describes,"['<|endoftext|>', 'A', ' page', ' title', ' describes']",2,3,EleutherAI/pythia-160m
page_title,6,8,0.086,page,title,A page title describes,"['<|endoftext|>', 'A', ' page', ' title', ' describes']",2,3,EleutherAI/pythia-160m
page_title,6,9,0.0002,page,title,A page title describes,"['<|endoftext|>', 'A', ' page', ' title', ' describes']",2,3,EleutherAI/pythia-160m
page_title,6,10,0.0067,page,title,A page title describes,"['<|endoftext|>', 'A', ' page', ' title', ' describes']",2,3,EleutherAI/pythia-160m
page_title,6,11,0.0278,page,title,A page title describes,"['<|endoftext|>', 'A', ' page', ' title', ' describes']",2,3,EleutherAI/pythia-160m
page_title,7,0,0.1203,page,title,A page title describes,"['<|endoftext|>', 'A', ' page', ' title', ' describes']",2,3,EleutherAI/pythia-160m
page_title,7,1,0.2403,page,title,A page title describes,"['<|endoftext|>', 'A', ' page', ' title', ' describes']",2,3,EleutherAI/pythia-160m
page_title,7,2,0.0141,page,title,A page title describes,"['<|endoftext|>', 'A', ' page', ' title', ' describes']",2,3,EleutherAI/pythia-160m
page_title,7,3,0.0048,page,title,A page title describes,"['<|endoftext|>', 'A', ' page', ' title', ' describes']",2,3,EleutherAI/pythia-160m
page_title,7,4,0.0208,page,title,A page title describes,"['<|endoftext|>', 'A', ' page', ' title', ' describes']",2,3,EleutherAI/pythia-160m
page_title,7,5,0.0008,page,title,A page title describes,"['<|endoftext|>', 'A', ' page', ' title', ' describes']",2,3,EleutherAI/pythia-160m
page_title,7,6,0.0,page,title,A page title describes,"['<|endoftext|>', 'A', ' page', ' title', ' describes']",2,3,EleutherAI/pythia-160m
page_title,7,7,0.7826,page,title,A page title describes,"['<|endoftext|>', 'A', ' page', ' title', ' describes']",2,3,EleutherAI/pythia-160m
page_title,7,8,0.1481,page,title,A page title describes,"['<|endoftext|>', 'A', ' page', ' title', ' describes']",2,3,EleutherAI/pythia-160m
page_title,7,9,0.001,page,title,A page title describes,"['<|endoftext|>', 'A', ' page', ' title', ' describes']",2,3,EleutherAI/pythia-160m
page_title,7,10,0.0,page,title,A page title describes,"['<|endoftext|>', 'A', ' page', ' title', ' describes']",2,3,EleutherAI/pythia-160m
page_title,7,11,0.0188,page,title,A page title describes,"['<|endoftext|>', 'A', ' page', ' title', ' describes']",2,3,EleutherAI/pythia-160m
page_title,8,0,0.024,page,title,A page title describes,"['<|endoftext|>', 'A', ' page', ' title', ' describes']",2,3,EleutherAI/pythia-160m
page_title,8,1,0.0,page,title,A page title describes,"['<|endoftext|>', 'A', ' page', ' title', ' describes']",2,3,EleutherAI/pythia-160m
page_title,8,2,0.0,page,title,A page title describes,"['<|endoftext|>', 'A', ' page', ' title', ' describes']",2,3,EleutherAI/pythia-160m
page_title,8,3,0.0,page,title,A page title describes,"['<|endoftext|>', 'A', ' page', ' title', ' describes']",2,3,EleutherAI/pythia-160m
page_title,8,4,0.4879,page,title,A page title describes,"['<|endoftext|>', 'A', ' page', ' title', ' describes']",2,3,EleutherAI/pythia-160m
page_title,8,5,0.0,page,title,A page title describes,"['<|endoftext|>', 'A', ' page', ' title', ' describes']",2,3,EleutherAI/pythia-160m
page_title,8,6,0.0003,page,title,A page title describes,"['<|endoftext|>', 'A', ' page', ' title', ' describes']",2,3,EleutherAI/pythia-160m
page_title,8,7,0.0015,page,title,A page title describes,"['<|endoftext|>', 'A', ' page', ' title', ' describes']",2,3,EleutherAI/pythia-160m
page_title,8,8,0.0,page,title,A page title describes,"['<|endoftext|>', 'A', ' page', ' title', ' describes']",2,3,EleutherAI/pythia-160m
page_title,8,9,0.0017,page,title,A page title describes,"['<|endoftext|>', 'A', ' page', ' title', ' describes']",2,3,EleutherAI/pythia-160m
page_title,8,10,0.0179,page,title,A page title describes,"['<|endoftext|>', 'A', ' page', ' title', ' describes']",2,3,EleutherAI/pythia-160m
page_title,8,11,0.0,page,title,A page title describes,"['<|endoftext|>', 'A', ' page', ' title', ' describes']",2,3,EleutherAI/pythia-160m
page_title,9,0,0.0025,page,title,A page title describes,"['<|endoftext|>', 'A', ' page', ' title', ' describes']",2,3,EleutherAI/pythia-160m
page_title,9,1,0.0003,page,title,A page title describes,"['<|endoftext|>', 'A', ' page', ' title', ' describes']",2,3,EleutherAI/pythia-160m
page_title,9,2,0.0,page,title,A page title describes,"['<|endoftext|>', 'A', ' page', ' title', ' describes']",2,3,EleutherAI/pythia-160m
page_title,9,3,0.2686,page,title,A page title describes,"['<|endoftext|>', 'A', ' page', ' title', ' describes']",2,3,EleutherAI/pythia-160m
page_title,9,4,0.0015,page,title,A page title describes,"['<|endoftext|>', 'A', ' page', ' title', ' describes']",2,3,EleutherAI/pythia-160m
page_title,9,5,0.0009,page,title,A page title describes,"['<|endoftext|>', 'A', ' page', ' title', ' describes']",2,3,EleutherAI/pythia-160m
page_title,9,6,0.0003,page,title,A page title describes,"['<|endoftext|>', 'A', ' page', ' title', ' describes']",2,3,EleutherAI/pythia-160m
page_title,9,7,0.1822,page,title,A page title describes,"['<|endoftext|>', 'A', ' page', ' title', ' describes']",2,3,EleutherAI/pythia-160m
page_title,9,8,0.0,page,title,A page title describes,"['<|endoftext|>', 'A', ' page', ' title', ' describes']",2,3,EleutherAI/pythia-160m
page_title,9,9,0.0,page,title,A page title describes,"['<|endoftext|>', 'A', ' page', ' title', ' describes']",2,3,EleutherAI/pythia-160m
page_title,9,10,0.0094,page,title,A page title describes,"['<|endoftext|>', 'A', ' page', ' title', ' describes']",2,3,EleutherAI/pythia-160m
page_title,9,11,0.0004,page,title,A page title describes,"['<|endoftext|>', 'A', ' page', ' title', ' describes']",2,3,EleutherAI/pythia-160m
page_title,10,0,0.0,page,title,A page title describes,"['<|endoftext|>', 'A', ' page', ' title', ' describes']",2,3,EleutherAI/pythia-160m
page_title,10,1,0.0,page,title,A page title describes,"['<|endoftext|>', 'A', ' page', ' title', ' describes']",2,3,EleutherAI/pythia-160m
page_title,10,2,0.9914,page,title,A page title describes,"['<|endoftext|>', 'A', ' page', ' title', ' describes']",2,3,EleutherAI/pythia-160m
page_title,10,3,0.0,page,title,A page title describes,"['<|endoftext|>', 'A', ' page', ' title', ' describes']",2,3,EleutherAI/pythia-160m
page_title,10,4,0.0,page,title,A page title describes,"['<|endoftext|>', 'A', ' page', ' title', ' describes']",2,3,EleutherAI/pythia-160m
page_title,10,5,0.02,page,title,A page title describes,"['<|endoftext|>', 'A', ' page', ' title', ' describes']",2,3,EleutherAI/pythia-160m
page_title,10,6,0.0,page,title,A page title describes,"['<|endoftext|>', 'A', ' page', ' title', ' describes']",2,3,EleutherAI/pythia-160m
page_title,10,7,0.0,page,title,A page title describes,"['<|endoftext|>', 'A', ' page', ' title', ' describes']",2,3,EleutherAI/pythia-160m
page_title,10,8,0.0,page,title,A page title describes,"['<|endoftext|>', 'A', ' page', ' title', ' describes']",2,3,EleutherAI/pythia-160m
page_title,10,9,0.1241,page,title,A page title describes,"['<|endoftext|>', 'A', ' page', ' title', ' describes']",2,3,EleutherAI/pythia-160m
page_title,10,10,0.0,page,title,A page title describes,"['<|endoftext|>', 'A', ' page', ' title', ' describes']",2,3,EleutherAI/pythia-160m
page_title,10,11,0.0,page,title,A page title describes,"['<|endoftext|>', 'A', ' page', ' title', ' describes']",2,3,EleutherAI/pythia-160m
page_title,11,0,0.9989,page,title,A page title describes,"['<|endoftext|>', 'A', ' page', ' title', ' describes']",2,3,EleutherAI/pythia-160m
page_title,11,1,0.0,page,title,A page title describes,"['<|endoftext|>', 'A', ' page', ' title', ' describes']",2,3,EleutherAI/pythia-160m
page_title,11,2,0.0008,page,title,A page title describes,"['<|endoftext|>', 'A', ' page', ' title', ' describes']",2,3,EleutherAI/pythia-160m
page_title,11,3,0.0,page,title,A page title describes,"['<|endoftext|>', 'A', ' page', ' title', ' describes']",2,3,EleutherAI/pythia-160m
page_title,11,4,0.003,page,title,A page title describes,"['<|endoftext|>', 'A', ' page', ' title', ' describes']",2,3,EleutherAI/pythia-160m
page_title,11,5,0.0,page,title,A page title describes,"['<|endoftext|>', 'A', ' page', ' title', ' describes']",2,3,EleutherAI/pythia-160m
page_title,11,6,0.9998,page,title,A page title describes,"['<|endoftext|>', 'A', ' page', ' title', ' describes']",2,3,EleutherAI/pythia-160m
page_title,11,7,0.0,page,title,A page title describes,"['<|endoftext|>', 'A', ' page', ' title', ' describes']",2,3,EleutherAI/pythia-160m
page_title,11,8,0.0,page,title,A page title describes,"['<|endoftext|>', 'A', ' page', ' title', ' describes']",2,3,EleutherAI/pythia-160m
page_title,11,9,0.0,page,title,A page title describes,"['<|endoftext|>', 'A', ' page', ' title', ' describes']",2,3,EleutherAI/pythia-160m
page_title,11,10,0.0,page,title,A page title describes,"['<|endoftext|>', 'A', ' page', ' title', ' describes']",2,3,EleutherAI/pythia-160m
page_title,11,11,0.0,page,title,A page title describes,"['<|endoftext|>', 'A', ' page', ' title', ' describes']",2,3,EleutherAI/pythia-160m
form_label,0,0,0.2647,form,label,A form label is,"['<|endoftext|>', 'A', ' form', ' label', ' is']",2,3,EleutherAI/pythia-160m
form_label,0,1,0.0103,form,label,A form label is,"['<|endoftext|>', 'A', ' form', ' label', ' is']",2,3,EleutherAI/pythia-160m
form_label,0,2,0.1263,form,label,A form label is,"['<|endoftext|>', 'A', ' form', ' label', ' is']",2,3,EleutherAI/pythia-160m
form_label,0,3,0.0346,form,label,A form label is,"['<|endoftext|>', 'A', ' form', ' label', ' is']",2,3,EleutherAI/pythia-160m
form_label,0,4,0.2505,form,label,A form label is,"['<|endoftext|>', 'A', ' form', ' label', ' is']",2,3,EleutherAI/pythia-160m
form_label,0,5,0.0145,form,label,A form label is,"['<|endoftext|>', 'A', ' form', ' label', ' is']",2,3,EleutherAI/pythia-160m
form_label,0,6,0.1413,form,label,A form label is,"['<|endoftext|>', 'A', ' form', ' label', ' is']",2,3,EleutherAI/pythia-160m
form_label,0,7,0.0017,form,label,A form label is,"['<|endoftext|>', 'A', ' form', ' label', ' is']",2,3,EleutherAI/pythia-160m
form_label,0,8,0.4944,form,label,A form label is,"['<|endoftext|>', 'A', ' form', ' label', ' is']",2,3,EleutherAI/pythia-160m
form_label,0,9,0.4485,form,label,A form label is,"['<|endoftext|>', 'A', ' form', ' label', ' is']",2,3,EleutherAI/pythia-160m
form_label,0,10,0.0787,form,label,A form label is,"['<|endoftext|>', 'A', ' form', ' label', ' is']",2,3,EleutherAI/pythia-160m
form_label,0,11,0.0,form,label,A form label is,"['<|endoftext|>', 'A', ' form', ' label', ' is']",2,3,EleutherAI/pythia-160m
form_label,1,0,0.4028,form,label,A form label is,"['<|endoftext|>', 'A', ' form', ' label', ' is']",2,3,EleutherAI/pythia-160m
form_label,1,1,0.5463,form,label,A form label is,"['<|endoftext|>', 'A', ' form', ' label', ' is']",2,3,EleutherAI/pythia-160m
form_label,1,2,0.4445,form,label,A form label is,"['<|endoftext|>', 'A', ' form', ' label', ' is']",2,3,EleutherAI/pythia-160m
form_label,1,3,0.5084,form,label,A form label is,"['<|endoftext|>', 'A', ' form', ' label', ' is']",2,3,EleutherAI/pythia-160m
form_label,1,4,0.0326,form,label,A form label is,"['<|endoftext|>', 'A', ' form', ' label', ' is']",2,3,EleutherAI/pythia-160m
form_label,1,5,0.1114,form,label,A form label is,"['<|endoftext|>', 'A', ' form', ' label', ' is']",2,3,EleutherAI/pythia-160m
form_label,1,6,0.0004,form,label,A form label is,"['<|endoftext|>', 'A', ' form', ' label', ' is']",2,3,EleutherAI/pythia-160m
form_label,1,7,0.5679,form,label,A form label is,"['<|endoftext|>', 'A', ' form', ' label', ' is']",2,3,EleutherAI/pythia-160m
form_label,1,8,0.0871,form,label,A form label is,"['<|endoftext|>', 'A', ' form', ' label', ' is']",2,3,EleutherAI/pythia-160m
form_label,1,9,0.076,form,label,A form label is,"['<|endoftext|>', 'A', ' form', ' label', ' is']",2,3,EleutherAI/pythia-160m
form_label,1,10,0.0,form,label,A form label is,"['<|endoftext|>', 'A', ' form', ' label', ' is']",2,3,EleutherAI/pythia-160m
form_label,1,11,0.405,form,label,A form label is,"['<|endoftext|>', 'A', ' form', ' label', ' is']",2,3,EleutherAI/pythia-160m
form_label,2,0,0.0337,form,label,A form label is,"['<|endoftext|>', 'A', ' form', ' label', ' is']",2,3,EleutherAI/pythia-160m
form_label,2,1,0.1228,form,label,A form label is,"['<|endoftext|>', 'A', ' form', ' label', ' is']",2,3,EleutherAI/pythia-160m
form_label,2,2,0.1053,form,label,A form label is,"['<|endoftext|>', 'A', ' form', ' label', ' is']",2,3,EleutherAI/pythia-160m
form_label,2,3,0.0341,form,label,A form label is,"['<|endoftext|>', 'A', ' form', ' label', ' is']",2,3,EleutherAI/pythia-160m
form_label,2,4,0.1748,form,label,A form label is,"['<|endoftext|>', 'A', ' form', ' label', ' is']",2,3,EleutherAI/pythia-160m
form_label,2,5,0.1304,form,label,A form label is,"['<|endoftext|>', 'A', ' form', ' label', ' is']",2,3,EleutherAI/pythia-160m
form_label,2,6,0.2236,form,label,A form label is,"['<|endoftext|>', 'A', ' form', ' label', ' is']",2,3,EleutherAI/pythia-160m
form_label,2,7,0.0302,form,label,A form label is,"['<|endoftext|>', 'A', ' form', ' label', ' is']",2,3,EleutherAI/pythia-160m
form_label,2,8,0.748,form,label,A form label is,"['<|endoftext|>', 'A', ' form', ' label', ' is']",2,3,EleutherAI/pythia-160m
form_label,2,9,0.096,form,label,A form label is,"['<|endoftext|>', 'A', ' form', ' label', ' is']",2,3,EleutherAI/pythia-160m
form_label,2,10,0.0453,form,label,A form label is,"['<|endoftext|>', 'A', ' form', ' label', ' is']",2,3,EleutherAI/pythia-160m
form_label,2,11,0.0389,form,label,A form label is,"['<|endoftext|>', 'A', ' form', ' label', ' is']",2,3,EleutherAI/pythia-160m
form_label,3,0,0.8898,form,label,A form label is,"['<|endoftext|>', 'A', ' form', ' label', ' is']",2,3,EleutherAI/pythia-160m
form_label,3,1,0.4573,form,label,A form label is,"['<|endoftext|>', 'A', ' form', ' label', ' is']",2,3,EleutherAI/pythia-160m
form_label,3,2,0.8451,form,label,A form label is,"['<|endoftext|>', 'A', ' form', ' label', ' is']",2,3,EleutherAI/pythia-160m
form_label,3,3,0.0003,form,label,A form label is,"['<|endoftext|>', 'A', ' form', ' label', ' is']",2,3,EleutherAI/pythia-160m
form_label,3,4,0.3258,form,label,A form label is,"['<|endoftext|>', 'A', ' form', ' label', ' is']",2,3,EleutherAI/pythia-160m
form_label,3,5,0.0174,form,label,A form label is,"['<|endoftext|>', 'A', ' form', ' label', ' is']",2,3,EleutherAI/pythia-160m
form_label,3,6,0.3085,form,label,A form label is,"['<|endoftext|>', 'A', ' form', ' label', ' is']",2,3,EleutherAI/pythia-160m
form_label,3,7,0.3654,form,label,A form label is,"['<|endoftext|>', 'A', ' form', ' label', ' is']",2,3,EleutherAI/pythia-160m
form_label,3,8,0.0652,form,label,A form label is,"['<|endoftext|>', 'A', ' form', ' label', ' is']",2,3,EleutherAI/pythia-160m
form_label,3,9,0.1976,form,label,A form label is,"['<|endoftext|>', 'A', ' form', ' label', ' is']",2,3,EleutherAI/pythia-160m
form_label,3,10,0.0838,form,label,A form label is,"['<|endoftext|>', 'A', ' form', ' label', ' is']",2,3,EleutherAI/pythia-160m
form_label,3,11,0.2725,form,label,A form label is,"['<|endoftext|>', 'A', ' form', ' label', ' is']",2,3,EleutherAI/pythia-160m
form_label,4,0,0.0048,form,label,A form label is,"['<|endoftext|>', 'A', ' form', ' label', ' is']",2,3,EleutherAI/pythia-160m
form_label,4,1,0.0264,form,label,A form label is,"['<|endoftext|>', 'A', ' form', ' label', ' is']",2,3,EleutherAI/pythia-160m
form_label,4,2,0.3107,form,label,A form label is,"['<|endoftext|>', 'A', ' form', ' label', ' is']",2,3,EleutherAI/pythia-160m
form_label,4,3,0.0346,form,label,A form label is,"['<|endoftext|>', 'A', ' form', ' label', ' is']",2,3,EleutherAI/pythia-160m
form_label,4,4,0.1819,form,label,A form label is,"['<|endoftext|>', 'A', ' form', ' label', ' is']",2,3,EleutherAI/pythia-160m
form_label,4,5,0.0226,form,label,A form label is,"['<|endoftext|>', 'A', ' form', ' label', ' is']",2,3,EleutherAI/pythia-160m
form_label,4,6,0.0,form,label,A form label is,"['<|endoftext|>', 'A', ' form', ' label', ' is']",2,3,EleutherAI/pythia-160m
form_label,4,7,0.0391,form,label,A form label is,"['<|endoftext|>', 'A', ' form', ' label', ' is']",2,3,EleutherAI/pythia-160m
form_label,4,8,0.0006,form,label,A form label is,"['<|endoftext|>', 'A', ' form', ' label', ' is']",2,3,EleutherAI/pythia-160m
form_label,4,9,0.1077,form,label,A form label is,"['<|endoftext|>', 'A', ' form', ' label', ' is']",2,3,EleutherAI/pythia-160m
form_label,4,10,0.0,form,label,A form label is,"['<|endoftext|>', 'A', ' form', ' label', ' is']",2,3,EleutherAI/pythia-160m
form_label,4,11,0.0018,form,label,A form label is,"['<|endoftext|>', 'A', ' form', ' label', ' is']",2,3,EleutherAI/pythia-160m
form_label,5,0,0.0003,form,label,A form label is,"['<|endoftext|>', 'A', ' form', ' label', ' is']",2,3,EleutherAI/pythia-160m
form_label,5,1,0.0921,form,label,A form label is,"['<|endoftext|>', 'A', ' form', ' label', ' is']",2,3,EleutherAI/pythia-160m
form_label,5,2,0.0074,form,label,A form label is,"['<|endoftext|>', 'A', ' form', ' label', ' is']",2,3,EleutherAI/pythia-160m
form_label,5,3,0.0543,form,label,A form label is,"['<|endoftext|>', 'A', ' form', ' label', ' is']",2,3,EleutherAI/pythia-160m
form_label,5,4,0.0586,form,label,A form label is,"['<|endoftext|>', 'A', ' form', ' label', ' is']",2,3,EleutherAI/pythia-160m
form_label,5,5,0.0726,form,label,A form label is,"['<|endoftext|>', 'A', ' form', ' label', ' is']",2,3,EleutherAI/pythia-160m
form_label,5,6,0.0,form,label,A form label is,"['<|endoftext|>', 'A', ' form', ' label', ' is']",2,3,EleutherAI/pythia-160m
form_label,5,7,0.0011,form,label,A form label is,"['<|endoftext|>', 'A', ' form', ' label', ' is']",2,3,EleutherAI/pythia-160m
form_label,5,8,0.2244,form,label,A form label is,"['<|endoftext|>', 'A', ' form', ' label', ' is']",2,3,EleutherAI/pythia-160m
form_label,5,9,0.0003,form,label,A form label is,"['<|endoftext|>', 'A', ' form', ' label', ' is']",2,3,EleutherAI/pythia-160m
form_label,5,10,0.0056,form,label,A form label is,"['<|endoftext|>', 'A', ' form', ' label', ' is']",2,3,EleutherAI/pythia-160m
form_label,5,11,0.38,form,label,A form label is,"['<|endoftext|>', 'A', ' form', ' label', ' is']",2,3,EleutherAI/pythia-160m
form_label,6,0,0.182,form,label,A form label is,"['<|endoftext|>', 'A', ' form', ' label', ' is']",2,3,EleutherAI/pythia-160m
form_label,6,1,0.024,form,label,A form label is,"['<|endoftext|>', 'A', ' form', ' label', ' is']",2,3,EleutherAI/pythia-160m
form_label,6,2,0.0251,form,label,A form label is,"['<|endoftext|>', 'A', ' form', ' label', ' is']",2,3,EleutherAI/pythia-160m
form_label,6,3,0.2038,form,label,A form label is,"['<|endoftext|>', 'A', ' form', ' label', ' is']",2,3,EleutherAI/pythia-160m
form_label,6,4,0.0908,form,label,A form label is,"['<|endoftext|>', 'A', ' form', ' label', ' is']",2,3,EleutherAI/pythia-160m
form_label,6,5,0.0698,form,label,A form label is,"['<|endoftext|>', 'A', ' form', ' label', ' is']",2,3,EleutherAI/pythia-160m
form_label,6,6,0.0043,form,label,A form label is,"['<|endoftext|>', 'A', ' form', ' label', ' is']",2,3,EleutherAI/pythia-160m
form_label,6,7,0.013,form,label,A form label is,"['<|endoftext|>', 'A', ' form', ' label', ' is']",2,3,EleutherAI/pythia-160m
form_label,6,8,0.0392,form,label,A form label is,"['<|endoftext|>', 'A', ' form', ' label', ' is']",2,3,EleutherAI/pythia-160m
form_label,6,9,0.012,form,label,A form label is,"['<|endoftext|>', 'A', ' form', ' label', ' is']",2,3,EleutherAI/pythia-160m
form_label,6,10,0.0038,form,label,A form label is,"['<|endoftext|>', 'A', ' form', ' label', ' is']",2,3,EleutherAI/pythia-160m
form_label,6,11,0.0065,form,label,A form label is,"['<|endoftext|>', 'A', ' form', ' label', ' is']",2,3,EleutherAI/pythia-160m
form_label,7,0,0.0428,form,label,A form label is,"['<|endoftext|>', 'A', ' form', ' label', ' is']",2,3,EleutherAI/pythia-160m
form_label,7,1,0.0231,form,label,A form label is,"['<|endoftext|>', 'A', ' form', ' label', ' is']",2,3,EleutherAI/pythia-160m
form_label,7,2,0.0011,form,label,A form label is,"['<|endoftext|>', 'A', ' form', ' label', ' is']",2,3,EleutherAI/pythia-160m
form_label,7,3,0.0079,form,label,A form label is,"['<|endoftext|>', 'A', ' form', ' label', ' is']",2,3,EleutherAI/pythia-160m
form_label,7,4,0.0105,form,label,A form label is,"['<|endoftext|>', 'A', ' form', ' label', ' is']",2,3,EleutherAI/pythia-160m
form_label,7,5,0.013,form,label,A form label is,"['<|endoftext|>', 'A', ' form', ' label', ' is']",2,3,EleutherAI/pythia-160m
form_label,7,6,0.0131,form,label,A form label is,"['<|endoftext|>', 'A', ' form', ' label', ' is']",2,3,EleutherAI/pythia-160m
form_label,7,7,0.6309,form,label,A form label is,"['<|endoftext|>', 'A', ' form', ' label', ' is']",2,3,EleutherAI/pythia-160m
form_label,7,8,0.1386,form,label,A form label is,"['<|endoftext|>', 'A', ' form', ' label', ' is']",2,3,EleutherAI/pythia-160m
form_label,7,9,0.0621,form,label,A form label is,"['<|endoftext|>', 'A', ' form', ' label', ' is']",2,3,EleutherAI/pythia-160m
form_label,7,10,0.0,form,label,A form label is,"['<|endoftext|>', 'A', ' form', ' label', ' is']",2,3,EleutherAI/pythia-160m
form_label,7,11,0.0131,form,label,A form label is,"['<|endoftext|>', 'A', ' form', ' label', ' is']",2,3,EleutherAI/pythia-160m
form_label,8,0,0.1425,form,label,A form label is,"['<|endoftext|>', 'A', ' form', ' label', ' is']",2,3,EleutherAI/pythia-160m
form_label,8,1,0.0,form,label,A form label is,"['<|endoftext|>', 'A', ' form', ' label', ' is']",2,3,EleutherAI/pythia-160m
form_label,8,2,0.0,form,label,A form label is,"['<|endoftext|>', 'A', ' form', ' label', ' is']",2,3,EleutherAI/pythia-160m
form_label,8,3,0.0,form,label,A form label is,"['<|endoftext|>', 'A', ' form', ' label', ' is']",2,3,EleutherAI/pythia-160m
form_label,8,4,0.0,form,label,A form label is,"['<|endoftext|>', 'A', ' form', ' label', ' is']",2,3,EleutherAI/pythia-160m
form_label,8,5,0.0035,form,label,A form label is,"['<|endoftext|>', 'A', ' form', ' label', ' is']",2,3,EleutherAI/pythia-160m
form_label,8,6,0.0,form,label,A form label is,"['<|endoftext|>', 'A', ' form', ' label', ' is']",2,3,EleutherAI/pythia-160m
form_label,8,7,0.0011,form,label,A form label is,"['<|endoftext|>', 'A', ' form', ' label', ' is']",2,3,EleutherAI/pythia-160m
form_label,8,8,0.0,form,label,A form label is,"['<|endoftext|>', 'A', ' form', ' label', ' is']",2,3,EleutherAI/pythia-160m
form_label,8,9,0.0005,form,label,A form label is,"['<|endoftext|>', 'A', ' form', ' label', ' is']",2,3,EleutherAI/pythia-160m
form_label,8,10,0.0278,form,label,A form label is,"['<|endoftext|>', 'A', ' form', ' label', ' is']",2,3,EleutherAI/pythia-160m
form_label,8,11,0.0,form,label,A form label is,"['<|endoftext|>', 'A', ' form', ' label', ' is']",2,3,EleutherAI/pythia-160m
form_label,9,0,0.0001,form,label,A form label is,"['<|endoftext|>', 'A', ' form', ' label', ' is']",2,3,EleutherAI/pythia-160m
form_label,9,1,0.0794,form,label,A form label is,"['<|endoftext|>', 'A', ' form', ' label', ' is']",2,3,EleutherAI/pythia-160m
form_label,9,2,0.0,form,label,A form label is,"['<|endoftext|>', 'A', ' form', ' label', ' is']",2,3,EleutherAI/pythia-160m
form_label,9,3,0.1385,form,label,A form label is,"['<|endoftext|>', 'A', ' form', ' label', ' is']",2,3,EleutherAI/pythia-160m
form_label,9,4,0.0,form,label,A form label is,"['<|endoftext|>', 'A', ' form', ' label', ' is']",2,3,EleutherAI/pythia-160m
form_label,9,5,0.0,form,label,A form label is,"['<|endoftext|>', 'A', ' form', ' label', ' is']",2,3,EleutherAI/pythia-160m
form_label,9,6,0.0,form,label,A form label is,"['<|endoftext|>', 'A', ' form', ' label', ' is']",2,3,EleutherAI/pythia-160m
form_label,9,7,0.0031,form,label,A form label is,"['<|endoftext|>', 'A', ' form', ' label', ' is']",2,3,EleutherAI/pythia-160m
form_label,9,8,0.0,form,label,A form label is,"['<|endoftext|>', 'A', ' form', ' label', ' is']",2,3,EleutherAI/pythia-160m
form_label,9,9,0.0,form,label,A form label is,"['<|endoftext|>', 'A', ' form', ' label', ' is']",2,3,EleutherAI/pythia-160m
form_label,9,10,0.0075,form,label,A form label is,"['<|endoftext|>', 'A', ' form', ' label', ' is']",2,3,EleutherAI/pythia-160m
form_label,9,11,0.0528,form,label,A form label is,"['<|endoftext|>', 'A', ' form', ' label', ' is']",2,3,EleutherAI/pythia-160m
form_label,10,0,0.0,form,label,A form label is,"['<|endoftext|>', 'A', ' form', ' label', ' is']",2,3,EleutherAI/pythia-160m
form_label,10,1,0.0,form,label,A form label is,"['<|endoftext|>', 'A', ' form', ' label', ' is']",2,3,EleutherAI/pythia-160m
form_label,10,2,0.0043,form,label,A form label is,"['<|endoftext|>', 'A', ' form', ' label', ' is']",2,3,EleutherAI/pythia-160m
form_label,10,3,0.0,form,label,A form label is,"['<|endoftext|>', 'A', ' form', ' label', ' is']",2,3,EleutherAI/pythia-160m
form_label,10,4,0.0,form,label,A form label is,"['<|endoftext|>', 'A', ' form', ' label', ' is']",2,3,EleutherAI/pythia-160m
form_label,10,5,0.1334,form,label,A form label is,"['<|endoftext|>', 'A', ' form', ' label', ' is']",2,3,EleutherAI/pythia-160m
form_label,10,6,0.0,form,label,A form label is,"['<|endoftext|>', 'A', ' form', ' label', ' is']",2,3,EleutherAI/pythia-160m
form_label,10,7,0.0,form,label,A form label is,"['<|endoftext|>', 'A', ' form', ' label', ' is']",2,3,EleutherAI/pythia-160m
form_label,10,8,0.0,form,label,A form label is,"['<|endoftext|>', 'A', ' form', ' label', ' is']",2,3,EleutherAI/pythia-160m
form_label,10,9,0.051,form,label,A form label is,"['<|endoftext|>', 'A', ' form', ' label', ' is']",2,3,EleutherAI/pythia-160m
form_label,10,10,0.0,form,label,A form label is,"['<|endoftext|>', 'A', ' form', ' label', ' is']",2,3,EleutherAI/pythia-160m
form_label,10,11,0.0,form,label,A form label is,"['<|endoftext|>', 'A', ' form', ' label', ' is']",2,3,EleutherAI/pythia-160m
form_label,11,0,0.6866,form,label,A form label is,"['<|endoftext|>', 'A', ' form', ' label', ' is']",2,3,EleutherAI/pythia-160m
form_label,11,1,0.0,form,label,A form label is,"['<|endoftext|>', 'A', ' form', ' label', ' is']",2,3,EleutherAI/pythia-160m
form_label,11,2,0.0,form,label,A form label is,"['<|endoftext|>', 'A', ' form', ' label', ' is']",2,3,EleutherAI/pythia-160m
form_label,11,3,0.0,form,label,A form label is,"['<|endoftext|>', 'A', ' form', ' label', ' is']",2,3,EleutherAI/pythia-160m
form_label,11,4,0.0,form,label,A form label is,"['<|endoftext|>', 'A', ' form', ' label', ' is']",2,3,EleutherAI/pythia-160m
form_label,11,5,0.0,form,label,A form label is,"['<|endoftext|>', 'A', ' form', ' label', ' is']",2,3,EleutherAI/pythia-160m
form_label,11,6,0.9999,form,label,A form label is,"['<|endoftext|>', 'A', ' form', ' label', ' is']",2,3,EleutherAI/pythia-160m
form_label,11,7,0.0,form,label,A form label is,"['<|endoftext|>', 'A', ' form', ' label', ' is']",2,3,EleutherAI/pythia-160m
form_label,11,8,0.0,form,label,A form label is,"['<|endoftext|>', 'A', ' form', ' label', ' is']",2,3,EleutherAI/pythia-160m
form_label,11,9,0.0,form,label,A form label is,"['<|endoftext|>', 'A', ' form', ' label', ' is']",2,3,EleutherAI/pythia-160m
form_label,11,10,0.0,form,label,A form label is,"['<|endoftext|>', 'A', ' form', ' label', ' is']",2,3,EleutherAI/pythia-160m
form_label,11,11,0.0,form,label,A form label is,"['<|endoftext|>', 'A', ' form', ' label', ' is']",2,3,EleutherAI/pythia-160m
link_text,0,0,0.2595,link,text,Link text describes,"['<|endoftext|>', 'Link', ' text', ' describes']",1,2,EleutherAI/pythia-160m
link_text,0,1,0.0026,link,text,Link text describes,"['<|endoftext|>', 'Link', ' text', ' describes']",1,2,EleutherAI/pythia-160m
link_text,0,2,0.2459,link,text,Link text describes,"['<|endoftext|>', 'Link', ' text', ' describes']",1,2,EleutherAI/pythia-160m
link_text,0,3,0.0827,link,text,Link text describes,"['<|endoftext|>', 'Link', ' text', ' describes']",1,2,EleutherAI/pythia-160m
link_text,0,4,0.223,link,text,Link text describes,"['<|endoftext|>', 'Link', ' text', ' describes']",1,2,EleutherAI/pythia-160m
link_text,0,5,0.0249,link,text,Link text describes,"['<|endoftext|>', 'Link', ' text', ' describes']",1,2,EleutherAI/pythia-160m
link_text,0,6,0.2429,link,text,Link text describes,"['<|endoftext|>', 'Link', ' text', ' describes']",1,2,EleutherAI/pythia-160m
link_text,0,7,0.0009,link,text,Link text describes,"['<|endoftext|>', 'Link', ' text', ' describes']",1,2,EleutherAI/pythia-160m
link_text,0,8,0.4322,link,text,Link text describes,"['<|endoftext|>', 'Link', ' text', ' describes']",1,2,EleutherAI/pythia-160m
link_text,0,9,0.6069,link,text,Link text describes,"['<|endoftext|>', 'Link', ' text', ' describes']",1,2,EleutherAI/pythia-160m
link_text,0,10,0.1623,link,text,Link text describes,"['<|endoftext|>', 'Link', ' text', ' describes']",1,2,EleutherAI/pythia-160m
link_text,0,11,0.0001,link,text,Link text describes,"['<|endoftext|>', 'Link', ' text', ' describes']",1,2,EleutherAI/pythia-160m
link_text,1,0,0.1551,link,text,Link text describes,"['<|endoftext|>', 'Link', ' text', ' describes']",1,2,EleutherAI/pythia-160m
link_text,1,1,0.4824,link,text,Link text describes,"['<|endoftext|>', 'Link', ' text', ' describes']",1,2,EleutherAI/pythia-160m
link_text,1,2,0.5984,link,text,Link text describes,"['<|endoftext|>', 'Link', ' text', ' describes']",1,2,EleutherAI/pythia-160m
link_text,1,3,0.3378,link,text,Link text describes,"['<|endoftext|>', 'Link', ' text', ' describes']",1,2,EleutherAI/pythia-160m
link_text,1,4,0.0516,link,text,Link text describes,"['<|endoftext|>', 'Link', ' text', ' describes']",1,2,EleutherAI/pythia-160m
link_text,1,5,0.2754,link,text,Link text describes,"['<|endoftext|>', 'Link', ' text', ' describes']",1,2,EleutherAI/pythia-160m
link_text,1,6,0.0093,link,text,Link text describes,"['<|endoftext|>', 'Link', ' text', ' describes']",1,2,EleutherAI/pythia-160m
link_text,1,7,0.4889,link,text,Link text describes,"['<|endoftext|>', 'Link', ' text', ' describes']",1,2,EleutherAI/pythia-160m
link_text,1,8,0.4104,link,text,Link text describes,"['<|endoftext|>', 'Link', ' text', ' describes']",1,2,EleutherAI/pythia-160m
link_text,1,9,0.1737,link,text,Link text describes,"['<|endoftext|>', 'Link', ' text', ' describes']",1,2,EleutherAI/pythia-160m
link_text,1,10,0.0,link,text,Link text describes,"['<|endoftext|>', 'Link', ' text', ' describes']",1,2,EleutherAI/pythia-160m
link_text,1,11,0.7375,link,text,Link text describes,"['<|endoftext|>', 'Link', ' text', ' describes']",1,2,EleutherAI/pythia-160m
link_text,2,0,0.0485,link,text,Link text describes,"['<|endoftext|>', 'Link', ' text', ' describes']",1,2,EleutherAI/pythia-160m
link_text,2,1,0.5331,link,text,Link text describes,"['<|endoftext|>', 'Link', ' text', ' describes']",1,2,EleutherAI/pythia-160m
link_text,2,2,0.22,link,text,Link text describes,"['<|endoftext|>', 'Link', ' text', ' describes']",1,2,EleutherAI/pythia-160m
link_text,2,3,0.5829,link,text,Link text describes,"['<|endoftext|>', 'Link', ' text', ' describes']",1,2,EleutherAI/pythia-160m
link_text,2,4,0.1596,link,text,Link text describes,"['<|endoftext|>', 'Link', ' text', ' describes']",1,2,EleutherAI/pythia-160m
link_text,2,5,0.4687,link,text,Link text describes,"['<|endoftext|>', 'Link', ' text', ' describes']",1,2,EleutherAI/pythia-160m
link_text,2,6,0.2284,link,text,Link text describes,"['<|endoftext|>', 'Link', ' text', ' describes']",1,2,EleutherAI/pythia-160m
link_text,2,7,0.4779,link,text,Link text describes,"['<|endoftext|>', 'Link', ' text', ' describes']",1,2,EleutherAI/pythia-160m
link_text,2,8,0.7025,link,text,Link text describes,"['<|endoftext|>', 'Link', ' text', ' describes']",1,2,EleutherAI/pythia-160m
link_text,2,9,0.0873,link,text,Link text describes,"['<|endoftext|>', 'Link', ' text', ' describes']",1,2,EleutherAI/pythia-160m
link_text,2,10,0.2002,link,text,Link text describes,"['<|endoftext|>', 'Link', ' text', ' describes']",1,2,EleutherAI/pythia-160m
link_text,2,11,0.1194,link,text,Link text describes,"['<|endoftext|>', 'Link', ' text', ' describes']",1,2,EleutherAI/pythia-160m
link_text,3,0,0.8838,link,text,Link text describes,"['<|endoftext|>', 'Link', ' text', ' describes']",1,2,EleutherAI/pythia-160m
link_text,3,1,0.831,link,text,Link text describes,"['<|endoftext|>', 'Link', ' text', ' describes']",1,2,EleutherAI/pythia-160m
link_text,3,2,0.9009,link,text,Link text describes,"['<|endoftext|>', 'Link', ' text', ' describes']",1,2,EleutherAI/pythia-160m
link_text,3,3,0.0003,link,text,Link text describes,"['<|endoftext|>', 'Link', ' text', ' describes']",1,2,EleutherAI/pythia-160m
link_text,3,4,0.435,link,text,Link text describes,"['<|endoftext|>', 'Link', ' text', ' describes']",1,2,EleutherAI/pythia-160m
link_text,3,5,0.0093,link,text,Link text describes,"['<|endoftext|>', 'Link', ' text', ' describes']",1,2,EleutherAI/pythia-160m
link_text,3,6,0.3286,link,text,Link text describes,"['<|endoftext|>', 'Link', ' text', ' describes']",1,2,EleutherAI/pythia-160m
link_text,3,7,0.2755,link,text,Link text describes,"['<|endoftext|>', 'Link', ' text', ' describes']",1,2,EleutherAI/pythia-160m
link_text,3,8,0.0485,link,text,Link text describes,"['<|endoftext|>', 'Link', ' text', ' describes']",1,2,EleutherAI/pythia-160m
link_text,3,9,0.625,link,text,Link text describes,"['<|endoftext|>', 'Link', ' text', ' describes']",1,2,EleutherAI/pythia-160m
link_text,3,10,0.8267,link,text,Link text describes,"['<|endoftext|>', 'Link', ' text', ' describes']",1,2,EleutherAI/pythia-160m
link_text,3,11,0.4159,link,text,Link text describes,"['<|endoftext|>', 'Link', ' text', ' describes']",1,2,EleutherAI/pythia-160m
link_text,4,0,0.0567,link,text,Link text describes,"['<|endoftext|>', 'Link', ' text', ' describes']",1,2,EleutherAI/pythia-160m
link_text,4,1,0.0098,link,text,Link text describes,"['<|endoftext|>', 'Link', ' text', ' describes']",1,2,EleutherAI/pythia-160m
link_text,4,2,0.2026,link,text,Link text describes,"['<|endoftext|>', 'Link', ' text', ' describes']",1,2,EleutherAI/pythia-160m
link_text,4,3,0.2391,link,text,Link text describes,"['<|endoftext|>', 'Link', ' text', ' describes']",1,2,EleutherAI/pythia-160m
link_text,4,4,0.9149,link,text,Link text describes,"['<|endoftext|>', 'Link', ' text', ' describes']",1,2,EleutherAI/pythia-160m
link_text,4,5,0.1725,link,text,Link text describes,"['<|endoftext|>', 'Link', ' text', ' describes']",1,2,EleutherAI/pythia-160m
link_text,4,6,0.0,link,text,Link text describes,"['<|endoftext|>', 'Link', ' text', ' describes']",1,2,EleutherAI/pythia-160m
link_text,4,7,0.1666,link,text,Link text describes,"['<|endoftext|>', 'Link', ' text', ' describes']",1,2,EleutherAI/pythia-160m
link_text,4,8,0.0079,link,text,Link text describes,"['<|endoftext|>', 'Link', ' text', ' describes']",1,2,EleutherAI/pythia-160m
link_text,4,9,0.5417,link,text,Link text describes,"['<|endoftext|>', 'Link', ' text', ' describes']",1,2,EleutherAI/pythia-160m
link_text,4,10,0.0,link,text,Link text describes,"['<|endoftext|>', 'Link', ' text', ' describes']",1,2,EleutherAI/pythia-160m
link_text,4,11,0.0116,link,text,Link text describes,"['<|endoftext|>', 'Link', ' text', ' describes']",1,2,EleutherAI/pythia-160m
link_text,5,0,0.0015,link,text,Link text describes,"['<|endoftext|>', 'Link', ' text', ' describes']",1,2,EleutherAI/pythia-160m
link_text,5,1,0.4554,link,text,Link text describes,"['<|endoftext|>', 'Link', ' text', ' describes']",1,2,EleutherAI/pythia-160m
link_text,5,2,0.0049,link,text,Link text describes,"['<|endoftext|>', 'Link', ' text', ' describes']",1,2,EleutherAI/pythia-160m
link_text,5,3,0.0694,link,text,Link text describes,"['<|endoftext|>', 'Link', ' text', ' describes']",1,2,EleutherAI/pythia-160m
link_text,5,4,0.0434,link,text,Link text describes,"['<|endoftext|>', 'Link', ' text', ' describes']",1,2,EleutherAI/pythia-160m
link_text,5,5,0.1554,link,text,Link text describes,"['<|endoftext|>', 'Link', ' text', ' describes']",1,2,EleutherAI/pythia-160m
link_text,5,6,0.0,link,text,Link text describes,"['<|endoftext|>', 'Link', ' text', ' describes']",1,2,EleutherAI/pythia-160m
link_text,5,7,0.0002,link,text,Link text describes,"['<|endoftext|>', 'Link', ' text', ' describes']",1,2,EleutherAI/pythia-160m
link_text,5,8,0.8313,link,text,Link text describes,"['<|endoftext|>', 'Link', ' text', ' describes']",1,2,EleutherAI/pythia-160m
link_text,5,9,0.0001,link,text,Link text describes,"['<|endoftext|>', 'Link', ' text', ' describes']",1,2,EleutherAI/pythia-160m
link_text,5,10,0.0005,link,text,Link text describes,"['<|endoftext|>', 'Link', ' text', ' describes']",1,2,EleutherAI/pythia-160m
link_text,5,11,0.328,link,text,Link text describes,"['<|endoftext|>', 'Link', ' text', ' describes']",1,2,EleutherAI/pythia-160m
link_text,6,0,0.0504,link,text,Link text describes,"['<|endoftext|>', 'Link', ' text', ' describes']",1,2,EleutherAI/pythia-160m
link_text,6,1,0.0229,link,text,Link text describes,"['<|endoftext|>', 'Link', ' text', ' describes']",1,2,EleutherAI/pythia-160m
link_text,6,2,0.4284,link,text,Link text describes,"['<|endoftext|>', 'Link', ' text', ' describes']",1,2,EleutherAI/pythia-160m
link_text,6,3,0.3021,link,text,Link text describes,"['<|endoftext|>', 'Link', ' text', ' describes']",1,2,EleutherAI/pythia-160m
link_text,6,4,0.0533,link,text,Link text describes,"['<|endoftext|>', 'Link', ' text', ' describes']",1,2,EleutherAI/pythia-160m
link_text,6,5,0.1347,link,text,Link text describes,"['<|endoftext|>', 'Link', ' text', ' describes']",1,2,EleutherAI/pythia-160m
link_text,6,6,0.0042,link,text,Link text describes,"['<|endoftext|>', 'Link', ' text', ' describes']",1,2,EleutherAI/pythia-160m
link_text,6,7,0.0403,link,text,Link text describes,"['<|endoftext|>', 'Link', ' text', ' describes']",1,2,EleutherAI/pythia-160m
link_text,6,8,0.0189,link,text,Link text describes,"['<|endoftext|>', 'Link', ' text', ' describes']",1,2,EleutherAI/pythia-160m
link_text,6,9,0.0061,link,text,Link text describes,"['<|endoftext|>', 'Link', ' text', ' describes']",1,2,EleutherAI/pythia-160m
link_text,6,10,0.0016,link,text,Link text describes,"['<|endoftext|>', 'Link', ' text', ' describes']",1,2,EleutherAI/pythia-160m
link_text,6,11,0.0302,link,text,Link text describes,"['<|endoftext|>', 'Link', ' text', ' describes']",1,2,EleutherAI/pythia-160m
link_text,7,0,0.2751,link,text,Link text describes,"['<|endoftext|>', 'Link', ' text', ' describes']",1,2,EleutherAI/pythia-160m
link_text,7,1,0.3974,link,text,Link text describes,"['<|endoftext|>', 'Link', ' text', ' describes']",1,2,EleutherAI/pythia-160m
link_text,7,2,0.0467,link,text,Link text describes,"['<|endoftext|>', 'Link', ' text', ' describes']",1,2,EleutherAI/pythia-160m
link_text,7,3,0.0313,link,text,Link text describes,"['<|endoftext|>', 'Link', ' text', ' describes']",1,2,EleutherAI/pythia-160m
link_text,7,4,0.013,link,text,Link text describes,"['<|endoftext|>', 'Link', ' text', ' describes']",1,2,EleutherAI/pythia-160m
link_text,7,5,0.0001,link,text,Link text describes,"['<|endoftext|>', 'Link', ' text', ' describes']",1,2,EleutherAI/pythia-160m
link_text,7,6,0.0,link,text,Link text describes,"['<|endoftext|>', 'Link', ' text', ' describes']",1,2,EleutherAI/pythia-160m
link_text,7,7,0.907,link,text,Link text describes,"['<|endoftext|>', 'Link', ' text', ' describes']",1,2,EleutherAI/pythia-160m
link_text,7,8,0.1276,link,text,Link text describes,"['<|endoftext|>', 'Link', ' text', ' describes']",1,2,EleutherAI/pythia-160m
link_text,7,9,0.0014,link,text,Link text describes,"['<|endoftext|>', 'Link', ' text', ' describes']",1,2,EleutherAI/pythia-160m
link_text,7,10,0.0,link,text,Link text describes,"['<|endoftext|>', 'Link', ' text', ' describes']",1,2,EleutherAI/pythia-160m
link_text,7,11,0.0189,link,text,Link text describes,"['<|endoftext|>', 'Link', ' text', ' describes']",1,2,EleutherAI/pythia-160m
link_text,8,0,0.2767,link,text,Link text describes,"['<|endoftext|>', 'Link', ' text', ' describes']",1,2,EleutherAI/pythia-160m
link_text,8,1,0.0126,link,text,Link text describes,"['<|endoftext|>', 'Link', ' text', ' describes']",1,2,EleutherAI/pythia-160m
link_text,8,2,0.0,link,text,Link text describes,"['<|endoftext|>', 'Link', ' text', ' describes']",1,2,EleutherAI/pythia-160m
link_text,8,3,0.0003,link,text,Link text describes,"['<|endoftext|>', 'Link', ' text', ' describes']",1,2,EleutherAI/pythia-160m
link_text,8,4,0.0,link,text,Link text describes,"['<|endoftext|>', 'Link', ' text', ' describes']",1,2,EleutherAI/pythia-160m
link_text,8,5,0.0,link,text,Link text describes,"['<|endoftext|>', 'Link', ' text', ' describes']",1,2,EleutherAI/pythia-160m
link_text,8,6,0.0012,link,text,Link text describes,"['<|endoftext|>', 'Link', ' text', ' describes']",1,2,EleutherAI/pythia-160m
link_text,8,7,0.0006,link,text,Link text describes,"['<|endoftext|>', 'Link', ' text', ' describes']",1,2,EleutherAI/pythia-160m
link_text,8,8,0.0,link,text,Link text describes,"['<|endoftext|>', 'Link', ' text', ' describes']",1,2,EleutherAI/pythia-160m
link_text,8,9,0.0047,link,text,Link text describes,"['<|endoftext|>', 'Link', ' text', ' describes']",1,2,EleutherAI/pythia-160m
link_text,8,10,0.094,link,text,Link text describes,"['<|endoftext|>', 'Link', ' text', ' describes']",1,2,EleutherAI/pythia-160m
link_text,8,11,0.0,link,text,Link text describes,"['<|endoftext|>', 'Link', ' text', ' describes']",1,2,EleutherAI/pythia-160m
link_text,9,0,0.2701,link,text,Link text describes,"['<|endoftext|>', 'Link', ' text', ' describes']",1,2,EleutherAI/pythia-160m
link_text,9,1,0.0,link,text,Link text describes,"['<|endoftext|>', 'Link', ' text', ' describes']",1,2,EleutherAI/pythia-160m
link_text,9,2,0.0,link,text,Link text describes,"['<|endoftext|>', 'Link', ' text', ' describes']",1,2,EleutherAI/pythia-160m
link_text,9,3,0.9506,link,text,Link text describes,"['<|endoftext|>', 'Link', ' text', ' describes']",1,2,EleutherAI/pythia-160m
link_text,9,4,0.0,link,text,Link text describes,"['<|endoftext|>', 'Link', ' text', ' describes']",1,2,EleutherAI/pythia-160m
link_text,9,5,0.0001,link,text,Link text describes,"['<|endoftext|>', 'Link', ' text', ' describes']",1,2,EleutherAI/pythia-160m
link_text,9,6,0.0,link,text,Link text describes,"['<|endoftext|>', 'Link', ' text', ' describes']",1,2,EleutherAI/pythia-160m
link_text,9,7,0.8746,link,text,Link text describes,"['<|endoftext|>', 'Link', ' text', ' describes']",1,2,EleutherAI/pythia-160m
link_text,9,8,0.0001,link,text,Link text describes,"['<|endoftext|>', 'Link', ' text', ' describes']",1,2,EleutherAI/pythia-160m
link_text,9,9,0.0,link,text,Link text describes,"['<|endoftext|>', 'Link', ' text', ' describes']",1,2,EleutherAI/pythia-160m
link_text,9,10,0.057,link,text,Link text describes,"['<|endoftext|>', 'Link', ' text', ' describes']",1,2,EleutherAI/pythia-160m
link_text,9,11,0.0188,link,text,Link text describes,"['<|endoftext|>', 'Link', ' text', ' describes']",1,2,EleutherAI/pythia-160m
link_text,10,0,0.0,link,text,Link text describes,"['<|endoftext|>', 'Link', ' text', ' describes']",1,2,EleutherAI/pythia-160m
link_text,10,1,0.0,link,text,Link text describes,"['<|endoftext|>', 'Link', ' text', ' describes']",1,2,EleutherAI/pythia-160m
link_text,10,2,0.9996,link,text,Link text describes,"['<|endoftext|>', 'Link', ' text', ' describes']",1,2,EleutherAI/pythia-160m
link_text,10,3,0.5427,link,text,Link text describes,"['<|endoftext|>', 'Link', ' text', ' describes']",1,2,EleutherAI/pythia-160m
link_text,10,4,0.0,link,text,Link text describes,"['<|endoftext|>', 'Link', ' text', ' describes']",1,2,EleutherAI/pythia-160m
link_text,10,5,0.0268,link,text,Link text describes,"['<|endoftext|>', 'Link', ' text', ' describes']",1,2,EleutherAI/pythia-160m
link_text,10,6,0.0,link,text,Link text describes,"['<|endoftext|>', 'Link', ' text', ' describes']",1,2,EleutherAI/pythia-160m
link_text,10,7,0.0,link,text,Link text describes,"['<|endoftext|>', 'Link', ' text', ' describes']",1,2,EleutherAI/pythia-160m
link_text,10,8,0.0,link,text,Link text describes,"['<|endoftext|>', 'Link', ' text', ' describes']",1,2,EleutherAI/pythia-160m
link_text,10,9,0.7923,link,text,Link text describes,"['<|endoftext|>', 'Link', ' text', ' describes']",1,2,EleutherAI/pythia-160m
link_text,10,10,0.0,link,text,Link text describes,"['<|endoftext|>', 'Link', ' text', ' describes']",1,2,EleutherAI/pythia-160m
link_text,10,11,0.0,link,text,Link text describes,"['<|endoftext|>', 'Link', ' text', ' describes']",1,2,EleutherAI/pythia-160m
link_text,11,0,0.9965,link,text,Link text describes,"['<|endoftext|>', 'Link', ' text', ' describes']",1,2,EleutherAI/pythia-160m
link_text,11,1,0.0,link,text,Link text describes,"['<|endoftext|>', 'Link', ' text', ' describes']",1,2,EleutherAI/pythia-160m
link_text,11,2,0.8038,link,text,Link text describes,"['<|endoftext|>', 'Link', ' text', ' describes']",1,2,EleutherAI/pythia-160m
link_text,11,3,0.0,link,text,Link text describes,"['<|endoftext|>', 'Link', ' text', ' describes']",1,2,EleutherAI/pythia-160m
link_text,11,4,0.0,link,text,Link text describes,"['<|endoftext|>', 'Link', ' text', ' describes']",1,2,EleutherAI/pythia-160m
link_text,11,5,0.0,link,text,Link text describes,"['<|endoftext|>', 'Link', ' text', ' describes']",1,2,EleutherAI/pythia-160m
link_text,11,6,0.9996,link,text,Link text describes,"['<|endoftext|>', 'Link', ' text', ' describes']",1,2,EleutherAI/pythia-160m
link_text,11,7,0.0,link,text,Link text describes,"['<|endoftext|>', 'Link', ' text', ' describes']",1,2,EleutherAI/pythia-160m
link_text,11,8,0.0275,link,text,Link text describes,"['<|endoftext|>', 'Link', ' text', ' describes']",1,2,EleutherAI/pythia-160m
link_text,11,9,0.0,link,text,Link text describes,"['<|endoftext|>', 'Link', ' text', ' describes']",1,2,EleutherAI/pythia-160m
link_text,11,10,0.0,link,text,Link text describes,"['<|endoftext|>', 'Link', ' text', ' describes']",1,2,EleutherAI/pythia-160m
link_text,11,11,0.0,link,text,Link text describes,"['<|endoftext|>', 'Link', ' text', ' describes']",1,2,EleutherAI/pythia-160m
focus_indicator,0,0,0.0207,focus,indicator,A focus indicator is,"['<|endoftext|>', 'A', ' focus', ' indicator', ' is']",2,3,EleutherAI/pythia-160m
focus_indicator,0,1,0.0007,focus,indicator,A focus indicator is,"['<|endoftext|>', 'A', ' focus', ' indicator', ' is']",2,3,EleutherAI/pythia-160m
focus_indicator,0,2,0.2972,focus,indicator,A focus indicator is,"['<|endoftext|>', 'A', ' focus', ' indicator', ' is']",2,3,EleutherAI/pythia-160m
focus_indicator,0,3,0.4401,focus,indicator,A focus indicator is,"['<|endoftext|>', 'A', ' focus', ' indicator', ' is']",2,3,EleutherAI/pythia-160m
focus_indicator,0,4,0.2462,focus,indicator,A focus indicator is,"['<|endoftext|>', 'A', ' focus', ' indicator', ' is']",2,3,EleutherAI/pythia-160m
focus_indicator,0,5,0.0338,focus,indicator,A focus indicator is,"['<|endoftext|>', 'A', ' focus', ' indicator', ' is']",2,3,EleutherAI/pythia-160m
focus_indicator,0,6,0.0327,focus,indicator,A focus indicator is,"['<|endoftext|>', 'A', ' focus', ' indicator', ' is']",2,3,EleutherAI/pythia-160m
focus_indicator,0,7,0.0005,focus,indicator,A focus indicator is,"['<|endoftext|>', 'A', ' focus', ' indicator', ' is']",2,3,EleutherAI/pythia-160m
focus_indicator,0,8,0.4274,focus,indicator,A focus indicator is,"['<|endoftext|>', 'A', ' focus', ' indicator', ' is']",2,3,EleutherAI/pythia-160m
focus_indicator,0,9,0.1551,focus,indicator,A focus indicator is,"['<|endoftext|>', 'A', ' focus', ' indicator', ' is']",2,3,EleutherAI/pythia-160m
focus_indicator,0,10,0.4384,focus,indicator,A focus indicator is,"['<|endoftext|>', 'A', ' focus', ' indicator', ' is']",2,3,EleutherAI/pythia-160m
focus_indicator,0,11,0.0,focus,indicator,A focus indicator is,"['<|endoftext|>', 'A', ' focus', ' indicator', ' is']",2,3,EleutherAI/pythia-160m
focus_indicator,1,0,0.25,focus,indicator,A focus indicator is,"['<|endoftext|>', 'A', ' focus', ' indicator', ' is']",2,3,EleutherAI/pythia-160m
focus_indicator,1,1,0.4509,focus,indicator,A focus indicator is,"['<|endoftext|>', 'A', ' focus', ' indicator', ' is']",2,3,EleutherAI/pythia-160m
focus_indicator,1,2,0.3774,focus,indicator,A focus indicator is,"['<|endoftext|>', 'A', ' focus', ' indicator', ' is']",2,3,EleutherAI/pythia-160m
focus_indicator,1,3,0.2974,focus,indicator,A focus indicator is,"['<|endoftext|>', 'A', ' focus', ' indicator', ' is']",2,3,EleutherAI/pythia-160m
focus_indicator,1,4,0.0438,focus,indicator,A focus indicator is,"['<|endoftext|>', 'A', ' focus', ' indicator', ' is']",2,3,EleutherAI/pythia-160m
focus_indicator,1,5,0.068,focus,indicator,A focus indicator is,"['<|endoftext|>', 'A', ' focus', ' indicator', ' is']",2,3,EleutherAI/pythia-160m
focus_indicator,1,6,0.0005,focus,indicator,A focus indicator is,"['<|endoftext|>', 'A', ' focus', ' indicator', ' is']",2,3,EleutherAI/pythia-160m
focus_indicator,1,7,0.5063,focus,indicator,A focus indicator is,"['<|endoftext|>', 'A', ' focus', ' indicator', ' is']",2,3,EleutherAI/pythia-160m
focus_indicator,1,8,0.0077,focus,indicator,A focus indicator is,"['<|endoftext|>', 'A', ' focus', ' indicator', ' is']",2,3,EleutherAI/pythia-160m
focus_indicator,1,9,0.1268,focus,indicator,A focus indicator is,"['<|endoftext|>', 'A', ' focus', ' indicator', ' is']",2,3,EleutherAI/pythia-160m
focus_indicator,1,10,0.0001,focus,indicator,A focus indicator is,"['<|endoftext|>', 'A', ' focus', ' indicator', ' is']",2,3,EleutherAI/pythia-160m
focus_indicator,1,11,0.2548,focus,indicator,A focus indicator is,"['<|endoftext|>', 'A', ' focus', ' indicator', ' is']",2,3,EleutherAI/pythia-160m
focus_indicator,2,0,0.0304,focus,indicator,A focus indicator is,"['<|endoftext|>', 'A', ' focus', ' indicator', ' is']",2,3,EleutherAI/pythia-160m
focus_indicator,2,1,0.022,focus,indicator,A focus indicator is,"['<|endoftext|>', 'A', ' focus', ' indicator', ' is']",2,3,EleutherAI/pythia-160m
focus_indicator,2,2,0.0431,focus,indicator,A focus indicator is,"['<|endoftext|>', 'A', ' focus', ' indicator', ' is']",2,3,EleutherAI/pythia-160m
focus_indicator,2,3,0.2051,focus,indicator,A focus indicator is,"['<|endoftext|>', 'A', ' focus', ' indicator', ' is']",2,3,EleutherAI/pythia-160m
focus_indicator,2,4,0.258,focus,indicator,A focus indicator is,"['<|endoftext|>', 'A', ' focus', ' indicator', ' is']",2,3,EleutherAI/pythia-160m
focus_indicator,2,5,0.1353,focus,indicator,A focus indicator is,"['<|endoftext|>', 'A', ' focus', ' indicator', ' is']",2,3,EleutherAI/pythia-160m
focus_indicator,2,6,0.3157,focus,indicator,A focus indicator is,"['<|endoftext|>', 'A', ' focus', ' indicator', ' is']",2,3,EleutherAI/pythia-160m
focus_indicator,2,7,0.3853,focus,indicator,A focus indicator is,"['<|endoftext|>', 'A', ' focus', ' indicator', ' is']",2,3,EleutherAI/pythia-160m
focus_indicator,2,8,0.5719,focus,indicator,A focus indicator is,"['<|endoftext|>', 'A', ' focus', ' indicator', ' is']",2,3,EleutherAI/pythia-160m
focus_indicator,2,9,0.1634,focus,indicator,A focus indicator is,"['<|endoftext|>', 'A', ' focus', ' indicator', ' is']",2,3,EleutherAI/pythia-160m
focus_indicator,2,10,0.0131,focus,indicator,A focus indicator is,"['<|endoftext|>', 'A', ' focus', ' indicator', ' is']",2,3,EleutherAI/pythia-160m
focus_indicator,2,11,0.0174,focus,indicator,A focus indicator is,"['<|endoftext|>', 'A', ' focus', ' indicator', ' is']",2,3,EleutherAI/pythia-160m
focus_indicator,3,0,0.89,focus,indicator,A focus indicator is,"['<|endoftext|>', 'A', ' focus', ' indicator', ' is']",2,3,EleutherAI/pythia-160m
focus_indicator,3,1,0.2591,focus,indicator,A focus indicator is,"['<|endoftext|>', 'A', ' focus', ' indicator', ' is']",2,3,EleutherAI/pythia-160m
focus_indicator,3,2,0.9401,focus,indicator,A focus indicator is,"['<|endoftext|>', 'A', ' focus', ' indicator', ' is']",2,3,EleutherAI/pythia-160m
focus_indicator,3,3,0.0012,focus,indicator,A focus indicator is,"['<|endoftext|>', 'A', ' focus', ' indicator', ' is']",2,3,EleutherAI/pythia-160m
focus_indicator,3,4,0.2981,focus,indicator,A focus indicator is,"['<|endoftext|>', 'A', ' focus', ' indicator', ' is']",2,3,EleutherAI/pythia-160m
focus_indicator,3,5,0.0108,focus,indicator,A focus indicator is,"['<|endoftext|>', 'A', ' focus', ' indicator', ' is']",2,3,EleutherAI/pythia-160m
focus_indicator,3,6,0.1374,focus,indicator,A focus indicator is,"['<|endoftext|>', 'A', ' focus', ' indicator', ' is']",2,3,EleutherAI/pythia-160m
focus_indicator,3,7,0.0393,focus,indicator,A focus indicator is,"['<|endoftext|>', 'A', ' focus', ' indicator', ' is']",2,3,EleutherAI/pythia-160m
focus_indicator,3,8,0.1052,focus,indicator,A focus indicator is,"['<|endoftext|>', 'A', ' focus', ' indicator', ' is']",2,3,EleutherAI/pythia-160m
focus_indicator,3,9,0.1173,focus,indicator,A focus indicator is,"['<|endoftext|>', 'A', ' focus', ' indicator', ' is']",2,3,EleutherAI/pythia-160m
focus_indicator,3,10,0.2207,focus,indicator,A focus indicator is,"['<|endoftext|>', 'A', ' focus', ' indicator', ' is']",2,3,EleutherAI/pythia-160m
focus_indicator,3,11,0.0786,focus,indicator,A focus indicator is,"['<|endoftext|>', 'A', ' focus', ' indicator', ' is']",2,3,EleutherAI/pythia-160m
focus_indicator,4,0,0.0156,focus,indicator,A focus indicator is,"['<|endoftext|>', 'A', ' focus', ' indicator', ' is']",2,3,EleutherAI/pythia-160m
focus_indicator,4,1,0.0202,focus,indicator,A focus indicator is,"['<|endoftext|>', 'A', ' focus', ' indicator', ' is']",2,3,EleutherAI/pythia-160m
focus_indicator,4,2,0.2883,focus,indicator,A focus indicator is,"['<|endoftext|>', 'A', ' focus', ' indicator', ' is']",2,3,EleutherAI/pythia-160m
focus_indicator,4,3,0.0372,focus,indicator,A focus indicator is,"['<|endoftext|>', 'A', ' focus', ' indicator', ' is']",2,3,EleutherAI/pythia-160m
focus_indicator,4,4,0.1022,focus,indicator,A focus indicator is,"['<|endoftext|>', 'A', ' focus', ' indicator', ' is']",2,3,EleutherAI/pythia-160m
focus_indicator,4,5,0.0245,focus,indicator,A focus indicator is,"['<|endoftext|>', 'A', ' focus', ' indicator', ' is']",2,3,EleutherAI/pythia-160m
focus_indicator,4,6,0.0002,focus,indicator,A focus indicator is,"['<|endoftext|>', 'A', ' focus', ' indicator', ' is']",2,3,EleutherAI/pythia-160m
focus_indicator,4,7,0.0107,focus,indicator,A focus indicator is,"['<|endoftext|>', 'A', ' focus', ' indicator', ' is']",2,3,EleutherAI/pythia-160m
focus_indicator,4,8,0.0019,focus,indicator,A focus indicator is,"['<|endoftext|>', 'A', ' focus', ' indicator', ' is']",2,3,EleutherAI/pythia-160m
focus_indicator,4,9,0.2058,focus,indicator,A focus indicator is,"['<|endoftext|>', 'A', ' focus', ' indicator', ' is']",2,3,EleutherAI/pythia-160m
focus_indicator,4,10,0.0,focus,indicator,A focus indicator is,"['<|endoftext|>', 'A', ' focus', ' indicator', ' is']",2,3,EleutherAI/pythia-160m
focus_indicator,4,11,0.005,focus,indicator,A focus indicator is,"['<|endoftext|>', 'A', ' focus', ' indicator', ' is']",2,3,EleutherAI/pythia-160m
focus_indicator,5,0,0.0002,focus,indicator,A focus indicator is,"['<|endoftext|>', 'A', ' focus', ' indicator', ' is']",2,3,EleutherAI/pythia-160m
focus_indicator,5,1,0.2284,focus,indicator,A focus indicator is,"['<|endoftext|>', 'A', ' focus', ' indicator', ' is']",2,3,EleutherAI/pythia-160m
focus_indicator,5,2,0.0017,focus,indicator,A focus indicator is,"['<|endoftext|>', 'A', ' focus', ' indicator', ' is']",2,3,EleutherAI/pythia-160m
focus_indicator,5,3,0.0184,focus,indicator,A focus indicator is,"['<|endoftext|>', 'A', ' focus', ' indicator', ' is']",2,3,EleutherAI/pythia-160m
focus_indicator,5,4,0.0259,focus,indicator,A focus indicator is,"['<|endoftext|>', 'A', ' focus', ' indicator', ' is']",2,3,EleutherAI/pythia-160m
focus_indicator,5,5,0.0023,focus,indicator,A focus indicator is,"['<|endoftext|>', 'A', ' focus', ' indicator', ' is']",2,3,EleutherAI/pythia-160m
focus_indicator,5,6,0.0,focus,indicator,A focus indicator is,"['<|endoftext|>', 'A', ' focus', ' indicator', ' is']",2,3,EleutherAI/pythia-160m
focus_indicator,5,7,0.0006,focus,indicator,A focus indicator is,"['<|endoftext|>', 'A', ' focus', ' indicator', ' is']",2,3,EleutherAI/pythia-160m
focus_indicator,5,8,0.324,focus,indicator,A focus indicator is,"['<|endoftext|>', 'A', ' focus', ' indicator', ' is']",2,3,EleutherAI/pythia-160m
focus_indicator,5,9,0.0002,focus,indicator,A focus indicator is,"['<|endoftext|>', 'A', ' focus', ' indicator', ' is']",2,3,EleutherAI/pythia-160m
focus_indicator,5,10,0.0102,focus,indicator,A focus indicator is,"['<|endoftext|>', 'A', ' focus', ' indicator', ' is']",2,3,EleutherAI/pythia-160m
focus_indicator,5,11,0.2642,focus,indicator,A focus indicator is,"['<|endoftext|>', 'A', ' focus', ' indicator', ' is']",2,3,EleutherAI/pythia-160m
focus_indicator,6,0,0.0174,focus,indicator,A focus indicator is,"['<|endoftext|>', 'A', ' focus', ' indicator', ' is']",2,3,EleutherAI/pythia-160m
focus_indicator,6,1,0.0037,focus,indicator,A focus indicator is,"['<|endoftext|>', 'A', ' focus', ' indicator', ' is']",2,3,EleutherAI/pythia-160m
focus_indicator,6,2,0.0821,focus,indicator,A focus indicator is,"['<|endoftext|>', 'A', ' focus', ' indicator', ' is']",2,3,EleutherAI/pythia-160m
focus_indicator,6,3,0.0934,focus,indicator,A focus indicator is,"['<|endoftext|>', 'A', ' focus', ' indicator', ' is']",2,3,EleutherAI/pythia-160m
focus_indicator,6,4,0.1092,focus,indicator,A focus indicator is,"['<|endoftext|>', 'A', ' focus', ' indicator', ' is']",2,3,EleutherAI/pythia-160m
focus_indicator,6,5,0.0863,focus,indicator,A focus indicator is,"['<|endoftext|>', 'A', ' focus', ' indicator', ' is']",2,3,EleutherAI/pythia-160m
focus_indicator,6,6,0.0041,focus,indicator,A focus indicator is,"['<|endoftext|>', 'A', ' focus', ' indicator', ' is']",2,3,EleutherAI/pythia-160m
focus_indicator,6,7,0.0088,focus,indicator,A focus indicator is,"['<|endoftext|>', 'A', ' focus', ' indicator', ' is']",2,3,EleutherAI/pythia-160m
focus_indicator,6,8,0.0028,focus,indicator,A focus indicator is,"['<|endoftext|>', 'A', ' focus', ' indicator', ' is']",2,3,EleutherAI/pythia-160m
focus_indicator,6,9,0.0112,focus,indicator,A focus indicator is,"['<|endoftext|>', 'A', ' focus', ' indicator', ' is']",2,3,EleutherAI/pythia-160m
focus_indicator,6,10,0.0014,focus,indicator,A focus indicator is,"['<|endoftext|>', 'A', ' focus', ' indicator', ' is']",2,3,EleutherAI/pythia-160m
focus_indicator,6,11,0.0044,focus,indicator,A focus indicator is,"['<|endoftext|>', 'A', ' focus', ' indicator', ' is']",2,3,EleutherAI/pythia-160m
focus_indicator,7,0,0.0434,focus,indicator,A focus indicator is,"['<|endoftext|>', 'A', ' focus', ' indicator', ' is']",2,3,EleutherAI/pythia-160m
focus_indicator,7,1,0.0278,focus,indicator,A focus indicator is,"['<|endoftext|>', 'A', ' focus', ' indicator', ' is']",2,3,EleutherAI/pythia-160m
focus_indicator,7,2,0.0043,focus,indicator,A focus indicator is,"['<|endoftext|>', 'A', ' focus', ' indicator', ' is']",2,3,EleutherAI/pythia-160m
focus_indicator,7,3,0.0015,focus,indicator,A focus indicator is,"['<|endoftext|>', 'A', ' focus', ' indicator', ' is']",2,3,EleutherAI/pythia-160m
focus_indicator,7,4,0.1428,focus,indicator,A focus indicator is,"['<|endoftext|>', 'A', ' focus', ' indicator', ' is']",2,3,EleutherAI/pythia-160m
focus_indicator,7,5,0.0006,focus,indicator,A focus indicator is,"['<|endoftext|>', 'A', ' focus', ' indicator', ' is']",2,3,EleutherAI/pythia-160m
focus_indicator,7,6,0.0,focus,indicator,A focus indicator is,"['<|endoftext|>', 'A', ' focus', ' indicator', ' is']",2,3,EleutherAI/pythia-160m
focus_indicator,7,7,0.9139,focus,indicator,A focus indicator is,"['<|endoftext|>', 'A', ' focus', ' indicator', ' is']",2,3,EleutherAI/pythia-160m
focus_indicator,7,8,0.1356,focus,indicator,A focus indicator is,"['<|endoftext|>', 'A', ' focus', ' indicator', ' is']",2,3,EleutherAI/pythia-160m
focus_indicator,7,9,0.0,focus,indicator,A focus indicator is,"['<|endoftext|>', 'A', ' focus', ' indicator', ' is']",2,3,EleutherAI/pythia-160m
focus_indicator,7,10,0.0,focus,indicator,A focus indicator is,"['<|endoftext|>', 'A', ' focus', ' indicator', ' is']",2,3,EleutherAI/pythia-160m
focus_indicator,7,11,0.002,focus,indicator,A focus indicator is,"['<|endoftext|>', 'A', ' focus', ' indicator', ' is']",2,3,EleutherAI/pythia-160m
focus_indicator,8,0,0.0659,focus,indicator,A focus indicator is,"['<|endoftext|>', 'A', ' focus', ' indicator', ' is']",2,3,EleutherAI/pythia-160m
focus_indicator,8,1,0.0,focus,indicator,A focus indicator is,"['<|endoftext|>', 'A', ' focus', ' indicator', ' is']",2,3,EleutherAI/pythia-160m
focus_indicator,8,2,0.0,focus,indicator,A focus indicator is,"['<|endoftext|>', 'A', ' focus', ' indicator', ' is']",2,3,EleutherAI/pythia-160m
focus_indicator,8,3,0.0,focus,indicator,A focus indicator is,"['<|endoftext|>', 'A', ' focus', ' indicator', ' is']",2,3,EleutherAI/pythia-160m
focus_indicator,8,4,0.0003,focus,indicator,A focus indicator is,"['<|endoftext|>', 'A', ' focus', ' indicator', ' is']",2,3,EleutherAI/pythia-160m
focus_indicator,8,5,0.0002,focus,indicator,A focus indicator is,"['<|endoftext|>', 'A', ' focus', ' indicator', ' is']",2,3,EleutherAI/pythia-160m
focus_indicator,8,6,0.0,focus,indicator,A focus indicator is,"['<|endoftext|>', 'A', ' focus', ' indicator', ' is']",2,3,EleutherAI/pythia-160m
focus_indicator,8,7,0.0001,focus,indicator,A focus indicator is,"['<|endoftext|>', 'A', ' focus', ' indicator', ' is']",2,3,EleutherAI/pythia-160m
focus_indicator,8,8,0.0,focus,indicator,A focus indicator is,"['<|endoftext|>', 'A', ' focus', ' indicator', ' is']",2,3,EleutherAI/pythia-160m
focus_indicator,8,9,0.0001,focus,indicator,A focus indicator is,"['<|endoftext|>', 'A', ' focus', ' indicator', ' is']",2,3,EleutherAI/pythia-160m
focus_indicator,8,10,0.0155,focus,indicator,A focus indicator is,"['<|endoftext|>', 'A', ' focus', ' indicator', ' is']",2,3,EleutherAI/pythia-160m
focus_indicator,8,11,0.0,focus,indicator,A focus indicator is,"['<|endoftext|>', 'A', ' focus', ' indicator', ' is']",2,3,EleutherAI/pythia-160m
focus_indicator,9,0,0.0002,focus,indicator,A focus indicator is,"['<|endoftext|>', 'A', ' focus', ' indicator', ' is']",2,3,EleutherAI/pythia-160m
focus_indicator,9,1,0.0519,focus,indicator,A focus indicator is,"['<|endoftext|>', 'A', ' focus', ' indicator', ' is']",2,3,EleutherAI/pythia-160m
focus_indicator,9,2,0.0,focus,indicator,A focus indicator is,"['<|endoftext|>', 'A', ' focus', ' indicator', ' is']",2,3,EleutherAI/pythia-160m
focus_indicator,9,3,0.1685,focus,indicator,A focus indicator is,"['<|endoftext|>', 'A', ' focus', ' indicator', ' is']",2,3,EleutherAI/pythia-160m
focus_indicator,9,4,0.0,focus,indicator,A focus indicator is,"['<|endoftext|>', 'A', ' focus', ' indicator', ' is']",2,3,EleutherAI/pythia-160m
focus_indicator,9,5,0.0001,focus,indicator,A focus indicator is,"['<|endoftext|>', 'A', ' focus', ' indicator', ' is']",2,3,EleutherAI/pythia-160m
focus_indicator,9,6,0.0,focus,indicator,A focus indicator is,"['<|endoftext|>', 'A', ' focus', ' indicator', ' is']",2,3,EleutherAI/pythia-160m
focus_indicator,9,7,0.0255,focus,indicator,A focus indicator is,"['<|endoftext|>', 'A', ' focus', ' indicator', ' is']",2,3,EleutherAI/pythia-160m
focus_indicator,9,8,0.0,focus,indicator,A focus indicator is,"['<|endoftext|>', 'A', ' focus', ' indicator', ' is']",2,3,EleutherAI/pythia-160m
focus_indicator,9,9,0.0,focus,indicator,A focus indicator is,"['<|endoftext|>', 'A', ' focus', ' indicator', ' is']",2,3,EleutherAI/pythia-160m
focus_indicator,9,10,0.001,focus,indicator,A focus indicator is,"['<|endoftext|>', 'A', ' focus', ' indicator', ' is']",2,3,EleutherAI/pythia-160m
focus_indicator,9,11,0.0001,focus,indicator,A focus indicator is,"['<|endoftext|>', 'A', ' focus', ' indicator', ' is']",2,3,EleutherAI/pythia-160m
focus_indicator,10,0,0.0,focus,indicator,A focus indicator is,"['<|endoftext|>', 'A', ' focus', ' indicator', ' is']",2,3,EleutherAI/pythia-160m
focus_indicator,10,1,0.0,focus,indicator,A focus indicator is,"['<|endoftext|>', 'A', ' focus', ' indicator', ' is']",2,3,EleutherAI/pythia-160m
focus_indicator,10,2,0.0,focus,indicator,A focus indicator is,"['<|endoftext|>', 'A', ' focus', ' indicator', ' is']",2,3,EleutherAI/pythia-160m
focus_indicator,10,3,0.0,focus,indicator,A focus indicator is,"['<|endoftext|>', 'A', ' focus', ' indicator', ' is']",2,3,EleutherAI/pythia-160m
focus_indicator,10,4,0.0,focus,indicator,A focus indicator is,"['<|endoftext|>', 'A', ' focus', ' indicator', ' is']",2,3,EleutherAI/pythia-160m
focus_indicator,10,5,0.246,focus,indicator,A focus indicator is,"['<|endoftext|>', 'A', ' focus', ' indicator', ' is']",2,3,EleutherAI/pythia-160m
focus_indicator,10,6,0.0,focus,indicator,A focus indicator is,"['<|endoftext|>', 'A', ' focus', ' indicator', ' is']",2,3,EleutherAI/pythia-160m
focus_indicator,10,7,0.0,focus,indicator,A focus indicator is,"['<|endoftext|>', 'A', ' focus', ' indicator', ' is']",2,3,EleutherAI/pythia-160m
focus_indicator,10,8,0.0,focus,indicator,A focus indicator is,"['<|endoftext|>', 'A', ' focus', ' indicator', ' is']",2,3,EleutherAI/pythia-160m
focus_indicator,10,9,0.0161,focus,indicator,A focus indicator is,"['<|endoftext|>', 'A', ' focus', ' indicator', ' is']",2,3,EleutherAI/pythia-160m
focus_indicator,10,10,0.0,focus,indicator,A focus indicator is,"['<|endoftext|>', 'A', ' focus', ' indicator', ' is']",2,3,EleutherAI/pythia-160m
focus_indicator,10,11,0.0,focus,indicator,A focus indicator is,"['<|endoftext|>', 'A', ' focus', ' indicator', ' is']",2,3,EleutherAI/pythia-160m
focus_indicator,11,0,0.05,focus,indicator,A focus indicator is,"['<|endoftext|>', 'A', ' focus', ' indicator', ' is']",2,3,EleutherAI/pythia-160m
focus_indicator,11,1,0.0,focus,indicator,A focus indicator is,"['<|endoftext|>', 'A', ' focus', ' indicator', ' is']",2,3,EleutherAI/pythia-160m
focus_indicator,11,2,0.0,focus,indicator,A focus indicator is,"['<|endoftext|>', 'A', ' focus', ' indicator', ' is']",2,3,EleutherAI/pythia-160m
focus_indicator,11,3,0.339,focus,indicator,A focus indicator is,"['<|endoftext|>', 'A', ' focus', ' indicator', ' is']",2,3,EleutherAI/pythia-160m
focus_indicator,11,4,0.0,focus,indicator,A focus indicator is,"['<|endoftext|>', 'A', ' focus', ' indicator', ' is']",2,3,EleutherAI/pythia-160m
focus_indicator,11,5,0.0,focus,indicator,A focus indicator is,"['<|endoftext|>', 'A', ' focus', ' indicator', ' is']",2,3,EleutherAI/pythia-160m
focus_indicator,11,6,0.0,focus,indicator,A focus indicator is,"['<|endoftext|>', 'A', ' focus', ' indicator', ' is']",2,3,EleutherAI/pythia-160m
focus_indicator,11,7,0.0,focus,indicator,A focus indicator is,"['<|endoftext|>', 'A', ' focus', ' indicator', ' is']",2,3,EleutherAI/pythia-160m
focus_indicator,11,8,0.0,focus,indicator,A focus indicator is,"['<|endoftext|>', 'A', ' focus', ' indicator', ' is']",2,3,EleutherAI/pythia-160m
focus_indicator,11,9,0.0,focus,indicator,A focus indicator is,"['<|endoftext|>', 'A', ' focus', ' indicator', ' is']",2,3,EleutherAI/pythia-160m
focus_indicator,11,10,0.0,focus,indicator,A focus indicator is,"['<|endoftext|>', 'A', ' focus', ' indicator', ' is']",2,3,EleutherAI/pythia-160m
focus_indicator,11,11,0.0,focus,indicator,A focus indicator is,"['<|endoftext|>', 'A', ' focus', ' indicator', ' is']",2,3,EleutherAI/pythia-160m
semantic_html,0,0,0.1469,semantic,HTML,Semantic HTML helps,"['<|endoftext|>', 'Sem', 'antic', ' HTML', ' helps']",2,3,EleutherAI/pythia-160m
semantic_html,0,1,0.0007,semantic,HTML,Semantic HTML helps,"['<|endoftext|>', 'Sem', 'antic', ' HTML', ' helps']",2,3,EleutherAI/pythia-160m
semantic_html,0,2,0.1003,semantic,HTML,Semantic HTML helps,"['<|endoftext|>', 'Sem', 'antic', ' HTML', ' helps']",2,3,EleutherAI/pythia-160m
semantic_html,0,3,0.1179,semantic,HTML,Semantic HTML helps,"['<|endoftext|>', 'Sem', 'antic', ' HTML', ' helps']",2,3,EleutherAI/pythia-160m
semantic_html,0,4,0.1868,semantic,HTML,Semantic HTML helps,"['<|endoftext|>', 'Sem', 'antic', ' HTML', ' helps']",2,3,EleutherAI/pythia-160m
semantic_html,0,5,0.0106,semantic,HTML,Semantic HTML helps,"['<|endoftext|>', 'Sem', 'antic', ' HTML', ' helps']",2,3,EleutherAI/pythia-160m
semantic_html,0,6,0.0796,semantic,HTML,Semantic HTML helps,"['<|endoftext|>', 'Sem', 'antic', ' HTML', ' helps']",2,3,EleutherAI/pythia-160m
semantic_html,0,7,0.0,semantic,HTML,Semantic HTML helps,"['<|endoftext|>', 'Sem', 'antic', ' HTML', ' helps']",2,3,EleutherAI/pythia-160m
semantic_html,0,8,0.3753,semantic,HTML,Semantic HTML helps,"['<|endoftext|>', 'Sem', 'antic', ' HTML', ' helps']",2,3,EleutherAI/pythia-160m
semantic_html,0,9,0.3413,semantic,HTML,Semantic HTML helps,"['<|endoftext|>', 'Sem', 'antic', ' HTML', ' helps']",2,3,EleutherAI/pythia-160m
semantic_html,0,10,0.0226,semantic,HTML,Semantic HTML helps,"['<|endoftext|>', 'Sem', 'antic', ' HTML', ' helps']",2,3,EleutherAI/pythia-160m
semantic_html,0,11,0.0,semantic,HTML,Semantic HTML helps,"['<|endoftext|>', 'Sem', 'antic', ' HTML', ' helps']",2,3,EleutherAI/pythia-160m
semantic_html,1,0,0.0698,semantic,HTML,Semantic HTML helps,"['<|endoftext|>', 'Sem', 'antic', ' HTML', ' helps']",2,3,EleutherAI/pythia-160m
semantic_html,1,1,0.2343,semantic,HTML,Semantic HTML helps,"['<|endoftext|>', 'Sem', 'antic', ' HTML', ' helps']",2,3,EleutherAI/pythia-160m
semantic_html,1,2,0.3396,semantic,HTML,Semantic HTML helps,"['<|endoftext|>', 'Sem', 'antic', ' HTML', ' helps']",2,3,EleutherAI/pythia-160m
semantic_html,1,3,0.0598,semantic,HTML,Semantic HTML helps,"['<|endoftext|>', 'Sem', 'antic', ' HTML', ' helps']",2,3,EleutherAI/pythia-160m
semantic_html,1,4,0.0298,semantic,HTML,Semantic HTML helps,"['<|endoftext|>', 'Sem', 'antic', ' HTML', ' helps']",2,3,EleutherAI/pythia-160m
semantic_html,1,5,0.1506,semantic,HTML,Semantic HTML helps,"['<|endoftext|>', 'Sem', 'antic', ' HTML', ' helps']",2,3,EleutherAI/pythia-160m
semantic_html,1,6,0.0003,semantic,HTML,Semantic HTML helps,"['<|endoftext|>', 'Sem', 'antic', ' HTML', ' helps']",2,3,EleutherAI/pythia-160m
semantic_html,1,7,0.0407,semantic,HTML,Semantic HTML helps,"['<|endoftext|>', 'Sem', 'antic', ' HTML', ' helps']",2,3,EleutherAI/pythia-160m
semantic_html,1,8,0.0056,semantic,HTML,Semantic HTML helps,"['<|endoftext|>', 'Sem', 'antic', ' HTML', ' helps']",2,3,EleutherAI/pythia-160m
semantic_html,1,9,0.0223,semantic,HTML,Semantic HTML helps,"['<|endoftext|>', 'Sem', 'antic', ' HTML', ' helps']",2,3,EleutherAI/pythia-160m
semantic_html,1,10,0.0,semantic,HTML,Semantic HTML helps,"['<|endoftext|>', 'Sem', 'antic', ' HTML', ' helps']",2,3,EleutherAI/pythia-160m
semantic_html,1,11,0.0264,semantic,HTML,Semantic HTML helps,"['<|endoftext|>', 'Sem', 'antic', ' HTML', ' helps']",2,3,EleutherAI/pythia-160m
semantic_html,2,0,0.0651,semantic,HTML,Semantic HTML helps,"['<|endoftext|>', 'Sem', 'antic', ' HTML', ' helps']",2,3,EleutherAI/pythia-160m
semantic_html,2,1,0.0559,semantic,HTML,Semantic HTML helps,"['<|endoftext|>', 'Sem', 'antic', ' HTML', ' helps']",2,3,EleutherAI/pythia-160m
semantic_html,2,2,0.0296,semantic,HTML,Semantic HTML helps,"['<|endoftext|>', 'Sem', 'antic', ' HTML', ' helps']",2,3,EleutherAI/pythia-160m
semantic_html,2,3,0.1881,semantic,HTML,Semantic HTML helps,"['<|endoftext|>', 'Sem', 'antic', ' HTML', ' helps']",2,3,EleutherAI/pythia-160m
semantic_html,2,4,0.1483,semantic,HTML,Semantic HTML helps,"['<|endoftext|>', 'Sem', 'antic', ' HTML', ' helps']",2,3,EleutherAI/pythia-160m
semantic_html,2,5,0.0946,semantic,HTML,Semantic HTML helps,"['<|endoftext|>', 'Sem', 'antic', ' HTML', ' helps']",2,3,EleutherAI/pythia-160m
semantic_html,2,6,0.0982,semantic,HTML,Semantic HTML helps,"['<|endoftext|>', 'Sem', 'antic', ' HTML', ' helps']",2,3,EleutherAI/pythia-160m
semantic_html,2,7,0.1073,semantic,HTML,Semantic HTML helps,"['<|endoftext|>', 'Sem', 'antic', ' HTML', ' helps']",2,3,EleutherAI/pythia-160m
semantic_html,2,8,0.4305,semantic,HTML,Semantic HTML helps,"['<|endoftext|>', 'Sem', 'antic', ' HTML', ' helps']",2,3,EleutherAI/pythia-160m
semantic_html,2,9,0.1162,semantic,HTML,Semantic HTML helps,"['<|endoftext|>', 'Sem', 'antic', ' HTML', ' helps']",2,3,EleutherAI/pythia-160m
semantic_html,2,10,0.1168,semantic,HTML,Semantic HTML helps,"['<|endoftext|>', 'Sem', 'antic', ' HTML', ' helps']",2,3,EleutherAI/pythia-160m
semantic_html,2,11,0.0912,semantic,HTML,Semantic HTML helps,"['<|endoftext|>', 'Sem', 'antic', ' HTML', ' helps']",2,3,EleutherAI/pythia-160m
semantic_html,3,0,0.6854,semantic,HTML,Semantic HTML helps,"['<|endoftext|>', 'Sem', 'antic', ' HTML', ' helps']",2,3,EleutherAI/pythia-160m
semantic_html,3,1,0.2738,semantic,HTML,Semantic HTML helps,"['<|endoftext|>', 'Sem', 'antic', ' HTML', ' helps']",2,3,EleutherAI/pythia-160m
semantic_html,3,2,0.9008,semantic,HTML,Semantic HTML helps,"['<|endoftext|>', 'Sem', 'antic', ' HTML', ' helps']",2,3,EleutherAI/pythia-160m
semantic_html,3,3,0.0,semantic,HTML,Semantic HTML helps,"['<|endoftext|>', 'Sem', 'antic', ' HTML', ' helps']",2,3,EleutherAI/pythia-160m
semantic_html,3,4,0.284,semantic,HTML,Semantic HTML helps,"['<|endoftext|>', 'Sem', 'antic', ' HTML', ' helps']",2,3,EleutherAI/pythia-160m
semantic_html,3,5,0.0115,semantic,HTML,Semantic HTML helps,"['<|endoftext|>', 'Sem', 'antic', ' HTML', ' helps']",2,3,EleutherAI/pythia-160m
semantic_html,3,6,0.036,semantic,HTML,Semantic HTML helps,"['<|endoftext|>', 'Sem', 'antic', ' HTML', ' helps']",2,3,EleutherAI/pythia-160m
semantic_html,3,7,0.0779,semantic,HTML,Semantic HTML helps,"['<|endoftext|>', 'Sem', 'antic', ' HTML', ' helps']",2,3,EleutherAI/pythia-160m
semantic_html,3,8,0.0608,semantic,HTML,Semantic HTML helps,"['<|endoftext|>', 'Sem', 'antic', ' HTML', ' helps']",2,3,EleutherAI/pythia-160m
semantic_html,3,9,0.1654,semantic,HTML,Semantic HTML helps,"['<|endoftext|>', 'Sem', 'antic', ' HTML', ' helps']",2,3,EleutherAI/pythia-160m
semantic_html,3,10,0.6073,semantic,HTML,Semantic HTML helps,"['<|endoftext|>', 'Sem', 'antic', ' HTML', ' helps']",2,3,EleutherAI/pythia-160m
semantic_html,3,11,0.0327,semantic,HTML,Semantic HTML helps,"['<|endoftext|>', 'Sem', 'antic', ' HTML', ' helps']",2,3,EleutherAI/pythia-160m
semantic_html,4,0,0.0485,semantic,HTML,Semantic HTML helps,"['<|endoftext|>', 'Sem', 'antic', ' HTML', ' helps']",2,3,EleutherAI/pythia-160m
semantic_html,4,1,0.0496,semantic,HTML,Semantic HTML helps,"['<|endoftext|>', 'Sem', 'antic', ' HTML', ' helps']",2,3,EleutherAI/pythia-160m
semantic_html,4,2,0.2071,semantic,HTML,Semantic HTML helps,"['<|endoftext|>', 'Sem', 'antic', ' HTML', ' helps']",2,3,EleutherAI/pythia-160m
semantic_html,4,3,0.0459,semantic,HTML,Semantic HTML helps,"['<|endoftext|>', 'Sem', 'antic', ' HTML', ' helps']",2,3,EleutherAI/pythia-160m
semantic_html,4,4,0.224,semantic,HTML,Semantic HTML helps,"['<|endoftext|>', 'Sem', 'antic', ' HTML', ' helps']",2,3,EleutherAI/pythia-160m
semantic_html,4,5,0.1329,semantic,HTML,Semantic HTML helps,"['<|endoftext|>', 'Sem', 'antic', ' HTML', ' helps']",2,3,EleutherAI/pythia-160m
semantic_html,4,6,0.0,semantic,HTML,Semantic HTML helps,"['<|endoftext|>', 'Sem', 'antic', ' HTML', ' helps']",2,3,EleutherAI/pythia-160m
semantic_html,4,7,0.0513,semantic,HTML,Semantic HTML helps,"['<|endoftext|>', 'Sem', 'antic', ' HTML', ' helps']",2,3,EleutherAI/pythia-160m
semantic_html,4,8,0.0009,semantic,HTML,Semantic HTML helps,"['<|endoftext|>', 'Sem', 'antic', ' HTML', ' helps']",2,3,EleutherAI/pythia-160m
semantic_html,4,9,0.4216,semantic,HTML,Semantic HTML helps,"['<|endoftext|>', 'Sem', 'antic', ' HTML', ' helps']",2,3,EleutherAI/pythia-160m
semantic_html,4,10,0.0,semantic,HTML,Semantic HTML helps,"['<|endoftext|>', 'Sem', 'antic', ' HTML', ' helps']",2,3,EleutherAI/pythia-160m
semantic_html,4,11,0.0007,semantic,HTML,Semantic HTML helps,"['<|endoftext|>', 'Sem', 'antic', ' HTML', ' helps']",2,3,EleutherAI/pythia-160m
semantic_html,5,0,0.0001,semantic,HTML,Semantic HTML helps,"['<|endoftext|>', 'Sem', 'antic', ' HTML', ' helps']",2,3,EleutherAI/pythia-160m
semantic_html,5,1,0.4983,semantic,HTML,Semantic HTML helps,"['<|endoftext|>', 'Sem', 'antic', ' HTML', ' helps']",2,3,EleutherAI/pythia-160m
semantic_html,5,2,0.0005,semantic,HTML,Semantic HTML helps,"['<|endoftext|>', 'Sem', 'antic', ' HTML', ' helps']",2,3,EleutherAI/pythia-160m
semantic_html,5,3,0.0103,semantic,HTML,Semantic HTML helps,"['<|endoftext|>', 'Sem', 'antic', ' HTML', ' helps']",2,3,EleutherAI/pythia-160m
semantic_html,5,4,0.0572,semantic,HTML,Semantic HTML helps,"['<|endoftext|>', 'Sem', 'antic', ' HTML', ' helps']",2,3,EleutherAI/pythia-160m
semantic_html,5,5,0.0873,semantic,HTML,Semantic HTML helps,"['<|endoftext|>', 'Sem', 'antic', ' HTML', ' helps']",2,3,EleutherAI/pythia-160m
semantic_html,5,6,0.0,semantic,HTML,Semantic HTML helps,"['<|endoftext|>', 'Sem', 'antic', ' HTML', ' helps']",2,3,EleutherAI/pythia-160m
semantic_html,5,7,0.0001,semantic,HTML,Semantic HTML helps,"['<|endoftext|>', 'Sem', 'antic', ' HTML', ' helps']",2,3,EleutherAI/pythia-160m
semantic_html,5,8,0.515,semantic,HTML,Semantic HTML helps,"['<|endoftext|>', 'Sem', 'antic', ' HTML', ' helps']",2,3,EleutherAI/pythia-160m
semantic_html,5,9,0.0004,semantic,HTML,Semantic HTML helps,"['<|endoftext|>', 'Sem', 'antic', ' HTML', ' helps']",2,3,EleutherAI/pythia-160m
semantic_html,5,10,0.0009,semantic,HTML,Semantic HTML helps,"['<|endoftext|>', 'Sem', 'antic', ' HTML', ' helps']",2,3,EleutherAI/pythia-160m
semantic_html,5,11,0.2727,semantic,HTML,Semantic HTML helps,"['<|endoftext|>', 'Sem', 'antic', ' HTML', ' helps']",2,3,EleutherAI/pythia-160m
semantic_html,6,0,0.2489,semantic,HTML,Semantic HTML helps,"['<|endoftext|>', 'Sem', 'antic', ' HTML', ' helps']",2,3,EleutherAI/pythia-160m
semantic_html,6,1,0.0292,semantic,HTML,Semantic HTML helps,"['<|endoftext|>', 'Sem', 'antic', ' HTML', ' helps']",2,3,EleutherAI/pythia-160m
semantic_html,6,2,0.3695,semantic,HTML,Semantic HTML helps,"['<|endoftext|>', 'Sem', 'antic', ' HTML', ' helps']",2,3,EleutherAI/pythia-160m
semantic_html,6,3,0.2149,semantic,HTML,Semantic HTML helps,"['<|endoftext|>', 'Sem', 'antic', ' HTML', ' helps']",2,3,EleutherAI/pythia-160m
semantic_html,6,4,0.0971,semantic,HTML,Semantic HTML helps,"['<|endoftext|>', 'Sem', 'antic', ' HTML', ' helps']",2,3,EleutherAI/pythia-160m
semantic_html,6,5,0.1598,semantic,HTML,Semantic HTML helps,"['<|endoftext|>', 'Sem', 'antic', ' HTML', ' helps']",2,3,EleutherAI/pythia-160m
semantic_html,6,6,0.001,semantic,HTML,Semantic HTML helps,"['<|endoftext|>', 'Sem', 'antic', ' HTML', ' helps']",2,3,EleutherAI/pythia-160m
semantic_html,6,7,0.0232,semantic,HTML,Semantic HTML helps,"['<|endoftext|>', 'Sem', 'antic', ' HTML', ' helps']",2,3,EleutherAI/pythia-160m
semantic_html,6,8,0.0119,semantic,HTML,Semantic HTML helps,"['<|endoftext|>', 'Sem', 'antic', ' HTML', ' helps']",2,3,EleutherAI/pythia-160m
semantic_html,6,9,0.0026,semantic,HTML,Semantic HTML helps,"['<|endoftext|>', 'Sem', 'antic', ' HTML', ' helps']",2,3,EleutherAI/pythia-160m
semantic_html,6,10,0.0053,semantic,HTML,Semantic HTML helps,"['<|endoftext|>', 'Sem', 'antic', ' HTML', ' helps']",2,3,EleutherAI/pythia-160m
semantic_html,6,11,0.0049,semantic,HTML,Semantic HTML helps,"['<|endoftext|>', 'Sem', 'antic', ' HTML', ' helps']",2,3,EleutherAI/pythia-160m
semantic_html,7,0,0.0458,semantic,HTML,Semantic HTML helps,"['<|endoftext|>', 'Sem', 'antic', ' HTML', ' helps']",2,3,EleutherAI/pythia-160m
semantic_html,7,1,0.0392,semantic,HTML,Semantic HTML helps,"['<|endoftext|>', 'Sem', 'antic', ' HTML', ' helps']",2,3,EleutherAI/pythia-160m
semantic_html,7,2,0.0953,semantic,HTML,Semantic HTML helps,"['<|endoftext|>', 'Sem', 'antic', ' HTML', ' helps']",2,3,EleutherAI/pythia-160m
semantic_html,7,3,0.0266,semantic,HTML,Semantic HTML helps,"['<|endoftext|>', 'Sem', 'antic', ' HTML', ' helps']",2,3,EleutherAI/pythia-160m
semantic_html,7,4,0.0241,semantic,HTML,Semantic HTML helps,"['<|endoftext|>', 'Sem', 'antic', ' HTML', ' helps']",2,3,EleutherAI/pythia-160m
semantic_html,7,5,0.0128,semantic,HTML,Semantic HTML helps,"['<|endoftext|>', 'Sem', 'antic', ' HTML', ' helps']",2,3,EleutherAI/pythia-160m
semantic_html,7,6,0.0053,semantic,HTML,Semantic HTML helps,"['<|endoftext|>', 'Sem', 'antic', ' HTML', ' helps']",2,3,EleutherAI/pythia-160m
semantic_html,7,7,0.6599,semantic,HTML,Semantic HTML helps,"['<|endoftext|>', 'Sem', 'antic', ' HTML', ' helps']",2,3,EleutherAI/pythia-160m
semantic_html,7,8,0.1443,semantic,HTML,Semantic HTML helps,"['<|endoftext|>', 'Sem', 'antic', ' HTML', ' helps']",2,3,EleutherAI/pythia-160m
semantic_html,7,9,0.0007,semantic,HTML,Semantic HTML helps,"['<|endoftext|>', 'Sem', 'antic', ' HTML', ' helps']",2,3,EleutherAI/pythia-160m
semantic_html,7,10,0.0,semantic,HTML,Semantic HTML helps,"['<|endoftext|>', 'Sem', 'antic', ' HTML', ' helps']",2,3,EleutherAI/pythia-160m
semantic_html,7,11,0.0117,semantic,HTML,Semantic HTML helps,"['<|endoftext|>', 'Sem', 'antic', ' HTML', ' helps']",2,3,EleutherAI/pythia-160m
semantic_html,8,0,0.2178,semantic,HTML,Semantic HTML helps,"['<|endoftext|>', 'Sem', 'antic', ' HTML', ' helps']",2,3,EleutherAI/pythia-160m
semantic_html,8,1,0.0087,semantic,HTML,Semantic HTML helps,"['<|endoftext|>', 'Sem', 'antic', ' HTML', ' helps']",2,3,EleutherAI/pythia-160m
semantic_html,8,2,0.0,semantic,HTML,Semantic HTML helps,"['<|endoftext|>', 'Sem', 'antic', ' HTML', ' helps']",2,3,EleutherAI/pythia-160m
semantic_html,8,3,0.0,semantic,HTML,Semantic HTML helps,"['<|endoftext|>', 'Sem', 'antic', ' HTML', ' helps']",2,3,EleutherAI/pythia-160m
semantic_html,8,4,0.035,semantic,HTML,Semantic HTML helps,"['<|endoftext|>', 'Sem', 'antic', ' HTML', ' helps']",2,3,EleutherAI/pythia-160m
semantic_html,8,5,0.0,semantic,HTML,Semantic HTML helps,"['<|endoftext|>', 'Sem', 'antic', ' HTML', ' helps']",2,3,EleutherAI/pythia-160m
semantic_html,8,6,0.0003,semantic,HTML,Semantic HTML helps,"['<|endoftext|>', 'Sem', 'antic', ' HTML', ' helps']",2,3,EleutherAI/pythia-160m
semantic_html,8,7,0.0002,semantic,HTML,Semantic HTML helps,"['<|endoftext|>', 'Sem', 'antic', ' HTML', ' helps']",2,3,EleutherAI/pythia-160m
semantic_html,8,8,0.0,semantic,HTML,Semantic HTML helps,"['<|endoftext|>', 'Sem', 'antic', ' HTML', ' helps']",2,3,EleutherAI/pythia-160m
semantic_html,8,9,0.0003,semantic,HTML,Semantic HTML helps,"['<|endoftext|>', 'Sem', 'antic', ' HTML', ' helps']",2,3,EleutherAI/pythia-160m
semantic_html,8,10,0.0614,semantic,HTML,Semantic HTML helps,"['<|endoftext|>', 'Sem', 'antic', ' HTML', ' helps']",2,3,EleutherAI/pythia-160m
semantic_html,8,11,0.0002,semantic,HTML,Semantic HTML helps,"['<|endoftext|>', 'Sem', 'antic', ' HTML', ' helps']",2,3,EleutherAI/pythia-160m
semantic_html,9,0,0.0123,semantic,HTML,Semantic HTML helps,"['<|endoftext|>', 'Sem', 'antic', ' HTML', ' helps']",2,3,EleutherAI/pythia-160m
semantic_html,9,1,0.0001,semantic,HTML,Semantic HTML helps,"['<|endoftext|>', 'Sem', 'antic', ' HTML', ' helps']",2,3,EleutherAI/pythia-160m
semantic_html,9,2,0.0,semantic,HTML,Semantic HTML helps,"['<|endoftext|>', 'Sem', 'antic', ' HTML', ' helps']",2,3,EleutherAI/pythia-160m
semantic_html,9,3,0.2154,semantic,HTML,Semantic HTML helps,"['<|endoftext|>', 'Sem', 'antic', ' HTML', ' helps']",2,3,EleutherAI/pythia-160m
semantic_html,9,4,0.0,semantic,HTML,Semantic HTML helps,"['<|endoftext|>', 'Sem', 'antic', ' HTML', ' helps']",2,3,EleutherAI/pythia-160m
semantic_html,9,5,0.0113,semantic,HTML,Semantic HTML helps,"['<|endoftext|>', 'Sem', 'antic', ' HTML', ' helps']",2,3,EleutherAI/pythia-160m
semantic_html,9,6,0.0,semantic,HTML,Semantic HTML helps,"['<|endoftext|>', 'Sem', 'antic', ' HTML', ' helps']",2,3,EleutherAI/pythia-160m
semantic_html,9,7,0.377,semantic,HTML,Semantic HTML helps,"['<|endoftext|>', 'Sem', 'antic', ' HTML', ' helps']",2,3,EleutherAI/pythia-160m
semantic_html,9,8,0.0707,semantic,HTML,Semantic HTML helps,"['<|endoftext|>', 'Sem', 'antic', ' HTML', ' helps']",2,3,EleutherAI/pythia-160m
semantic_html,9,9,0.0006,semantic,HTML,Semantic HTML helps,"['<|endoftext|>', 'Sem', 'antic', ' HTML', ' helps']",2,3,EleutherAI/pythia-160m
semantic_html,9,10,0.0027,semantic,HTML,Semantic HTML helps,"['<|endoftext|>', 'Sem', 'antic', ' HTML', ' helps']",2,3,EleutherAI/pythia-160m
semantic_html,9,11,0.0017,semantic,HTML,Semantic HTML helps,"['<|endoftext|>', 'Sem', 'antic', ' HTML', ' helps']",2,3,EleutherAI/pythia-160m
semantic_html,10,0,0.0,semantic,HTML,Semantic HTML helps,"['<|endoftext|>', 'Sem', 'antic', ' HTML', ' helps']",2,3,EleutherAI/pythia-160m
semantic_html,10,1,0.6524,semantic,HTML,Semantic HTML helps,"['<|endoftext|>', 'Sem', 'antic', ' HTML', ' helps']",2,3,EleutherAI/pythia-160m
semantic_html,10,2,0.0,semantic,HTML,Semantic HTML helps,"['<|endoftext|>', 'Sem', 'antic', ' HTML', ' helps']",2,3,EleutherAI/pythia-160m
semantic_html,10,3,0.0,semantic,HTML,Semantic HTML helps,"['<|endoftext|>', 'Sem', 'antic', ' HTML', ' helps']",2,3,EleutherAI/pythia-160m
semantic_html,10,4,0.0,semantic,HTML,Semantic HTML helps,"['<|endoftext|>', 'Sem', 'antic', ' HTML', ' helps']",2,3,EleutherAI/pythia-160m
semantic_html,10,5,0.3524,semantic,HTML,Semantic HTML helps,"['<|endoftext|>', 'Sem', 'antic', ' HTML', ' helps']",2,3,EleutherAI/pythia-160m
semantic_html,10,6,0.0,semantic,HTML,Semantic HTML helps,"['<|endoftext|>', 'Sem', 'antic', ' HTML', ' helps']",2,3,EleutherAI/pythia-160m
semantic_html,10,7,0.0,semantic,HTML,Semantic HTML helps,"['<|endoftext|>', 'Sem', 'antic', ' HTML', ' helps']",2,3,EleutherAI/pythia-160m
semantic_html,10,8,0.0,semantic,HTML,Semantic HTML helps,"['<|endoftext|>', 'Sem', 'antic', ' HTML', ' helps']",2,3,EleutherAI/pythia-160m
semantic_html,10,9,0.0275,semantic,HTML,Semantic HTML helps,"['<|endoftext|>', 'Sem', 'antic', ' HTML', ' helps']",2,3,EleutherAI/pythia-160m
semantic_html,10,10,0.0,semantic,HTML,Semantic HTML helps,"['<|endoftext|>', 'Sem', 'antic', ' HTML', ' helps']",2,3,EleutherAI/pythia-160m
semantic_html,10,11,0.0,semantic,HTML,Semantic HTML helps,"['<|endoftext|>', 'Sem', 'antic', ' HTML', ' helps']",2,3,EleutherAI/pythia-160m
semantic_html,11,0,0.9463,semantic,HTML,Semantic HTML helps,"['<|endoftext|>', 'Sem', 'antic', ' HTML', ' helps']",2,3,EleutherAI/pythia-160m
semantic_html,11,1,0.0,semantic,HTML,Semantic HTML helps,"['<|endoftext|>', 'Sem', 'antic', ' HTML', ' helps']",2,3,EleutherAI/pythia-160m
semantic_html,11,2,1.0,semantic,HTML,Semantic HTML helps,"['<|endoftext|>', 'Sem', 'antic', ' HTML', ' helps']",2,3,EleutherAI/pythia-160m
semantic_html,11,3,0.0,semantic,HTML,Semantic HTML helps,"['<|endoftext|>', 'Sem', 'antic', ' HTML', ' helps']",2,3,EleutherAI/pythia-160m
semantic_html,11,4,0.9999,semantic,HTML,Semantic HTML helps,"['<|endoftext|>', 'Sem', 'antic', ' HTML', ' helps']",2,3,EleutherAI/pythia-160m
semantic_html,11,5,0.0,semantic,HTML,Semantic HTML helps,"['<|endoftext|>', 'Sem', 'antic', ' HTML', ' helps']",2,3,EleutherAI/pythia-160m
semantic_html,11,6,1.0,semantic,HTML,Semantic HTML helps,"['<|endoftext|>', 'Sem', 'antic', ' HTML', ' helps']",2,3,EleutherAI/pythia-160m
semantic_html,11,7,0.0,semantic,HTML,Semantic HTML helps,"['<|endoftext|>', 'Sem', 'antic', ' HTML', ' helps']",2,3,EleutherAI/pythia-160m
semantic_html,11,8,1.0,semantic,HTML,Semantic HTML helps,"['<|endoftext|>', 'Sem', 'antic', ' HTML', ' helps']",2,3,EleutherAI/pythia-160m
semantic_html,11,9,0.0,semantic,HTML,Semantic HTML helps,"['<|endoftext|>', 'Sem', 'antic', ' HTML', ' helps']",2,3,EleutherAI/pythia-160m
semantic_html,11,10,0.0,semantic,HTML,Semantic HTML helps,"['<|endoftext|>', 'Sem', 'antic', ' HTML', ' helps']",2,3,EleutherAI/pythia-160m
semantic_html,11,11,0.0,semantic,HTML,Semantic HTML helps,"['<|endoftext|>', 'Sem', 'antic', ' HTML', ' helps']",2,3,EleutherAI/pythia-160m
