compound,layer,head,binding_score,word1,word2,prompt,tokens,word1_idx,word2_idx,model
screen_reader,0,0,0.2418,screen,reader,A screen reader is,"['<|endoftext|>', 'A', ' screen', ' reader', ' is']",2,3,EleutherAI/pythia-1b
screen_reader,0,1,0.46,screen,reader,A screen reader is,"['<|endoftext|>', 'A', ' screen', ' reader', ' is']",2,3,EleutherAI/pythia-1b
screen_reader,0,2,0.0,screen,reader,A screen reader is,"['<|endoftext|>', 'A', ' screen', ' reader', ' is']",2,3,EleutherAI/pythia-1b
screen_reader,0,3,0.9656,screen,reader,A screen reader is,"['<|endoftext|>', 'A', ' screen', ' reader', ' is']",2,3,EleutherAI/pythia-1b
screen_reader,0,4,0.0961,screen,reader,A screen reader is,"['<|endoftext|>', 'A', ' screen', ' reader', ' is']",2,3,EleutherAI/pythia-1b
screen_reader,0,5,0.1499,screen,reader,A screen reader is,"['<|endoftext|>', 'A', ' screen', ' reader', ' is']",2,3,EleutherAI/pythia-1b
screen_reader,0,6,0.0271,screen,reader,A screen reader is,"['<|endoftext|>', 'A', ' screen', ' reader', ' is']",2,3,EleutherAI/pythia-1b
screen_reader,0,7,0.2415,screen,reader,A screen reader is,"['<|endoftext|>', 'A', ' screen', ' reader', ' is']",2,3,EleutherAI/pythia-1b
screen_reader,1,0,0.8892,screen,reader,A screen reader is,"['<|endoftext|>', 'A', ' screen', ' reader', ' is']",2,3,EleutherAI/pythia-1b
screen_reader,1,1,0.0652,screen,reader,A screen reader is,"['<|endoftext|>', 'A', ' screen', ' reader', ' is']",2,3,EleutherAI/pythia-1b
screen_reader,1,2,0.5844,screen,reader,A screen reader is,"['<|endoftext|>', 'A', ' screen', ' reader', ' is']",2,3,EleutherAI/pythia-1b
screen_reader,1,3,0.6673,screen,reader,A screen reader is,"['<|endoftext|>', 'A', ' screen', ' reader', ' is']",2,3,EleutherAI/pythia-1b
screen_reader,1,4,0.9704,screen,reader,A screen reader is,"['<|endoftext|>', 'A', ' screen', ' reader', ' is']",2,3,EleutherAI/pythia-1b
screen_reader,1,5,0.3512,screen,reader,A screen reader is,"['<|endoftext|>', 'A', ' screen', ' reader', ' is']",2,3,EleutherAI/pythia-1b
screen_reader,1,6,0.3773,screen,reader,A screen reader is,"['<|endoftext|>', 'A', ' screen', ' reader', ' is']",2,3,EleutherAI/pythia-1b
screen_reader,1,7,0.0085,screen,reader,A screen reader is,"['<|endoftext|>', 'A', ' screen', ' reader', ' is']",2,3,EleutherAI/pythia-1b
screen_reader,2,0,0.661,screen,reader,A screen reader is,"['<|endoftext|>', 'A', ' screen', ' reader', ' is']",2,3,EleutherAI/pythia-1b
screen_reader,2,1,0.2925,screen,reader,A screen reader is,"['<|endoftext|>', 'A', ' screen', ' reader', ' is']",2,3,EleutherAI/pythia-1b
screen_reader,2,2,0.7,screen,reader,A screen reader is,"['<|endoftext|>', 'A', ' screen', ' reader', ' is']",2,3,EleutherAI/pythia-1b
screen_reader,2,3,0.1696,screen,reader,A screen reader is,"['<|endoftext|>', 'A', ' screen', ' reader', ' is']",2,3,EleutherAI/pythia-1b
screen_reader,2,4,0.1709,screen,reader,A screen reader is,"['<|endoftext|>', 'A', ' screen', ' reader', ' is']",2,3,EleutherAI/pythia-1b
screen_reader,2,5,0.1093,screen,reader,A screen reader is,"['<|endoftext|>', 'A', ' screen', ' reader', ' is']",2,3,EleutherAI/pythia-1b
screen_reader,2,6,0.5465,screen,reader,A screen reader is,"['<|endoftext|>', 'A', ' screen', ' reader', ' is']",2,3,EleutherAI/pythia-1b
screen_reader,2,7,0.2539,screen,reader,A screen reader is,"['<|endoftext|>', 'A', ' screen', ' reader', ' is']",2,3,EleutherAI/pythia-1b
screen_reader,3,0,0.0254,screen,reader,A screen reader is,"['<|endoftext|>', 'A', ' screen', ' reader', ' is']",2,3,EleutherAI/pythia-1b
screen_reader,3,1,0.0791,screen,reader,A screen reader is,"['<|endoftext|>', 'A', ' screen', ' reader', ' is']",2,3,EleutherAI/pythia-1b
screen_reader,3,2,0.0849,screen,reader,A screen reader is,"['<|endoftext|>', 'A', ' screen', ' reader', ' is']",2,3,EleutherAI/pythia-1b
screen_reader,3,3,0.2226,screen,reader,A screen reader is,"['<|endoftext|>', 'A', ' screen', ' reader', ' is']",2,3,EleutherAI/pythia-1b
screen_reader,3,4,0.0884,screen,reader,A screen reader is,"['<|endoftext|>', 'A', ' screen', ' reader', ' is']",2,3,EleutherAI/pythia-1b
screen_reader,3,5,0.9932,screen,reader,A screen reader is,"['<|endoftext|>', 'A', ' screen', ' reader', ' is']",2,3,EleutherAI/pythia-1b
screen_reader,3,6,0.7256,screen,reader,A screen reader is,"['<|endoftext|>', 'A', ' screen', ' reader', ' is']",2,3,EleutherAI/pythia-1b
screen_reader,3,7,0.4335,screen,reader,A screen reader is,"['<|endoftext|>', 'A', ' screen', ' reader', ' is']",2,3,EleutherAI/pythia-1b
screen_reader,4,0,0.0084,screen,reader,A screen reader is,"['<|endoftext|>', 'A', ' screen', ' reader', ' is']",2,3,EleutherAI/pythia-1b
screen_reader,4,1,0.0283,screen,reader,A screen reader is,"['<|endoftext|>', 'A', ' screen', ' reader', ' is']",2,3,EleutherAI/pythia-1b
screen_reader,4,2,0.0614,screen,reader,A screen reader is,"['<|endoftext|>', 'A', ' screen', ' reader', ' is']",2,3,EleutherAI/pythia-1b
screen_reader,4,3,0.0004,screen,reader,A screen reader is,"['<|endoftext|>', 'A', ' screen', ' reader', ' is']",2,3,EleutherAI/pythia-1b
screen_reader,4,4,0.0002,screen,reader,A screen reader is,"['<|endoftext|>', 'A', ' screen', ' reader', ' is']",2,3,EleutherAI/pythia-1b
screen_reader,4,5,0.0007,screen,reader,A screen reader is,"['<|endoftext|>', 'A', ' screen', ' reader', ' is']",2,3,EleutherAI/pythia-1b
screen_reader,4,6,0.0484,screen,reader,A screen reader is,"['<|endoftext|>', 'A', ' screen', ' reader', ' is']",2,3,EleutherAI/pythia-1b
screen_reader,4,7,0.0157,screen,reader,A screen reader is,"['<|endoftext|>', 'A', ' screen', ' reader', ' is']",2,3,EleutherAI/pythia-1b
screen_reader,5,0,0.0446,screen,reader,A screen reader is,"['<|endoftext|>', 'A', ' screen', ' reader', ' is']",2,3,EleutherAI/pythia-1b
screen_reader,5,1,0.0,screen,reader,A screen reader is,"['<|endoftext|>', 'A', ' screen', ' reader', ' is']",2,3,EleutherAI/pythia-1b
screen_reader,5,2,0.0111,screen,reader,A screen reader is,"['<|endoftext|>', 'A', ' screen', ' reader', ' is']",2,3,EleutherAI/pythia-1b
screen_reader,5,3,0.1572,screen,reader,A screen reader is,"['<|endoftext|>', 'A', ' screen', ' reader', ' is']",2,3,EleutherAI/pythia-1b
screen_reader,5,4,0.021,screen,reader,A screen reader is,"['<|endoftext|>', 'A', ' screen', ' reader', ' is']",2,3,EleutherAI/pythia-1b
screen_reader,5,5,0.0847,screen,reader,A screen reader is,"['<|endoftext|>', 'A', ' screen', ' reader', ' is']",2,3,EleutherAI/pythia-1b
screen_reader,5,6,0.001,screen,reader,A screen reader is,"['<|endoftext|>', 'A', ' screen', ' reader', ' is']",2,3,EleutherAI/pythia-1b
screen_reader,5,7,0.0022,screen,reader,A screen reader is,"['<|endoftext|>', 'A', ' screen', ' reader', ' is']",2,3,EleutherAI/pythia-1b
screen_reader,6,0,0.0065,screen,reader,A screen reader is,"['<|endoftext|>', 'A', ' screen', ' reader', ' is']",2,3,EleutherAI/pythia-1b
screen_reader,6,1,0.0134,screen,reader,A screen reader is,"['<|endoftext|>', 'A', ' screen', ' reader', ' is']",2,3,EleutherAI/pythia-1b
screen_reader,6,2,0.021,screen,reader,A screen reader is,"['<|endoftext|>', 'A', ' screen', ' reader', ' is']",2,3,EleutherAI/pythia-1b
screen_reader,6,3,0.645,screen,reader,A screen reader is,"['<|endoftext|>', 'A', ' screen', ' reader', ' is']",2,3,EleutherAI/pythia-1b
screen_reader,6,4,0.0933,screen,reader,A screen reader is,"['<|endoftext|>', 'A', ' screen', ' reader', ' is']",2,3,EleutherAI/pythia-1b
screen_reader,6,5,0.0483,screen,reader,A screen reader is,"['<|endoftext|>', 'A', ' screen', ' reader', ' is']",2,3,EleutherAI/pythia-1b
screen_reader,6,6,0.0029,screen,reader,A screen reader is,"['<|endoftext|>', 'A', ' screen', ' reader', ' is']",2,3,EleutherAI/pythia-1b
screen_reader,6,7,0.0062,screen,reader,A screen reader is,"['<|endoftext|>', 'A', ' screen', ' reader', ' is']",2,3,EleutherAI/pythia-1b
screen_reader,7,0,0.0036,screen,reader,A screen reader is,"['<|endoftext|>', 'A', ' screen', ' reader', ' is']",2,3,EleutherAI/pythia-1b
screen_reader,7,1,0.0009,screen,reader,A screen reader is,"['<|endoftext|>', 'A', ' screen', ' reader', ' is']",2,3,EleutherAI/pythia-1b
screen_reader,7,2,0.0018,screen,reader,A screen reader is,"['<|endoftext|>', 'A', ' screen', ' reader', ' is']",2,3,EleutherAI/pythia-1b
screen_reader,7,3,0.0058,screen,reader,A screen reader is,"['<|endoftext|>', 'A', ' screen', ' reader', ' is']",2,3,EleutherAI/pythia-1b
screen_reader,7,4,0.0522,screen,reader,A screen reader is,"['<|endoftext|>', 'A', ' screen', ' reader', ' is']",2,3,EleutherAI/pythia-1b
screen_reader,7,5,0.0419,screen,reader,A screen reader is,"['<|endoftext|>', 'A', ' screen', ' reader', ' is']",2,3,EleutherAI/pythia-1b
screen_reader,7,6,0.1582,screen,reader,A screen reader is,"['<|endoftext|>', 'A', ' screen', ' reader', ' is']",2,3,EleutherAI/pythia-1b
screen_reader,7,7,0.0497,screen,reader,A screen reader is,"['<|endoftext|>', 'A', ' screen', ' reader', ' is']",2,3,EleutherAI/pythia-1b
screen_reader,8,0,0.0069,screen,reader,A screen reader is,"['<|endoftext|>', 'A', ' screen', ' reader', ' is']",2,3,EleutherAI/pythia-1b
screen_reader,8,1,0.1198,screen,reader,A screen reader is,"['<|endoftext|>', 'A', ' screen', ' reader', ' is']",2,3,EleutherAI/pythia-1b
screen_reader,8,2,0.0043,screen,reader,A screen reader is,"['<|endoftext|>', 'A', ' screen', ' reader', ' is']",2,3,EleutherAI/pythia-1b
screen_reader,8,3,0.029,screen,reader,A screen reader is,"['<|endoftext|>', 'A', ' screen', ' reader', ' is']",2,3,EleutherAI/pythia-1b
screen_reader,8,4,0.014,screen,reader,A screen reader is,"['<|endoftext|>', 'A', ' screen', ' reader', ' is']",2,3,EleutherAI/pythia-1b
screen_reader,8,5,0.0048,screen,reader,A screen reader is,"['<|endoftext|>', 'A', ' screen', ' reader', ' is']",2,3,EleutherAI/pythia-1b
screen_reader,8,6,0.0004,screen,reader,A screen reader is,"['<|endoftext|>', 'A', ' screen', ' reader', ' is']",2,3,EleutherAI/pythia-1b
screen_reader,8,7,0.0993,screen,reader,A screen reader is,"['<|endoftext|>', 'A', ' screen', ' reader', ' is']",2,3,EleutherAI/pythia-1b
screen_reader,9,0,0.0476,screen,reader,A screen reader is,"['<|endoftext|>', 'A', ' screen', ' reader', ' is']",2,3,EleutherAI/pythia-1b
screen_reader,9,1,0.0093,screen,reader,A screen reader is,"['<|endoftext|>', 'A', ' screen', ' reader', ' is']",2,3,EleutherAI/pythia-1b
screen_reader,9,2,0.0426,screen,reader,A screen reader is,"['<|endoftext|>', 'A', ' screen', ' reader', ' is']",2,3,EleutherAI/pythia-1b
screen_reader,9,3,0.0359,screen,reader,A screen reader is,"['<|endoftext|>', 'A', ' screen', ' reader', ' is']",2,3,EleutherAI/pythia-1b
screen_reader,9,4,0.0078,screen,reader,A screen reader is,"['<|endoftext|>', 'A', ' screen', ' reader', ' is']",2,3,EleutherAI/pythia-1b
screen_reader,9,5,0.006,screen,reader,A screen reader is,"['<|endoftext|>', 'A', ' screen', ' reader', ' is']",2,3,EleutherAI/pythia-1b
screen_reader,9,6,0.0792,screen,reader,A screen reader is,"['<|endoftext|>', 'A', ' screen', ' reader', ' is']",2,3,EleutherAI/pythia-1b
screen_reader,9,7,0.0132,screen,reader,A screen reader is,"['<|endoftext|>', 'A', ' screen', ' reader', ' is']",2,3,EleutherAI/pythia-1b
screen_reader,10,0,0.0028,screen,reader,A screen reader is,"['<|endoftext|>', 'A', ' screen', ' reader', ' is']",2,3,EleutherAI/pythia-1b
screen_reader,10,1,0.0575,screen,reader,A screen reader is,"['<|endoftext|>', 'A', ' screen', ' reader', ' is']",2,3,EleutherAI/pythia-1b
screen_reader,10,2,0.0155,screen,reader,A screen reader is,"['<|endoftext|>', 'A', ' screen', ' reader', ' is']",2,3,EleutherAI/pythia-1b
screen_reader,10,3,0.0279,screen,reader,A screen reader is,"['<|endoftext|>', 'A', ' screen', ' reader', ' is']",2,3,EleutherAI/pythia-1b
screen_reader,10,4,0.0156,screen,reader,A screen reader is,"['<|endoftext|>', 'A', ' screen', ' reader', ' is']",2,3,EleutherAI/pythia-1b
screen_reader,10,5,0.0003,screen,reader,A screen reader is,"['<|endoftext|>', 'A', ' screen', ' reader', ' is']",2,3,EleutherAI/pythia-1b
screen_reader,10,6,0.0003,screen,reader,A screen reader is,"['<|endoftext|>', 'A', ' screen', ' reader', ' is']",2,3,EleutherAI/pythia-1b
screen_reader,10,7,0.0089,screen,reader,A screen reader is,"['<|endoftext|>', 'A', ' screen', ' reader', ' is']",2,3,EleutherAI/pythia-1b
screen_reader,11,0,0.0381,screen,reader,A screen reader is,"['<|endoftext|>', 'A', ' screen', ' reader', ' is']",2,3,EleutherAI/pythia-1b
screen_reader,11,1,0.0083,screen,reader,A screen reader is,"['<|endoftext|>', 'A', ' screen', ' reader', ' is']",2,3,EleutherAI/pythia-1b
screen_reader,11,2,0.0225,screen,reader,A screen reader is,"['<|endoftext|>', 'A', ' screen', ' reader', ' is']",2,3,EleutherAI/pythia-1b
screen_reader,11,3,0.011,screen,reader,A screen reader is,"['<|endoftext|>', 'A', ' screen', ' reader', ' is']",2,3,EleutherAI/pythia-1b
screen_reader,11,4,0.0356,screen,reader,A screen reader is,"['<|endoftext|>', 'A', ' screen', ' reader', ' is']",2,3,EleutherAI/pythia-1b
screen_reader,11,5,0.0108,screen,reader,A screen reader is,"['<|endoftext|>', 'A', ' screen', ' reader', ' is']",2,3,EleutherAI/pythia-1b
screen_reader,11,6,0.0187,screen,reader,A screen reader is,"['<|endoftext|>', 'A', ' screen', ' reader', ' is']",2,3,EleutherAI/pythia-1b
screen_reader,11,7,0.0012,screen,reader,A screen reader is,"['<|endoftext|>', 'A', ' screen', ' reader', ' is']",2,3,EleutherAI/pythia-1b
screen_reader,12,0,0.0106,screen,reader,A screen reader is,"['<|endoftext|>', 'A', ' screen', ' reader', ' is']",2,3,EleutherAI/pythia-1b
screen_reader,12,1,0.0634,screen,reader,A screen reader is,"['<|endoftext|>', 'A', ' screen', ' reader', ' is']",2,3,EleutherAI/pythia-1b
screen_reader,12,2,0.0194,screen,reader,A screen reader is,"['<|endoftext|>', 'A', ' screen', ' reader', ' is']",2,3,EleutherAI/pythia-1b
screen_reader,12,3,0.0038,screen,reader,A screen reader is,"['<|endoftext|>', 'A', ' screen', ' reader', ' is']",2,3,EleutherAI/pythia-1b
screen_reader,12,4,0.0787,screen,reader,A screen reader is,"['<|endoftext|>', 'A', ' screen', ' reader', ' is']",2,3,EleutherAI/pythia-1b
screen_reader,12,5,0.0578,screen,reader,A screen reader is,"['<|endoftext|>', 'A', ' screen', ' reader', ' is']",2,3,EleutherAI/pythia-1b
screen_reader,12,6,0.0018,screen,reader,A screen reader is,"['<|endoftext|>', 'A', ' screen', ' reader', ' is']",2,3,EleutherAI/pythia-1b
screen_reader,12,7,0.0044,screen,reader,A screen reader is,"['<|endoftext|>', 'A', ' screen', ' reader', ' is']",2,3,EleutherAI/pythia-1b
screen_reader,13,0,0.0542,screen,reader,A screen reader is,"['<|endoftext|>', 'A', ' screen', ' reader', ' is']",2,3,EleutherAI/pythia-1b
screen_reader,13,1,0.0268,screen,reader,A screen reader is,"['<|endoftext|>', 'A', ' screen', ' reader', ' is']",2,3,EleutherAI/pythia-1b
screen_reader,13,2,0.0037,screen,reader,A screen reader is,"['<|endoftext|>', 'A', ' screen', ' reader', ' is']",2,3,EleutherAI/pythia-1b
screen_reader,13,3,0.0223,screen,reader,A screen reader is,"['<|endoftext|>', 'A', ' screen', ' reader', ' is']",2,3,EleutherAI/pythia-1b
screen_reader,13,4,0.063,screen,reader,A screen reader is,"['<|endoftext|>', 'A', ' screen', ' reader', ' is']",2,3,EleutherAI/pythia-1b
screen_reader,13,5,0.0265,screen,reader,A screen reader is,"['<|endoftext|>', 'A', ' screen', ' reader', ' is']",2,3,EleutherAI/pythia-1b
screen_reader,13,6,0.0008,screen,reader,A screen reader is,"['<|endoftext|>', 'A', ' screen', ' reader', ' is']",2,3,EleutherAI/pythia-1b
screen_reader,13,7,0.0378,screen,reader,A screen reader is,"['<|endoftext|>', 'A', ' screen', ' reader', ' is']",2,3,EleutherAI/pythia-1b
screen_reader,14,0,0.0316,screen,reader,A screen reader is,"['<|endoftext|>', 'A', ' screen', ' reader', ' is']",2,3,EleutherAI/pythia-1b
screen_reader,14,1,0.0111,screen,reader,A screen reader is,"['<|endoftext|>', 'A', ' screen', ' reader', ' is']",2,3,EleutherAI/pythia-1b
screen_reader,14,2,0.0296,screen,reader,A screen reader is,"['<|endoftext|>', 'A', ' screen', ' reader', ' is']",2,3,EleutherAI/pythia-1b
screen_reader,14,3,0.0499,screen,reader,A screen reader is,"['<|endoftext|>', 'A', ' screen', ' reader', ' is']",2,3,EleutherAI/pythia-1b
screen_reader,14,4,0.0307,screen,reader,A screen reader is,"['<|endoftext|>', 'A', ' screen', ' reader', ' is']",2,3,EleutherAI/pythia-1b
screen_reader,14,5,0.0106,screen,reader,A screen reader is,"['<|endoftext|>', 'A', ' screen', ' reader', ' is']",2,3,EleutherAI/pythia-1b
screen_reader,14,6,0.0023,screen,reader,A screen reader is,"['<|endoftext|>', 'A', ' screen', ' reader', ' is']",2,3,EleutherAI/pythia-1b
screen_reader,14,7,0.007,screen,reader,A screen reader is,"['<|endoftext|>', 'A', ' screen', ' reader', ' is']",2,3,EleutherAI/pythia-1b
screen_reader,15,0,0.0476,screen,reader,A screen reader is,"['<|endoftext|>', 'A', ' screen', ' reader', ' is']",2,3,EleutherAI/pythia-1b
screen_reader,15,1,0.0068,screen,reader,A screen reader is,"['<|endoftext|>', 'A', ' screen', ' reader', ' is']",2,3,EleutherAI/pythia-1b
screen_reader,15,2,0.0314,screen,reader,A screen reader is,"['<|endoftext|>', 'A', ' screen', ' reader', ' is']",2,3,EleutherAI/pythia-1b
screen_reader,15,3,0.0236,screen,reader,A screen reader is,"['<|endoftext|>', 'A', ' screen', ' reader', ' is']",2,3,EleutherAI/pythia-1b
screen_reader,15,4,0.0311,screen,reader,A screen reader is,"['<|endoftext|>', 'A', ' screen', ' reader', ' is']",2,3,EleutherAI/pythia-1b
screen_reader,15,5,0.1228,screen,reader,A screen reader is,"['<|endoftext|>', 'A', ' screen', ' reader', ' is']",2,3,EleutherAI/pythia-1b
screen_reader,15,6,0.0132,screen,reader,A screen reader is,"['<|endoftext|>', 'A', ' screen', ' reader', ' is']",2,3,EleutherAI/pythia-1b
screen_reader,15,7,0.0488,screen,reader,A screen reader is,"['<|endoftext|>', 'A', ' screen', ' reader', ' is']",2,3,EleutherAI/pythia-1b
alt_text,0,0,0.1697,alt,text,The purpose of alt text is,"['<|endoftext|>', 'The', ' purpose', ' of', ' alt', ' text', ' is']",4,5,EleutherAI/pythia-1b
alt_text,0,1,0.3445,alt,text,The purpose of alt text is,"['<|endoftext|>', 'The', ' purpose', ' of', ' alt', ' text', ' is']",4,5,EleutherAI/pythia-1b
alt_text,0,2,0.0,alt,text,The purpose of alt text is,"['<|endoftext|>', 'The', ' purpose', ' of', ' alt', ' text', ' is']",4,5,EleutherAI/pythia-1b
alt_text,0,3,0.5232,alt,text,The purpose of alt text is,"['<|endoftext|>', 'The', ' purpose', ' of', ' alt', ' text', ' is']",4,5,EleutherAI/pythia-1b
alt_text,0,4,0.0426,alt,text,The purpose of alt text is,"['<|endoftext|>', 'The', ' purpose', ' of', ' alt', ' text', ' is']",4,5,EleutherAI/pythia-1b
alt_text,0,5,0.1626,alt,text,The purpose of alt text is,"['<|endoftext|>', 'The', ' purpose', ' of', ' alt', ' text', ' is']",4,5,EleutherAI/pythia-1b
alt_text,0,6,0.021,alt,text,The purpose of alt text is,"['<|endoftext|>', 'The', ' purpose', ' of', ' alt', ' text', ' is']",4,5,EleutherAI/pythia-1b
alt_text,0,7,0.0438,alt,text,The purpose of alt text is,"['<|endoftext|>', 'The', ' purpose', ' of', ' alt', ' text', ' is']",4,5,EleutherAI/pythia-1b
alt_text,1,0,0.4395,alt,text,The purpose of alt text is,"['<|endoftext|>', 'The', ' purpose', ' of', ' alt', ' text', ' is']",4,5,EleutherAI/pythia-1b
alt_text,1,1,0.0418,alt,text,The purpose of alt text is,"['<|endoftext|>', 'The', ' purpose', ' of', ' alt', ' text', ' is']",4,5,EleutherAI/pythia-1b
alt_text,1,2,0.0944,alt,text,The purpose of alt text is,"['<|endoftext|>', 'The', ' purpose', ' of', ' alt', ' text', ' is']",4,5,EleutherAI/pythia-1b
alt_text,1,3,0.6812,alt,text,The purpose of alt text is,"['<|endoftext|>', 'The', ' purpose', ' of', ' alt', ' text', ' is']",4,5,EleutherAI/pythia-1b
alt_text,1,4,0.9841,alt,text,The purpose of alt text is,"['<|endoftext|>', 'The', ' purpose', ' of', ' alt', ' text', ' is']",4,5,EleutherAI/pythia-1b
alt_text,1,5,0.0231,alt,text,The purpose of alt text is,"['<|endoftext|>', 'The', ' purpose', ' of', ' alt', ' text', ' is']",4,5,EleutherAI/pythia-1b
alt_text,1,6,0.261,alt,text,The purpose of alt text is,"['<|endoftext|>', 'The', ' purpose', ' of', ' alt', ' text', ' is']",4,5,EleutherAI/pythia-1b
alt_text,1,7,0.0,alt,text,The purpose of alt text is,"['<|endoftext|>', 'The', ' purpose', ' of', ' alt', ' text', ' is']",4,5,EleutherAI/pythia-1b
alt_text,2,0,0.6349,alt,text,The purpose of alt text is,"['<|endoftext|>', 'The', ' purpose', ' of', ' alt', ' text', ' is']",4,5,EleutherAI/pythia-1b
alt_text,2,1,0.2716,alt,text,The purpose of alt text is,"['<|endoftext|>', 'The', ' purpose', ' of', ' alt', ' text', ' is']",4,5,EleutherAI/pythia-1b
alt_text,2,2,0.5821,alt,text,The purpose of alt text is,"['<|endoftext|>', 'The', ' purpose', ' of', ' alt', ' text', ' is']",4,5,EleutherAI/pythia-1b
alt_text,2,3,0.2129,alt,text,The purpose of alt text is,"['<|endoftext|>', 'The', ' purpose', ' of', ' alt', ' text', ' is']",4,5,EleutherAI/pythia-1b
alt_text,2,4,0.2157,alt,text,The purpose of alt text is,"['<|endoftext|>', 'The', ' purpose', ' of', ' alt', ' text', ' is']",4,5,EleutherAI/pythia-1b
alt_text,2,5,0.0677,alt,text,The purpose of alt text is,"['<|endoftext|>', 'The', ' purpose', ' of', ' alt', ' text', ' is']",4,5,EleutherAI/pythia-1b
alt_text,2,6,0.2497,alt,text,The purpose of alt text is,"['<|endoftext|>', 'The', ' purpose', ' of', ' alt', ' text', ' is']",4,5,EleutherAI/pythia-1b
alt_text,2,7,0.2833,alt,text,The purpose of alt text is,"['<|endoftext|>', 'The', ' purpose', ' of', ' alt', ' text', ' is']",4,5,EleutherAI/pythia-1b
alt_text,3,0,0.0554,alt,text,The purpose of alt text is,"['<|endoftext|>', 'The', ' purpose', ' of', ' alt', ' text', ' is']",4,5,EleutherAI/pythia-1b
alt_text,3,1,0.3999,alt,text,The purpose of alt text is,"['<|endoftext|>', 'The', ' purpose', ' of', ' alt', ' text', ' is']",4,5,EleutherAI/pythia-1b
alt_text,3,2,0.3636,alt,text,The purpose of alt text is,"['<|endoftext|>', 'The', ' purpose', ' of', ' alt', ' text', ' is']",4,5,EleutherAI/pythia-1b
alt_text,3,3,0.7738,alt,text,The purpose of alt text is,"['<|endoftext|>', 'The', ' purpose', ' of', ' alt', ' text', ' is']",4,5,EleutherAI/pythia-1b
alt_text,3,4,0.2482,alt,text,The purpose of alt text is,"['<|endoftext|>', 'The', ' purpose', ' of', ' alt', ' text', ' is']",4,5,EleutherAI/pythia-1b
alt_text,3,5,0.9999,alt,text,The purpose of alt text is,"['<|endoftext|>', 'The', ' purpose', ' of', ' alt', ' text', ' is']",4,5,EleutherAI/pythia-1b
alt_text,3,6,0.9084,alt,text,The purpose of alt text is,"['<|endoftext|>', 'The', ' purpose', ' of', ' alt', ' text', ' is']",4,5,EleutherAI/pythia-1b
alt_text,3,7,0.6306,alt,text,The purpose of alt text is,"['<|endoftext|>', 'The', ' purpose', ' of', ' alt', ' text', ' is']",4,5,EleutherAI/pythia-1b
alt_text,4,0,0.1761,alt,text,The purpose of alt text is,"['<|endoftext|>', 'The', ' purpose', ' of', ' alt', ' text', ' is']",4,5,EleutherAI/pythia-1b
alt_text,4,1,0.0608,alt,text,The purpose of alt text is,"['<|endoftext|>', 'The', ' purpose', ' of', ' alt', ' text', ' is']",4,5,EleutherAI/pythia-1b
alt_text,4,2,0.0135,alt,text,The purpose of alt text is,"['<|endoftext|>', 'The', ' purpose', ' of', ' alt', ' text', ' is']",4,5,EleutherAI/pythia-1b
alt_text,4,3,0.0051,alt,text,The purpose of alt text is,"['<|endoftext|>', 'The', ' purpose', ' of', ' alt', ' text', ' is']",4,5,EleutherAI/pythia-1b
alt_text,4,4,0.0022,alt,text,The purpose of alt text is,"['<|endoftext|>', 'The', ' purpose', ' of', ' alt', ' text', ' is']",4,5,EleutherAI/pythia-1b
alt_text,4,5,0.0114,alt,text,The purpose of alt text is,"['<|endoftext|>', 'The', ' purpose', ' of', ' alt', ' text', ' is']",4,5,EleutherAI/pythia-1b
alt_text,4,6,0.0088,alt,text,The purpose of alt text is,"['<|endoftext|>', 'The', ' purpose', ' of', ' alt', ' text', ' is']",4,5,EleutherAI/pythia-1b
alt_text,4,7,0.1863,alt,text,The purpose of alt text is,"['<|endoftext|>', 'The', ' purpose', ' of', ' alt', ' text', ' is']",4,5,EleutherAI/pythia-1b
alt_text,5,0,0.3114,alt,text,The purpose of alt text is,"['<|endoftext|>', 'The', ' purpose', ' of', ' alt', ' text', ' is']",4,5,EleutherAI/pythia-1b
alt_text,5,1,0.0,alt,text,The purpose of alt text is,"['<|endoftext|>', 'The', ' purpose', ' of', ' alt', ' text', ' is']",4,5,EleutherAI/pythia-1b
alt_text,5,2,0.0607,alt,text,The purpose of alt text is,"['<|endoftext|>', 'The', ' purpose', ' of', ' alt', ' text', ' is']",4,5,EleutherAI/pythia-1b
alt_text,5,3,0.0981,alt,text,The purpose of alt text is,"['<|endoftext|>', 'The', ' purpose', ' of', ' alt', ' text', ' is']",4,5,EleutherAI/pythia-1b
alt_text,5,4,0.0012,alt,text,The purpose of alt text is,"['<|endoftext|>', 'The', ' purpose', ' of', ' alt', ' text', ' is']",4,5,EleutherAI/pythia-1b
alt_text,5,5,0.2629,alt,text,The purpose of alt text is,"['<|endoftext|>', 'The', ' purpose', ' of', ' alt', ' text', ' is']",4,5,EleutherAI/pythia-1b
alt_text,5,6,0.0014,alt,text,The purpose of alt text is,"['<|endoftext|>', 'The', ' purpose', ' of', ' alt', ' text', ' is']",4,5,EleutherAI/pythia-1b
alt_text,5,7,0.0016,alt,text,The purpose of alt text is,"['<|endoftext|>', 'The', ' purpose', ' of', ' alt', ' text', ' is']",4,5,EleutherAI/pythia-1b
alt_text,6,0,0.0992,alt,text,The purpose of alt text is,"['<|endoftext|>', 'The', ' purpose', ' of', ' alt', ' text', ' is']",4,5,EleutherAI/pythia-1b
alt_text,6,1,0.0271,alt,text,The purpose of alt text is,"['<|endoftext|>', 'The', ' purpose', ' of', ' alt', ' text', ' is']",4,5,EleutherAI/pythia-1b
alt_text,6,2,0.0105,alt,text,The purpose of alt text is,"['<|endoftext|>', 'The', ' purpose', ' of', ' alt', ' text', ' is']",4,5,EleutherAI/pythia-1b
alt_text,6,3,0.918,alt,text,The purpose of alt text is,"['<|endoftext|>', 'The', ' purpose', ' of', ' alt', ' text', ' is']",4,5,EleutherAI/pythia-1b
alt_text,6,4,0.0057,alt,text,The purpose of alt text is,"['<|endoftext|>', 'The', ' purpose', ' of', ' alt', ' text', ' is']",4,5,EleutherAI/pythia-1b
alt_text,6,5,0.0385,alt,text,The purpose of alt text is,"['<|endoftext|>', 'The', ' purpose', ' of', ' alt', ' text', ' is']",4,5,EleutherAI/pythia-1b
alt_text,6,6,0.0283,alt,text,The purpose of alt text is,"['<|endoftext|>', 'The', ' purpose', ' of', ' alt', ' text', ' is']",4,5,EleutherAI/pythia-1b
alt_text,6,7,0.0004,alt,text,The purpose of alt text is,"['<|endoftext|>', 'The', ' purpose', ' of', ' alt', ' text', ' is']",4,5,EleutherAI/pythia-1b
alt_text,7,0,0.0026,alt,text,The purpose of alt text is,"['<|endoftext|>', 'The', ' purpose', ' of', ' alt', ' text', ' is']",4,5,EleutherAI/pythia-1b
alt_text,7,1,0.0003,alt,text,The purpose of alt text is,"['<|endoftext|>', 'The', ' purpose', ' of', ' alt', ' text', ' is']",4,5,EleutherAI/pythia-1b
alt_text,7,2,0.0089,alt,text,The purpose of alt text is,"['<|endoftext|>', 'The', ' purpose', ' of', ' alt', ' text', ' is']",4,5,EleutherAI/pythia-1b
alt_text,7,3,0.154,alt,text,The purpose of alt text is,"['<|endoftext|>', 'The', ' purpose', ' of', ' alt', ' text', ' is']",4,5,EleutherAI/pythia-1b
alt_text,7,4,0.159,alt,text,The purpose of alt text is,"['<|endoftext|>', 'The', ' purpose', ' of', ' alt', ' text', ' is']",4,5,EleutherAI/pythia-1b
alt_text,7,5,0.1245,alt,text,The purpose of alt text is,"['<|endoftext|>', 'The', ' purpose', ' of', ' alt', ' text', ' is']",4,5,EleutherAI/pythia-1b
alt_text,7,6,0.5807,alt,text,The purpose of alt text is,"['<|endoftext|>', 'The', ' purpose', ' of', ' alt', ' text', ' is']",4,5,EleutherAI/pythia-1b
alt_text,7,7,0.0057,alt,text,The purpose of alt text is,"['<|endoftext|>', 'The', ' purpose', ' of', ' alt', ' text', ' is']",4,5,EleutherAI/pythia-1b
alt_text,8,0,0.0019,alt,text,The purpose of alt text is,"['<|endoftext|>', 'The', ' purpose', ' of', ' alt', ' text', ' is']",4,5,EleutherAI/pythia-1b
alt_text,8,1,0.0347,alt,text,The purpose of alt text is,"['<|endoftext|>', 'The', ' purpose', ' of', ' alt', ' text', ' is']",4,5,EleutherAI/pythia-1b
alt_text,8,2,0.0047,alt,text,The purpose of alt text is,"['<|endoftext|>', 'The', ' purpose', ' of', ' alt', ' text', ' is']",4,5,EleutherAI/pythia-1b
alt_text,8,3,0.0798,alt,text,The purpose of alt text is,"['<|endoftext|>', 'The', ' purpose', ' of', ' alt', ' text', ' is']",4,5,EleutherAI/pythia-1b
alt_text,8,4,0.0081,alt,text,The purpose of alt text is,"['<|endoftext|>', 'The', ' purpose', ' of', ' alt', ' text', ' is']",4,5,EleutherAI/pythia-1b
alt_text,8,5,0.0037,alt,text,The purpose of alt text is,"['<|endoftext|>', 'The', ' purpose', ' of', ' alt', ' text', ' is']",4,5,EleutherAI/pythia-1b
alt_text,8,6,0.0075,alt,text,The purpose of alt text is,"['<|endoftext|>', 'The', ' purpose', ' of', ' alt', ' text', ' is']",4,5,EleutherAI/pythia-1b
alt_text,8,7,0.099,alt,text,The purpose of alt text is,"['<|endoftext|>', 'The', ' purpose', ' of', ' alt', ' text', ' is']",4,5,EleutherAI/pythia-1b
alt_text,9,0,0.0608,alt,text,The purpose of alt text is,"['<|endoftext|>', 'The', ' purpose', ' of', ' alt', ' text', ' is']",4,5,EleutherAI/pythia-1b
alt_text,9,1,0.0066,alt,text,The purpose of alt text is,"['<|endoftext|>', 'The', ' purpose', ' of', ' alt', ' text', ' is']",4,5,EleutherAI/pythia-1b
alt_text,9,2,0.1584,alt,text,The purpose of alt text is,"['<|endoftext|>', 'The', ' purpose', ' of', ' alt', ' text', ' is']",4,5,EleutherAI/pythia-1b
alt_text,9,3,0.0282,alt,text,The purpose of alt text is,"['<|endoftext|>', 'The', ' purpose', ' of', ' alt', ' text', ' is']",4,5,EleutherAI/pythia-1b
alt_text,9,4,0.0073,alt,text,The purpose of alt text is,"['<|endoftext|>', 'The', ' purpose', ' of', ' alt', ' text', ' is']",4,5,EleutherAI/pythia-1b
alt_text,9,5,0.0069,alt,text,The purpose of alt text is,"['<|endoftext|>', 'The', ' purpose', ' of', ' alt', ' text', ' is']",4,5,EleutherAI/pythia-1b
alt_text,9,6,0.0689,alt,text,The purpose of alt text is,"['<|endoftext|>', 'The', ' purpose', ' of', ' alt', ' text', ' is']",4,5,EleutherAI/pythia-1b
alt_text,9,7,0.0216,alt,text,The purpose of alt text is,"['<|endoftext|>', 'The', ' purpose', ' of', ' alt', ' text', ' is']",4,5,EleutherAI/pythia-1b
alt_text,10,0,0.0029,alt,text,The purpose of alt text is,"['<|endoftext|>', 'The', ' purpose', ' of', ' alt', ' text', ' is']",4,5,EleutherAI/pythia-1b
alt_text,10,1,0.1021,alt,text,The purpose of alt text is,"['<|endoftext|>', 'The', ' purpose', ' of', ' alt', ' text', ' is']",4,5,EleutherAI/pythia-1b
alt_text,10,2,0.0271,alt,text,The purpose of alt text is,"['<|endoftext|>', 'The', ' purpose', ' of', ' alt', ' text', ' is']",4,5,EleutherAI/pythia-1b
alt_text,10,3,0.1413,alt,text,The purpose of alt text is,"['<|endoftext|>', 'The', ' purpose', ' of', ' alt', ' text', ' is']",4,5,EleutherAI/pythia-1b
alt_text,10,4,0.0113,alt,text,The purpose of alt text is,"['<|endoftext|>', 'The', ' purpose', ' of', ' alt', ' text', ' is']",4,5,EleutherAI/pythia-1b
alt_text,10,5,0.0019,alt,text,The purpose of alt text is,"['<|endoftext|>', 'The', ' purpose', ' of', ' alt', ' text', ' is']",4,5,EleutherAI/pythia-1b
alt_text,10,6,0.0007,alt,text,The purpose of alt text is,"['<|endoftext|>', 'The', ' purpose', ' of', ' alt', ' text', ' is']",4,5,EleutherAI/pythia-1b
alt_text,10,7,0.0344,alt,text,The purpose of alt text is,"['<|endoftext|>', 'The', ' purpose', ' of', ' alt', ' text', ' is']",4,5,EleutherAI/pythia-1b
alt_text,11,0,0.0166,alt,text,The purpose of alt text is,"['<|endoftext|>', 'The', ' purpose', ' of', ' alt', ' text', ' is']",4,5,EleutherAI/pythia-1b
alt_text,11,1,0.0403,alt,text,The purpose of alt text is,"['<|endoftext|>', 'The', ' purpose', ' of', ' alt', ' text', ' is']",4,5,EleutherAI/pythia-1b
alt_text,11,2,0.0222,alt,text,The purpose of alt text is,"['<|endoftext|>', 'The', ' purpose', ' of', ' alt', ' text', ' is']",4,5,EleutherAI/pythia-1b
alt_text,11,3,0.0127,alt,text,The purpose of alt text is,"['<|endoftext|>', 'The', ' purpose', ' of', ' alt', ' text', ' is']",4,5,EleutherAI/pythia-1b
alt_text,11,4,0.0638,alt,text,The purpose of alt text is,"['<|endoftext|>', 'The', ' purpose', ' of', ' alt', ' text', ' is']",4,5,EleutherAI/pythia-1b
alt_text,11,5,0.0078,alt,text,The purpose of alt text is,"['<|endoftext|>', 'The', ' purpose', ' of', ' alt', ' text', ' is']",4,5,EleutherAI/pythia-1b
alt_text,11,6,0.0125,alt,text,The purpose of alt text is,"['<|endoftext|>', 'The', ' purpose', ' of', ' alt', ' text', ' is']",4,5,EleutherAI/pythia-1b
alt_text,11,7,0.0019,alt,text,The purpose of alt text is,"['<|endoftext|>', 'The', ' purpose', ' of', ' alt', ' text', ' is']",4,5,EleutherAI/pythia-1b
alt_text,12,0,0.013,alt,text,The purpose of alt text is,"['<|endoftext|>', 'The', ' purpose', ' of', ' alt', ' text', ' is']",4,5,EleutherAI/pythia-1b
alt_text,12,1,0.0412,alt,text,The purpose of alt text is,"['<|endoftext|>', 'The', ' purpose', ' of', ' alt', ' text', ' is']",4,5,EleutherAI/pythia-1b
alt_text,12,2,0.0095,alt,text,The purpose of alt text is,"['<|endoftext|>', 'The', ' purpose', ' of', ' alt', ' text', ' is']",4,5,EleutherAI/pythia-1b
alt_text,12,3,0.0808,alt,text,The purpose of alt text is,"['<|endoftext|>', 'The', ' purpose', ' of', ' alt', ' text', ' is']",4,5,EleutherAI/pythia-1b
alt_text,12,4,0.05,alt,text,The purpose of alt text is,"['<|endoftext|>', 'The', ' purpose', ' of', ' alt', ' text', ' is']",4,5,EleutherAI/pythia-1b
alt_text,12,5,0.0845,alt,text,The purpose of alt text is,"['<|endoftext|>', 'The', ' purpose', ' of', ' alt', ' text', ' is']",4,5,EleutherAI/pythia-1b
alt_text,12,6,0.0182,alt,text,The purpose of alt text is,"['<|endoftext|>', 'The', ' purpose', ' of', ' alt', ' text', ' is']",4,5,EleutherAI/pythia-1b
alt_text,12,7,0.0029,alt,text,The purpose of alt text is,"['<|endoftext|>', 'The', ' purpose', ' of', ' alt', ' text', ' is']",4,5,EleutherAI/pythia-1b
alt_text,13,0,0.0897,alt,text,The purpose of alt text is,"['<|endoftext|>', 'The', ' purpose', ' of', ' alt', ' text', ' is']",4,5,EleutherAI/pythia-1b
alt_text,13,1,0.025,alt,text,The purpose of alt text is,"['<|endoftext|>', 'The', ' purpose', ' of', ' alt', ' text', ' is']",4,5,EleutherAI/pythia-1b
alt_text,13,2,0.0404,alt,text,The purpose of alt text is,"['<|endoftext|>', 'The', ' purpose', ' of', ' alt', ' text', ' is']",4,5,EleutherAI/pythia-1b
alt_text,13,3,0.0262,alt,text,The purpose of alt text is,"['<|endoftext|>', 'The', ' purpose', ' of', ' alt', ' text', ' is']",4,5,EleutherAI/pythia-1b
alt_text,13,4,0.0982,alt,text,The purpose of alt text is,"['<|endoftext|>', 'The', ' purpose', ' of', ' alt', ' text', ' is']",4,5,EleutherAI/pythia-1b
alt_text,13,5,0.0869,alt,text,The purpose of alt text is,"['<|endoftext|>', 'The', ' purpose', ' of', ' alt', ' text', ' is']",4,5,EleutherAI/pythia-1b
alt_text,13,6,0.0076,alt,text,The purpose of alt text is,"['<|endoftext|>', 'The', ' purpose', ' of', ' alt', ' text', ' is']",4,5,EleutherAI/pythia-1b
alt_text,13,7,0.0117,alt,text,The purpose of alt text is,"['<|endoftext|>', 'The', ' purpose', ' of', ' alt', ' text', ' is']",4,5,EleutherAI/pythia-1b
alt_text,14,0,0.0584,alt,text,The purpose of alt text is,"['<|endoftext|>', 'The', ' purpose', ' of', ' alt', ' text', ' is']",4,5,EleutherAI/pythia-1b
alt_text,14,1,0.0148,alt,text,The purpose of alt text is,"['<|endoftext|>', 'The', ' purpose', ' of', ' alt', ' text', ' is']",4,5,EleutherAI/pythia-1b
alt_text,14,2,0.0649,alt,text,The purpose of alt text is,"['<|endoftext|>', 'The', ' purpose', ' of', ' alt', ' text', ' is']",4,5,EleutherAI/pythia-1b
alt_text,14,3,0.2131,alt,text,The purpose of alt text is,"['<|endoftext|>', 'The', ' purpose', ' of', ' alt', ' text', ' is']",4,5,EleutherAI/pythia-1b
alt_text,14,4,0.0156,alt,text,The purpose of alt text is,"['<|endoftext|>', 'The', ' purpose', ' of', ' alt', ' text', ' is']",4,5,EleutherAI/pythia-1b
alt_text,14,5,0.0569,alt,text,The purpose of alt text is,"['<|endoftext|>', 'The', ' purpose', ' of', ' alt', ' text', ' is']",4,5,EleutherAI/pythia-1b
alt_text,14,6,0.0104,alt,text,The purpose of alt text is,"['<|endoftext|>', 'The', ' purpose', ' of', ' alt', ' text', ' is']",4,5,EleutherAI/pythia-1b
alt_text,14,7,0.022,alt,text,The purpose of alt text is,"['<|endoftext|>', 'The', ' purpose', ' of', ' alt', ' text', ' is']",4,5,EleutherAI/pythia-1b
alt_text,15,0,0.0454,alt,text,The purpose of alt text is,"['<|endoftext|>', 'The', ' purpose', ' of', ' alt', ' text', ' is']",4,5,EleutherAI/pythia-1b
alt_text,15,1,0.0155,alt,text,The purpose of alt text is,"['<|endoftext|>', 'The', ' purpose', ' of', ' alt', ' text', ' is']",4,5,EleutherAI/pythia-1b
alt_text,15,2,0.0256,alt,text,The purpose of alt text is,"['<|endoftext|>', 'The', ' purpose', ' of', ' alt', ' text', ' is']",4,5,EleutherAI/pythia-1b
alt_text,15,3,0.0687,alt,text,The purpose of alt text is,"['<|endoftext|>', 'The', ' purpose', ' of', ' alt', ' text', ' is']",4,5,EleutherAI/pythia-1b
alt_text,15,4,0.1156,alt,text,The purpose of alt text is,"['<|endoftext|>', 'The', ' purpose', ' of', ' alt', ' text', ' is']",4,5,EleutherAI/pythia-1b
alt_text,15,5,0.0206,alt,text,The purpose of alt text is,"['<|endoftext|>', 'The', ' purpose', ' of', ' alt', ' text', ' is']",4,5,EleutherAI/pythia-1b
alt_text,15,6,0.0177,alt,text,The purpose of alt text is,"['<|endoftext|>', 'The', ' purpose', ' of', ' alt', ' text', ' is']",4,5,EleutherAI/pythia-1b
alt_text,15,7,0.0247,alt,text,The purpose of alt text is,"['<|endoftext|>', 'The', ' purpose', ' of', ' alt', ' text', ' is']",4,5,EleutherAI/pythia-1b
skip_link,0,0,0.2517,skip,link,A skip link is,"['<|endoftext|>', 'A', ' skip', ' link', ' is']",2,3,EleutherAI/pythia-1b
skip_link,0,1,0.256,skip,link,A skip link is,"['<|endoftext|>', 'A', ' skip', ' link', ' is']",2,3,EleutherAI/pythia-1b
skip_link,0,2,0.0,skip,link,A skip link is,"['<|endoftext|>', 'A', ' skip', ' link', ' is']",2,3,EleutherAI/pythia-1b
skip_link,0,3,0.8381,skip,link,A skip link is,"['<|endoftext|>', 'A', ' skip', ' link', ' is']",2,3,EleutherAI/pythia-1b
skip_link,0,4,0.0233,skip,link,A skip link is,"['<|endoftext|>', 'A', ' skip', ' link', ' is']",2,3,EleutherAI/pythia-1b
skip_link,0,5,0.287,skip,link,A skip link is,"['<|endoftext|>', 'A', ' skip', ' link', ' is']",2,3,EleutherAI/pythia-1b
skip_link,0,6,0.0419,skip,link,A skip link is,"['<|endoftext|>', 'A', ' skip', ' link', ' is']",2,3,EleutherAI/pythia-1b
skip_link,0,7,0.0493,skip,link,A skip link is,"['<|endoftext|>', 'A', ' skip', ' link', ' is']",2,3,EleutherAI/pythia-1b
skip_link,1,0,0.4204,skip,link,A skip link is,"['<|endoftext|>', 'A', ' skip', ' link', ' is']",2,3,EleutherAI/pythia-1b
skip_link,1,1,0.1145,skip,link,A skip link is,"['<|endoftext|>', 'A', ' skip', ' link', ' is']",2,3,EleutherAI/pythia-1b
skip_link,1,2,0.1978,skip,link,A skip link is,"['<|endoftext|>', 'A', ' skip', ' link', ' is']",2,3,EleutherAI/pythia-1b
skip_link,1,3,0.5424,skip,link,A skip link is,"['<|endoftext|>', 'A', ' skip', ' link', ' is']",2,3,EleutherAI/pythia-1b
skip_link,1,4,0.7855,skip,link,A skip link is,"['<|endoftext|>', 'A', ' skip', ' link', ' is']",2,3,EleutherAI/pythia-1b
skip_link,1,5,0.4018,skip,link,A skip link is,"['<|endoftext|>', 'A', ' skip', ' link', ' is']",2,3,EleutherAI/pythia-1b
skip_link,1,6,0.292,skip,link,A skip link is,"['<|endoftext|>', 'A', ' skip', ' link', ' is']",2,3,EleutherAI/pythia-1b
skip_link,1,7,0.0002,skip,link,A skip link is,"['<|endoftext|>', 'A', ' skip', ' link', ' is']",2,3,EleutherAI/pythia-1b
skip_link,2,0,0.3022,skip,link,A skip link is,"['<|endoftext|>', 'A', ' skip', ' link', ' is']",2,3,EleutherAI/pythia-1b
skip_link,2,1,0.1374,skip,link,A skip link is,"['<|endoftext|>', 'A', ' skip', ' link', ' is']",2,3,EleutherAI/pythia-1b
skip_link,2,2,0.3067,skip,link,A skip link is,"['<|endoftext|>', 'A', ' skip', ' link', ' is']",2,3,EleutherAI/pythia-1b
skip_link,2,3,0.1054,skip,link,A skip link is,"['<|endoftext|>', 'A', ' skip', ' link', ' is']",2,3,EleutherAI/pythia-1b
skip_link,2,4,0.209,skip,link,A skip link is,"['<|endoftext|>', 'A', ' skip', ' link', ' is']",2,3,EleutherAI/pythia-1b
skip_link,2,5,0.1021,skip,link,A skip link is,"['<|endoftext|>', 'A', ' skip', ' link', ' is']",2,3,EleutherAI/pythia-1b
skip_link,2,6,0.3567,skip,link,A skip link is,"['<|endoftext|>', 'A', ' skip', ' link', ' is']",2,3,EleutherAI/pythia-1b
skip_link,2,7,0.0408,skip,link,A skip link is,"['<|endoftext|>', 'A', ' skip', ' link', ' is']",2,3,EleutherAI/pythia-1b
skip_link,3,0,0.0412,skip,link,A skip link is,"['<|endoftext|>', 'A', ' skip', ' link', ' is']",2,3,EleutherAI/pythia-1b
skip_link,3,1,0.1149,skip,link,A skip link is,"['<|endoftext|>', 'A', ' skip', ' link', ' is']",2,3,EleutherAI/pythia-1b
skip_link,3,2,0.0219,skip,link,A skip link is,"['<|endoftext|>', 'A', ' skip', ' link', ' is']",2,3,EleutherAI/pythia-1b
skip_link,3,3,0.0607,skip,link,A skip link is,"['<|endoftext|>', 'A', ' skip', ' link', ' is']",2,3,EleutherAI/pythia-1b
skip_link,3,4,0.0603,skip,link,A skip link is,"['<|endoftext|>', 'A', ' skip', ' link', ' is']",2,3,EleutherAI/pythia-1b
skip_link,3,5,0.9969,skip,link,A skip link is,"['<|endoftext|>', 'A', ' skip', ' link', ' is']",2,3,EleutherAI/pythia-1b
skip_link,3,6,0.8061,skip,link,A skip link is,"['<|endoftext|>', 'A', ' skip', ' link', ' is']",2,3,EleutherAI/pythia-1b
skip_link,3,7,0.2964,skip,link,A skip link is,"['<|endoftext|>', 'A', ' skip', ' link', ' is']",2,3,EleutherAI/pythia-1b
skip_link,4,0,0.03,skip,link,A skip link is,"['<|endoftext|>', 'A', ' skip', ' link', ' is']",2,3,EleutherAI/pythia-1b
skip_link,4,1,0.0224,skip,link,A skip link is,"['<|endoftext|>', 'A', ' skip', ' link', ' is']",2,3,EleutherAI/pythia-1b
skip_link,4,2,0.045,skip,link,A skip link is,"['<|endoftext|>', 'A', ' skip', ' link', ' is']",2,3,EleutherAI/pythia-1b
skip_link,4,3,0.0006,skip,link,A skip link is,"['<|endoftext|>', 'A', ' skip', ' link', ' is']",2,3,EleutherAI/pythia-1b
skip_link,4,4,0.0,skip,link,A skip link is,"['<|endoftext|>', 'A', ' skip', ' link', ' is']",2,3,EleutherAI/pythia-1b
skip_link,4,5,0.0004,skip,link,A skip link is,"['<|endoftext|>', 'A', ' skip', ' link', ' is']",2,3,EleutherAI/pythia-1b
skip_link,4,6,0.007,skip,link,A skip link is,"['<|endoftext|>', 'A', ' skip', ' link', ' is']",2,3,EleutherAI/pythia-1b
skip_link,4,7,0.0111,skip,link,A skip link is,"['<|endoftext|>', 'A', ' skip', ' link', ' is']",2,3,EleutherAI/pythia-1b
skip_link,5,0,0.0206,skip,link,A skip link is,"['<|endoftext|>', 'A', ' skip', ' link', ' is']",2,3,EleutherAI/pythia-1b
skip_link,5,1,0.0,skip,link,A skip link is,"['<|endoftext|>', 'A', ' skip', ' link', ' is']",2,3,EleutherAI/pythia-1b
skip_link,5,2,0.0331,skip,link,A skip link is,"['<|endoftext|>', 'A', ' skip', ' link', ' is']",2,3,EleutherAI/pythia-1b
skip_link,5,3,0.0432,skip,link,A skip link is,"['<|endoftext|>', 'A', ' skip', ' link', ' is']",2,3,EleutherAI/pythia-1b
skip_link,5,4,0.0064,skip,link,A skip link is,"['<|endoftext|>', 'A', ' skip', ' link', ' is']",2,3,EleutherAI/pythia-1b
skip_link,5,5,0.0538,skip,link,A skip link is,"['<|endoftext|>', 'A', ' skip', ' link', ' is']",2,3,EleutherAI/pythia-1b
skip_link,5,6,0.0,skip,link,A skip link is,"['<|endoftext|>', 'A', ' skip', ' link', ' is']",2,3,EleutherAI/pythia-1b
skip_link,5,7,0.0,skip,link,A skip link is,"['<|endoftext|>', 'A', ' skip', ' link', ' is']",2,3,EleutherAI/pythia-1b
skip_link,6,0,0.0058,skip,link,A skip link is,"['<|endoftext|>', 'A', ' skip', ' link', ' is']",2,3,EleutherAI/pythia-1b
skip_link,6,1,0.0226,skip,link,A skip link is,"['<|endoftext|>', 'A', ' skip', ' link', ' is']",2,3,EleutherAI/pythia-1b
skip_link,6,2,0.0059,skip,link,A skip link is,"['<|endoftext|>', 'A', ' skip', ' link', ' is']",2,3,EleutherAI/pythia-1b
skip_link,6,3,0.6409,skip,link,A skip link is,"['<|endoftext|>', 'A', ' skip', ' link', ' is']",2,3,EleutherAI/pythia-1b
skip_link,6,4,0.0247,skip,link,A skip link is,"['<|endoftext|>', 'A', ' skip', ' link', ' is']",2,3,EleutherAI/pythia-1b
skip_link,6,5,0.0263,skip,link,A skip link is,"['<|endoftext|>', 'A', ' skip', ' link', ' is']",2,3,EleutherAI/pythia-1b
skip_link,6,6,0.001,skip,link,A skip link is,"['<|endoftext|>', 'A', ' skip', ' link', ' is']",2,3,EleutherAI/pythia-1b
skip_link,6,7,0.0005,skip,link,A skip link is,"['<|endoftext|>', 'A', ' skip', ' link', ' is']",2,3,EleutherAI/pythia-1b
skip_link,7,0,0.0008,skip,link,A skip link is,"['<|endoftext|>', 'A', ' skip', ' link', ' is']",2,3,EleutherAI/pythia-1b
skip_link,7,1,0.0004,skip,link,A skip link is,"['<|endoftext|>', 'A', ' skip', ' link', ' is']",2,3,EleutherAI/pythia-1b
skip_link,7,2,0.0014,skip,link,A skip link is,"['<|endoftext|>', 'A', ' skip', ' link', ' is']",2,3,EleutherAI/pythia-1b
skip_link,7,3,0.0406,skip,link,A skip link is,"['<|endoftext|>', 'A', ' skip', ' link', ' is']",2,3,EleutherAI/pythia-1b
skip_link,7,4,0.0835,skip,link,A skip link is,"['<|endoftext|>', 'A', ' skip', ' link', ' is']",2,3,EleutherAI/pythia-1b
skip_link,7,5,0.0066,skip,link,A skip link is,"['<|endoftext|>', 'A', ' skip', ' link', ' is']",2,3,EleutherAI/pythia-1b
skip_link,7,6,0.5359,skip,link,A skip link is,"['<|endoftext|>', 'A', ' skip', ' link', ' is']",2,3,EleutherAI/pythia-1b
skip_link,7,7,0.0303,skip,link,A skip link is,"['<|endoftext|>', 'A', ' skip', ' link', ' is']",2,3,EleutherAI/pythia-1b
skip_link,8,0,0.0009,skip,link,A skip link is,"['<|endoftext|>', 'A', ' skip', ' link', ' is']",2,3,EleutherAI/pythia-1b
skip_link,8,1,0.0306,skip,link,A skip link is,"['<|endoftext|>', 'A', ' skip', ' link', ' is']",2,3,EleutherAI/pythia-1b
skip_link,8,2,0.0108,skip,link,A skip link is,"['<|endoftext|>', 'A', ' skip', ' link', ' is']",2,3,EleutherAI/pythia-1b
skip_link,8,3,0.0192,skip,link,A skip link is,"['<|endoftext|>', 'A', ' skip', ' link', ' is']",2,3,EleutherAI/pythia-1b
skip_link,8,4,0.002,skip,link,A skip link is,"['<|endoftext|>', 'A', ' skip', ' link', ' is']",2,3,EleutherAI/pythia-1b
skip_link,8,5,0.0048,skip,link,A skip link is,"['<|endoftext|>', 'A', ' skip', ' link', ' is']",2,3,EleutherAI/pythia-1b
skip_link,8,6,0.0007,skip,link,A skip link is,"['<|endoftext|>', 'A', ' skip', ' link', ' is']",2,3,EleutherAI/pythia-1b
skip_link,8,7,0.0611,skip,link,A skip link is,"['<|endoftext|>', 'A', ' skip', ' link', ' is']",2,3,EleutherAI/pythia-1b
skip_link,9,0,0.0273,skip,link,A skip link is,"['<|endoftext|>', 'A', ' skip', ' link', ' is']",2,3,EleutherAI/pythia-1b
skip_link,9,1,0.0052,skip,link,A skip link is,"['<|endoftext|>', 'A', ' skip', ' link', ' is']",2,3,EleutherAI/pythia-1b
skip_link,9,2,0.0588,skip,link,A skip link is,"['<|endoftext|>', 'A', ' skip', ' link', ' is']",2,3,EleutherAI/pythia-1b
skip_link,9,3,0.0217,skip,link,A skip link is,"['<|endoftext|>', 'A', ' skip', ' link', ' is']",2,3,EleutherAI/pythia-1b
skip_link,9,4,0.0021,skip,link,A skip link is,"['<|endoftext|>', 'A', ' skip', ' link', ' is']",2,3,EleutherAI/pythia-1b
skip_link,9,5,0.0017,skip,link,A skip link is,"['<|endoftext|>', 'A', ' skip', ' link', ' is']",2,3,EleutherAI/pythia-1b
skip_link,9,6,0.0759,skip,link,A skip link is,"['<|endoftext|>', 'A', ' skip', ' link', ' is']",2,3,EleutherAI/pythia-1b
skip_link,9,7,0.0339,skip,link,A skip link is,"['<|endoftext|>', 'A', ' skip', ' link', ' is']",2,3,EleutherAI/pythia-1b
skip_link,10,0,0.0021,skip,link,A skip link is,"['<|endoftext|>', 'A', ' skip', ' link', ' is']",2,3,EleutherAI/pythia-1b
skip_link,10,1,0.0385,skip,link,A skip link is,"['<|endoftext|>', 'A', ' skip', ' link', ' is']",2,3,EleutherAI/pythia-1b
skip_link,10,2,0.0083,skip,link,A skip link is,"['<|endoftext|>', 'A', ' skip', ' link', ' is']",2,3,EleutherAI/pythia-1b
skip_link,10,3,0.0807,skip,link,A skip link is,"['<|endoftext|>', 'A', ' skip', ' link', ' is']",2,3,EleutherAI/pythia-1b
skip_link,10,4,0.026,skip,link,A skip link is,"['<|endoftext|>', 'A', ' skip', ' link', ' is']",2,3,EleutherAI/pythia-1b
skip_link,10,5,0.0208,skip,link,A skip link is,"['<|endoftext|>', 'A', ' skip', ' link', ' is']",2,3,EleutherAI/pythia-1b
skip_link,10,6,0.0016,skip,link,A skip link is,"['<|endoftext|>', 'A', ' skip', ' link', ' is']",2,3,EleutherAI/pythia-1b
skip_link,10,7,0.0236,skip,link,A skip link is,"['<|endoftext|>', 'A', ' skip', ' link', ' is']",2,3,EleutherAI/pythia-1b
skip_link,11,0,0.0197,skip,link,A skip link is,"['<|endoftext|>', 'A', ' skip', ' link', ' is']",2,3,EleutherAI/pythia-1b
skip_link,11,1,0.009,skip,link,A skip link is,"['<|endoftext|>', 'A', ' skip', ' link', ' is']",2,3,EleutherAI/pythia-1b
skip_link,11,2,0.0906,skip,link,A skip link is,"['<|endoftext|>', 'A', ' skip', ' link', ' is']",2,3,EleutherAI/pythia-1b
skip_link,11,3,0.0079,skip,link,A skip link is,"['<|endoftext|>', 'A', ' skip', ' link', ' is']",2,3,EleutherAI/pythia-1b
skip_link,11,4,0.0444,skip,link,A skip link is,"['<|endoftext|>', 'A', ' skip', ' link', ' is']",2,3,EleutherAI/pythia-1b
skip_link,11,5,0.0024,skip,link,A skip link is,"['<|endoftext|>', 'A', ' skip', ' link', ' is']",2,3,EleutherAI/pythia-1b
skip_link,11,6,0.0114,skip,link,A skip link is,"['<|endoftext|>', 'A', ' skip', ' link', ' is']",2,3,EleutherAI/pythia-1b
skip_link,11,7,0.003,skip,link,A skip link is,"['<|endoftext|>', 'A', ' skip', ' link', ' is']",2,3,EleutherAI/pythia-1b
skip_link,12,0,0.0104,skip,link,A skip link is,"['<|endoftext|>', 'A', ' skip', ' link', ' is']",2,3,EleutherAI/pythia-1b
skip_link,12,1,0.0533,skip,link,A skip link is,"['<|endoftext|>', 'A', ' skip', ' link', ' is']",2,3,EleutherAI/pythia-1b
skip_link,12,2,0.0116,skip,link,A skip link is,"['<|endoftext|>', 'A', ' skip', ' link', ' is']",2,3,EleutherAI/pythia-1b
skip_link,12,3,0.0181,skip,link,A skip link is,"['<|endoftext|>', 'A', ' skip', ' link', ' is']",2,3,EleutherAI/pythia-1b
skip_link,12,4,0.0155,skip,link,A skip link is,"['<|endoftext|>', 'A', ' skip', ' link', ' is']",2,3,EleutherAI/pythia-1b
skip_link,12,5,0.1753,skip,link,A skip link is,"['<|endoftext|>', 'A', ' skip', ' link', ' is']",2,3,EleutherAI/pythia-1b
skip_link,12,6,0.0165,skip,link,A skip link is,"['<|endoftext|>', 'A', ' skip', ' link', ' is']",2,3,EleutherAI/pythia-1b
skip_link,12,7,0.0057,skip,link,A skip link is,"['<|endoftext|>', 'A', ' skip', ' link', ' is']",2,3,EleutherAI/pythia-1b
skip_link,13,0,0.0872,skip,link,A skip link is,"['<|endoftext|>', 'A', ' skip', ' link', ' is']",2,3,EleutherAI/pythia-1b
skip_link,13,1,0.032,skip,link,A skip link is,"['<|endoftext|>', 'A', ' skip', ' link', ' is']",2,3,EleutherAI/pythia-1b
skip_link,13,2,0.0119,skip,link,A skip link is,"['<|endoftext|>', 'A', ' skip', ' link', ' is']",2,3,EleutherAI/pythia-1b
skip_link,13,3,0.0082,skip,link,A skip link is,"['<|endoftext|>', 'A', ' skip', ' link', ' is']",2,3,EleutherAI/pythia-1b
skip_link,13,4,0.064,skip,link,A skip link is,"['<|endoftext|>', 'A', ' skip', ' link', ' is']",2,3,EleutherAI/pythia-1b
skip_link,13,5,0.0855,skip,link,A skip link is,"['<|endoftext|>', 'A', ' skip', ' link', ' is']",2,3,EleutherAI/pythia-1b
skip_link,13,6,0.0018,skip,link,A skip link is,"['<|endoftext|>', 'A', ' skip', ' link', ' is']",2,3,EleutherAI/pythia-1b
skip_link,13,7,0.0115,skip,link,A skip link is,"['<|endoftext|>', 'A', ' skip', ' link', ' is']",2,3,EleutherAI/pythia-1b
skip_link,14,0,0.0288,skip,link,A skip link is,"['<|endoftext|>', 'A', ' skip', ' link', ' is']",2,3,EleutherAI/pythia-1b
skip_link,14,1,0.01,skip,link,A skip link is,"['<|endoftext|>', 'A', ' skip', ' link', ' is']",2,3,EleutherAI/pythia-1b
skip_link,14,2,0.0254,skip,link,A skip link is,"['<|endoftext|>', 'A', ' skip', ' link', ' is']",2,3,EleutherAI/pythia-1b
skip_link,14,3,0.0251,skip,link,A skip link is,"['<|endoftext|>', 'A', ' skip', ' link', ' is']",2,3,EleutherAI/pythia-1b
skip_link,14,4,0.0142,skip,link,A skip link is,"['<|endoftext|>', 'A', ' skip', ' link', ' is']",2,3,EleutherAI/pythia-1b
skip_link,14,5,0.0057,skip,link,A skip link is,"['<|endoftext|>', 'A', ' skip', ' link', ' is']",2,3,EleutherAI/pythia-1b
skip_link,14,6,0.0034,skip,link,A skip link is,"['<|endoftext|>', 'A', ' skip', ' link', ' is']",2,3,EleutherAI/pythia-1b
skip_link,14,7,0.0093,skip,link,A skip link is,"['<|endoftext|>', 'A', ' skip', ' link', ' is']",2,3,EleutherAI/pythia-1b
skip_link,15,0,0.089,skip,link,A skip link is,"['<|endoftext|>', 'A', ' skip', ' link', ' is']",2,3,EleutherAI/pythia-1b
skip_link,15,1,0.0186,skip,link,A skip link is,"['<|endoftext|>', 'A', ' skip', ' link', ' is']",2,3,EleutherAI/pythia-1b
skip_link,15,2,0.0234,skip,link,A skip link is,"['<|endoftext|>', 'A', ' skip', ' link', ' is']",2,3,EleutherAI/pythia-1b
skip_link,15,3,0.0137,skip,link,A skip link is,"['<|endoftext|>', 'A', ' skip', ' link', ' is']",2,3,EleutherAI/pythia-1b
skip_link,15,4,0.0324,skip,link,A skip link is,"['<|endoftext|>', 'A', ' skip', ' link', ' is']",2,3,EleutherAI/pythia-1b
skip_link,15,5,0.0408,skip,link,A skip link is,"['<|endoftext|>', 'A', ' skip', ' link', ' is']",2,3,EleutherAI/pythia-1b
skip_link,15,6,0.0235,skip,link,A skip link is,"['<|endoftext|>', 'A', ' skip', ' link', ' is']",2,3,EleutherAI/pythia-1b
skip_link,15,7,0.0372,skip,link,A skip link is,"['<|endoftext|>', 'A', ' skip', ' link', ' is']",2,3,EleutherAI/pythia-1b
color_contrast,0,0,0.2266,color,contrast,Color contrast is important because,"['<|endoftext|>', 'Color', ' contrast', ' is', ' important', ' because']",1,2,EleutherAI/pythia-1b
color_contrast,0,1,0.0565,color,contrast,Color contrast is important because,"['<|endoftext|>', 'Color', ' contrast', ' is', ' important', ' because']",1,2,EleutherAI/pythia-1b
color_contrast,0,2,0.0,color,contrast,Color contrast is important because,"['<|endoftext|>', 'Color', ' contrast', ' is', ' important', ' because']",1,2,EleutherAI/pythia-1b
color_contrast,0,3,0.261,color,contrast,Color contrast is important because,"['<|endoftext|>', 'Color', ' contrast', ' is', ' important', ' because']",1,2,EleutherAI/pythia-1b
color_contrast,0,4,0.0653,color,contrast,Color contrast is important because,"['<|endoftext|>', 'Color', ' contrast', ' is', ' important', ' because']",1,2,EleutherAI/pythia-1b
color_contrast,0,5,0.0934,color,contrast,Color contrast is important because,"['<|endoftext|>', 'Color', ' contrast', ' is', ' important', ' because']",1,2,EleutherAI/pythia-1b
color_contrast,0,6,0.0345,color,contrast,Color contrast is important because,"['<|endoftext|>', 'Color', ' contrast', ' is', ' important', ' because']",1,2,EleutherAI/pythia-1b
color_contrast,0,7,0.0021,color,contrast,Color contrast is important because,"['<|endoftext|>', 'Color', ' contrast', ' is', ' important', ' because']",1,2,EleutherAI/pythia-1b
color_contrast,1,0,0.6759,color,contrast,Color contrast is important because,"['<|endoftext|>', 'Color', ' contrast', ' is', ' important', ' because']",1,2,EleutherAI/pythia-1b
color_contrast,1,1,0.1092,color,contrast,Color contrast is important because,"['<|endoftext|>', 'Color', ' contrast', ' is', ' important', ' because']",1,2,EleutherAI/pythia-1b
color_contrast,1,2,0.1637,color,contrast,Color contrast is important because,"['<|endoftext|>', 'Color', ' contrast', ' is', ' important', ' because']",1,2,EleutherAI/pythia-1b
color_contrast,1,3,0.7259,color,contrast,Color contrast is important because,"['<|endoftext|>', 'Color', ' contrast', ' is', ' important', ' because']",1,2,EleutherAI/pythia-1b
color_contrast,1,4,0.4661,color,contrast,Color contrast is important because,"['<|endoftext|>', 'Color', ' contrast', ' is', ' important', ' because']",1,2,EleutherAI/pythia-1b
color_contrast,1,5,0.4724,color,contrast,Color contrast is important because,"['<|endoftext|>', 'Color', ' contrast', ' is', ' important', ' because']",1,2,EleutherAI/pythia-1b
color_contrast,1,6,0.4485,color,contrast,Color contrast is important because,"['<|endoftext|>', 'Color', ' contrast', ' is', ' important', ' because']",1,2,EleutherAI/pythia-1b
color_contrast,1,7,0.0013,color,contrast,Color contrast is important because,"['<|endoftext|>', 'Color', ' contrast', ' is', ' important', ' because']",1,2,EleutherAI/pythia-1b
color_contrast,2,0,0.5267,color,contrast,Color contrast is important because,"['<|endoftext|>', 'Color', ' contrast', ' is', ' important', ' because']",1,2,EleutherAI/pythia-1b
color_contrast,2,1,0.3699,color,contrast,Color contrast is important because,"['<|endoftext|>', 'Color', ' contrast', ' is', ' important', ' because']",1,2,EleutherAI/pythia-1b
color_contrast,2,2,0.7175,color,contrast,Color contrast is important because,"['<|endoftext|>', 'Color', ' contrast', ' is', ' important', ' because']",1,2,EleutherAI/pythia-1b
color_contrast,2,3,0.3261,color,contrast,Color contrast is important because,"['<|endoftext|>', 'Color', ' contrast', ' is', ' important', ' because']",1,2,EleutherAI/pythia-1b
color_contrast,2,4,0.4121,color,contrast,Color contrast is important because,"['<|endoftext|>', 'Color', ' contrast', ' is', ' important', ' because']",1,2,EleutherAI/pythia-1b
color_contrast,2,5,0.2172,color,contrast,Color contrast is important because,"['<|endoftext|>', 'Color', ' contrast', ' is', ' important', ' because']",1,2,EleutherAI/pythia-1b
color_contrast,2,6,0.6407,color,contrast,Color contrast is important because,"['<|endoftext|>', 'Color', ' contrast', ' is', ' important', ' because']",1,2,EleutherAI/pythia-1b
color_contrast,2,7,0.364,color,contrast,Color contrast is important because,"['<|endoftext|>', 'Color', ' contrast', ' is', ' important', ' because']",1,2,EleutherAI/pythia-1b
color_contrast,3,0,0.059,color,contrast,Color contrast is important because,"['<|endoftext|>', 'Color', ' contrast', ' is', ' important', ' because']",1,2,EleutherAI/pythia-1b
color_contrast,3,1,0.0361,color,contrast,Color contrast is important because,"['<|endoftext|>', 'Color', ' contrast', ' is', ' important', ' because']",1,2,EleutherAI/pythia-1b
color_contrast,3,2,0.1583,color,contrast,Color contrast is important because,"['<|endoftext|>', 'Color', ' contrast', ' is', ' important', ' because']",1,2,EleutherAI/pythia-1b
color_contrast,3,3,0.1156,color,contrast,Color contrast is important because,"['<|endoftext|>', 'Color', ' contrast', ' is', ' important', ' because']",1,2,EleutherAI/pythia-1b
color_contrast,3,4,0.052,color,contrast,Color contrast is important because,"['<|endoftext|>', 'Color', ' contrast', ' is', ' important', ' because']",1,2,EleutherAI/pythia-1b
color_contrast,3,5,0.9969,color,contrast,Color contrast is important because,"['<|endoftext|>', 'Color', ' contrast', ' is', ' important', ' because']",1,2,EleutherAI/pythia-1b
color_contrast,3,6,0.8725,color,contrast,Color contrast is important because,"['<|endoftext|>', 'Color', ' contrast', ' is', ' important', ' because']",1,2,EleutherAI/pythia-1b
color_contrast,3,7,0.4082,color,contrast,Color contrast is important because,"['<|endoftext|>', 'Color', ' contrast', ' is', ' important', ' because']",1,2,EleutherAI/pythia-1b
color_contrast,4,0,0.0912,color,contrast,Color contrast is important because,"['<|endoftext|>', 'Color', ' contrast', ' is', ' important', ' because']",1,2,EleutherAI/pythia-1b
color_contrast,4,1,0.1035,color,contrast,Color contrast is important because,"['<|endoftext|>', 'Color', ' contrast', ' is', ' important', ' because']",1,2,EleutherAI/pythia-1b
color_contrast,4,2,0.0283,color,contrast,Color contrast is important because,"['<|endoftext|>', 'Color', ' contrast', ' is', ' important', ' because']",1,2,EleutherAI/pythia-1b
color_contrast,4,3,0.0927,color,contrast,Color contrast is important because,"['<|endoftext|>', 'Color', ' contrast', ' is', ' important', ' because']",1,2,EleutherAI/pythia-1b
color_contrast,4,4,0.0002,color,contrast,Color contrast is important because,"['<|endoftext|>', 'Color', ' contrast', ' is', ' important', ' because']",1,2,EleutherAI/pythia-1b
color_contrast,4,5,0.0021,color,contrast,Color contrast is important because,"['<|endoftext|>', 'Color', ' contrast', ' is', ' important', ' because']",1,2,EleutherAI/pythia-1b
color_contrast,4,6,0.0162,color,contrast,Color contrast is important because,"['<|endoftext|>', 'Color', ' contrast', ' is', ' important', ' because']",1,2,EleutherAI/pythia-1b
color_contrast,4,7,0.0558,color,contrast,Color contrast is important because,"['<|endoftext|>', 'Color', ' contrast', ' is', ' important', ' because']",1,2,EleutherAI/pythia-1b
color_contrast,5,0,0.0794,color,contrast,Color contrast is important because,"['<|endoftext|>', 'Color', ' contrast', ' is', ' important', ' because']",1,2,EleutherAI/pythia-1b
color_contrast,5,1,0.0001,color,contrast,Color contrast is important because,"['<|endoftext|>', 'Color', ' contrast', ' is', ' important', ' because']",1,2,EleutherAI/pythia-1b
color_contrast,5,2,0.0059,color,contrast,Color contrast is important because,"['<|endoftext|>', 'Color', ' contrast', ' is', ' important', ' because']",1,2,EleutherAI/pythia-1b
color_contrast,5,3,0.1087,color,contrast,Color contrast is important because,"['<|endoftext|>', 'Color', ' contrast', ' is', ' important', ' because']",1,2,EleutherAI/pythia-1b
color_contrast,5,4,0.0189,color,contrast,Color contrast is important because,"['<|endoftext|>', 'Color', ' contrast', ' is', ' important', ' because']",1,2,EleutherAI/pythia-1b
color_contrast,5,5,0.2869,color,contrast,Color contrast is important because,"['<|endoftext|>', 'Color', ' contrast', ' is', ' important', ' because']",1,2,EleutherAI/pythia-1b
color_contrast,5,6,0.0012,color,contrast,Color contrast is important because,"['<|endoftext|>', 'Color', ' contrast', ' is', ' important', ' because']",1,2,EleutherAI/pythia-1b
color_contrast,5,7,0.0026,color,contrast,Color contrast is important because,"['<|endoftext|>', 'Color', ' contrast', ' is', ' important', ' because']",1,2,EleutherAI/pythia-1b
color_contrast,6,0,0.0274,color,contrast,Color contrast is important because,"['<|endoftext|>', 'Color', ' contrast', ' is', ' important', ' because']",1,2,EleutherAI/pythia-1b
color_contrast,6,1,0.0248,color,contrast,Color contrast is important because,"['<|endoftext|>', 'Color', ' contrast', ' is', ' important', ' because']",1,2,EleutherAI/pythia-1b
color_contrast,6,2,0.0112,color,contrast,Color contrast is important because,"['<|endoftext|>', 'Color', ' contrast', ' is', ' important', ' because']",1,2,EleutherAI/pythia-1b
color_contrast,6,3,0.9355,color,contrast,Color contrast is important because,"['<|endoftext|>', 'Color', ' contrast', ' is', ' important', ' because']",1,2,EleutherAI/pythia-1b
color_contrast,6,4,0.0514,color,contrast,Color contrast is important because,"['<|endoftext|>', 'Color', ' contrast', ' is', ' important', ' because']",1,2,EleutherAI/pythia-1b
color_contrast,6,5,0.2235,color,contrast,Color contrast is important because,"['<|endoftext|>', 'Color', ' contrast', ' is', ' important', ' because']",1,2,EleutherAI/pythia-1b
color_contrast,6,6,0.0445,color,contrast,Color contrast is important because,"['<|endoftext|>', 'Color', ' contrast', ' is', ' important', ' because']",1,2,EleutherAI/pythia-1b
color_contrast,6,7,0.0015,color,contrast,Color contrast is important because,"['<|endoftext|>', 'Color', ' contrast', ' is', ' important', ' because']",1,2,EleutherAI/pythia-1b
color_contrast,7,0,0.0056,color,contrast,Color contrast is important because,"['<|endoftext|>', 'Color', ' contrast', ' is', ' important', ' because']",1,2,EleutherAI/pythia-1b
color_contrast,7,1,0.0003,color,contrast,Color contrast is important because,"['<|endoftext|>', 'Color', ' contrast', ' is', ' important', ' because']",1,2,EleutherAI/pythia-1b
color_contrast,7,2,0.0032,color,contrast,Color contrast is important because,"['<|endoftext|>', 'Color', ' contrast', ' is', ' important', ' because']",1,2,EleutherAI/pythia-1b
color_contrast,7,3,0.0431,color,contrast,Color contrast is important because,"['<|endoftext|>', 'Color', ' contrast', ' is', ' important', ' because']",1,2,EleutherAI/pythia-1b
color_contrast,7,4,0.1529,color,contrast,Color contrast is important because,"['<|endoftext|>', 'Color', ' contrast', ' is', ' important', ' because']",1,2,EleutherAI/pythia-1b
color_contrast,7,5,0.0779,color,contrast,Color contrast is important because,"['<|endoftext|>', 'Color', ' contrast', ' is', ' important', ' because']",1,2,EleutherAI/pythia-1b
color_contrast,7,6,0.3443,color,contrast,Color contrast is important because,"['<|endoftext|>', 'Color', ' contrast', ' is', ' important', ' because']",1,2,EleutherAI/pythia-1b
color_contrast,7,7,0.0512,color,contrast,Color contrast is important because,"['<|endoftext|>', 'Color', ' contrast', ' is', ' important', ' because']",1,2,EleutherAI/pythia-1b
color_contrast,8,0,0.0018,color,contrast,Color contrast is important because,"['<|endoftext|>', 'Color', ' contrast', ' is', ' important', ' because']",1,2,EleutherAI/pythia-1b
color_contrast,8,1,0.0795,color,contrast,Color contrast is important because,"['<|endoftext|>', 'Color', ' contrast', ' is', ' important', ' because']",1,2,EleutherAI/pythia-1b
color_contrast,8,2,0.0293,color,contrast,Color contrast is important because,"['<|endoftext|>', 'Color', ' contrast', ' is', ' important', ' because']",1,2,EleutherAI/pythia-1b
color_contrast,8,3,0.0693,color,contrast,Color contrast is important because,"['<|endoftext|>', 'Color', ' contrast', ' is', ' important', ' because']",1,2,EleutherAI/pythia-1b
color_contrast,8,4,0.0182,color,contrast,Color contrast is important because,"['<|endoftext|>', 'Color', ' contrast', ' is', ' important', ' because']",1,2,EleutherAI/pythia-1b
color_contrast,8,5,0.0054,color,contrast,Color contrast is important because,"['<|endoftext|>', 'Color', ' contrast', ' is', ' important', ' because']",1,2,EleutherAI/pythia-1b
color_contrast,8,6,0.0017,color,contrast,Color contrast is important because,"['<|endoftext|>', 'Color', ' contrast', ' is', ' important', ' because']",1,2,EleutherAI/pythia-1b
color_contrast,8,7,0.1601,color,contrast,Color contrast is important because,"['<|endoftext|>', 'Color', ' contrast', ' is', ' important', ' because']",1,2,EleutherAI/pythia-1b
color_contrast,9,0,0.0423,color,contrast,Color contrast is important because,"['<|endoftext|>', 'Color', ' contrast', ' is', ' important', ' because']",1,2,EleutherAI/pythia-1b
color_contrast,9,1,0.0095,color,contrast,Color contrast is important because,"['<|endoftext|>', 'Color', ' contrast', ' is', ' important', ' because']",1,2,EleutherAI/pythia-1b
color_contrast,9,2,0.2492,color,contrast,Color contrast is important because,"['<|endoftext|>', 'Color', ' contrast', ' is', ' important', ' because']",1,2,EleutherAI/pythia-1b
color_contrast,9,3,0.0225,color,contrast,Color contrast is important because,"['<|endoftext|>', 'Color', ' contrast', ' is', ' important', ' because']",1,2,EleutherAI/pythia-1b
color_contrast,9,4,0.0109,color,contrast,Color contrast is important because,"['<|endoftext|>', 'Color', ' contrast', ' is', ' important', ' because']",1,2,EleutherAI/pythia-1b
color_contrast,9,5,0.0059,color,contrast,Color contrast is important because,"['<|endoftext|>', 'Color', ' contrast', ' is', ' important', ' because']",1,2,EleutherAI/pythia-1b
color_contrast,9,6,0.2238,color,contrast,Color contrast is important because,"['<|endoftext|>', 'Color', ' contrast', ' is', ' important', ' because']",1,2,EleutherAI/pythia-1b
color_contrast,9,7,0.2473,color,contrast,Color contrast is important because,"['<|endoftext|>', 'Color', ' contrast', ' is', ' important', ' because']",1,2,EleutherAI/pythia-1b
color_contrast,10,0,0.0015,color,contrast,Color contrast is important because,"['<|endoftext|>', 'Color', ' contrast', ' is', ' important', ' because']",1,2,EleutherAI/pythia-1b
color_contrast,10,1,0.1892,color,contrast,Color contrast is important because,"['<|endoftext|>', 'Color', ' contrast', ' is', ' important', ' because']",1,2,EleutherAI/pythia-1b
color_contrast,10,2,0.0277,color,contrast,Color contrast is important because,"['<|endoftext|>', 'Color', ' contrast', ' is', ' important', ' because']",1,2,EleutherAI/pythia-1b
color_contrast,10,3,0.2542,color,contrast,Color contrast is important because,"['<|endoftext|>', 'Color', ' contrast', ' is', ' important', ' because']",1,2,EleutherAI/pythia-1b
color_contrast,10,4,0.0255,color,contrast,Color contrast is important because,"['<|endoftext|>', 'Color', ' contrast', ' is', ' important', ' because']",1,2,EleutherAI/pythia-1b
color_contrast,10,5,0.0011,color,contrast,Color contrast is important because,"['<|endoftext|>', 'Color', ' contrast', ' is', ' important', ' because']",1,2,EleutherAI/pythia-1b
color_contrast,10,6,0.001,color,contrast,Color contrast is important because,"['<|endoftext|>', 'Color', ' contrast', ' is', ' important', ' because']",1,2,EleutherAI/pythia-1b
color_contrast,10,7,0.0334,color,contrast,Color contrast is important because,"['<|endoftext|>', 'Color', ' contrast', ' is', ' important', ' because']",1,2,EleutherAI/pythia-1b
color_contrast,11,0,0.0577,color,contrast,Color contrast is important because,"['<|endoftext|>', 'Color', ' contrast', ' is', ' important', ' because']",1,2,EleutherAI/pythia-1b
color_contrast,11,1,0.0583,color,contrast,Color contrast is important because,"['<|endoftext|>', 'Color', ' contrast', ' is', ' important', ' because']",1,2,EleutherAI/pythia-1b
color_contrast,11,2,0.0609,color,contrast,Color contrast is important because,"['<|endoftext|>', 'Color', ' contrast', ' is', ' important', ' because']",1,2,EleutherAI/pythia-1b
color_contrast,11,3,0.0046,color,contrast,Color contrast is important because,"['<|endoftext|>', 'Color', ' contrast', ' is', ' important', ' because']",1,2,EleutherAI/pythia-1b
color_contrast,11,4,0.0706,color,contrast,Color contrast is important because,"['<|endoftext|>', 'Color', ' contrast', ' is', ' important', ' because']",1,2,EleutherAI/pythia-1b
color_contrast,11,5,0.0128,color,contrast,Color contrast is important because,"['<|endoftext|>', 'Color', ' contrast', ' is', ' important', ' because']",1,2,EleutherAI/pythia-1b
color_contrast,11,6,0.0017,color,contrast,Color contrast is important because,"['<|endoftext|>', 'Color', ' contrast', ' is', ' important', ' because']",1,2,EleutherAI/pythia-1b
color_contrast,11,7,0.0017,color,contrast,Color contrast is important because,"['<|endoftext|>', 'Color', ' contrast', ' is', ' important', ' because']",1,2,EleutherAI/pythia-1b
color_contrast,12,0,0.0196,color,contrast,Color contrast is important because,"['<|endoftext|>', 'Color', ' contrast', ' is', ' important', ' because']",1,2,EleutherAI/pythia-1b
color_contrast,12,1,0.0361,color,contrast,Color contrast is important because,"['<|endoftext|>', 'Color', ' contrast', ' is', ' important', ' because']",1,2,EleutherAI/pythia-1b
color_contrast,12,2,0.0083,color,contrast,Color contrast is important because,"['<|endoftext|>', 'Color', ' contrast', ' is', ' important', ' because']",1,2,EleutherAI/pythia-1b
color_contrast,12,3,0.0055,color,contrast,Color contrast is important because,"['<|endoftext|>', 'Color', ' contrast', ' is', ' important', ' because']",1,2,EleutherAI/pythia-1b
color_contrast,12,4,0.0177,color,contrast,Color contrast is important because,"['<|endoftext|>', 'Color', ' contrast', ' is', ' important', ' because']",1,2,EleutherAI/pythia-1b
color_contrast,12,5,0.0898,color,contrast,Color contrast is important because,"['<|endoftext|>', 'Color', ' contrast', ' is', ' important', ' because']",1,2,EleutherAI/pythia-1b
color_contrast,12,6,0.0077,color,contrast,Color contrast is important because,"['<|endoftext|>', 'Color', ' contrast', ' is', ' important', ' because']",1,2,EleutherAI/pythia-1b
color_contrast,12,7,0.0479,color,contrast,Color contrast is important because,"['<|endoftext|>', 'Color', ' contrast', ' is', ' important', ' because']",1,2,EleutherAI/pythia-1b
color_contrast,13,0,0.1119,color,contrast,Color contrast is important because,"['<|endoftext|>', 'Color', ' contrast', ' is', ' important', ' because']",1,2,EleutherAI/pythia-1b
color_contrast,13,1,0.0328,color,contrast,Color contrast is important because,"['<|endoftext|>', 'Color', ' contrast', ' is', ' important', ' because']",1,2,EleutherAI/pythia-1b
color_contrast,13,2,0.0051,color,contrast,Color contrast is important because,"['<|endoftext|>', 'Color', ' contrast', ' is', ' important', ' because']",1,2,EleutherAI/pythia-1b
color_contrast,13,3,0.0367,color,contrast,Color contrast is important because,"['<|endoftext|>', 'Color', ' contrast', ' is', ' important', ' because']",1,2,EleutherAI/pythia-1b
color_contrast,13,4,0.2005,color,contrast,Color contrast is important because,"['<|endoftext|>', 'Color', ' contrast', ' is', ' important', ' because']",1,2,EleutherAI/pythia-1b
color_contrast,13,5,0.0347,color,contrast,Color contrast is important because,"['<|endoftext|>', 'Color', ' contrast', ' is', ' important', ' because']",1,2,EleutherAI/pythia-1b
color_contrast,13,6,0.0028,color,contrast,Color contrast is important because,"['<|endoftext|>', 'Color', ' contrast', ' is', ' important', ' because']",1,2,EleutherAI/pythia-1b
color_contrast,13,7,0.017,color,contrast,Color contrast is important because,"['<|endoftext|>', 'Color', ' contrast', ' is', ' important', ' because']",1,2,EleutherAI/pythia-1b
color_contrast,14,0,0.0306,color,contrast,Color contrast is important because,"['<|endoftext|>', 'Color', ' contrast', ' is', ' important', ' because']",1,2,EleutherAI/pythia-1b
color_contrast,14,1,0.0668,color,contrast,Color contrast is important because,"['<|endoftext|>', 'Color', ' contrast', ' is', ' important', ' because']",1,2,EleutherAI/pythia-1b
color_contrast,14,2,0.1374,color,contrast,Color contrast is important because,"['<|endoftext|>', 'Color', ' contrast', ' is', ' important', ' because']",1,2,EleutherAI/pythia-1b
color_contrast,14,3,0.1168,color,contrast,Color contrast is important because,"['<|endoftext|>', 'Color', ' contrast', ' is', ' important', ' because']",1,2,EleutherAI/pythia-1b
color_contrast,14,4,0.0715,color,contrast,Color contrast is important because,"['<|endoftext|>', 'Color', ' contrast', ' is', ' important', ' because']",1,2,EleutherAI/pythia-1b
color_contrast,14,5,0.0373,color,contrast,Color contrast is important because,"['<|endoftext|>', 'Color', ' contrast', ' is', ' important', ' because']",1,2,EleutherAI/pythia-1b
color_contrast,14,6,0.0145,color,contrast,Color contrast is important because,"['<|endoftext|>', 'Color', ' contrast', ' is', ' important', ' because']",1,2,EleutherAI/pythia-1b
color_contrast,14,7,0.0145,color,contrast,Color contrast is important because,"['<|endoftext|>', 'Color', ' contrast', ' is', ' important', ' because']",1,2,EleutherAI/pythia-1b
color_contrast,15,0,0.1651,color,contrast,Color contrast is important because,"['<|endoftext|>', 'Color', ' contrast', ' is', ' important', ' because']",1,2,EleutherAI/pythia-1b
color_contrast,15,1,0.0088,color,contrast,Color contrast is important because,"['<|endoftext|>', 'Color', ' contrast', ' is', ' important', ' because']",1,2,EleutherAI/pythia-1b
color_contrast,15,2,0.0714,color,contrast,Color contrast is important because,"['<|endoftext|>', 'Color', ' contrast', ' is', ' important', ' because']",1,2,EleutherAI/pythia-1b
color_contrast,15,3,0.0123,color,contrast,Color contrast is important because,"['<|endoftext|>', 'Color', ' contrast', ' is', ' important', ' because']",1,2,EleutherAI/pythia-1b
color_contrast,15,4,0.0453,color,contrast,Color contrast is important because,"['<|endoftext|>', 'Color', ' contrast', ' is', ' important', ' because']",1,2,EleutherAI/pythia-1b
color_contrast,15,5,0.0912,color,contrast,Color contrast is important because,"['<|endoftext|>', 'Color', ' contrast', ' is', ' important', ' because']",1,2,EleutherAI/pythia-1b
color_contrast,15,6,0.0352,color,contrast,Color contrast is important because,"['<|endoftext|>', 'Color', ' contrast', ' is', ' important', ' because']",1,2,EleutherAI/pythia-1b
color_contrast,15,7,0.1425,color,contrast,Color contrast is important because,"['<|endoftext|>', 'Color', ' contrast', ' is', ' important', ' because']",1,2,EleutherAI/pythia-1b
keyboard_navigation,0,0,0.1621,keyboard,navigation,Keyboard navigation allows,"['<|endoftext|>', 'Key', 'board', ' navigation', ' allows']",2,3,EleutherAI/pythia-1b
keyboard_navigation,0,1,0.5304,keyboard,navigation,Keyboard navigation allows,"['<|endoftext|>', 'Key', 'board', ' navigation', ' allows']",2,3,EleutherAI/pythia-1b
keyboard_navigation,0,2,0.0,keyboard,navigation,Keyboard navigation allows,"['<|endoftext|>', 'Key', 'board', ' navigation', ' allows']",2,3,EleutherAI/pythia-1b
keyboard_navigation,0,3,0.8013,keyboard,navigation,Keyboard navigation allows,"['<|endoftext|>', 'Key', 'board', ' navigation', ' allows']",2,3,EleutherAI/pythia-1b
keyboard_navigation,0,4,0.0263,keyboard,navigation,Keyboard navigation allows,"['<|endoftext|>', 'Key', 'board', ' navigation', ' allows']",2,3,EleutherAI/pythia-1b
keyboard_navigation,0,5,0.1072,keyboard,navigation,Keyboard navigation allows,"['<|endoftext|>', 'Key', 'board', ' navigation', ' allows']",2,3,EleutherAI/pythia-1b
keyboard_navigation,0,6,0.0283,keyboard,navigation,Keyboard navigation allows,"['<|endoftext|>', 'Key', 'board', ' navigation', ' allows']",2,3,EleutherAI/pythia-1b
keyboard_navigation,0,7,0.0017,keyboard,navigation,Keyboard navigation allows,"['<|endoftext|>', 'Key', 'board', ' navigation', ' allows']",2,3,EleutherAI/pythia-1b
keyboard_navigation,1,0,0.1448,keyboard,navigation,Keyboard navigation allows,"['<|endoftext|>', 'Key', 'board', ' navigation', ' allows']",2,3,EleutherAI/pythia-1b
keyboard_navigation,1,1,0.0789,keyboard,navigation,Keyboard navigation allows,"['<|endoftext|>', 'Key', 'board', ' navigation', ' allows']",2,3,EleutherAI/pythia-1b
keyboard_navigation,1,2,0.5421,keyboard,navigation,Keyboard navigation allows,"['<|endoftext|>', 'Key', 'board', ' navigation', ' allows']",2,3,EleutherAI/pythia-1b
keyboard_navigation,1,3,0.5465,keyboard,navigation,Keyboard navigation allows,"['<|endoftext|>', 'Key', 'board', ' navigation', ' allows']",2,3,EleutherAI/pythia-1b
keyboard_navigation,1,4,0.5179,keyboard,navigation,Keyboard navigation allows,"['<|endoftext|>', 'Key', 'board', ' navigation', ' allows']",2,3,EleutherAI/pythia-1b
keyboard_navigation,1,5,0.5774,keyboard,navigation,Keyboard navigation allows,"['<|endoftext|>', 'Key', 'board', ' navigation', ' allows']",2,3,EleutherAI/pythia-1b
keyboard_navigation,1,6,0.1545,keyboard,navigation,Keyboard navigation allows,"['<|endoftext|>', 'Key', 'board', ' navigation', ' allows']",2,3,EleutherAI/pythia-1b
keyboard_navigation,1,7,0.0067,keyboard,navigation,Keyboard navigation allows,"['<|endoftext|>', 'Key', 'board', ' navigation', ' allows']",2,3,EleutherAI/pythia-1b
keyboard_navigation,2,0,0.1671,keyboard,navigation,Keyboard navigation allows,"['<|endoftext|>', 'Key', 'board', ' navigation', ' allows']",2,3,EleutherAI/pythia-1b
keyboard_navigation,2,1,0.1337,keyboard,navigation,Keyboard navigation allows,"['<|endoftext|>', 'Key', 'board', ' navigation', ' allows']",2,3,EleutherAI/pythia-1b
keyboard_navigation,2,2,0.6444,keyboard,navigation,Keyboard navigation allows,"['<|endoftext|>', 'Key', 'board', ' navigation', ' allows']",2,3,EleutherAI/pythia-1b
keyboard_navigation,2,3,0.2255,keyboard,navigation,Keyboard navigation allows,"['<|endoftext|>', 'Key', 'board', ' navigation', ' allows']",2,3,EleutherAI/pythia-1b
keyboard_navigation,2,4,0.1332,keyboard,navigation,Keyboard navigation allows,"['<|endoftext|>', 'Key', 'board', ' navigation', ' allows']",2,3,EleutherAI/pythia-1b
keyboard_navigation,2,5,0.1252,keyboard,navigation,Keyboard navigation allows,"['<|endoftext|>', 'Key', 'board', ' navigation', ' allows']",2,3,EleutherAI/pythia-1b
keyboard_navigation,2,6,0.6158,keyboard,navigation,Keyboard navigation allows,"['<|endoftext|>', 'Key', 'board', ' navigation', ' allows']",2,3,EleutherAI/pythia-1b
keyboard_navigation,2,7,0.0651,keyboard,navigation,Keyboard navigation allows,"['<|endoftext|>', 'Key', 'board', ' navigation', ' allows']",2,3,EleutherAI/pythia-1b
keyboard_navigation,3,0,0.0244,keyboard,navigation,Keyboard navigation allows,"['<|endoftext|>', 'Key', 'board', ' navigation', ' allows']",2,3,EleutherAI/pythia-1b
keyboard_navigation,3,1,0.1593,keyboard,navigation,Keyboard navigation allows,"['<|endoftext|>', 'Key', 'board', ' navigation', ' allows']",2,3,EleutherAI/pythia-1b
keyboard_navigation,3,2,0.3628,keyboard,navigation,Keyboard navigation allows,"['<|endoftext|>', 'Key', 'board', ' navigation', ' allows']",2,3,EleutherAI/pythia-1b
keyboard_navigation,3,3,0.1158,keyboard,navigation,Keyboard navigation allows,"['<|endoftext|>', 'Key', 'board', ' navigation', ' allows']",2,3,EleutherAI/pythia-1b
keyboard_navigation,3,4,0.0772,keyboard,navigation,Keyboard navigation allows,"['<|endoftext|>', 'Key', 'board', ' navigation', ' allows']",2,3,EleutherAI/pythia-1b
keyboard_navigation,3,5,0.9998,keyboard,navigation,Keyboard navigation allows,"['<|endoftext|>', 'Key', 'board', ' navigation', ' allows']",2,3,EleutherAI/pythia-1b
keyboard_navigation,3,6,0.4444,keyboard,navigation,Keyboard navigation allows,"['<|endoftext|>', 'Key', 'board', ' navigation', ' allows']",2,3,EleutherAI/pythia-1b
keyboard_navigation,3,7,0.1506,keyboard,navigation,Keyboard navigation allows,"['<|endoftext|>', 'Key', 'board', ' navigation', ' allows']",2,3,EleutherAI/pythia-1b
keyboard_navigation,4,0,0.187,keyboard,navigation,Keyboard navigation allows,"['<|endoftext|>', 'Key', 'board', ' navigation', ' allows']",2,3,EleutherAI/pythia-1b
keyboard_navigation,4,1,0.0132,keyboard,navigation,Keyboard navigation allows,"['<|endoftext|>', 'Key', 'board', ' navigation', ' allows']",2,3,EleutherAI/pythia-1b
keyboard_navigation,4,2,0.0343,keyboard,navigation,Keyboard navigation allows,"['<|endoftext|>', 'Key', 'board', ' navigation', ' allows']",2,3,EleutherAI/pythia-1b
keyboard_navigation,4,3,0.0769,keyboard,navigation,Keyboard navigation allows,"['<|endoftext|>', 'Key', 'board', ' navigation', ' allows']",2,3,EleutherAI/pythia-1b
keyboard_navigation,4,4,0.0,keyboard,navigation,Keyboard navigation allows,"['<|endoftext|>', 'Key', 'board', ' navigation', ' allows']",2,3,EleutherAI/pythia-1b
keyboard_navigation,4,5,0.0004,keyboard,navigation,Keyboard navigation allows,"['<|endoftext|>', 'Key', 'board', ' navigation', ' allows']",2,3,EleutherAI/pythia-1b
keyboard_navigation,4,6,0.0554,keyboard,navigation,Keyboard navigation allows,"['<|endoftext|>', 'Key', 'board', ' navigation', ' allows']",2,3,EleutherAI/pythia-1b
keyboard_navigation,4,7,0.0127,keyboard,navigation,Keyboard navigation allows,"['<|endoftext|>', 'Key', 'board', ' navigation', ' allows']",2,3,EleutherAI/pythia-1b
keyboard_navigation,5,0,0.0805,keyboard,navigation,Keyboard navigation allows,"['<|endoftext|>', 'Key', 'board', ' navigation', ' allows']",2,3,EleutherAI/pythia-1b
keyboard_navigation,5,1,0.0003,keyboard,navigation,Keyboard navigation allows,"['<|endoftext|>', 'Key', 'board', ' navigation', ' allows']",2,3,EleutherAI/pythia-1b
keyboard_navigation,5,2,0.0373,keyboard,navigation,Keyboard navigation allows,"['<|endoftext|>', 'Key', 'board', ' navigation', ' allows']",2,3,EleutherAI/pythia-1b
keyboard_navigation,5,3,0.0155,keyboard,navigation,Keyboard navigation allows,"['<|endoftext|>', 'Key', 'board', ' navigation', ' allows']",2,3,EleutherAI/pythia-1b
keyboard_navigation,5,4,0.0131,keyboard,navigation,Keyboard navigation allows,"['<|endoftext|>', 'Key', 'board', ' navigation', ' allows']",2,3,EleutherAI/pythia-1b
keyboard_navigation,5,5,0.5173,keyboard,navigation,Keyboard navigation allows,"['<|endoftext|>', 'Key', 'board', ' navigation', ' allows']",2,3,EleutherAI/pythia-1b
keyboard_navigation,5,6,0.0001,keyboard,navigation,Keyboard navigation allows,"['<|endoftext|>', 'Key', 'board', ' navigation', ' allows']",2,3,EleutherAI/pythia-1b
keyboard_navigation,5,7,0.0001,keyboard,navigation,Keyboard navigation allows,"['<|endoftext|>', 'Key', 'board', ' navigation', ' allows']",2,3,EleutherAI/pythia-1b
keyboard_navigation,6,0,0.0247,keyboard,navigation,Keyboard navigation allows,"['<|endoftext|>', 'Key', 'board', ' navigation', ' allows']",2,3,EleutherAI/pythia-1b
keyboard_navigation,6,1,0.008,keyboard,navigation,Keyboard navigation allows,"['<|endoftext|>', 'Key', 'board', ' navigation', ' allows']",2,3,EleutherAI/pythia-1b
keyboard_navigation,6,2,0.0086,keyboard,navigation,Keyboard navigation allows,"['<|endoftext|>', 'Key', 'board', ' navigation', ' allows']",2,3,EleutherAI/pythia-1b
keyboard_navigation,6,3,0.8886,keyboard,navigation,Keyboard navigation allows,"['<|endoftext|>', 'Key', 'board', ' navigation', ' allows']",2,3,EleutherAI/pythia-1b
keyboard_navigation,6,4,0.0018,keyboard,navigation,Keyboard navigation allows,"['<|endoftext|>', 'Key', 'board', ' navigation', ' allows']",2,3,EleutherAI/pythia-1b
keyboard_navigation,6,5,0.1954,keyboard,navigation,Keyboard navigation allows,"['<|endoftext|>', 'Key', 'board', ' navigation', ' allows']",2,3,EleutherAI/pythia-1b
keyboard_navigation,6,6,0.0484,keyboard,navigation,Keyboard navigation allows,"['<|endoftext|>', 'Key', 'board', ' navigation', ' allows']",2,3,EleutherAI/pythia-1b
keyboard_navigation,6,7,0.0013,keyboard,navigation,Keyboard navigation allows,"['<|endoftext|>', 'Key', 'board', ' navigation', ' allows']",2,3,EleutherAI/pythia-1b
keyboard_navigation,7,0,0.0002,keyboard,navigation,Keyboard navigation allows,"['<|endoftext|>', 'Key', 'board', ' navigation', ' allows']",2,3,EleutherAI/pythia-1b
keyboard_navigation,7,1,0.0,keyboard,navigation,Keyboard navigation allows,"['<|endoftext|>', 'Key', 'board', ' navigation', ' allows']",2,3,EleutherAI/pythia-1b
keyboard_navigation,7,2,0.0034,keyboard,navigation,Keyboard navigation allows,"['<|endoftext|>', 'Key', 'board', ' navigation', ' allows']",2,3,EleutherAI/pythia-1b
keyboard_navigation,7,3,0.0413,keyboard,navigation,Keyboard navigation allows,"['<|endoftext|>', 'Key', 'board', ' navigation', ' allows']",2,3,EleutherAI/pythia-1b
keyboard_navigation,7,4,0.0677,keyboard,navigation,Keyboard navigation allows,"['<|endoftext|>', 'Key', 'board', ' navigation', ' allows']",2,3,EleutherAI/pythia-1b
keyboard_navigation,7,5,0.03,keyboard,navigation,Keyboard navigation allows,"['<|endoftext|>', 'Key', 'board', ' navigation', ' allows']",2,3,EleutherAI/pythia-1b
keyboard_navigation,7,6,0.144,keyboard,navigation,Keyboard navigation allows,"['<|endoftext|>', 'Key', 'board', ' navigation', ' allows']",2,3,EleutherAI/pythia-1b
keyboard_navigation,7,7,0.0223,keyboard,navigation,Keyboard navigation allows,"['<|endoftext|>', 'Key', 'board', ' navigation', ' allows']",2,3,EleutherAI/pythia-1b
keyboard_navigation,8,0,0.0023,keyboard,navigation,Keyboard navigation allows,"['<|endoftext|>', 'Key', 'board', ' navigation', ' allows']",2,3,EleutherAI/pythia-1b
keyboard_navigation,8,1,0.027,keyboard,navigation,Keyboard navigation allows,"['<|endoftext|>', 'Key', 'board', ' navigation', ' allows']",2,3,EleutherAI/pythia-1b
keyboard_navigation,8,2,0.0119,keyboard,navigation,Keyboard navigation allows,"['<|endoftext|>', 'Key', 'board', ' navigation', ' allows']",2,3,EleutherAI/pythia-1b
keyboard_navigation,8,3,0.1082,keyboard,navigation,Keyboard navigation allows,"['<|endoftext|>', 'Key', 'board', ' navigation', ' allows']",2,3,EleutherAI/pythia-1b
keyboard_navigation,8,4,0.0102,keyboard,navigation,Keyboard navigation allows,"['<|endoftext|>', 'Key', 'board', ' navigation', ' allows']",2,3,EleutherAI/pythia-1b
keyboard_navigation,8,5,0.0017,keyboard,navigation,Keyboard navigation allows,"['<|endoftext|>', 'Key', 'board', ' navigation', ' allows']",2,3,EleutherAI/pythia-1b
keyboard_navigation,8,6,0.0061,keyboard,navigation,Keyboard navigation allows,"['<|endoftext|>', 'Key', 'board', ' navigation', ' allows']",2,3,EleutherAI/pythia-1b
keyboard_navigation,8,7,0.1347,keyboard,navigation,Keyboard navigation allows,"['<|endoftext|>', 'Key', 'board', ' navigation', ' allows']",2,3,EleutherAI/pythia-1b
keyboard_navigation,9,0,0.0714,keyboard,navigation,Keyboard navigation allows,"['<|endoftext|>', 'Key', 'board', ' navigation', ' allows']",2,3,EleutherAI/pythia-1b
keyboard_navigation,9,1,0.0182,keyboard,navigation,Keyboard navigation allows,"['<|endoftext|>', 'Key', 'board', ' navigation', ' allows']",2,3,EleutherAI/pythia-1b
keyboard_navigation,9,2,0.0787,keyboard,navigation,Keyboard navigation allows,"['<|endoftext|>', 'Key', 'board', ' navigation', ' allows']",2,3,EleutherAI/pythia-1b
keyboard_navigation,9,3,0.0621,keyboard,navigation,Keyboard navigation allows,"['<|endoftext|>', 'Key', 'board', ' navigation', ' allows']",2,3,EleutherAI/pythia-1b
keyboard_navigation,9,4,0.0056,keyboard,navigation,Keyboard navigation allows,"['<|endoftext|>', 'Key', 'board', ' navigation', ' allows']",2,3,EleutherAI/pythia-1b
keyboard_navigation,9,5,0.0132,keyboard,navigation,Keyboard navigation allows,"['<|endoftext|>', 'Key', 'board', ' navigation', ' allows']",2,3,EleutherAI/pythia-1b
keyboard_navigation,9,6,0.0656,keyboard,navigation,Keyboard navigation allows,"['<|endoftext|>', 'Key', 'board', ' navigation', ' allows']",2,3,EleutherAI/pythia-1b
keyboard_navigation,9,7,0.2008,keyboard,navigation,Keyboard navigation allows,"['<|endoftext|>', 'Key', 'board', ' navigation', ' allows']",2,3,EleutherAI/pythia-1b
keyboard_navigation,10,0,0.0007,keyboard,navigation,Keyboard navigation allows,"['<|endoftext|>', 'Key', 'board', ' navigation', ' allows']",2,3,EleutherAI/pythia-1b
keyboard_navigation,10,1,0.143,keyboard,navigation,Keyboard navigation allows,"['<|endoftext|>', 'Key', 'board', ' navigation', ' allows']",2,3,EleutherAI/pythia-1b
keyboard_navigation,10,2,0.0149,keyboard,navigation,Keyboard navigation allows,"['<|endoftext|>', 'Key', 'board', ' navigation', ' allows']",2,3,EleutherAI/pythia-1b
keyboard_navigation,10,3,0.1561,keyboard,navigation,Keyboard navigation allows,"['<|endoftext|>', 'Key', 'board', ' navigation', ' allows']",2,3,EleutherAI/pythia-1b
keyboard_navigation,10,4,0.0109,keyboard,navigation,Keyboard navigation allows,"['<|endoftext|>', 'Key', 'board', ' navigation', ' allows']",2,3,EleutherAI/pythia-1b
keyboard_navigation,10,5,0.0048,keyboard,navigation,Keyboard navigation allows,"['<|endoftext|>', 'Key', 'board', ' navigation', ' allows']",2,3,EleutherAI/pythia-1b
keyboard_navigation,10,6,0.0003,keyboard,navigation,Keyboard navigation allows,"['<|endoftext|>', 'Key', 'board', ' navigation', ' allows']",2,3,EleutherAI/pythia-1b
keyboard_navigation,10,7,0.1517,keyboard,navigation,Keyboard navigation allows,"['<|endoftext|>', 'Key', 'board', ' navigation', ' allows']",2,3,EleutherAI/pythia-1b
keyboard_navigation,11,0,0.0408,keyboard,navigation,Keyboard navigation allows,"['<|endoftext|>', 'Key', 'board', ' navigation', ' allows']",2,3,EleutherAI/pythia-1b
keyboard_navigation,11,1,0.0872,keyboard,navigation,Keyboard navigation allows,"['<|endoftext|>', 'Key', 'board', ' navigation', ' allows']",2,3,EleutherAI/pythia-1b
keyboard_navigation,11,2,0.0339,keyboard,navigation,Keyboard navigation allows,"['<|endoftext|>', 'Key', 'board', ' navigation', ' allows']",2,3,EleutherAI/pythia-1b
keyboard_navigation,11,3,0.016,keyboard,navigation,Keyboard navigation allows,"['<|endoftext|>', 'Key', 'board', ' navigation', ' allows']",2,3,EleutherAI/pythia-1b
keyboard_navigation,11,4,0.0419,keyboard,navigation,Keyboard navigation allows,"['<|endoftext|>', 'Key', 'board', ' navigation', ' allows']",2,3,EleutherAI/pythia-1b
keyboard_navigation,11,5,0.0065,keyboard,navigation,Keyboard navigation allows,"['<|endoftext|>', 'Key', 'board', ' navigation', ' allows']",2,3,EleutherAI/pythia-1b
keyboard_navigation,11,6,0.0175,keyboard,navigation,Keyboard navigation allows,"['<|endoftext|>', 'Key', 'board', ' navigation', ' allows']",2,3,EleutherAI/pythia-1b
keyboard_navigation,11,7,0.0006,keyboard,navigation,Keyboard navigation allows,"['<|endoftext|>', 'Key', 'board', ' navigation', ' allows']",2,3,EleutherAI/pythia-1b
keyboard_navigation,12,0,0.0126,keyboard,navigation,Keyboard navigation allows,"['<|endoftext|>', 'Key', 'board', ' navigation', ' allows']",2,3,EleutherAI/pythia-1b
keyboard_navigation,12,1,0.0318,keyboard,navigation,Keyboard navigation allows,"['<|endoftext|>', 'Key', 'board', ' navigation', ' allows']",2,3,EleutherAI/pythia-1b
keyboard_navigation,12,2,0.0243,keyboard,navigation,Keyboard navigation allows,"['<|endoftext|>', 'Key', 'board', ' navigation', ' allows']",2,3,EleutherAI/pythia-1b
keyboard_navigation,12,3,0.0044,keyboard,navigation,Keyboard navigation allows,"['<|endoftext|>', 'Key', 'board', ' navigation', ' allows']",2,3,EleutherAI/pythia-1b
keyboard_navigation,12,4,0.0221,keyboard,navigation,Keyboard navigation allows,"['<|endoftext|>', 'Key', 'board', ' navigation', ' allows']",2,3,EleutherAI/pythia-1b
keyboard_navigation,12,5,0.0832,keyboard,navigation,Keyboard navigation allows,"['<|endoftext|>', 'Key', 'board', ' navigation', ' allows']",2,3,EleutherAI/pythia-1b
keyboard_navigation,12,6,0.0076,keyboard,navigation,Keyboard navigation allows,"['<|endoftext|>', 'Key', 'board', ' navigation', ' allows']",2,3,EleutherAI/pythia-1b
keyboard_navigation,12,7,0.0225,keyboard,navigation,Keyboard navigation allows,"['<|endoftext|>', 'Key', 'board', ' navigation', ' allows']",2,3,EleutherAI/pythia-1b
keyboard_navigation,13,0,0.1011,keyboard,navigation,Keyboard navigation allows,"['<|endoftext|>', 'Key', 'board', ' navigation', ' allows']",2,3,EleutherAI/pythia-1b
keyboard_navigation,13,1,0.0689,keyboard,navigation,Keyboard navigation allows,"['<|endoftext|>', 'Key', 'board', ' navigation', ' allows']",2,3,EleutherAI/pythia-1b
keyboard_navigation,13,2,0.004,keyboard,navigation,Keyboard navigation allows,"['<|endoftext|>', 'Key', 'board', ' navigation', ' allows']",2,3,EleutherAI/pythia-1b
keyboard_navigation,13,3,0.0277,keyboard,navigation,Keyboard navigation allows,"['<|endoftext|>', 'Key', 'board', ' navigation', ' allows']",2,3,EleutherAI/pythia-1b
keyboard_navigation,13,4,0.2918,keyboard,navigation,Keyboard navigation allows,"['<|endoftext|>', 'Key', 'board', ' navigation', ' allows']",2,3,EleutherAI/pythia-1b
keyboard_navigation,13,5,0.03,keyboard,navigation,Keyboard navigation allows,"['<|endoftext|>', 'Key', 'board', ' navigation', ' allows']",2,3,EleutherAI/pythia-1b
keyboard_navigation,13,6,0.0029,keyboard,navigation,Keyboard navigation allows,"['<|endoftext|>', 'Key', 'board', ' navigation', ' allows']",2,3,EleutherAI/pythia-1b
keyboard_navigation,13,7,0.0222,keyboard,navigation,Keyboard navigation allows,"['<|endoftext|>', 'Key', 'board', ' navigation', ' allows']",2,3,EleutherAI/pythia-1b
keyboard_navigation,14,0,0.1912,keyboard,navigation,Keyboard navigation allows,"['<|endoftext|>', 'Key', 'board', ' navigation', ' allows']",2,3,EleutherAI/pythia-1b
keyboard_navigation,14,1,0.0359,keyboard,navigation,Keyboard navigation allows,"['<|endoftext|>', 'Key', 'board', ' navigation', ' allows']",2,3,EleutherAI/pythia-1b
keyboard_navigation,14,2,0.245,keyboard,navigation,Keyboard navigation allows,"['<|endoftext|>', 'Key', 'board', ' navigation', ' allows']",2,3,EleutherAI/pythia-1b
keyboard_navigation,14,3,0.1841,keyboard,navigation,Keyboard navigation allows,"['<|endoftext|>', 'Key', 'board', ' navigation', ' allows']",2,3,EleutherAI/pythia-1b
keyboard_navigation,14,4,0.1155,keyboard,navigation,Keyboard navigation allows,"['<|endoftext|>', 'Key', 'board', ' navigation', ' allows']",2,3,EleutherAI/pythia-1b
keyboard_navigation,14,5,0.0809,keyboard,navigation,Keyboard navigation allows,"['<|endoftext|>', 'Key', 'board', ' navigation', ' allows']",2,3,EleutherAI/pythia-1b
keyboard_navigation,14,6,0.0098,keyboard,navigation,Keyboard navigation allows,"['<|endoftext|>', 'Key', 'board', ' navigation', ' allows']",2,3,EleutherAI/pythia-1b
keyboard_navigation,14,7,0.0113,keyboard,navigation,Keyboard navigation allows,"['<|endoftext|>', 'Key', 'board', ' navigation', ' allows']",2,3,EleutherAI/pythia-1b
keyboard_navigation,15,0,0.2329,keyboard,navigation,Keyboard navigation allows,"['<|endoftext|>', 'Key', 'board', ' navigation', ' allows']",2,3,EleutherAI/pythia-1b
keyboard_navigation,15,1,0.0933,keyboard,navigation,Keyboard navigation allows,"['<|endoftext|>', 'Key', 'board', ' navigation', ' allows']",2,3,EleutherAI/pythia-1b
keyboard_navigation,15,2,0.0758,keyboard,navigation,Keyboard navigation allows,"['<|endoftext|>', 'Key', 'board', ' navigation', ' allows']",2,3,EleutherAI/pythia-1b
keyboard_navigation,15,3,0.0371,keyboard,navigation,Keyboard navigation allows,"['<|endoftext|>', 'Key', 'board', ' navigation', ' allows']",2,3,EleutherAI/pythia-1b
keyboard_navigation,15,4,0.0971,keyboard,navigation,Keyboard navigation allows,"['<|endoftext|>', 'Key', 'board', ' navigation', ' allows']",2,3,EleutherAI/pythia-1b
keyboard_navigation,15,5,0.1451,keyboard,navigation,Keyboard navigation allows,"['<|endoftext|>', 'Key', 'board', ' navigation', ' allows']",2,3,EleutherAI/pythia-1b
keyboard_navigation,15,6,0.0254,keyboard,navigation,Keyboard navigation allows,"['<|endoftext|>', 'Key', 'board', ' navigation', ' allows']",2,3,EleutherAI/pythia-1b
keyboard_navigation,15,7,0.2199,keyboard,navigation,Keyboard navigation allows,"['<|endoftext|>', 'Key', 'board', ' navigation', ' allows']",2,3,EleutherAI/pythia-1b
closed_captions,0,0,0.2264,closed,captions,Closed captions display,"['<|endoftext|>', 'Closed', ' capt', 'ions', ' display']",1,3,EleutherAI/pythia-1b
closed_captions,0,1,0.1642,closed,captions,Closed captions display,"['<|endoftext|>', 'Closed', ' capt', 'ions', ' display']",1,3,EleutherAI/pythia-1b
closed_captions,0,2,0.0001,closed,captions,Closed captions display,"['<|endoftext|>', 'Closed', ' capt', 'ions', ' display']",1,3,EleutherAI/pythia-1b
closed_captions,0,3,0.008,closed,captions,Closed captions display,"['<|endoftext|>', 'Closed', ' capt', 'ions', ' display']",1,3,EleutherAI/pythia-1b
closed_captions,0,4,0.0616,closed,captions,Closed captions display,"['<|endoftext|>', 'Closed', ' capt', 'ions', ' display']",1,3,EleutherAI/pythia-1b
closed_captions,0,5,0.1615,closed,captions,Closed captions display,"['<|endoftext|>', 'Closed', ' capt', 'ions', ' display']",1,3,EleutherAI/pythia-1b
closed_captions,0,6,0.045,closed,captions,Closed captions display,"['<|endoftext|>', 'Closed', ' capt', 'ions', ' display']",1,3,EleutherAI/pythia-1b
closed_captions,0,7,0.0009,closed,captions,Closed captions display,"['<|endoftext|>', 'Closed', ' capt', 'ions', ' display']",1,3,EleutherAI/pythia-1b
closed_captions,1,0,0.0091,closed,captions,Closed captions display,"['<|endoftext|>', 'Closed', ' capt', 'ions', ' display']",1,3,EleutherAI/pythia-1b
closed_captions,1,1,0.1586,closed,captions,Closed captions display,"['<|endoftext|>', 'Closed', ' capt', 'ions', ' display']",1,3,EleutherAI/pythia-1b
closed_captions,1,2,0.0297,closed,captions,Closed captions display,"['<|endoftext|>', 'Closed', ' capt', 'ions', ' display']",1,3,EleutherAI/pythia-1b
closed_captions,1,3,0.4817,closed,captions,Closed captions display,"['<|endoftext|>', 'Closed', ' capt', 'ions', ' display']",1,3,EleutherAI/pythia-1b
closed_captions,1,4,0.0051,closed,captions,Closed captions display,"['<|endoftext|>', 'Closed', ' capt', 'ions', ' display']",1,3,EleutherAI/pythia-1b
closed_captions,1,5,0.5886,closed,captions,Closed captions display,"['<|endoftext|>', 'Closed', ' capt', 'ions', ' display']",1,3,EleutherAI/pythia-1b
closed_captions,1,6,0.3157,closed,captions,Closed captions display,"['<|endoftext|>', 'Closed', ' capt', 'ions', ' display']",1,3,EleutherAI/pythia-1b
closed_captions,1,7,0.0028,closed,captions,Closed captions display,"['<|endoftext|>', 'Closed', ' capt', 'ions', ' display']",1,3,EleutherAI/pythia-1b
closed_captions,2,0,0.3294,closed,captions,Closed captions display,"['<|endoftext|>', 'Closed', ' capt', 'ions', ' display']",1,3,EleutherAI/pythia-1b
closed_captions,2,1,0.532,closed,captions,Closed captions display,"['<|endoftext|>', 'Closed', ' capt', 'ions', ' display']",1,3,EleutherAI/pythia-1b
closed_captions,2,2,0.7045,closed,captions,Closed captions display,"['<|endoftext|>', 'Closed', ' capt', 'ions', ' display']",1,3,EleutherAI/pythia-1b
closed_captions,2,3,0.345,closed,captions,Closed captions display,"['<|endoftext|>', 'Closed', ' capt', 'ions', ' display']",1,3,EleutherAI/pythia-1b
closed_captions,2,4,0.1683,closed,captions,Closed captions display,"['<|endoftext|>', 'Closed', ' capt', 'ions', ' display']",1,3,EleutherAI/pythia-1b
closed_captions,2,5,0.3051,closed,captions,Closed captions display,"['<|endoftext|>', 'Closed', ' capt', 'ions', ' display']",1,3,EleutherAI/pythia-1b
closed_captions,2,6,0.1733,closed,captions,Closed captions display,"['<|endoftext|>', 'Closed', ' capt', 'ions', ' display']",1,3,EleutherAI/pythia-1b
closed_captions,2,7,0.0056,closed,captions,Closed captions display,"['<|endoftext|>', 'Closed', ' capt', 'ions', ' display']",1,3,EleutherAI/pythia-1b
closed_captions,3,0,0.0055,closed,captions,Closed captions display,"['<|endoftext|>', 'Closed', ' capt', 'ions', ' display']",1,3,EleutherAI/pythia-1b
closed_captions,3,1,0.0156,closed,captions,Closed captions display,"['<|endoftext|>', 'Closed', ' capt', 'ions', ' display']",1,3,EleutherAI/pythia-1b
closed_captions,3,2,0.2907,closed,captions,Closed captions display,"['<|endoftext|>', 'Closed', ' capt', 'ions', ' display']",1,3,EleutherAI/pythia-1b
closed_captions,3,3,0.1735,closed,captions,Closed captions display,"['<|endoftext|>', 'Closed', ' capt', 'ions', ' display']",1,3,EleutherAI/pythia-1b
closed_captions,3,4,0.2046,closed,captions,Closed captions display,"['<|endoftext|>', 'Closed', ' capt', 'ions', ' display']",1,3,EleutherAI/pythia-1b
closed_captions,3,5,0.3936,closed,captions,Closed captions display,"['<|endoftext|>', 'Closed', ' capt', 'ions', ' display']",1,3,EleutherAI/pythia-1b
closed_captions,3,6,0.5862,closed,captions,Closed captions display,"['<|endoftext|>', 'Closed', ' capt', 'ions', ' display']",1,3,EleutherAI/pythia-1b
closed_captions,3,7,0.1608,closed,captions,Closed captions display,"['<|endoftext|>', 'Closed', ' capt', 'ions', ' display']",1,3,EleutherAI/pythia-1b
closed_captions,4,0,0.0211,closed,captions,Closed captions display,"['<|endoftext|>', 'Closed', ' capt', 'ions', ' display']",1,3,EleutherAI/pythia-1b
closed_captions,4,1,0.0522,closed,captions,Closed captions display,"['<|endoftext|>', 'Closed', ' capt', 'ions', ' display']",1,3,EleutherAI/pythia-1b
closed_captions,4,2,0.0165,closed,captions,Closed captions display,"['<|endoftext|>', 'Closed', ' capt', 'ions', ' display']",1,3,EleutherAI/pythia-1b
closed_captions,4,3,0.0499,closed,captions,Closed captions display,"['<|endoftext|>', 'Closed', ' capt', 'ions', ' display']",1,3,EleutherAI/pythia-1b
closed_captions,4,4,0.0005,closed,captions,Closed captions display,"['<|endoftext|>', 'Closed', ' capt', 'ions', ' display']",1,3,EleutherAI/pythia-1b
closed_captions,4,5,0.0071,closed,captions,Closed captions display,"['<|endoftext|>', 'Closed', ' capt', 'ions', ' display']",1,3,EleutherAI/pythia-1b
closed_captions,4,6,0.0873,closed,captions,Closed captions display,"['<|endoftext|>', 'Closed', ' capt', 'ions', ' display']",1,3,EleutherAI/pythia-1b
closed_captions,4,7,0.1197,closed,captions,Closed captions display,"['<|endoftext|>', 'Closed', ' capt', 'ions', ' display']",1,3,EleutherAI/pythia-1b
closed_captions,5,0,0.2365,closed,captions,Closed captions display,"['<|endoftext|>', 'Closed', ' capt', 'ions', ' display']",1,3,EleutherAI/pythia-1b
closed_captions,5,1,0.0,closed,captions,Closed captions display,"['<|endoftext|>', 'Closed', ' capt', 'ions', ' display']",1,3,EleutherAI/pythia-1b
closed_captions,5,2,0.0354,closed,captions,Closed captions display,"['<|endoftext|>', 'Closed', ' capt', 'ions', ' display']",1,3,EleutherAI/pythia-1b
closed_captions,5,3,0.294,closed,captions,Closed captions display,"['<|endoftext|>', 'Closed', ' capt', 'ions', ' display']",1,3,EleutherAI/pythia-1b
closed_captions,5,4,0.0243,closed,captions,Closed captions display,"['<|endoftext|>', 'Closed', ' capt', 'ions', ' display']",1,3,EleutherAI/pythia-1b
closed_captions,5,5,0.7189,closed,captions,Closed captions display,"['<|endoftext|>', 'Closed', ' capt', 'ions', ' display']",1,3,EleutherAI/pythia-1b
closed_captions,5,6,0.0036,closed,captions,Closed captions display,"['<|endoftext|>', 'Closed', ' capt', 'ions', ' display']",1,3,EleutherAI/pythia-1b
closed_captions,5,7,0.0052,closed,captions,Closed captions display,"['<|endoftext|>', 'Closed', ' capt', 'ions', ' display']",1,3,EleutherAI/pythia-1b
closed_captions,6,0,0.0102,closed,captions,Closed captions display,"['<|endoftext|>', 'Closed', ' capt', 'ions', ' display']",1,3,EleutherAI/pythia-1b
closed_captions,6,1,0.0067,closed,captions,Closed captions display,"['<|endoftext|>', 'Closed', ' capt', 'ions', ' display']",1,3,EleutherAI/pythia-1b
closed_captions,6,2,0.0571,closed,captions,Closed captions display,"['<|endoftext|>', 'Closed', ' capt', 'ions', ' display']",1,3,EleutherAI/pythia-1b
closed_captions,6,3,0.4743,closed,captions,Closed captions display,"['<|endoftext|>', 'Closed', ' capt', 'ions', ' display']",1,3,EleutherAI/pythia-1b
closed_captions,6,4,0.013,closed,captions,Closed captions display,"['<|endoftext|>', 'Closed', ' capt', 'ions', ' display']",1,3,EleutherAI/pythia-1b
closed_captions,6,5,0.0353,closed,captions,Closed captions display,"['<|endoftext|>', 'Closed', ' capt', 'ions', ' display']",1,3,EleutherAI/pythia-1b
closed_captions,6,6,0.0169,closed,captions,Closed captions display,"['<|endoftext|>', 'Closed', ' capt', 'ions', ' display']",1,3,EleutherAI/pythia-1b
closed_captions,6,7,0.0027,closed,captions,Closed captions display,"['<|endoftext|>', 'Closed', ' capt', 'ions', ' display']",1,3,EleutherAI/pythia-1b
closed_captions,7,0,0.0038,closed,captions,Closed captions display,"['<|endoftext|>', 'Closed', ' capt', 'ions', ' display']",1,3,EleutherAI/pythia-1b
closed_captions,7,1,0.0014,closed,captions,Closed captions display,"['<|endoftext|>', 'Closed', ' capt', 'ions', ' display']",1,3,EleutherAI/pythia-1b
closed_captions,7,2,0.0193,closed,captions,Closed captions display,"['<|endoftext|>', 'Closed', ' capt', 'ions', ' display']",1,3,EleutherAI/pythia-1b
closed_captions,7,3,0.049,closed,captions,Closed captions display,"['<|endoftext|>', 'Closed', ' capt', 'ions', ' display']",1,3,EleutherAI/pythia-1b
closed_captions,7,4,0.0896,closed,captions,Closed captions display,"['<|endoftext|>', 'Closed', ' capt', 'ions', ' display']",1,3,EleutherAI/pythia-1b
closed_captions,7,5,0.0365,closed,captions,Closed captions display,"['<|endoftext|>', 'Closed', ' capt', 'ions', ' display']",1,3,EleutherAI/pythia-1b
closed_captions,7,6,0.4718,closed,captions,Closed captions display,"['<|endoftext|>', 'Closed', ' capt', 'ions', ' display']",1,3,EleutherAI/pythia-1b
closed_captions,7,7,0.0236,closed,captions,Closed captions display,"['<|endoftext|>', 'Closed', ' capt', 'ions', ' display']",1,3,EleutherAI/pythia-1b
closed_captions,8,0,0.0019,closed,captions,Closed captions display,"['<|endoftext|>', 'Closed', ' capt', 'ions', ' display']",1,3,EleutherAI/pythia-1b
closed_captions,8,1,0.0338,closed,captions,Closed captions display,"['<|endoftext|>', 'Closed', ' capt', 'ions', ' display']",1,3,EleutherAI/pythia-1b
closed_captions,8,2,0.01,closed,captions,Closed captions display,"['<|endoftext|>', 'Closed', ' capt', 'ions', ' display']",1,3,EleutherAI/pythia-1b
closed_captions,8,3,0.0449,closed,captions,Closed captions display,"['<|endoftext|>', 'Closed', ' capt', 'ions', ' display']",1,3,EleutherAI/pythia-1b
closed_captions,8,4,0.009,closed,captions,Closed captions display,"['<|endoftext|>', 'Closed', ' capt', 'ions', ' display']",1,3,EleutherAI/pythia-1b
closed_captions,8,5,0.0005,closed,captions,Closed captions display,"['<|endoftext|>', 'Closed', ' capt', 'ions', ' display']",1,3,EleutherAI/pythia-1b
closed_captions,8,6,0.0001,closed,captions,Closed captions display,"['<|endoftext|>', 'Closed', ' capt', 'ions', ' display']",1,3,EleutherAI/pythia-1b
closed_captions,8,7,0.0545,closed,captions,Closed captions display,"['<|endoftext|>', 'Closed', ' capt', 'ions', ' display']",1,3,EleutherAI/pythia-1b
closed_captions,9,0,0.024,closed,captions,Closed captions display,"['<|endoftext|>', 'Closed', ' capt', 'ions', ' display']",1,3,EleutherAI/pythia-1b
closed_captions,9,1,0.0189,closed,captions,Closed captions display,"['<|endoftext|>', 'Closed', ' capt', 'ions', ' display']",1,3,EleutherAI/pythia-1b
closed_captions,9,2,0.0368,closed,captions,Closed captions display,"['<|endoftext|>', 'Closed', ' capt', 'ions', ' display']",1,3,EleutherAI/pythia-1b
closed_captions,9,3,0.0247,closed,captions,Closed captions display,"['<|endoftext|>', 'Closed', ' capt', 'ions', ' display']",1,3,EleutherAI/pythia-1b
closed_captions,9,4,0.0026,closed,captions,Closed captions display,"['<|endoftext|>', 'Closed', ' capt', 'ions', ' display']",1,3,EleutherAI/pythia-1b
closed_captions,9,5,0.0419,closed,captions,Closed captions display,"['<|endoftext|>', 'Closed', ' capt', 'ions', ' display']",1,3,EleutherAI/pythia-1b
closed_captions,9,6,0.0818,closed,captions,Closed captions display,"['<|endoftext|>', 'Closed', ' capt', 'ions', ' display']",1,3,EleutherAI/pythia-1b
closed_captions,9,7,0.0257,closed,captions,Closed captions display,"['<|endoftext|>', 'Closed', ' capt', 'ions', ' display']",1,3,EleutherAI/pythia-1b
closed_captions,10,0,0.0027,closed,captions,Closed captions display,"['<|endoftext|>', 'Closed', ' capt', 'ions', ' display']",1,3,EleutherAI/pythia-1b
closed_captions,10,1,0.0573,closed,captions,Closed captions display,"['<|endoftext|>', 'Closed', ' capt', 'ions', ' display']",1,3,EleutherAI/pythia-1b
closed_captions,10,2,0.0031,closed,captions,Closed captions display,"['<|endoftext|>', 'Closed', ' capt', 'ions', ' display']",1,3,EleutherAI/pythia-1b
closed_captions,10,3,0.0375,closed,captions,Closed captions display,"['<|endoftext|>', 'Closed', ' capt', 'ions', ' display']",1,3,EleutherAI/pythia-1b
closed_captions,10,4,0.0059,closed,captions,Closed captions display,"['<|endoftext|>', 'Closed', ' capt', 'ions', ' display']",1,3,EleutherAI/pythia-1b
closed_captions,10,5,0.0012,closed,captions,Closed captions display,"['<|endoftext|>', 'Closed', ' capt', 'ions', ' display']",1,3,EleutherAI/pythia-1b
closed_captions,10,6,0.0007,closed,captions,Closed captions display,"['<|endoftext|>', 'Closed', ' capt', 'ions', ' display']",1,3,EleutherAI/pythia-1b
closed_captions,10,7,0.029,closed,captions,Closed captions display,"['<|endoftext|>', 'Closed', ' capt', 'ions', ' display']",1,3,EleutherAI/pythia-1b
closed_captions,11,0,0.03,closed,captions,Closed captions display,"['<|endoftext|>', 'Closed', ' capt', 'ions', ' display']",1,3,EleutherAI/pythia-1b
closed_captions,11,1,0.0117,closed,captions,Closed captions display,"['<|endoftext|>', 'Closed', ' capt', 'ions', ' display']",1,3,EleutherAI/pythia-1b
closed_captions,11,2,0.0124,closed,captions,Closed captions display,"['<|endoftext|>', 'Closed', ' capt', 'ions', ' display']",1,3,EleutherAI/pythia-1b
closed_captions,11,3,0.0072,closed,captions,Closed captions display,"['<|endoftext|>', 'Closed', ' capt', 'ions', ' display']",1,3,EleutherAI/pythia-1b
closed_captions,11,4,0.0143,closed,captions,Closed captions display,"['<|endoftext|>', 'Closed', ' capt', 'ions', ' display']",1,3,EleutherAI/pythia-1b
closed_captions,11,5,0.0009,closed,captions,Closed captions display,"['<|endoftext|>', 'Closed', ' capt', 'ions', ' display']",1,3,EleutherAI/pythia-1b
closed_captions,11,6,0.0036,closed,captions,Closed captions display,"['<|endoftext|>', 'Closed', ' capt', 'ions', ' display']",1,3,EleutherAI/pythia-1b
closed_captions,11,7,0.0001,closed,captions,Closed captions display,"['<|endoftext|>', 'Closed', ' capt', 'ions', ' display']",1,3,EleutherAI/pythia-1b
closed_captions,12,0,0.01,closed,captions,Closed captions display,"['<|endoftext|>', 'Closed', ' capt', 'ions', ' display']",1,3,EleutherAI/pythia-1b
closed_captions,12,1,0.013,closed,captions,Closed captions display,"['<|endoftext|>', 'Closed', ' capt', 'ions', ' display']",1,3,EleutherAI/pythia-1b
closed_captions,12,2,0.0076,closed,captions,Closed captions display,"['<|endoftext|>', 'Closed', ' capt', 'ions', ' display']",1,3,EleutherAI/pythia-1b
closed_captions,12,3,0.0057,closed,captions,Closed captions display,"['<|endoftext|>', 'Closed', ' capt', 'ions', ' display']",1,3,EleutherAI/pythia-1b
closed_captions,12,4,0.0116,closed,captions,Closed captions display,"['<|endoftext|>', 'Closed', ' capt', 'ions', ' display']",1,3,EleutherAI/pythia-1b
closed_captions,12,5,0.0099,closed,captions,Closed captions display,"['<|endoftext|>', 'Closed', ' capt', 'ions', ' display']",1,3,EleutherAI/pythia-1b
closed_captions,12,6,0.0013,closed,captions,Closed captions display,"['<|endoftext|>', 'Closed', ' capt', 'ions', ' display']",1,3,EleutherAI/pythia-1b
closed_captions,12,7,0.0376,closed,captions,Closed captions display,"['<|endoftext|>', 'Closed', ' capt', 'ions', ' display']",1,3,EleutherAI/pythia-1b
closed_captions,13,0,0.1024,closed,captions,Closed captions display,"['<|endoftext|>', 'Closed', ' capt', 'ions', ' display']",1,3,EleutherAI/pythia-1b
closed_captions,13,1,0.0057,closed,captions,Closed captions display,"['<|endoftext|>', 'Closed', ' capt', 'ions', ' display']",1,3,EleutherAI/pythia-1b
closed_captions,13,2,0.0108,closed,captions,Closed captions display,"['<|endoftext|>', 'Closed', ' capt', 'ions', ' display']",1,3,EleutherAI/pythia-1b
closed_captions,13,3,0.0339,closed,captions,Closed captions display,"['<|endoftext|>', 'Closed', ' capt', 'ions', ' display']",1,3,EleutherAI/pythia-1b
closed_captions,13,4,0.0675,closed,captions,Closed captions display,"['<|endoftext|>', 'Closed', ' capt', 'ions', ' display']",1,3,EleutherAI/pythia-1b
closed_captions,13,5,0.0456,closed,captions,Closed captions display,"['<|endoftext|>', 'Closed', ' capt', 'ions', ' display']",1,3,EleutherAI/pythia-1b
closed_captions,13,6,0.0023,closed,captions,Closed captions display,"['<|endoftext|>', 'Closed', ' capt', 'ions', ' display']",1,3,EleutherAI/pythia-1b
closed_captions,13,7,0.0147,closed,captions,Closed captions display,"['<|endoftext|>', 'Closed', ' capt', 'ions', ' display']",1,3,EleutherAI/pythia-1b
closed_captions,14,0,0.0355,closed,captions,Closed captions display,"['<|endoftext|>', 'Closed', ' capt', 'ions', ' display']",1,3,EleutherAI/pythia-1b
closed_captions,14,1,0.0659,closed,captions,Closed captions display,"['<|endoftext|>', 'Closed', ' capt', 'ions', ' display']",1,3,EleutherAI/pythia-1b
closed_captions,14,2,0.0453,closed,captions,Closed captions display,"['<|endoftext|>', 'Closed', ' capt', 'ions', ' display']",1,3,EleutherAI/pythia-1b
closed_captions,14,3,0.0495,closed,captions,Closed captions display,"['<|endoftext|>', 'Closed', ' capt', 'ions', ' display']",1,3,EleutherAI/pythia-1b
closed_captions,14,4,0.0483,closed,captions,Closed captions display,"['<|endoftext|>', 'Closed', ' capt', 'ions', ' display']",1,3,EleutherAI/pythia-1b
closed_captions,14,5,0.0443,closed,captions,Closed captions display,"['<|endoftext|>', 'Closed', ' capt', 'ions', ' display']",1,3,EleutherAI/pythia-1b
closed_captions,14,6,0.0153,closed,captions,Closed captions display,"['<|endoftext|>', 'Closed', ' capt', 'ions', ' display']",1,3,EleutherAI/pythia-1b
closed_captions,14,7,0.017,closed,captions,Closed captions display,"['<|endoftext|>', 'Closed', ' capt', 'ions', ' display']",1,3,EleutherAI/pythia-1b
closed_captions,15,0,0.0215,closed,captions,Closed captions display,"['<|endoftext|>', 'Closed', ' capt', 'ions', ' display']",1,3,EleutherAI/pythia-1b
closed_captions,15,1,0.0237,closed,captions,Closed captions display,"['<|endoftext|>', 'Closed', ' capt', 'ions', ' display']",1,3,EleutherAI/pythia-1b
closed_captions,15,2,0.0441,closed,captions,Closed captions display,"['<|endoftext|>', 'Closed', ' capt', 'ions', ' display']",1,3,EleutherAI/pythia-1b
closed_captions,15,3,0.0342,closed,captions,Closed captions display,"['<|endoftext|>', 'Closed', ' capt', 'ions', ' display']",1,3,EleutherAI/pythia-1b
closed_captions,15,4,0.0279,closed,captions,Closed captions display,"['<|endoftext|>', 'Closed', ' capt', 'ions', ' display']",1,3,EleutherAI/pythia-1b
closed_captions,15,5,0.009,closed,captions,Closed captions display,"['<|endoftext|>', 'Closed', ' capt', 'ions', ' display']",1,3,EleutherAI/pythia-1b
closed_captions,15,6,0.018,closed,captions,Closed captions display,"['<|endoftext|>', 'Closed', ' capt', 'ions', ' display']",1,3,EleutherAI/pythia-1b
closed_captions,15,7,0.0506,closed,captions,Closed captions display,"['<|endoftext|>', 'Closed', ' capt', 'ions', ' display']",1,3,EleutherAI/pythia-1b
page_title,0,0,0.2285,page,title,A page title describes,"['<|endoftext|>', 'A', ' page', ' title', ' describes']",2,3,EleutherAI/pythia-1b
page_title,0,1,0.5484,page,title,A page title describes,"['<|endoftext|>', 'A', ' page', ' title', ' describes']",2,3,EleutherAI/pythia-1b
page_title,0,2,0.0,page,title,A page title describes,"['<|endoftext|>', 'A', ' page', ' title', ' describes']",2,3,EleutherAI/pythia-1b
page_title,0,3,0.5202,page,title,A page title describes,"['<|endoftext|>', 'A', ' page', ' title', ' describes']",2,3,EleutherAI/pythia-1b
page_title,0,4,0.0704,page,title,A page title describes,"['<|endoftext|>', 'A', ' page', ' title', ' describes']",2,3,EleutherAI/pythia-1b
page_title,0,5,0.2041,page,title,A page title describes,"['<|endoftext|>', 'A', ' page', ' title', ' describes']",2,3,EleutherAI/pythia-1b
page_title,0,6,0.0617,page,title,A page title describes,"['<|endoftext|>', 'A', ' page', ' title', ' describes']",2,3,EleutherAI/pythia-1b
page_title,0,7,0.0806,page,title,A page title describes,"['<|endoftext|>', 'A', ' page', ' title', ' describes']",2,3,EleutherAI/pythia-1b
page_title,1,0,0.21,page,title,A page title describes,"['<|endoftext|>', 'A', ' page', ' title', ' describes']",2,3,EleutherAI/pythia-1b
page_title,1,1,0.0937,page,title,A page title describes,"['<|endoftext|>', 'A', ' page', ' title', ' describes']",2,3,EleutherAI/pythia-1b
page_title,1,2,0.674,page,title,A page title describes,"['<|endoftext|>', 'A', ' page', ' title', ' describes']",2,3,EleutherAI/pythia-1b
page_title,1,3,0.5083,page,title,A page title describes,"['<|endoftext|>', 'A', ' page', ' title', ' describes']",2,3,EleutherAI/pythia-1b
page_title,1,4,0.1816,page,title,A page title describes,"['<|endoftext|>', 'A', ' page', ' title', ' describes']",2,3,EleutherAI/pythia-1b
page_title,1,5,0.6766,page,title,A page title describes,"['<|endoftext|>', 'A', ' page', ' title', ' describes']",2,3,EleutherAI/pythia-1b
page_title,1,6,0.2247,page,title,A page title describes,"['<|endoftext|>', 'A', ' page', ' title', ' describes']",2,3,EleutherAI/pythia-1b
page_title,1,7,0.0141,page,title,A page title describes,"['<|endoftext|>', 'A', ' page', ' title', ' describes']",2,3,EleutherAI/pythia-1b
page_title,2,0,0.6058,page,title,A page title describes,"['<|endoftext|>', 'A', ' page', ' title', ' describes']",2,3,EleutherAI/pythia-1b
page_title,2,1,0.1624,page,title,A page title describes,"['<|endoftext|>', 'A', ' page', ' title', ' describes']",2,3,EleutherAI/pythia-1b
page_title,2,2,0.2578,page,title,A page title describes,"['<|endoftext|>', 'A', ' page', ' title', ' describes']",2,3,EleutherAI/pythia-1b
page_title,2,3,0.2248,page,title,A page title describes,"['<|endoftext|>', 'A', ' page', ' title', ' describes']",2,3,EleutherAI/pythia-1b
page_title,2,4,0.1842,page,title,A page title describes,"['<|endoftext|>', 'A', ' page', ' title', ' describes']",2,3,EleutherAI/pythia-1b
page_title,2,5,0.1445,page,title,A page title describes,"['<|endoftext|>', 'A', ' page', ' title', ' describes']",2,3,EleutherAI/pythia-1b
page_title,2,6,0.7266,page,title,A page title describes,"['<|endoftext|>', 'A', ' page', ' title', ' describes']",2,3,EleutherAI/pythia-1b
page_title,2,7,0.1676,page,title,A page title describes,"['<|endoftext|>', 'A', ' page', ' title', ' describes']",2,3,EleutherAI/pythia-1b
page_title,3,0,0.0587,page,title,A page title describes,"['<|endoftext|>', 'A', ' page', ' title', ' describes']",2,3,EleutherAI/pythia-1b
page_title,3,1,0.3043,page,title,A page title describes,"['<|endoftext|>', 'A', ' page', ' title', ' describes']",2,3,EleutherAI/pythia-1b
page_title,3,2,0.1928,page,title,A page title describes,"['<|endoftext|>', 'A', ' page', ' title', ' describes']",2,3,EleutherAI/pythia-1b
page_title,3,3,0.0942,page,title,A page title describes,"['<|endoftext|>', 'A', ' page', ' title', ' describes']",2,3,EleutherAI/pythia-1b
page_title,3,4,0.0378,page,title,A page title describes,"['<|endoftext|>', 'A', ' page', ' title', ' describes']",2,3,EleutherAI/pythia-1b
page_title,3,5,0.9931,page,title,A page title describes,"['<|endoftext|>', 'A', ' page', ' title', ' describes']",2,3,EleutherAI/pythia-1b
page_title,3,6,0.6646,page,title,A page title describes,"['<|endoftext|>', 'A', ' page', ' title', ' describes']",2,3,EleutherAI/pythia-1b
page_title,3,7,0.1104,page,title,A page title describes,"['<|endoftext|>', 'A', ' page', ' title', ' describes']",2,3,EleutherAI/pythia-1b
page_title,4,0,0.1749,page,title,A page title describes,"['<|endoftext|>', 'A', ' page', ' title', ' describes']",2,3,EleutherAI/pythia-1b
page_title,4,1,0.0141,page,title,A page title describes,"['<|endoftext|>', 'A', ' page', ' title', ' describes']",2,3,EleutherAI/pythia-1b
page_title,4,2,0.0323,page,title,A page title describes,"['<|endoftext|>', 'A', ' page', ' title', ' describes']",2,3,EleutherAI/pythia-1b
page_title,4,3,0.0099,page,title,A page title describes,"['<|endoftext|>', 'A', ' page', ' title', ' describes']",2,3,EleutherAI/pythia-1b
page_title,4,4,0.0001,page,title,A page title describes,"['<|endoftext|>', 'A', ' page', ' title', ' describes']",2,3,EleutherAI/pythia-1b
page_title,4,5,0.001,page,title,A page title describes,"['<|endoftext|>', 'A', ' page', ' title', ' describes']",2,3,EleutherAI/pythia-1b
page_title,4,6,0.0306,page,title,A page title describes,"['<|endoftext|>', 'A', ' page', ' title', ' describes']",2,3,EleutherAI/pythia-1b
page_title,4,7,0.0159,page,title,A page title describes,"['<|endoftext|>', 'A', ' page', ' title', ' describes']",2,3,EleutherAI/pythia-1b
page_title,5,0,0.0694,page,title,A page title describes,"['<|endoftext|>', 'A', ' page', ' title', ' describes']",2,3,EleutherAI/pythia-1b
page_title,5,1,0.0,page,title,A page title describes,"['<|endoftext|>', 'A', ' page', ' title', ' describes']",2,3,EleutherAI/pythia-1b
page_title,5,2,0.0229,page,title,A page title describes,"['<|endoftext|>', 'A', ' page', ' title', ' describes']",2,3,EleutherAI/pythia-1b
page_title,5,3,0.1521,page,title,A page title describes,"['<|endoftext|>', 'A', ' page', ' title', ' describes']",2,3,EleutherAI/pythia-1b
page_title,5,4,0.0496,page,title,A page title describes,"['<|endoftext|>', 'A', ' page', ' title', ' describes']",2,3,EleutherAI/pythia-1b
page_title,5,5,0.1905,page,title,A page title describes,"['<|endoftext|>', 'A', ' page', ' title', ' describes']",2,3,EleutherAI/pythia-1b
page_title,5,6,0.0009,page,title,A page title describes,"['<|endoftext|>', 'A', ' page', ' title', ' describes']",2,3,EleutherAI/pythia-1b
page_title,5,7,0.0012,page,title,A page title describes,"['<|endoftext|>', 'A', ' page', ' title', ' describes']",2,3,EleutherAI/pythia-1b
page_title,6,0,0.0222,page,title,A page title describes,"['<|endoftext|>', 'A', ' page', ' title', ' describes']",2,3,EleutherAI/pythia-1b
page_title,6,1,0.0396,page,title,A page title describes,"['<|endoftext|>', 'A', ' page', ' title', ' describes']",2,3,EleutherAI/pythia-1b
page_title,6,2,0.0107,page,title,A page title describes,"['<|endoftext|>', 'A', ' page', ' title', ' describes']",2,3,EleutherAI/pythia-1b
page_title,6,3,0.8427,page,title,A page title describes,"['<|endoftext|>', 'A', ' page', ' title', ' describes']",2,3,EleutherAI/pythia-1b
page_title,6,4,0.102,page,title,A page title describes,"['<|endoftext|>', 'A', ' page', ' title', ' describes']",2,3,EleutherAI/pythia-1b
page_title,6,5,0.1261,page,title,A page title describes,"['<|endoftext|>', 'A', ' page', ' title', ' describes']",2,3,EleutherAI/pythia-1b
page_title,6,6,0.0226,page,title,A page title describes,"['<|endoftext|>', 'A', ' page', ' title', ' describes']",2,3,EleutherAI/pythia-1b
page_title,6,7,0.0017,page,title,A page title describes,"['<|endoftext|>', 'A', ' page', ' title', ' describes']",2,3,EleutherAI/pythia-1b
page_title,7,0,0.0015,page,title,A page title describes,"['<|endoftext|>', 'A', ' page', ' title', ' describes']",2,3,EleutherAI/pythia-1b
page_title,7,1,0.0003,page,title,A page title describes,"['<|endoftext|>', 'A', ' page', ' title', ' describes']",2,3,EleutherAI/pythia-1b
page_title,7,2,0.0056,page,title,A page title describes,"['<|endoftext|>', 'A', ' page', ' title', ' describes']",2,3,EleutherAI/pythia-1b
page_title,7,3,0.0336,page,title,A page title describes,"['<|endoftext|>', 'A', ' page', ' title', ' describes']",2,3,EleutherAI/pythia-1b
page_title,7,4,0.0994,page,title,A page title describes,"['<|endoftext|>', 'A', ' page', ' title', ' describes']",2,3,EleutherAI/pythia-1b
page_title,7,5,0.028,page,title,A page title describes,"['<|endoftext|>', 'A', ' page', ' title', ' describes']",2,3,EleutherAI/pythia-1b
page_title,7,6,0.3479,page,title,A page title describes,"['<|endoftext|>', 'A', ' page', ' title', ' describes']",2,3,EleutherAI/pythia-1b
page_title,7,7,0.0586,page,title,A page title describes,"['<|endoftext|>', 'A', ' page', ' title', ' describes']",2,3,EleutherAI/pythia-1b
page_title,8,0,0.0068,page,title,A page title describes,"['<|endoftext|>', 'A', ' page', ' title', ' describes']",2,3,EleutherAI/pythia-1b
page_title,8,1,0.0639,page,title,A page title describes,"['<|endoftext|>', 'A', ' page', ' title', ' describes']",2,3,EleutherAI/pythia-1b
page_title,8,2,0.0154,page,title,A page title describes,"['<|endoftext|>', 'A', ' page', ' title', ' describes']",2,3,EleutherAI/pythia-1b
page_title,8,3,0.0697,page,title,A page title describes,"['<|endoftext|>', 'A', ' page', ' title', ' describes']",2,3,EleutherAI/pythia-1b
page_title,8,4,0.0234,page,title,A page title describes,"['<|endoftext|>', 'A', ' page', ' title', ' describes']",2,3,EleutherAI/pythia-1b
page_title,8,5,0.0074,page,title,A page title describes,"['<|endoftext|>', 'A', ' page', ' title', ' describes']",2,3,EleutherAI/pythia-1b
page_title,8,6,0.0027,page,title,A page title describes,"['<|endoftext|>', 'A', ' page', ' title', ' describes']",2,3,EleutherAI/pythia-1b
page_title,8,7,0.0554,page,title,A page title describes,"['<|endoftext|>', 'A', ' page', ' title', ' describes']",2,3,EleutherAI/pythia-1b
page_title,9,0,0.0913,page,title,A page title describes,"['<|endoftext|>', 'A', ' page', ' title', ' describes']",2,3,EleutherAI/pythia-1b
page_title,9,1,0.0238,page,title,A page title describes,"['<|endoftext|>', 'A', ' page', ' title', ' describes']",2,3,EleutherAI/pythia-1b
page_title,9,2,0.0861,page,title,A page title describes,"['<|endoftext|>', 'A', ' page', ' title', ' describes']",2,3,EleutherAI/pythia-1b
page_title,9,3,0.111,page,title,A page title describes,"['<|endoftext|>', 'A', ' page', ' title', ' describes']",2,3,EleutherAI/pythia-1b
page_title,9,4,0.0228,page,title,A page title describes,"['<|endoftext|>', 'A', ' page', ' title', ' describes']",2,3,EleutherAI/pythia-1b
page_title,9,5,0.0235,page,title,A page title describes,"['<|endoftext|>', 'A', ' page', ' title', ' describes']",2,3,EleutherAI/pythia-1b
page_title,9,6,0.2062,page,title,A page title describes,"['<|endoftext|>', 'A', ' page', ' title', ' describes']",2,3,EleutherAI/pythia-1b
page_title,9,7,0.356,page,title,A page title describes,"['<|endoftext|>', 'A', ' page', ' title', ' describes']",2,3,EleutherAI/pythia-1b
page_title,10,0,0.0088,page,title,A page title describes,"['<|endoftext|>', 'A', ' page', ' title', ' describes']",2,3,EleutherAI/pythia-1b
page_title,10,1,0.1637,page,title,A page title describes,"['<|endoftext|>', 'A', ' page', ' title', ' describes']",2,3,EleutherAI/pythia-1b
page_title,10,2,0.0179,page,title,A page title describes,"['<|endoftext|>', 'A', ' page', ' title', ' describes']",2,3,EleutherAI/pythia-1b
page_title,10,3,0.0866,page,title,A page title describes,"['<|endoftext|>', 'A', ' page', ' title', ' describes']",2,3,EleutherAI/pythia-1b
page_title,10,4,0.0076,page,title,A page title describes,"['<|endoftext|>', 'A', ' page', ' title', ' describes']",2,3,EleutherAI/pythia-1b
page_title,10,5,0.0003,page,title,A page title describes,"['<|endoftext|>', 'A', ' page', ' title', ' describes']",2,3,EleutherAI/pythia-1b
page_title,10,6,0.0001,page,title,A page title describes,"['<|endoftext|>', 'A', ' page', ' title', ' describes']",2,3,EleutherAI/pythia-1b
page_title,10,7,0.0426,page,title,A page title describes,"['<|endoftext|>', 'A', ' page', ' title', ' describes']",2,3,EleutherAI/pythia-1b
page_title,11,0,0.0538,page,title,A page title describes,"['<|endoftext|>', 'A', ' page', ' title', ' describes']",2,3,EleutherAI/pythia-1b
page_title,11,1,0.0647,page,title,A page title describes,"['<|endoftext|>', 'A', ' page', ' title', ' describes']",2,3,EleutherAI/pythia-1b
page_title,11,2,0.0233,page,title,A page title describes,"['<|endoftext|>', 'A', ' page', ' title', ' describes']",2,3,EleutherAI/pythia-1b
page_title,11,3,0.008,page,title,A page title describes,"['<|endoftext|>', 'A', ' page', ' title', ' describes']",2,3,EleutherAI/pythia-1b
page_title,11,4,0.0291,page,title,A page title describes,"['<|endoftext|>', 'A', ' page', ' title', ' describes']",2,3,EleutherAI/pythia-1b
page_title,11,5,0.0344,page,title,A page title describes,"['<|endoftext|>', 'A', ' page', ' title', ' describes']",2,3,EleutherAI/pythia-1b
page_title,11,6,0.015,page,title,A page title describes,"['<|endoftext|>', 'A', ' page', ' title', ' describes']",2,3,EleutherAI/pythia-1b
page_title,11,7,0.0026,page,title,A page title describes,"['<|endoftext|>', 'A', ' page', ' title', ' describes']",2,3,EleutherAI/pythia-1b
page_title,12,0,0.0128,page,title,A page title describes,"['<|endoftext|>', 'A', ' page', ' title', ' describes']",2,3,EleutherAI/pythia-1b
page_title,12,1,0.0596,page,title,A page title describes,"['<|endoftext|>', 'A', ' page', ' title', ' describes']",2,3,EleutherAI/pythia-1b
page_title,12,2,0.0089,page,title,A page title describes,"['<|endoftext|>', 'A', ' page', ' title', ' describes']",2,3,EleutherAI/pythia-1b
page_title,12,3,0.0102,page,title,A page title describes,"['<|endoftext|>', 'A', ' page', ' title', ' describes']",2,3,EleutherAI/pythia-1b
page_title,12,4,0.0156,page,title,A page title describes,"['<|endoftext|>', 'A', ' page', ' title', ' describes']",2,3,EleutherAI/pythia-1b
page_title,12,5,0.0269,page,title,A page title describes,"['<|endoftext|>', 'A', ' page', ' title', ' describes']",2,3,EleutherAI/pythia-1b
page_title,12,6,0.0274,page,title,A page title describes,"['<|endoftext|>', 'A', ' page', ' title', ' describes']",2,3,EleutherAI/pythia-1b
page_title,12,7,0.0472,page,title,A page title describes,"['<|endoftext|>', 'A', ' page', ' title', ' describes']",2,3,EleutherAI/pythia-1b
page_title,13,0,0.1147,page,title,A page title describes,"['<|endoftext|>', 'A', ' page', ' title', ' describes']",2,3,EleutherAI/pythia-1b
page_title,13,1,0.0264,page,title,A page title describes,"['<|endoftext|>', 'A', ' page', ' title', ' describes']",2,3,EleutherAI/pythia-1b
page_title,13,2,0.0012,page,title,A page title describes,"['<|endoftext|>', 'A', ' page', ' title', ' describes']",2,3,EleutherAI/pythia-1b
page_title,13,3,0.0189,page,title,A page title describes,"['<|endoftext|>', 'A', ' page', ' title', ' describes']",2,3,EleutherAI/pythia-1b
page_title,13,4,0.0937,page,title,A page title describes,"['<|endoftext|>', 'A', ' page', ' title', ' describes']",2,3,EleutherAI/pythia-1b
page_title,13,5,0.0375,page,title,A page title describes,"['<|endoftext|>', 'A', ' page', ' title', ' describes']",2,3,EleutherAI/pythia-1b
page_title,13,6,0.0057,page,title,A page title describes,"['<|endoftext|>', 'A', ' page', ' title', ' describes']",2,3,EleutherAI/pythia-1b
page_title,13,7,0.0574,page,title,A page title describes,"['<|endoftext|>', 'A', ' page', ' title', ' describes']",2,3,EleutherAI/pythia-1b
page_title,14,0,0.0669,page,title,A page title describes,"['<|endoftext|>', 'A', ' page', ' title', ' describes']",2,3,EleutherAI/pythia-1b
page_title,14,1,0.0312,page,title,A page title describes,"['<|endoftext|>', 'A', ' page', ' title', ' describes']",2,3,EleutherAI/pythia-1b
page_title,14,2,0.114,page,title,A page title describes,"['<|endoftext|>', 'A', ' page', ' title', ' describes']",2,3,EleutherAI/pythia-1b
page_title,14,3,0.1879,page,title,A page title describes,"['<|endoftext|>', 'A', ' page', ' title', ' describes']",2,3,EleutherAI/pythia-1b
page_title,14,4,0.053,page,title,A page title describes,"['<|endoftext|>', 'A', ' page', ' title', ' describes']",2,3,EleutherAI/pythia-1b
page_title,14,5,0.0147,page,title,A page title describes,"['<|endoftext|>', 'A', ' page', ' title', ' describes']",2,3,EleutherAI/pythia-1b
page_title,14,6,0.0125,page,title,A page title describes,"['<|endoftext|>', 'A', ' page', ' title', ' describes']",2,3,EleutherAI/pythia-1b
page_title,14,7,0.0515,page,title,A page title describes,"['<|endoftext|>', 'A', ' page', ' title', ' describes']",2,3,EleutherAI/pythia-1b
page_title,15,0,0.134,page,title,A page title describes,"['<|endoftext|>', 'A', ' page', ' title', ' describes']",2,3,EleutherAI/pythia-1b
page_title,15,1,0.0104,page,title,A page title describes,"['<|endoftext|>', 'A', ' page', ' title', ' describes']",2,3,EleutherAI/pythia-1b
page_title,15,2,0.0673,page,title,A page title describes,"['<|endoftext|>', 'A', ' page', ' title', ' describes']",2,3,EleutherAI/pythia-1b
page_title,15,3,0.0208,page,title,A page title describes,"['<|endoftext|>', 'A', ' page', ' title', ' describes']",2,3,EleutherAI/pythia-1b
page_title,15,4,0.0443,page,title,A page title describes,"['<|endoftext|>', 'A', ' page', ' title', ' describes']",2,3,EleutherAI/pythia-1b
page_title,15,5,0.1637,page,title,A page title describes,"['<|endoftext|>', 'A', ' page', ' title', ' describes']",2,3,EleutherAI/pythia-1b
page_title,15,6,0.0194,page,title,A page title describes,"['<|endoftext|>', 'A', ' page', ' title', ' describes']",2,3,EleutherAI/pythia-1b
page_title,15,7,0.1244,page,title,A page title describes,"['<|endoftext|>', 'A', ' page', ' title', ' describes']",2,3,EleutherAI/pythia-1b
form_label,0,0,0.2495,form,label,A form label is,"['<|endoftext|>', 'A', ' form', ' label', ' is']",2,3,EleutherAI/pythia-1b
form_label,0,1,0.5451,form,label,A form label is,"['<|endoftext|>', 'A', ' form', ' label', ' is']",2,3,EleutherAI/pythia-1b
form_label,0,2,0.0,form,label,A form label is,"['<|endoftext|>', 'A', ' form', ' label', ' is']",2,3,EleutherAI/pythia-1b
form_label,0,3,0.7101,form,label,A form label is,"['<|endoftext|>', 'A', ' form', ' label', ' is']",2,3,EleutherAI/pythia-1b
form_label,0,4,0.0099,form,label,A form label is,"['<|endoftext|>', 'A', ' form', ' label', ' is']",2,3,EleutherAI/pythia-1b
form_label,0,5,0.2741,form,label,A form label is,"['<|endoftext|>', 'A', ' form', ' label', ' is']",2,3,EleutherAI/pythia-1b
form_label,0,6,0.0249,form,label,A form label is,"['<|endoftext|>', 'A', ' form', ' label', ' is']",2,3,EleutherAI/pythia-1b
form_label,0,7,0.0066,form,label,A form label is,"['<|endoftext|>', 'A', ' form', ' label', ' is']",2,3,EleutherAI/pythia-1b
form_label,1,0,0.5731,form,label,A form label is,"['<|endoftext|>', 'A', ' form', ' label', ' is']",2,3,EleutherAI/pythia-1b
form_label,1,1,0.051,form,label,A form label is,"['<|endoftext|>', 'A', ' form', ' label', ' is']",2,3,EleutherAI/pythia-1b
form_label,1,2,0.9273,form,label,A form label is,"['<|endoftext|>', 'A', ' form', ' label', ' is']",2,3,EleutherAI/pythia-1b
form_label,1,3,0.5615,form,label,A form label is,"['<|endoftext|>', 'A', ' form', ' label', ' is']",2,3,EleutherAI/pythia-1b
form_label,1,4,0.2749,form,label,A form label is,"['<|endoftext|>', 'A', ' form', ' label', ' is']",2,3,EleutherAI/pythia-1b
form_label,1,5,0.336,form,label,A form label is,"['<|endoftext|>', 'A', ' form', ' label', ' is']",2,3,EleutherAI/pythia-1b
form_label,1,6,0.2499,form,label,A form label is,"['<|endoftext|>', 'A', ' form', ' label', ' is']",2,3,EleutherAI/pythia-1b
form_label,1,7,0.0028,form,label,A form label is,"['<|endoftext|>', 'A', ' form', ' label', ' is']",2,3,EleutherAI/pythia-1b
form_label,2,0,0.4366,form,label,A form label is,"['<|endoftext|>', 'A', ' form', ' label', ' is']",2,3,EleutherAI/pythia-1b
form_label,2,1,0.244,form,label,A form label is,"['<|endoftext|>', 'A', ' form', ' label', ' is']",2,3,EleutherAI/pythia-1b
form_label,2,2,0.293,form,label,A form label is,"['<|endoftext|>', 'A', ' form', ' label', ' is']",2,3,EleutherAI/pythia-1b
form_label,2,3,0.1443,form,label,A form label is,"['<|endoftext|>', 'A', ' form', ' label', ' is']",2,3,EleutherAI/pythia-1b
form_label,2,4,0.137,form,label,A form label is,"['<|endoftext|>', 'A', ' form', ' label', ' is']",2,3,EleutherAI/pythia-1b
form_label,2,5,0.1564,form,label,A form label is,"['<|endoftext|>', 'A', ' form', ' label', ' is']",2,3,EleutherAI/pythia-1b
form_label,2,6,0.3836,form,label,A form label is,"['<|endoftext|>', 'A', ' form', ' label', ' is']",2,3,EleutherAI/pythia-1b
form_label,2,7,0.1964,form,label,A form label is,"['<|endoftext|>', 'A', ' form', ' label', ' is']",2,3,EleutherAI/pythia-1b
form_label,3,0,0.0314,form,label,A form label is,"['<|endoftext|>', 'A', ' form', ' label', ' is']",2,3,EleutherAI/pythia-1b
form_label,3,1,0.0555,form,label,A form label is,"['<|endoftext|>', 'A', ' form', ' label', ' is']",2,3,EleutherAI/pythia-1b
form_label,3,2,0.0888,form,label,A form label is,"['<|endoftext|>', 'A', ' form', ' label', ' is']",2,3,EleutherAI/pythia-1b
form_label,3,3,0.0144,form,label,A form label is,"['<|endoftext|>', 'A', ' form', ' label', ' is']",2,3,EleutherAI/pythia-1b
form_label,3,4,0.0388,form,label,A form label is,"['<|endoftext|>', 'A', ' form', ' label', ' is']",2,3,EleutherAI/pythia-1b
form_label,3,5,0.9764,form,label,A form label is,"['<|endoftext|>', 'A', ' form', ' label', ' is']",2,3,EleutherAI/pythia-1b
form_label,3,6,0.4893,form,label,A form label is,"['<|endoftext|>', 'A', ' form', ' label', ' is']",2,3,EleutherAI/pythia-1b
form_label,3,7,0.1619,form,label,A form label is,"['<|endoftext|>', 'A', ' form', ' label', ' is']",2,3,EleutherAI/pythia-1b
form_label,4,0,0.0222,form,label,A form label is,"['<|endoftext|>', 'A', ' form', ' label', ' is']",2,3,EleutherAI/pythia-1b
form_label,4,1,0.0407,form,label,A form label is,"['<|endoftext|>', 'A', ' form', ' label', ' is']",2,3,EleutherAI/pythia-1b
form_label,4,2,0.0311,form,label,A form label is,"['<|endoftext|>', 'A', ' form', ' label', ' is']",2,3,EleutherAI/pythia-1b
form_label,4,3,0.0025,form,label,A form label is,"['<|endoftext|>', 'A', ' form', ' label', ' is']",2,3,EleutherAI/pythia-1b
form_label,4,4,0.0002,form,label,A form label is,"['<|endoftext|>', 'A', ' form', ' label', ' is']",2,3,EleutherAI/pythia-1b
form_label,4,5,0.0014,form,label,A form label is,"['<|endoftext|>', 'A', ' form', ' label', ' is']",2,3,EleutherAI/pythia-1b
form_label,4,6,0.0324,form,label,A form label is,"['<|endoftext|>', 'A', ' form', ' label', ' is']",2,3,EleutherAI/pythia-1b
form_label,4,7,0.0319,form,label,A form label is,"['<|endoftext|>', 'A', ' form', ' label', ' is']",2,3,EleutherAI/pythia-1b
form_label,5,0,0.0206,form,label,A form label is,"['<|endoftext|>', 'A', ' form', ' label', ' is']",2,3,EleutherAI/pythia-1b
form_label,5,1,0.0,form,label,A form label is,"['<|endoftext|>', 'A', ' form', ' label', ' is']",2,3,EleutherAI/pythia-1b
form_label,5,2,0.0199,form,label,A form label is,"['<|endoftext|>', 'A', ' form', ' label', ' is']",2,3,EleutherAI/pythia-1b
form_label,5,3,0.0528,form,label,A form label is,"['<|endoftext|>', 'A', ' form', ' label', ' is']",2,3,EleutherAI/pythia-1b
form_label,5,4,0.0258,form,label,A form label is,"['<|endoftext|>', 'A', ' form', ' label', ' is']",2,3,EleutherAI/pythia-1b
form_label,5,5,0.1703,form,label,A form label is,"['<|endoftext|>', 'A', ' form', ' label', ' is']",2,3,EleutherAI/pythia-1b
form_label,5,6,0.0009,form,label,A form label is,"['<|endoftext|>', 'A', ' form', ' label', ' is']",2,3,EleutherAI/pythia-1b
form_label,5,7,0.0007,form,label,A form label is,"['<|endoftext|>', 'A', ' form', ' label', ' is']",2,3,EleutherAI/pythia-1b
form_label,6,0,0.0236,form,label,A form label is,"['<|endoftext|>', 'A', ' form', ' label', ' is']",2,3,EleutherAI/pythia-1b
form_label,6,1,0.0162,form,label,A form label is,"['<|endoftext|>', 'A', ' form', ' label', ' is']",2,3,EleutherAI/pythia-1b
form_label,6,2,0.0128,form,label,A form label is,"['<|endoftext|>', 'A', ' form', ' label', ' is']",2,3,EleutherAI/pythia-1b
form_label,6,3,0.6279,form,label,A form label is,"['<|endoftext|>', 'A', ' form', ' label', ' is']",2,3,EleutherAI/pythia-1b
form_label,6,4,0.0611,form,label,A form label is,"['<|endoftext|>', 'A', ' form', ' label', ' is']",2,3,EleutherAI/pythia-1b
form_label,6,5,0.0399,form,label,A form label is,"['<|endoftext|>', 'A', ' form', ' label', ' is']",2,3,EleutherAI/pythia-1b
form_label,6,6,0.0087,form,label,A form label is,"['<|endoftext|>', 'A', ' form', ' label', ' is']",2,3,EleutherAI/pythia-1b
form_label,6,7,0.0007,form,label,A form label is,"['<|endoftext|>', 'A', ' form', ' label', ' is']",2,3,EleutherAI/pythia-1b
form_label,7,0,0.0013,form,label,A form label is,"['<|endoftext|>', 'A', ' form', ' label', ' is']",2,3,EleutherAI/pythia-1b
form_label,7,1,0.0001,form,label,A form label is,"['<|endoftext|>', 'A', ' form', ' label', ' is']",2,3,EleutherAI/pythia-1b
form_label,7,2,0.0037,form,label,A form label is,"['<|endoftext|>', 'A', ' form', ' label', ' is']",2,3,EleutherAI/pythia-1b
form_label,7,3,0.0253,form,label,A form label is,"['<|endoftext|>', 'A', ' form', ' label', ' is']",2,3,EleutherAI/pythia-1b
form_label,7,4,0.0344,form,label,A form label is,"['<|endoftext|>', 'A', ' form', ' label', ' is']",2,3,EleutherAI/pythia-1b
form_label,7,5,0.0325,form,label,A form label is,"['<|endoftext|>', 'A', ' form', ' label', ' is']",2,3,EleutherAI/pythia-1b
form_label,7,6,0.2458,form,label,A form label is,"['<|endoftext|>', 'A', ' form', ' label', ' is']",2,3,EleutherAI/pythia-1b
form_label,7,7,0.0956,form,label,A form label is,"['<|endoftext|>', 'A', ' form', ' label', ' is']",2,3,EleutherAI/pythia-1b
form_label,8,0,0.0021,form,label,A form label is,"['<|endoftext|>', 'A', ' form', ' label', ' is']",2,3,EleutherAI/pythia-1b
form_label,8,1,0.0731,form,label,A form label is,"['<|endoftext|>', 'A', ' form', ' label', ' is']",2,3,EleutherAI/pythia-1b
form_label,8,2,0.0056,form,label,A form label is,"['<|endoftext|>', 'A', ' form', ' label', ' is']",2,3,EleutherAI/pythia-1b
form_label,8,3,0.0693,form,label,A form label is,"['<|endoftext|>', 'A', ' form', ' label', ' is']",2,3,EleutherAI/pythia-1b
form_label,8,4,0.0041,form,label,A form label is,"['<|endoftext|>', 'A', ' form', ' label', ' is']",2,3,EleutherAI/pythia-1b
form_label,8,5,0.0037,form,label,A form label is,"['<|endoftext|>', 'A', ' form', ' label', ' is']",2,3,EleutherAI/pythia-1b
form_label,8,6,0.0013,form,label,A form label is,"['<|endoftext|>', 'A', ' form', ' label', ' is']",2,3,EleutherAI/pythia-1b
form_label,8,7,0.0839,form,label,A form label is,"['<|endoftext|>', 'A', ' form', ' label', ' is']",2,3,EleutherAI/pythia-1b
form_label,9,0,0.0281,form,label,A form label is,"['<|endoftext|>', 'A', ' form', ' label', ' is']",2,3,EleutherAI/pythia-1b
form_label,9,1,0.008,form,label,A form label is,"['<|endoftext|>', 'A', ' form', ' label', ' is']",2,3,EleutherAI/pythia-1b
form_label,9,2,0.0716,form,label,A form label is,"['<|endoftext|>', 'A', ' form', ' label', ' is']",2,3,EleutherAI/pythia-1b
form_label,9,3,0.0316,form,label,A form label is,"['<|endoftext|>', 'A', ' form', ' label', ' is']",2,3,EleutherAI/pythia-1b
form_label,9,4,0.0061,form,label,A form label is,"['<|endoftext|>', 'A', ' form', ' label', ' is']",2,3,EleutherAI/pythia-1b
form_label,9,5,0.008,form,label,A form label is,"['<|endoftext|>', 'A', ' form', ' label', ' is']",2,3,EleutherAI/pythia-1b
form_label,9,6,0.1077,form,label,A form label is,"['<|endoftext|>', 'A', ' form', ' label', ' is']",2,3,EleutherAI/pythia-1b
form_label,9,7,0.1676,form,label,A form label is,"['<|endoftext|>', 'A', ' form', ' label', ' is']",2,3,EleutherAI/pythia-1b
form_label,10,0,0.0044,form,label,A form label is,"['<|endoftext|>', 'A', ' form', ' label', ' is']",2,3,EleutherAI/pythia-1b
form_label,10,1,0.0998,form,label,A form label is,"['<|endoftext|>', 'A', ' form', ' label', ' is']",2,3,EleutherAI/pythia-1b
form_label,10,2,0.0236,form,label,A form label is,"['<|endoftext|>', 'A', ' form', ' label', ' is']",2,3,EleutherAI/pythia-1b
form_label,10,3,0.108,form,label,A form label is,"['<|endoftext|>', 'A', ' form', ' label', ' is']",2,3,EleutherAI/pythia-1b
form_label,10,4,0.0323,form,label,A form label is,"['<|endoftext|>', 'A', ' form', ' label', ' is']",2,3,EleutherAI/pythia-1b
form_label,10,5,0.0011,form,label,A form label is,"['<|endoftext|>', 'A', ' form', ' label', ' is']",2,3,EleutherAI/pythia-1b
form_label,10,6,0.0002,form,label,A form label is,"['<|endoftext|>', 'A', ' form', ' label', ' is']",2,3,EleutherAI/pythia-1b
form_label,10,7,0.0147,form,label,A form label is,"['<|endoftext|>', 'A', ' form', ' label', ' is']",2,3,EleutherAI/pythia-1b
form_label,11,0,0.0317,form,label,A form label is,"['<|endoftext|>', 'A', ' form', ' label', ' is']",2,3,EleutherAI/pythia-1b
form_label,11,1,0.0159,form,label,A form label is,"['<|endoftext|>', 'A', ' form', ' label', ' is']",2,3,EleutherAI/pythia-1b
form_label,11,2,0.0281,form,label,A form label is,"['<|endoftext|>', 'A', ' form', ' label', ' is']",2,3,EleutherAI/pythia-1b
form_label,11,3,0.0062,form,label,A form label is,"['<|endoftext|>', 'A', ' form', ' label', ' is']",2,3,EleutherAI/pythia-1b
form_label,11,4,0.0833,form,label,A form label is,"['<|endoftext|>', 'A', ' form', ' label', ' is']",2,3,EleutherAI/pythia-1b
form_label,11,5,0.0228,form,label,A form label is,"['<|endoftext|>', 'A', ' form', ' label', ' is']",2,3,EleutherAI/pythia-1b
form_label,11,6,0.0022,form,label,A form label is,"['<|endoftext|>', 'A', ' form', ' label', ' is']",2,3,EleutherAI/pythia-1b
form_label,11,7,0.0027,form,label,A form label is,"['<|endoftext|>', 'A', ' form', ' label', ' is']",2,3,EleutherAI/pythia-1b
form_label,12,0,0.0101,form,label,A form label is,"['<|endoftext|>', 'A', ' form', ' label', ' is']",2,3,EleutherAI/pythia-1b
form_label,12,1,0.0312,form,label,A form label is,"['<|endoftext|>', 'A', ' form', ' label', ' is']",2,3,EleutherAI/pythia-1b
form_label,12,2,0.0321,form,label,A form label is,"['<|endoftext|>', 'A', ' form', ' label', ' is']",2,3,EleutherAI/pythia-1b
form_label,12,3,0.0114,form,label,A form label is,"['<|endoftext|>', 'A', ' form', ' label', ' is']",2,3,EleutherAI/pythia-1b
form_label,12,4,0.005,form,label,A form label is,"['<|endoftext|>', 'A', ' form', ' label', ' is']",2,3,EleutherAI/pythia-1b
form_label,12,5,0.0441,form,label,A form label is,"['<|endoftext|>', 'A', ' form', ' label', ' is']",2,3,EleutherAI/pythia-1b
form_label,12,6,0.0151,form,label,A form label is,"['<|endoftext|>', 'A', ' form', ' label', ' is']",2,3,EleutherAI/pythia-1b
form_label,12,7,0.0131,form,label,A form label is,"['<|endoftext|>', 'A', ' form', ' label', ' is']",2,3,EleutherAI/pythia-1b
form_label,13,0,0.0491,form,label,A form label is,"['<|endoftext|>', 'A', ' form', ' label', ' is']",2,3,EleutherAI/pythia-1b
form_label,13,1,0.0126,form,label,A form label is,"['<|endoftext|>', 'A', ' form', ' label', ' is']",2,3,EleutherAI/pythia-1b
form_label,13,2,0.0013,form,label,A form label is,"['<|endoftext|>', 'A', ' form', ' label', ' is']",2,3,EleutherAI/pythia-1b
form_label,13,3,0.0242,form,label,A form label is,"['<|endoftext|>', 'A', ' form', ' label', ' is']",2,3,EleutherAI/pythia-1b
form_label,13,4,0.0244,form,label,A form label is,"['<|endoftext|>', 'A', ' form', ' label', ' is']",2,3,EleutherAI/pythia-1b
form_label,13,5,0.0239,form,label,A form label is,"['<|endoftext|>', 'A', ' form', ' label', ' is']",2,3,EleutherAI/pythia-1b
form_label,13,6,0.001,form,label,A form label is,"['<|endoftext|>', 'A', ' form', ' label', ' is']",2,3,EleutherAI/pythia-1b
form_label,13,7,0.0195,form,label,A form label is,"['<|endoftext|>', 'A', ' form', ' label', ' is']",2,3,EleutherAI/pythia-1b
form_label,14,0,0.0163,form,label,A form label is,"['<|endoftext|>', 'A', ' form', ' label', ' is']",2,3,EleutherAI/pythia-1b
form_label,14,1,0.0286,form,label,A form label is,"['<|endoftext|>', 'A', ' form', ' label', ' is']",2,3,EleutherAI/pythia-1b
form_label,14,2,0.0356,form,label,A form label is,"['<|endoftext|>', 'A', ' form', ' label', ' is']",2,3,EleutherAI/pythia-1b
form_label,14,3,0.085,form,label,A form label is,"['<|endoftext|>', 'A', ' form', ' label', ' is']",2,3,EleutherAI/pythia-1b
form_label,14,4,0.0198,form,label,A form label is,"['<|endoftext|>', 'A', ' form', ' label', ' is']",2,3,EleutherAI/pythia-1b
form_label,14,5,0.0096,form,label,A form label is,"['<|endoftext|>', 'A', ' form', ' label', ' is']",2,3,EleutherAI/pythia-1b
form_label,14,6,0.0072,form,label,A form label is,"['<|endoftext|>', 'A', ' form', ' label', ' is']",2,3,EleutherAI/pythia-1b
form_label,14,7,0.0088,form,label,A form label is,"['<|endoftext|>', 'A', ' form', ' label', ' is']",2,3,EleutherAI/pythia-1b
form_label,15,0,0.0422,form,label,A form label is,"['<|endoftext|>', 'A', ' form', ' label', ' is']",2,3,EleutherAI/pythia-1b
form_label,15,1,0.0048,form,label,A form label is,"['<|endoftext|>', 'A', ' form', ' label', ' is']",2,3,EleutherAI/pythia-1b
form_label,15,2,0.0572,form,label,A form label is,"['<|endoftext|>', 'A', ' form', ' label', ' is']",2,3,EleutherAI/pythia-1b
form_label,15,3,0.0124,form,label,A form label is,"['<|endoftext|>', 'A', ' form', ' label', ' is']",2,3,EleutherAI/pythia-1b
form_label,15,4,0.0288,form,label,A form label is,"['<|endoftext|>', 'A', ' form', ' label', ' is']",2,3,EleutherAI/pythia-1b
form_label,15,5,0.08,form,label,A form label is,"['<|endoftext|>', 'A', ' form', ' label', ' is']",2,3,EleutherAI/pythia-1b
form_label,15,6,0.0472,form,label,A form label is,"['<|endoftext|>', 'A', ' form', ' label', ' is']",2,3,EleutherAI/pythia-1b
form_label,15,7,0.0709,form,label,A form label is,"['<|endoftext|>', 'A', ' form', ' label', ' is']",2,3,EleutherAI/pythia-1b
link_text,0,0,0.2706,link,text,Link text describes,"['<|endoftext|>', 'Link', ' text', ' describes']",1,2,EleutherAI/pythia-1b
link_text,0,1,0.5612,link,text,Link text describes,"['<|endoftext|>', 'Link', ' text', ' describes']",1,2,EleutherAI/pythia-1b
link_text,0,2,0.0,link,text,Link text describes,"['<|endoftext|>', 'Link', ' text', ' describes']",1,2,EleutherAI/pythia-1b
link_text,0,3,0.7793,link,text,Link text describes,"['<|endoftext|>', 'Link', ' text', ' describes']",1,2,EleutherAI/pythia-1b
link_text,0,4,0.0409,link,text,Link text describes,"['<|endoftext|>', 'Link', ' text', ' describes']",1,2,EleutherAI/pythia-1b
link_text,0,5,0.3643,link,text,Link text describes,"['<|endoftext|>', 'Link', ' text', ' describes']",1,2,EleutherAI/pythia-1b
link_text,0,6,0.0789,link,text,Link text describes,"['<|endoftext|>', 'Link', ' text', ' describes']",1,2,EleutherAI/pythia-1b
link_text,0,7,0.0071,link,text,Link text describes,"['<|endoftext|>', 'Link', ' text', ' describes']",1,2,EleutherAI/pythia-1b
link_text,1,0,0.5602,link,text,Link text describes,"['<|endoftext|>', 'Link', ' text', ' describes']",1,2,EleutherAI/pythia-1b
link_text,1,1,0.1341,link,text,Link text describes,"['<|endoftext|>', 'Link', ' text', ' describes']",1,2,EleutherAI/pythia-1b
link_text,1,2,0.5628,link,text,Link text describes,"['<|endoftext|>', 'Link', ' text', ' describes']",1,2,EleutherAI/pythia-1b
link_text,1,3,0.441,link,text,Link text describes,"['<|endoftext|>', 'Link', ' text', ' describes']",1,2,EleutherAI/pythia-1b
link_text,1,4,0.3735,link,text,Link text describes,"['<|endoftext|>', 'Link', ' text', ' describes']",1,2,EleutherAI/pythia-1b
link_text,1,5,0.2977,link,text,Link text describes,"['<|endoftext|>', 'Link', ' text', ' describes']",1,2,EleutherAI/pythia-1b
link_text,1,6,0.3678,link,text,Link text describes,"['<|endoftext|>', 'Link', ' text', ' describes']",1,2,EleutherAI/pythia-1b
link_text,1,7,0.0005,link,text,Link text describes,"['<|endoftext|>', 'Link', ' text', ' describes']",1,2,EleutherAI/pythia-1b
link_text,2,0,0.6576,link,text,Link text describes,"['<|endoftext|>', 'Link', ' text', ' describes']",1,2,EleutherAI/pythia-1b
link_text,2,1,0.4597,link,text,Link text describes,"['<|endoftext|>', 'Link', ' text', ' describes']",1,2,EleutherAI/pythia-1b
link_text,2,2,0.2896,link,text,Link text describes,"['<|endoftext|>', 'Link', ' text', ' describes']",1,2,EleutherAI/pythia-1b
link_text,2,3,0.27,link,text,Link text describes,"['<|endoftext|>', 'Link', ' text', ' describes']",1,2,EleutherAI/pythia-1b
link_text,2,4,0.4509,link,text,Link text describes,"['<|endoftext|>', 'Link', ' text', ' describes']",1,2,EleutherAI/pythia-1b
link_text,2,5,0.2167,link,text,Link text describes,"['<|endoftext|>', 'Link', ' text', ' describes']",1,2,EleutherAI/pythia-1b
link_text,2,6,0.3804,link,text,Link text describes,"['<|endoftext|>', 'Link', ' text', ' describes']",1,2,EleutherAI/pythia-1b
link_text,2,7,0.0857,link,text,Link text describes,"['<|endoftext|>', 'Link', ' text', ' describes']",1,2,EleutherAI/pythia-1b
link_text,3,0,0.2421,link,text,Link text describes,"['<|endoftext|>', 'Link', ' text', ' describes']",1,2,EleutherAI/pythia-1b
link_text,3,1,0.5645,link,text,Link text describes,"['<|endoftext|>', 'Link', ' text', ' describes']",1,2,EleutherAI/pythia-1b
link_text,3,2,0.2259,link,text,Link text describes,"['<|endoftext|>', 'Link', ' text', ' describes']",1,2,EleutherAI/pythia-1b
link_text,3,3,0.4924,link,text,Link text describes,"['<|endoftext|>', 'Link', ' text', ' describes']",1,2,EleutherAI/pythia-1b
link_text,3,4,0.2977,link,text,Link text describes,"['<|endoftext|>', 'Link', ' text', ' describes']",1,2,EleutherAI/pythia-1b
link_text,3,5,0.9997,link,text,Link text describes,"['<|endoftext|>', 'Link', ' text', ' describes']",1,2,EleutherAI/pythia-1b
link_text,3,6,0.8051,link,text,Link text describes,"['<|endoftext|>', 'Link', ' text', ' describes']",1,2,EleutherAI/pythia-1b
link_text,3,7,0.1411,link,text,Link text describes,"['<|endoftext|>', 'Link', ' text', ' describes']",1,2,EleutherAI/pythia-1b
link_text,4,0,0.0809,link,text,Link text describes,"['<|endoftext|>', 'Link', ' text', ' describes']",1,2,EleutherAI/pythia-1b
link_text,4,1,0.0945,link,text,Link text describes,"['<|endoftext|>', 'Link', ' text', ' describes']",1,2,EleutherAI/pythia-1b
link_text,4,2,0.0307,link,text,Link text describes,"['<|endoftext|>', 'Link', ' text', ' describes']",1,2,EleutherAI/pythia-1b
link_text,4,3,0.2236,link,text,Link text describes,"['<|endoftext|>', 'Link', ' text', ' describes']",1,2,EleutherAI/pythia-1b
link_text,4,4,0.0004,link,text,Link text describes,"['<|endoftext|>', 'Link', ' text', ' describes']",1,2,EleutherAI/pythia-1b
link_text,4,5,0.0023,link,text,Link text describes,"['<|endoftext|>', 'Link', ' text', ' describes']",1,2,EleutherAI/pythia-1b
link_text,4,6,0.0611,link,text,Link text describes,"['<|endoftext|>', 'Link', ' text', ' describes']",1,2,EleutherAI/pythia-1b
link_text,4,7,0.2498,link,text,Link text describes,"['<|endoftext|>', 'Link', ' text', ' describes']",1,2,EleutherAI/pythia-1b
link_text,5,0,0.4025,link,text,Link text describes,"['<|endoftext|>', 'Link', ' text', ' describes']",1,2,EleutherAI/pythia-1b
link_text,5,1,0.0001,link,text,Link text describes,"['<|endoftext|>', 'Link', ' text', ' describes']",1,2,EleutherAI/pythia-1b
link_text,5,2,0.0182,link,text,Link text describes,"['<|endoftext|>', 'Link', ' text', ' describes']",1,2,EleutherAI/pythia-1b
link_text,5,3,0.0313,link,text,Link text describes,"['<|endoftext|>', 'Link', ' text', ' describes']",1,2,EleutherAI/pythia-1b
link_text,5,4,0.0232,link,text,Link text describes,"['<|endoftext|>', 'Link', ' text', ' describes']",1,2,EleutherAI/pythia-1b
link_text,5,5,0.0799,link,text,Link text describes,"['<|endoftext|>', 'Link', ' text', ' describes']",1,2,EleutherAI/pythia-1b
link_text,5,6,0.0051,link,text,Link text describes,"['<|endoftext|>', 'Link', ' text', ' describes']",1,2,EleutherAI/pythia-1b
link_text,5,7,0.0011,link,text,Link text describes,"['<|endoftext|>', 'Link', ' text', ' describes']",1,2,EleutherAI/pythia-1b
link_text,6,0,0.3411,link,text,Link text describes,"['<|endoftext|>', 'Link', ' text', ' describes']",1,2,EleutherAI/pythia-1b
link_text,6,1,0.0472,link,text,Link text describes,"['<|endoftext|>', 'Link', ' text', ' describes']",1,2,EleutherAI/pythia-1b
link_text,6,2,0.0047,link,text,Link text describes,"['<|endoftext|>', 'Link', ' text', ' describes']",1,2,EleutherAI/pythia-1b
link_text,6,3,0.9468,link,text,Link text describes,"['<|endoftext|>', 'Link', ' text', ' describes']",1,2,EleutherAI/pythia-1b
link_text,6,4,0.0735,link,text,Link text describes,"['<|endoftext|>', 'Link', ' text', ' describes']",1,2,EleutherAI/pythia-1b
link_text,6,5,0.0915,link,text,Link text describes,"['<|endoftext|>', 'Link', ' text', ' describes']",1,2,EleutherAI/pythia-1b
link_text,6,6,0.0033,link,text,Link text describes,"['<|endoftext|>', 'Link', ' text', ' describes']",1,2,EleutherAI/pythia-1b
link_text,6,7,0.0025,link,text,Link text describes,"['<|endoftext|>', 'Link', ' text', ' describes']",1,2,EleutherAI/pythia-1b
link_text,7,0,0.0005,link,text,Link text describes,"['<|endoftext|>', 'Link', ' text', ' describes']",1,2,EleutherAI/pythia-1b
link_text,7,1,0.0,link,text,Link text describes,"['<|endoftext|>', 'Link', ' text', ' describes']",1,2,EleutherAI/pythia-1b
link_text,7,2,0.0009,link,text,Link text describes,"['<|endoftext|>', 'Link', ' text', ' describes']",1,2,EleutherAI/pythia-1b
link_text,7,3,0.1337,link,text,Link text describes,"['<|endoftext|>', 'Link', ' text', ' describes']",1,2,EleutherAI/pythia-1b
link_text,7,4,0.1965,link,text,Link text describes,"['<|endoftext|>', 'Link', ' text', ' describes']",1,2,EleutherAI/pythia-1b
link_text,7,5,0.0248,link,text,Link text describes,"['<|endoftext|>', 'Link', ' text', ' describes']",1,2,EleutherAI/pythia-1b
link_text,7,6,0.104,link,text,Link text describes,"['<|endoftext|>', 'Link', ' text', ' describes']",1,2,EleutherAI/pythia-1b
link_text,7,7,0.0288,link,text,Link text describes,"['<|endoftext|>', 'Link', ' text', ' describes']",1,2,EleutherAI/pythia-1b
link_text,8,0,0.0017,link,text,Link text describes,"['<|endoftext|>', 'Link', ' text', ' describes']",1,2,EleutherAI/pythia-1b
link_text,8,1,0.0784,link,text,Link text describes,"['<|endoftext|>', 'Link', ' text', ' describes']",1,2,EleutherAI/pythia-1b
link_text,8,2,0.0087,link,text,Link text describes,"['<|endoftext|>', 'Link', ' text', ' describes']",1,2,EleutherAI/pythia-1b
link_text,8,3,0.1459,link,text,Link text describes,"['<|endoftext|>', 'Link', ' text', ' describes']",1,2,EleutherAI/pythia-1b
link_text,8,4,0.0592,link,text,Link text describes,"['<|endoftext|>', 'Link', ' text', ' describes']",1,2,EleutherAI/pythia-1b
link_text,8,5,0.0007,link,text,Link text describes,"['<|endoftext|>', 'Link', ' text', ' describes']",1,2,EleutherAI/pythia-1b
link_text,8,6,0.0188,link,text,Link text describes,"['<|endoftext|>', 'Link', ' text', ' describes']",1,2,EleutherAI/pythia-1b
link_text,8,7,0.0486,link,text,Link text describes,"['<|endoftext|>', 'Link', ' text', ' describes']",1,2,EleutherAI/pythia-1b
link_text,9,0,0.0687,link,text,Link text describes,"['<|endoftext|>', 'Link', ' text', ' describes']",1,2,EleutherAI/pythia-1b
link_text,9,1,0.0615,link,text,Link text describes,"['<|endoftext|>', 'Link', ' text', ' describes']",1,2,EleutherAI/pythia-1b
link_text,9,2,0.132,link,text,Link text describes,"['<|endoftext|>', 'Link', ' text', ' describes']",1,2,EleutherAI/pythia-1b
link_text,9,3,0.0324,link,text,Link text describes,"['<|endoftext|>', 'Link', ' text', ' describes']",1,2,EleutherAI/pythia-1b
link_text,9,4,0.0146,link,text,Link text describes,"['<|endoftext|>', 'Link', ' text', ' describes']",1,2,EleutherAI/pythia-1b
link_text,9,5,0.1295,link,text,Link text describes,"['<|endoftext|>', 'Link', ' text', ' describes']",1,2,EleutherAI/pythia-1b
link_text,9,6,0.0737,link,text,Link text describes,"['<|endoftext|>', 'Link', ' text', ' describes']",1,2,EleutherAI/pythia-1b
link_text,9,7,0.1439,link,text,Link text describes,"['<|endoftext|>', 'Link', ' text', ' describes']",1,2,EleutherAI/pythia-1b
link_text,10,0,0.1143,link,text,Link text describes,"['<|endoftext|>', 'Link', ' text', ' describes']",1,2,EleutherAI/pythia-1b
link_text,10,1,0.3636,link,text,Link text describes,"['<|endoftext|>', 'Link', ' text', ' describes']",1,2,EleutherAI/pythia-1b
link_text,10,2,0.0389,link,text,Link text describes,"['<|endoftext|>', 'Link', ' text', ' describes']",1,2,EleutherAI/pythia-1b
link_text,10,3,0.2461,link,text,Link text describes,"['<|endoftext|>', 'Link', ' text', ' describes']",1,2,EleutherAI/pythia-1b
link_text,10,4,0.0477,link,text,Link text describes,"['<|endoftext|>', 'Link', ' text', ' describes']",1,2,EleutherAI/pythia-1b
link_text,10,5,0.0015,link,text,Link text describes,"['<|endoftext|>', 'Link', ' text', ' describes']",1,2,EleutherAI/pythia-1b
link_text,10,6,0.0001,link,text,Link text describes,"['<|endoftext|>', 'Link', ' text', ' describes']",1,2,EleutherAI/pythia-1b
link_text,10,7,0.0275,link,text,Link text describes,"['<|endoftext|>', 'Link', ' text', ' describes']",1,2,EleutherAI/pythia-1b
link_text,11,0,0.0118,link,text,Link text describes,"['<|endoftext|>', 'Link', ' text', ' describes']",1,2,EleutherAI/pythia-1b
link_text,11,1,0.0173,link,text,Link text describes,"['<|endoftext|>', 'Link', ' text', ' describes']",1,2,EleutherAI/pythia-1b
link_text,11,2,0.0101,link,text,Link text describes,"['<|endoftext|>', 'Link', ' text', ' describes']",1,2,EleutherAI/pythia-1b
link_text,11,3,0.0086,link,text,Link text describes,"['<|endoftext|>', 'Link', ' text', ' describes']",1,2,EleutherAI/pythia-1b
link_text,11,4,0.138,link,text,Link text describes,"['<|endoftext|>', 'Link', ' text', ' describes']",1,2,EleutherAI/pythia-1b
link_text,11,5,0.0197,link,text,Link text describes,"['<|endoftext|>', 'Link', ' text', ' describes']",1,2,EleutherAI/pythia-1b
link_text,11,6,0.0028,link,text,Link text describes,"['<|endoftext|>', 'Link', ' text', ' describes']",1,2,EleutherAI/pythia-1b
link_text,11,7,0.0004,link,text,Link text describes,"['<|endoftext|>', 'Link', ' text', ' describes']",1,2,EleutherAI/pythia-1b
link_text,12,0,0.0616,link,text,Link text describes,"['<|endoftext|>', 'Link', ' text', ' describes']",1,2,EleutherAI/pythia-1b
link_text,12,1,0.0037,link,text,Link text describes,"['<|endoftext|>', 'Link', ' text', ' describes']",1,2,EleutherAI/pythia-1b
link_text,12,2,0.017,link,text,Link text describes,"['<|endoftext|>', 'Link', ' text', ' describes']",1,2,EleutherAI/pythia-1b
link_text,12,3,0.005,link,text,Link text describes,"['<|endoftext|>', 'Link', ' text', ' describes']",1,2,EleutherAI/pythia-1b
link_text,12,4,0.0161,link,text,Link text describes,"['<|endoftext|>', 'Link', ' text', ' describes']",1,2,EleutherAI/pythia-1b
link_text,12,5,0.0155,link,text,Link text describes,"['<|endoftext|>', 'Link', ' text', ' describes']",1,2,EleutherAI/pythia-1b
link_text,12,6,0.0201,link,text,Link text describes,"['<|endoftext|>', 'Link', ' text', ' describes']",1,2,EleutherAI/pythia-1b
link_text,12,7,0.0051,link,text,Link text describes,"['<|endoftext|>', 'Link', ' text', ' describes']",1,2,EleutherAI/pythia-1b
link_text,13,0,0.1519,link,text,Link text describes,"['<|endoftext|>', 'Link', ' text', ' describes']",1,2,EleutherAI/pythia-1b
link_text,13,1,0.0366,link,text,Link text describes,"['<|endoftext|>', 'Link', ' text', ' describes']",1,2,EleutherAI/pythia-1b
link_text,13,2,0.0124,link,text,Link text describes,"['<|endoftext|>', 'Link', ' text', ' describes']",1,2,EleutherAI/pythia-1b
link_text,13,3,0.2446,link,text,Link text describes,"['<|endoftext|>', 'Link', ' text', ' describes']",1,2,EleutherAI/pythia-1b
link_text,13,4,0.6273,link,text,Link text describes,"['<|endoftext|>', 'Link', ' text', ' describes']",1,2,EleutherAI/pythia-1b
link_text,13,5,0.0243,link,text,Link text describes,"['<|endoftext|>', 'Link', ' text', ' describes']",1,2,EleutherAI/pythia-1b
link_text,13,6,0.0025,link,text,Link text describes,"['<|endoftext|>', 'Link', ' text', ' describes']",1,2,EleutherAI/pythia-1b
link_text,13,7,0.0364,link,text,Link text describes,"['<|endoftext|>', 'Link', ' text', ' describes']",1,2,EleutherAI/pythia-1b
link_text,14,0,0.0303,link,text,Link text describes,"['<|endoftext|>', 'Link', ' text', ' describes']",1,2,EleutherAI/pythia-1b
link_text,14,1,0.0488,link,text,Link text describes,"['<|endoftext|>', 'Link', ' text', ' describes']",1,2,EleutherAI/pythia-1b
link_text,14,2,0.1044,link,text,Link text describes,"['<|endoftext|>', 'Link', ' text', ' describes']",1,2,EleutherAI/pythia-1b
link_text,14,3,0.0995,link,text,Link text describes,"['<|endoftext|>', 'Link', ' text', ' describes']",1,2,EleutherAI/pythia-1b
link_text,14,4,0.0378,link,text,Link text describes,"['<|endoftext|>', 'Link', ' text', ' describes']",1,2,EleutherAI/pythia-1b
link_text,14,5,0.3857,link,text,Link text describes,"['<|endoftext|>', 'Link', ' text', ' describes']",1,2,EleutherAI/pythia-1b
link_text,14,6,0.0075,link,text,Link text describes,"['<|endoftext|>', 'Link', ' text', ' describes']",1,2,EleutherAI/pythia-1b
link_text,14,7,0.0024,link,text,Link text describes,"['<|endoftext|>', 'Link', ' text', ' describes']",1,2,EleutherAI/pythia-1b
link_text,15,0,0.5299,link,text,Link text describes,"['<|endoftext|>', 'Link', ' text', ' describes']",1,2,EleutherAI/pythia-1b
link_text,15,1,0.0547,link,text,Link text describes,"['<|endoftext|>', 'Link', ' text', ' describes']",1,2,EleutherAI/pythia-1b
link_text,15,2,0.0989,link,text,Link text describes,"['<|endoftext|>', 'Link', ' text', ' describes']",1,2,EleutherAI/pythia-1b
link_text,15,3,0.16,link,text,Link text describes,"['<|endoftext|>', 'Link', ' text', ' describes']",1,2,EleutherAI/pythia-1b
link_text,15,4,0.0345,link,text,Link text describes,"['<|endoftext|>', 'Link', ' text', ' describes']",1,2,EleutherAI/pythia-1b
link_text,15,5,0.4029,link,text,Link text describes,"['<|endoftext|>', 'Link', ' text', ' describes']",1,2,EleutherAI/pythia-1b
link_text,15,6,0.0188,link,text,Link text describes,"['<|endoftext|>', 'Link', ' text', ' describes']",1,2,EleutherAI/pythia-1b
link_text,15,7,0.1231,link,text,Link text describes,"['<|endoftext|>', 'Link', ' text', ' describes']",1,2,EleutherAI/pythia-1b
focus_indicator,0,0,0.2276,focus,indicator,A focus indicator is,"['<|endoftext|>', 'A', ' focus', ' indicator', ' is']",2,3,EleutherAI/pythia-1b
focus_indicator,0,1,0.2406,focus,indicator,A focus indicator is,"['<|endoftext|>', 'A', ' focus', ' indicator', ' is']",2,3,EleutherAI/pythia-1b
focus_indicator,0,2,0.0,focus,indicator,A focus indicator is,"['<|endoftext|>', 'A', ' focus', ' indicator', ' is']",2,3,EleutherAI/pythia-1b
focus_indicator,0,3,0.0586,focus,indicator,A focus indicator is,"['<|endoftext|>', 'A', ' focus', ' indicator', ' is']",2,3,EleutherAI/pythia-1b
focus_indicator,0,4,0.025,focus,indicator,A focus indicator is,"['<|endoftext|>', 'A', ' focus', ' indicator', ' is']",2,3,EleutherAI/pythia-1b
focus_indicator,0,5,0.1995,focus,indicator,A focus indicator is,"['<|endoftext|>', 'A', ' focus', ' indicator', ' is']",2,3,EleutherAI/pythia-1b
focus_indicator,0,6,0.0401,focus,indicator,A focus indicator is,"['<|endoftext|>', 'A', ' focus', ' indicator', ' is']",2,3,EleutherAI/pythia-1b
focus_indicator,0,7,0.0039,focus,indicator,A focus indicator is,"['<|endoftext|>', 'A', ' focus', ' indicator', ' is']",2,3,EleutherAI/pythia-1b
focus_indicator,1,0,0.1233,focus,indicator,A focus indicator is,"['<|endoftext|>', 'A', ' focus', ' indicator', ' is']",2,3,EleutherAI/pythia-1b
focus_indicator,1,1,0.0962,focus,indicator,A focus indicator is,"['<|endoftext|>', 'A', ' focus', ' indicator', ' is']",2,3,EleutherAI/pythia-1b
focus_indicator,1,2,0.065,focus,indicator,A focus indicator is,"['<|endoftext|>', 'A', ' focus', ' indicator', ' is']",2,3,EleutherAI/pythia-1b
focus_indicator,1,3,0.7532,focus,indicator,A focus indicator is,"['<|endoftext|>', 'A', ' focus', ' indicator', ' is']",2,3,EleutherAI/pythia-1b
focus_indicator,1,4,0.1998,focus,indicator,A focus indicator is,"['<|endoftext|>', 'A', ' focus', ' indicator', ' is']",2,3,EleutherAI/pythia-1b
focus_indicator,1,5,0.3184,focus,indicator,A focus indicator is,"['<|endoftext|>', 'A', ' focus', ' indicator', ' is']",2,3,EleutherAI/pythia-1b
focus_indicator,1,6,0.2582,focus,indicator,A focus indicator is,"['<|endoftext|>', 'A', ' focus', ' indicator', ' is']",2,3,EleutherAI/pythia-1b
focus_indicator,1,7,0.0042,focus,indicator,A focus indicator is,"['<|endoftext|>', 'A', ' focus', ' indicator', ' is']",2,3,EleutherAI/pythia-1b
focus_indicator,2,0,0.4097,focus,indicator,A focus indicator is,"['<|endoftext|>', 'A', ' focus', ' indicator', ' is']",2,3,EleutherAI/pythia-1b
focus_indicator,2,1,0.2558,focus,indicator,A focus indicator is,"['<|endoftext|>', 'A', ' focus', ' indicator', ' is']",2,3,EleutherAI/pythia-1b
focus_indicator,2,2,0.1903,focus,indicator,A focus indicator is,"['<|endoftext|>', 'A', ' focus', ' indicator', ' is']",2,3,EleutherAI/pythia-1b
focus_indicator,2,3,0.5051,focus,indicator,A focus indicator is,"['<|endoftext|>', 'A', ' focus', ' indicator', ' is']",2,3,EleutherAI/pythia-1b
focus_indicator,2,4,0.1209,focus,indicator,A focus indicator is,"['<|endoftext|>', 'A', ' focus', ' indicator', ' is']",2,3,EleutherAI/pythia-1b
focus_indicator,2,5,0.1068,focus,indicator,A focus indicator is,"['<|endoftext|>', 'A', ' focus', ' indicator', ' is']",2,3,EleutherAI/pythia-1b
focus_indicator,2,6,0.4012,focus,indicator,A focus indicator is,"['<|endoftext|>', 'A', ' focus', ' indicator', ' is']",2,3,EleutherAI/pythia-1b
focus_indicator,2,7,0.022,focus,indicator,A focus indicator is,"['<|endoftext|>', 'A', ' focus', ' indicator', ' is']",2,3,EleutherAI/pythia-1b
focus_indicator,3,0,0.0416,focus,indicator,A focus indicator is,"['<|endoftext|>', 'A', ' focus', ' indicator', ' is']",2,3,EleutherAI/pythia-1b
focus_indicator,3,1,0.0213,focus,indicator,A focus indicator is,"['<|endoftext|>', 'A', ' focus', ' indicator', ' is']",2,3,EleutherAI/pythia-1b
focus_indicator,3,2,0.1331,focus,indicator,A focus indicator is,"['<|endoftext|>', 'A', ' focus', ' indicator', ' is']",2,3,EleutherAI/pythia-1b
focus_indicator,3,3,0.0375,focus,indicator,A focus indicator is,"['<|endoftext|>', 'A', ' focus', ' indicator', ' is']",2,3,EleutherAI/pythia-1b
focus_indicator,3,4,0.0338,focus,indicator,A focus indicator is,"['<|endoftext|>', 'A', ' focus', ' indicator', ' is']",2,3,EleutherAI/pythia-1b
focus_indicator,3,5,0.9916,focus,indicator,A focus indicator is,"['<|endoftext|>', 'A', ' focus', ' indicator', ' is']",2,3,EleutherAI/pythia-1b
focus_indicator,3,6,0.9139,focus,indicator,A focus indicator is,"['<|endoftext|>', 'A', ' focus', ' indicator', ' is']",2,3,EleutherAI/pythia-1b
focus_indicator,3,7,0.0249,focus,indicator,A focus indicator is,"['<|endoftext|>', 'A', ' focus', ' indicator', ' is']",2,3,EleutherAI/pythia-1b
focus_indicator,4,0,0.0893,focus,indicator,A focus indicator is,"['<|endoftext|>', 'A', ' focus', ' indicator', ' is']",2,3,EleutherAI/pythia-1b
focus_indicator,4,1,0.0364,focus,indicator,A focus indicator is,"['<|endoftext|>', 'A', ' focus', ' indicator', ' is']",2,3,EleutherAI/pythia-1b
focus_indicator,4,2,0.0283,focus,indicator,A focus indicator is,"['<|endoftext|>', 'A', ' focus', ' indicator', ' is']",2,3,EleutherAI/pythia-1b
focus_indicator,4,3,0.0119,focus,indicator,A focus indicator is,"['<|endoftext|>', 'A', ' focus', ' indicator', ' is']",2,3,EleutherAI/pythia-1b
focus_indicator,4,4,0.0,focus,indicator,A focus indicator is,"['<|endoftext|>', 'A', ' focus', ' indicator', ' is']",2,3,EleutherAI/pythia-1b
focus_indicator,4,5,0.0004,focus,indicator,A focus indicator is,"['<|endoftext|>', 'A', ' focus', ' indicator', ' is']",2,3,EleutherAI/pythia-1b
focus_indicator,4,6,0.0968,focus,indicator,A focus indicator is,"['<|endoftext|>', 'A', ' focus', ' indicator', ' is']",2,3,EleutherAI/pythia-1b
focus_indicator,4,7,0.007,focus,indicator,A focus indicator is,"['<|endoftext|>', 'A', ' focus', ' indicator', ' is']",2,3,EleutherAI/pythia-1b
focus_indicator,5,0,0.0708,focus,indicator,A focus indicator is,"['<|endoftext|>', 'A', ' focus', ' indicator', ' is']",2,3,EleutherAI/pythia-1b
focus_indicator,5,1,0.0,focus,indicator,A focus indicator is,"['<|endoftext|>', 'A', ' focus', ' indicator', ' is']",2,3,EleutherAI/pythia-1b
focus_indicator,5,2,0.0886,focus,indicator,A focus indicator is,"['<|endoftext|>', 'A', ' focus', ' indicator', ' is']",2,3,EleutherAI/pythia-1b
focus_indicator,5,3,0.3827,focus,indicator,A focus indicator is,"['<|endoftext|>', 'A', ' focus', ' indicator', ' is']",2,3,EleutherAI/pythia-1b
focus_indicator,5,4,0.0404,focus,indicator,A focus indicator is,"['<|endoftext|>', 'A', ' focus', ' indicator', ' is']",2,3,EleutherAI/pythia-1b
focus_indicator,5,5,0.2421,focus,indicator,A focus indicator is,"['<|endoftext|>', 'A', ' focus', ' indicator', ' is']",2,3,EleutherAI/pythia-1b
focus_indicator,5,6,0.0016,focus,indicator,A focus indicator is,"['<|endoftext|>', 'A', ' focus', ' indicator', ' is']",2,3,EleutherAI/pythia-1b
focus_indicator,5,7,0.0003,focus,indicator,A focus indicator is,"['<|endoftext|>', 'A', ' focus', ' indicator', ' is']",2,3,EleutherAI/pythia-1b
focus_indicator,6,0,0.0044,focus,indicator,A focus indicator is,"['<|endoftext|>', 'A', ' focus', ' indicator', ' is']",2,3,EleutherAI/pythia-1b
focus_indicator,6,1,0.0026,focus,indicator,A focus indicator is,"['<|endoftext|>', 'A', ' focus', ' indicator', ' is']",2,3,EleutherAI/pythia-1b
focus_indicator,6,2,0.0113,focus,indicator,A focus indicator is,"['<|endoftext|>', 'A', ' focus', ' indicator', ' is']",2,3,EleutherAI/pythia-1b
focus_indicator,6,3,0.8498,focus,indicator,A focus indicator is,"['<|endoftext|>', 'A', ' focus', ' indicator', ' is']",2,3,EleutherAI/pythia-1b
focus_indicator,6,4,0.3293,focus,indicator,A focus indicator is,"['<|endoftext|>', 'A', ' focus', ' indicator', ' is']",2,3,EleutherAI/pythia-1b
focus_indicator,6,5,0.1808,focus,indicator,A focus indicator is,"['<|endoftext|>', 'A', ' focus', ' indicator', ' is']",2,3,EleutherAI/pythia-1b
focus_indicator,6,6,0.0042,focus,indicator,A focus indicator is,"['<|endoftext|>', 'A', ' focus', ' indicator', ' is']",2,3,EleutherAI/pythia-1b
focus_indicator,6,7,0.0005,focus,indicator,A focus indicator is,"['<|endoftext|>', 'A', ' focus', ' indicator', ' is']",2,3,EleutherAI/pythia-1b
focus_indicator,7,0,0.0003,focus,indicator,A focus indicator is,"['<|endoftext|>', 'A', ' focus', ' indicator', ' is']",2,3,EleutherAI/pythia-1b
focus_indicator,7,1,0.0001,focus,indicator,A focus indicator is,"['<|endoftext|>', 'A', ' focus', ' indicator', ' is']",2,3,EleutherAI/pythia-1b
focus_indicator,7,2,0.0006,focus,indicator,A focus indicator is,"['<|endoftext|>', 'A', ' focus', ' indicator', ' is']",2,3,EleutherAI/pythia-1b
focus_indicator,7,3,0.0113,focus,indicator,A focus indicator is,"['<|endoftext|>', 'A', ' focus', ' indicator', ' is']",2,3,EleutherAI/pythia-1b
focus_indicator,7,4,0.0602,focus,indicator,A focus indicator is,"['<|endoftext|>', 'A', ' focus', ' indicator', ' is']",2,3,EleutherAI/pythia-1b
focus_indicator,7,5,0.0195,focus,indicator,A focus indicator is,"['<|endoftext|>', 'A', ' focus', ' indicator', ' is']",2,3,EleutherAI/pythia-1b
focus_indicator,7,6,0.1281,focus,indicator,A focus indicator is,"['<|endoftext|>', 'A', ' focus', ' indicator', ' is']",2,3,EleutherAI/pythia-1b
focus_indicator,7,7,0.1649,focus,indicator,A focus indicator is,"['<|endoftext|>', 'A', ' focus', ' indicator', ' is']",2,3,EleutherAI/pythia-1b
focus_indicator,8,0,0.0012,focus,indicator,A focus indicator is,"['<|endoftext|>', 'A', ' focus', ' indicator', ' is']",2,3,EleutherAI/pythia-1b
focus_indicator,8,1,0.0153,focus,indicator,A focus indicator is,"['<|endoftext|>', 'A', ' focus', ' indicator', ' is']",2,3,EleutherAI/pythia-1b
focus_indicator,8,2,0.0258,focus,indicator,A focus indicator is,"['<|endoftext|>', 'A', ' focus', ' indicator', ' is']",2,3,EleutherAI/pythia-1b
focus_indicator,8,3,0.1069,focus,indicator,A focus indicator is,"['<|endoftext|>', 'A', ' focus', ' indicator', ' is']",2,3,EleutherAI/pythia-1b
focus_indicator,8,4,0.0045,focus,indicator,A focus indicator is,"['<|endoftext|>', 'A', ' focus', ' indicator', ' is']",2,3,EleutherAI/pythia-1b
focus_indicator,8,5,0.0073,focus,indicator,A focus indicator is,"['<|endoftext|>', 'A', ' focus', ' indicator', ' is']",2,3,EleutherAI/pythia-1b
focus_indicator,8,6,0.0003,focus,indicator,A focus indicator is,"['<|endoftext|>', 'A', ' focus', ' indicator', ' is']",2,3,EleutherAI/pythia-1b
focus_indicator,8,7,0.0664,focus,indicator,A focus indicator is,"['<|endoftext|>', 'A', ' focus', ' indicator', ' is']",2,3,EleutherAI/pythia-1b
focus_indicator,9,0,0.1333,focus,indicator,A focus indicator is,"['<|endoftext|>', 'A', ' focus', ' indicator', ' is']",2,3,EleutherAI/pythia-1b
focus_indicator,9,1,0.0048,focus,indicator,A focus indicator is,"['<|endoftext|>', 'A', ' focus', ' indicator', ' is']",2,3,EleutherAI/pythia-1b
focus_indicator,9,2,0.0836,focus,indicator,A focus indicator is,"['<|endoftext|>', 'A', ' focus', ' indicator', ' is']",2,3,EleutherAI/pythia-1b
focus_indicator,9,3,0.0155,focus,indicator,A focus indicator is,"['<|endoftext|>', 'A', ' focus', ' indicator', ' is']",2,3,EleutherAI/pythia-1b
focus_indicator,9,4,0.0065,focus,indicator,A focus indicator is,"['<|endoftext|>', 'A', ' focus', ' indicator', ' is']",2,3,EleutherAI/pythia-1b
focus_indicator,9,5,0.0085,focus,indicator,A focus indicator is,"['<|endoftext|>', 'A', ' focus', ' indicator', ' is']",2,3,EleutherAI/pythia-1b
focus_indicator,9,6,0.0845,focus,indicator,A focus indicator is,"['<|endoftext|>', 'A', ' focus', ' indicator', ' is']",2,3,EleutherAI/pythia-1b
focus_indicator,9,7,0.419,focus,indicator,A focus indicator is,"['<|endoftext|>', 'A', ' focus', ' indicator', ' is']",2,3,EleutherAI/pythia-1b
focus_indicator,10,0,0.0024,focus,indicator,A focus indicator is,"['<|endoftext|>', 'A', ' focus', ' indicator', ' is']",2,3,EleutherAI/pythia-1b
focus_indicator,10,1,0.1254,focus,indicator,A focus indicator is,"['<|endoftext|>', 'A', ' focus', ' indicator', ' is']",2,3,EleutherAI/pythia-1b
focus_indicator,10,2,0.0072,focus,indicator,A focus indicator is,"['<|endoftext|>', 'A', ' focus', ' indicator', ' is']",2,3,EleutherAI/pythia-1b
focus_indicator,10,3,0.0764,focus,indicator,A focus indicator is,"['<|endoftext|>', 'A', ' focus', ' indicator', ' is']",2,3,EleutherAI/pythia-1b
focus_indicator,10,4,0.0685,focus,indicator,A focus indicator is,"['<|endoftext|>', 'A', ' focus', ' indicator', ' is']",2,3,EleutherAI/pythia-1b
focus_indicator,10,5,0.016,focus,indicator,A focus indicator is,"['<|endoftext|>', 'A', ' focus', ' indicator', ' is']",2,3,EleutherAI/pythia-1b
focus_indicator,10,6,0.0007,focus,indicator,A focus indicator is,"['<|endoftext|>', 'A', ' focus', ' indicator', ' is']",2,3,EleutherAI/pythia-1b
focus_indicator,10,7,0.0163,focus,indicator,A focus indicator is,"['<|endoftext|>', 'A', ' focus', ' indicator', ' is']",2,3,EleutherAI/pythia-1b
focus_indicator,11,0,0.0462,focus,indicator,A focus indicator is,"['<|endoftext|>', 'A', ' focus', ' indicator', ' is']",2,3,EleutherAI/pythia-1b
focus_indicator,11,1,0.0629,focus,indicator,A focus indicator is,"['<|endoftext|>', 'A', ' focus', ' indicator', ' is']",2,3,EleutherAI/pythia-1b
focus_indicator,11,2,0.0839,focus,indicator,A focus indicator is,"['<|endoftext|>', 'A', ' focus', ' indicator', ' is']",2,3,EleutherAI/pythia-1b
focus_indicator,11,3,0.0133,focus,indicator,A focus indicator is,"['<|endoftext|>', 'A', ' focus', ' indicator', ' is']",2,3,EleutherAI/pythia-1b
focus_indicator,11,4,0.0825,focus,indicator,A focus indicator is,"['<|endoftext|>', 'A', ' focus', ' indicator', ' is']",2,3,EleutherAI/pythia-1b
focus_indicator,11,5,0.0379,focus,indicator,A focus indicator is,"['<|endoftext|>', 'A', ' focus', ' indicator', ' is']",2,3,EleutherAI/pythia-1b
focus_indicator,11,6,0.0021,focus,indicator,A focus indicator is,"['<|endoftext|>', 'A', ' focus', ' indicator', ' is']",2,3,EleutherAI/pythia-1b
focus_indicator,11,7,0.0022,focus,indicator,A focus indicator is,"['<|endoftext|>', 'A', ' focus', ' indicator', ' is']",2,3,EleutherAI/pythia-1b
focus_indicator,12,0,0.0272,focus,indicator,A focus indicator is,"['<|endoftext|>', 'A', ' focus', ' indicator', ' is']",2,3,EleutherAI/pythia-1b
focus_indicator,12,1,0.0134,focus,indicator,A focus indicator is,"['<|endoftext|>', 'A', ' focus', ' indicator', ' is']",2,3,EleutherAI/pythia-1b
focus_indicator,12,2,0.0323,focus,indicator,A focus indicator is,"['<|endoftext|>', 'A', ' focus', ' indicator', ' is']",2,3,EleutherAI/pythia-1b
focus_indicator,12,3,0.0062,focus,indicator,A focus indicator is,"['<|endoftext|>', 'A', ' focus', ' indicator', ' is']",2,3,EleutherAI/pythia-1b
focus_indicator,12,4,0.0135,focus,indicator,A focus indicator is,"['<|endoftext|>', 'A', ' focus', ' indicator', ' is']",2,3,EleutherAI/pythia-1b
focus_indicator,12,5,0.0867,focus,indicator,A focus indicator is,"['<|endoftext|>', 'A', ' focus', ' indicator', ' is']",2,3,EleutherAI/pythia-1b
focus_indicator,12,6,0.0056,focus,indicator,A focus indicator is,"['<|endoftext|>', 'A', ' focus', ' indicator', ' is']",2,3,EleutherAI/pythia-1b
focus_indicator,12,7,0.0162,focus,indicator,A focus indicator is,"['<|endoftext|>', 'A', ' focus', ' indicator', ' is']",2,3,EleutherAI/pythia-1b
focus_indicator,13,0,0.0575,focus,indicator,A focus indicator is,"['<|endoftext|>', 'A', ' focus', ' indicator', ' is']",2,3,EleutherAI/pythia-1b
focus_indicator,13,1,0.0113,focus,indicator,A focus indicator is,"['<|endoftext|>', 'A', ' focus', ' indicator', ' is']",2,3,EleutherAI/pythia-1b
focus_indicator,13,2,0.0058,focus,indicator,A focus indicator is,"['<|endoftext|>', 'A', ' focus', ' indicator', ' is']",2,3,EleutherAI/pythia-1b
focus_indicator,13,3,0.0433,focus,indicator,A focus indicator is,"['<|endoftext|>', 'A', ' focus', ' indicator', ' is']",2,3,EleutherAI/pythia-1b
focus_indicator,13,4,0.0922,focus,indicator,A focus indicator is,"['<|endoftext|>', 'A', ' focus', ' indicator', ' is']",2,3,EleutherAI/pythia-1b
focus_indicator,13,5,0.1158,focus,indicator,A focus indicator is,"['<|endoftext|>', 'A', ' focus', ' indicator', ' is']",2,3,EleutherAI/pythia-1b
focus_indicator,13,6,0.0026,focus,indicator,A focus indicator is,"['<|endoftext|>', 'A', ' focus', ' indicator', ' is']",2,3,EleutherAI/pythia-1b
focus_indicator,13,7,0.0107,focus,indicator,A focus indicator is,"['<|endoftext|>', 'A', ' focus', ' indicator', ' is']",2,3,EleutherAI/pythia-1b
focus_indicator,14,0,0.0297,focus,indicator,A focus indicator is,"['<|endoftext|>', 'A', ' focus', ' indicator', ' is']",2,3,EleutherAI/pythia-1b
focus_indicator,14,1,0.0134,focus,indicator,A focus indicator is,"['<|endoftext|>', 'A', ' focus', ' indicator', ' is']",2,3,EleutherAI/pythia-1b
focus_indicator,14,2,0.0456,focus,indicator,A focus indicator is,"['<|endoftext|>', 'A', ' focus', ' indicator', ' is']",2,3,EleutherAI/pythia-1b
focus_indicator,14,3,0.05,focus,indicator,A focus indicator is,"['<|endoftext|>', 'A', ' focus', ' indicator', ' is']",2,3,EleutherAI/pythia-1b
focus_indicator,14,4,0.0152,focus,indicator,A focus indicator is,"['<|endoftext|>', 'A', ' focus', ' indicator', ' is']",2,3,EleutherAI/pythia-1b
focus_indicator,14,5,0.0072,focus,indicator,A focus indicator is,"['<|endoftext|>', 'A', ' focus', ' indicator', ' is']",2,3,EleutherAI/pythia-1b
focus_indicator,14,6,0.002,focus,indicator,A focus indicator is,"['<|endoftext|>', 'A', ' focus', ' indicator', ' is']",2,3,EleutherAI/pythia-1b
focus_indicator,14,7,0.0049,focus,indicator,A focus indicator is,"['<|endoftext|>', 'A', ' focus', ' indicator', ' is']",2,3,EleutherAI/pythia-1b
focus_indicator,15,0,0.0445,focus,indicator,A focus indicator is,"['<|endoftext|>', 'A', ' focus', ' indicator', ' is']",2,3,EleutherAI/pythia-1b
focus_indicator,15,1,0.0204,focus,indicator,A focus indicator is,"['<|endoftext|>', 'A', ' focus', ' indicator', ' is']",2,3,EleutherAI/pythia-1b
focus_indicator,15,2,0.0369,focus,indicator,A focus indicator is,"['<|endoftext|>', 'A', ' focus', ' indicator', ' is']",2,3,EleutherAI/pythia-1b
focus_indicator,15,3,0.0135,focus,indicator,A focus indicator is,"['<|endoftext|>', 'A', ' focus', ' indicator', ' is']",2,3,EleutherAI/pythia-1b
focus_indicator,15,4,0.0317,focus,indicator,A focus indicator is,"['<|endoftext|>', 'A', ' focus', ' indicator', ' is']",2,3,EleutherAI/pythia-1b
focus_indicator,15,5,0.0428,focus,indicator,A focus indicator is,"['<|endoftext|>', 'A', ' focus', ' indicator', ' is']",2,3,EleutherAI/pythia-1b
focus_indicator,15,6,0.0385,focus,indicator,A focus indicator is,"['<|endoftext|>', 'A', ' focus', ' indicator', ' is']",2,3,EleutherAI/pythia-1b
focus_indicator,15,7,0.0522,focus,indicator,A focus indicator is,"['<|endoftext|>', 'A', ' focus', ' indicator', ' is']",2,3,EleutherAI/pythia-1b
semantic_html,0,0,0.1701,semantic,HTML,Semantic HTML helps,"['<|endoftext|>', 'Sem', 'antic', ' HTML', ' helps']",2,3,EleutherAI/pythia-1b
semantic_html,0,1,0.4405,semantic,HTML,Semantic HTML helps,"['<|endoftext|>', 'Sem', 'antic', ' HTML', ' helps']",2,3,EleutherAI/pythia-1b
semantic_html,0,2,0.0,semantic,HTML,Semantic HTML helps,"['<|endoftext|>', 'Sem', 'antic', ' HTML', ' helps']",2,3,EleutherAI/pythia-1b
semantic_html,0,3,0.3008,semantic,HTML,Semantic HTML helps,"['<|endoftext|>', 'Sem', 'antic', ' HTML', ' helps']",2,3,EleutherAI/pythia-1b
semantic_html,0,4,0.0101,semantic,HTML,Semantic HTML helps,"['<|endoftext|>', 'Sem', 'antic', ' HTML', ' helps']",2,3,EleutherAI/pythia-1b
semantic_html,0,5,0.0447,semantic,HTML,Semantic HTML helps,"['<|endoftext|>', 'Sem', 'antic', ' HTML', ' helps']",2,3,EleutherAI/pythia-1b
semantic_html,0,6,0.0276,semantic,HTML,Semantic HTML helps,"['<|endoftext|>', 'Sem', 'antic', ' HTML', ' helps']",2,3,EleutherAI/pythia-1b
semantic_html,0,7,0.2431,semantic,HTML,Semantic HTML helps,"['<|endoftext|>', 'Sem', 'antic', ' HTML', ' helps']",2,3,EleutherAI/pythia-1b
semantic_html,1,0,0.1904,semantic,HTML,Semantic HTML helps,"['<|endoftext|>', 'Sem', 'antic', ' HTML', ' helps']",2,3,EleutherAI/pythia-1b
semantic_html,1,1,0.0704,semantic,HTML,Semantic HTML helps,"['<|endoftext|>', 'Sem', 'antic', ' HTML', ' helps']",2,3,EleutherAI/pythia-1b
semantic_html,1,2,0.0323,semantic,HTML,Semantic HTML helps,"['<|endoftext|>', 'Sem', 'antic', ' HTML', ' helps']",2,3,EleutherAI/pythia-1b
semantic_html,1,3,0.3763,semantic,HTML,Semantic HTML helps,"['<|endoftext|>', 'Sem', 'antic', ' HTML', ' helps']",2,3,EleutherAI/pythia-1b
semantic_html,1,4,0.4325,semantic,HTML,Semantic HTML helps,"['<|endoftext|>', 'Sem', 'antic', ' HTML', ' helps']",2,3,EleutherAI/pythia-1b
semantic_html,1,5,0.3145,semantic,HTML,Semantic HTML helps,"['<|endoftext|>', 'Sem', 'antic', ' HTML', ' helps']",2,3,EleutherAI/pythia-1b
semantic_html,1,6,0.1863,semantic,HTML,Semantic HTML helps,"['<|endoftext|>', 'Sem', 'antic', ' HTML', ' helps']",2,3,EleutherAI/pythia-1b
semantic_html,1,7,0.0099,semantic,HTML,Semantic HTML helps,"['<|endoftext|>', 'Sem', 'antic', ' HTML', ' helps']",2,3,EleutherAI/pythia-1b
semantic_html,2,0,0.1166,semantic,HTML,Semantic HTML helps,"['<|endoftext|>', 'Sem', 'antic', ' HTML', ' helps']",2,3,EleutherAI/pythia-1b
semantic_html,2,1,0.0637,semantic,HTML,Semantic HTML helps,"['<|endoftext|>', 'Sem', 'antic', ' HTML', ' helps']",2,3,EleutherAI/pythia-1b
semantic_html,2,2,0.1257,semantic,HTML,Semantic HTML helps,"['<|endoftext|>', 'Sem', 'antic', ' HTML', ' helps']",2,3,EleutherAI/pythia-1b
semantic_html,2,3,0.391,semantic,HTML,Semantic HTML helps,"['<|endoftext|>', 'Sem', 'antic', ' HTML', ' helps']",2,3,EleutherAI/pythia-1b
semantic_html,2,4,0.4456,semantic,HTML,Semantic HTML helps,"['<|endoftext|>', 'Sem', 'antic', ' HTML', ' helps']",2,3,EleutherAI/pythia-1b
semantic_html,2,5,0.0506,semantic,HTML,Semantic HTML helps,"['<|endoftext|>', 'Sem', 'antic', ' HTML', ' helps']",2,3,EleutherAI/pythia-1b
semantic_html,2,6,0.19,semantic,HTML,Semantic HTML helps,"['<|endoftext|>', 'Sem', 'antic', ' HTML', ' helps']",2,3,EleutherAI/pythia-1b
semantic_html,2,7,0.0288,semantic,HTML,Semantic HTML helps,"['<|endoftext|>', 'Sem', 'antic', ' HTML', ' helps']",2,3,EleutherAI/pythia-1b
semantic_html,3,0,0.1567,semantic,HTML,Semantic HTML helps,"['<|endoftext|>', 'Sem', 'antic', ' HTML', ' helps']",2,3,EleutherAI/pythia-1b
semantic_html,3,1,0.0908,semantic,HTML,Semantic HTML helps,"['<|endoftext|>', 'Sem', 'antic', ' HTML', ' helps']",2,3,EleutherAI/pythia-1b
semantic_html,3,2,0.1218,semantic,HTML,Semantic HTML helps,"['<|endoftext|>', 'Sem', 'antic', ' HTML', ' helps']",2,3,EleutherAI/pythia-1b
semantic_html,3,3,0.2652,semantic,HTML,Semantic HTML helps,"['<|endoftext|>', 'Sem', 'antic', ' HTML', ' helps']",2,3,EleutherAI/pythia-1b
semantic_html,3,4,0.0308,semantic,HTML,Semantic HTML helps,"['<|endoftext|>', 'Sem', 'antic', ' HTML', ' helps']",2,3,EleutherAI/pythia-1b
semantic_html,3,5,0.9984,semantic,HTML,Semantic HTML helps,"['<|endoftext|>', 'Sem', 'antic', ' HTML', ' helps']",2,3,EleutherAI/pythia-1b
semantic_html,3,6,0.077,semantic,HTML,Semantic HTML helps,"['<|endoftext|>', 'Sem', 'antic', ' HTML', ' helps']",2,3,EleutherAI/pythia-1b
semantic_html,3,7,0.1433,semantic,HTML,Semantic HTML helps,"['<|endoftext|>', 'Sem', 'antic', ' HTML', ' helps']",2,3,EleutherAI/pythia-1b
semantic_html,4,0,0.0394,semantic,HTML,Semantic HTML helps,"['<|endoftext|>', 'Sem', 'antic', ' HTML', ' helps']",2,3,EleutherAI/pythia-1b
semantic_html,4,1,0.0152,semantic,HTML,Semantic HTML helps,"['<|endoftext|>', 'Sem', 'antic', ' HTML', ' helps']",2,3,EleutherAI/pythia-1b
semantic_html,4,2,0.0127,semantic,HTML,Semantic HTML helps,"['<|endoftext|>', 'Sem', 'antic', ' HTML', ' helps']",2,3,EleutherAI/pythia-1b
semantic_html,4,3,0.1923,semantic,HTML,Semantic HTML helps,"['<|endoftext|>', 'Sem', 'antic', ' HTML', ' helps']",2,3,EleutherAI/pythia-1b
semantic_html,4,4,0.0,semantic,HTML,Semantic HTML helps,"['<|endoftext|>', 'Sem', 'antic', ' HTML', ' helps']",2,3,EleutherAI/pythia-1b
semantic_html,4,5,0.0016,semantic,HTML,Semantic HTML helps,"['<|endoftext|>', 'Sem', 'antic', ' HTML', ' helps']",2,3,EleutherAI/pythia-1b
semantic_html,4,6,0.0525,semantic,HTML,Semantic HTML helps,"['<|endoftext|>', 'Sem', 'antic', ' HTML', ' helps']",2,3,EleutherAI/pythia-1b
semantic_html,4,7,0.031,semantic,HTML,Semantic HTML helps,"['<|endoftext|>', 'Sem', 'antic', ' HTML', ' helps']",2,3,EleutherAI/pythia-1b
semantic_html,5,0,0.1423,semantic,HTML,Semantic HTML helps,"['<|endoftext|>', 'Sem', 'antic', ' HTML', ' helps']",2,3,EleutherAI/pythia-1b
semantic_html,5,1,0.0,semantic,HTML,Semantic HTML helps,"['<|endoftext|>', 'Sem', 'antic', ' HTML', ' helps']",2,3,EleutherAI/pythia-1b
semantic_html,5,2,0.3808,semantic,HTML,Semantic HTML helps,"['<|endoftext|>', 'Sem', 'antic', ' HTML', ' helps']",2,3,EleutherAI/pythia-1b
semantic_html,5,3,0.0174,semantic,HTML,Semantic HTML helps,"['<|endoftext|>', 'Sem', 'antic', ' HTML', ' helps']",2,3,EleutherAI/pythia-1b
semantic_html,5,4,0.0192,semantic,HTML,Semantic HTML helps,"['<|endoftext|>', 'Sem', 'antic', ' HTML', ' helps']",2,3,EleutherAI/pythia-1b
semantic_html,5,5,0.3244,semantic,HTML,Semantic HTML helps,"['<|endoftext|>', 'Sem', 'antic', ' HTML', ' helps']",2,3,EleutherAI/pythia-1b
semantic_html,5,6,0.0003,semantic,HTML,Semantic HTML helps,"['<|endoftext|>', 'Sem', 'antic', ' HTML', ' helps']",2,3,EleutherAI/pythia-1b
semantic_html,5,7,0.0005,semantic,HTML,Semantic HTML helps,"['<|endoftext|>', 'Sem', 'antic', ' HTML', ' helps']",2,3,EleutherAI/pythia-1b
semantic_html,6,0,0.4031,semantic,HTML,Semantic HTML helps,"['<|endoftext|>', 'Sem', 'antic', ' HTML', ' helps']",2,3,EleutherAI/pythia-1b
semantic_html,6,1,0.0094,semantic,HTML,Semantic HTML helps,"['<|endoftext|>', 'Sem', 'antic', ' HTML', ' helps']",2,3,EleutherAI/pythia-1b
semantic_html,6,2,0.039,semantic,HTML,Semantic HTML helps,"['<|endoftext|>', 'Sem', 'antic', ' HTML', ' helps']",2,3,EleutherAI/pythia-1b
semantic_html,6,3,0.975,semantic,HTML,Semantic HTML helps,"['<|endoftext|>', 'Sem', 'antic', ' HTML', ' helps']",2,3,EleutherAI/pythia-1b
semantic_html,6,4,0.115,semantic,HTML,Semantic HTML helps,"['<|endoftext|>', 'Sem', 'antic', ' HTML', ' helps']",2,3,EleutherAI/pythia-1b
semantic_html,6,5,0.3234,semantic,HTML,Semantic HTML helps,"['<|endoftext|>', 'Sem', 'antic', ' HTML', ' helps']",2,3,EleutherAI/pythia-1b
semantic_html,6,6,0.0845,semantic,HTML,Semantic HTML helps,"['<|endoftext|>', 'Sem', 'antic', ' HTML', ' helps']",2,3,EleutherAI/pythia-1b
semantic_html,6,7,0.0019,semantic,HTML,Semantic HTML helps,"['<|endoftext|>', 'Sem', 'antic', ' HTML', ' helps']",2,3,EleutherAI/pythia-1b
semantic_html,7,0,0.0014,semantic,HTML,Semantic HTML helps,"['<|endoftext|>', 'Sem', 'antic', ' HTML', ' helps']",2,3,EleutherAI/pythia-1b
semantic_html,7,1,0.0,semantic,HTML,Semantic HTML helps,"['<|endoftext|>', 'Sem', 'antic', ' HTML', ' helps']",2,3,EleutherAI/pythia-1b
semantic_html,7,2,0.0011,semantic,HTML,Semantic HTML helps,"['<|endoftext|>', 'Sem', 'antic', ' HTML', ' helps']",2,3,EleutherAI/pythia-1b
semantic_html,7,3,0.1433,semantic,HTML,Semantic HTML helps,"['<|endoftext|>', 'Sem', 'antic', ' HTML', ' helps']",2,3,EleutherAI/pythia-1b
semantic_html,7,4,0.0353,semantic,HTML,Semantic HTML helps,"['<|endoftext|>', 'Sem', 'antic', ' HTML', ' helps']",2,3,EleutherAI/pythia-1b
semantic_html,7,5,0.0702,semantic,HTML,Semantic HTML helps,"['<|endoftext|>', 'Sem', 'antic', ' HTML', ' helps']",2,3,EleutherAI/pythia-1b
semantic_html,7,6,0.1405,semantic,HTML,Semantic HTML helps,"['<|endoftext|>', 'Sem', 'antic', ' HTML', ' helps']",2,3,EleutherAI/pythia-1b
semantic_html,7,7,0.0376,semantic,HTML,Semantic HTML helps,"['<|endoftext|>', 'Sem', 'antic', ' HTML', ' helps']",2,3,EleutherAI/pythia-1b
semantic_html,8,0,0.0016,semantic,HTML,Semantic HTML helps,"['<|endoftext|>', 'Sem', 'antic', ' HTML', ' helps']",2,3,EleutherAI/pythia-1b
semantic_html,8,1,0.0259,semantic,HTML,Semantic HTML helps,"['<|endoftext|>', 'Sem', 'antic', ' HTML', ' helps']",2,3,EleutherAI/pythia-1b
semantic_html,8,2,0.0456,semantic,HTML,Semantic HTML helps,"['<|endoftext|>', 'Sem', 'antic', ' HTML', ' helps']",2,3,EleutherAI/pythia-1b
semantic_html,8,3,0.1607,semantic,HTML,Semantic HTML helps,"['<|endoftext|>', 'Sem', 'antic', ' HTML', ' helps']",2,3,EleutherAI/pythia-1b
semantic_html,8,4,0.0081,semantic,HTML,Semantic HTML helps,"['<|endoftext|>', 'Sem', 'antic', ' HTML', ' helps']",2,3,EleutherAI/pythia-1b
semantic_html,8,5,0.004,semantic,HTML,Semantic HTML helps,"['<|endoftext|>', 'Sem', 'antic', ' HTML', ' helps']",2,3,EleutherAI/pythia-1b
semantic_html,8,6,0.014,semantic,HTML,Semantic HTML helps,"['<|endoftext|>', 'Sem', 'antic', ' HTML', ' helps']",2,3,EleutherAI/pythia-1b
semantic_html,8,7,0.1149,semantic,HTML,Semantic HTML helps,"['<|endoftext|>', 'Sem', 'antic', ' HTML', ' helps']",2,3,EleutherAI/pythia-1b
semantic_html,9,0,0.0455,semantic,HTML,Semantic HTML helps,"['<|endoftext|>', 'Sem', 'antic', ' HTML', ' helps']",2,3,EleutherAI/pythia-1b
semantic_html,9,1,0.0096,semantic,HTML,Semantic HTML helps,"['<|endoftext|>', 'Sem', 'antic', ' HTML', ' helps']",2,3,EleutherAI/pythia-1b
semantic_html,9,2,0.2874,semantic,HTML,Semantic HTML helps,"['<|endoftext|>', 'Sem', 'antic', ' HTML', ' helps']",2,3,EleutherAI/pythia-1b
semantic_html,9,3,0.0415,semantic,HTML,Semantic HTML helps,"['<|endoftext|>', 'Sem', 'antic', ' HTML', ' helps']",2,3,EleutherAI/pythia-1b
semantic_html,9,4,0.0131,semantic,HTML,Semantic HTML helps,"['<|endoftext|>', 'Sem', 'antic', ' HTML', ' helps']",2,3,EleutherAI/pythia-1b
semantic_html,9,5,0.0174,semantic,HTML,Semantic HTML helps,"['<|endoftext|>', 'Sem', 'antic', ' HTML', ' helps']",2,3,EleutherAI/pythia-1b
semantic_html,9,6,0.0846,semantic,HTML,Semantic HTML helps,"['<|endoftext|>', 'Sem', 'antic', ' HTML', ' helps']",2,3,EleutherAI/pythia-1b
semantic_html,9,7,0.0713,semantic,HTML,Semantic HTML helps,"['<|endoftext|>', 'Sem', 'antic', ' HTML', ' helps']",2,3,EleutherAI/pythia-1b
semantic_html,10,0,0.0094,semantic,HTML,Semantic HTML helps,"['<|endoftext|>', 'Sem', 'antic', ' HTML', ' helps']",2,3,EleutherAI/pythia-1b
semantic_html,10,1,0.1895,semantic,HTML,Semantic HTML helps,"['<|endoftext|>', 'Sem', 'antic', ' HTML', ' helps']",2,3,EleutherAI/pythia-1b
semantic_html,10,2,0.0145,semantic,HTML,Semantic HTML helps,"['<|endoftext|>', 'Sem', 'antic', ' HTML', ' helps']",2,3,EleutherAI/pythia-1b
semantic_html,10,3,0.1437,semantic,HTML,Semantic HTML helps,"['<|endoftext|>', 'Sem', 'antic', ' HTML', ' helps']",2,3,EleutherAI/pythia-1b
semantic_html,10,4,0.0134,semantic,HTML,Semantic HTML helps,"['<|endoftext|>', 'Sem', 'antic', ' HTML', ' helps']",2,3,EleutherAI/pythia-1b
semantic_html,10,5,0.0061,semantic,HTML,Semantic HTML helps,"['<|endoftext|>', 'Sem', 'antic', ' HTML', ' helps']",2,3,EleutherAI/pythia-1b
semantic_html,10,6,0.0007,semantic,HTML,Semantic HTML helps,"['<|endoftext|>', 'Sem', 'antic', ' HTML', ' helps']",2,3,EleutherAI/pythia-1b
semantic_html,10,7,0.0529,semantic,HTML,Semantic HTML helps,"['<|endoftext|>', 'Sem', 'antic', ' HTML', ' helps']",2,3,EleutherAI/pythia-1b
semantic_html,11,0,0.0654,semantic,HTML,Semantic HTML helps,"['<|endoftext|>', 'Sem', 'antic', ' HTML', ' helps']",2,3,EleutherAI/pythia-1b
semantic_html,11,1,0.0311,semantic,HTML,Semantic HTML helps,"['<|endoftext|>', 'Sem', 'antic', ' HTML', ' helps']",2,3,EleutherAI/pythia-1b
semantic_html,11,2,0.0485,semantic,HTML,Semantic HTML helps,"['<|endoftext|>', 'Sem', 'antic', ' HTML', ' helps']",2,3,EleutherAI/pythia-1b
semantic_html,11,3,0.0048,semantic,HTML,Semantic HTML helps,"['<|endoftext|>', 'Sem', 'antic', ' HTML', ' helps']",2,3,EleutherAI/pythia-1b
semantic_html,11,4,0.1233,semantic,HTML,Semantic HTML helps,"['<|endoftext|>', 'Sem', 'antic', ' HTML', ' helps']",2,3,EleutherAI/pythia-1b
semantic_html,11,5,0.0083,semantic,HTML,Semantic HTML helps,"['<|endoftext|>', 'Sem', 'antic', ' HTML', ' helps']",2,3,EleutherAI/pythia-1b
semantic_html,11,6,0.0045,semantic,HTML,Semantic HTML helps,"['<|endoftext|>', 'Sem', 'antic', ' HTML', ' helps']",2,3,EleutherAI/pythia-1b
semantic_html,11,7,0.0012,semantic,HTML,Semantic HTML helps,"['<|endoftext|>', 'Sem', 'antic', ' HTML', ' helps']",2,3,EleutherAI/pythia-1b
semantic_html,12,0,0.0021,semantic,HTML,Semantic HTML helps,"['<|endoftext|>', 'Sem', 'antic', ' HTML', ' helps']",2,3,EleutherAI/pythia-1b
semantic_html,12,1,0.0483,semantic,HTML,Semantic HTML helps,"['<|endoftext|>', 'Sem', 'antic', ' HTML', ' helps']",2,3,EleutherAI/pythia-1b
semantic_html,12,2,0.0431,semantic,HTML,Semantic HTML helps,"['<|endoftext|>', 'Sem', 'antic', ' HTML', ' helps']",2,3,EleutherAI/pythia-1b
semantic_html,12,3,0.0024,semantic,HTML,Semantic HTML helps,"['<|endoftext|>', 'Sem', 'antic', ' HTML', ' helps']",2,3,EleutherAI/pythia-1b
semantic_html,12,4,0.0213,semantic,HTML,Semantic HTML helps,"['<|endoftext|>', 'Sem', 'antic', ' HTML', ' helps']",2,3,EleutherAI/pythia-1b
semantic_html,12,5,0.0052,semantic,HTML,Semantic HTML helps,"['<|endoftext|>', 'Sem', 'antic', ' HTML', ' helps']",2,3,EleutherAI/pythia-1b
semantic_html,12,6,0.0009,semantic,HTML,Semantic HTML helps,"['<|endoftext|>', 'Sem', 'antic', ' HTML', ' helps']",2,3,EleutherAI/pythia-1b
semantic_html,12,7,0.0126,semantic,HTML,Semantic HTML helps,"['<|endoftext|>', 'Sem', 'antic', ' HTML', ' helps']",2,3,EleutherAI/pythia-1b
semantic_html,13,0,0.3861,semantic,HTML,Semantic HTML helps,"['<|endoftext|>', 'Sem', 'antic', ' HTML', ' helps']",2,3,EleutherAI/pythia-1b
semantic_html,13,1,0.0345,semantic,HTML,Semantic HTML helps,"['<|endoftext|>', 'Sem', 'antic', ' HTML', ' helps']",2,3,EleutherAI/pythia-1b
semantic_html,13,2,0.02,semantic,HTML,Semantic HTML helps,"['<|endoftext|>', 'Sem', 'antic', ' HTML', ' helps']",2,3,EleutherAI/pythia-1b
semantic_html,13,3,0.0601,semantic,HTML,Semantic HTML helps,"['<|endoftext|>', 'Sem', 'antic', ' HTML', ' helps']",2,3,EleutherAI/pythia-1b
semantic_html,13,4,0.4918,semantic,HTML,Semantic HTML helps,"['<|endoftext|>', 'Sem', 'antic', ' HTML', ' helps']",2,3,EleutherAI/pythia-1b
semantic_html,13,5,0.0162,semantic,HTML,Semantic HTML helps,"['<|endoftext|>', 'Sem', 'antic', ' HTML', ' helps']",2,3,EleutherAI/pythia-1b
semantic_html,13,6,0.0046,semantic,HTML,Semantic HTML helps,"['<|endoftext|>', 'Sem', 'antic', ' HTML', ' helps']",2,3,EleutherAI/pythia-1b
semantic_html,13,7,0.0768,semantic,HTML,Semantic HTML helps,"['<|endoftext|>', 'Sem', 'antic', ' HTML', ' helps']",2,3,EleutherAI/pythia-1b
semantic_html,14,0,0.3137,semantic,HTML,Semantic HTML helps,"['<|endoftext|>', 'Sem', 'antic', ' HTML', ' helps']",2,3,EleutherAI/pythia-1b
semantic_html,14,1,0.3142,semantic,HTML,Semantic HTML helps,"['<|endoftext|>', 'Sem', 'antic', ' HTML', ' helps']",2,3,EleutherAI/pythia-1b
semantic_html,14,2,0.3024,semantic,HTML,Semantic HTML helps,"['<|endoftext|>', 'Sem', 'antic', ' HTML', ' helps']",2,3,EleutherAI/pythia-1b
semantic_html,14,3,0.1693,semantic,HTML,Semantic HTML helps,"['<|endoftext|>', 'Sem', 'antic', ' HTML', ' helps']",2,3,EleutherAI/pythia-1b
semantic_html,14,4,0.0883,semantic,HTML,Semantic HTML helps,"['<|endoftext|>', 'Sem', 'antic', ' HTML', ' helps']",2,3,EleutherAI/pythia-1b
semantic_html,14,5,0.3304,semantic,HTML,Semantic HTML helps,"['<|endoftext|>', 'Sem', 'antic', ' HTML', ' helps']",2,3,EleutherAI/pythia-1b
semantic_html,14,6,0.0079,semantic,HTML,Semantic HTML helps,"['<|endoftext|>', 'Sem', 'antic', ' HTML', ' helps']",2,3,EleutherAI/pythia-1b
semantic_html,14,7,0.0581,semantic,HTML,Semantic HTML helps,"['<|endoftext|>', 'Sem', 'antic', ' HTML', ' helps']",2,3,EleutherAI/pythia-1b
semantic_html,15,0,0.1063,semantic,HTML,Semantic HTML helps,"['<|endoftext|>', 'Sem', 'antic', ' HTML', ' helps']",2,3,EleutherAI/pythia-1b
semantic_html,15,1,0.0026,semantic,HTML,Semantic HTML helps,"['<|endoftext|>', 'Sem', 'antic', ' HTML', ' helps']",2,3,EleutherAI/pythia-1b
semantic_html,15,2,0.061,semantic,HTML,Semantic HTML helps,"['<|endoftext|>', 'Sem', 'antic', ' HTML', ' helps']",2,3,EleutherAI/pythia-1b
semantic_html,15,3,0.034,semantic,HTML,Semantic HTML helps,"['<|endoftext|>', 'Sem', 'antic', ' HTML', ' helps']",2,3,EleutherAI/pythia-1b
semantic_html,15,4,0.0364,semantic,HTML,Semantic HTML helps,"['<|endoftext|>', 'Sem', 'antic', ' HTML', ' helps']",2,3,EleutherAI/pythia-1b
semantic_html,15,5,0.2159,semantic,HTML,Semantic HTML helps,"['<|endoftext|>', 'Sem', 'antic', ' HTML', ' helps']",2,3,EleutherAI/pythia-1b
semantic_html,15,6,0.0349,semantic,HTML,Semantic HTML helps,"['<|endoftext|>', 'Sem', 'antic', ' HTML', ' helps']",2,3,EleutherAI/pythia-1b
semantic_html,15,7,0.3961,semantic,HTML,Semantic HTML helps,"['<|endoftext|>', 'Sem', 'antic', ' HTML', ' helps']",2,3,EleutherAI/pythia-1b
