compound,layer,head,binding_score,word1,word2,prompt,tokens,word1_idx,word2_idx,model
screen_reader,0,0,0.0147,screen,reader,A screen reader is,"['<|endoftext|>', 'A', ' screen', ' reader', ' is']",2,3,gpt2
screen_reader,0,1,0.0083,screen,reader,A screen reader is,"['<|endoftext|>', 'A', ' screen', ' reader', ' is']",2,3,gpt2
screen_reader,0,2,0.0245,screen,reader,A screen reader is,"['<|endoftext|>', 'A', ' screen', ' reader', ' is']",2,3,gpt2
screen_reader,0,3,0.0264,screen,reader,A screen reader is,"['<|endoftext|>', 'A', ' screen', ' reader', ' is']",2,3,gpt2
screen_reader,0,4,0.1334,screen,reader,A screen reader is,"['<|endoftext|>', 'A', ' screen', ' reader', ' is']",2,3,gpt2
screen_reader,0,5,0.0001,screen,reader,A screen reader is,"['<|endoftext|>', 'A', ' screen', ' reader', ' is']",2,3,gpt2
screen_reader,0,6,0.1562,screen,reader,A screen reader is,"['<|endoftext|>', 'A', ' screen', ' reader', ' is']",2,3,gpt2
screen_reader,0,7,0.2248,screen,reader,A screen reader is,"['<|endoftext|>', 'A', ' screen', ' reader', ' is']",2,3,gpt2
screen_reader,0,8,0.3906,screen,reader,A screen reader is,"['<|endoftext|>', 'A', ' screen', ' reader', ' is']",2,3,gpt2
screen_reader,0,9,0.0967,screen,reader,A screen reader is,"['<|endoftext|>', 'A', ' screen', ' reader', ' is']",2,3,gpt2
screen_reader,0,10,0.0821,screen,reader,A screen reader is,"['<|endoftext|>', 'A', ' screen', ' reader', ' is']",2,3,gpt2
screen_reader,0,11,0.1566,screen,reader,A screen reader is,"['<|endoftext|>', 'A', ' screen', ' reader', ' is']",2,3,gpt2
screen_reader,1,0,0.4254,screen,reader,A screen reader is,"['<|endoftext|>', 'A', ' screen', ' reader', ' is']",2,3,gpt2
screen_reader,1,1,0.0962,screen,reader,A screen reader is,"['<|endoftext|>', 'A', ' screen', ' reader', ' is']",2,3,gpt2
screen_reader,1,2,0.0882,screen,reader,A screen reader is,"['<|endoftext|>', 'A', ' screen', ' reader', ' is']",2,3,gpt2
screen_reader,1,3,0.1452,screen,reader,A screen reader is,"['<|endoftext|>', 'A', ' screen', ' reader', ' is']",2,3,gpt2
screen_reader,1,4,0.1193,screen,reader,A screen reader is,"['<|endoftext|>', 'A', ' screen', ' reader', ' is']",2,3,gpt2
screen_reader,1,5,0.0754,screen,reader,A screen reader is,"['<|endoftext|>', 'A', ' screen', ' reader', ' is']",2,3,gpt2
screen_reader,1,6,0.0195,screen,reader,A screen reader is,"['<|endoftext|>', 'A', ' screen', ' reader', ' is']",2,3,gpt2
screen_reader,1,7,0.1109,screen,reader,A screen reader is,"['<|endoftext|>', 'A', ' screen', ' reader', ' is']",2,3,gpt2
screen_reader,1,8,0.0755,screen,reader,A screen reader is,"['<|endoftext|>', 'A', ' screen', ' reader', ' is']",2,3,gpt2
screen_reader,1,9,0.0168,screen,reader,A screen reader is,"['<|endoftext|>', 'A', ' screen', ' reader', ' is']",2,3,gpt2
screen_reader,1,10,0.359,screen,reader,A screen reader is,"['<|endoftext|>', 'A', ' screen', ' reader', ' is']",2,3,gpt2
screen_reader,1,11,0.0481,screen,reader,A screen reader is,"['<|endoftext|>', 'A', ' screen', ' reader', ' is']",2,3,gpt2
screen_reader,2,0,0.5228,screen,reader,A screen reader is,"['<|endoftext|>', 'A', ' screen', ' reader', ' is']",2,3,gpt2
screen_reader,2,1,0.0173,screen,reader,A screen reader is,"['<|endoftext|>', 'A', ' screen', ' reader', ' is']",2,3,gpt2
screen_reader,2,2,0.5074,screen,reader,A screen reader is,"['<|endoftext|>', 'A', ' screen', ' reader', ' is']",2,3,gpt2
screen_reader,2,3,0.081,screen,reader,A screen reader is,"['<|endoftext|>', 'A', ' screen', ' reader', ' is']",2,3,gpt2
screen_reader,2,4,0.2726,screen,reader,A screen reader is,"['<|endoftext|>', 'A', ' screen', ' reader', ' is']",2,3,gpt2
screen_reader,2,5,0.1551,screen,reader,A screen reader is,"['<|endoftext|>', 'A', ' screen', ' reader', ' is']",2,3,gpt2
screen_reader,2,6,0.0889,screen,reader,A screen reader is,"['<|endoftext|>', 'A', ' screen', ' reader', ' is']",2,3,gpt2
screen_reader,2,7,0.1869,screen,reader,A screen reader is,"['<|endoftext|>', 'A', ' screen', ' reader', ' is']",2,3,gpt2
screen_reader,2,8,0.3229,screen,reader,A screen reader is,"['<|endoftext|>', 'A', ' screen', ' reader', ' is']",2,3,gpt2
screen_reader,2,9,0.7532,screen,reader,A screen reader is,"['<|endoftext|>', 'A', ' screen', ' reader', ' is']",2,3,gpt2
screen_reader,2,10,0.2008,screen,reader,A screen reader is,"['<|endoftext|>', 'A', ' screen', ' reader', ' is']",2,3,gpt2
screen_reader,2,11,0.0508,screen,reader,A screen reader is,"['<|endoftext|>', 'A', ' screen', ' reader', ' is']",2,3,gpt2
screen_reader,3,0,0.0004,screen,reader,A screen reader is,"['<|endoftext|>', 'A', ' screen', ' reader', ' is']",2,3,gpt2
screen_reader,3,1,0.04,screen,reader,A screen reader is,"['<|endoftext|>', 'A', ' screen', ' reader', ' is']",2,3,gpt2
screen_reader,3,2,0.0814,screen,reader,A screen reader is,"['<|endoftext|>', 'A', ' screen', ' reader', ' is']",2,3,gpt2
screen_reader,3,3,0.6095,screen,reader,A screen reader is,"['<|endoftext|>', 'A', ' screen', ' reader', ' is']",2,3,gpt2
screen_reader,3,4,0.0156,screen,reader,A screen reader is,"['<|endoftext|>', 'A', ' screen', ' reader', ' is']",2,3,gpt2
screen_reader,3,5,0.0321,screen,reader,A screen reader is,"['<|endoftext|>', 'A', ' screen', ' reader', ' is']",2,3,gpt2
screen_reader,3,6,0.5907,screen,reader,A screen reader is,"['<|endoftext|>', 'A', ' screen', ' reader', ' is']",2,3,gpt2
screen_reader,3,7,0.4178,screen,reader,A screen reader is,"['<|endoftext|>', 'A', ' screen', ' reader', ' is']",2,3,gpt2
screen_reader,3,8,0.1075,screen,reader,A screen reader is,"['<|endoftext|>', 'A', ' screen', ' reader', ' is']",2,3,gpt2
screen_reader,3,9,0.064,screen,reader,A screen reader is,"['<|endoftext|>', 'A', ' screen', ' reader', ' is']",2,3,gpt2
screen_reader,3,10,0.0736,screen,reader,A screen reader is,"['<|endoftext|>', 'A', ' screen', ' reader', ' is']",2,3,gpt2
screen_reader,3,11,0.4943,screen,reader,A screen reader is,"['<|endoftext|>', 'A', ' screen', ' reader', ' is']",2,3,gpt2
screen_reader,4,0,0.0771,screen,reader,A screen reader is,"['<|endoftext|>', 'A', ' screen', ' reader', ' is']",2,3,gpt2
screen_reader,4,1,0.019,screen,reader,A screen reader is,"['<|endoftext|>', 'A', ' screen', ' reader', ' is']",2,3,gpt2
screen_reader,4,2,0.0405,screen,reader,A screen reader is,"['<|endoftext|>', 'A', ' screen', ' reader', ' is']",2,3,gpt2
screen_reader,4,3,0.1478,screen,reader,A screen reader is,"['<|endoftext|>', 'A', ' screen', ' reader', ' is']",2,3,gpt2
screen_reader,4,4,0.0585,screen,reader,A screen reader is,"['<|endoftext|>', 'A', ' screen', ' reader', ' is']",2,3,gpt2
screen_reader,4,5,0.46,screen,reader,A screen reader is,"['<|endoftext|>', 'A', ' screen', ' reader', ' is']",2,3,gpt2
screen_reader,4,6,0.0672,screen,reader,A screen reader is,"['<|endoftext|>', 'A', ' screen', ' reader', ' is']",2,3,gpt2
screen_reader,4,7,0.2213,screen,reader,A screen reader is,"['<|endoftext|>', 'A', ' screen', ' reader', ' is']",2,3,gpt2
screen_reader,4,8,0.0353,screen,reader,A screen reader is,"['<|endoftext|>', 'A', ' screen', ' reader', ' is']",2,3,gpt2
screen_reader,4,9,0.0316,screen,reader,A screen reader is,"['<|endoftext|>', 'A', ' screen', ' reader', ' is']",2,3,gpt2
screen_reader,4,10,0.0099,screen,reader,A screen reader is,"['<|endoftext|>', 'A', ' screen', ' reader', ' is']",2,3,gpt2
screen_reader,4,11,1.0,screen,reader,A screen reader is,"['<|endoftext|>', 'A', ' screen', ' reader', ' is']",2,3,gpt2
screen_reader,5,0,0.0018,screen,reader,A screen reader is,"['<|endoftext|>', 'A', ' screen', ' reader', ' is']",2,3,gpt2
screen_reader,5,1,0.0,screen,reader,A screen reader is,"['<|endoftext|>', 'A', ' screen', ' reader', ' is']",2,3,gpt2
screen_reader,5,2,0.1389,screen,reader,A screen reader is,"['<|endoftext|>', 'A', ' screen', ' reader', ' is']",2,3,gpt2
screen_reader,5,3,0.0895,screen,reader,A screen reader is,"['<|endoftext|>', 'A', ' screen', ' reader', ' is']",2,3,gpt2
screen_reader,5,4,0.043,screen,reader,A screen reader is,"['<|endoftext|>', 'A', ' screen', ' reader', ' is']",2,3,gpt2
screen_reader,5,5,0.0,screen,reader,A screen reader is,"['<|endoftext|>', 'A', ' screen', ' reader', ' is']",2,3,gpt2
screen_reader,5,6,0.3034,screen,reader,A screen reader is,"['<|endoftext|>', 'A', ' screen', ' reader', ' is']",2,3,gpt2
screen_reader,5,7,0.0134,screen,reader,A screen reader is,"['<|endoftext|>', 'A', ' screen', ' reader', ' is']",2,3,gpt2
screen_reader,5,8,0.0032,screen,reader,A screen reader is,"['<|endoftext|>', 'A', ' screen', ' reader', ' is']",2,3,gpt2
screen_reader,5,9,0.0038,screen,reader,A screen reader is,"['<|endoftext|>', 'A', ' screen', ' reader', ' is']",2,3,gpt2
screen_reader,5,10,0.0638,screen,reader,A screen reader is,"['<|endoftext|>', 'A', ' screen', ' reader', ' is']",2,3,gpt2
screen_reader,5,11,0.1463,screen,reader,A screen reader is,"['<|endoftext|>', 'A', ' screen', ' reader', ' is']",2,3,gpt2
screen_reader,6,0,0.1595,screen,reader,A screen reader is,"['<|endoftext|>', 'A', ' screen', ' reader', ' is']",2,3,gpt2
screen_reader,6,1,0.0049,screen,reader,A screen reader is,"['<|endoftext|>', 'A', ' screen', ' reader', ' is']",2,3,gpt2
screen_reader,6,2,0.0045,screen,reader,A screen reader is,"['<|endoftext|>', 'A', ' screen', ' reader', ' is']",2,3,gpt2
screen_reader,6,3,0.0103,screen,reader,A screen reader is,"['<|endoftext|>', 'A', ' screen', ' reader', ' is']",2,3,gpt2
screen_reader,6,4,0.0314,screen,reader,A screen reader is,"['<|endoftext|>', 'A', ' screen', ' reader', ' is']",2,3,gpt2
screen_reader,6,5,0.0296,screen,reader,A screen reader is,"['<|endoftext|>', 'A', ' screen', ' reader', ' is']",2,3,gpt2
screen_reader,6,6,0.0119,screen,reader,A screen reader is,"['<|endoftext|>', 'A', ' screen', ' reader', ' is']",2,3,gpt2
screen_reader,6,7,0.2163,screen,reader,A screen reader is,"['<|endoftext|>', 'A', ' screen', ' reader', ' is']",2,3,gpt2
screen_reader,6,8,0.2596,screen,reader,A screen reader is,"['<|endoftext|>', 'A', ' screen', ' reader', ' is']",2,3,gpt2
screen_reader,6,9,0.0,screen,reader,A screen reader is,"['<|endoftext|>', 'A', ' screen', ' reader', ' is']",2,3,gpt2
screen_reader,6,10,0.008,screen,reader,A screen reader is,"['<|endoftext|>', 'A', ' screen', ' reader', ' is']",2,3,gpt2
screen_reader,6,11,0.033,screen,reader,A screen reader is,"['<|endoftext|>', 'A', ' screen', ' reader', ' is']",2,3,gpt2
screen_reader,7,0,0.3421,screen,reader,A screen reader is,"['<|endoftext|>', 'A', ' screen', ' reader', ' is']",2,3,gpt2
screen_reader,7,1,0.0029,screen,reader,A screen reader is,"['<|endoftext|>', 'A', ' screen', ' reader', ' is']",2,3,gpt2
screen_reader,7,2,0.0,screen,reader,A screen reader is,"['<|endoftext|>', 'A', ' screen', ' reader', ' is']",2,3,gpt2
screen_reader,7,3,0.0262,screen,reader,A screen reader is,"['<|endoftext|>', 'A', ' screen', ' reader', ' is']",2,3,gpt2
screen_reader,7,4,0.0525,screen,reader,A screen reader is,"['<|endoftext|>', 'A', ' screen', ' reader', ' is']",2,3,gpt2
screen_reader,7,5,0.0068,screen,reader,A screen reader is,"['<|endoftext|>', 'A', ' screen', ' reader', ' is']",2,3,gpt2
screen_reader,7,6,0.0308,screen,reader,A screen reader is,"['<|endoftext|>', 'A', ' screen', ' reader', ' is']",2,3,gpt2
screen_reader,7,7,0.0051,screen,reader,A screen reader is,"['<|endoftext|>', 'A', ' screen', ' reader', ' is']",2,3,gpt2
screen_reader,7,8,0.0156,screen,reader,A screen reader is,"['<|endoftext|>', 'A', ' screen', ' reader', ' is']",2,3,gpt2
screen_reader,7,9,0.014,screen,reader,A screen reader is,"['<|endoftext|>', 'A', ' screen', ' reader', ' is']",2,3,gpt2
screen_reader,7,10,0.0001,screen,reader,A screen reader is,"['<|endoftext|>', 'A', ' screen', ' reader', ' is']",2,3,gpt2
screen_reader,7,11,0.0008,screen,reader,A screen reader is,"['<|endoftext|>', 'A', ' screen', ' reader', ' is']",2,3,gpt2
screen_reader,8,0,0.0051,screen,reader,A screen reader is,"['<|endoftext|>', 'A', ' screen', ' reader', ' is']",2,3,gpt2
screen_reader,8,1,0.0003,screen,reader,A screen reader is,"['<|endoftext|>', 'A', ' screen', ' reader', ' is']",2,3,gpt2
screen_reader,8,2,0.0157,screen,reader,A screen reader is,"['<|endoftext|>', 'A', ' screen', ' reader', ' is']",2,3,gpt2
screen_reader,8,3,0.0029,screen,reader,A screen reader is,"['<|endoftext|>', 'A', ' screen', ' reader', ' is']",2,3,gpt2
screen_reader,8,4,0.0378,screen,reader,A screen reader is,"['<|endoftext|>', 'A', ' screen', ' reader', ' is']",2,3,gpt2
screen_reader,8,5,0.0591,screen,reader,A screen reader is,"['<|endoftext|>', 'A', ' screen', ' reader', ' is']",2,3,gpt2
screen_reader,8,6,0.0022,screen,reader,A screen reader is,"['<|endoftext|>', 'A', ' screen', ' reader', ' is']",2,3,gpt2
screen_reader,8,7,0.0605,screen,reader,A screen reader is,"['<|endoftext|>', 'A', ' screen', ' reader', ' is']",2,3,gpt2
screen_reader,8,8,0.015,screen,reader,A screen reader is,"['<|endoftext|>', 'A', ' screen', ' reader', ' is']",2,3,gpt2
screen_reader,8,9,0.041,screen,reader,A screen reader is,"['<|endoftext|>', 'A', ' screen', ' reader', ' is']",2,3,gpt2
screen_reader,8,10,0.02,screen,reader,A screen reader is,"['<|endoftext|>', 'A', ' screen', ' reader', ' is']",2,3,gpt2
screen_reader,8,11,0.0169,screen,reader,A screen reader is,"['<|endoftext|>', 'A', ' screen', ' reader', ' is']",2,3,gpt2
screen_reader,9,0,0.025,screen,reader,A screen reader is,"['<|endoftext|>', 'A', ' screen', ' reader', ' is']",2,3,gpt2
screen_reader,9,1,0.0008,screen,reader,A screen reader is,"['<|endoftext|>', 'A', ' screen', ' reader', ' is']",2,3,gpt2
screen_reader,9,2,0.0094,screen,reader,A screen reader is,"['<|endoftext|>', 'A', ' screen', ' reader', ' is']",2,3,gpt2
screen_reader,9,3,0.1069,screen,reader,A screen reader is,"['<|endoftext|>', 'A', ' screen', ' reader', ' is']",2,3,gpt2
screen_reader,9,4,0.0019,screen,reader,A screen reader is,"['<|endoftext|>', 'A', ' screen', ' reader', ' is']",2,3,gpt2
screen_reader,9,5,0.012,screen,reader,A screen reader is,"['<|endoftext|>', 'A', ' screen', ' reader', ' is']",2,3,gpt2
screen_reader,9,6,0.0024,screen,reader,A screen reader is,"['<|endoftext|>', 'A', ' screen', ' reader', ' is']",2,3,gpt2
screen_reader,9,7,0.0089,screen,reader,A screen reader is,"['<|endoftext|>', 'A', ' screen', ' reader', ' is']",2,3,gpt2
screen_reader,9,8,0.0212,screen,reader,A screen reader is,"['<|endoftext|>', 'A', ' screen', ' reader', ' is']",2,3,gpt2
screen_reader,9,9,0.0033,screen,reader,A screen reader is,"['<|endoftext|>', 'A', ' screen', ' reader', ' is']",2,3,gpt2
screen_reader,9,10,0.0356,screen,reader,A screen reader is,"['<|endoftext|>', 'A', ' screen', ' reader', ' is']",2,3,gpt2
screen_reader,9,11,0.0035,screen,reader,A screen reader is,"['<|endoftext|>', 'A', ' screen', ' reader', ' is']",2,3,gpt2
screen_reader,10,0,0.0306,screen,reader,A screen reader is,"['<|endoftext|>', 'A', ' screen', ' reader', ' is']",2,3,gpt2
screen_reader,10,1,0.0095,screen,reader,A screen reader is,"['<|endoftext|>', 'A', ' screen', ' reader', ' is']",2,3,gpt2
screen_reader,10,2,0.0391,screen,reader,A screen reader is,"['<|endoftext|>', 'A', ' screen', ' reader', ' is']",2,3,gpt2
screen_reader,10,3,0.0125,screen,reader,A screen reader is,"['<|endoftext|>', 'A', ' screen', ' reader', ' is']",2,3,gpt2
screen_reader,10,4,0.0401,screen,reader,A screen reader is,"['<|endoftext|>', 'A', ' screen', ' reader', ' is']",2,3,gpt2
screen_reader,10,5,0.1547,screen,reader,A screen reader is,"['<|endoftext|>', 'A', ' screen', ' reader', ' is']",2,3,gpt2
screen_reader,10,6,0.0029,screen,reader,A screen reader is,"['<|endoftext|>', 'A', ' screen', ' reader', ' is']",2,3,gpt2
screen_reader,10,7,0.0055,screen,reader,A screen reader is,"['<|endoftext|>', 'A', ' screen', ' reader', ' is']",2,3,gpt2
screen_reader,10,8,0.0027,screen,reader,A screen reader is,"['<|endoftext|>', 'A', ' screen', ' reader', ' is']",2,3,gpt2
screen_reader,10,9,0.2912,screen,reader,A screen reader is,"['<|endoftext|>', 'A', ' screen', ' reader', ' is']",2,3,gpt2
screen_reader,10,10,0.0176,screen,reader,A screen reader is,"['<|endoftext|>', 'A', ' screen', ' reader', ' is']",2,3,gpt2
screen_reader,10,11,0.0136,screen,reader,A screen reader is,"['<|endoftext|>', 'A', ' screen', ' reader', ' is']",2,3,gpt2
screen_reader,11,0,0.1724,screen,reader,A screen reader is,"['<|endoftext|>', 'A', ' screen', ' reader', ' is']",2,3,gpt2
screen_reader,11,1,0.0102,screen,reader,A screen reader is,"['<|endoftext|>', 'A', ' screen', ' reader', ' is']",2,3,gpt2
screen_reader,11,2,0.0406,screen,reader,A screen reader is,"['<|endoftext|>', 'A', ' screen', ' reader', ' is']",2,3,gpt2
screen_reader,11,3,0.172,screen,reader,A screen reader is,"['<|endoftext|>', 'A', ' screen', ' reader', ' is']",2,3,gpt2
screen_reader,11,4,0.0377,screen,reader,A screen reader is,"['<|endoftext|>', 'A', ' screen', ' reader', ' is']",2,3,gpt2
screen_reader,11,5,0.0223,screen,reader,A screen reader is,"['<|endoftext|>', 'A', ' screen', ' reader', ' is']",2,3,gpt2
screen_reader,11,6,0.0136,screen,reader,A screen reader is,"['<|endoftext|>', 'A', ' screen', ' reader', ' is']",2,3,gpt2
screen_reader,11,7,0.0201,screen,reader,A screen reader is,"['<|endoftext|>', 'A', ' screen', ' reader', ' is']",2,3,gpt2
screen_reader,11,8,0.4441,screen,reader,A screen reader is,"['<|endoftext|>', 'A', ' screen', ' reader', ' is']",2,3,gpt2
screen_reader,11,9,0.0037,screen,reader,A screen reader is,"['<|endoftext|>', 'A', ' screen', ' reader', ' is']",2,3,gpt2
screen_reader,11,10,0.1385,screen,reader,A screen reader is,"['<|endoftext|>', 'A', ' screen', ' reader', ' is']",2,3,gpt2
screen_reader,11,11,0.0892,screen,reader,A screen reader is,"['<|endoftext|>', 'A', ' screen', ' reader', ' is']",2,3,gpt2
alt_text,0,0,0.0942,alt,text,The purpose of alt text is,"['<|endoftext|>', 'The', ' purpose', ' of', ' alt', ' text', ' is']",4,5,gpt2
alt_text,0,1,0.004,alt,text,The purpose of alt text is,"['<|endoftext|>', 'The', ' purpose', ' of', ' alt', ' text', ' is']",4,5,gpt2
alt_text,0,2,0.0287,alt,text,The purpose of alt text is,"['<|endoftext|>', 'The', ' purpose', ' of', ' alt', ' text', ' is']",4,5,gpt2
alt_text,0,3,0.0098,alt,text,The purpose of alt text is,"['<|endoftext|>', 'The', ' purpose', ' of', ' alt', ' text', ' is']",4,5,gpt2
alt_text,0,4,0.1893,alt,text,The purpose of alt text is,"['<|endoftext|>', 'The', ' purpose', ' of', ' alt', ' text', ' is']",4,5,gpt2
alt_text,0,5,0.0002,alt,text,The purpose of alt text is,"['<|endoftext|>', 'The', ' purpose', ' of', ' alt', ' text', ' is']",4,5,gpt2
alt_text,0,6,0.1764,alt,text,The purpose of alt text is,"['<|endoftext|>', 'The', ' purpose', ' of', ' alt', ' text', ' is']",4,5,gpt2
alt_text,0,7,0.3138,alt,text,The purpose of alt text is,"['<|endoftext|>', 'The', ' purpose', ' of', ' alt', ' text', ' is']",4,5,gpt2
alt_text,0,8,0.0405,alt,text,The purpose of alt text is,"['<|endoftext|>', 'The', ' purpose', ' of', ' alt', ' text', ' is']",4,5,gpt2
alt_text,0,9,0.0655,alt,text,The purpose of alt text is,"['<|endoftext|>', 'The', ' purpose', ' of', ' alt', ' text', ' is']",4,5,gpt2
alt_text,0,10,0.0553,alt,text,The purpose of alt text is,"['<|endoftext|>', 'The', ' purpose', ' of', ' alt', ' text', ' is']",4,5,gpt2
alt_text,0,11,0.1512,alt,text,The purpose of alt text is,"['<|endoftext|>', 'The', ' purpose', ' of', ' alt', ' text', ' is']",4,5,gpt2
alt_text,1,0,0.5152,alt,text,The purpose of alt text is,"['<|endoftext|>', 'The', ' purpose', ' of', ' alt', ' text', ' is']",4,5,gpt2
alt_text,1,1,0.0847,alt,text,The purpose of alt text is,"['<|endoftext|>', 'The', ' purpose', ' of', ' alt', ' text', ' is']",4,5,gpt2
alt_text,1,2,0.1123,alt,text,The purpose of alt text is,"['<|endoftext|>', 'The', ' purpose', ' of', ' alt', ' text', ' is']",4,5,gpt2
alt_text,1,3,0.0896,alt,text,The purpose of alt text is,"['<|endoftext|>', 'The', ' purpose', ' of', ' alt', ' text', ' is']",4,5,gpt2
alt_text,1,4,0.1004,alt,text,The purpose of alt text is,"['<|endoftext|>', 'The', ' purpose', ' of', ' alt', ' text', ' is']",4,5,gpt2
alt_text,1,5,0.0725,alt,text,The purpose of alt text is,"['<|endoftext|>', 'The', ' purpose', ' of', ' alt', ' text', ' is']",4,5,gpt2
alt_text,1,6,0.0068,alt,text,The purpose of alt text is,"['<|endoftext|>', 'The', ' purpose', ' of', ' alt', ' text', ' is']",4,5,gpt2
alt_text,1,7,0.1075,alt,text,The purpose of alt text is,"['<|endoftext|>', 'The', ' purpose', ' of', ' alt', ' text', ' is']",4,5,gpt2
alt_text,1,8,0.0314,alt,text,The purpose of alt text is,"['<|endoftext|>', 'The', ' purpose', ' of', ' alt', ' text', ' is']",4,5,gpt2
alt_text,1,9,0.0217,alt,text,The purpose of alt text is,"['<|endoftext|>', 'The', ' purpose', ' of', ' alt', ' text', ' is']",4,5,gpt2
alt_text,1,10,0.1614,alt,text,The purpose of alt text is,"['<|endoftext|>', 'The', ' purpose', ' of', ' alt', ' text', ' is']",4,5,gpt2
alt_text,1,11,0.005,alt,text,The purpose of alt text is,"['<|endoftext|>', 'The', ' purpose', ' of', ' alt', ' text', ' is']",4,5,gpt2
alt_text,2,0,0.4113,alt,text,The purpose of alt text is,"['<|endoftext|>', 'The', ' purpose', ' of', ' alt', ' text', ' is']",4,5,gpt2
alt_text,2,1,0.0547,alt,text,The purpose of alt text is,"['<|endoftext|>', 'The', ' purpose', ' of', ' alt', ' text', ' is']",4,5,gpt2
alt_text,2,2,0.6482,alt,text,The purpose of alt text is,"['<|endoftext|>', 'The', ' purpose', ' of', ' alt', ' text', ' is']",4,5,gpt2
alt_text,2,3,0.4339,alt,text,The purpose of alt text is,"['<|endoftext|>', 'The', ' purpose', ' of', ' alt', ' text', ' is']",4,5,gpt2
alt_text,2,4,0.3718,alt,text,The purpose of alt text is,"['<|endoftext|>', 'The', ' purpose', ' of', ' alt', ' text', ' is']",4,5,gpt2
alt_text,2,5,0.0836,alt,text,The purpose of alt text is,"['<|endoftext|>', 'The', ' purpose', ' of', ' alt', ' text', ' is']",4,5,gpt2
alt_text,2,6,0.0296,alt,text,The purpose of alt text is,"['<|endoftext|>', 'The', ' purpose', ' of', ' alt', ' text', ' is']",4,5,gpt2
alt_text,2,7,0.1678,alt,text,The purpose of alt text is,"['<|endoftext|>', 'The', ' purpose', ' of', ' alt', ' text', ' is']",4,5,gpt2
alt_text,2,8,0.1769,alt,text,The purpose of alt text is,"['<|endoftext|>', 'The', ' purpose', ' of', ' alt', ' text', ' is']",4,5,gpt2
alt_text,2,9,0.6722,alt,text,The purpose of alt text is,"['<|endoftext|>', 'The', ' purpose', ' of', ' alt', ' text', ' is']",4,5,gpt2
alt_text,2,10,0.0951,alt,text,The purpose of alt text is,"['<|endoftext|>', 'The', ' purpose', ' of', ' alt', ' text', ' is']",4,5,gpt2
alt_text,2,11,0.0464,alt,text,The purpose of alt text is,"['<|endoftext|>', 'The', ' purpose', ' of', ' alt', ' text', ' is']",4,5,gpt2
alt_text,3,0,0.0,alt,text,The purpose of alt text is,"['<|endoftext|>', 'The', ' purpose', ' of', ' alt', ' text', ' is']",4,5,gpt2
alt_text,3,1,0.1084,alt,text,The purpose of alt text is,"['<|endoftext|>', 'The', ' purpose', ' of', ' alt', ' text', ' is']",4,5,gpt2
alt_text,3,2,0.5868,alt,text,The purpose of alt text is,"['<|endoftext|>', 'The', ' purpose', ' of', ' alt', ' text', ' is']",4,5,gpt2
alt_text,3,3,0.1974,alt,text,The purpose of alt text is,"['<|endoftext|>', 'The', ' purpose', ' of', ' alt', ' text', ' is']",4,5,gpt2
alt_text,3,4,0.0045,alt,text,The purpose of alt text is,"['<|endoftext|>', 'The', ' purpose', ' of', ' alt', ' text', ' is']",4,5,gpt2
alt_text,3,5,0.0572,alt,text,The purpose of alt text is,"['<|endoftext|>', 'The', ' purpose', ' of', ' alt', ' text', ' is']",4,5,gpt2
alt_text,3,6,0.7496,alt,text,The purpose of alt text is,"['<|endoftext|>', 'The', ' purpose', ' of', ' alt', ' text', ' is']",4,5,gpt2
alt_text,3,7,0.7932,alt,text,The purpose of alt text is,"['<|endoftext|>', 'The', ' purpose', ' of', ' alt', ' text', ' is']",4,5,gpt2
alt_text,3,8,0.3141,alt,text,The purpose of alt text is,"['<|endoftext|>', 'The', ' purpose', ' of', ' alt', ' text', ' is']",4,5,gpt2
alt_text,3,9,0.1641,alt,text,The purpose of alt text is,"['<|endoftext|>', 'The', ' purpose', ' of', ' alt', ' text', ' is']",4,5,gpt2
alt_text,3,10,0.087,alt,text,The purpose of alt text is,"['<|endoftext|>', 'The', ' purpose', ' of', ' alt', ' text', ' is']",4,5,gpt2
alt_text,3,11,0.8034,alt,text,The purpose of alt text is,"['<|endoftext|>', 'The', ' purpose', ' of', ' alt', ' text', ' is']",4,5,gpt2
alt_text,4,0,0.1263,alt,text,The purpose of alt text is,"['<|endoftext|>', 'The', ' purpose', ' of', ' alt', ' text', ' is']",4,5,gpt2
alt_text,4,1,0.1576,alt,text,The purpose of alt text is,"['<|endoftext|>', 'The', ' purpose', ' of', ' alt', ' text', ' is']",4,5,gpt2
alt_text,4,2,0.0301,alt,text,The purpose of alt text is,"['<|endoftext|>', 'The', ' purpose', ' of', ' alt', ' text', ' is']",4,5,gpt2
alt_text,4,3,0.7233,alt,text,The purpose of alt text is,"['<|endoftext|>', 'The', ' purpose', ' of', ' alt', ' text', ' is']",4,5,gpt2
alt_text,4,4,0.0582,alt,text,The purpose of alt text is,"['<|endoftext|>', 'The', ' purpose', ' of', ' alt', ' text', ' is']",4,5,gpt2
alt_text,4,5,0.3143,alt,text,The purpose of alt text is,"['<|endoftext|>', 'The', ' purpose', ' of', ' alt', ' text', ' is']",4,5,gpt2
alt_text,4,6,0.1299,alt,text,The purpose of alt text is,"['<|endoftext|>', 'The', ' purpose', ' of', ' alt', ' text', ' is']",4,5,gpt2
alt_text,4,7,0.3313,alt,text,The purpose of alt text is,"['<|endoftext|>', 'The', ' purpose', ' of', ' alt', ' text', ' is']",4,5,gpt2
alt_text,4,8,0.0488,alt,text,The purpose of alt text is,"['<|endoftext|>', 'The', ' purpose', ' of', ' alt', ' text', ' is']",4,5,gpt2
alt_text,4,9,0.2127,alt,text,The purpose of alt text is,"['<|endoftext|>', 'The', ' purpose', ' of', ' alt', ' text', ' is']",4,5,gpt2
alt_text,4,10,0.0008,alt,text,The purpose of alt text is,"['<|endoftext|>', 'The', ' purpose', ' of', ' alt', ' text', ' is']",4,5,gpt2
alt_text,4,11,1.0,alt,text,The purpose of alt text is,"['<|endoftext|>', 'The', ' purpose', ' of', ' alt', ' text', ' is']",4,5,gpt2
alt_text,5,0,0.0019,alt,text,The purpose of alt text is,"['<|endoftext|>', 'The', ' purpose', ' of', ' alt', ' text', ' is']",4,5,gpt2
alt_text,5,1,0.0,alt,text,The purpose of alt text is,"['<|endoftext|>', 'The', ' purpose', ' of', ' alt', ' text', ' is']",4,5,gpt2
alt_text,5,2,0.1961,alt,text,The purpose of alt text is,"['<|endoftext|>', 'The', ' purpose', ' of', ' alt', ' text', ' is']",4,5,gpt2
alt_text,5,3,0.0482,alt,text,The purpose of alt text is,"['<|endoftext|>', 'The', ' purpose', ' of', ' alt', ' text', ' is']",4,5,gpt2
alt_text,5,4,0.1923,alt,text,The purpose of alt text is,"['<|endoftext|>', 'The', ' purpose', ' of', ' alt', ' text', ' is']",4,5,gpt2
alt_text,5,5,0.002,alt,text,The purpose of alt text is,"['<|endoftext|>', 'The', ' purpose', ' of', ' alt', ' text', ' is']",4,5,gpt2
alt_text,5,6,0.4446,alt,text,The purpose of alt text is,"['<|endoftext|>', 'The', ' purpose', ' of', ' alt', ' text', ' is']",4,5,gpt2
alt_text,5,7,0.3339,alt,text,The purpose of alt text is,"['<|endoftext|>', 'The', ' purpose', ' of', ' alt', ' text', ' is']",4,5,gpt2
alt_text,5,8,0.0193,alt,text,The purpose of alt text is,"['<|endoftext|>', 'The', ' purpose', ' of', ' alt', ' text', ' is']",4,5,gpt2
alt_text,5,9,0.0123,alt,text,The purpose of alt text is,"['<|endoftext|>', 'The', ' purpose', ' of', ' alt', ' text', ' is']",4,5,gpt2
alt_text,5,10,0.0657,alt,text,The purpose of alt text is,"['<|endoftext|>', 'The', ' purpose', ' of', ' alt', ' text', ' is']",4,5,gpt2
alt_text,5,11,0.0225,alt,text,The purpose of alt text is,"['<|endoftext|>', 'The', ' purpose', ' of', ' alt', ' text', ' is']",4,5,gpt2
alt_text,6,0,0.2582,alt,text,The purpose of alt text is,"['<|endoftext|>', 'The', ' purpose', ' of', ' alt', ' text', ' is']",4,5,gpt2
alt_text,6,1,0.1753,alt,text,The purpose of alt text is,"['<|endoftext|>', 'The', ' purpose', ' of', ' alt', ' text', ' is']",4,5,gpt2
alt_text,6,2,0.0068,alt,text,The purpose of alt text is,"['<|endoftext|>', 'The', ' purpose', ' of', ' alt', ' text', ' is']",4,5,gpt2
alt_text,6,3,0.0225,alt,text,The purpose of alt text is,"['<|endoftext|>', 'The', ' purpose', ' of', ' alt', ' text', ' is']",4,5,gpt2
alt_text,6,4,0.0325,alt,text,The purpose of alt text is,"['<|endoftext|>', 'The', ' purpose', ' of', ' alt', ' text', ' is']",4,5,gpt2
alt_text,6,5,0.0462,alt,text,The purpose of alt text is,"['<|endoftext|>', 'The', ' purpose', ' of', ' alt', ' text', ' is']",4,5,gpt2
alt_text,6,6,0.0163,alt,text,The purpose of alt text is,"['<|endoftext|>', 'The', ' purpose', ' of', ' alt', ' text', ' is']",4,5,gpt2
alt_text,6,7,0.1578,alt,text,The purpose of alt text is,"['<|endoftext|>', 'The', ' purpose', ' of', ' alt', ' text', ' is']",4,5,gpt2
alt_text,6,8,0.3549,alt,text,The purpose of alt text is,"['<|endoftext|>', 'The', ' purpose', ' of', ' alt', ' text', ' is']",4,5,gpt2
alt_text,6,9,0.0004,alt,text,The purpose of alt text is,"['<|endoftext|>', 'The', ' purpose', ' of', ' alt', ' text', ' is']",4,5,gpt2
alt_text,6,10,0.0079,alt,text,The purpose of alt text is,"['<|endoftext|>', 'The', ' purpose', ' of', ' alt', ' text', ' is']",4,5,gpt2
alt_text,6,11,0.1296,alt,text,The purpose of alt text is,"['<|endoftext|>', 'The', ' purpose', ' of', ' alt', ' text', ' is']",4,5,gpt2
alt_text,7,0,0.5078,alt,text,The purpose of alt text is,"['<|endoftext|>', 'The', ' purpose', ' of', ' alt', ' text', ' is']",4,5,gpt2
alt_text,7,1,0.0135,alt,text,The purpose of alt text is,"['<|endoftext|>', 'The', ' purpose', ' of', ' alt', ' text', ' is']",4,5,gpt2
alt_text,7,2,0.0002,alt,text,The purpose of alt text is,"['<|endoftext|>', 'The', ' purpose', ' of', ' alt', ' text', ' is']",4,5,gpt2
alt_text,7,3,0.0677,alt,text,The purpose of alt text is,"['<|endoftext|>', 'The', ' purpose', ' of', ' alt', ' text', ' is']",4,5,gpt2
alt_text,7,4,0.1026,alt,text,The purpose of alt text is,"['<|endoftext|>', 'The', ' purpose', ' of', ' alt', ' text', ' is']",4,5,gpt2
alt_text,7,5,0.0132,alt,text,The purpose of alt text is,"['<|endoftext|>', 'The', ' purpose', ' of', ' alt', ' text', ' is']",4,5,gpt2
alt_text,7,6,0.0173,alt,text,The purpose of alt text is,"['<|endoftext|>', 'The', ' purpose', ' of', ' alt', ' text', ' is']",4,5,gpt2
alt_text,7,7,0.006,alt,text,The purpose of alt text is,"['<|endoftext|>', 'The', ' purpose', ' of', ' alt', ' text', ' is']",4,5,gpt2
alt_text,7,8,0.2091,alt,text,The purpose of alt text is,"['<|endoftext|>', 'The', ' purpose', ' of', ' alt', ' text', ' is']",4,5,gpt2
alt_text,7,9,0.0183,alt,text,The purpose of alt text is,"['<|endoftext|>', 'The', ' purpose', ' of', ' alt', ' text', ' is']",4,5,gpt2
alt_text,7,10,0.0026,alt,text,The purpose of alt text is,"['<|endoftext|>', 'The', ' purpose', ' of', ' alt', ' text', ' is']",4,5,gpt2
alt_text,7,11,0.0027,alt,text,The purpose of alt text is,"['<|endoftext|>', 'The', ' purpose', ' of', ' alt', ' text', ' is']",4,5,gpt2
alt_text,8,0,0.011,alt,text,The purpose of alt text is,"['<|endoftext|>', 'The', ' purpose', ' of', ' alt', ' text', ' is']",4,5,gpt2
alt_text,8,1,0.001,alt,text,The purpose of alt text is,"['<|endoftext|>', 'The', ' purpose', ' of', ' alt', ' text', ' is']",4,5,gpt2
alt_text,8,2,0.0102,alt,text,The purpose of alt text is,"['<|endoftext|>', 'The', ' purpose', ' of', ' alt', ' text', ' is']",4,5,gpt2
alt_text,8,3,0.0133,alt,text,The purpose of alt text is,"['<|endoftext|>', 'The', ' purpose', ' of', ' alt', ' text', ' is']",4,5,gpt2
alt_text,8,4,0.0477,alt,text,The purpose of alt text is,"['<|endoftext|>', 'The', ' purpose', ' of', ' alt', ' text', ' is']",4,5,gpt2
alt_text,8,5,0.0374,alt,text,The purpose of alt text is,"['<|endoftext|>', 'The', ' purpose', ' of', ' alt', ' text', ' is']",4,5,gpt2
alt_text,8,6,0.0243,alt,text,The purpose of alt text is,"['<|endoftext|>', 'The', ' purpose', ' of', ' alt', ' text', ' is']",4,5,gpt2
alt_text,8,7,0.1499,alt,text,The purpose of alt text is,"['<|endoftext|>', 'The', ' purpose', ' of', ' alt', ' text', ' is']",4,5,gpt2
alt_text,8,8,0.0847,alt,text,The purpose of alt text is,"['<|endoftext|>', 'The', ' purpose', ' of', ' alt', ' text', ' is']",4,5,gpt2
alt_text,8,9,0.0452,alt,text,The purpose of alt text is,"['<|endoftext|>', 'The', ' purpose', ' of', ' alt', ' text', ' is']",4,5,gpt2
alt_text,8,10,0.0289,alt,text,The purpose of alt text is,"['<|endoftext|>', 'The', ' purpose', ' of', ' alt', ' text', ' is']",4,5,gpt2
alt_text,8,11,0.034,alt,text,The purpose of alt text is,"['<|endoftext|>', 'The', ' purpose', ' of', ' alt', ' text', ' is']",4,5,gpt2
alt_text,9,0,0.023,alt,text,The purpose of alt text is,"['<|endoftext|>', 'The', ' purpose', ' of', ' alt', ' text', ' is']",4,5,gpt2
alt_text,9,1,0.002,alt,text,The purpose of alt text is,"['<|endoftext|>', 'The', ' purpose', ' of', ' alt', ' text', ' is']",4,5,gpt2
alt_text,9,2,0.0561,alt,text,The purpose of alt text is,"['<|endoftext|>', 'The', ' purpose', ' of', ' alt', ' text', ' is']",4,5,gpt2
alt_text,9,3,0.2116,alt,text,The purpose of alt text is,"['<|endoftext|>', 'The', ' purpose', ' of', ' alt', ' text', ' is']",4,5,gpt2
alt_text,9,4,0.0122,alt,text,The purpose of alt text is,"['<|endoftext|>', 'The', ' purpose', ' of', ' alt', ' text', ' is']",4,5,gpt2
alt_text,9,5,0.0064,alt,text,The purpose of alt text is,"['<|endoftext|>', 'The', ' purpose', ' of', ' alt', ' text', ' is']",4,5,gpt2
alt_text,9,6,0.0169,alt,text,The purpose of alt text is,"['<|endoftext|>', 'The', ' purpose', ' of', ' alt', ' text', ' is']",4,5,gpt2
alt_text,9,7,0.0189,alt,text,The purpose of alt text is,"['<|endoftext|>', 'The', ' purpose', ' of', ' alt', ' text', ' is']",4,5,gpt2
alt_text,9,8,0.0233,alt,text,The purpose of alt text is,"['<|endoftext|>', 'The', ' purpose', ' of', ' alt', ' text', ' is']",4,5,gpt2
alt_text,9,9,0.0079,alt,text,The purpose of alt text is,"['<|endoftext|>', 'The', ' purpose', ' of', ' alt', ' text', ' is']",4,5,gpt2
alt_text,9,10,0.0572,alt,text,The purpose of alt text is,"['<|endoftext|>', 'The', ' purpose', ' of', ' alt', ' text', ' is']",4,5,gpt2
alt_text,9,11,0.0032,alt,text,The purpose of alt text is,"['<|endoftext|>', 'The', ' purpose', ' of', ' alt', ' text', ' is']",4,5,gpt2
alt_text,10,0,0.0488,alt,text,The purpose of alt text is,"['<|endoftext|>', 'The', ' purpose', ' of', ' alt', ' text', ' is']",4,5,gpt2
alt_text,10,1,0.1227,alt,text,The purpose of alt text is,"['<|endoftext|>', 'The', ' purpose', ' of', ' alt', ' text', ' is']",4,5,gpt2
alt_text,10,2,0.0084,alt,text,The purpose of alt text is,"['<|endoftext|>', 'The', ' purpose', ' of', ' alt', ' text', ' is']",4,5,gpt2
alt_text,10,3,0.0431,alt,text,The purpose of alt text is,"['<|endoftext|>', 'The', ' purpose', ' of', ' alt', ' text', ' is']",4,5,gpt2
alt_text,10,4,0.044,alt,text,The purpose of alt text is,"['<|endoftext|>', 'The', ' purpose', ' of', ' alt', ' text', ' is']",4,5,gpt2
alt_text,10,5,0.0177,alt,text,The purpose of alt text is,"['<|endoftext|>', 'The', ' purpose', ' of', ' alt', ' text', ' is']",4,5,gpt2
alt_text,10,6,0.0269,alt,text,The purpose of alt text is,"['<|endoftext|>', 'The', ' purpose', ' of', ' alt', ' text', ' is']",4,5,gpt2
alt_text,10,7,0.0225,alt,text,The purpose of alt text is,"['<|endoftext|>', 'The', ' purpose', ' of', ' alt', ' text', ' is']",4,5,gpt2
alt_text,10,8,0.0092,alt,text,The purpose of alt text is,"['<|endoftext|>', 'The', ' purpose', ' of', ' alt', ' text', ' is']",4,5,gpt2
alt_text,10,9,0.2849,alt,text,The purpose of alt text is,"['<|endoftext|>', 'The', ' purpose', ' of', ' alt', ' text', ' is']",4,5,gpt2
alt_text,10,10,0.0338,alt,text,The purpose of alt text is,"['<|endoftext|>', 'The', ' purpose', ' of', ' alt', ' text', ' is']",4,5,gpt2
alt_text,10,11,0.0606,alt,text,The purpose of alt text is,"['<|endoftext|>', 'The', ' purpose', ' of', ' alt', ' text', ' is']",4,5,gpt2
alt_text,11,0,0.0624,alt,text,The purpose of alt text is,"['<|endoftext|>', 'The', ' purpose', ' of', ' alt', ' text', ' is']",4,5,gpt2
alt_text,11,1,0.0881,alt,text,The purpose of alt text is,"['<|endoftext|>', 'The', ' purpose', ' of', ' alt', ' text', ' is']",4,5,gpt2
alt_text,11,2,0.038,alt,text,The purpose of alt text is,"['<|endoftext|>', 'The', ' purpose', ' of', ' alt', ' text', ' is']",4,5,gpt2
alt_text,11,3,0.0859,alt,text,The purpose of alt text is,"['<|endoftext|>', 'The', ' purpose', ' of', ' alt', ' text', ' is']",4,5,gpt2
alt_text,11,4,0.0483,alt,text,The purpose of alt text is,"['<|endoftext|>', 'The', ' purpose', ' of', ' alt', ' text', ' is']",4,5,gpt2
alt_text,11,5,0.0025,alt,text,The purpose of alt text is,"['<|endoftext|>', 'The', ' purpose', ' of', ' alt', ' text', ' is']",4,5,gpt2
alt_text,11,6,0.0418,alt,text,The purpose of alt text is,"['<|endoftext|>', 'The', ' purpose', ' of', ' alt', ' text', ' is']",4,5,gpt2
alt_text,11,7,0.0166,alt,text,The purpose of alt text is,"['<|endoftext|>', 'The', ' purpose', ' of', ' alt', ' text', ' is']",4,5,gpt2
alt_text,11,8,0.32,alt,text,The purpose of alt text is,"['<|endoftext|>', 'The', ' purpose', ' of', ' alt', ' text', ' is']",4,5,gpt2
alt_text,11,9,0.0129,alt,text,The purpose of alt text is,"['<|endoftext|>', 'The', ' purpose', ' of', ' alt', ' text', ' is']",4,5,gpt2
alt_text,11,10,0.1429,alt,text,The purpose of alt text is,"['<|endoftext|>', 'The', ' purpose', ' of', ' alt', ' text', ' is']",4,5,gpt2
alt_text,11,11,0.0479,alt,text,The purpose of alt text is,"['<|endoftext|>', 'The', ' purpose', ' of', ' alt', ' text', ' is']",4,5,gpt2
skip_link,0,0,0.0849,skip,link,A skip link is,"['<|endoftext|>', 'A', ' skip', ' link', ' is']",2,3,gpt2
skip_link,0,1,0.0014,skip,link,A skip link is,"['<|endoftext|>', 'A', ' skip', ' link', ' is']",2,3,gpt2
skip_link,0,2,0.1288,skip,link,A skip link is,"['<|endoftext|>', 'A', ' skip', ' link', ' is']",2,3,gpt2
skip_link,0,3,0.0062,skip,link,A skip link is,"['<|endoftext|>', 'A', ' skip', ' link', ' is']",2,3,gpt2
skip_link,0,4,0.0379,skip,link,A skip link is,"['<|endoftext|>', 'A', ' skip', ' link', ' is']",2,3,gpt2
skip_link,0,5,0.0001,skip,link,A skip link is,"['<|endoftext|>', 'A', ' skip', ' link', ' is']",2,3,gpt2
skip_link,0,6,0.1505,skip,link,A skip link is,"['<|endoftext|>', 'A', ' skip', ' link', ' is']",2,3,gpt2
skip_link,0,7,0.2649,skip,link,A skip link is,"['<|endoftext|>', 'A', ' skip', ' link', ' is']",2,3,gpt2
skip_link,0,8,0.147,skip,link,A skip link is,"['<|endoftext|>', 'A', ' skip', ' link', ' is']",2,3,gpt2
skip_link,0,9,0.0756,skip,link,A skip link is,"['<|endoftext|>', 'A', ' skip', ' link', ' is']",2,3,gpt2
skip_link,0,10,0.0553,skip,link,A skip link is,"['<|endoftext|>', 'A', ' skip', ' link', ' is']",2,3,gpt2
skip_link,0,11,0.1093,skip,link,A skip link is,"['<|endoftext|>', 'A', ' skip', ' link', ' is']",2,3,gpt2
skip_link,1,0,0.6195,skip,link,A skip link is,"['<|endoftext|>', 'A', ' skip', ' link', ' is']",2,3,gpt2
skip_link,1,1,0.0946,skip,link,A skip link is,"['<|endoftext|>', 'A', ' skip', ' link', ' is']",2,3,gpt2
skip_link,1,2,0.0993,skip,link,A skip link is,"['<|endoftext|>', 'A', ' skip', ' link', ' is']",2,3,gpt2
skip_link,1,3,0.1726,skip,link,A skip link is,"['<|endoftext|>', 'A', ' skip', ' link', ' is']",2,3,gpt2
skip_link,1,4,0.1183,skip,link,A skip link is,"['<|endoftext|>', 'A', ' skip', ' link', ' is']",2,3,gpt2
skip_link,1,5,0.0743,skip,link,A skip link is,"['<|endoftext|>', 'A', ' skip', ' link', ' is']",2,3,gpt2
skip_link,1,6,0.0619,skip,link,A skip link is,"['<|endoftext|>', 'A', ' skip', ' link', ' is']",2,3,gpt2
skip_link,1,7,0.1385,skip,link,A skip link is,"['<|endoftext|>', 'A', ' skip', ' link', ' is']",2,3,gpt2
skip_link,1,8,0.0628,skip,link,A skip link is,"['<|endoftext|>', 'A', ' skip', ' link', ' is']",2,3,gpt2
skip_link,1,9,0.0083,skip,link,A skip link is,"['<|endoftext|>', 'A', ' skip', ' link', ' is']",2,3,gpt2
skip_link,1,10,0.3849,skip,link,A skip link is,"['<|endoftext|>', 'A', ' skip', ' link', ' is']",2,3,gpt2
skip_link,1,11,0.0068,skip,link,A skip link is,"['<|endoftext|>', 'A', ' skip', ' link', ' is']",2,3,gpt2
skip_link,2,0,0.5295,skip,link,A skip link is,"['<|endoftext|>', 'A', ' skip', ' link', ' is']",2,3,gpt2
skip_link,2,1,0.0554,skip,link,A skip link is,"['<|endoftext|>', 'A', ' skip', ' link', ' is']",2,3,gpt2
skip_link,2,2,0.5601,skip,link,A skip link is,"['<|endoftext|>', 'A', ' skip', ' link', ' is']",2,3,gpt2
skip_link,2,3,0.207,skip,link,A skip link is,"['<|endoftext|>', 'A', ' skip', ' link', ' is']",2,3,gpt2
skip_link,2,4,0.4325,skip,link,A skip link is,"['<|endoftext|>', 'A', ' skip', ' link', ' is']",2,3,gpt2
skip_link,2,5,0.2878,skip,link,A skip link is,"['<|endoftext|>', 'A', ' skip', ' link', ' is']",2,3,gpt2
skip_link,2,6,0.0459,skip,link,A skip link is,"['<|endoftext|>', 'A', ' skip', ' link', ' is']",2,3,gpt2
skip_link,2,7,0.1693,skip,link,A skip link is,"['<|endoftext|>', 'A', ' skip', ' link', ' is']",2,3,gpt2
skip_link,2,8,0.7123,skip,link,A skip link is,"['<|endoftext|>', 'A', ' skip', ' link', ' is']",2,3,gpt2
skip_link,2,9,0.7165,skip,link,A skip link is,"['<|endoftext|>', 'A', ' skip', ' link', ' is']",2,3,gpt2
skip_link,2,10,0.2044,skip,link,A skip link is,"['<|endoftext|>', 'A', ' skip', ' link', ' is']",2,3,gpt2
skip_link,2,11,0.0624,skip,link,A skip link is,"['<|endoftext|>', 'A', ' skip', ' link', ' is']",2,3,gpt2
skip_link,3,0,0.0001,skip,link,A skip link is,"['<|endoftext|>', 'A', ' skip', ' link', ' is']",2,3,gpt2
skip_link,3,1,0.0457,skip,link,A skip link is,"['<|endoftext|>', 'A', ' skip', ' link', ' is']",2,3,gpt2
skip_link,3,2,0.1157,skip,link,A skip link is,"['<|endoftext|>', 'A', ' skip', ' link', ' is']",2,3,gpt2
skip_link,3,3,0.216,skip,link,A skip link is,"['<|endoftext|>', 'A', ' skip', ' link', ' is']",2,3,gpt2
skip_link,3,4,0.008,skip,link,A skip link is,"['<|endoftext|>', 'A', ' skip', ' link', ' is']",2,3,gpt2
skip_link,3,5,0.2166,skip,link,A skip link is,"['<|endoftext|>', 'A', ' skip', ' link', ' is']",2,3,gpt2
skip_link,3,6,0.6551,skip,link,A skip link is,"['<|endoftext|>', 'A', ' skip', ' link', ' is']",2,3,gpt2
skip_link,3,7,0.8811,skip,link,A skip link is,"['<|endoftext|>', 'A', ' skip', ' link', ' is']",2,3,gpt2
skip_link,3,8,0.1263,skip,link,A skip link is,"['<|endoftext|>', 'A', ' skip', ' link', ' is']",2,3,gpt2
skip_link,3,9,0.1433,skip,link,A skip link is,"['<|endoftext|>', 'A', ' skip', ' link', ' is']",2,3,gpt2
skip_link,3,10,0.0547,skip,link,A skip link is,"['<|endoftext|>', 'A', ' skip', ' link', ' is']",2,3,gpt2
skip_link,3,11,0.6362,skip,link,A skip link is,"['<|endoftext|>', 'A', ' skip', ' link', ' is']",2,3,gpt2
skip_link,4,0,0.116,skip,link,A skip link is,"['<|endoftext|>', 'A', ' skip', ' link', ' is']",2,3,gpt2
skip_link,4,1,0.026,skip,link,A skip link is,"['<|endoftext|>', 'A', ' skip', ' link', ' is']",2,3,gpt2
skip_link,4,2,0.1955,skip,link,A skip link is,"['<|endoftext|>', 'A', ' skip', ' link', ' is']",2,3,gpt2
skip_link,4,3,0.3909,skip,link,A skip link is,"['<|endoftext|>', 'A', ' skip', ' link', ' is']",2,3,gpt2
skip_link,4,4,0.1387,skip,link,A skip link is,"['<|endoftext|>', 'A', ' skip', ' link', ' is']",2,3,gpt2
skip_link,4,5,0.1395,skip,link,A skip link is,"['<|endoftext|>', 'A', ' skip', ' link', ' is']",2,3,gpt2
skip_link,4,6,0.1297,skip,link,A skip link is,"['<|endoftext|>', 'A', ' skip', ' link', ' is']",2,3,gpt2
skip_link,4,7,0.3836,skip,link,A skip link is,"['<|endoftext|>', 'A', ' skip', ' link', ' is']",2,3,gpt2
skip_link,4,8,0.008,skip,link,A skip link is,"['<|endoftext|>', 'A', ' skip', ' link', ' is']",2,3,gpt2
skip_link,4,9,0.1264,skip,link,A skip link is,"['<|endoftext|>', 'A', ' skip', ' link', ' is']",2,3,gpt2
skip_link,4,10,0.0165,skip,link,A skip link is,"['<|endoftext|>', 'A', ' skip', ' link', ' is']",2,3,gpt2
skip_link,4,11,0.9977,skip,link,A skip link is,"['<|endoftext|>', 'A', ' skip', ' link', ' is']",2,3,gpt2
skip_link,5,0,0.0002,skip,link,A skip link is,"['<|endoftext|>', 'A', ' skip', ' link', ' is']",2,3,gpt2
skip_link,5,1,0.0,skip,link,A skip link is,"['<|endoftext|>', 'A', ' skip', ' link', ' is']",2,3,gpt2
skip_link,5,2,0.4835,skip,link,A skip link is,"['<|endoftext|>', 'A', ' skip', ' link', ' is']",2,3,gpt2
skip_link,5,3,0.1546,skip,link,A skip link is,"['<|endoftext|>', 'A', ' skip', ' link', ' is']",2,3,gpt2
skip_link,5,4,0.0993,skip,link,A skip link is,"['<|endoftext|>', 'A', ' skip', ' link', ' is']",2,3,gpt2
skip_link,5,5,0.0005,skip,link,A skip link is,"['<|endoftext|>', 'A', ' skip', ' link', ' is']",2,3,gpt2
skip_link,5,6,0.7587,skip,link,A skip link is,"['<|endoftext|>', 'A', ' skip', ' link', ' is']",2,3,gpt2
skip_link,5,7,0.037,skip,link,A skip link is,"['<|endoftext|>', 'A', ' skip', ' link', ' is']",2,3,gpt2
skip_link,5,8,0.0057,skip,link,A skip link is,"['<|endoftext|>', 'A', ' skip', ' link', ' is']",2,3,gpt2
skip_link,5,9,0.01,skip,link,A skip link is,"['<|endoftext|>', 'A', ' skip', ' link', ' is']",2,3,gpt2
skip_link,5,10,0.0572,skip,link,A skip link is,"['<|endoftext|>', 'A', ' skip', ' link', ' is']",2,3,gpt2
skip_link,5,11,0.0163,skip,link,A skip link is,"['<|endoftext|>', 'A', ' skip', ' link', ' is']",2,3,gpt2
skip_link,6,0,0.1331,skip,link,A skip link is,"['<|endoftext|>', 'A', ' skip', ' link', ' is']",2,3,gpt2
skip_link,6,1,0.1818,skip,link,A skip link is,"['<|endoftext|>', 'A', ' skip', ' link', ' is']",2,3,gpt2
skip_link,6,2,0.0066,skip,link,A skip link is,"['<|endoftext|>', 'A', ' skip', ' link', ' is']",2,3,gpt2
skip_link,6,3,0.0207,skip,link,A skip link is,"['<|endoftext|>', 'A', ' skip', ' link', ' is']",2,3,gpt2
skip_link,6,4,0.1004,skip,link,A skip link is,"['<|endoftext|>', 'A', ' skip', ' link', ' is']",2,3,gpt2
skip_link,6,5,0.0898,skip,link,A skip link is,"['<|endoftext|>', 'A', ' skip', ' link', ' is']",2,3,gpt2
skip_link,6,6,0.0355,skip,link,A skip link is,"['<|endoftext|>', 'A', ' skip', ' link', ' is']",2,3,gpt2
skip_link,6,7,0.4024,skip,link,A skip link is,"['<|endoftext|>', 'A', ' skip', ' link', ' is']",2,3,gpt2
skip_link,6,8,0.6957,skip,link,A skip link is,"['<|endoftext|>', 'A', ' skip', ' link', ' is']",2,3,gpt2
skip_link,6,9,0.0,skip,link,A skip link is,"['<|endoftext|>', 'A', ' skip', ' link', ' is']",2,3,gpt2
skip_link,6,10,0.0037,skip,link,A skip link is,"['<|endoftext|>', 'A', ' skip', ' link', ' is']",2,3,gpt2
skip_link,6,11,0.1798,skip,link,A skip link is,"['<|endoftext|>', 'A', ' skip', ' link', ' is']",2,3,gpt2
skip_link,7,0,0.1806,skip,link,A skip link is,"['<|endoftext|>', 'A', ' skip', ' link', ' is']",2,3,gpt2
skip_link,7,1,0.0021,skip,link,A skip link is,"['<|endoftext|>', 'A', ' skip', ' link', ' is']",2,3,gpt2
skip_link,7,2,0.0,skip,link,A skip link is,"['<|endoftext|>', 'A', ' skip', ' link', ' is']",2,3,gpt2
skip_link,7,3,0.0156,skip,link,A skip link is,"['<|endoftext|>', 'A', ' skip', ' link', ' is']",2,3,gpt2
skip_link,7,4,0.0908,skip,link,A skip link is,"['<|endoftext|>', 'A', ' skip', ' link', ' is']",2,3,gpt2
skip_link,7,5,0.0084,skip,link,A skip link is,"['<|endoftext|>', 'A', ' skip', ' link', ' is']",2,3,gpt2
skip_link,7,6,0.0187,skip,link,A skip link is,"['<|endoftext|>', 'A', ' skip', ' link', ' is']",2,3,gpt2
skip_link,7,7,0.0037,skip,link,A skip link is,"['<|endoftext|>', 'A', ' skip', ' link', ' is']",2,3,gpt2
skip_link,7,8,0.0901,skip,link,A skip link is,"['<|endoftext|>', 'A', ' skip', ' link', ' is']",2,3,gpt2
skip_link,7,9,0.0056,skip,link,A skip link is,"['<|endoftext|>', 'A', ' skip', ' link', ' is']",2,3,gpt2
skip_link,7,10,0.0005,skip,link,A skip link is,"['<|endoftext|>', 'A', ' skip', ' link', ' is']",2,3,gpt2
skip_link,7,11,0.0016,skip,link,A skip link is,"['<|endoftext|>', 'A', ' skip', ' link', ' is']",2,3,gpt2
skip_link,8,0,0.0339,skip,link,A skip link is,"['<|endoftext|>', 'A', ' skip', ' link', ' is']",2,3,gpt2
skip_link,8,1,0.0026,skip,link,A skip link is,"['<|endoftext|>', 'A', ' skip', ' link', ' is']",2,3,gpt2
skip_link,8,2,0.0209,skip,link,A skip link is,"['<|endoftext|>', 'A', ' skip', ' link', ' is']",2,3,gpt2
skip_link,8,3,0.0088,skip,link,A skip link is,"['<|endoftext|>', 'A', ' skip', ' link', ' is']",2,3,gpt2
skip_link,8,4,0.0326,skip,link,A skip link is,"['<|endoftext|>', 'A', ' skip', ' link', ' is']",2,3,gpt2
skip_link,8,5,0.075,skip,link,A skip link is,"['<|endoftext|>', 'A', ' skip', ' link', ' is']",2,3,gpt2
skip_link,8,6,0.0119,skip,link,A skip link is,"['<|endoftext|>', 'A', ' skip', ' link', ' is']",2,3,gpt2
skip_link,8,7,0.1744,skip,link,A skip link is,"['<|endoftext|>', 'A', ' skip', ' link', ' is']",2,3,gpt2
skip_link,8,8,0.1171,skip,link,A skip link is,"['<|endoftext|>', 'A', ' skip', ' link', ' is']",2,3,gpt2
skip_link,8,9,0.0412,skip,link,A skip link is,"['<|endoftext|>', 'A', ' skip', ' link', ' is']",2,3,gpt2
skip_link,8,10,0.0237,skip,link,A skip link is,"['<|endoftext|>', 'A', ' skip', ' link', ' is']",2,3,gpt2
skip_link,8,11,0.0323,skip,link,A skip link is,"['<|endoftext|>', 'A', ' skip', ' link', ' is']",2,3,gpt2
skip_link,9,0,0.049,skip,link,A skip link is,"['<|endoftext|>', 'A', ' skip', ' link', ' is']",2,3,gpt2
skip_link,9,1,0.0034,skip,link,A skip link is,"['<|endoftext|>', 'A', ' skip', ' link', ' is']",2,3,gpt2
skip_link,9,2,0.0354,skip,link,A skip link is,"['<|endoftext|>', 'A', ' skip', ' link', ' is']",2,3,gpt2
skip_link,9,3,0.114,skip,link,A skip link is,"['<|endoftext|>', 'A', ' skip', ' link', ' is']",2,3,gpt2
skip_link,9,4,0.0097,skip,link,A skip link is,"['<|endoftext|>', 'A', ' skip', ' link', ' is']",2,3,gpt2
skip_link,9,5,0.0036,skip,link,A skip link is,"['<|endoftext|>', 'A', ' skip', ' link', ' is']",2,3,gpt2
skip_link,9,6,0.0162,skip,link,A skip link is,"['<|endoftext|>', 'A', ' skip', ' link', ' is']",2,3,gpt2
skip_link,9,7,0.0166,skip,link,A skip link is,"['<|endoftext|>', 'A', ' skip', ' link', ' is']",2,3,gpt2
skip_link,9,8,0.0093,skip,link,A skip link is,"['<|endoftext|>', 'A', ' skip', ' link', ' is']",2,3,gpt2
skip_link,9,9,0.0109,skip,link,A skip link is,"['<|endoftext|>', 'A', ' skip', ' link', ' is']",2,3,gpt2
skip_link,9,10,0.0697,skip,link,A skip link is,"['<|endoftext|>', 'A', ' skip', ' link', ' is']",2,3,gpt2
skip_link,9,11,0.0022,skip,link,A skip link is,"['<|endoftext|>', 'A', ' skip', ' link', ' is']",2,3,gpt2
skip_link,10,0,0.0238,skip,link,A skip link is,"['<|endoftext|>', 'A', ' skip', ' link', ' is']",2,3,gpt2
skip_link,10,1,0.0357,skip,link,A skip link is,"['<|endoftext|>', 'A', ' skip', ' link', ' is']",2,3,gpt2
skip_link,10,2,0.0259,skip,link,A skip link is,"['<|endoftext|>', 'A', ' skip', ' link', ' is']",2,3,gpt2
skip_link,10,3,0.0825,skip,link,A skip link is,"['<|endoftext|>', 'A', ' skip', ' link', ' is']",2,3,gpt2
skip_link,10,4,0.0421,skip,link,A skip link is,"['<|endoftext|>', 'A', ' skip', ' link', ' is']",2,3,gpt2
skip_link,10,5,0.1218,skip,link,A skip link is,"['<|endoftext|>', 'A', ' skip', ' link', ' is']",2,3,gpt2
skip_link,10,6,0.0088,skip,link,A skip link is,"['<|endoftext|>', 'A', ' skip', ' link', ' is']",2,3,gpt2
skip_link,10,7,0.0099,skip,link,A skip link is,"['<|endoftext|>', 'A', ' skip', ' link', ' is']",2,3,gpt2
skip_link,10,8,0.0073,skip,link,A skip link is,"['<|endoftext|>', 'A', ' skip', ' link', ' is']",2,3,gpt2
skip_link,10,9,0.3042,skip,link,A skip link is,"['<|endoftext|>', 'A', ' skip', ' link', ' is']",2,3,gpt2
skip_link,10,10,0.0446,skip,link,A skip link is,"['<|endoftext|>', 'A', ' skip', ' link', ' is']",2,3,gpt2
skip_link,10,11,0.0102,skip,link,A skip link is,"['<|endoftext|>', 'A', ' skip', ' link', ' is']",2,3,gpt2
skip_link,11,0,0.091,skip,link,A skip link is,"['<|endoftext|>', 'A', ' skip', ' link', ' is']",2,3,gpt2
skip_link,11,1,0.0154,skip,link,A skip link is,"['<|endoftext|>', 'A', ' skip', ' link', ' is']",2,3,gpt2
skip_link,11,2,0.0445,skip,link,A skip link is,"['<|endoftext|>', 'A', ' skip', ' link', ' is']",2,3,gpt2
skip_link,11,3,0.0843,skip,link,A skip link is,"['<|endoftext|>', 'A', ' skip', ' link', ' is']",2,3,gpt2
skip_link,11,4,0.0482,skip,link,A skip link is,"['<|endoftext|>', 'A', ' skip', ' link', ' is']",2,3,gpt2
skip_link,11,5,0.0088,skip,link,A skip link is,"['<|endoftext|>', 'A', ' skip', ' link', ' is']",2,3,gpt2
skip_link,11,6,0.0355,skip,link,A skip link is,"['<|endoftext|>', 'A', ' skip', ' link', ' is']",2,3,gpt2
skip_link,11,7,0.0052,skip,link,A skip link is,"['<|endoftext|>', 'A', ' skip', ' link', ' is']",2,3,gpt2
skip_link,11,8,0.5382,skip,link,A skip link is,"['<|endoftext|>', 'A', ' skip', ' link', ' is']",2,3,gpt2
skip_link,11,9,0.0316,skip,link,A skip link is,"['<|endoftext|>', 'A', ' skip', ' link', ' is']",2,3,gpt2
skip_link,11,10,0.1014,skip,link,A skip link is,"['<|endoftext|>', 'A', ' skip', ' link', ' is']",2,3,gpt2
skip_link,11,11,0.0931,skip,link,A skip link is,"['<|endoftext|>', 'A', ' skip', ' link', ' is']",2,3,gpt2
color_contrast,0,0,0.4818,color,contrast,Color contrast is important because,"['<|endoftext|>', 'Color', ' contrast', ' is', ' important', ' because']",1,2,gpt2
color_contrast,0,1,0.0045,color,contrast,Color contrast is important because,"['<|endoftext|>', 'Color', ' contrast', ' is', ' important', ' because']",1,2,gpt2
color_contrast,0,2,0.0256,color,contrast,Color contrast is important because,"['<|endoftext|>', 'Color', ' contrast', ' is', ' important', ' because']",1,2,gpt2
color_contrast,0,3,0.0069,color,contrast,Color contrast is important because,"['<|endoftext|>', 'Color', ' contrast', ' is', ' important', ' because']",1,2,gpt2
color_contrast,0,4,0.1593,color,contrast,Color contrast is important because,"['<|endoftext|>', 'Color', ' contrast', ' is', ' important', ' because']",1,2,gpt2
color_contrast,0,5,0.0129,color,contrast,Color contrast is important because,"['<|endoftext|>', 'Color', ' contrast', ' is', ' important', ' because']",1,2,gpt2
color_contrast,0,6,0.2057,color,contrast,Color contrast is important because,"['<|endoftext|>', 'Color', ' contrast', ' is', ' important', ' because']",1,2,gpt2
color_contrast,0,7,0.2401,color,contrast,Color contrast is important because,"['<|endoftext|>', 'Color', ' contrast', ' is', ' important', ' because']",1,2,gpt2
color_contrast,0,8,0.3911,color,contrast,Color contrast is important because,"['<|endoftext|>', 'Color', ' contrast', ' is', ' important', ' because']",1,2,gpt2
color_contrast,0,9,0.0833,color,contrast,Color contrast is important because,"['<|endoftext|>', 'Color', ' contrast', ' is', ' important', ' because']",1,2,gpt2
color_contrast,0,10,0.1235,color,contrast,Color contrast is important because,"['<|endoftext|>', 'Color', ' contrast', ' is', ' important', ' because']",1,2,gpt2
color_contrast,0,11,0.124,color,contrast,Color contrast is important because,"['<|endoftext|>', 'Color', ' contrast', ' is', ' important', ' because']",1,2,gpt2
color_contrast,1,0,0.5279,color,contrast,Color contrast is important because,"['<|endoftext|>', 'Color', ' contrast', ' is', ' important', ' because']",1,2,gpt2
color_contrast,1,1,0.0971,color,contrast,Color contrast is important because,"['<|endoftext|>', 'Color', ' contrast', ' is', ' important', ' because']",1,2,gpt2
color_contrast,1,2,0.0409,color,contrast,Color contrast is important because,"['<|endoftext|>', 'Color', ' contrast', ' is', ' important', ' because']",1,2,gpt2
color_contrast,1,3,0.1734,color,contrast,Color contrast is important because,"['<|endoftext|>', 'Color', ' contrast', ' is', ' important', ' because']",1,2,gpt2
color_contrast,1,4,0.1221,color,contrast,Color contrast is important because,"['<|endoftext|>', 'Color', ' contrast', ' is', ' important', ' because']",1,2,gpt2
color_contrast,1,5,0.1226,color,contrast,Color contrast is important because,"['<|endoftext|>', 'Color', ' contrast', ' is', ' important', ' because']",1,2,gpt2
color_contrast,1,6,0.3053,color,contrast,Color contrast is important because,"['<|endoftext|>', 'Color', ' contrast', ' is', ' important', ' because']",1,2,gpt2
color_contrast,1,7,0.0844,color,contrast,Color contrast is important because,"['<|endoftext|>', 'Color', ' contrast', ' is', ' important', ' because']",1,2,gpt2
color_contrast,1,8,0.132,color,contrast,Color contrast is important because,"['<|endoftext|>', 'Color', ' contrast', ' is', ' important', ' because']",1,2,gpt2
color_contrast,1,9,0.039,color,contrast,Color contrast is important because,"['<|endoftext|>', 'Color', ' contrast', ' is', ' important', ' because']",1,2,gpt2
color_contrast,1,10,0.4737,color,contrast,Color contrast is important because,"['<|endoftext|>', 'Color', ' contrast', ' is', ' important', ' because']",1,2,gpt2
color_contrast,1,11,0.0192,color,contrast,Color contrast is important because,"['<|endoftext|>', 'Color', ' contrast', ' is', ' important', ' because']",1,2,gpt2
color_contrast,2,0,0.2656,color,contrast,Color contrast is important because,"['<|endoftext|>', 'Color', ' contrast', ' is', ' important', ' because']",1,2,gpt2
color_contrast,2,1,0.1204,color,contrast,Color contrast is important because,"['<|endoftext|>', 'Color', ' contrast', ' is', ' important', ' because']",1,2,gpt2
color_contrast,2,2,0.8353,color,contrast,Color contrast is important because,"['<|endoftext|>', 'Color', ' contrast', ' is', ' important', ' because']",1,2,gpt2
color_contrast,2,3,0.3522,color,contrast,Color contrast is important because,"['<|endoftext|>', 'Color', ' contrast', ' is', ' important', ' because']",1,2,gpt2
color_contrast,2,4,0.2204,color,contrast,Color contrast is important because,"['<|endoftext|>', 'Color', ' contrast', ' is', ' important', ' because']",1,2,gpt2
color_contrast,2,5,0.077,color,contrast,Color contrast is important because,"['<|endoftext|>', 'Color', ' contrast', ' is', ' important', ' because']",1,2,gpt2
color_contrast,2,6,0.1363,color,contrast,Color contrast is important because,"['<|endoftext|>', 'Color', ' contrast', ' is', ' important', ' because']",1,2,gpt2
color_contrast,2,7,0.0935,color,contrast,Color contrast is important because,"['<|endoftext|>', 'Color', ' contrast', ' is', ' important', ' because']",1,2,gpt2
color_contrast,2,8,0.2622,color,contrast,Color contrast is important because,"['<|endoftext|>', 'Color', ' contrast', ' is', ' important', ' because']",1,2,gpt2
color_contrast,2,9,0.6338,color,contrast,Color contrast is important because,"['<|endoftext|>', 'Color', ' contrast', ' is', ' important', ' because']",1,2,gpt2
color_contrast,2,10,0.1607,color,contrast,Color contrast is important because,"['<|endoftext|>', 'Color', ' contrast', ' is', ' important', ' because']",1,2,gpt2
color_contrast,2,11,0.0547,color,contrast,Color contrast is important because,"['<|endoftext|>', 'Color', ' contrast', ' is', ' important', ' because']",1,2,gpt2
color_contrast,3,0,0.0101,color,contrast,Color contrast is important because,"['<|endoftext|>', 'Color', ' contrast', ' is', ' important', ' because']",1,2,gpt2
color_contrast,3,1,0.1284,color,contrast,Color contrast is important because,"['<|endoftext|>', 'Color', ' contrast', ' is', ' important', ' because']",1,2,gpt2
color_contrast,3,2,0.8684,color,contrast,Color contrast is important because,"['<|endoftext|>', 'Color', ' contrast', ' is', ' important', ' because']",1,2,gpt2
color_contrast,3,3,0.7683,color,contrast,Color contrast is important because,"['<|endoftext|>', 'Color', ' contrast', ' is', ' important', ' because']",1,2,gpt2
color_contrast,3,4,0.0254,color,contrast,Color contrast is important because,"['<|endoftext|>', 'Color', ' contrast', ' is', ' important', ' because']",1,2,gpt2
color_contrast,3,5,0.071,color,contrast,Color contrast is important because,"['<|endoftext|>', 'Color', ' contrast', ' is', ' important', ' because']",1,2,gpt2
color_contrast,3,6,0.7716,color,contrast,Color contrast is important because,"['<|endoftext|>', 'Color', ' contrast', ' is', ' important', ' because']",1,2,gpt2
color_contrast,3,7,0.5115,color,contrast,Color contrast is important because,"['<|endoftext|>', 'Color', ' contrast', ' is', ' important', ' because']",1,2,gpt2
color_contrast,3,8,0.216,color,contrast,Color contrast is important because,"['<|endoftext|>', 'Color', ' contrast', ' is', ' important', ' because']",1,2,gpt2
color_contrast,3,9,0.196,color,contrast,Color contrast is important because,"['<|endoftext|>', 'Color', ' contrast', ' is', ' important', ' because']",1,2,gpt2
color_contrast,3,10,0.0546,color,contrast,Color contrast is important because,"['<|endoftext|>', 'Color', ' contrast', ' is', ' important', ' because']",1,2,gpt2
color_contrast,3,11,0.1517,color,contrast,Color contrast is important because,"['<|endoftext|>', 'Color', ' contrast', ' is', ' important', ' because']",1,2,gpt2
color_contrast,4,0,0.071,color,contrast,Color contrast is important because,"['<|endoftext|>', 'Color', ' contrast', ' is', ' important', ' because']",1,2,gpt2
color_contrast,4,1,0.1002,color,contrast,Color contrast is important because,"['<|endoftext|>', 'Color', ' contrast', ' is', ' important', ' because']",1,2,gpt2
color_contrast,4,2,0.1365,color,contrast,Color contrast is important because,"['<|endoftext|>', 'Color', ' contrast', ' is', ' important', ' because']",1,2,gpt2
color_contrast,4,3,0.3407,color,contrast,Color contrast is important because,"['<|endoftext|>', 'Color', ' contrast', ' is', ' important', ' because']",1,2,gpt2
color_contrast,4,4,0.3158,color,contrast,Color contrast is important because,"['<|endoftext|>', 'Color', ' contrast', ' is', ' important', ' because']",1,2,gpt2
color_contrast,4,5,0.0934,color,contrast,Color contrast is important because,"['<|endoftext|>', 'Color', ' contrast', ' is', ' important', ' because']",1,2,gpt2
color_contrast,4,6,0.0772,color,contrast,Color contrast is important because,"['<|endoftext|>', 'Color', ' contrast', ' is', ' important', ' because']",1,2,gpt2
color_contrast,4,7,0.2255,color,contrast,Color contrast is important because,"['<|endoftext|>', 'Color', ' contrast', ' is', ' important', ' because']",1,2,gpt2
color_contrast,4,8,0.0127,color,contrast,Color contrast is important because,"['<|endoftext|>', 'Color', ' contrast', ' is', ' important', ' because']",1,2,gpt2
color_contrast,4,9,0.0787,color,contrast,Color contrast is important because,"['<|endoftext|>', 'Color', ' contrast', ' is', ' important', ' because']",1,2,gpt2
color_contrast,4,10,0.035,color,contrast,Color contrast is important because,"['<|endoftext|>', 'Color', ' contrast', ' is', ' important', ' because']",1,2,gpt2
color_contrast,4,11,1.0,color,contrast,Color contrast is important because,"['<|endoftext|>', 'Color', ' contrast', ' is', ' important', ' because']",1,2,gpt2
color_contrast,5,0,0.0018,color,contrast,Color contrast is important because,"['<|endoftext|>', 'Color', ' contrast', ' is', ' important', ' because']",1,2,gpt2
color_contrast,5,1,0.0,color,contrast,Color contrast is important because,"['<|endoftext|>', 'Color', ' contrast', ' is', ' important', ' because']",1,2,gpt2
color_contrast,5,2,0.038,color,contrast,Color contrast is important because,"['<|endoftext|>', 'Color', ' contrast', ' is', ' important', ' because']",1,2,gpt2
color_contrast,5,3,0.172,color,contrast,Color contrast is important because,"['<|endoftext|>', 'Color', ' contrast', ' is', ' important', ' because']",1,2,gpt2
color_contrast,5,4,0.0211,color,contrast,Color contrast is important because,"['<|endoftext|>', 'Color', ' contrast', ' is', ' important', ' because']",1,2,gpt2
color_contrast,5,5,0.0024,color,contrast,Color contrast is important because,"['<|endoftext|>', 'Color', ' contrast', ' is', ' important', ' because']",1,2,gpt2
color_contrast,5,6,0.2791,color,contrast,Color contrast is important because,"['<|endoftext|>', 'Color', ' contrast', ' is', ' important', ' because']",1,2,gpt2
color_contrast,5,7,0.0278,color,contrast,Color contrast is important because,"['<|endoftext|>', 'Color', ' contrast', ' is', ' important', ' because']",1,2,gpt2
color_contrast,5,8,0.0054,color,contrast,Color contrast is important because,"['<|endoftext|>', 'Color', ' contrast', ' is', ' important', ' because']",1,2,gpt2
color_contrast,5,9,0.0087,color,contrast,Color contrast is important because,"['<|endoftext|>', 'Color', ' contrast', ' is', ' important', ' because']",1,2,gpt2
color_contrast,5,10,0.146,color,contrast,Color contrast is important because,"['<|endoftext|>', 'Color', ' contrast', ' is', ' important', ' because']",1,2,gpt2
color_contrast,5,11,0.1165,color,contrast,Color contrast is important because,"['<|endoftext|>', 'Color', ' contrast', ' is', ' important', ' because']",1,2,gpt2
color_contrast,6,0,0.1592,color,contrast,Color contrast is important because,"['<|endoftext|>', 'Color', ' contrast', ' is', ' important', ' because']",1,2,gpt2
color_contrast,6,1,0.0267,color,contrast,Color contrast is important because,"['<|endoftext|>', 'Color', ' contrast', ' is', ' important', ' because']",1,2,gpt2
color_contrast,6,2,0.0271,color,contrast,Color contrast is important because,"['<|endoftext|>', 'Color', ' contrast', ' is', ' important', ' because']",1,2,gpt2
color_contrast,6,3,0.0276,color,contrast,Color contrast is important because,"['<|endoftext|>', 'Color', ' contrast', ' is', ' important', ' because']",1,2,gpt2
color_contrast,6,4,0.0217,color,contrast,Color contrast is important because,"['<|endoftext|>', 'Color', ' contrast', ' is', ' important', ' because']",1,2,gpt2
color_contrast,6,5,0.0379,color,contrast,Color contrast is important because,"['<|endoftext|>', 'Color', ' contrast', ' is', ' important', ' because']",1,2,gpt2
color_contrast,6,6,0.0278,color,contrast,Color contrast is important because,"['<|endoftext|>', 'Color', ' contrast', ' is', ' important', ' because']",1,2,gpt2
color_contrast,6,7,0.1671,color,contrast,Color contrast is important because,"['<|endoftext|>', 'Color', ' contrast', ' is', ' important', ' because']",1,2,gpt2
color_contrast,6,8,0.2241,color,contrast,Color contrast is important because,"['<|endoftext|>', 'Color', ' contrast', ' is', ' important', ' because']",1,2,gpt2
color_contrast,6,9,0.0,color,contrast,Color contrast is important because,"['<|endoftext|>', 'Color', ' contrast', ' is', ' important', ' because']",1,2,gpt2
color_contrast,6,10,0.0071,color,contrast,Color contrast is important because,"['<|endoftext|>', 'Color', ' contrast', ' is', ' important', ' because']",1,2,gpt2
color_contrast,6,11,0.0501,color,contrast,Color contrast is important because,"['<|endoftext|>', 'Color', ' contrast', ' is', ' important', ' because']",1,2,gpt2
color_contrast,7,0,0.2914,color,contrast,Color contrast is important because,"['<|endoftext|>', 'Color', ' contrast', ' is', ' important', ' because']",1,2,gpt2
color_contrast,7,1,0.0019,color,contrast,Color contrast is important because,"['<|endoftext|>', 'Color', ' contrast', ' is', ' important', ' because']",1,2,gpt2
color_contrast,7,2,0.0002,color,contrast,Color contrast is important because,"['<|endoftext|>', 'Color', ' contrast', ' is', ' important', ' because']",1,2,gpt2
color_contrast,7,3,0.0434,color,contrast,Color contrast is important because,"['<|endoftext|>', 'Color', ' contrast', ' is', ' important', ' because']",1,2,gpt2
color_contrast,7,4,0.0797,color,contrast,Color contrast is important because,"['<|endoftext|>', 'Color', ' contrast', ' is', ' important', ' because']",1,2,gpt2
color_contrast,7,5,0.0261,color,contrast,Color contrast is important because,"['<|endoftext|>', 'Color', ' contrast', ' is', ' important', ' because']",1,2,gpt2
color_contrast,7,6,0.0172,color,contrast,Color contrast is important because,"['<|endoftext|>', 'Color', ' contrast', ' is', ' important', ' because']",1,2,gpt2
color_contrast,7,7,0.0115,color,contrast,Color contrast is important because,"['<|endoftext|>', 'Color', ' contrast', ' is', ' important', ' because']",1,2,gpt2
color_contrast,7,8,0.2058,color,contrast,Color contrast is important because,"['<|endoftext|>', 'Color', ' contrast', ' is', ' important', ' because']",1,2,gpt2
color_contrast,7,9,0.0163,color,contrast,Color contrast is important because,"['<|endoftext|>', 'Color', ' contrast', ' is', ' important', ' because']",1,2,gpt2
color_contrast,7,10,0.0001,color,contrast,Color contrast is important because,"['<|endoftext|>', 'Color', ' contrast', ' is', ' important', ' because']",1,2,gpt2
color_contrast,7,11,0.0029,color,contrast,Color contrast is important because,"['<|endoftext|>', 'Color', ' contrast', ' is', ' important', ' because']",1,2,gpt2
color_contrast,8,0,0.0125,color,contrast,Color contrast is important because,"['<|endoftext|>', 'Color', ' contrast', ' is', ' important', ' because']",1,2,gpt2
color_contrast,8,1,0.0012,color,contrast,Color contrast is important because,"['<|endoftext|>', 'Color', ' contrast', ' is', ' important', ' because']",1,2,gpt2
color_contrast,8,2,0.0549,color,contrast,Color contrast is important because,"['<|endoftext|>', 'Color', ' contrast', ' is', ' important', ' because']",1,2,gpt2
color_contrast,8,3,0.054,color,contrast,Color contrast is important because,"['<|endoftext|>', 'Color', ' contrast', ' is', ' important', ' because']",1,2,gpt2
color_contrast,8,4,0.0423,color,contrast,Color contrast is important because,"['<|endoftext|>', 'Color', ' contrast', ' is', ' important', ' because']",1,2,gpt2
color_contrast,8,5,0.1101,color,contrast,Color contrast is important because,"['<|endoftext|>', 'Color', ' contrast', ' is', ' important', ' because']",1,2,gpt2
color_contrast,8,6,0.0139,color,contrast,Color contrast is important because,"['<|endoftext|>', 'Color', ' contrast', ' is', ' important', ' because']",1,2,gpt2
color_contrast,8,7,0.0731,color,contrast,Color contrast is important because,"['<|endoftext|>', 'Color', ' contrast', ' is', ' important', ' because']",1,2,gpt2
color_contrast,8,8,0.0926,color,contrast,Color contrast is important because,"['<|endoftext|>', 'Color', ' contrast', ' is', ' important', ' because']",1,2,gpt2
color_contrast,8,9,0.0468,color,contrast,Color contrast is important because,"['<|endoftext|>', 'Color', ' contrast', ' is', ' important', ' because']",1,2,gpt2
color_contrast,8,10,0.0584,color,contrast,Color contrast is important because,"['<|endoftext|>', 'Color', ' contrast', ' is', ' important', ' because']",1,2,gpt2
color_contrast,8,11,0.0561,color,contrast,Color contrast is important because,"['<|endoftext|>', 'Color', ' contrast', ' is', ' important', ' because']",1,2,gpt2
color_contrast,9,0,0.0791,color,contrast,Color contrast is important because,"['<|endoftext|>', 'Color', ' contrast', ' is', ' important', ' because']",1,2,gpt2
color_contrast,9,1,0.0032,color,contrast,Color contrast is important because,"['<|endoftext|>', 'Color', ' contrast', ' is', ' important', ' because']",1,2,gpt2
color_contrast,9,2,0.033,color,contrast,Color contrast is important because,"['<|endoftext|>', 'Color', ' contrast', ' is', ' important', ' because']",1,2,gpt2
color_contrast,9,3,0.1071,color,contrast,Color contrast is important because,"['<|endoftext|>', 'Color', ' contrast', ' is', ' important', ' because']",1,2,gpt2
color_contrast,9,4,0.0503,color,contrast,Color contrast is important because,"['<|endoftext|>', 'Color', ' contrast', ' is', ' important', ' because']",1,2,gpt2
color_contrast,9,5,0.0282,color,contrast,Color contrast is important because,"['<|endoftext|>', 'Color', ' contrast', ' is', ' important', ' because']",1,2,gpt2
color_contrast,9,6,0.0071,color,contrast,Color contrast is important because,"['<|endoftext|>', 'Color', ' contrast', ' is', ' important', ' because']",1,2,gpt2
color_contrast,9,7,0.018,color,contrast,Color contrast is important because,"['<|endoftext|>', 'Color', ' contrast', ' is', ' important', ' because']",1,2,gpt2
color_contrast,9,8,0.1011,color,contrast,Color contrast is important because,"['<|endoftext|>', 'Color', ' contrast', ' is', ' important', ' because']",1,2,gpt2
color_contrast,9,9,0.0032,color,contrast,Color contrast is important because,"['<|endoftext|>', 'Color', ' contrast', ' is', ' important', ' because']",1,2,gpt2
color_contrast,9,10,0.0644,color,contrast,Color contrast is important because,"['<|endoftext|>', 'Color', ' contrast', ' is', ' important', ' because']",1,2,gpt2
color_contrast,9,11,0.0071,color,contrast,Color contrast is important because,"['<|endoftext|>', 'Color', ' contrast', ' is', ' important', ' because']",1,2,gpt2
color_contrast,10,0,0.0166,color,contrast,Color contrast is important because,"['<|endoftext|>', 'Color', ' contrast', ' is', ' important', ' because']",1,2,gpt2
color_contrast,10,1,0.0159,color,contrast,Color contrast is important because,"['<|endoftext|>', 'Color', ' contrast', ' is', ' important', ' because']",1,2,gpt2
color_contrast,10,2,0.0306,color,contrast,Color contrast is important because,"['<|endoftext|>', 'Color', ' contrast', ' is', ' important', ' because']",1,2,gpt2
color_contrast,10,3,0.0219,color,contrast,Color contrast is important because,"['<|endoftext|>', 'Color', ' contrast', ' is', ' important', ' because']",1,2,gpt2
color_contrast,10,4,0.0391,color,contrast,Color contrast is important because,"['<|endoftext|>', 'Color', ' contrast', ' is', ' important', ' because']",1,2,gpt2
color_contrast,10,5,0.1084,color,contrast,Color contrast is important because,"['<|endoftext|>', 'Color', ' contrast', ' is', ' important', ' because']",1,2,gpt2
color_contrast,10,6,0.0061,color,contrast,Color contrast is important because,"['<|endoftext|>', 'Color', ' contrast', ' is', ' important', ' because']",1,2,gpt2
color_contrast,10,7,0.0175,color,contrast,Color contrast is important because,"['<|endoftext|>', 'Color', ' contrast', ' is', ' important', ' because']",1,2,gpt2
color_contrast,10,8,0.005,color,contrast,Color contrast is important because,"['<|endoftext|>', 'Color', ' contrast', ' is', ' important', ' because']",1,2,gpt2
color_contrast,10,9,0.2787,color,contrast,Color contrast is important because,"['<|endoftext|>', 'Color', ' contrast', ' is', ' important', ' because']",1,2,gpt2
color_contrast,10,10,0.0069,color,contrast,Color contrast is important because,"['<|endoftext|>', 'Color', ' contrast', ' is', ' important', ' because']",1,2,gpt2
color_contrast,10,11,0.0369,color,contrast,Color contrast is important because,"['<|endoftext|>', 'Color', ' contrast', ' is', ' important', ' because']",1,2,gpt2
color_contrast,11,0,0.5609,color,contrast,Color contrast is important because,"['<|endoftext|>', 'Color', ' contrast', ' is', ' important', ' because']",1,2,gpt2
color_contrast,11,1,0.0395,color,contrast,Color contrast is important because,"['<|endoftext|>', 'Color', ' contrast', ' is', ' important', ' because']",1,2,gpt2
color_contrast,11,2,0.0221,color,contrast,Color contrast is important because,"['<|endoftext|>', 'Color', ' contrast', ' is', ' important', ' because']",1,2,gpt2
color_contrast,11,3,0.1722,color,contrast,Color contrast is important because,"['<|endoftext|>', 'Color', ' contrast', ' is', ' important', ' because']",1,2,gpt2
color_contrast,11,4,0.0411,color,contrast,Color contrast is important because,"['<|endoftext|>', 'Color', ' contrast', ' is', ' important', ' because']",1,2,gpt2
color_contrast,11,5,0.0089,color,contrast,Color contrast is important because,"['<|endoftext|>', 'Color', ' contrast', ' is', ' important', ' because']",1,2,gpt2
color_contrast,11,6,0.0303,color,contrast,Color contrast is important because,"['<|endoftext|>', 'Color', ' contrast', ' is', ' important', ' because']",1,2,gpt2
color_contrast,11,7,0.0182,color,contrast,Color contrast is important because,"['<|endoftext|>', 'Color', ' contrast', ' is', ' important', ' because']",1,2,gpt2
color_contrast,11,8,0.6846,color,contrast,Color contrast is important because,"['<|endoftext|>', 'Color', ' contrast', ' is', ' important', ' because']",1,2,gpt2
color_contrast,11,9,0.0065,color,contrast,Color contrast is important because,"['<|endoftext|>', 'Color', ' contrast', ' is', ' important', ' because']",1,2,gpt2
color_contrast,11,10,0.0808,color,contrast,Color contrast is important because,"['<|endoftext|>', 'Color', ' contrast', ' is', ' important', ' because']",1,2,gpt2
color_contrast,11,11,0.0859,color,contrast,Color contrast is important because,"['<|endoftext|>', 'Color', ' contrast', ' is', ' important', ' because']",1,2,gpt2
keyboard_navigation,0,0,0.0687,keyboard,navigation,Keyboard navigation allows,"['<|endoftext|>', 'Key', 'board', ' navigation', ' allows']",2,3,gpt2
keyboard_navigation,0,1,0.0004,keyboard,navigation,Keyboard navigation allows,"['<|endoftext|>', 'Key', 'board', ' navigation', ' allows']",2,3,gpt2
keyboard_navigation,0,2,0.0333,keyboard,navigation,Keyboard navigation allows,"['<|endoftext|>', 'Key', 'board', ' navigation', ' allows']",2,3,gpt2
keyboard_navigation,0,3,0.0,keyboard,navigation,Keyboard navigation allows,"['<|endoftext|>', 'Key', 'board', ' navigation', ' allows']",2,3,gpt2
keyboard_navigation,0,4,0.0056,keyboard,navigation,Keyboard navigation allows,"['<|endoftext|>', 'Key', 'board', ' navigation', ' allows']",2,3,gpt2
keyboard_navigation,0,5,0.0001,keyboard,navigation,Keyboard navigation allows,"['<|endoftext|>', 'Key', 'board', ' navigation', ' allows']",2,3,gpt2
keyboard_navigation,0,6,0.1194,keyboard,navigation,Keyboard navigation allows,"['<|endoftext|>', 'Key', 'board', ' navigation', ' allows']",2,3,gpt2
keyboard_navigation,0,7,0.0676,keyboard,navigation,Keyboard navigation allows,"['<|endoftext|>', 'Key', 'board', ' navigation', ' allows']",2,3,gpt2
keyboard_navigation,0,8,0.0866,keyboard,navigation,Keyboard navigation allows,"['<|endoftext|>', 'Key', 'board', ' navigation', ' allows']",2,3,gpt2
keyboard_navigation,0,9,0.0444,keyboard,navigation,Keyboard navigation allows,"['<|endoftext|>', 'Key', 'board', ' navigation', ' allows']",2,3,gpt2
keyboard_navigation,0,10,0.0634,keyboard,navigation,Keyboard navigation allows,"['<|endoftext|>', 'Key', 'board', ' navigation', ' allows']",2,3,gpt2
keyboard_navigation,0,11,0.0827,keyboard,navigation,Keyboard navigation allows,"['<|endoftext|>', 'Key', 'board', ' navigation', ' allows']",2,3,gpt2
keyboard_navigation,1,0,0.3375,keyboard,navigation,Keyboard navigation allows,"['<|endoftext|>', 'Key', 'board', ' navigation', ' allows']",2,3,gpt2
keyboard_navigation,1,1,0.1171,keyboard,navigation,Keyboard navigation allows,"['<|endoftext|>', 'Key', 'board', ' navigation', ' allows']",2,3,gpt2
keyboard_navigation,1,2,0.104,keyboard,navigation,Keyboard navigation allows,"['<|endoftext|>', 'Key', 'board', ' navigation', ' allows']",2,3,gpt2
keyboard_navigation,1,3,0.1415,keyboard,navigation,Keyboard navigation allows,"['<|endoftext|>', 'Key', 'board', ' navigation', ' allows']",2,3,gpt2
keyboard_navigation,1,4,0.0819,keyboard,navigation,Keyboard navigation allows,"['<|endoftext|>', 'Key', 'board', ' navigation', ' allows']",2,3,gpt2
keyboard_navigation,1,5,0.1677,keyboard,navigation,Keyboard navigation allows,"['<|endoftext|>', 'Key', 'board', ' navigation', ' allows']",2,3,gpt2
keyboard_navigation,1,6,0.1033,keyboard,navigation,Keyboard navigation allows,"['<|endoftext|>', 'Key', 'board', ' navigation', ' allows']",2,3,gpt2
keyboard_navigation,1,7,0.129,keyboard,navigation,Keyboard navigation allows,"['<|endoftext|>', 'Key', 'board', ' navigation', ' allows']",2,3,gpt2
keyboard_navigation,1,8,0.0998,keyboard,navigation,Keyboard navigation allows,"['<|endoftext|>', 'Key', 'board', ' navigation', ' allows']",2,3,gpt2
keyboard_navigation,1,9,0.039,keyboard,navigation,Keyboard navigation allows,"['<|endoftext|>', 'Key', 'board', ' navigation', ' allows']",2,3,gpt2
keyboard_navigation,1,10,0.3224,keyboard,navigation,Keyboard navigation allows,"['<|endoftext|>', 'Key', 'board', ' navigation', ' allows']",2,3,gpt2
keyboard_navigation,1,11,0.0225,keyboard,navigation,Keyboard navigation allows,"['<|endoftext|>', 'Key', 'board', ' navigation', ' allows']",2,3,gpt2
keyboard_navigation,2,0,0.2161,keyboard,navigation,Keyboard navigation allows,"['<|endoftext|>', 'Key', 'board', ' navigation', ' allows']",2,3,gpt2
keyboard_navigation,2,1,0.054,keyboard,navigation,Keyboard navigation allows,"['<|endoftext|>', 'Key', 'board', ' navigation', ' allows']",2,3,gpt2
keyboard_navigation,2,2,0.2858,keyboard,navigation,Keyboard navigation allows,"['<|endoftext|>', 'Key', 'board', ' navigation', ' allows']",2,3,gpt2
keyboard_navigation,2,3,0.1152,keyboard,navigation,Keyboard navigation allows,"['<|endoftext|>', 'Key', 'board', ' navigation', ' allows']",2,3,gpt2
keyboard_navigation,2,4,0.3856,keyboard,navigation,Keyboard navigation allows,"['<|endoftext|>', 'Key', 'board', ' navigation', ' allows']",2,3,gpt2
keyboard_navigation,2,5,0.2438,keyboard,navigation,Keyboard navigation allows,"['<|endoftext|>', 'Key', 'board', ' navigation', ' allows']",2,3,gpt2
keyboard_navigation,2,6,0.0349,keyboard,navigation,Keyboard navigation allows,"['<|endoftext|>', 'Key', 'board', ' navigation', ' allows']",2,3,gpt2
keyboard_navigation,2,7,0.1382,keyboard,navigation,Keyboard navigation allows,"['<|endoftext|>', 'Key', 'board', ' navigation', ' allows']",2,3,gpt2
keyboard_navigation,2,8,0.1558,keyboard,navigation,Keyboard navigation allows,"['<|endoftext|>', 'Key', 'board', ' navigation', ' allows']",2,3,gpt2
keyboard_navigation,2,9,0.5711,keyboard,navigation,Keyboard navigation allows,"['<|endoftext|>', 'Key', 'board', ' navigation', ' allows']",2,3,gpt2
keyboard_navigation,2,10,0.1667,keyboard,navigation,Keyboard navigation allows,"['<|endoftext|>', 'Key', 'board', ' navigation', ' allows']",2,3,gpt2
keyboard_navigation,2,11,0.0527,keyboard,navigation,Keyboard navigation allows,"['<|endoftext|>', 'Key', 'board', ' navigation', ' allows']",2,3,gpt2
keyboard_navigation,3,0,0.015,keyboard,navigation,Keyboard navigation allows,"['<|endoftext|>', 'Key', 'board', ' navigation', ' allows']",2,3,gpt2
keyboard_navigation,3,1,0.0336,keyboard,navigation,Keyboard navigation allows,"['<|endoftext|>', 'Key', 'board', ' navigation', ' allows']",2,3,gpt2
keyboard_navigation,3,2,0.1862,keyboard,navigation,Keyboard navigation allows,"['<|endoftext|>', 'Key', 'board', ' navigation', ' allows']",2,3,gpt2
keyboard_navigation,3,3,0.343,keyboard,navigation,Keyboard navigation allows,"['<|endoftext|>', 'Key', 'board', ' navigation', ' allows']",2,3,gpt2
keyboard_navigation,3,4,0.0664,keyboard,navigation,Keyboard navigation allows,"['<|endoftext|>', 'Key', 'board', ' navigation', ' allows']",2,3,gpt2
keyboard_navigation,3,5,0.0723,keyboard,navigation,Keyboard navigation allows,"['<|endoftext|>', 'Key', 'board', ' navigation', ' allows']",2,3,gpt2
keyboard_navigation,3,6,0.0546,keyboard,navigation,Keyboard navigation allows,"['<|endoftext|>', 'Key', 'board', ' navigation', ' allows']",2,3,gpt2
keyboard_navigation,3,7,0.4972,keyboard,navigation,Keyboard navigation allows,"['<|endoftext|>', 'Key', 'board', ' navigation', ' allows']",2,3,gpt2
keyboard_navigation,3,8,0.0719,keyboard,navigation,Keyboard navigation allows,"['<|endoftext|>', 'Key', 'board', ' navigation', ' allows']",2,3,gpt2
keyboard_navigation,3,9,0.16,keyboard,navigation,Keyboard navigation allows,"['<|endoftext|>', 'Key', 'board', ' navigation', ' allows']",2,3,gpt2
keyboard_navigation,3,10,0.039,keyboard,navigation,Keyboard navigation allows,"['<|endoftext|>', 'Key', 'board', ' navigation', ' allows']",2,3,gpt2
keyboard_navigation,3,11,0.0722,keyboard,navigation,Keyboard navigation allows,"['<|endoftext|>', 'Key', 'board', ' navigation', ' allows']",2,3,gpt2
keyboard_navigation,4,0,0.0745,keyboard,navigation,Keyboard navigation allows,"['<|endoftext|>', 'Key', 'board', ' navigation', ' allows']",2,3,gpt2
keyboard_navigation,4,1,0.0108,keyboard,navigation,Keyboard navigation allows,"['<|endoftext|>', 'Key', 'board', ' navigation', ' allows']",2,3,gpt2
keyboard_navigation,4,2,0.1222,keyboard,navigation,Keyboard navigation allows,"['<|endoftext|>', 'Key', 'board', ' navigation', ' allows']",2,3,gpt2
keyboard_navigation,4,3,0.2897,keyboard,navigation,Keyboard navigation allows,"['<|endoftext|>', 'Key', 'board', ' navigation', ' allows']",2,3,gpt2
keyboard_navigation,4,4,0.0795,keyboard,navigation,Keyboard navigation allows,"['<|endoftext|>', 'Key', 'board', ' navigation', ' allows']",2,3,gpt2
keyboard_navigation,4,5,0.1374,keyboard,navigation,Keyboard navigation allows,"['<|endoftext|>', 'Key', 'board', ' navigation', ' allows']",2,3,gpt2
keyboard_navigation,4,6,0.103,keyboard,navigation,Keyboard navigation allows,"['<|endoftext|>', 'Key', 'board', ' navigation', ' allows']",2,3,gpt2
keyboard_navigation,4,7,0.163,keyboard,navigation,Keyboard navigation allows,"['<|endoftext|>', 'Key', 'board', ' navigation', ' allows']",2,3,gpt2
keyboard_navigation,4,8,0.1738,keyboard,navigation,Keyboard navigation allows,"['<|endoftext|>', 'Key', 'board', ' navigation', ' allows']",2,3,gpt2
keyboard_navigation,4,9,0.11,keyboard,navigation,Keyboard navigation allows,"['<|endoftext|>', 'Key', 'board', ' navigation', ' allows']",2,3,gpt2
keyboard_navigation,4,10,0.0119,keyboard,navigation,Keyboard navigation allows,"['<|endoftext|>', 'Key', 'board', ' navigation', ' allows']",2,3,gpt2
keyboard_navigation,4,11,0.9999,keyboard,navigation,Keyboard navigation allows,"['<|endoftext|>', 'Key', 'board', ' navigation', ' allows']",2,3,gpt2
keyboard_navigation,5,0,0.0021,keyboard,navigation,Keyboard navigation allows,"['<|endoftext|>', 'Key', 'board', ' navigation', ' allows']",2,3,gpt2
keyboard_navigation,5,1,0.0,keyboard,navigation,Keyboard navigation allows,"['<|endoftext|>', 'Key', 'board', ' navigation', ' allows']",2,3,gpt2
keyboard_navigation,5,2,0.0301,keyboard,navigation,Keyboard navigation allows,"['<|endoftext|>', 'Key', 'board', ' navigation', ' allows']",2,3,gpt2
keyboard_navigation,5,3,0.0398,keyboard,navigation,Keyboard navigation allows,"['<|endoftext|>', 'Key', 'board', ' navigation', ' allows']",2,3,gpt2
keyboard_navigation,5,4,0.0204,keyboard,navigation,Keyboard navigation allows,"['<|endoftext|>', 'Key', 'board', ' navigation', ' allows']",2,3,gpt2
keyboard_navigation,5,5,0.0009,keyboard,navigation,Keyboard navigation allows,"['<|endoftext|>', 'Key', 'board', ' navigation', ' allows']",2,3,gpt2
keyboard_navigation,5,6,0.5346,keyboard,navigation,Keyboard navigation allows,"['<|endoftext|>', 'Key', 'board', ' navigation', ' allows']",2,3,gpt2
keyboard_navigation,5,7,0.1142,keyboard,navigation,Keyboard navigation allows,"['<|endoftext|>', 'Key', 'board', ' navigation', ' allows']",2,3,gpt2
keyboard_navigation,5,8,0.007,keyboard,navigation,Keyboard navigation allows,"['<|endoftext|>', 'Key', 'board', ' navigation', ' allows']",2,3,gpt2
keyboard_navigation,5,9,0.0084,keyboard,navigation,Keyboard navigation allows,"['<|endoftext|>', 'Key', 'board', ' navigation', ' allows']",2,3,gpt2
keyboard_navigation,5,10,0.1118,keyboard,navigation,Keyboard navigation allows,"['<|endoftext|>', 'Key', 'board', ' navigation', ' allows']",2,3,gpt2
keyboard_navigation,5,11,0.0881,keyboard,navigation,Keyboard navigation allows,"['<|endoftext|>', 'Key', 'board', ' navigation', ' allows']",2,3,gpt2
keyboard_navigation,6,0,0.0568,keyboard,navigation,Keyboard navigation allows,"['<|endoftext|>', 'Key', 'board', ' navigation', ' allows']",2,3,gpt2
keyboard_navigation,6,1,0.0066,keyboard,navigation,Keyboard navigation allows,"['<|endoftext|>', 'Key', 'board', ' navigation', ' allows']",2,3,gpt2
keyboard_navigation,6,2,0.0128,keyboard,navigation,Keyboard navigation allows,"['<|endoftext|>', 'Key', 'board', ' navigation', ' allows']",2,3,gpt2
keyboard_navigation,6,3,0.006,keyboard,navigation,Keyboard navigation allows,"['<|endoftext|>', 'Key', 'board', ' navigation', ' allows']",2,3,gpt2
keyboard_navigation,6,4,0.0365,keyboard,navigation,Keyboard navigation allows,"['<|endoftext|>', 'Key', 'board', ' navigation', ' allows']",2,3,gpt2
keyboard_navigation,6,5,0.0561,keyboard,navigation,Keyboard navigation allows,"['<|endoftext|>', 'Key', 'board', ' navigation', ' allows']",2,3,gpt2
keyboard_navigation,6,6,0.0183,keyboard,navigation,Keyboard navigation allows,"['<|endoftext|>', 'Key', 'board', ' navigation', ' allows']",2,3,gpt2
keyboard_navigation,6,7,0.0713,keyboard,navigation,Keyboard navigation allows,"['<|endoftext|>', 'Key', 'board', ' navigation', ' allows']",2,3,gpt2
keyboard_navigation,6,8,0.3235,keyboard,navigation,Keyboard navigation allows,"['<|endoftext|>', 'Key', 'board', ' navigation', ' allows']",2,3,gpt2
keyboard_navigation,6,9,0.0001,keyboard,navigation,Keyboard navigation allows,"['<|endoftext|>', 'Key', 'board', ' navigation', ' allows']",2,3,gpt2
keyboard_navigation,6,10,0.0172,keyboard,navigation,Keyboard navigation allows,"['<|endoftext|>', 'Key', 'board', ' navigation', ' allows']",2,3,gpt2
keyboard_navigation,6,11,0.0327,keyboard,navigation,Keyboard navigation allows,"['<|endoftext|>', 'Key', 'board', ' navigation', ' allows']",2,3,gpt2
keyboard_navigation,7,0,0.0659,keyboard,navigation,Keyboard navigation allows,"['<|endoftext|>', 'Key', 'board', ' navigation', ' allows']",2,3,gpt2
keyboard_navigation,7,1,0.0054,keyboard,navigation,Keyboard navigation allows,"['<|endoftext|>', 'Key', 'board', ' navigation', ' allows']",2,3,gpt2
keyboard_navigation,7,2,0.0006,keyboard,navigation,Keyboard navigation allows,"['<|endoftext|>', 'Key', 'board', ' navigation', ' allows']",2,3,gpt2
keyboard_navigation,7,3,0.0212,keyboard,navigation,Keyboard navigation allows,"['<|endoftext|>', 'Key', 'board', ' navigation', ' allows']",2,3,gpt2
keyboard_navigation,7,4,0.067,keyboard,navigation,Keyboard navigation allows,"['<|endoftext|>', 'Key', 'board', ' navigation', ' allows']",2,3,gpt2
keyboard_navigation,7,5,0.0535,keyboard,navigation,Keyboard navigation allows,"['<|endoftext|>', 'Key', 'board', ' navigation', ' allows']",2,3,gpt2
keyboard_navigation,7,6,0.0198,keyboard,navigation,Keyboard navigation allows,"['<|endoftext|>', 'Key', 'board', ' navigation', ' allows']",2,3,gpt2
keyboard_navigation,7,7,0.0132,keyboard,navigation,Keyboard navigation allows,"['<|endoftext|>', 'Key', 'board', ' navigation', ' allows']",2,3,gpt2
keyboard_navigation,7,8,0.0204,keyboard,navigation,Keyboard navigation allows,"['<|endoftext|>', 'Key', 'board', ' navigation', ' allows']",2,3,gpt2
keyboard_navigation,7,9,0.007,keyboard,navigation,Keyboard navigation allows,"['<|endoftext|>', 'Key', 'board', ' navigation', ' allows']",2,3,gpt2
keyboard_navigation,7,10,0.0008,keyboard,navigation,Keyboard navigation allows,"['<|endoftext|>', 'Key', 'board', ' navigation', ' allows']",2,3,gpt2
keyboard_navigation,7,11,0.0025,keyboard,navigation,Keyboard navigation allows,"['<|endoftext|>', 'Key', 'board', ' navigation', ' allows']",2,3,gpt2
keyboard_navigation,8,0,0.028,keyboard,navigation,Keyboard navigation allows,"['<|endoftext|>', 'Key', 'board', ' navigation', ' allows']",2,3,gpt2
keyboard_navigation,8,1,0.0029,keyboard,navigation,Keyboard navigation allows,"['<|endoftext|>', 'Key', 'board', ' navigation', ' allows']",2,3,gpt2
keyboard_navigation,8,2,0.0195,keyboard,navigation,Keyboard navigation allows,"['<|endoftext|>', 'Key', 'board', ' navigation', ' allows']",2,3,gpt2
keyboard_navigation,8,3,0.0265,keyboard,navigation,Keyboard navigation allows,"['<|endoftext|>', 'Key', 'board', ' navigation', ' allows']",2,3,gpt2
keyboard_navigation,8,4,0.0119,keyboard,navigation,Keyboard navigation allows,"['<|endoftext|>', 'Key', 'board', ' navigation', ' allows']",2,3,gpt2
keyboard_navigation,8,5,0.066,keyboard,navigation,Keyboard navigation allows,"['<|endoftext|>', 'Key', 'board', ' navigation', ' allows']",2,3,gpt2
keyboard_navigation,8,6,0.0111,keyboard,navigation,Keyboard navigation allows,"['<|endoftext|>', 'Key', 'board', ' navigation', ' allows']",2,3,gpt2
keyboard_navigation,8,7,0.0391,keyboard,navigation,Keyboard navigation allows,"['<|endoftext|>', 'Key', 'board', ' navigation', ' allows']",2,3,gpt2
keyboard_navigation,8,8,0.0605,keyboard,navigation,Keyboard navigation allows,"['<|endoftext|>', 'Key', 'board', ' navigation', ' allows']",2,3,gpt2
keyboard_navigation,8,9,0.0722,keyboard,navigation,Keyboard navigation allows,"['<|endoftext|>', 'Key', 'board', ' navigation', ' allows']",2,3,gpt2
keyboard_navigation,8,10,0.061,keyboard,navigation,Keyboard navigation allows,"['<|endoftext|>', 'Key', 'board', ' navigation', ' allows']",2,3,gpt2
keyboard_navigation,8,11,0.0263,keyboard,navigation,Keyboard navigation allows,"['<|endoftext|>', 'Key', 'board', ' navigation', ' allows']",2,3,gpt2
keyboard_navigation,9,0,0.1017,keyboard,navigation,Keyboard navigation allows,"['<|endoftext|>', 'Key', 'board', ' navigation', ' allows']",2,3,gpt2
keyboard_navigation,9,1,0.0081,keyboard,navigation,Keyboard navigation allows,"['<|endoftext|>', 'Key', 'board', ' navigation', ' allows']",2,3,gpt2
keyboard_navigation,9,2,0.0149,keyboard,navigation,Keyboard navigation allows,"['<|endoftext|>', 'Key', 'board', ' navigation', ' allows']",2,3,gpt2
keyboard_navigation,9,3,0.1275,keyboard,navigation,Keyboard navigation allows,"['<|endoftext|>', 'Key', 'board', ' navigation', ' allows']",2,3,gpt2
keyboard_navigation,9,4,0.0445,keyboard,navigation,Keyboard navigation allows,"['<|endoftext|>', 'Key', 'board', ' navigation', ' allows']",2,3,gpt2
keyboard_navigation,9,5,0.0381,keyboard,navigation,Keyboard navigation allows,"['<|endoftext|>', 'Key', 'board', ' navigation', ' allows']",2,3,gpt2
keyboard_navigation,9,6,0.0476,keyboard,navigation,Keyboard navigation allows,"['<|endoftext|>', 'Key', 'board', ' navigation', ' allows']",2,3,gpt2
keyboard_navigation,9,7,0.0148,keyboard,navigation,Keyboard navigation allows,"['<|endoftext|>', 'Key', 'board', ' navigation', ' allows']",2,3,gpt2
keyboard_navigation,9,8,0.0426,keyboard,navigation,Keyboard navigation allows,"['<|endoftext|>', 'Key', 'board', ' navigation', ' allows']",2,3,gpt2
keyboard_navigation,9,9,0.0059,keyboard,navigation,Keyboard navigation allows,"['<|endoftext|>', 'Key', 'board', ' navigation', ' allows']",2,3,gpt2
keyboard_navigation,9,10,0.0709,keyboard,navigation,Keyboard navigation allows,"['<|endoftext|>', 'Key', 'board', ' navigation', ' allows']",2,3,gpt2
keyboard_navigation,9,11,0.0141,keyboard,navigation,Keyboard navigation allows,"['<|endoftext|>', 'Key', 'board', ' navigation', ' allows']",2,3,gpt2
keyboard_navigation,10,0,0.1732,keyboard,navigation,Keyboard navigation allows,"['<|endoftext|>', 'Key', 'board', ' navigation', ' allows']",2,3,gpt2
keyboard_navigation,10,1,0.0611,keyboard,navigation,Keyboard navigation allows,"['<|endoftext|>', 'Key', 'board', ' navigation', ' allows']",2,3,gpt2
keyboard_navigation,10,2,0.0686,keyboard,navigation,Keyboard navigation allows,"['<|endoftext|>', 'Key', 'board', ' navigation', ' allows']",2,3,gpt2
keyboard_navigation,10,3,0.02,keyboard,navigation,Keyboard navigation allows,"['<|endoftext|>', 'Key', 'board', ' navigation', ' allows']",2,3,gpt2
keyboard_navigation,10,4,0.0448,keyboard,navigation,Keyboard navigation allows,"['<|endoftext|>', 'Key', 'board', ' navigation', ' allows']",2,3,gpt2
keyboard_navigation,10,5,0.2085,keyboard,navigation,Keyboard navigation allows,"['<|endoftext|>', 'Key', 'board', ' navigation', ' allows']",2,3,gpt2
keyboard_navigation,10,6,0.053,keyboard,navigation,Keyboard navigation allows,"['<|endoftext|>', 'Key', 'board', ' navigation', ' allows']",2,3,gpt2
keyboard_navigation,10,7,0.1651,keyboard,navigation,Keyboard navigation allows,"['<|endoftext|>', 'Key', 'board', ' navigation', ' allows']",2,3,gpt2
keyboard_navigation,10,8,0.0197,keyboard,navigation,Keyboard navigation allows,"['<|endoftext|>', 'Key', 'board', ' navigation', ' allows']",2,3,gpt2
keyboard_navigation,10,9,0.2557,keyboard,navigation,Keyboard navigation allows,"['<|endoftext|>', 'Key', 'board', ' navigation', ' allows']",2,3,gpt2
keyboard_navigation,10,10,0.0505,keyboard,navigation,Keyboard navigation allows,"['<|endoftext|>', 'Key', 'board', ' navigation', ' allows']",2,3,gpt2
keyboard_navigation,10,11,0.2134,keyboard,navigation,Keyboard navigation allows,"['<|endoftext|>', 'Key', 'board', ' navigation', ' allows']",2,3,gpt2
keyboard_navigation,11,0,0.2225,keyboard,navigation,Keyboard navigation allows,"['<|endoftext|>', 'Key', 'board', ' navigation', ' allows']",2,3,gpt2
keyboard_navigation,11,1,0.1451,keyboard,navigation,Keyboard navigation allows,"['<|endoftext|>', 'Key', 'board', ' navigation', ' allows']",2,3,gpt2
keyboard_navigation,11,2,0.1044,keyboard,navigation,Keyboard navigation allows,"['<|endoftext|>', 'Key', 'board', ' navigation', ' allows']",2,3,gpt2
keyboard_navigation,11,3,0.1398,keyboard,navigation,Keyboard navigation allows,"['<|endoftext|>', 'Key', 'board', ' navigation', ' allows']",2,3,gpt2
keyboard_navigation,11,4,0.1324,keyboard,navigation,Keyboard navigation allows,"['<|endoftext|>', 'Key', 'board', ' navigation', ' allows']",2,3,gpt2
keyboard_navigation,11,5,0.0286,keyboard,navigation,Keyboard navigation allows,"['<|endoftext|>', 'Key', 'board', ' navigation', ' allows']",2,3,gpt2
keyboard_navigation,11,6,0.0499,keyboard,navigation,Keyboard navigation allows,"['<|endoftext|>', 'Key', 'board', ' navigation', ' allows']",2,3,gpt2
keyboard_navigation,11,7,0.1124,keyboard,navigation,Keyboard navigation allows,"['<|endoftext|>', 'Key', 'board', ' navigation', ' allows']",2,3,gpt2
keyboard_navigation,11,8,0.5168,keyboard,navigation,Keyboard navigation allows,"['<|endoftext|>', 'Key', 'board', ' navigation', ' allows']",2,3,gpt2
keyboard_navigation,11,9,0.0219,keyboard,navigation,Keyboard navigation allows,"['<|endoftext|>', 'Key', 'board', ' navigation', ' allows']",2,3,gpt2
keyboard_navigation,11,10,0.1997,keyboard,navigation,Keyboard navigation allows,"['<|endoftext|>', 'Key', 'board', ' navigation', ' allows']",2,3,gpt2
keyboard_navigation,11,11,0.1627,keyboard,navigation,Keyboard navigation allows,"['<|endoftext|>', 'Key', 'board', ' navigation', ' allows']",2,3,gpt2
closed_captions,0,0,0.0649,closed,captions,Closed captions display,"['<|endoftext|>', 'Cl', 'osed', ' capt', 'ions', ' display']",2,4,gpt2
closed_captions,0,1,0.0007,closed,captions,Closed captions display,"['<|endoftext|>', 'Cl', 'osed', ' capt', 'ions', ' display']",2,4,gpt2
closed_captions,0,2,0.0598,closed,captions,Closed captions display,"['<|endoftext|>', 'Cl', 'osed', ' capt', 'ions', ' display']",2,4,gpt2
closed_captions,0,3,0.0439,closed,captions,Closed captions display,"['<|endoftext|>', 'Cl', 'osed', ' capt', 'ions', ' display']",2,4,gpt2
closed_captions,0,4,0.0262,closed,captions,Closed captions display,"['<|endoftext|>', 'Cl', 'osed', ' capt', 'ions', ' display']",2,4,gpt2
closed_captions,0,5,0.0018,closed,captions,Closed captions display,"['<|endoftext|>', 'Cl', 'osed', ' capt', 'ions', ' display']",2,4,gpt2
closed_captions,0,6,0.0438,closed,captions,Closed captions display,"['<|endoftext|>', 'Cl', 'osed', ' capt', 'ions', ' display']",2,4,gpt2
closed_captions,0,7,0.0049,closed,captions,Closed captions display,"['<|endoftext|>', 'Cl', 'osed', ' capt', 'ions', ' display']",2,4,gpt2
closed_captions,0,8,0.0447,closed,captions,Closed captions display,"['<|endoftext|>', 'Cl', 'osed', ' capt', 'ions', ' display']",2,4,gpt2
closed_captions,0,9,0.0936,closed,captions,Closed captions display,"['<|endoftext|>', 'Cl', 'osed', ' capt', 'ions', ' display']",2,4,gpt2
closed_captions,0,10,0.098,closed,captions,Closed captions display,"['<|endoftext|>', 'Cl', 'osed', ' capt', 'ions', ' display']",2,4,gpt2
closed_captions,0,11,0.0428,closed,captions,Closed captions display,"['<|endoftext|>', 'Cl', 'osed', ' capt', 'ions', ' display']",2,4,gpt2
closed_captions,1,0,0.2338,closed,captions,Closed captions display,"['<|endoftext|>', 'Cl', 'osed', ' capt', 'ions', ' display']",2,4,gpt2
closed_captions,1,1,0.0671,closed,captions,Closed captions display,"['<|endoftext|>', 'Cl', 'osed', ' capt', 'ions', ' display']",2,4,gpt2
closed_captions,1,2,0.063,closed,captions,Closed captions display,"['<|endoftext|>', 'Cl', 'osed', ' capt', 'ions', ' display']",2,4,gpt2
closed_captions,1,3,0.1032,closed,captions,Closed captions display,"['<|endoftext|>', 'Cl', 'osed', ' capt', 'ions', ' display']",2,4,gpt2
closed_captions,1,4,0.0715,closed,captions,Closed captions display,"['<|endoftext|>', 'Cl', 'osed', ' capt', 'ions', ' display']",2,4,gpt2
closed_captions,1,5,0.0927,closed,captions,Closed captions display,"['<|endoftext|>', 'Cl', 'osed', ' capt', 'ions', ' display']",2,4,gpt2
closed_captions,1,6,0.1417,closed,captions,Closed captions display,"['<|endoftext|>', 'Cl', 'osed', ' capt', 'ions', ' display']",2,4,gpt2
closed_captions,1,7,0.1283,closed,captions,Closed captions display,"['<|endoftext|>', 'Cl', 'osed', ' capt', 'ions', ' display']",2,4,gpt2
closed_captions,1,8,0.0438,closed,captions,Closed captions display,"['<|endoftext|>', 'Cl', 'osed', ' capt', 'ions', ' display']",2,4,gpt2
closed_captions,1,9,0.0099,closed,captions,Closed captions display,"['<|endoftext|>', 'Cl', 'osed', ' capt', 'ions', ' display']",2,4,gpt2
closed_captions,1,10,0.2111,closed,captions,Closed captions display,"['<|endoftext|>', 'Cl', 'osed', ' capt', 'ions', ' display']",2,4,gpt2
closed_captions,1,11,0.0427,closed,captions,Closed captions display,"['<|endoftext|>', 'Cl', 'osed', ' capt', 'ions', ' display']",2,4,gpt2
closed_captions,2,0,0.0825,closed,captions,Closed captions display,"['<|endoftext|>', 'Cl', 'osed', ' capt', 'ions', ' display']",2,4,gpt2
closed_captions,2,1,0.0278,closed,captions,Closed captions display,"['<|endoftext|>', 'Cl', 'osed', ' capt', 'ions', ' display']",2,4,gpt2
closed_captions,2,2,0.0493,closed,captions,Closed captions display,"['<|endoftext|>', 'Cl', 'osed', ' capt', 'ions', ' display']",2,4,gpt2
closed_captions,2,3,0.4419,closed,captions,Closed captions display,"['<|endoftext|>', 'Cl', 'osed', ' capt', 'ions', ' display']",2,4,gpt2
closed_captions,2,4,0.4776,closed,captions,Closed captions display,"['<|endoftext|>', 'Cl', 'osed', ' capt', 'ions', ' display']",2,4,gpt2
closed_captions,2,5,0.0695,closed,captions,Closed captions display,"['<|endoftext|>', 'Cl', 'osed', ' capt', 'ions', ' display']",2,4,gpt2
closed_captions,2,6,0.0725,closed,captions,Closed captions display,"['<|endoftext|>', 'Cl', 'osed', ' capt', 'ions', ' display']",2,4,gpt2
closed_captions,2,7,0.0732,closed,captions,Closed captions display,"['<|endoftext|>', 'Cl', 'osed', ' capt', 'ions', ' display']",2,4,gpt2
closed_captions,2,8,0.6097,closed,captions,Closed captions display,"['<|endoftext|>', 'Cl', 'osed', ' capt', 'ions', ' display']",2,4,gpt2
closed_captions,2,9,0.3536,closed,captions,Closed captions display,"['<|endoftext|>', 'Cl', 'osed', ' capt', 'ions', ' display']",2,4,gpt2
closed_captions,2,10,0.1073,closed,captions,Closed captions display,"['<|endoftext|>', 'Cl', 'osed', ' capt', 'ions', ' display']",2,4,gpt2
closed_captions,2,11,0.0547,closed,captions,Closed captions display,"['<|endoftext|>', 'Cl', 'osed', ' capt', 'ions', ' display']",2,4,gpt2
closed_captions,3,0,0.0001,closed,captions,Closed captions display,"['<|endoftext|>', 'Cl', 'osed', ' capt', 'ions', ' display']",2,4,gpt2
closed_captions,3,1,0.0209,closed,captions,Closed captions display,"['<|endoftext|>', 'Cl', 'osed', ' capt', 'ions', ' display']",2,4,gpt2
closed_captions,3,2,0.3529,closed,captions,Closed captions display,"['<|endoftext|>', 'Cl', 'osed', ' capt', 'ions', ' display']",2,4,gpt2
closed_captions,3,3,0.1572,closed,captions,Closed captions display,"['<|endoftext|>', 'Cl', 'osed', ' capt', 'ions', ' display']",2,4,gpt2
closed_captions,3,4,0.0094,closed,captions,Closed captions display,"['<|endoftext|>', 'Cl', 'osed', ' capt', 'ions', ' display']",2,4,gpt2
closed_captions,3,5,0.0663,closed,captions,Closed captions display,"['<|endoftext|>', 'Cl', 'osed', ' capt', 'ions', ' display']",2,4,gpt2
closed_captions,3,6,0.1781,closed,captions,Closed captions display,"['<|endoftext|>', 'Cl', 'osed', ' capt', 'ions', ' display']",2,4,gpt2
closed_captions,3,7,0.2486,closed,captions,Closed captions display,"['<|endoftext|>', 'Cl', 'osed', ' capt', 'ions', ' display']",2,4,gpt2
closed_captions,3,8,0.1641,closed,captions,Closed captions display,"['<|endoftext|>', 'Cl', 'osed', ' capt', 'ions', ' display']",2,4,gpt2
closed_captions,3,9,0.6885,closed,captions,Closed captions display,"['<|endoftext|>', 'Cl', 'osed', ' capt', 'ions', ' display']",2,4,gpt2
closed_captions,3,10,0.0205,closed,captions,Closed captions display,"['<|endoftext|>', 'Cl', 'osed', ' capt', 'ions', ' display']",2,4,gpt2
closed_captions,3,11,0.6185,closed,captions,Closed captions display,"['<|endoftext|>', 'Cl', 'osed', ' capt', 'ions', ' display']",2,4,gpt2
closed_captions,4,0,0.502,closed,captions,Closed captions display,"['<|endoftext|>', 'Cl', 'osed', ' capt', 'ions', ' display']",2,4,gpt2
closed_captions,4,1,0.0671,closed,captions,Closed captions display,"['<|endoftext|>', 'Cl', 'osed', ' capt', 'ions', ' display']",2,4,gpt2
closed_captions,4,2,0.1531,closed,captions,Closed captions display,"['<|endoftext|>', 'Cl', 'osed', ' capt', 'ions', ' display']",2,4,gpt2
closed_captions,4,3,0.0325,closed,captions,Closed captions display,"['<|endoftext|>', 'Cl', 'osed', ' capt', 'ions', ' display']",2,4,gpt2
closed_captions,4,4,0.0031,closed,captions,Closed captions display,"['<|endoftext|>', 'Cl', 'osed', ' capt', 'ions', ' display']",2,4,gpt2
closed_captions,4,5,0.7754,closed,captions,Closed captions display,"['<|endoftext|>', 'Cl', 'osed', ' capt', 'ions', ' display']",2,4,gpt2
closed_captions,4,6,0.0936,closed,captions,Closed captions display,"['<|endoftext|>', 'Cl', 'osed', ' capt', 'ions', ' display']",2,4,gpt2
closed_captions,4,7,0.0886,closed,captions,Closed captions display,"['<|endoftext|>', 'Cl', 'osed', ' capt', 'ions', ' display']",2,4,gpt2
closed_captions,4,8,0.0262,closed,captions,Closed captions display,"['<|endoftext|>', 'Cl', 'osed', ' capt', 'ions', ' display']",2,4,gpt2
closed_captions,4,9,0.2564,closed,captions,Closed captions display,"['<|endoftext|>', 'Cl', 'osed', ' capt', 'ions', ' display']",2,4,gpt2
closed_captions,4,10,0.009,closed,captions,Closed captions display,"['<|endoftext|>', 'Cl', 'osed', ' capt', 'ions', ' display']",2,4,gpt2
closed_captions,4,11,0.0,closed,captions,Closed captions display,"['<|endoftext|>', 'Cl', 'osed', ' capt', 'ions', ' display']",2,4,gpt2
closed_captions,5,0,0.0002,closed,captions,Closed captions display,"['<|endoftext|>', 'Cl', 'osed', ' capt', 'ions', ' display']",2,4,gpt2
closed_captions,5,1,0.0,closed,captions,Closed captions display,"['<|endoftext|>', 'Cl', 'osed', ' capt', 'ions', ' display']",2,4,gpt2
closed_captions,5,2,0.0435,closed,captions,Closed captions display,"['<|endoftext|>', 'Cl', 'osed', ' capt', 'ions', ' display']",2,4,gpt2
closed_captions,5,3,0.1649,closed,captions,Closed captions display,"['<|endoftext|>', 'Cl', 'osed', ' capt', 'ions', ' display']",2,4,gpt2
closed_captions,5,4,0.1428,closed,captions,Closed captions display,"['<|endoftext|>', 'Cl', 'osed', ' capt', 'ions', ' display']",2,4,gpt2
closed_captions,5,5,0.0,closed,captions,Closed captions display,"['<|endoftext|>', 'Cl', 'osed', ' capt', 'ions', ' display']",2,4,gpt2
closed_captions,5,6,0.0039,closed,captions,Closed captions display,"['<|endoftext|>', 'Cl', 'osed', ' capt', 'ions', ' display']",2,4,gpt2
closed_captions,5,7,0.0821,closed,captions,Closed captions display,"['<|endoftext|>', 'Cl', 'osed', ' capt', 'ions', ' display']",2,4,gpt2
closed_captions,5,8,0.0009,closed,captions,Closed captions display,"['<|endoftext|>', 'Cl', 'osed', ' capt', 'ions', ' display']",2,4,gpt2
closed_captions,5,9,0.0073,closed,captions,Closed captions display,"['<|endoftext|>', 'Cl', 'osed', ' capt', 'ions', ' display']",2,4,gpt2
closed_captions,5,10,0.006,closed,captions,Closed captions display,"['<|endoftext|>', 'Cl', 'osed', ' capt', 'ions', ' display']",2,4,gpt2
closed_captions,5,11,0.0188,closed,captions,Closed captions display,"['<|endoftext|>', 'Cl', 'osed', ' capt', 'ions', ' display']",2,4,gpt2
closed_captions,6,0,0.3189,closed,captions,Closed captions display,"['<|endoftext|>', 'Cl', 'osed', ' capt', 'ions', ' display']",2,4,gpt2
closed_captions,6,1,0.0158,closed,captions,Closed captions display,"['<|endoftext|>', 'Cl', 'osed', ' capt', 'ions', ' display']",2,4,gpt2
closed_captions,6,2,0.0132,closed,captions,Closed captions display,"['<|endoftext|>', 'Cl', 'osed', ' capt', 'ions', ' display']",2,4,gpt2
closed_captions,6,3,0.0162,closed,captions,Closed captions display,"['<|endoftext|>', 'Cl', 'osed', ' capt', 'ions', ' display']",2,4,gpt2
closed_captions,6,4,0.061,closed,captions,Closed captions display,"['<|endoftext|>', 'Cl', 'osed', ' capt', 'ions', ' display']",2,4,gpt2
closed_captions,6,5,0.0378,closed,captions,Closed captions display,"['<|endoftext|>', 'Cl', 'osed', ' capt', 'ions', ' display']",2,4,gpt2
closed_captions,6,6,0.031,closed,captions,Closed captions display,"['<|endoftext|>', 'Cl', 'osed', ' capt', 'ions', ' display']",2,4,gpt2
closed_captions,6,7,0.055,closed,captions,Closed captions display,"['<|endoftext|>', 'Cl', 'osed', ' capt', 'ions', ' display']",2,4,gpt2
closed_captions,6,8,0.1447,closed,captions,Closed captions display,"['<|endoftext|>', 'Cl', 'osed', ' capt', 'ions', ' display']",2,4,gpt2
closed_captions,6,9,0.0,closed,captions,Closed captions display,"['<|endoftext|>', 'Cl', 'osed', ' capt', 'ions', ' display']",2,4,gpt2
closed_captions,6,10,0.003,closed,captions,Closed captions display,"['<|endoftext|>', 'Cl', 'osed', ' capt', 'ions', ' display']",2,4,gpt2
closed_captions,6,11,0.2417,closed,captions,Closed captions display,"['<|endoftext|>', 'Cl', 'osed', ' capt', 'ions', ' display']",2,4,gpt2
closed_captions,7,0,0.5409,closed,captions,Closed captions display,"['<|endoftext|>', 'Cl', 'osed', ' capt', 'ions', ' display']",2,4,gpt2
closed_captions,7,1,0.0013,closed,captions,Closed captions display,"['<|endoftext|>', 'Cl', 'osed', ' capt', 'ions', ' display']",2,4,gpt2
closed_captions,7,2,0.0,closed,captions,Closed captions display,"['<|endoftext|>', 'Cl', 'osed', ' capt', 'ions', ' display']",2,4,gpt2
closed_captions,7,3,0.0505,closed,captions,Closed captions display,"['<|endoftext|>', 'Cl', 'osed', ' capt', 'ions', ' display']",2,4,gpt2
closed_captions,7,4,0.1231,closed,captions,Closed captions display,"['<|endoftext|>', 'Cl', 'osed', ' capt', 'ions', ' display']",2,4,gpt2
closed_captions,7,5,0.0802,closed,captions,Closed captions display,"['<|endoftext|>', 'Cl', 'osed', ' capt', 'ions', ' display']",2,4,gpt2
closed_captions,7,6,0.0143,closed,captions,Closed captions display,"['<|endoftext|>', 'Cl', 'osed', ' capt', 'ions', ' display']",2,4,gpt2
closed_captions,7,7,0.0066,closed,captions,Closed captions display,"['<|endoftext|>', 'Cl', 'osed', ' capt', 'ions', ' display']",2,4,gpt2
closed_captions,7,8,0.0369,closed,captions,Closed captions display,"['<|endoftext|>', 'Cl', 'osed', ' capt', 'ions', ' display']",2,4,gpt2
closed_captions,7,9,0.0096,closed,captions,Closed captions display,"['<|endoftext|>', 'Cl', 'osed', ' capt', 'ions', ' display']",2,4,gpt2
closed_captions,7,10,0.0001,closed,captions,Closed captions display,"['<|endoftext|>', 'Cl', 'osed', ' capt', 'ions', ' display']",2,4,gpt2
closed_captions,7,11,0.0005,closed,captions,Closed captions display,"['<|endoftext|>', 'Cl', 'osed', ' capt', 'ions', ' display']",2,4,gpt2
closed_captions,8,0,0.0207,closed,captions,Closed captions display,"['<|endoftext|>', 'Cl', 'osed', ' capt', 'ions', ' display']",2,4,gpt2
closed_captions,8,1,0.0064,closed,captions,Closed captions display,"['<|endoftext|>', 'Cl', 'osed', ' capt', 'ions', ' display']",2,4,gpt2
closed_captions,8,2,0.0141,closed,captions,Closed captions display,"['<|endoftext|>', 'Cl', 'osed', ' capt', 'ions', ' display']",2,4,gpt2
closed_captions,8,3,0.0152,closed,captions,Closed captions display,"['<|endoftext|>', 'Cl', 'osed', ' capt', 'ions', ' display']",2,4,gpt2
closed_captions,8,4,0.0414,closed,captions,Closed captions display,"['<|endoftext|>', 'Cl', 'osed', ' capt', 'ions', ' display']",2,4,gpt2
closed_captions,8,5,0.1177,closed,captions,Closed captions display,"['<|endoftext|>', 'Cl', 'osed', ' capt', 'ions', ' display']",2,4,gpt2
closed_captions,8,6,0.0212,closed,captions,Closed captions display,"['<|endoftext|>', 'Cl', 'osed', ' capt', 'ions', ' display']",2,4,gpt2
closed_captions,8,7,0.1076,closed,captions,Closed captions display,"['<|endoftext|>', 'Cl', 'osed', ' capt', 'ions', ' display']",2,4,gpt2
closed_captions,8,8,0.0718,closed,captions,Closed captions display,"['<|endoftext|>', 'Cl', 'osed', ' capt', 'ions', ' display']",2,4,gpt2
closed_captions,8,9,0.0325,closed,captions,Closed captions display,"['<|endoftext|>', 'Cl', 'osed', ' capt', 'ions', ' display']",2,4,gpt2
closed_captions,8,10,0.019,closed,captions,Closed captions display,"['<|endoftext|>', 'Cl', 'osed', ' capt', 'ions', ' display']",2,4,gpt2
closed_captions,8,11,0.0156,closed,captions,Closed captions display,"['<|endoftext|>', 'Cl', 'osed', ' capt', 'ions', ' display']",2,4,gpt2
closed_captions,9,0,0.0344,closed,captions,Closed captions display,"['<|endoftext|>', 'Cl', 'osed', ' capt', 'ions', ' display']",2,4,gpt2
closed_captions,9,1,0.0078,closed,captions,Closed captions display,"['<|endoftext|>', 'Cl', 'osed', ' capt', 'ions', ' display']",2,4,gpt2
closed_captions,9,2,0.0043,closed,captions,Closed captions display,"['<|endoftext|>', 'Cl', 'osed', ' capt', 'ions', ' display']",2,4,gpt2
closed_captions,9,3,0.0843,closed,captions,Closed captions display,"['<|endoftext|>', 'Cl', 'osed', ' capt', 'ions', ' display']",2,4,gpt2
closed_captions,9,4,0.0092,closed,captions,Closed captions display,"['<|endoftext|>', 'Cl', 'osed', ' capt', 'ions', ' display']",2,4,gpt2
closed_captions,9,5,0.0089,closed,captions,Closed captions display,"['<|endoftext|>', 'Cl', 'osed', ' capt', 'ions', ' display']",2,4,gpt2
closed_captions,9,6,0.0131,closed,captions,Closed captions display,"['<|endoftext|>', 'Cl', 'osed', ' capt', 'ions', ' display']",2,4,gpt2
closed_captions,9,7,0.0378,closed,captions,Closed captions display,"['<|endoftext|>', 'Cl', 'osed', ' capt', 'ions', ' display']",2,4,gpt2
closed_captions,9,8,0.0032,closed,captions,Closed captions display,"['<|endoftext|>', 'Cl', 'osed', ' capt', 'ions', ' display']",2,4,gpt2
closed_captions,9,9,0.0011,closed,captions,Closed captions display,"['<|endoftext|>', 'Cl', 'osed', ' capt', 'ions', ' display']",2,4,gpt2
closed_captions,9,10,0.0844,closed,captions,Closed captions display,"['<|endoftext|>', 'Cl', 'osed', ' capt', 'ions', ' display']",2,4,gpt2
closed_captions,9,11,0.0094,closed,captions,Closed captions display,"['<|endoftext|>', 'Cl', 'osed', ' capt', 'ions', ' display']",2,4,gpt2
closed_captions,10,0,0.0137,closed,captions,Closed captions display,"['<|endoftext|>', 'Cl', 'osed', ' capt', 'ions', ' display']",2,4,gpt2
closed_captions,10,1,0.0526,closed,captions,Closed captions display,"['<|endoftext|>', 'Cl', 'osed', ' capt', 'ions', ' display']",2,4,gpt2
closed_captions,10,2,0.0188,closed,captions,Closed captions display,"['<|endoftext|>', 'Cl', 'osed', ' capt', 'ions', ' display']",2,4,gpt2
closed_captions,10,3,0.0204,closed,captions,Closed captions display,"['<|endoftext|>', 'Cl', 'osed', ' capt', 'ions', ' display']",2,4,gpt2
closed_captions,10,4,0.1125,closed,captions,Closed captions display,"['<|endoftext|>', 'Cl', 'osed', ' capt', 'ions', ' display']",2,4,gpt2
closed_captions,10,5,0.1054,closed,captions,Closed captions display,"['<|endoftext|>', 'Cl', 'osed', ' capt', 'ions', ' display']",2,4,gpt2
closed_captions,10,6,0.0389,closed,captions,Closed captions display,"['<|endoftext|>', 'Cl', 'osed', ' capt', 'ions', ' display']",2,4,gpt2
closed_captions,10,7,0.0152,closed,captions,Closed captions display,"['<|endoftext|>', 'Cl', 'osed', ' capt', 'ions', ' display']",2,4,gpt2
closed_captions,10,8,0.0053,closed,captions,Closed captions display,"['<|endoftext|>', 'Cl', 'osed', ' capt', 'ions', ' display']",2,4,gpt2
closed_captions,10,9,0.0664,closed,captions,Closed captions display,"['<|endoftext|>', 'Cl', 'osed', ' capt', 'ions', ' display']",2,4,gpt2
closed_captions,10,10,0.0126,closed,captions,Closed captions display,"['<|endoftext|>', 'Cl', 'osed', ' capt', 'ions', ' display']",2,4,gpt2
closed_captions,10,11,0.0707,closed,captions,Closed captions display,"['<|endoftext|>', 'Cl', 'osed', ' capt', 'ions', ' display']",2,4,gpt2
closed_captions,11,0,0.0871,closed,captions,Closed captions display,"['<|endoftext|>', 'Cl', 'osed', ' capt', 'ions', ' display']",2,4,gpt2
closed_captions,11,1,0.024,closed,captions,Closed captions display,"['<|endoftext|>', 'Cl', 'osed', ' capt', 'ions', ' display']",2,4,gpt2
closed_captions,11,2,0.0238,closed,captions,Closed captions display,"['<|endoftext|>', 'Cl', 'osed', ' capt', 'ions', ' display']",2,4,gpt2
closed_captions,11,3,0.097,closed,captions,Closed captions display,"['<|endoftext|>', 'Cl', 'osed', ' capt', 'ions', ' display']",2,4,gpt2
closed_captions,11,4,0.0256,closed,captions,Closed captions display,"['<|endoftext|>', 'Cl', 'osed', ' capt', 'ions', ' display']",2,4,gpt2
closed_captions,11,5,0.0383,closed,captions,Closed captions display,"['<|endoftext|>', 'Cl', 'osed', ' capt', 'ions', ' display']",2,4,gpt2
closed_captions,11,6,0.0245,closed,captions,Closed captions display,"['<|endoftext|>', 'Cl', 'osed', ' capt', 'ions', ' display']",2,4,gpt2
closed_captions,11,7,0.0718,closed,captions,Closed captions display,"['<|endoftext|>', 'Cl', 'osed', ' capt', 'ions', ' display']",2,4,gpt2
closed_captions,11,8,0.3228,closed,captions,Closed captions display,"['<|endoftext|>', 'Cl', 'osed', ' capt', 'ions', ' display']",2,4,gpt2
closed_captions,11,9,0.0318,closed,captions,Closed captions display,"['<|endoftext|>', 'Cl', 'osed', ' capt', 'ions', ' display']",2,4,gpt2
closed_captions,11,10,0.1676,closed,captions,Closed captions display,"['<|endoftext|>', 'Cl', 'osed', ' capt', 'ions', ' display']",2,4,gpt2
closed_captions,11,11,0.1691,closed,captions,Closed captions display,"['<|endoftext|>', 'Cl', 'osed', ' capt', 'ions', ' display']",2,4,gpt2
page_title,0,0,0.319,page,title,A page title describes,"['<|endoftext|>', 'A', ' page', ' title', ' describes']",2,3,gpt2
page_title,0,1,0.0092,page,title,A page title describes,"['<|endoftext|>', 'A', ' page', ' title', ' describes']",2,3,gpt2
page_title,0,2,0.0839,page,title,A page title describes,"['<|endoftext|>', 'A', ' page', ' title', ' describes']",2,3,gpt2
page_title,0,3,0.0182,page,title,A page title describes,"['<|endoftext|>', 'A', ' page', ' title', ' describes']",2,3,gpt2
page_title,0,4,0.0934,page,title,A page title describes,"['<|endoftext|>', 'A', ' page', ' title', ' describes']",2,3,gpt2
page_title,0,5,0.0051,page,title,A page title describes,"['<|endoftext|>', 'A', ' page', ' title', ' describes']",2,3,gpt2
page_title,0,6,0.1825,page,title,A page title describes,"['<|endoftext|>', 'A', ' page', ' title', ' describes']",2,3,gpt2
page_title,0,7,0.2332,page,title,A page title describes,"['<|endoftext|>', 'A', ' page', ' title', ' describes']",2,3,gpt2
page_title,0,8,0.136,page,title,A page title describes,"['<|endoftext|>', 'A', ' page', ' title', ' describes']",2,3,gpt2
page_title,0,9,0.1193,page,title,A page title describes,"['<|endoftext|>', 'A', ' page', ' title', ' describes']",2,3,gpt2
page_title,0,10,0.0989,page,title,A page title describes,"['<|endoftext|>', 'A', ' page', ' title', ' describes']",2,3,gpt2
page_title,0,11,0.2611,page,title,A page title describes,"['<|endoftext|>', 'A', ' page', ' title', ' describes']",2,3,gpt2
page_title,1,0,0.1995,page,title,A page title describes,"['<|endoftext|>', 'A', ' page', ' title', ' describes']",2,3,gpt2
page_title,1,1,0.1239,page,title,A page title describes,"['<|endoftext|>', 'A', ' page', ' title', ' describes']",2,3,gpt2
page_title,1,2,0.1057,page,title,A page title describes,"['<|endoftext|>', 'A', ' page', ' title', ' describes']",2,3,gpt2
page_title,1,3,0.1495,page,title,A page title describes,"['<|endoftext|>', 'A', ' page', ' title', ' describes']",2,3,gpt2
page_title,1,4,0.0927,page,title,A page title describes,"['<|endoftext|>', 'A', ' page', ' title', ' describes']",2,3,gpt2
page_title,1,5,0.1225,page,title,A page title describes,"['<|endoftext|>', 'A', ' page', ' title', ' describes']",2,3,gpt2
page_title,1,6,0.1196,page,title,A page title describes,"['<|endoftext|>', 'A', ' page', ' title', ' describes']",2,3,gpt2
page_title,1,7,0.0539,page,title,A page title describes,"['<|endoftext|>', 'A', ' page', ' title', ' describes']",2,3,gpt2
page_title,1,8,0.0893,page,title,A page title describes,"['<|endoftext|>', 'A', ' page', ' title', ' describes']",2,3,gpt2
page_title,1,9,0.0197,page,title,A page title describes,"['<|endoftext|>', 'A', ' page', ' title', ' describes']",2,3,gpt2
page_title,1,10,0.3568,page,title,A page title describes,"['<|endoftext|>', 'A', ' page', ' title', ' describes']",2,3,gpt2
page_title,1,11,0.0095,page,title,A page title describes,"['<|endoftext|>', 'A', ' page', ' title', ' describes']",2,3,gpt2
page_title,2,0,0.1417,page,title,A page title describes,"['<|endoftext|>', 'A', ' page', ' title', ' describes']",2,3,gpt2
page_title,2,1,0.0986,page,title,A page title describes,"['<|endoftext|>', 'A', ' page', ' title', ' describes']",2,3,gpt2
page_title,2,2,0.6035,page,title,A page title describes,"['<|endoftext|>', 'A', ' page', ' title', ' describes']",2,3,gpt2
page_title,2,3,0.0323,page,title,A page title describes,"['<|endoftext|>', 'A', ' page', ' title', ' describes']",2,3,gpt2
page_title,2,4,0.2171,page,title,A page title describes,"['<|endoftext|>', 'A', ' page', ' title', ' describes']",2,3,gpt2
page_title,2,5,0.3517,page,title,A page title describes,"['<|endoftext|>', 'A', ' page', ' title', ' describes']",2,3,gpt2
page_title,2,6,0.0807,page,title,A page title describes,"['<|endoftext|>', 'A', ' page', ' title', ' describes']",2,3,gpt2
page_title,2,7,0.2371,page,title,A page title describes,"['<|endoftext|>', 'A', ' page', ' title', ' describes']",2,3,gpt2
page_title,2,8,0.1697,page,title,A page title describes,"['<|endoftext|>', 'A', ' page', ' title', ' describes']",2,3,gpt2
page_title,2,9,0.6163,page,title,A page title describes,"['<|endoftext|>', 'A', ' page', ' title', ' describes']",2,3,gpt2
page_title,2,10,0.2223,page,title,A page title describes,"['<|endoftext|>', 'A', ' page', ' title', ' describes']",2,3,gpt2
page_title,2,11,0.0742,page,title,A page title describes,"['<|endoftext|>', 'A', ' page', ' title', ' describes']",2,3,gpt2
page_title,3,0,0.0,page,title,A page title describes,"['<|endoftext|>', 'A', ' page', ' title', ' describes']",2,3,gpt2
page_title,3,1,0.0233,page,title,A page title describes,"['<|endoftext|>', 'A', ' page', ' title', ' describes']",2,3,gpt2
page_title,3,2,0.1767,page,title,A page title describes,"['<|endoftext|>', 'A', ' page', ' title', ' describes']",2,3,gpt2
page_title,3,3,0.4621,page,title,A page title describes,"['<|endoftext|>', 'A', ' page', ' title', ' describes']",2,3,gpt2
page_title,3,4,0.0088,page,title,A page title describes,"['<|endoftext|>', 'A', ' page', ' title', ' describes']",2,3,gpt2
page_title,3,5,0.1099,page,title,A page title describes,"['<|endoftext|>', 'A', ' page', ' title', ' describes']",2,3,gpt2
page_title,3,6,0.4885,page,title,A page title describes,"['<|endoftext|>', 'A', ' page', ' title', ' describes']",2,3,gpt2
page_title,3,7,0.9488,page,title,A page title describes,"['<|endoftext|>', 'A', ' page', ' title', ' describes']",2,3,gpt2
page_title,3,8,0.4047,page,title,A page title describes,"['<|endoftext|>', 'A', ' page', ' title', ' describes']",2,3,gpt2
page_title,3,9,0.0127,page,title,A page title describes,"['<|endoftext|>', 'A', ' page', ' title', ' describes']",2,3,gpt2
page_title,3,10,0.1387,page,title,A page title describes,"['<|endoftext|>', 'A', ' page', ' title', ' describes']",2,3,gpt2
page_title,3,11,0.3079,page,title,A page title describes,"['<|endoftext|>', 'A', ' page', ' title', ' describes']",2,3,gpt2
page_title,4,0,0.1238,page,title,A page title describes,"['<|endoftext|>', 'A', ' page', ' title', ' describes']",2,3,gpt2
page_title,4,1,0.0502,page,title,A page title describes,"['<|endoftext|>', 'A', ' page', ' title', ' describes']",2,3,gpt2
page_title,4,2,0.0104,page,title,A page title describes,"['<|endoftext|>', 'A', ' page', ' title', ' describes']",2,3,gpt2
page_title,4,3,0.555,page,title,A page title describes,"['<|endoftext|>', 'A', ' page', ' title', ' describes']",2,3,gpt2
page_title,4,4,0.0934,page,title,A page title describes,"['<|endoftext|>', 'A', ' page', ' title', ' describes']",2,3,gpt2
page_title,4,5,0.4081,page,title,A page title describes,"['<|endoftext|>', 'A', ' page', ' title', ' describes']",2,3,gpt2
page_title,4,6,0.0576,page,title,A page title describes,"['<|endoftext|>', 'A', ' page', ' title', ' describes']",2,3,gpt2
page_title,4,7,0.4374,page,title,A page title describes,"['<|endoftext|>', 'A', ' page', ' title', ' describes']",2,3,gpt2
page_title,4,8,0.0528,page,title,A page title describes,"['<|endoftext|>', 'A', ' page', ' title', ' describes']",2,3,gpt2
page_title,4,9,0.049,page,title,A page title describes,"['<|endoftext|>', 'A', ' page', ' title', ' describes']",2,3,gpt2
page_title,4,10,0.0369,page,title,A page title describes,"['<|endoftext|>', 'A', ' page', ' title', ' describes']",2,3,gpt2
page_title,4,11,1.0,page,title,A page title describes,"['<|endoftext|>', 'A', ' page', ' title', ' describes']",2,3,gpt2
page_title,5,0,0.0007,page,title,A page title describes,"['<|endoftext|>', 'A', ' page', ' title', ' describes']",2,3,gpt2
page_title,5,1,0.0,page,title,A page title describes,"['<|endoftext|>', 'A', ' page', ' title', ' describes']",2,3,gpt2
page_title,5,2,0.137,page,title,A page title describes,"['<|endoftext|>', 'A', ' page', ' title', ' describes']",2,3,gpt2
page_title,5,3,0.092,page,title,A page title describes,"['<|endoftext|>', 'A', ' page', ' title', ' describes']",2,3,gpt2
page_title,5,4,0.066,page,title,A page title describes,"['<|endoftext|>', 'A', ' page', ' title', ' describes']",2,3,gpt2
page_title,5,5,0.001,page,title,A page title describes,"['<|endoftext|>', 'A', ' page', ' title', ' describes']",2,3,gpt2
page_title,5,6,0.3701,page,title,A page title describes,"['<|endoftext|>', 'A', ' page', ' title', ' describes']",2,3,gpt2
page_title,5,7,0.0476,page,title,A page title describes,"['<|endoftext|>', 'A', ' page', ' title', ' describes']",2,3,gpt2
page_title,5,8,0.0044,page,title,A page title describes,"['<|endoftext|>', 'A', ' page', ' title', ' describes']",2,3,gpt2
page_title,5,9,0.0322,page,title,A page title describes,"['<|endoftext|>', 'A', ' page', ' title', ' describes']",2,3,gpt2
page_title,5,10,0.1949,page,title,A page title describes,"['<|endoftext|>', 'A', ' page', ' title', ' describes']",2,3,gpt2
page_title,5,11,0.0665,page,title,A page title describes,"['<|endoftext|>', 'A', ' page', ' title', ' describes']",2,3,gpt2
page_title,6,0,0.2492,page,title,A page title describes,"['<|endoftext|>', 'A', ' page', ' title', ' describes']",2,3,gpt2
page_title,6,1,0.0197,page,title,A page title describes,"['<|endoftext|>', 'A', ' page', ' title', ' describes']",2,3,gpt2
page_title,6,2,0.0165,page,title,A page title describes,"['<|endoftext|>', 'A', ' page', ' title', ' describes']",2,3,gpt2
page_title,6,3,0.021,page,title,A page title describes,"['<|endoftext|>', 'A', ' page', ' title', ' describes']",2,3,gpt2
page_title,6,4,0.0723,page,title,A page title describes,"['<|endoftext|>', 'A', ' page', ' title', ' describes']",2,3,gpt2
page_title,6,5,0.0843,page,title,A page title describes,"['<|endoftext|>', 'A', ' page', ' title', ' describes']",2,3,gpt2
page_title,6,6,0.0197,page,title,A page title describes,"['<|endoftext|>', 'A', ' page', ' title', ' describes']",2,3,gpt2
page_title,6,7,0.2361,page,title,A page title describes,"['<|endoftext|>', 'A', ' page', ' title', ' describes']",2,3,gpt2
page_title,6,8,0.3568,page,title,A page title describes,"['<|endoftext|>', 'A', ' page', ' title', ' describes']",2,3,gpt2
page_title,6,9,0.0002,page,title,A page title describes,"['<|endoftext|>', 'A', ' page', ' title', ' describes']",2,3,gpt2
page_title,6,10,0.0171,page,title,A page title describes,"['<|endoftext|>', 'A', ' page', ' title', ' describes']",2,3,gpt2
page_title,6,11,0.0704,page,title,A page title describes,"['<|endoftext|>', 'A', ' page', ' title', ' describes']",2,3,gpt2
page_title,7,0,0.3835,page,title,A page title describes,"['<|endoftext|>', 'A', ' page', ' title', ' describes']",2,3,gpt2
page_title,7,1,0.001,page,title,A page title describes,"['<|endoftext|>', 'A', ' page', ' title', ' describes']",2,3,gpt2
page_title,7,2,0.0,page,title,A page title describes,"['<|endoftext|>', 'A', ' page', ' title', ' describes']",2,3,gpt2
page_title,7,3,0.0181,page,title,A page title describes,"['<|endoftext|>', 'A', ' page', ' title', ' describes']",2,3,gpt2
page_title,7,4,0.041,page,title,A page title describes,"['<|endoftext|>', 'A', ' page', ' title', ' describes']",2,3,gpt2
page_title,7,5,0.0196,page,title,A page title describes,"['<|endoftext|>', 'A', ' page', ' title', ' describes']",2,3,gpt2
page_title,7,6,0.01,page,title,A page title describes,"['<|endoftext|>', 'A', ' page', ' title', ' describes']",2,3,gpt2
page_title,7,7,0.0047,page,title,A page title describes,"['<|endoftext|>', 'A', ' page', ' title', ' describes']",2,3,gpt2
page_title,7,8,0.0388,page,title,A page title describes,"['<|endoftext|>', 'A', ' page', ' title', ' describes']",2,3,gpt2
page_title,7,9,0.0141,page,title,A page title describes,"['<|endoftext|>', 'A', ' page', ' title', ' describes']",2,3,gpt2
page_title,7,10,0.0002,page,title,A page title describes,"['<|endoftext|>', 'A', ' page', ' title', ' describes']",2,3,gpt2
page_title,7,11,0.0014,page,title,A page title describes,"['<|endoftext|>', 'A', ' page', ' title', ' describes']",2,3,gpt2
page_title,8,0,0.0088,page,title,A page title describes,"['<|endoftext|>', 'A', ' page', ' title', ' describes']",2,3,gpt2
page_title,8,1,0.0013,page,title,A page title describes,"['<|endoftext|>', 'A', ' page', ' title', ' describes']",2,3,gpt2
page_title,8,2,0.038,page,title,A page title describes,"['<|endoftext|>', 'A', ' page', ' title', ' describes']",2,3,gpt2
page_title,8,3,0.0074,page,title,A page title describes,"['<|endoftext|>', 'A', ' page', ' title', ' describes']",2,3,gpt2
page_title,8,4,0.0484,page,title,A page title describes,"['<|endoftext|>', 'A', ' page', ' title', ' describes']",2,3,gpt2
page_title,8,5,0.127,page,title,A page title describes,"['<|endoftext|>', 'A', ' page', ' title', ' describes']",2,3,gpt2
page_title,8,6,0.0029,page,title,A page title describes,"['<|endoftext|>', 'A', ' page', ' title', ' describes']",2,3,gpt2
page_title,8,7,0.1644,page,title,A page title describes,"['<|endoftext|>', 'A', ' page', ' title', ' describes']",2,3,gpt2
page_title,8,8,0.0338,page,title,A page title describes,"['<|endoftext|>', 'A', ' page', ' title', ' describes']",2,3,gpt2
page_title,8,9,0.0226,page,title,A page title describes,"['<|endoftext|>', 'A', ' page', ' title', ' describes']",2,3,gpt2
page_title,8,10,0.036,page,title,A page title describes,"['<|endoftext|>', 'A', ' page', ' title', ' describes']",2,3,gpt2
page_title,8,11,0.0286,page,title,A page title describes,"['<|endoftext|>', 'A', ' page', ' title', ' describes']",2,3,gpt2
page_title,9,0,0.1416,page,title,A page title describes,"['<|endoftext|>', 'A', ' page', ' title', ' describes']",2,3,gpt2
page_title,9,1,0.0079,page,title,A page title describes,"['<|endoftext|>', 'A', ' page', ' title', ' describes']",2,3,gpt2
page_title,9,2,0.0072,page,title,A page title describes,"['<|endoftext|>', 'A', ' page', ' title', ' describes']",2,3,gpt2
page_title,9,3,0.1813,page,title,A page title describes,"['<|endoftext|>', 'A', ' page', ' title', ' describes']",2,3,gpt2
page_title,9,4,0.01,page,title,A page title describes,"['<|endoftext|>', 'A', ' page', ' title', ' describes']",2,3,gpt2
page_title,9,5,0.0115,page,title,A page title describes,"['<|endoftext|>', 'A', ' page', ' title', ' describes']",2,3,gpt2
page_title,9,6,0.0148,page,title,A page title describes,"['<|endoftext|>', 'A', ' page', ' title', ' describes']",2,3,gpt2
page_title,9,7,0.0235,page,title,A page title describes,"['<|endoftext|>', 'A', ' page', ' title', ' describes']",2,3,gpt2
page_title,9,8,0.0761,page,title,A page title describes,"['<|endoftext|>', 'A', ' page', ' title', ' describes']",2,3,gpt2
page_title,9,9,0.0116,page,title,A page title describes,"['<|endoftext|>', 'A', ' page', ' title', ' describes']",2,3,gpt2
page_title,9,10,0.0569,page,title,A page title describes,"['<|endoftext|>', 'A', ' page', ' title', ' describes']",2,3,gpt2
page_title,9,11,0.0053,page,title,A page title describes,"['<|endoftext|>', 'A', ' page', ' title', ' describes']",2,3,gpt2
page_title,10,0,0.0185,page,title,A page title describes,"['<|endoftext|>', 'A', ' page', ' title', ' describes']",2,3,gpt2
page_title,10,1,0.0077,page,title,A page title describes,"['<|endoftext|>', 'A', ' page', ' title', ' describes']",2,3,gpt2
page_title,10,2,0.0367,page,title,A page title describes,"['<|endoftext|>', 'A', ' page', ' title', ' describes']",2,3,gpt2
page_title,10,3,0.0426,page,title,A page title describes,"['<|endoftext|>', 'A', ' page', ' title', ' describes']",2,3,gpt2
page_title,10,4,0.1356,page,title,A page title describes,"['<|endoftext|>', 'A', ' page', ' title', ' describes']",2,3,gpt2
page_title,10,5,0.2281,page,title,A page title describes,"['<|endoftext|>', 'A', ' page', ' title', ' describes']",2,3,gpt2
page_title,10,6,0.0324,page,title,A page title describes,"['<|endoftext|>', 'A', ' page', ' title', ' describes']",2,3,gpt2
page_title,10,7,0.0117,page,title,A page title describes,"['<|endoftext|>', 'A', ' page', ' title', ' describes']",2,3,gpt2
page_title,10,8,0.0202,page,title,A page title describes,"['<|endoftext|>', 'A', ' page', ' title', ' describes']",2,3,gpt2
page_title,10,9,0.4259,page,title,A page title describes,"['<|endoftext|>', 'A', ' page', ' title', ' describes']",2,3,gpt2
page_title,10,10,0.0131,page,title,A page title describes,"['<|endoftext|>', 'A', ' page', ' title', ' describes']",2,3,gpt2
page_title,10,11,0.04,page,title,A page title describes,"['<|endoftext|>', 'A', ' page', ' title', ' describes']",2,3,gpt2
page_title,11,0,0.2526,page,title,A page title describes,"['<|endoftext|>', 'A', ' page', ' title', ' describes']",2,3,gpt2
page_title,11,1,0.0142,page,title,A page title describes,"['<|endoftext|>', 'A', ' page', ' title', ' describes']",2,3,gpt2
page_title,11,2,0.0213,page,title,A page title describes,"['<|endoftext|>', 'A', ' page', ' title', ' describes']",2,3,gpt2
page_title,11,3,0.109,page,title,A page title describes,"['<|endoftext|>', 'A', ' page', ' title', ' describes']",2,3,gpt2
page_title,11,4,0.0405,page,title,A page title describes,"['<|endoftext|>', 'A', ' page', ' title', ' describes']",2,3,gpt2
page_title,11,5,0.0291,page,title,A page title describes,"['<|endoftext|>', 'A', ' page', ' title', ' describes']",2,3,gpt2
page_title,11,6,0.0091,page,title,A page title describes,"['<|endoftext|>', 'A', ' page', ' title', ' describes']",2,3,gpt2
page_title,11,7,0.0161,page,title,A page title describes,"['<|endoftext|>', 'A', ' page', ' title', ' describes']",2,3,gpt2
page_title,11,8,0.5912,page,title,A page title describes,"['<|endoftext|>', 'A', ' page', ' title', ' describes']",2,3,gpt2
page_title,11,9,0.003,page,title,A page title describes,"['<|endoftext|>', 'A', ' page', ' title', ' describes']",2,3,gpt2
page_title,11,10,0.1542,page,title,A page title describes,"['<|endoftext|>', 'A', ' page', ' title', ' describes']",2,3,gpt2
page_title,11,11,0.1082,page,title,A page title describes,"['<|endoftext|>', 'A', ' page', ' title', ' describes']",2,3,gpt2
form_label,0,0,0.0952,form,label,A form label is,"['<|endoftext|>', 'A', ' form', ' label', ' is']",2,3,gpt2
form_label,0,1,0.0081,form,label,A form label is,"['<|endoftext|>', 'A', ' form', ' label', ' is']",2,3,gpt2
form_label,0,2,0.0668,form,label,A form label is,"['<|endoftext|>', 'A', ' form', ' label', ' is']",2,3,gpt2
form_label,0,3,0.0099,form,label,A form label is,"['<|endoftext|>', 'A', ' form', ' label', ' is']",2,3,gpt2
form_label,0,4,0.1711,form,label,A form label is,"['<|endoftext|>', 'A', ' form', ' label', ' is']",2,3,gpt2
form_label,0,5,0.0004,form,label,A form label is,"['<|endoftext|>', 'A', ' form', ' label', ' is']",2,3,gpt2
form_label,0,6,0.1445,form,label,A form label is,"['<|endoftext|>', 'A', ' form', ' label', ' is']",2,3,gpt2
form_label,0,7,0.4315,form,label,A form label is,"['<|endoftext|>', 'A', ' form', ' label', ' is']",2,3,gpt2
form_label,0,8,0.1012,form,label,A form label is,"['<|endoftext|>', 'A', ' form', ' label', ' is']",2,3,gpt2
form_label,0,9,0.0859,form,label,A form label is,"['<|endoftext|>', 'A', ' form', ' label', ' is']",2,3,gpt2
form_label,0,10,0.1372,form,label,A form label is,"['<|endoftext|>', 'A', ' form', ' label', ' is']",2,3,gpt2
form_label,0,11,0.147,form,label,A form label is,"['<|endoftext|>', 'A', ' form', ' label', ' is']",2,3,gpt2
form_label,1,0,0.4877,form,label,A form label is,"['<|endoftext|>', 'A', ' form', ' label', ' is']",2,3,gpt2
form_label,1,1,0.1035,form,label,A form label is,"['<|endoftext|>', 'A', ' form', ' label', ' is']",2,3,gpt2
form_label,1,2,0.1363,form,label,A form label is,"['<|endoftext|>', 'A', ' form', ' label', ' is']",2,3,gpt2
form_label,1,3,0.1632,form,label,A form label is,"['<|endoftext|>', 'A', ' form', ' label', ' is']",2,3,gpt2
form_label,1,4,0.0977,form,label,A form label is,"['<|endoftext|>', 'A', ' form', ' label', ' is']",2,3,gpt2
form_label,1,5,0.3795,form,label,A form label is,"['<|endoftext|>', 'A', ' form', ' label', ' is']",2,3,gpt2
form_label,1,6,0.0475,form,label,A form label is,"['<|endoftext|>', 'A', ' form', ' label', ' is']",2,3,gpt2
form_label,1,7,0.1293,form,label,A form label is,"['<|endoftext|>', 'A', ' form', ' label', ' is']",2,3,gpt2
form_label,1,8,0.0969,form,label,A form label is,"['<|endoftext|>', 'A', ' form', ' label', ' is']",2,3,gpt2
form_label,1,9,0.0212,form,label,A form label is,"['<|endoftext|>', 'A', ' form', ' label', ' is']",2,3,gpt2
form_label,1,10,0.3622,form,label,A form label is,"['<|endoftext|>', 'A', ' form', ' label', ' is']",2,3,gpt2
form_label,1,11,0.0437,form,label,A form label is,"['<|endoftext|>', 'A', ' form', ' label', ' is']",2,3,gpt2
form_label,2,0,0.2466,form,label,A form label is,"['<|endoftext|>', 'A', ' form', ' label', ' is']",2,3,gpt2
form_label,2,1,0.3019,form,label,A form label is,"['<|endoftext|>', 'A', ' form', ' label', ' is']",2,3,gpt2
form_label,2,2,0.829,form,label,A form label is,"['<|endoftext|>', 'A', ' form', ' label', ' is']",2,3,gpt2
form_label,2,3,0.2228,form,label,A form label is,"['<|endoftext|>', 'A', ' form', ' label', ' is']",2,3,gpt2
form_label,2,4,0.3648,form,label,A form label is,"['<|endoftext|>', 'A', ' form', ' label', ' is']",2,3,gpt2
form_label,2,5,0.2502,form,label,A form label is,"['<|endoftext|>', 'A', ' form', ' label', ' is']",2,3,gpt2
form_label,2,6,0.0327,form,label,A form label is,"['<|endoftext|>', 'A', ' form', ' label', ' is']",2,3,gpt2
form_label,2,7,0.1965,form,label,A form label is,"['<|endoftext|>', 'A', ' form', ' label', ' is']",2,3,gpt2
form_label,2,8,0.4525,form,label,A form label is,"['<|endoftext|>', 'A', ' form', ' label', ' is']",2,3,gpt2
form_label,2,9,0.8469,form,label,A form label is,"['<|endoftext|>', 'A', ' form', ' label', ' is']",2,3,gpt2
form_label,2,10,0.2279,form,label,A form label is,"['<|endoftext|>', 'A', ' form', ' label', ' is']",2,3,gpt2
form_label,2,11,0.0723,form,label,A form label is,"['<|endoftext|>', 'A', ' form', ' label', ' is']",2,3,gpt2
form_label,3,0,0.0001,form,label,A form label is,"['<|endoftext|>', 'A', ' form', ' label', ' is']",2,3,gpt2
form_label,3,1,0.023,form,label,A form label is,"['<|endoftext|>', 'A', ' form', ' label', ' is']",2,3,gpt2
form_label,3,2,0.1232,form,label,A form label is,"['<|endoftext|>', 'A', ' form', ' label', ' is']",2,3,gpt2
form_label,3,3,0.1336,form,label,A form label is,"['<|endoftext|>', 'A', ' form', ' label', ' is']",2,3,gpt2
form_label,3,4,0.0122,form,label,A form label is,"['<|endoftext|>', 'A', ' form', ' label', ' is']",2,3,gpt2
form_label,3,5,0.2524,form,label,A form label is,"['<|endoftext|>', 'A', ' form', ' label', ' is']",2,3,gpt2
form_label,3,6,0.5333,form,label,A form label is,"['<|endoftext|>', 'A', ' form', ' label', ' is']",2,3,gpt2
form_label,3,7,0.9043,form,label,A form label is,"['<|endoftext|>', 'A', ' form', ' label', ' is']",2,3,gpt2
form_label,3,8,0.3753,form,label,A form label is,"['<|endoftext|>', 'A', ' form', ' label', ' is']",2,3,gpt2
form_label,3,9,0.026,form,label,A form label is,"['<|endoftext|>', 'A', ' form', ' label', ' is']",2,3,gpt2
form_label,3,10,0.0685,form,label,A form label is,"['<|endoftext|>', 'A', ' form', ' label', ' is']",2,3,gpt2
form_label,3,11,0.2278,form,label,A form label is,"['<|endoftext|>', 'A', ' form', ' label', ' is']",2,3,gpt2
form_label,4,0,0.0689,form,label,A form label is,"['<|endoftext|>', 'A', ' form', ' label', ' is']",2,3,gpt2
form_label,4,1,0.0958,form,label,A form label is,"['<|endoftext|>', 'A', ' form', ' label', ' is']",2,3,gpt2
form_label,4,2,0.057,form,label,A form label is,"['<|endoftext|>', 'A', ' form', ' label', ' is']",2,3,gpt2
form_label,4,3,0.0855,form,label,A form label is,"['<|endoftext|>', 'A', ' form', ' label', ' is']",2,3,gpt2
form_label,4,4,0.0541,form,label,A form label is,"['<|endoftext|>', 'A', ' form', ' label', ' is']",2,3,gpt2
form_label,4,5,0.5584,form,label,A form label is,"['<|endoftext|>', 'A', ' form', ' label', ' is']",2,3,gpt2
form_label,4,6,0.1434,form,label,A form label is,"['<|endoftext|>', 'A', ' form', ' label', ' is']",2,3,gpt2
form_label,4,7,0.2679,form,label,A form label is,"['<|endoftext|>', 'A', ' form', ' label', ' is']",2,3,gpt2
form_label,4,8,0.0108,form,label,A form label is,"['<|endoftext|>', 'A', ' form', ' label', ' is']",2,3,gpt2
form_label,4,9,0.0982,form,label,A form label is,"['<|endoftext|>', 'A', ' form', ' label', ' is']",2,3,gpt2
form_label,4,10,0.0844,form,label,A form label is,"['<|endoftext|>', 'A', ' form', ' label', ' is']",2,3,gpt2
form_label,4,11,0.9992,form,label,A form label is,"['<|endoftext|>', 'A', ' form', ' label', ' is']",2,3,gpt2
form_label,5,0,0.0006,form,label,A form label is,"['<|endoftext|>', 'A', ' form', ' label', ' is']",2,3,gpt2
form_label,5,1,0.0,form,label,A form label is,"['<|endoftext|>', 'A', ' form', ' label', ' is']",2,3,gpt2
form_label,5,2,0.2064,form,label,A form label is,"['<|endoftext|>', 'A', ' form', ' label', ' is']",2,3,gpt2
form_label,5,3,0.1528,form,label,A form label is,"['<|endoftext|>', 'A', ' form', ' label', ' is']",2,3,gpt2
form_label,5,4,0.1403,form,label,A form label is,"['<|endoftext|>', 'A', ' form', ' label', ' is']",2,3,gpt2
form_label,5,5,0.0007,form,label,A form label is,"['<|endoftext|>', 'A', ' form', ' label', ' is']",2,3,gpt2
form_label,5,6,0.4636,form,label,A form label is,"['<|endoftext|>', 'A', ' form', ' label', ' is']",2,3,gpt2
form_label,5,7,0.036,form,label,A form label is,"['<|endoftext|>', 'A', ' form', ' label', ' is']",2,3,gpt2
form_label,5,8,0.0037,form,label,A form label is,"['<|endoftext|>', 'A', ' form', ' label', ' is']",2,3,gpt2
form_label,5,9,0.0235,form,label,A form label is,"['<|endoftext|>', 'A', ' form', ' label', ' is']",2,3,gpt2
form_label,5,10,0.0476,form,label,A form label is,"['<|endoftext|>', 'A', ' form', ' label', ' is']",2,3,gpt2
form_label,5,11,0.0227,form,label,A form label is,"['<|endoftext|>', 'A', ' form', ' label', ' is']",2,3,gpt2
form_label,6,0,0.1493,form,label,A form label is,"['<|endoftext|>', 'A', ' form', ' label', ' is']",2,3,gpt2
form_label,6,1,0.0184,form,label,A form label is,"['<|endoftext|>', 'A', ' form', ' label', ' is']",2,3,gpt2
form_label,6,2,0.0126,form,label,A form label is,"['<|endoftext|>', 'A', ' form', ' label', ' is']",2,3,gpt2
form_label,6,3,0.013,form,label,A form label is,"['<|endoftext|>', 'A', ' form', ' label', ' is']",2,3,gpt2
form_label,6,4,0.0828,form,label,A form label is,"['<|endoftext|>', 'A', ' form', ' label', ' is']",2,3,gpt2
form_label,6,5,0.1575,form,label,A form label is,"['<|endoftext|>', 'A', ' form', ' label', ' is']",2,3,gpt2
form_label,6,6,0.041,form,label,A form label is,"['<|endoftext|>', 'A', ' form', ' label', ' is']",2,3,gpt2
form_label,6,7,0.2446,form,label,A form label is,"['<|endoftext|>', 'A', ' form', ' label', ' is']",2,3,gpt2
form_label,6,8,0.4234,form,label,A form label is,"['<|endoftext|>', 'A', ' form', ' label', ' is']",2,3,gpt2
form_label,6,9,0.0,form,label,A form label is,"['<|endoftext|>', 'A', ' form', ' label', ' is']",2,3,gpt2
form_label,6,10,0.0069,form,label,A form label is,"['<|endoftext|>', 'A', ' form', ' label', ' is']",2,3,gpt2
form_label,6,11,0.1127,form,label,A form label is,"['<|endoftext|>', 'A', ' form', ' label', ' is']",2,3,gpt2
form_label,7,0,0.6274,form,label,A form label is,"['<|endoftext|>', 'A', ' form', ' label', ' is']",2,3,gpt2
form_label,7,1,0.0011,form,label,A form label is,"['<|endoftext|>', 'A', ' form', ' label', ' is']",2,3,gpt2
form_label,7,2,0.0,form,label,A form label is,"['<|endoftext|>', 'A', ' form', ' label', ' is']",2,3,gpt2
form_label,7,3,0.027,form,label,A form label is,"['<|endoftext|>', 'A', ' form', ' label', ' is']",2,3,gpt2
form_label,7,4,0.1121,form,label,A form label is,"['<|endoftext|>', 'A', ' form', ' label', ' is']",2,3,gpt2
form_label,7,5,0.0662,form,label,A form label is,"['<|endoftext|>', 'A', ' form', ' label', ' is']",2,3,gpt2
form_label,7,6,0.0185,form,label,A form label is,"['<|endoftext|>', 'A', ' form', ' label', ' is']",2,3,gpt2
form_label,7,7,0.0045,form,label,A form label is,"['<|endoftext|>', 'A', ' form', ' label', ' is']",2,3,gpt2
form_label,7,8,0.0864,form,label,A form label is,"['<|endoftext|>', 'A', ' form', ' label', ' is']",2,3,gpt2
form_label,7,9,0.031,form,label,A form label is,"['<|endoftext|>', 'A', ' form', ' label', ' is']",2,3,gpt2
form_label,7,10,0.0002,form,label,A form label is,"['<|endoftext|>', 'A', ' form', ' label', ' is']",2,3,gpt2
form_label,7,11,0.0004,form,label,A form label is,"['<|endoftext|>', 'A', ' form', ' label', ' is']",2,3,gpt2
form_label,8,0,0.0383,form,label,A form label is,"['<|endoftext|>', 'A', ' form', ' label', ' is']",2,3,gpt2
form_label,8,1,0.0021,form,label,A form label is,"['<|endoftext|>', 'A', ' form', ' label', ' is']",2,3,gpt2
form_label,8,2,0.022,form,label,A form label is,"['<|endoftext|>', 'A', ' form', ' label', ' is']",2,3,gpt2
form_label,8,3,0.0055,form,label,A form label is,"['<|endoftext|>', 'A', ' form', ' label', ' is']",2,3,gpt2
form_label,8,4,0.0642,form,label,A form label is,"['<|endoftext|>', 'A', ' form', ' label', ' is']",2,3,gpt2
form_label,8,5,0.1491,form,label,A form label is,"['<|endoftext|>', 'A', ' form', ' label', ' is']",2,3,gpt2
form_label,8,6,0.0036,form,label,A form label is,"['<|endoftext|>', 'A', ' form', ' label', ' is']",2,3,gpt2
form_label,8,7,0.2439,form,label,A form label is,"['<|endoftext|>', 'A', ' form', ' label', ' is']",2,3,gpt2
form_label,8,8,0.0602,form,label,A form label is,"['<|endoftext|>', 'A', ' form', ' label', ' is']",2,3,gpt2
form_label,8,9,0.0188,form,label,A form label is,"['<|endoftext|>', 'A', ' form', ' label', ' is']",2,3,gpt2
form_label,8,10,0.0441,form,label,A form label is,"['<|endoftext|>', 'A', ' form', ' label', ' is']",2,3,gpt2
form_label,8,11,0.0318,form,label,A form label is,"['<|endoftext|>', 'A', ' form', ' label', ' is']",2,3,gpt2
form_label,9,0,0.0986,form,label,A form label is,"['<|endoftext|>', 'A', ' form', ' label', ' is']",2,3,gpt2
form_label,9,1,0.0054,form,label,A form label is,"['<|endoftext|>', 'A', ' form', ' label', ' is']",2,3,gpt2
form_label,9,2,0.0202,form,label,A form label is,"['<|endoftext|>', 'A', ' form', ' label', ' is']",2,3,gpt2
form_label,9,3,0.2814,form,label,A form label is,"['<|endoftext|>', 'A', ' form', ' label', ' is']",2,3,gpt2
form_label,9,4,0.011,form,label,A form label is,"['<|endoftext|>', 'A', ' form', ' label', ' is']",2,3,gpt2
form_label,9,5,0.0498,form,label,A form label is,"['<|endoftext|>', 'A', ' form', ' label', ' is']",2,3,gpt2
form_label,9,6,0.0088,form,label,A form label is,"['<|endoftext|>', 'A', ' form', ' label', ' is']",2,3,gpt2
form_label,9,7,0.0217,form,label,A form label is,"['<|endoftext|>', 'A', ' form', ' label', ' is']",2,3,gpt2
form_label,9,8,0.0141,form,label,A form label is,"['<|endoftext|>', 'A', ' form', ' label', ' is']",2,3,gpt2
form_label,9,9,0.0076,form,label,A form label is,"['<|endoftext|>', 'A', ' form', ' label', ' is']",2,3,gpt2
form_label,9,10,0.1503,form,label,A form label is,"['<|endoftext|>', 'A', ' form', ' label', ' is']",2,3,gpt2
form_label,9,11,0.0005,form,label,A form label is,"['<|endoftext|>', 'A', ' form', ' label', ' is']",2,3,gpt2
form_label,10,0,0.0051,form,label,A form label is,"['<|endoftext|>', 'A', ' form', ' label', ' is']",2,3,gpt2
form_label,10,1,0.0064,form,label,A form label is,"['<|endoftext|>', 'A', ' form', ' label', ' is']",2,3,gpt2
form_label,10,2,0.0078,form,label,A form label is,"['<|endoftext|>', 'A', ' form', ' label', ' is']",2,3,gpt2
form_label,10,3,0.0159,form,label,A form label is,"['<|endoftext|>', 'A', ' form', ' label', ' is']",2,3,gpt2
form_label,10,4,0.0396,form,label,A form label is,"['<|endoftext|>', 'A', ' form', ' label', ' is']",2,3,gpt2
form_label,10,5,0.167,form,label,A form label is,"['<|endoftext|>', 'A', ' form', ' label', ' is']",2,3,gpt2
form_label,10,6,0.0253,form,label,A form label is,"['<|endoftext|>', 'A', ' form', ' label', ' is']",2,3,gpt2
form_label,10,7,0.0097,form,label,A form label is,"['<|endoftext|>', 'A', ' form', ' label', ' is']",2,3,gpt2
form_label,10,8,0.0063,form,label,A form label is,"['<|endoftext|>', 'A', ' form', ' label', ' is']",2,3,gpt2
form_label,10,9,0.16,form,label,A form label is,"['<|endoftext|>', 'A', ' form', ' label', ' is']",2,3,gpt2
form_label,10,10,0.005,form,label,A form label is,"['<|endoftext|>', 'A', ' form', ' label', ' is']",2,3,gpt2
form_label,10,11,0.0273,form,label,A form label is,"['<|endoftext|>', 'A', ' form', ' label', ' is']",2,3,gpt2
form_label,11,0,0.1985,form,label,A form label is,"['<|endoftext|>', 'A', ' form', ' label', ' is']",2,3,gpt2
form_label,11,1,0.0086,form,label,A form label is,"['<|endoftext|>', 'A', ' form', ' label', ' is']",2,3,gpt2
form_label,11,2,0.0071,form,label,A form label is,"['<|endoftext|>', 'A', ' form', ' label', ' is']",2,3,gpt2
form_label,11,3,0.0612,form,label,A form label is,"['<|endoftext|>', 'A', ' form', ' label', ' is']",2,3,gpt2
form_label,11,4,0.0376,form,label,A form label is,"['<|endoftext|>', 'A', ' form', ' label', ' is']",2,3,gpt2
form_label,11,5,0.0678,form,label,A form label is,"['<|endoftext|>', 'A', ' form', ' label', ' is']",2,3,gpt2
form_label,11,6,0.0064,form,label,A form label is,"['<|endoftext|>', 'A', ' form', ' label', ' is']",2,3,gpt2
form_label,11,7,0.0155,form,label,A form label is,"['<|endoftext|>', 'A', ' form', ' label', ' is']",2,3,gpt2
form_label,11,8,0.4897,form,label,A form label is,"['<|endoftext|>', 'A', ' form', ' label', ' is']",2,3,gpt2
form_label,11,9,0.0079,form,label,A form label is,"['<|endoftext|>', 'A', ' form', ' label', ' is']",2,3,gpt2
form_label,11,10,0.182,form,label,A form label is,"['<|endoftext|>', 'A', ' form', ' label', ' is']",2,3,gpt2
form_label,11,11,0.1147,form,label,A form label is,"['<|endoftext|>', 'A', ' form', ' label', ' is']",2,3,gpt2
link_text,0,0,0.2913,link,text,Link text describes,"['<|endoftext|>', 'Link', ' text', ' describes']",1,2,gpt2
link_text,0,1,0.0027,link,text,Link text describes,"['<|endoftext|>', 'Link', ' text', ' describes']",1,2,gpt2
link_text,0,2,0.0591,link,text,Link text describes,"['<|endoftext|>', 'Link', ' text', ' describes']",1,2,gpt2
link_text,0,3,0.0081,link,text,Link text describes,"['<|endoftext|>', 'Link', ' text', ' describes']",1,2,gpt2
link_text,0,4,0.032,link,text,Link text describes,"['<|endoftext|>', 'Link', ' text', ' describes']",1,2,gpt2
link_text,0,5,0.0001,link,text,Link text describes,"['<|endoftext|>', 'Link', ' text', ' describes']",1,2,gpt2
link_text,0,6,0.1482,link,text,Link text describes,"['<|endoftext|>', 'Link', ' text', ' describes']",1,2,gpt2
link_text,0,7,0.0878,link,text,Link text describes,"['<|endoftext|>', 'Link', ' text', ' describes']",1,2,gpt2
link_text,0,8,0.0339,link,text,Link text describes,"['<|endoftext|>', 'Link', ' text', ' describes']",1,2,gpt2
link_text,0,9,0.0966,link,text,Link text describes,"['<|endoftext|>', 'Link', ' text', ' describes']",1,2,gpt2
link_text,0,10,0.0912,link,text,Link text describes,"['<|endoftext|>', 'Link', ' text', ' describes']",1,2,gpt2
link_text,0,11,0.2837,link,text,Link text describes,"['<|endoftext|>', 'Link', ' text', ' describes']",1,2,gpt2
link_text,1,0,0.4948,link,text,Link text describes,"['<|endoftext|>', 'Link', ' text', ' describes']",1,2,gpt2
link_text,1,1,0.1599,link,text,Link text describes,"['<|endoftext|>', 'Link', ' text', ' describes']",1,2,gpt2
link_text,1,2,0.0303,link,text,Link text describes,"['<|endoftext|>', 'Link', ' text', ' describes']",1,2,gpt2
link_text,1,3,0.1658,link,text,Link text describes,"['<|endoftext|>', 'Link', ' text', ' describes']",1,2,gpt2
link_text,1,4,0.1291,link,text,Link text describes,"['<|endoftext|>', 'Link', ' text', ' describes']",1,2,gpt2
link_text,1,5,0.216,link,text,Link text describes,"['<|endoftext|>', 'Link', ' text', ' describes']",1,2,gpt2
link_text,1,6,0.1996,link,text,Link text describes,"['<|endoftext|>', 'Link', ' text', ' describes']",1,2,gpt2
link_text,1,7,0.1911,link,text,Link text describes,"['<|endoftext|>', 'Link', ' text', ' describes']",1,2,gpt2
link_text,1,8,0.1143,link,text,Link text describes,"['<|endoftext|>', 'Link', ' text', ' describes']",1,2,gpt2
link_text,1,9,0.0272,link,text,Link text describes,"['<|endoftext|>', 'Link', ' text', ' describes']",1,2,gpt2
link_text,1,10,0.4601,link,text,Link text describes,"['<|endoftext|>', 'Link', ' text', ' describes']",1,2,gpt2
link_text,1,11,0.0292,link,text,Link text describes,"['<|endoftext|>', 'Link', ' text', ' describes']",1,2,gpt2
link_text,2,0,0.3381,link,text,Link text describes,"['<|endoftext|>', 'Link', ' text', ' describes']",1,2,gpt2
link_text,2,1,0.1468,link,text,Link text describes,"['<|endoftext|>', 'Link', ' text', ' describes']",1,2,gpt2
link_text,2,2,0.7866,link,text,Link text describes,"['<|endoftext|>', 'Link', ' text', ' describes']",1,2,gpt2
link_text,2,3,0.1979,link,text,Link text describes,"['<|endoftext|>', 'Link', ' text', ' describes']",1,2,gpt2
link_text,2,4,0.4018,link,text,Link text describes,"['<|endoftext|>', 'Link', ' text', ' describes']",1,2,gpt2
link_text,2,5,0.1592,link,text,Link text describes,"['<|endoftext|>', 'Link', ' text', ' describes']",1,2,gpt2
link_text,2,6,0.151,link,text,Link text describes,"['<|endoftext|>', 'Link', ' text', ' describes']",1,2,gpt2
link_text,2,7,0.1692,link,text,Link text describes,"['<|endoftext|>', 'Link', ' text', ' describes']",1,2,gpt2
link_text,2,8,0.5432,link,text,Link text describes,"['<|endoftext|>', 'Link', ' text', ' describes']",1,2,gpt2
link_text,2,9,0.4607,link,text,Link text describes,"['<|endoftext|>', 'Link', ' text', ' describes']",1,2,gpt2
link_text,2,10,0.1442,link,text,Link text describes,"['<|endoftext|>', 'Link', ' text', ' describes']",1,2,gpt2
link_text,2,11,0.0664,link,text,Link text describes,"['<|endoftext|>', 'Link', ' text', ' describes']",1,2,gpt2
link_text,3,0,0.0,link,text,Link text describes,"['<|endoftext|>', 'Link', ' text', ' describes']",1,2,gpt2
link_text,3,1,0.1427,link,text,Link text describes,"['<|endoftext|>', 'Link', ' text', ' describes']",1,2,gpt2
link_text,3,2,0.3712,link,text,Link text describes,"['<|endoftext|>', 'Link', ' text', ' describes']",1,2,gpt2
link_text,3,3,0.5099,link,text,Link text describes,"['<|endoftext|>', 'Link', ' text', ' describes']",1,2,gpt2
link_text,3,4,0.021,link,text,Link text describes,"['<|endoftext|>', 'Link', ' text', ' describes']",1,2,gpt2
link_text,3,5,0.0636,link,text,Link text describes,"['<|endoftext|>', 'Link', ' text', ' describes']",1,2,gpt2
link_text,3,6,0.8444,link,text,Link text describes,"['<|endoftext|>', 'Link', ' text', ' describes']",1,2,gpt2
link_text,3,7,0.6293,link,text,Link text describes,"['<|endoftext|>', 'Link', ' text', ' describes']",1,2,gpt2
link_text,3,8,0.7442,link,text,Link text describes,"['<|endoftext|>', 'Link', ' text', ' describes']",1,2,gpt2
link_text,3,9,0.175,link,text,Link text describes,"['<|endoftext|>', 'Link', ' text', ' describes']",1,2,gpt2
link_text,3,10,0.0539,link,text,Link text describes,"['<|endoftext|>', 'Link', ' text', ' describes']",1,2,gpt2
link_text,3,11,0.1292,link,text,Link text describes,"['<|endoftext|>', 'Link', ' text', ' describes']",1,2,gpt2
link_text,4,0,0.3194,link,text,Link text describes,"['<|endoftext|>', 'Link', ' text', ' describes']",1,2,gpt2
link_text,4,1,0.1331,link,text,Link text describes,"['<|endoftext|>', 'Link', ' text', ' describes']",1,2,gpt2
link_text,4,2,0.1191,link,text,Link text describes,"['<|endoftext|>', 'Link', ' text', ' describes']",1,2,gpt2
link_text,4,3,0.2738,link,text,Link text describes,"['<|endoftext|>', 'Link', ' text', ' describes']",1,2,gpt2
link_text,4,4,0.0179,link,text,Link text describes,"['<|endoftext|>', 'Link', ' text', ' describes']",1,2,gpt2
link_text,4,5,0.4813,link,text,Link text describes,"['<|endoftext|>', 'Link', ' text', ' describes']",1,2,gpt2
link_text,4,6,0.1726,link,text,Link text describes,"['<|endoftext|>', 'Link', ' text', ' describes']",1,2,gpt2
link_text,4,7,0.4711,link,text,Link text describes,"['<|endoftext|>', 'Link', ' text', ' describes']",1,2,gpt2
link_text,4,8,0.0157,link,text,Link text describes,"['<|endoftext|>', 'Link', ' text', ' describes']",1,2,gpt2
link_text,4,9,0.0872,link,text,Link text describes,"['<|endoftext|>', 'Link', ' text', ' describes']",1,2,gpt2
link_text,4,10,0.0219,link,text,Link text describes,"['<|endoftext|>', 'Link', ' text', ' describes']",1,2,gpt2
link_text,4,11,0.9999,link,text,Link text describes,"['<|endoftext|>', 'Link', ' text', ' describes']",1,2,gpt2
link_text,5,0,0.0001,link,text,Link text describes,"['<|endoftext|>', 'Link', ' text', ' describes']",1,2,gpt2
link_text,5,1,0.0,link,text,Link text describes,"['<|endoftext|>', 'Link', ' text', ' describes']",1,2,gpt2
link_text,5,2,0.1248,link,text,Link text describes,"['<|endoftext|>', 'Link', ' text', ' describes']",1,2,gpt2
link_text,5,3,0.1082,link,text,Link text describes,"['<|endoftext|>', 'Link', ' text', ' describes']",1,2,gpt2
link_text,5,4,0.2634,link,text,Link text describes,"['<|endoftext|>', 'Link', ' text', ' describes']",1,2,gpt2
link_text,5,5,0.0001,link,text,Link text describes,"['<|endoftext|>', 'Link', ' text', ' describes']",1,2,gpt2
link_text,5,6,0.3278,link,text,Link text describes,"['<|endoftext|>', 'Link', ' text', ' describes']",1,2,gpt2
link_text,5,7,0.3008,link,text,Link text describes,"['<|endoftext|>', 'Link', ' text', ' describes']",1,2,gpt2
link_text,5,8,0.0025,link,text,Link text describes,"['<|endoftext|>', 'Link', ' text', ' describes']",1,2,gpt2
link_text,5,9,0.011,link,text,Link text describes,"['<|endoftext|>', 'Link', ' text', ' describes']",1,2,gpt2
link_text,5,10,0.1238,link,text,Link text describes,"['<|endoftext|>', 'Link', ' text', ' describes']",1,2,gpt2
link_text,5,11,0.1048,link,text,Link text describes,"['<|endoftext|>', 'Link', ' text', ' describes']",1,2,gpt2
link_text,6,0,0.3335,link,text,Link text describes,"['<|endoftext|>', 'Link', ' text', ' describes']",1,2,gpt2
link_text,6,1,0.1594,link,text,Link text describes,"['<|endoftext|>', 'Link', ' text', ' describes']",1,2,gpt2
link_text,6,2,0.0049,link,text,Link text describes,"['<|endoftext|>', 'Link', ' text', ' describes']",1,2,gpt2
link_text,6,3,0.028,link,text,Link text describes,"['<|endoftext|>', 'Link', ' text', ' describes']",1,2,gpt2
link_text,6,4,0.0275,link,text,Link text describes,"['<|endoftext|>', 'Link', ' text', ' describes']",1,2,gpt2
link_text,6,5,0.0557,link,text,Link text describes,"['<|endoftext|>', 'Link', ' text', ' describes']",1,2,gpt2
link_text,6,6,0.0388,link,text,Link text describes,"['<|endoftext|>', 'Link', ' text', ' describes']",1,2,gpt2
link_text,6,7,0.1154,link,text,Link text describes,"['<|endoftext|>', 'Link', ' text', ' describes']",1,2,gpt2
link_text,6,8,0.3433,link,text,Link text describes,"['<|endoftext|>', 'Link', ' text', ' describes']",1,2,gpt2
link_text,6,9,0.0,link,text,Link text describes,"['<|endoftext|>', 'Link', ' text', ' describes']",1,2,gpt2
link_text,6,10,0.0089,link,text,Link text describes,"['<|endoftext|>', 'Link', ' text', ' describes']",1,2,gpt2
link_text,6,11,0.3925,link,text,Link text describes,"['<|endoftext|>', 'Link', ' text', ' describes']",1,2,gpt2
link_text,7,0,0.6163,link,text,Link text describes,"['<|endoftext|>', 'Link', ' text', ' describes']",1,2,gpt2
link_text,7,1,0.0004,link,text,Link text describes,"['<|endoftext|>', 'Link', ' text', ' describes']",1,2,gpt2
link_text,7,2,0.0002,link,text,Link text describes,"['<|endoftext|>', 'Link', ' text', ' describes']",1,2,gpt2
link_text,7,3,0.0444,link,text,Link text describes,"['<|endoftext|>', 'Link', ' text', ' describes']",1,2,gpt2
link_text,7,4,0.0367,link,text,Link text describes,"['<|endoftext|>', 'Link', ' text', ' describes']",1,2,gpt2
link_text,7,5,0.0165,link,text,Link text describes,"['<|endoftext|>', 'Link', ' text', ' describes']",1,2,gpt2
link_text,7,6,0.0149,link,text,Link text describes,"['<|endoftext|>', 'Link', ' text', ' describes']",1,2,gpt2
link_text,7,7,0.0021,link,text,Link text describes,"['<|endoftext|>', 'Link', ' text', ' describes']",1,2,gpt2
link_text,7,8,0.3731,link,text,Link text describes,"['<|endoftext|>', 'Link', ' text', ' describes']",1,2,gpt2
link_text,7,9,0.0325,link,text,Link text describes,"['<|endoftext|>', 'Link', ' text', ' describes']",1,2,gpt2
link_text,7,10,0.0001,link,text,Link text describes,"['<|endoftext|>', 'Link', ' text', ' describes']",1,2,gpt2
link_text,7,11,0.0014,link,text,Link text describes,"['<|endoftext|>', 'Link', ' text', ' describes']",1,2,gpt2
link_text,8,0,0.0163,link,text,Link text describes,"['<|endoftext|>', 'Link', ' text', ' describes']",1,2,gpt2
link_text,8,1,0.0012,link,text,Link text describes,"['<|endoftext|>', 'Link', ' text', ' describes']",1,2,gpt2
link_text,8,2,0.0503,link,text,Link text describes,"['<|endoftext|>', 'Link', ' text', ' describes']",1,2,gpt2
link_text,8,3,0.0221,link,text,Link text describes,"['<|endoftext|>', 'Link', ' text', ' describes']",1,2,gpt2
link_text,8,4,0.1623,link,text,Link text describes,"['<|endoftext|>', 'Link', ' text', ' describes']",1,2,gpt2
link_text,8,5,0.0945,link,text,Link text describes,"['<|endoftext|>', 'Link', ' text', ' describes']",1,2,gpt2
link_text,8,6,0.0423,link,text,Link text describes,"['<|endoftext|>', 'Link', ' text', ' describes']",1,2,gpt2
link_text,8,7,0.4281,link,text,Link text describes,"['<|endoftext|>', 'Link', ' text', ' describes']",1,2,gpt2
link_text,8,8,0.1194,link,text,Link text describes,"['<|endoftext|>', 'Link', ' text', ' describes']",1,2,gpt2
link_text,8,9,0.0271,link,text,Link text describes,"['<|endoftext|>', 'Link', ' text', ' describes']",1,2,gpt2
link_text,8,10,0.1097,link,text,Link text describes,"['<|endoftext|>', 'Link', ' text', ' describes']",1,2,gpt2
link_text,8,11,0.0284,link,text,Link text describes,"['<|endoftext|>', 'Link', ' text', ' describes']",1,2,gpt2
link_text,9,0,0.218,link,text,Link text describes,"['<|endoftext|>', 'Link', ' text', ' describes']",1,2,gpt2
link_text,9,1,0.0223,link,text,Link text describes,"['<|endoftext|>', 'Link', ' text', ' describes']",1,2,gpt2
link_text,9,2,0.036,link,text,Link text describes,"['<|endoftext|>', 'Link', ' text', ' describes']",1,2,gpt2
link_text,9,3,0.1435,link,text,Link text describes,"['<|endoftext|>', 'Link', ' text', ' describes']",1,2,gpt2
link_text,9,4,0.1075,link,text,Link text describes,"['<|endoftext|>', 'Link', ' text', ' describes']",1,2,gpt2
link_text,9,5,0.0271,link,text,Link text describes,"['<|endoftext|>', 'Link', ' text', ' describes']",1,2,gpt2
link_text,9,6,0.0374,link,text,Link text describes,"['<|endoftext|>', 'Link', ' text', ' describes']",1,2,gpt2
link_text,9,7,0.0415,link,text,Link text describes,"['<|endoftext|>', 'Link', ' text', ' describes']",1,2,gpt2
link_text,9,8,0.0371,link,text,Link text describes,"['<|endoftext|>', 'Link', ' text', ' describes']",1,2,gpt2
link_text,9,9,0.0148,link,text,Link text describes,"['<|endoftext|>', 'Link', ' text', ' describes']",1,2,gpt2
link_text,9,10,0.2909,link,text,Link text describes,"['<|endoftext|>', 'Link', ' text', ' describes']",1,2,gpt2
link_text,9,11,0.0241,link,text,Link text describes,"['<|endoftext|>', 'Link', ' text', ' describes']",1,2,gpt2
link_text,10,0,0.0455,link,text,Link text describes,"['<|endoftext|>', 'Link', ' text', ' describes']",1,2,gpt2
link_text,10,1,0.0119,link,text,Link text describes,"['<|endoftext|>', 'Link', ' text', ' describes']",1,2,gpt2
link_text,10,2,0.0485,link,text,Link text describes,"['<|endoftext|>', 'Link', ' text', ' describes']",1,2,gpt2
link_text,10,3,0.0426,link,text,Link text describes,"['<|endoftext|>', 'Link', ' text', ' describes']",1,2,gpt2
link_text,10,4,0.1142,link,text,Link text describes,"['<|endoftext|>', 'Link', ' text', ' describes']",1,2,gpt2
link_text,10,5,0.1133,link,text,Link text describes,"['<|endoftext|>', 'Link', ' text', ' describes']",1,2,gpt2
link_text,10,6,0.0495,link,text,Link text describes,"['<|endoftext|>', 'Link', ' text', ' describes']",1,2,gpt2
link_text,10,7,0.0917,link,text,Link text describes,"['<|endoftext|>', 'Link', ' text', ' describes']",1,2,gpt2
link_text,10,8,0.0144,link,text,Link text describes,"['<|endoftext|>', 'Link', ' text', ' describes']",1,2,gpt2
link_text,10,9,0.2145,link,text,Link text describes,"['<|endoftext|>', 'Link', ' text', ' describes']",1,2,gpt2
link_text,10,10,0.0262,link,text,Link text describes,"['<|endoftext|>', 'Link', ' text', ' describes']",1,2,gpt2
link_text,10,11,0.0438,link,text,Link text describes,"['<|endoftext|>', 'Link', ' text', ' describes']",1,2,gpt2
link_text,11,0,0.3569,link,text,Link text describes,"['<|endoftext|>', 'Link', ' text', ' describes']",1,2,gpt2
link_text,11,1,0.0347,link,text,Link text describes,"['<|endoftext|>', 'Link', ' text', ' describes']",1,2,gpt2
link_text,11,2,0.0428,link,text,Link text describes,"['<|endoftext|>', 'Link', ' text', ' describes']",1,2,gpt2
link_text,11,3,0.2512,link,text,Link text describes,"['<|endoftext|>', 'Link', ' text', ' describes']",1,2,gpt2
link_text,11,4,0.0455,link,text,Link text describes,"['<|endoftext|>', 'Link', ' text', ' describes']",1,2,gpt2
link_text,11,5,0.0414,link,text,Link text describes,"['<|endoftext|>', 'Link', ' text', ' describes']",1,2,gpt2
link_text,11,6,0.0212,link,text,Link text describes,"['<|endoftext|>', 'Link', ' text', ' describes']",1,2,gpt2
link_text,11,7,0.0427,link,text,Link text describes,"['<|endoftext|>', 'Link', ' text', ' describes']",1,2,gpt2
link_text,11,8,0.661,link,text,Link text describes,"['<|endoftext|>', 'Link', ' text', ' describes']",1,2,gpt2
link_text,11,9,0.0136,link,text,Link text describes,"['<|endoftext|>', 'Link', ' text', ' describes']",1,2,gpt2
link_text,11,10,0.0982,link,text,Link text describes,"['<|endoftext|>', 'Link', ' text', ' describes']",1,2,gpt2
link_text,11,11,0.1573,link,text,Link text describes,"['<|endoftext|>', 'Link', ' text', ' describes']",1,2,gpt2
focus_indicator,0,0,0.1291,focus,indicator,A focus indicator is,"['<|endoftext|>', 'A', ' focus', ' indicator', ' is']",2,3,gpt2
focus_indicator,0,1,0.0042,focus,indicator,A focus indicator is,"['<|endoftext|>', 'A', ' focus', ' indicator', ' is']",2,3,gpt2
focus_indicator,0,2,0.061,focus,indicator,A focus indicator is,"['<|endoftext|>', 'A', ' focus', ' indicator', ' is']",2,3,gpt2
focus_indicator,0,3,0.0112,focus,indicator,A focus indicator is,"['<|endoftext|>', 'A', ' focus', ' indicator', ' is']",2,3,gpt2
focus_indicator,0,4,0.1039,focus,indicator,A focus indicator is,"['<|endoftext|>', 'A', ' focus', ' indicator', ' is']",2,3,gpt2
focus_indicator,0,5,0.0,focus,indicator,A focus indicator is,"['<|endoftext|>', 'A', ' focus', ' indicator', ' is']",2,3,gpt2
focus_indicator,0,6,0.1445,focus,indicator,A focus indicator is,"['<|endoftext|>', 'A', ' focus', ' indicator', ' is']",2,3,gpt2
focus_indicator,0,7,0.1629,focus,indicator,A focus indicator is,"['<|endoftext|>', 'A', ' focus', ' indicator', ' is']",2,3,gpt2
focus_indicator,0,8,0.0722,focus,indicator,A focus indicator is,"['<|endoftext|>', 'A', ' focus', ' indicator', ' is']",2,3,gpt2
focus_indicator,0,9,0.0981,focus,indicator,A focus indicator is,"['<|endoftext|>', 'A', ' focus', ' indicator', ' is']",2,3,gpt2
focus_indicator,0,10,0.0999,focus,indicator,A focus indicator is,"['<|endoftext|>', 'A', ' focus', ' indicator', ' is']",2,3,gpt2
focus_indicator,0,11,0.1965,focus,indicator,A focus indicator is,"['<|endoftext|>', 'A', ' focus', ' indicator', ' is']",2,3,gpt2
focus_indicator,1,0,0.3483,focus,indicator,A focus indicator is,"['<|endoftext|>', 'A', ' focus', ' indicator', ' is']",2,3,gpt2
focus_indicator,1,1,0.1028,focus,indicator,A focus indicator is,"['<|endoftext|>', 'A', ' focus', ' indicator', ' is']",2,3,gpt2
focus_indicator,1,2,0.109,focus,indicator,A focus indicator is,"['<|endoftext|>', 'A', ' focus', ' indicator', ' is']",2,3,gpt2
focus_indicator,1,3,0.142,focus,indicator,A focus indicator is,"['<|endoftext|>', 'A', ' focus', ' indicator', ' is']",2,3,gpt2
focus_indicator,1,4,0.0949,focus,indicator,A focus indicator is,"['<|endoftext|>', 'A', ' focus', ' indicator', ' is']",2,3,gpt2
focus_indicator,1,5,0.22,focus,indicator,A focus indicator is,"['<|endoftext|>', 'A', ' focus', ' indicator', ' is']",2,3,gpt2
focus_indicator,1,6,0.0309,focus,indicator,A focus indicator is,"['<|endoftext|>', 'A', ' focus', ' indicator', ' is']",2,3,gpt2
focus_indicator,1,7,0.1539,focus,indicator,A focus indicator is,"['<|endoftext|>', 'A', ' focus', ' indicator', ' is']",2,3,gpt2
focus_indicator,1,8,0.0888,focus,indicator,A focus indicator is,"['<|endoftext|>', 'A', ' focus', ' indicator', ' is']",2,3,gpt2
focus_indicator,1,9,0.0402,focus,indicator,A focus indicator is,"['<|endoftext|>', 'A', ' focus', ' indicator', ' is']",2,3,gpt2
focus_indicator,1,10,0.3539,focus,indicator,A focus indicator is,"['<|endoftext|>', 'A', ' focus', ' indicator', ' is']",2,3,gpt2
focus_indicator,1,11,0.0201,focus,indicator,A focus indicator is,"['<|endoftext|>', 'A', ' focus', ' indicator', ' is']",2,3,gpt2
focus_indicator,2,0,0.3187,focus,indicator,A focus indicator is,"['<|endoftext|>', 'A', ' focus', ' indicator', ' is']",2,3,gpt2
focus_indicator,2,1,0.0862,focus,indicator,A focus indicator is,"['<|endoftext|>', 'A', ' focus', ' indicator', ' is']",2,3,gpt2
focus_indicator,2,2,0.6805,focus,indicator,A focus indicator is,"['<|endoftext|>', 'A', ' focus', ' indicator', ' is']",2,3,gpt2
focus_indicator,2,3,0.163,focus,indicator,A focus indicator is,"['<|endoftext|>', 'A', ' focus', ' indicator', ' is']",2,3,gpt2
focus_indicator,2,4,0.162,focus,indicator,A focus indicator is,"['<|endoftext|>', 'A', ' focus', ' indicator', ' is']",2,3,gpt2
focus_indicator,2,5,0.2239,focus,indicator,A focus indicator is,"['<|endoftext|>', 'A', ' focus', ' indicator', ' is']",2,3,gpt2
focus_indicator,2,6,0.0715,focus,indicator,A focus indicator is,"['<|endoftext|>', 'A', ' focus', ' indicator', ' is']",2,3,gpt2
focus_indicator,2,7,0.2505,focus,indicator,A focus indicator is,"['<|endoftext|>', 'A', ' focus', ' indicator', ' is']",2,3,gpt2
focus_indicator,2,8,0.1495,focus,indicator,A focus indicator is,"['<|endoftext|>', 'A', ' focus', ' indicator', ' is']",2,3,gpt2
focus_indicator,2,9,0.6471,focus,indicator,A focus indicator is,"['<|endoftext|>', 'A', ' focus', ' indicator', ' is']",2,3,gpt2
focus_indicator,2,10,0.2414,focus,indicator,A focus indicator is,"['<|endoftext|>', 'A', ' focus', ' indicator', ' is']",2,3,gpt2
focus_indicator,2,11,0.0803,focus,indicator,A focus indicator is,"['<|endoftext|>', 'A', ' focus', ' indicator', ' is']",2,3,gpt2
focus_indicator,3,0,0.0001,focus,indicator,A focus indicator is,"['<|endoftext|>', 'A', ' focus', ' indicator', ' is']",2,3,gpt2
focus_indicator,3,1,0.0245,focus,indicator,A focus indicator is,"['<|endoftext|>', 'A', ' focus', ' indicator', ' is']",2,3,gpt2
focus_indicator,3,2,0.163,focus,indicator,A focus indicator is,"['<|endoftext|>', 'A', ' focus', ' indicator', ' is']",2,3,gpt2
focus_indicator,3,3,0.5201,focus,indicator,A focus indicator is,"['<|endoftext|>', 'A', ' focus', ' indicator', ' is']",2,3,gpt2
focus_indicator,3,4,0.0234,focus,indicator,A focus indicator is,"['<|endoftext|>', 'A', ' focus', ' indicator', ' is']",2,3,gpt2
focus_indicator,3,5,0.1104,focus,indicator,A focus indicator is,"['<|endoftext|>', 'A', ' focus', ' indicator', ' is']",2,3,gpt2
focus_indicator,3,6,0.7558,focus,indicator,A focus indicator is,"['<|endoftext|>', 'A', ' focus', ' indicator', ' is']",2,3,gpt2
focus_indicator,3,7,0.8518,focus,indicator,A focus indicator is,"['<|endoftext|>', 'A', ' focus', ' indicator', ' is']",2,3,gpt2
focus_indicator,3,8,0.2435,focus,indicator,A focus indicator is,"['<|endoftext|>', 'A', ' focus', ' indicator', ' is']",2,3,gpt2
focus_indicator,3,9,0.0205,focus,indicator,A focus indicator is,"['<|endoftext|>', 'A', ' focus', ' indicator', ' is']",2,3,gpt2
focus_indicator,3,10,0.1594,focus,indicator,A focus indicator is,"['<|endoftext|>', 'A', ' focus', ' indicator', ' is']",2,3,gpt2
focus_indicator,3,11,0.3773,focus,indicator,A focus indicator is,"['<|endoftext|>', 'A', ' focus', ' indicator', ' is']",2,3,gpt2
focus_indicator,4,0,0.0366,focus,indicator,A focus indicator is,"['<|endoftext|>', 'A', ' focus', ' indicator', ' is']",2,3,gpt2
focus_indicator,4,1,0.012,focus,indicator,A focus indicator is,"['<|endoftext|>', 'A', ' focus', ' indicator', ' is']",2,3,gpt2
focus_indicator,4,2,0.0407,focus,indicator,A focus indicator is,"['<|endoftext|>', 'A', ' focus', ' indicator', ' is']",2,3,gpt2
focus_indicator,4,3,0.3241,focus,indicator,A focus indicator is,"['<|endoftext|>', 'A', ' focus', ' indicator', ' is']",2,3,gpt2
focus_indicator,4,4,0.01,focus,indicator,A focus indicator is,"['<|endoftext|>', 'A', ' focus', ' indicator', ' is']",2,3,gpt2
focus_indicator,4,5,0.1587,focus,indicator,A focus indicator is,"['<|endoftext|>', 'A', ' focus', ' indicator', ' is']",2,3,gpt2
focus_indicator,4,6,0.2465,focus,indicator,A focus indicator is,"['<|endoftext|>', 'A', ' focus', ' indicator', ' is']",2,3,gpt2
focus_indicator,4,7,0.3048,focus,indicator,A focus indicator is,"['<|endoftext|>', 'A', ' focus', ' indicator', ' is']",2,3,gpt2
focus_indicator,4,8,0.0186,focus,indicator,A focus indicator is,"['<|endoftext|>', 'A', ' focus', ' indicator', ' is']",2,3,gpt2
focus_indicator,4,9,0.0276,focus,indicator,A focus indicator is,"['<|endoftext|>', 'A', ' focus', ' indicator', ' is']",2,3,gpt2
focus_indicator,4,10,0.0042,focus,indicator,A focus indicator is,"['<|endoftext|>', 'A', ' focus', ' indicator', ' is']",2,3,gpt2
focus_indicator,4,11,0.9966,focus,indicator,A focus indicator is,"['<|endoftext|>', 'A', ' focus', ' indicator', ' is']",2,3,gpt2
focus_indicator,5,0,0.0005,focus,indicator,A focus indicator is,"['<|endoftext|>', 'A', ' focus', ' indicator', ' is']",2,3,gpt2
focus_indicator,5,1,0.0,focus,indicator,A focus indicator is,"['<|endoftext|>', 'A', ' focus', ' indicator', ' is']",2,3,gpt2
focus_indicator,5,2,0.0694,focus,indicator,A focus indicator is,"['<|endoftext|>', 'A', ' focus', ' indicator', ' is']",2,3,gpt2
focus_indicator,5,3,0.0506,focus,indicator,A focus indicator is,"['<|endoftext|>', 'A', ' focus', ' indicator', ' is']",2,3,gpt2
focus_indicator,5,4,0.0257,focus,indicator,A focus indicator is,"['<|endoftext|>', 'A', ' focus', ' indicator', ' is']",2,3,gpt2
focus_indicator,5,5,0.0002,focus,indicator,A focus indicator is,"['<|endoftext|>', 'A', ' focus', ' indicator', ' is']",2,3,gpt2
focus_indicator,5,6,0.3008,focus,indicator,A focus indicator is,"['<|endoftext|>', 'A', ' focus', ' indicator', ' is']",2,3,gpt2
focus_indicator,5,7,0.0067,focus,indicator,A focus indicator is,"['<|endoftext|>', 'A', ' focus', ' indicator', ' is']",2,3,gpt2
focus_indicator,5,8,0.0026,focus,indicator,A focus indicator is,"['<|endoftext|>', 'A', ' focus', ' indicator', ' is']",2,3,gpt2
focus_indicator,5,9,0.0341,focus,indicator,A focus indicator is,"['<|endoftext|>', 'A', ' focus', ' indicator', ' is']",2,3,gpt2
focus_indicator,5,10,0.0178,focus,indicator,A focus indicator is,"['<|endoftext|>', 'A', ' focus', ' indicator', ' is']",2,3,gpt2
focus_indicator,5,11,0.0184,focus,indicator,A focus indicator is,"['<|endoftext|>', 'A', ' focus', ' indicator', ' is']",2,3,gpt2
focus_indicator,6,0,0.0838,focus,indicator,A focus indicator is,"['<|endoftext|>', 'A', ' focus', ' indicator', ' is']",2,3,gpt2
focus_indicator,6,1,0.0068,focus,indicator,A focus indicator is,"['<|endoftext|>', 'A', ' focus', ' indicator', ' is']",2,3,gpt2
focus_indicator,6,2,0.0085,focus,indicator,A focus indicator is,"['<|endoftext|>', 'A', ' focus', ' indicator', ' is']",2,3,gpt2
focus_indicator,6,3,0.02,focus,indicator,A focus indicator is,"['<|endoftext|>', 'A', ' focus', ' indicator', ' is']",2,3,gpt2
focus_indicator,6,4,0.0497,focus,indicator,A focus indicator is,"['<|endoftext|>', 'A', ' focus', ' indicator', ' is']",2,3,gpt2
focus_indicator,6,5,0.037,focus,indicator,A focus indicator is,"['<|endoftext|>', 'A', ' focus', ' indicator', ' is']",2,3,gpt2
focus_indicator,6,6,0.0154,focus,indicator,A focus indicator is,"['<|endoftext|>', 'A', ' focus', ' indicator', ' is']",2,3,gpt2
focus_indicator,6,7,0.6446,focus,indicator,A focus indicator is,"['<|endoftext|>', 'A', ' focus', ' indicator', ' is']",2,3,gpt2
focus_indicator,6,8,0.455,focus,indicator,A focus indicator is,"['<|endoftext|>', 'A', ' focus', ' indicator', ' is']",2,3,gpt2
focus_indicator,6,9,0.0,focus,indicator,A focus indicator is,"['<|endoftext|>', 'A', ' focus', ' indicator', ' is']",2,3,gpt2
focus_indicator,6,10,0.0254,focus,indicator,A focus indicator is,"['<|endoftext|>', 'A', ' focus', ' indicator', ' is']",2,3,gpt2
focus_indicator,6,11,0.0701,focus,indicator,A focus indicator is,"['<|endoftext|>', 'A', ' focus', ' indicator', ' is']",2,3,gpt2
focus_indicator,7,0,0.339,focus,indicator,A focus indicator is,"['<|endoftext|>', 'A', ' focus', ' indicator', ' is']",2,3,gpt2
focus_indicator,7,1,0.0011,focus,indicator,A focus indicator is,"['<|endoftext|>', 'A', ' focus', ' indicator', ' is']",2,3,gpt2
focus_indicator,7,2,0.0001,focus,indicator,A focus indicator is,"['<|endoftext|>', 'A', ' focus', ' indicator', ' is']",2,3,gpt2
focus_indicator,7,3,0.0225,focus,indicator,A focus indicator is,"['<|endoftext|>', 'A', ' focus', ' indicator', ' is']",2,3,gpt2
focus_indicator,7,4,0.0424,focus,indicator,A focus indicator is,"['<|endoftext|>', 'A', ' focus', ' indicator', ' is']",2,3,gpt2
focus_indicator,7,5,0.016,focus,indicator,A focus indicator is,"['<|endoftext|>', 'A', ' focus', ' indicator', ' is']",2,3,gpt2
focus_indicator,7,6,0.0236,focus,indicator,A focus indicator is,"['<|endoftext|>', 'A', ' focus', ' indicator', ' is']",2,3,gpt2
focus_indicator,7,7,0.0043,focus,indicator,A focus indicator is,"['<|endoftext|>', 'A', ' focus', ' indicator', ' is']",2,3,gpt2
focus_indicator,7,8,0.0468,focus,indicator,A focus indicator is,"['<|endoftext|>', 'A', ' focus', ' indicator', ' is']",2,3,gpt2
focus_indicator,7,9,0.0083,focus,indicator,A focus indicator is,"['<|endoftext|>', 'A', ' focus', ' indicator', ' is']",2,3,gpt2
focus_indicator,7,10,0.0001,focus,indicator,A focus indicator is,"['<|endoftext|>', 'A', ' focus', ' indicator', ' is']",2,3,gpt2
focus_indicator,7,11,0.0014,focus,indicator,A focus indicator is,"['<|endoftext|>', 'A', ' focus', ' indicator', ' is']",2,3,gpt2
focus_indicator,8,0,0.0079,focus,indicator,A focus indicator is,"['<|endoftext|>', 'A', ' focus', ' indicator', ' is']",2,3,gpt2
focus_indicator,8,1,0.0055,focus,indicator,A focus indicator is,"['<|endoftext|>', 'A', ' focus', ' indicator', ' is']",2,3,gpt2
focus_indicator,8,2,0.027,focus,indicator,A focus indicator is,"['<|endoftext|>', 'A', ' focus', ' indicator', ' is']",2,3,gpt2
focus_indicator,8,3,0.0032,focus,indicator,A focus indicator is,"['<|endoftext|>', 'A', ' focus', ' indicator', ' is']",2,3,gpt2
focus_indicator,8,4,0.0164,focus,indicator,A focus indicator is,"['<|endoftext|>', 'A', ' focus', ' indicator', ' is']",2,3,gpt2
focus_indicator,8,5,0.0586,focus,indicator,A focus indicator is,"['<|endoftext|>', 'A', ' focus', ' indicator', ' is']",2,3,gpt2
focus_indicator,8,6,0.0039,focus,indicator,A focus indicator is,"['<|endoftext|>', 'A', ' focus', ' indicator', ' is']",2,3,gpt2
focus_indicator,8,7,0.107,focus,indicator,A focus indicator is,"['<|endoftext|>', 'A', ' focus', ' indicator', ' is']",2,3,gpt2
focus_indicator,8,8,0.0375,focus,indicator,A focus indicator is,"['<|endoftext|>', 'A', ' focus', ' indicator', ' is']",2,3,gpt2
focus_indicator,8,9,0.0299,focus,indicator,A focus indicator is,"['<|endoftext|>', 'A', ' focus', ' indicator', ' is']",2,3,gpt2
focus_indicator,8,10,0.0105,focus,indicator,A focus indicator is,"['<|endoftext|>', 'A', ' focus', ' indicator', ' is']",2,3,gpt2
focus_indicator,8,11,0.0174,focus,indicator,A focus indicator is,"['<|endoftext|>', 'A', ' focus', ' indicator', ' is']",2,3,gpt2
focus_indicator,9,0,0.0403,focus,indicator,A focus indicator is,"['<|endoftext|>', 'A', ' focus', ' indicator', ' is']",2,3,gpt2
focus_indicator,9,1,0.0033,focus,indicator,A focus indicator is,"['<|endoftext|>', 'A', ' focus', ' indicator', ' is']",2,3,gpt2
focus_indicator,9,2,0.0315,focus,indicator,A focus indicator is,"['<|endoftext|>', 'A', ' focus', ' indicator', ' is']",2,3,gpt2
focus_indicator,9,3,0.0884,focus,indicator,A focus indicator is,"['<|endoftext|>', 'A', ' focus', ' indicator', ' is']",2,3,gpt2
focus_indicator,9,4,0.0025,focus,indicator,A focus indicator is,"['<|endoftext|>', 'A', ' focus', ' indicator', ' is']",2,3,gpt2
focus_indicator,9,5,0.0128,focus,indicator,A focus indicator is,"['<|endoftext|>', 'A', ' focus', ' indicator', ' is']",2,3,gpt2
focus_indicator,9,6,0.0084,focus,indicator,A focus indicator is,"['<|endoftext|>', 'A', ' focus', ' indicator', ' is']",2,3,gpt2
focus_indicator,9,7,0.0105,focus,indicator,A focus indicator is,"['<|endoftext|>', 'A', ' focus', ' indicator', ' is']",2,3,gpt2
focus_indicator,9,8,0.018,focus,indicator,A focus indicator is,"['<|endoftext|>', 'A', ' focus', ' indicator', ' is']",2,3,gpt2
focus_indicator,9,9,0.0043,focus,indicator,A focus indicator is,"['<|endoftext|>', 'A', ' focus', ' indicator', ' is']",2,3,gpt2
focus_indicator,9,10,0.0919,focus,indicator,A focus indicator is,"['<|endoftext|>', 'A', ' focus', ' indicator', ' is']",2,3,gpt2
focus_indicator,9,11,0.0013,focus,indicator,A focus indicator is,"['<|endoftext|>', 'A', ' focus', ' indicator', ' is']",2,3,gpt2
focus_indicator,10,0,0.0344,focus,indicator,A focus indicator is,"['<|endoftext|>', 'A', ' focus', ' indicator', ' is']",2,3,gpt2
focus_indicator,10,1,0.027,focus,indicator,A focus indicator is,"['<|endoftext|>', 'A', ' focus', ' indicator', ' is']",2,3,gpt2
focus_indicator,10,2,0.0113,focus,indicator,A focus indicator is,"['<|endoftext|>', 'A', ' focus', ' indicator', ' is']",2,3,gpt2
focus_indicator,10,3,0.0098,focus,indicator,A focus indicator is,"['<|endoftext|>', 'A', ' focus', ' indicator', ' is']",2,3,gpt2
focus_indicator,10,4,0.0272,focus,indicator,A focus indicator is,"['<|endoftext|>', 'A', ' focus', ' indicator', ' is']",2,3,gpt2
focus_indicator,10,5,0.1053,focus,indicator,A focus indicator is,"['<|endoftext|>', 'A', ' focus', ' indicator', ' is']",2,3,gpt2
focus_indicator,10,6,0.0125,focus,indicator,A focus indicator is,"['<|endoftext|>', 'A', ' focus', ' indicator', ' is']",2,3,gpt2
focus_indicator,10,7,0.0084,focus,indicator,A focus indicator is,"['<|endoftext|>', 'A', ' focus', ' indicator', ' is']",2,3,gpt2
focus_indicator,10,8,0.0037,focus,indicator,A focus indicator is,"['<|endoftext|>', 'A', ' focus', ' indicator', ' is']",2,3,gpt2
focus_indicator,10,9,0.1451,focus,indicator,A focus indicator is,"['<|endoftext|>', 'A', ' focus', ' indicator', ' is']",2,3,gpt2
focus_indicator,10,10,0.0166,focus,indicator,A focus indicator is,"['<|endoftext|>', 'A', ' focus', ' indicator', ' is']",2,3,gpt2
focus_indicator,10,11,0.0121,focus,indicator,A focus indicator is,"['<|endoftext|>', 'A', ' focus', ' indicator', ' is']",2,3,gpt2
focus_indicator,11,0,0.1921,focus,indicator,A focus indicator is,"['<|endoftext|>', 'A', ' focus', ' indicator', ' is']",2,3,gpt2
focus_indicator,11,1,0.04,focus,indicator,A focus indicator is,"['<|endoftext|>', 'A', ' focus', ' indicator', ' is']",2,3,gpt2
focus_indicator,11,2,0.0186,focus,indicator,A focus indicator is,"['<|endoftext|>', 'A', ' focus', ' indicator', ' is']",2,3,gpt2
focus_indicator,11,3,0.1222,focus,indicator,A focus indicator is,"['<|endoftext|>', 'A', ' focus', ' indicator', ' is']",2,3,gpt2
focus_indicator,11,4,0.0218,focus,indicator,A focus indicator is,"['<|endoftext|>', 'A', ' focus', ' indicator', ' is']",2,3,gpt2
focus_indicator,11,5,0.014,focus,indicator,A focus indicator is,"['<|endoftext|>', 'A', ' focus', ' indicator', ' is']",2,3,gpt2
focus_indicator,11,6,0.014,focus,indicator,A focus indicator is,"['<|endoftext|>', 'A', ' focus', ' indicator', ' is']",2,3,gpt2
focus_indicator,11,7,0.017,focus,indicator,A focus indicator is,"['<|endoftext|>', 'A', ' focus', ' indicator', ' is']",2,3,gpt2
focus_indicator,11,8,0.5318,focus,indicator,A focus indicator is,"['<|endoftext|>', 'A', ' focus', ' indicator', ' is']",2,3,gpt2
focus_indicator,11,9,0.0297,focus,indicator,A focus indicator is,"['<|endoftext|>', 'A', ' focus', ' indicator', ' is']",2,3,gpt2
focus_indicator,11,10,0.0715,focus,indicator,A focus indicator is,"['<|endoftext|>', 'A', ' focus', ' indicator', ' is']",2,3,gpt2
focus_indicator,11,11,0.0769,focus,indicator,A focus indicator is,"['<|endoftext|>', 'A', ' focus', ' indicator', ' is']",2,3,gpt2
semantic_html,0,0,0.2182,semantic,HTML,Semantic HTML helps,"['<|endoftext|>', 'Sem', 'antic', ' HTML', ' helps']",2,3,gpt2
semantic_html,0,1,0.0005,semantic,HTML,Semantic HTML helps,"['<|endoftext|>', 'Sem', 'antic', ' HTML', ' helps']",2,3,gpt2
semantic_html,0,2,0.046,semantic,HTML,Semantic HTML helps,"['<|endoftext|>', 'Sem', 'antic', ' HTML', ' helps']",2,3,gpt2
semantic_html,0,3,0.0002,semantic,HTML,Semantic HTML helps,"['<|endoftext|>', 'Sem', 'antic', ' HTML', ' helps']",2,3,gpt2
semantic_html,0,4,0.0151,semantic,HTML,Semantic HTML helps,"['<|endoftext|>', 'Sem', 'antic', ' HTML', ' helps']",2,3,gpt2
semantic_html,0,5,0.0,semantic,HTML,Semantic HTML helps,"['<|endoftext|>', 'Sem', 'antic', ' HTML', ' helps']",2,3,gpt2
semantic_html,0,6,0.0871,semantic,HTML,Semantic HTML helps,"['<|endoftext|>', 'Sem', 'antic', ' HTML', ' helps']",2,3,gpt2
semantic_html,0,7,0.0965,semantic,HTML,Semantic HTML helps,"['<|endoftext|>', 'Sem', 'antic', ' HTML', ' helps']",2,3,gpt2
semantic_html,0,8,0.0328,semantic,HTML,Semantic HTML helps,"['<|endoftext|>', 'Sem', 'antic', ' HTML', ' helps']",2,3,gpt2
semantic_html,0,9,0.0378,semantic,HTML,Semantic HTML helps,"['<|endoftext|>', 'Sem', 'antic', ' HTML', ' helps']",2,3,gpt2
semantic_html,0,10,0.0418,semantic,HTML,Semantic HTML helps,"['<|endoftext|>', 'Sem', 'antic', ' HTML', ' helps']",2,3,gpt2
semantic_html,0,11,0.0473,semantic,HTML,Semantic HTML helps,"['<|endoftext|>', 'Sem', 'antic', ' HTML', ' helps']",2,3,gpt2
semantic_html,1,0,0.2547,semantic,HTML,Semantic HTML helps,"['<|endoftext|>', 'Sem', 'antic', ' HTML', ' helps']",2,3,gpt2
semantic_html,1,1,0.106,semantic,HTML,Semantic HTML helps,"['<|endoftext|>', 'Sem', 'antic', ' HTML', ' helps']",2,3,gpt2
semantic_html,1,2,0.0877,semantic,HTML,Semantic HTML helps,"['<|endoftext|>', 'Sem', 'antic', ' HTML', ' helps']",2,3,gpt2
semantic_html,1,3,0.1466,semantic,HTML,Semantic HTML helps,"['<|endoftext|>', 'Sem', 'antic', ' HTML', ' helps']",2,3,gpt2
semantic_html,1,4,0.0999,semantic,HTML,Semantic HTML helps,"['<|endoftext|>', 'Sem', 'antic', ' HTML', ' helps']",2,3,gpt2
semantic_html,1,5,0.1154,semantic,HTML,Semantic HTML helps,"['<|endoftext|>', 'Sem', 'antic', ' HTML', ' helps']",2,3,gpt2
semantic_html,1,6,0.1209,semantic,HTML,Semantic HTML helps,"['<|endoftext|>', 'Sem', 'antic', ' HTML', ' helps']",2,3,gpt2
semantic_html,1,7,0.1191,semantic,HTML,Semantic HTML helps,"['<|endoftext|>', 'Sem', 'antic', ' HTML', ' helps']",2,3,gpt2
semantic_html,1,8,0.0938,semantic,HTML,Semantic HTML helps,"['<|endoftext|>', 'Sem', 'antic', ' HTML', ' helps']",2,3,gpt2
semantic_html,1,9,0.0224,semantic,HTML,Semantic HTML helps,"['<|endoftext|>', 'Sem', 'antic', ' HTML', ' helps']",2,3,gpt2
semantic_html,1,10,0.3326,semantic,HTML,Semantic HTML helps,"['<|endoftext|>', 'Sem', 'antic', ' HTML', ' helps']",2,3,gpt2
semantic_html,1,11,0.0112,semantic,HTML,Semantic HTML helps,"['<|endoftext|>', 'Sem', 'antic', ' HTML', ' helps']",2,3,gpt2
semantic_html,2,0,0.0964,semantic,HTML,Semantic HTML helps,"['<|endoftext|>', 'Sem', 'antic', ' HTML', ' helps']",2,3,gpt2
semantic_html,2,1,0.1784,semantic,HTML,Semantic HTML helps,"['<|endoftext|>', 'Sem', 'antic', ' HTML', ' helps']",2,3,gpt2
semantic_html,2,2,0.4435,semantic,HTML,Semantic HTML helps,"['<|endoftext|>', 'Sem', 'antic', ' HTML', ' helps']",2,3,gpt2
semantic_html,2,3,0.2672,semantic,HTML,Semantic HTML helps,"['<|endoftext|>', 'Sem', 'antic', ' HTML', ' helps']",2,3,gpt2
semantic_html,2,4,0.6364,semantic,HTML,Semantic HTML helps,"['<|endoftext|>', 'Sem', 'antic', ' HTML', ' helps']",2,3,gpt2
semantic_html,2,5,0.2614,semantic,HTML,Semantic HTML helps,"['<|endoftext|>', 'Sem', 'antic', ' HTML', ' helps']",2,3,gpt2
semantic_html,2,6,0.0661,semantic,HTML,Semantic HTML helps,"['<|endoftext|>', 'Sem', 'antic', ' HTML', ' helps']",2,3,gpt2
semantic_html,2,7,0.1401,semantic,HTML,Semantic HTML helps,"['<|endoftext|>', 'Sem', 'antic', ' HTML', ' helps']",2,3,gpt2
semantic_html,2,8,0.5749,semantic,HTML,Semantic HTML helps,"['<|endoftext|>', 'Sem', 'antic', ' HTML', ' helps']",2,3,gpt2
semantic_html,2,9,0.5659,semantic,HTML,Semantic HTML helps,"['<|endoftext|>', 'Sem', 'antic', ' HTML', ' helps']",2,3,gpt2
semantic_html,2,10,0.1452,semantic,HTML,Semantic HTML helps,"['<|endoftext|>', 'Sem', 'antic', ' HTML', ' helps']",2,3,gpt2
semantic_html,2,11,0.0479,semantic,HTML,Semantic HTML helps,"['<|endoftext|>', 'Sem', 'antic', ' HTML', ' helps']",2,3,gpt2
semantic_html,3,0,0.0039,semantic,HTML,Semantic HTML helps,"['<|endoftext|>', 'Sem', 'antic', ' HTML', ' helps']",2,3,gpt2
semantic_html,3,1,0.1267,semantic,HTML,Semantic HTML helps,"['<|endoftext|>', 'Sem', 'antic', ' HTML', ' helps']",2,3,gpt2
semantic_html,3,2,0.2669,semantic,HTML,Semantic HTML helps,"['<|endoftext|>', 'Sem', 'antic', ' HTML', ' helps']",2,3,gpt2
semantic_html,3,3,0.2656,semantic,HTML,Semantic HTML helps,"['<|endoftext|>', 'Sem', 'antic', ' HTML', ' helps']",2,3,gpt2
semantic_html,3,4,0.0057,semantic,HTML,Semantic HTML helps,"['<|endoftext|>', 'Sem', 'antic', ' HTML', ' helps']",2,3,gpt2
semantic_html,3,5,0.1731,semantic,HTML,Semantic HTML helps,"['<|endoftext|>', 'Sem', 'antic', ' HTML', ' helps']",2,3,gpt2
semantic_html,3,6,0.1611,semantic,HTML,Semantic HTML helps,"['<|endoftext|>', 'Sem', 'antic', ' HTML', ' helps']",2,3,gpt2
semantic_html,3,7,0.5672,semantic,HTML,Semantic HTML helps,"['<|endoftext|>', 'Sem', 'antic', ' HTML', ' helps']",2,3,gpt2
semantic_html,3,8,0.123,semantic,HTML,Semantic HTML helps,"['<|endoftext|>', 'Sem', 'antic', ' HTML', ' helps']",2,3,gpt2
semantic_html,3,9,0.1732,semantic,HTML,Semantic HTML helps,"['<|endoftext|>', 'Sem', 'antic', ' HTML', ' helps']",2,3,gpt2
semantic_html,3,10,0.0298,semantic,HTML,Semantic HTML helps,"['<|endoftext|>', 'Sem', 'antic', ' HTML', ' helps']",2,3,gpt2
semantic_html,3,11,0.8082,semantic,HTML,Semantic HTML helps,"['<|endoftext|>', 'Sem', 'antic', ' HTML', ' helps']",2,3,gpt2
semantic_html,4,0,0.0486,semantic,HTML,Semantic HTML helps,"['<|endoftext|>', 'Sem', 'antic', ' HTML', ' helps']",2,3,gpt2
semantic_html,4,1,0.0968,semantic,HTML,Semantic HTML helps,"['<|endoftext|>', 'Sem', 'antic', ' HTML', ' helps']",2,3,gpt2
semantic_html,4,2,0.1082,semantic,HTML,Semantic HTML helps,"['<|endoftext|>', 'Sem', 'antic', ' HTML', ' helps']",2,3,gpt2
semantic_html,4,3,0.4121,semantic,HTML,Semantic HTML helps,"['<|endoftext|>', 'Sem', 'antic', ' HTML', ' helps']",2,3,gpt2
semantic_html,4,4,0.0521,semantic,HTML,Semantic HTML helps,"['<|endoftext|>', 'Sem', 'antic', ' HTML', ' helps']",2,3,gpt2
semantic_html,4,5,0.6073,semantic,HTML,Semantic HTML helps,"['<|endoftext|>', 'Sem', 'antic', ' HTML', ' helps']",2,3,gpt2
semantic_html,4,6,0.1324,semantic,HTML,Semantic HTML helps,"['<|endoftext|>', 'Sem', 'antic', ' HTML', ' helps']",2,3,gpt2
semantic_html,4,7,0.0944,semantic,HTML,Semantic HTML helps,"['<|endoftext|>', 'Sem', 'antic', ' HTML', ' helps']",2,3,gpt2
semantic_html,4,8,0.0181,semantic,HTML,Semantic HTML helps,"['<|endoftext|>', 'Sem', 'antic', ' HTML', ' helps']",2,3,gpt2
semantic_html,4,9,0.2107,semantic,HTML,Semantic HTML helps,"['<|endoftext|>', 'Sem', 'antic', ' HTML', ' helps']",2,3,gpt2
semantic_html,4,10,0.0143,semantic,HTML,Semantic HTML helps,"['<|endoftext|>', 'Sem', 'antic', ' HTML', ' helps']",2,3,gpt2
semantic_html,4,11,0.9999,semantic,HTML,Semantic HTML helps,"['<|endoftext|>', 'Sem', 'antic', ' HTML', ' helps']",2,3,gpt2
semantic_html,5,0,0.0007,semantic,HTML,Semantic HTML helps,"['<|endoftext|>', 'Sem', 'antic', ' HTML', ' helps']",2,3,gpt2
semantic_html,5,1,0.0,semantic,HTML,Semantic HTML helps,"['<|endoftext|>', 'Sem', 'antic', ' HTML', ' helps']",2,3,gpt2
semantic_html,5,2,0.1694,semantic,HTML,Semantic HTML helps,"['<|endoftext|>', 'Sem', 'antic', ' HTML', ' helps']",2,3,gpt2
semantic_html,5,3,0.072,semantic,HTML,Semantic HTML helps,"['<|endoftext|>', 'Sem', 'antic', ' HTML', ' helps']",2,3,gpt2
semantic_html,5,4,0.0778,semantic,HTML,Semantic HTML helps,"['<|endoftext|>', 'Sem', 'antic', ' HTML', ' helps']",2,3,gpt2
semantic_html,5,5,0.0,semantic,HTML,Semantic HTML helps,"['<|endoftext|>', 'Sem', 'antic', ' HTML', ' helps']",2,3,gpt2
semantic_html,5,6,0.4854,semantic,HTML,Semantic HTML helps,"['<|endoftext|>', 'Sem', 'antic', ' HTML', ' helps']",2,3,gpt2
semantic_html,5,7,0.1533,semantic,HTML,Semantic HTML helps,"['<|endoftext|>', 'Sem', 'antic', ' HTML', ' helps']",2,3,gpt2
semantic_html,5,8,0.0039,semantic,HTML,Semantic HTML helps,"['<|endoftext|>', 'Sem', 'antic', ' HTML', ' helps']",2,3,gpt2
semantic_html,5,9,0.0228,semantic,HTML,Semantic HTML helps,"['<|endoftext|>', 'Sem', 'antic', ' HTML', ' helps']",2,3,gpt2
semantic_html,5,10,0.0611,semantic,HTML,Semantic HTML helps,"['<|endoftext|>', 'Sem', 'antic', ' HTML', ' helps']",2,3,gpt2
semantic_html,5,11,0.0558,semantic,HTML,Semantic HTML helps,"['<|endoftext|>', 'Sem', 'antic', ' HTML', ' helps']",2,3,gpt2
semantic_html,6,0,0.1802,semantic,HTML,Semantic HTML helps,"['<|endoftext|>', 'Sem', 'antic', ' HTML', ' helps']",2,3,gpt2
semantic_html,6,1,0.0264,semantic,HTML,Semantic HTML helps,"['<|endoftext|>', 'Sem', 'antic', ' HTML', ' helps']",2,3,gpt2
semantic_html,6,2,0.0174,semantic,HTML,Semantic HTML helps,"['<|endoftext|>', 'Sem', 'antic', ' HTML', ' helps']",2,3,gpt2
semantic_html,6,3,0.0104,semantic,HTML,Semantic HTML helps,"['<|endoftext|>', 'Sem', 'antic', ' HTML', ' helps']",2,3,gpt2
semantic_html,6,4,0.0347,semantic,HTML,Semantic HTML helps,"['<|endoftext|>', 'Sem', 'antic', ' HTML', ' helps']",2,3,gpt2
semantic_html,6,5,0.0444,semantic,HTML,Semantic HTML helps,"['<|endoftext|>', 'Sem', 'antic', ' HTML', ' helps']",2,3,gpt2
semantic_html,6,6,0.0296,semantic,HTML,Semantic HTML helps,"['<|endoftext|>', 'Sem', 'antic', ' HTML', ' helps']",2,3,gpt2
semantic_html,6,7,0.2085,semantic,HTML,Semantic HTML helps,"['<|endoftext|>', 'Sem', 'antic', ' HTML', ' helps']",2,3,gpt2
semantic_html,6,8,0.4445,semantic,HTML,Semantic HTML helps,"['<|endoftext|>', 'Sem', 'antic', ' HTML', ' helps']",2,3,gpt2
semantic_html,6,9,0.0,semantic,HTML,Semantic HTML helps,"['<|endoftext|>', 'Sem', 'antic', ' HTML', ' helps']",2,3,gpt2
semantic_html,6,10,0.0081,semantic,HTML,Semantic HTML helps,"['<|endoftext|>', 'Sem', 'antic', ' HTML', ' helps']",2,3,gpt2
semantic_html,6,11,0.0871,semantic,HTML,Semantic HTML helps,"['<|endoftext|>', 'Sem', 'antic', ' HTML', ' helps']",2,3,gpt2
semantic_html,7,0,0.3543,semantic,HTML,Semantic HTML helps,"['<|endoftext|>', 'Sem', 'antic', ' HTML', ' helps']",2,3,gpt2
semantic_html,7,1,0.0017,semantic,HTML,Semantic HTML helps,"['<|endoftext|>', 'Sem', 'antic', ' HTML', ' helps']",2,3,gpt2
semantic_html,7,2,0.0001,semantic,HTML,Semantic HTML helps,"['<|endoftext|>', 'Sem', 'antic', ' HTML', ' helps']",2,3,gpt2
semantic_html,7,3,0.0221,semantic,HTML,Semantic HTML helps,"['<|endoftext|>', 'Sem', 'antic', ' HTML', ' helps']",2,3,gpt2
semantic_html,7,4,0.0632,semantic,HTML,Semantic HTML helps,"['<|endoftext|>', 'Sem', 'antic', ' HTML', ' helps']",2,3,gpt2
semantic_html,7,5,0.0272,semantic,HTML,Semantic HTML helps,"['<|endoftext|>', 'Sem', 'antic', ' HTML', ' helps']",2,3,gpt2
semantic_html,7,6,0.0161,semantic,HTML,Semantic HTML helps,"['<|endoftext|>', 'Sem', 'antic', ' HTML', ' helps']",2,3,gpt2
semantic_html,7,7,0.0032,semantic,HTML,Semantic HTML helps,"['<|endoftext|>', 'Sem', 'antic', ' HTML', ' helps']",2,3,gpt2
semantic_html,7,8,0.1028,semantic,HTML,Semantic HTML helps,"['<|endoftext|>', 'Sem', 'antic', ' HTML', ' helps']",2,3,gpt2
semantic_html,7,9,0.0088,semantic,HTML,Semantic HTML helps,"['<|endoftext|>', 'Sem', 'antic', ' HTML', ' helps']",2,3,gpt2
semantic_html,7,10,0.0002,semantic,HTML,Semantic HTML helps,"['<|endoftext|>', 'Sem', 'antic', ' HTML', ' helps']",2,3,gpt2
semantic_html,7,11,0.0007,semantic,HTML,Semantic HTML helps,"['<|endoftext|>', 'Sem', 'antic', ' HTML', ' helps']",2,3,gpt2
semantic_html,8,0,0.0311,semantic,HTML,Semantic HTML helps,"['<|endoftext|>', 'Sem', 'antic', ' HTML', ' helps']",2,3,gpt2
semantic_html,8,1,0.0028,semantic,HTML,Semantic HTML helps,"['<|endoftext|>', 'Sem', 'antic', ' HTML', ' helps']",2,3,gpt2
semantic_html,8,2,0.0126,semantic,HTML,Semantic HTML helps,"['<|endoftext|>', 'Sem', 'antic', ' HTML', ' helps']",2,3,gpt2
semantic_html,8,3,0.0202,semantic,HTML,Semantic HTML helps,"['<|endoftext|>', 'Sem', 'antic', ' HTML', ' helps']",2,3,gpt2
semantic_html,8,4,0.0524,semantic,HTML,Semantic HTML helps,"['<|endoftext|>', 'Sem', 'antic', ' HTML', ' helps']",2,3,gpt2
semantic_html,8,5,0.1113,semantic,HTML,Semantic HTML helps,"['<|endoftext|>', 'Sem', 'antic', ' HTML', ' helps']",2,3,gpt2
semantic_html,8,6,0.0064,semantic,HTML,Semantic HTML helps,"['<|endoftext|>', 'Sem', 'antic', ' HTML', ' helps']",2,3,gpt2
semantic_html,8,7,0.384,semantic,HTML,Semantic HTML helps,"['<|endoftext|>', 'Sem', 'antic', ' HTML', ' helps']",2,3,gpt2
semantic_html,8,8,0.223,semantic,HTML,Semantic HTML helps,"['<|endoftext|>', 'Sem', 'antic', ' HTML', ' helps']",2,3,gpt2
semantic_html,8,9,0.0364,semantic,HTML,Semantic HTML helps,"['<|endoftext|>', 'Sem', 'antic', ' HTML', ' helps']",2,3,gpt2
semantic_html,8,10,0.0476,semantic,HTML,Semantic HTML helps,"['<|endoftext|>', 'Sem', 'antic', ' HTML', ' helps']",2,3,gpt2
semantic_html,8,11,0.0198,semantic,HTML,Semantic HTML helps,"['<|endoftext|>', 'Sem', 'antic', ' HTML', ' helps']",2,3,gpt2
semantic_html,9,0,0.1253,semantic,HTML,Semantic HTML helps,"['<|endoftext|>', 'Sem', 'antic', ' HTML', ' helps']",2,3,gpt2
semantic_html,9,1,0.0043,semantic,HTML,Semantic HTML helps,"['<|endoftext|>', 'Sem', 'antic', ' HTML', ' helps']",2,3,gpt2
semantic_html,9,2,0.0326,semantic,HTML,Semantic HTML helps,"['<|endoftext|>', 'Sem', 'antic', ' HTML', ' helps']",2,3,gpt2
semantic_html,9,3,0.3125,semantic,HTML,Semantic HTML helps,"['<|endoftext|>', 'Sem', 'antic', ' HTML', ' helps']",2,3,gpt2
semantic_html,9,4,0.0143,semantic,HTML,Semantic HTML helps,"['<|endoftext|>', 'Sem', 'antic', ' HTML', ' helps']",2,3,gpt2
semantic_html,9,5,0.0222,semantic,HTML,Semantic HTML helps,"['<|endoftext|>', 'Sem', 'antic', ' HTML', ' helps']",2,3,gpt2
semantic_html,9,6,0.0094,semantic,HTML,Semantic HTML helps,"['<|endoftext|>', 'Sem', 'antic', ' HTML', ' helps']",2,3,gpt2
semantic_html,9,7,0.011,semantic,HTML,Semantic HTML helps,"['<|endoftext|>', 'Sem', 'antic', ' HTML', ' helps']",2,3,gpt2
semantic_html,9,8,0.0133,semantic,HTML,Semantic HTML helps,"['<|endoftext|>', 'Sem', 'antic', ' HTML', ' helps']",2,3,gpt2
semantic_html,9,9,0.0039,semantic,HTML,Semantic HTML helps,"['<|endoftext|>', 'Sem', 'antic', ' HTML', ' helps']",2,3,gpt2
semantic_html,9,10,0.0531,semantic,HTML,Semantic HTML helps,"['<|endoftext|>', 'Sem', 'antic', ' HTML', ' helps']",2,3,gpt2
semantic_html,9,11,0.0014,semantic,HTML,Semantic HTML helps,"['<|endoftext|>', 'Sem', 'antic', ' HTML', ' helps']",2,3,gpt2
semantic_html,10,0,0.0622,semantic,HTML,Semantic HTML helps,"['<|endoftext|>', 'Sem', 'antic', ' HTML', ' helps']",2,3,gpt2
semantic_html,10,1,0.0201,semantic,HTML,Semantic HTML helps,"['<|endoftext|>', 'Sem', 'antic', ' HTML', ' helps']",2,3,gpt2
semantic_html,10,2,0.0067,semantic,HTML,Semantic HTML helps,"['<|endoftext|>', 'Sem', 'antic', ' HTML', ' helps']",2,3,gpt2
semantic_html,10,3,0.0076,semantic,HTML,Semantic HTML helps,"['<|endoftext|>', 'Sem', 'antic', ' HTML', ' helps']",2,3,gpt2
semantic_html,10,4,0.0824,semantic,HTML,Semantic HTML helps,"['<|endoftext|>', 'Sem', 'antic', ' HTML', ' helps']",2,3,gpt2
semantic_html,10,5,0.0219,semantic,HTML,Semantic HTML helps,"['<|endoftext|>', 'Sem', 'antic', ' HTML', ' helps']",2,3,gpt2
semantic_html,10,6,0.0722,semantic,HTML,Semantic HTML helps,"['<|endoftext|>', 'Sem', 'antic', ' HTML', ' helps']",2,3,gpt2
semantic_html,10,7,0.0147,semantic,HTML,Semantic HTML helps,"['<|endoftext|>', 'Sem', 'antic', ' HTML', ' helps']",2,3,gpt2
semantic_html,10,8,0.0034,semantic,HTML,Semantic HTML helps,"['<|endoftext|>', 'Sem', 'antic', ' HTML', ' helps']",2,3,gpt2
semantic_html,10,9,0.1852,semantic,HTML,Semantic HTML helps,"['<|endoftext|>', 'Sem', 'antic', ' HTML', ' helps']",2,3,gpt2
semantic_html,10,10,0.0267,semantic,HTML,Semantic HTML helps,"['<|endoftext|>', 'Sem', 'antic', ' HTML', ' helps']",2,3,gpt2
semantic_html,10,11,0.1601,semantic,HTML,Semantic HTML helps,"['<|endoftext|>', 'Sem', 'antic', ' HTML', ' helps']",2,3,gpt2
semantic_html,11,0,0.1333,semantic,HTML,Semantic HTML helps,"['<|endoftext|>', 'Sem', 'antic', ' HTML', ' helps']",2,3,gpt2
semantic_html,11,1,0.0275,semantic,HTML,Semantic HTML helps,"['<|endoftext|>', 'Sem', 'antic', ' HTML', ' helps']",2,3,gpt2
semantic_html,11,2,0.0374,semantic,HTML,Semantic HTML helps,"['<|endoftext|>', 'Sem', 'antic', ' HTML', ' helps']",2,3,gpt2
semantic_html,11,3,0.0806,semantic,HTML,Semantic HTML helps,"['<|endoftext|>', 'Sem', 'antic', ' HTML', ' helps']",2,3,gpt2
semantic_html,11,4,0.0856,semantic,HTML,Semantic HTML helps,"['<|endoftext|>', 'Sem', 'antic', ' HTML', ' helps']",2,3,gpt2
semantic_html,11,5,0.0131,semantic,HTML,Semantic HTML helps,"['<|endoftext|>', 'Sem', 'antic', ' HTML', ' helps']",2,3,gpt2
semantic_html,11,6,0.0394,semantic,HTML,Semantic HTML helps,"['<|endoftext|>', 'Sem', 'antic', ' HTML', ' helps']",2,3,gpt2
semantic_html,11,7,0.0284,semantic,HTML,Semantic HTML helps,"['<|endoftext|>', 'Sem', 'antic', ' HTML', ' helps']",2,3,gpt2
semantic_html,11,8,0.5316,semantic,HTML,Semantic HTML helps,"['<|endoftext|>', 'Sem', 'antic', ' HTML', ' helps']",2,3,gpt2
semantic_html,11,9,0.0247,semantic,HTML,Semantic HTML helps,"['<|endoftext|>', 'Sem', 'antic', ' HTML', ' helps']",2,3,gpt2
semantic_html,11,10,0.1639,semantic,HTML,Semantic HTML helps,"['<|endoftext|>', 'Sem', 'antic', ' HTML', ' helps']",2,3,gpt2
semantic_html,11,11,0.1291,semantic,HTML,Semantic HTML helps,"['<|endoftext|>', 'Sem', 'antic', ' HTML', ' helps']",2,3,gpt2
