compound,model,condition,set_id,heads,kl,top_changed,bigram_count,log_frequency
error_identification,pythia-2.8b,natural,random_001,"[[25, 18], [26, 11], [26, 12], [27, 24], [31, 17]]",1.4579127309843898e-06,False,1566,7.356918242356021
error_identification,pythia-2.8b,natural,random_002,"[[22, 7], [25, 21], [26, 2], [27, 12], [30, 23]]",4.3976979213766754e-07,False,1566,7.356918242356021
error_identification,pythia-2.8b,natural,random_003,"[[22, 5], [23, 9], [26, 3], [26, 12], [31, 8]]",7.728871423751116e-06,False,1566,7.356918242356021
error_identification,pythia-2.8b,natural,random_004,"[[22, 6], [23, 20], [26, 7], [27, 1], [31, 13]]",1.3883807696402073e-05,False,1566,7.356918242356021
error_identification,pythia-2.8b,natural,random_005,"[[23, 15], [24, 21], [27, 10], [27, 26], [28, 4]]",1.5120778698474169e-05,False,1566,7.356918242356021
error_identification,pythia-2.8b,natural,random_006,"[[23, 14], [26, 26], [27, 29], [28, 16], [31, 17]]",1.6351732483599335e-06,False,1566,7.356918242356021
error_identification,pythia-2.8b,natural,random_007,"[[23, 28], [24, 4], [28, 0], [28, 15], [30, 9]]",4.121247911825776e-07,False,1566,7.356918242356021
error_identification,pythia-2.8b,natural,random_008,"[[27, 19], [28, 1], [28, 27], [30, 3], [30, 21]]",9.680574294179678e-06,False,1566,7.356918242356021
error_identification,pythia-2.8b,natural,random_009,"[[25, 5], [26, 27], [28, 2], [29, 28], [30, 20]]",2.0152743672952056e-05,False,1566,7.356918242356021
error_identification,pythia-2.8b,natural,random_010,"[[22, 22], [22, 24], [25, 24], [30, 24], [31, 11]]",1.8367136362940073e-05,False,1566,7.356918242356021
error_identification,pythia-2.8b,natural,random_011,"[[22, 10], [24, 0], [28, 30], [30, 18], [31, 30]]",2.104125451296568e-05,False,1566,7.356918242356021
error_identification,pythia-2.8b,natural,random_012,"[[25, 18], [27, 3], [27, 13], [28, 29], [30, 22]]",1.7549318727105856e-06,False,1566,7.356918242356021
error_identification,pythia-2.8b,natural,random_013,"[[24, 15], [28, 20], [28, 28], [30, 17], [31, 21]]",2.581506851129234e-05,False,1566,7.356918242356021
error_identification,pythia-2.8b,natural,random_014,"[[23, 8], [25, 10], [27, 19], [27, 28], [31, 4]]",1.627573510631919e-06,False,1566,7.356918242356021
error_identification,pythia-2.8b,natural,random_015,"[[26, 21], [29, 28], [30, 28], [31, 19], [31, 23]]",6.307724106591195e-06,False,1566,7.356918242356021
error_identification,pythia-2.8b,natural,random_016,"[[24, 27], [26, 23], [28, 21], [29, 13], [30, 26]]",7.431663107126951e-06,False,1566,7.356918242356021
error_identification,pythia-2.8b,natural,random_017,"[[23, 19], [25, 25], [28, 17], [30, 3], [30, 4]]",2.658605808392167e-05,False,1566,7.356918242356021
error_identification,pythia-2.8b,natural,random_018,"[[22, 28], [24, 12], [26, 2], [26, 16], [26, 26]]",1.55320594785735e-05,False,1566,7.356918242356021
error_identification,pythia-2.8b,natural,random_019,"[[23, 21], [24, 26], [26, 19], [28, 29], [31, 3]]",1.7159327398985624e-06,False,1566,7.356918242356021
error_identification,pythia-2.8b,natural,random_020,"[[26, 9], [28, 4], [29, 24], [30, 13], [31, 15]]",3.296256181783974e-06,False,1566,7.356918242356021
error_identification,pythia-2.8b,natural,random_021,"[[23, 19], [25, 11], [26, 24], [27, 27], [29, 6]]",6.943737389519811e-07,False,1566,7.356918242356021
error_identification,pythia-2.8b,natural,random_022,"[[25, 12], [26, 9], [26, 13], [31, 12], [31, 14]]",1.1613155947998166e-06,False,1566,7.356918242356021
error_identification,pythia-2.8b,natural,random_023,"[[25, 9], [26, 8], [28, 22], [29, 28], [30, 20]]",1.3629382010549307e-05,False,1566,7.356918242356021
error_identification,pythia-2.8b,natural,random_024,"[[22, 8], [23, 19], [23, 23], [29, 22], [31, 6]]",3.294589987490326e-07,False,1566,7.356918242356021
error_identification,pythia-2.8b,natural,random_025,"[[25, 7], [28, 11], [29, 22], [30, 14], [31, 30]]",3.89284105040133e-06,False,1566,7.356918242356021
error_identification,pythia-2.8b,natural,random_026,"[[22, 1], [23, 5], [24, 20], [27, 1], [28, 7]]",0.0010681324638426304,False,1566,7.356918242356021
error_identification,pythia-2.8b,natural,random_027,"[[23, 28], [26, 4], [28, 16], [29, 27], [31, 8]]",1.3223587302491069e-05,False,1566,7.356918242356021
error_identification,pythia-2.8b,natural,random_028,"[[23, 12], [24, 20], [25, 12], [26, 24], [31, 22]]",1.2001226423308253e-05,False,1566,7.356918242356021
error_identification,pythia-2.8b,natural,random_029,"[[22, 12], [24, 7], [25, 25], [26, 18], [30, 2]]",6.715490599162877e-07,False,1566,7.356918242356021
error_identification,pythia-2.8b,natural,random_030,"[[22, 13], [26, 5], [28, 15], [28, 30], [31, 15]]",7.454567821696401e-06,False,1566,7.356918242356021
error_identification,pythia-2.8b,natural,random_031,"[[25, 1], [26, 24], [27, 22], [28, 27], [29, 24]]",5.206929927226156e-07,False,1566,7.356918242356021
error_identification,pythia-2.8b,natural,random_032,"[[23, 18], [24, 27], [26, 22], [27, 25], [31, 30]]",3.656059561762959e-07,False,1566,7.356918242356021
error_identification,pythia-2.8b,natural,random_033,"[[25, 10], [28, 1], [29, 20], [30, 23], [31, 4]]",7.540416845586151e-06,False,1566,7.356918242356021
error_identification,pythia-2.8b,natural,random_034,"[[24, 29], [26, 2], [28, 19], [29, 17], [30, 31]]",1.1468800948932767e-05,False,1566,7.356918242356021
error_identification,pythia-2.8b,natural,random_035,"[[23, 28], [27, 3], [28, 14], [28, 20], [31, 18]]",1.9537328626029193e-06,False,1566,7.356918242356021
error_identification,pythia-2.8b,natural,random_036,"[[23, 5], [24, 13], [24, 18], [25, 4], [27, 24]]",0.0010457728058099747,False,1566,7.356918242356021
error_identification,pythia-2.8b,natural,random_037,"[[22, 30], [23, 16], [25, 8], [27, 18], [30, 8]]",2.5518675101920962e-06,False,1566,7.356918242356021
error_identification,pythia-2.8b,natural,random_038,"[[22, 1], [24, 12], [25, 19], [26, 14], [26, 18]]",1.725327456369996e-05,False,1566,7.356918242356021
error_identification,pythia-2.8b,natural,random_039,"[[27, 10], [27, 27], [28, 7], [31, 5], [31, 9]]",3.469427610980347e-06,False,1566,7.356918242356021
error_identification,pythia-2.8b,natural,random_040,"[[22, 3], [24, 0], [25, 11], [29, 8], [30, 1]]",1.295082620345056e-05,False,1566,7.356918242356021
error_identification,pythia-2.8b,natural,random_041,"[[24, 7], [29, 8], [29, 15], [30, 28], [31, 24]]",1.4812947483733296e-05,False,1566,7.356918242356021
error_identification,pythia-2.8b,natural,random_042,"[[22, 31], [23, 10], [30, 0], [31, 20], [31, 28]]",1.9731000065803528e-05,False,1566,7.356918242356021
error_identification,pythia-2.8b,natural,random_043,"[[23, 29], [24, 2], [26, 8], [30, 0], [31, 24]]",2.965159364975989e-05,False,1566,7.356918242356021
error_identification,pythia-2.8b,natural,random_044,"[[22, 9], [24, 27], [26, 15], [26, 27], [30, 28]]",1.1049443855881691e-05,False,1566,7.356918242356021
error_identification,pythia-2.8b,natural,random_045,"[[23, 12], [26, 20], [28, 22], [29, 0], [31, 31]]",2.5071989512071013e-05,False,1566,7.356918242356021
error_identification,pythia-2.8b,natural,random_046,"[[23, 3], [24, 3], [26, 12], [29, 19], [31, 11]]",1.2752389011438936e-06,False,1566,7.356918242356021
error_identification,pythia-2.8b,natural,random_047,"[[24, 11], [24, 23], [26, 1], [26, 17], [26, 25]]",3.7498684832826257e-06,False,1566,7.356918242356021
error_identification,pythia-2.8b,natural,random_048,"[[24, 22], [29, 16], [29, 18], [30, 16], [30, 26]]",4.257436376065016e-05,False,1566,7.356918242356021
error_identification,pythia-2.8b,natural,random_049,"[[25, 4], [27, 9], [28, 9], [30, 17], [31, 26]]",1.3275566743686795e-06,False,1566,7.356918242356021
error_identification,pythia-2.8b,natural,random_050,"[[22, 13], [25, 23], [27, 3], [29, 28], [31, 24]]",4.882242137682624e-06,False,1566,7.356918242356021
error_identification,pythia-2.8b,natural,random_051,"[[22, 7], [23, 18], [24, 22], [29, 5], [31, 29]]",4.786452336702496e-07,False,1566,7.356918242356021
error_identification,pythia-2.8b,natural,random_052,"[[24, 20], [26, 25], [27, 13], [28, 10], [29, 27]]",1.81864743353799e-05,False,1566,7.356918242356021
error_identification,pythia-2.8b,natural,random_053,"[[22, 24], [26, 17], [26, 22], [27, 17], [31, 10]]",8.455754141323268e-07,False,1566,7.356918242356021
error_identification,pythia-2.8b,natural,random_054,"[[23, 30], [24, 5], [25, 30], [26, 15], [28, 2]]",6.577989552170038e-06,False,1566,7.356918242356021
error_identification,pythia-2.8b,natural,random_055,"[[25, 22], [28, 24], [29, 12], [31, 16], [31, 21]]",2.9846880352124572e-05,False,1566,7.356918242356021
error_identification,pythia-2.8b,natural,random_056,"[[23, 29], [24, 15], [26, 22], [28, 31], [30, 2]]",1.3194017810747027e-05,False,1566,7.356918242356021
error_identification,pythia-2.8b,natural,random_057,"[[22, 21], [25, 15], [28, 1], [28, 4], [28, 30]]",1.3856777513865381e-05,False,1566,7.356918242356021
error_identification,pythia-2.8b,natural,random_058,"[[22, 1], [26, 16], [26, 26], [29, 17], [31, 29]]",7.269991328939795e-07,False,1566,7.356918242356021
error_identification,pythia-2.8b,natural,random_059,"[[24, 2], [24, 31], [27, 11], [29, 27], [30, 25]]",1.2668751878663898e-05,False,1566,7.356918242356021
error_identification,pythia-2.8b,natural,random_060,"[[22, 6], [27, 3], [27, 21], [28, 30], [31, 4]]",2.5012355763465166e-05,False,1566,7.356918242356021
error_identification,pythia-2.8b,natural,random_061,"[[23, 4], [24, 29], [26, 9], [30, 24], [31, 12]]",1.849155523814261e-06,False,1566,7.356918242356021
error_identification,pythia-2.8b,natural,random_062,"[[22, 31], [23, 28], [25, 6], [27, 12], [29, 25]]",8.075894584180787e-07,False,1566,7.356918242356021
error_identification,pythia-2.8b,natural,random_063,"[[24, 7], [27, 3], [27, 17], [27, 31], [28, 23]]",3.8260986912064254e-07,False,1566,7.356918242356021
error_identification,pythia-2.8b,natural,random_064,"[[26, 7], [26, 30], [28, 30], [29, 9], [31, 11]]",8.781244105193764e-06,False,1566,7.356918242356021
error_identification,pythia-2.8b,natural,random_065,"[[22, 23], [26, 7], [27, 18], [27, 31], [28, 25]]",1.7413731256965548e-06,False,1566,7.356918242356021
error_identification,pythia-2.8b,natural,random_066,"[[28, 25], [29, 5], [29, 17], [29, 25], [30, 5]]",7.724011084064841e-07,False,1566,7.356918242356021
error_identification,pythia-2.8b,natural,random_067,"[[23, 15], [24, 31], [27, 8], [28, 29], [30, 4]]",1.7237631254829466e-05,False,1566,7.356918242356021
error_identification,pythia-2.8b,natural,random_068,"[[25, 25], [26, 9], [28, 8], [28, 29], [30, 20]]",4.705216269940138e-07,False,1566,7.356918242356021
error_identification,pythia-2.8b,natural,random_069,"[[22, 21], [23, 7], [25, 0], [27, 2], [29, 1]]",9.185969247482717e-07,False,1566,7.356918242356021
error_identification,pythia-2.8b,natural,random_070,"[[22, 17], [23, 15], [23, 23], [28, 25], [29, 0]]",1.7909314919961616e-05,False,1566,7.356918242356021
error_identification,pythia-2.8b,natural,random_071,"[[24, 29], [25, 30], [28, 19], [29, 14], [30, 26]]",1.1062627891078591e-05,False,1566,7.356918242356021
error_identification,pythia-2.8b,natural,random_072,"[[23, 15], [26, 9], [26, 14], [26, 28], [30, 13]]",1.0261246643494815e-05,False,1566,7.356918242356021
error_identification,pythia-2.8b,natural,random_073,"[[24, 6], [26, 10], [28, 3], [29, 10], [30, 26]]",2.3939137463457882e-06,False,1566,7.356918242356021
error_identification,pythia-2.8b,natural,random_074,"[[22, 3], [22, 6], [28, 11], [29, 2], [29, 22]]",1.7235404811799526e-05,False,1566,7.356918242356021
error_identification,pythia-2.8b,natural,random_075,"[[22, 24], [24, 12], [26, 18], [27, 14], [30, 31]]",1.194521610159427e-05,False,1566,7.356918242356021
error_identification,pythia-2.8b,natural,random_076,"[[24, 4], [29, 1], [29, 25], [30, 19], [31, 18]]",1.0240910341963172e-06,False,1566,7.356918242356021
error_identification,pythia-2.8b,natural,random_077,"[[23, 14], [24, 2], [24, 17], [25, 5], [27, 18]]",2.6790803531184793e-06,False,1566,7.356918242356021
error_identification,pythia-2.8b,natural,random_078,"[[22, 29], [29, 1], [29, 2], [29, 5], [31, 16]]",4.56281122751534e-06,False,1566,7.356918242356021
error_identification,pythia-2.8b,natural,random_079,"[[26, 7], [26, 21], [26, 27], [28, 9], [28, 20]]",2.1594547433778644e-05,False,1566,7.356918242356021
error_identification,pythia-2.8b,natural,random_080,"[[24, 1], [28, 22], [30, 22], [31, 4], [31, 7]]",3.92685251426883e-06,False,1566,7.356918242356021
error_identification,pythia-2.8b,natural,random_081,"[[22, 19], [25, 25], [26, 19], [27, 6], [31, 29]]",1.3429002137854695e-05,False,1566,7.356918242356021
error_identification,pythia-2.8b,natural,random_082,"[[24, 1], [24, 11], [25, 22], [25, 28], [27, 15]]",2.6484340196475387e-06,False,1566,7.356918242356021
error_identification,pythia-2.8b,natural,random_083,"[[22, 10], [24, 12], [25, 5], [27, 4], [27, 12]]",1.2811127817258239e-05,False,1566,7.356918242356021
error_identification,pythia-2.8b,natural,random_084,"[[23, 14], [25, 16], [25, 19], [28, 26], [31, 23]]",1.3947137631475925e-06,False,1566,7.356918242356021
error_identification,pythia-2.8b,natural,random_085,"[[23, 30], [24, 6], [25, 6], [25, 28], [31, 20]]",1.271568180527538e-06,False,1566,7.356918242356021
error_identification,pythia-2.8b,natural,random_086,"[[22, 14], [24, 20], [24, 30], [27, 18], [30, 5]]",5.680034519173205e-06,False,1566,7.356918242356021
error_identification,pythia-2.8b,natural,random_087,"[[22, 31], [23, 17], [25, 8], [29, 19], [31, 11]]",7.00281816534698e-07,False,1566,7.356918242356021
error_identification,pythia-2.8b,natural,random_088,"[[22, 3], [22, 19], [23, 10], [27, 1], [31, 12]]",1.3838405720889568e-05,False,1566,7.356918242356021
error_identification,pythia-2.8b,natural,random_089,"[[22, 17], [26, 17], [27, 18], [30, 30], [31, 31]]",5.599067662842572e-07,False,1566,7.356918242356021
error_identification,pythia-2.8b,natural,random_090,"[[24, 19], [27, 8], [29, 9], [30, 2], [30, 17]]",1.300009898841381e-06,False,1566,7.356918242356021
error_identification,pythia-2.8b,natural,random_091,"[[24, 19], [25, 4], [29, 3], [29, 23], [31, 7]]",7.287380867637694e-07,False,1566,7.356918242356021
error_identification,pythia-2.8b,natural,random_092,"[[24, 14], [26, 18], [28, 20], [29, 14], [29, 19]]",7.764683687128127e-07,False,1566,7.356918242356021
error_identification,pythia-2.8b,natural,random_093,"[[24, 6], [27, 20], [28, 16], [30, 0], [30, 13]]",1.3009041140321642e-05,False,1566,7.356918242356021
error_identification,pythia-2.8b,natural,random_094,"[[23, 4], [23, 7], [25, 31], [26, 21], [29, 26]]",1.1389638530090451e-06,False,1566,7.356918242356021
error_identification,pythia-2.8b,natural,random_095,"[[22, 4], [25, 4], [25, 7], [27, 27], [28, 6]]",1.3662065612152219e-06,False,1566,7.356918242356021
error_identification,pythia-2.8b,natural,random_096,"[[22, 3], [26, 2], [28, 17], [29, 14], [31, 22]]",1.056936162058264e-05,False,1566,7.356918242356021
error_identification,pythia-2.8b,natural,random_097,"[[23, 19], [23, 25], [26, 5], [29, 31], [31, 5]]",1.4078032108955085e-06,False,1566,7.356918242356021
error_identification,pythia-2.8b,natural,random_098,"[[24, 7], [25, 4], [27, 24], [28, 19], [29, 25]]",1.03405473055318e-05,False,1566,7.356918242356021
error_identification,pythia-2.8b,natural,random_099,"[[24, 28], [27, 6], [28, 12], [30, 26], [31, 8]]",5.764341040048748e-07,False,1566,7.356918242356021
error_identification,pythia-2.8b,natural,random_100,"[[24, 26], [25, 6], [25, 26], [30, 18], [31, 26]]",1.0757299605756998e-05,False,1566,7.356918242356021
audio_description,pythia-2.8b,natural,random_001,"[[25, 18], [26, 11], [26, 12], [27, 24], [31, 17]]",1.349151716567576e-06,False,4691,8.453614209773367
audio_description,pythia-2.8b,natural,random_002,"[[22, 7], [25, 21], [26, 2], [27, 12], [30, 23]]",1.764077751431614e-05,False,4691,8.453614209773367
audio_description,pythia-2.8b,natural,random_003,"[[22, 5], [23, 9], [26, 3], [26, 12], [31, 8]]",2.6583555154502392e-05,False,4691,8.453614209773367
audio_description,pythia-2.8b,natural,random_004,"[[22, 6], [23, 20], [26, 7], [27, 1], [31, 13]]",5.875551141798496e-05,False,4691,8.453614209773367
audio_description,pythia-2.8b,natural,random_005,"[[23, 15], [24, 21], [27, 10], [27, 26], [28, 4]]",0.00036599714076146483,False,4691,8.453614209773367
audio_description,pythia-2.8b,natural,random_006,"[[23, 14], [26, 26], [27, 29], [28, 16], [31, 17]]",4.853551217820495e-06,False,4691,8.453614209773367
audio_description,pythia-2.8b,natural,random_007,"[[23, 28], [24, 4], [28, 0], [28, 15], [30, 9]]",3.746943548321724e-06,False,4691,8.453614209773367
audio_description,pythia-2.8b,natural,random_008,"[[27, 19], [28, 1], [28, 27], [30, 3], [30, 21]]",7.109600119292736e-05,False,4691,8.453614209773367
audio_description,pythia-2.8b,natural,random_009,"[[25, 5], [26, 27], [28, 2], [29, 28], [30, 20]]",4.592724144458771e-05,False,4691,8.453614209773367
audio_description,pythia-2.8b,natural,random_010,"[[22, 22], [22, 24], [25, 24], [30, 24], [31, 11]]",7.993972394615412e-05,False,4691,8.453614209773367
audio_description,pythia-2.8b,natural,random_011,"[[22, 10], [24, 0], [28, 30], [30, 18], [31, 30]]",3.3658870961517096e-05,False,4691,8.453614209773367
audio_description,pythia-2.8b,natural,random_012,"[[25, 18], [27, 3], [27, 13], [28, 29], [30, 22]]",0.00017337041208520532,False,4691,8.453614209773367
audio_description,pythia-2.8b,natural,random_013,"[[24, 15], [28, 20], [28, 28], [30, 17], [31, 21]]",0.00037532264832407236,False,4691,8.453614209773367
audio_description,pythia-2.8b,natural,random_014,"[[23, 8], [25, 10], [27, 19], [27, 28], [31, 4]]",0.00018031842773780227,False,4691,8.453614209773367
audio_description,pythia-2.8b,natural,random_015,"[[26, 21], [29, 28], [30, 28], [31, 19], [31, 23]]",7.680733688175678e-06,False,4691,8.453614209773367
audio_description,pythia-2.8b,natural,random_016,"[[24, 27], [26, 23], [28, 21], [29, 13], [30, 26]]",7.764632755424827e-06,False,4691,8.453614209773367
audio_description,pythia-2.8b,natural,random_017,"[[23, 19], [25, 25], [28, 17], [30, 3], [30, 4]]",8.74882098287344e-05,False,4691,8.453614209773367
audio_description,pythia-2.8b,natural,random_018,"[[22, 28], [24, 12], [26, 2], [26, 16], [26, 26]]",2.2845837520435452e-05,False,4691,8.453614209773367
audio_description,pythia-2.8b,natural,random_019,"[[23, 21], [24, 26], [26, 19], [28, 29], [31, 3]]",1.9403814803808928e-05,False,4691,8.453614209773367
audio_description,pythia-2.8b,natural,random_020,"[[26, 9], [28, 4], [29, 24], [30, 13], [31, 15]]",3.877910785377026e-06,False,4691,8.453614209773367
audio_description,pythia-2.8b,natural,random_021,"[[23, 19], [25, 11], [26, 24], [27, 27], [29, 6]]",8.954806253314018e-05,False,4691,8.453614209773367
audio_description,pythia-2.8b,natural,random_022,"[[25, 12], [26, 9], [26, 13], [31, 12], [31, 14]]",2.9652801458723843e-07,False,4691,8.453614209773367
audio_description,pythia-2.8b,natural,random_023,"[[25, 9], [26, 8], [28, 22], [29, 28], [30, 20]]",5.469185998663306e-05,False,4691,8.453614209773367
audio_description,pythia-2.8b,natural,random_024,"[[22, 8], [23, 19], [23, 23], [29, 22], [31, 6]]",6.204965757206082e-06,False,4691,8.453614209773367
audio_description,pythia-2.8b,natural,random_025,"[[25, 7], [28, 11], [29, 22], [30, 14], [31, 30]]",1.3960787327960134e-05,False,4691,8.453614209773367
audio_description,pythia-2.8b,natural,random_026,"[[22, 1], [23, 5], [24, 20], [27, 1], [28, 7]]",0.0016878872411325574,False,4691,8.453614209773367
audio_description,pythia-2.8b,natural,random_027,"[[23, 28], [26, 4], [28, 16], [29, 27], [31, 8]]",1.3727069017477334e-05,False,4691,8.453614209773367
audio_description,pythia-2.8b,natural,random_028,"[[23, 12], [24, 20], [25, 12], [26, 24], [31, 22]]",0.0002871552715077996,False,4691,8.453614209773367
audio_description,pythia-2.8b,natural,random_029,"[[22, 12], [24, 7], [25, 25], [26, 18], [30, 2]]",1.8227437976747751e-06,False,4691,8.453614209773367
audio_description,pythia-2.8b,natural,random_030,"[[22, 13], [26, 5], [28, 15], [28, 30], [31, 15]]",4.051934229210019e-05,False,4691,8.453614209773367
audio_description,pythia-2.8b,natural,random_031,"[[25, 1], [26, 24], [27, 22], [28, 27], [29, 24]]",7.421389454975724e-06,False,4691,8.453614209773367
audio_description,pythia-2.8b,natural,random_032,"[[23, 18], [24, 27], [26, 22], [27, 25], [31, 30]]",9.81867196969688e-06,False,4691,8.453614209773367
audio_description,pythia-2.8b,natural,random_033,"[[25, 10], [28, 1], [29, 20], [30, 23], [31, 4]]",4.555005580186844e-05,False,4691,8.453614209773367
audio_description,pythia-2.8b,natural,random_034,"[[24, 29], [26, 2], [28, 19], [29, 17], [30, 31]]",0.0002247478987555951,False,4691,8.453614209773367
audio_description,pythia-2.8b,natural,random_035,"[[23, 28], [27, 3], [28, 14], [28, 20], [31, 18]]",1.7766753444448113e-05,False,4691,8.453614209773367
audio_description,pythia-2.8b,natural,random_036,"[[23, 5], [24, 13], [24, 18], [25, 4], [27, 24]]",0.001813129405491054,False,4691,8.453614209773367
audio_description,pythia-2.8b,natural,random_037,"[[22, 30], [23, 16], [25, 8], [27, 18], [30, 8]]",1.6960781067609787e-05,False,4691,8.453614209773367
audio_description,pythia-2.8b,natural,random_038,"[[22, 1], [24, 12], [25, 19], [26, 14], [26, 18]]",4.108034772798419e-05,False,4691,8.453614209773367
audio_description,pythia-2.8b,natural,random_039,"[[27, 10], [27, 27], [28, 7], [31, 5], [31, 9]]",0.0001638353569433093,False,4691,8.453614209773367
audio_description,pythia-2.8b,natural,random_040,"[[22, 3], [24, 0], [25, 11], [29, 8], [30, 1]]",1.2791548215318471e-05,False,4691,8.453614209773367
audio_description,pythia-2.8b,natural,random_041,"[[24, 7], [29, 8], [29, 15], [30, 28], [31, 24]]",1.2732984032481909e-05,False,4691,8.453614209773367
audio_description,pythia-2.8b,natural,random_042,"[[22, 31], [23, 10], [30, 0], [31, 20], [31, 28]]",4.660920239984989e-05,False,4691,8.453614209773367
audio_description,pythia-2.8b,natural,random_043,"[[23, 29], [24, 2], [26, 8], [30, 0], [31, 24]]",0.00025052670389413834,False,4691,8.453614209773367
audio_description,pythia-2.8b,natural,random_044,"[[22, 9], [24, 27], [26, 15], [26, 27], [30, 28]]",4.226890450809151e-05,False,4691,8.453614209773367
audio_description,pythia-2.8b,natural,random_045,"[[23, 12], [26, 20], [28, 22], [29, 0], [31, 31]]",0.00030828453600406647,False,4691,8.453614209773367
audio_description,pythia-2.8b,natural,random_046,"[[23, 3], [24, 3], [26, 12], [29, 19], [31, 11]]",1.390869147144258e-05,False,4691,8.453614209773367
audio_description,pythia-2.8b,natural,random_047,"[[24, 11], [24, 23], [26, 1], [26, 17], [26, 25]]",5.6672593927942216e-05,False,4691,8.453614209773367
audio_description,pythia-2.8b,natural,random_048,"[[24, 22], [29, 16], [29, 18], [30, 16], [30, 26]]",3.794868825934827e-05,False,4691,8.453614209773367
audio_description,pythia-2.8b,natural,random_049,"[[25, 4], [27, 9], [28, 9], [30, 17], [31, 26]]",0.000131085398606956,False,4691,8.453614209773367
audio_description,pythia-2.8b,natural,random_050,"[[22, 13], [25, 23], [27, 3], [29, 28], [31, 24]]",1.0428178939037025e-05,False,4691,8.453614209773367
audio_description,pythia-2.8b,natural,random_051,"[[22, 7], [23, 18], [24, 22], [29, 5], [31, 29]]",4.549998266156763e-06,False,4691,8.453614209773367
audio_description,pythia-2.8b,natural,random_052,"[[24, 20], [26, 25], [27, 13], [28, 10], [29, 27]]",0.00017335487063974142,False,4691,8.453614209773367
audio_description,pythia-2.8b,natural,random_053,"[[22, 24], [26, 17], [26, 22], [27, 17], [31, 10]]",1.2145552318543196e-05,False,4691,8.453614209773367
audio_description,pythia-2.8b,natural,random_054,"[[23, 30], [24, 5], [25, 30], [26, 15], [28, 2]]",2.949475310742855e-05,False,4691,8.453614209773367
audio_description,pythia-2.8b,natural,random_055,"[[25, 22], [28, 24], [29, 12], [31, 16], [31, 21]]",5.098627298139036e-06,False,4691,8.453614209773367
audio_description,pythia-2.8b,natural,random_056,"[[23, 29], [24, 15], [26, 22], [28, 31], [30, 2]]",0.00043234764598309994,False,4691,8.453614209773367
audio_description,pythia-2.8b,natural,random_057,"[[22, 21], [25, 15], [28, 1], [28, 4], [28, 30]]",0.00022369713406078517,False,4691,8.453614209773367
audio_description,pythia-2.8b,natural,random_058,"[[22, 1], [26, 16], [26, 26], [29, 17], [31, 29]]",2.414220944046974e-06,False,4691,8.453614209773367
audio_description,pythia-2.8b,natural,random_059,"[[24, 2], [24, 31], [27, 11], [29, 27], [30, 25]]",3.5813311114907265e-05,False,4691,8.453614209773367
audio_description,pythia-2.8b,natural,random_060,"[[22, 6], [27, 3], [27, 21], [28, 30], [31, 4]]",0.001921770628541708,False,4691,8.453614209773367
audio_description,pythia-2.8b,natural,random_061,"[[23, 4], [24, 29], [26, 9], [30, 24], [31, 12]]",6.558751920238137e-06,False,4691,8.453614209773367
audio_description,pythia-2.8b,natural,random_062,"[[22, 31], [23, 28], [25, 6], [27, 12], [29, 25]]",9.066472557606176e-06,False,4691,8.453614209773367
audio_description,pythia-2.8b,natural,random_063,"[[24, 7], [27, 3], [27, 17], [27, 31], [28, 23]]",4.463082586880773e-05,False,4691,8.453614209773367
audio_description,pythia-2.8b,natural,random_064,"[[26, 7], [26, 30], [28, 30], [29, 9], [31, 11]]",4.602526314556599e-05,False,4691,8.453614209773367
audio_description,pythia-2.8b,natural,random_065,"[[22, 23], [26, 7], [27, 18], [27, 31], [28, 25]]",5.138613050803542e-05,False,4691,8.453614209773367
audio_description,pythia-2.8b,natural,random_066,"[[28, 25], [29, 5], [29, 17], [29, 25], [30, 5]]",1.4490688045043498e-06,False,4691,8.453614209773367
audio_description,pythia-2.8b,natural,random_067,"[[23, 15], [24, 31], [27, 8], [28, 29], [30, 4]]",3.158487379550934e-05,False,4691,8.453614209773367
audio_description,pythia-2.8b,natural,random_068,"[[25, 25], [26, 9], [28, 8], [28, 29], [30, 20]]",9.775467333383858e-07,False,4691,8.453614209773367
audio_description,pythia-2.8b,natural,random_069,"[[22, 21], [23, 7], [25, 0], [27, 2], [29, 1]]",1.95225584320724e-05,False,4691,8.453614209773367
audio_description,pythia-2.8b,natural,random_070,"[[22, 17], [23, 15], [23, 23], [28, 25], [29, 0]]",7.407943485304713e-06,False,4691,8.453614209773367
audio_description,pythia-2.8b,natural,random_071,"[[24, 29], [25, 30], [28, 19], [29, 14], [30, 26]]",0.00017439888324588537,False,4691,8.453614209773367
audio_description,pythia-2.8b,natural,random_072,"[[23, 15], [26, 9], [26, 14], [26, 28], [30, 13]]",2.9656628612428904e-05,False,4691,8.453614209773367
audio_description,pythia-2.8b,natural,random_073,"[[24, 6], [26, 10], [28, 3], [29, 10], [30, 26]]",3.19899118039757e-06,False,4691,8.453614209773367
audio_description,pythia-2.8b,natural,random_074,"[[22, 3], [22, 6], [28, 11], [29, 2], [29, 22]]",5.328442784957588e-05,False,4691,8.453614209773367
audio_description,pythia-2.8b,natural,random_075,"[[22, 24], [24, 12], [26, 18], [27, 14], [30, 31]]",2.7723901439458132e-05,False,4691,8.453614209773367
audio_description,pythia-2.8b,natural,random_076,"[[24, 4], [29, 1], [29, 25], [30, 19], [31, 18]]",1.1142692528665066e-06,False,4691,8.453614209773367
audio_description,pythia-2.8b,natural,random_077,"[[23, 14], [24, 2], [24, 17], [25, 5], [27, 18]]",2.0236431737430394e-05,False,4691,8.453614209773367
audio_description,pythia-2.8b,natural,random_078,"[[22, 29], [29, 1], [29, 2], [29, 5], [31, 16]]",7.619033567607403e-06,False,4691,8.453614209773367
audio_description,pythia-2.8b,natural,random_079,"[[26, 7], [26, 21], [26, 27], [28, 9], [28, 20]]",3.5990087781101465e-05,False,4691,8.453614209773367
audio_description,pythia-2.8b,natural,random_080,"[[24, 1], [28, 22], [30, 22], [31, 4], [31, 7]]",1.2736825738102198e-05,False,4691,8.453614209773367
audio_description,pythia-2.8b,natural,random_081,"[[22, 19], [25, 25], [26, 19], [27, 6], [31, 29]]",4.155206261202693e-05,False,4691,8.453614209773367
audio_description,pythia-2.8b,natural,random_082,"[[24, 1], [24, 11], [25, 22], [25, 28], [27, 15]]",3.984611248597503e-05,False,4691,8.453614209773367
audio_description,pythia-2.8b,natural,random_083,"[[22, 10], [24, 12], [25, 5], [27, 4], [27, 12]]",2.884375862777233e-05,False,4691,8.453614209773367
audio_description,pythia-2.8b,natural,random_084,"[[23, 14], [25, 16], [25, 19], [28, 26], [31, 23]]",6.466958438977599e-06,False,4691,8.453614209773367
audio_description,pythia-2.8b,natural,random_085,"[[23, 30], [24, 6], [25, 6], [25, 28], [31, 20]]",4.1706516640260816e-06,False,4691,8.453614209773367
audio_description,pythia-2.8b,natural,random_086,"[[22, 14], [24, 20], [24, 30], [27, 18], [30, 5]]",2.4360051611438394e-05,False,4691,8.453614209773367
audio_description,pythia-2.8b,natural,random_087,"[[22, 31], [23, 17], [25, 8], [29, 19], [31, 11]]",3.6640594771597534e-06,False,4691,8.453614209773367
audio_description,pythia-2.8b,natural,random_088,"[[22, 3], [22, 19], [23, 10], [27, 1], [31, 12]]",3.8798461901023984e-05,False,4691,8.453614209773367
audio_description,pythia-2.8b,natural,random_089,"[[22, 17], [26, 17], [27, 18], [30, 30], [31, 31]]",1.6905767552088946e-05,False,4691,8.453614209773367
audio_description,pythia-2.8b,natural,random_090,"[[24, 19], [27, 8], [29, 9], [30, 2], [30, 17]]",4.2268133256584406e-05,False,4691,8.453614209773367
audio_description,pythia-2.8b,natural,random_091,"[[24, 19], [25, 4], [29, 3], [29, 23], [31, 7]]",4.959911166224629e-07,False,4691,8.453614209773367
audio_description,pythia-2.8b,natural,random_092,"[[24, 14], [26, 18], [28, 20], [29, 14], [29, 19]]",2.165386831620708e-06,False,4691,8.453614209773367
audio_description,pythia-2.8b,natural,random_093,"[[24, 6], [27, 20], [28, 16], [30, 0], [30, 13]]",3.659975482150912e-05,False,4691,8.453614209773367
audio_description,pythia-2.8b,natural,random_094,"[[23, 4], [23, 7], [25, 31], [26, 21], [29, 26]]",1.2486940249800682e-05,False,4691,8.453614209773367
audio_description,pythia-2.8b,natural,random_095,"[[22, 4], [25, 4], [25, 7], [27, 27], [28, 6]]",6.977093289606273e-05,False,4691,8.453614209773367
audio_description,pythia-2.8b,natural,random_096,"[[22, 3], [26, 2], [28, 17], [29, 14], [31, 22]]",6.919947918504477e-05,False,4691,8.453614209773367
audio_description,pythia-2.8b,natural,random_097,"[[23, 19], [23, 25], [26, 5], [29, 31], [31, 5]]",7.285404717549682e-05,False,4691,8.453614209773367
audio_description,pythia-2.8b,natural,random_098,"[[24, 7], [25, 4], [27, 24], [28, 19], [29, 25]]",0.00013898315955884755,False,4691,8.453614209773367
audio_description,pythia-2.8b,natural,random_099,"[[24, 28], [27, 6], [28, 12], [30, 26], [31, 8]]",3.9857986848801374e-06,False,4691,8.453614209773367
audio_description,pythia-2.8b,natural,random_100,"[[24, 26], [25, 6], [25, 26], [30, 18], [31, 26]]",3.048684448003769e-06,False,4691,8.453614209773367
section_heading,pythia-2.8b,natural,random_001,"[[25, 18], [26, 11], [26, 12], [27, 24], [31, 17]]",5.681271431967616e-06,False,6949,8.846496938558838
section_heading,pythia-2.8b,natural,random_002,"[[22, 7], [25, 21], [26, 2], [27, 12], [30, 23]]",5.6375720305368304e-06,False,6949,8.846496938558838
section_heading,pythia-2.8b,natural,random_003,"[[22, 5], [23, 9], [26, 3], [26, 12], [31, 8]]",1.7907761503010988e-05,False,6949,8.846496938558838
section_heading,pythia-2.8b,natural,random_004,"[[22, 6], [23, 20], [26, 7], [27, 1], [31, 13]]",1.8755963537842035e-05,False,6949,8.846496938558838
section_heading,pythia-2.8b,natural,random_005,"[[23, 15], [24, 21], [27, 10], [27, 26], [28, 4]]",7.04578123986721e-05,False,6949,8.846496938558838
section_heading,pythia-2.8b,natural,random_006,"[[23, 14], [26, 26], [27, 29], [28, 16], [31, 17]]",2.5190711312461644e-06,False,6949,8.846496938558838
section_heading,pythia-2.8b,natural,random_007,"[[23, 28], [24, 4], [28, 0], [28, 15], [30, 9]]",1.8208229448646307e-06,False,6949,8.846496938558838
section_heading,pythia-2.8b,natural,random_008,"[[27, 19], [28, 1], [28, 27], [30, 3], [30, 21]]",2.8001668397337198e-05,False,6949,8.846496938558838
section_heading,pythia-2.8b,natural,random_009,"[[25, 5], [26, 27], [28, 2], [29, 28], [30, 20]]",2.502460847608745e-05,False,6949,8.846496938558838
section_heading,pythia-2.8b,natural,random_010,"[[22, 22], [22, 24], [25, 24], [30, 24], [31, 11]]",4.141402314417064e-05,False,6949,8.846496938558838
section_heading,pythia-2.8b,natural,random_011,"[[22, 10], [24, 0], [28, 30], [30, 18], [31, 30]]",2.40231747739017e-05,False,6949,8.846496938558838
section_heading,pythia-2.8b,natural,random_012,"[[25, 18], [27, 3], [27, 13], [28, 29], [30, 22]]",7.989577716216445e-05,False,6949,8.846496938558838
section_heading,pythia-2.8b,natural,random_013,"[[24, 15], [28, 20], [28, 28], [30, 17], [31, 21]]",0.00016200519166886806,False,6949,8.846496938558838
section_heading,pythia-2.8b,natural,random_014,"[[23, 8], [25, 10], [27, 19], [27, 28], [31, 4]]",8.528259058948606e-05,False,6949,8.846496938558838
section_heading,pythia-2.8b,natural,random_015,"[[26, 21], [29, 28], [30, 28], [31, 19], [31, 23]]",5.621855962090194e-06,False,6949,8.846496938558838
section_heading,pythia-2.8b,natural,random_016,"[[24, 27], [26, 23], [28, 21], [29, 13], [30, 26]]",6.093570846132934e-06,False,6949,8.846496938558838
section_heading,pythia-2.8b,natural,random_017,"[[23, 19], [25, 25], [28, 17], [30, 3], [30, 4]]",5.209734081290662e-05,False,6949,8.846496938558838
section_heading,pythia-2.8b,natural,random_018,"[[22, 28], [24, 12], [26, 2], [26, 16], [26, 26]]",1.0432311682961881e-05,False,6949,8.846496938558838
section_heading,pythia-2.8b,natural,random_019,"[[23, 21], [24, 26], [26, 19], [28, 29], [31, 3]]",7.17648072168231e-06,False,6949,8.846496938558838
section_heading,pythia-2.8b,natural,random_020,"[[26, 9], [28, 4], [29, 24], [30, 13], [31, 15]]",4.00216958951205e-06,False,6949,8.846496938558838
section_heading,pythia-2.8b,natural,random_021,"[[23, 19], [25, 11], [26, 24], [27, 27], [29, 6]]",3.006038605235517e-05,False,6949,8.846496938558838
section_heading,pythia-2.8b,natural,random_022,"[[25, 12], [26, 9], [26, 13], [31, 12], [31, 14]]",2.4921464500948787e-06,False,6949,8.846496938558838
section_heading,pythia-2.8b,natural,random_023,"[[25, 9], [26, 8], [28, 22], [29, 28], [30, 20]]",5.221390165388584e-05,False,6949,8.846496938558838
section_heading,pythia-2.8b,natural,random_024,"[[22, 8], [23, 19], [23, 23], [29, 22], [31, 6]]",4.953733878210187e-06,False,6949,8.846496938558838
section_heading,pythia-2.8b,natural,random_025,"[[25, 7], [28, 11], [29, 22], [30, 14], [31, 30]]",1.4676450518891215e-05,False,6949,8.846496938558838
section_heading,pythia-2.8b,natural,random_026,"[[22, 1], [23, 5], [24, 20], [27, 1], [28, 7]]",0.008458760567009449,False,6949,8.846496938558838
section_heading,pythia-2.8b,natural,random_027,"[[23, 28], [26, 4], [28, 16], [29, 27], [31, 8]]",5.774876626674086e-06,False,6949,8.846496938558838
section_heading,pythia-2.8b,natural,random_028,"[[23, 12], [24, 20], [25, 12], [26, 24], [31, 22]]",3.20298713631928e-05,False,6949,8.846496938558838
section_heading,pythia-2.8b,natural,random_029,"[[22, 12], [24, 7], [25, 25], [26, 18], [30, 2]]",2.110173227265477e-06,False,6949,8.846496938558838
section_heading,pythia-2.8b,natural,random_030,"[[22, 13], [26, 5], [28, 15], [28, 30], [31, 15]]",3.3064541639760137e-05,False,6949,8.846496938558838
section_heading,pythia-2.8b,natural,random_031,"[[25, 1], [26, 24], [27, 22], [28, 27], [29, 24]]",7.066235411912203e-06,False,6949,8.846496938558838
section_heading,pythia-2.8b,natural,random_032,"[[23, 18], [24, 27], [26, 22], [27, 25], [31, 30]]",2.9231596272438765e-06,False,6949,8.846496938558838
section_heading,pythia-2.8b,natural,random_033,"[[25, 10], [28, 1], [29, 20], [30, 23], [31, 4]]",1.8252452719025314e-05,False,6949,8.846496938558838
section_heading,pythia-2.8b,natural,random_034,"[[24, 29], [26, 2], [28, 19], [29, 17], [30, 31]]",4.5959604904055595e-06,False,6949,8.846496938558838
section_heading,pythia-2.8b,natural,random_035,"[[23, 28], [27, 3], [28, 14], [28, 20], [31, 18]]",7.338196155615151e-06,False,6949,8.846496938558838
section_heading,pythia-2.8b,natural,random_036,"[[23, 5], [24, 13], [24, 18], [25, 4], [27, 24]]",0.008286548778414726,False,6949,8.846496938558838
section_heading,pythia-2.8b,natural,random_037,"[[22, 30], [23, 16], [25, 8], [27, 18], [30, 8]]",2.0708917872980237e-05,False,6949,8.846496938558838
section_heading,pythia-2.8b,natural,random_038,"[[22, 1], [24, 12], [25, 19], [26, 14], [26, 18]]",8.846225682646036e-06,False,6949,8.846496938558838
section_heading,pythia-2.8b,natural,random_039,"[[27, 10], [27, 27], [28, 7], [31, 5], [31, 9]]",7.896096212789416e-05,False,6949,8.846496938558838
section_heading,pythia-2.8b,natural,random_040,"[[22, 3], [24, 0], [25, 11], [29, 8], [30, 1]]",8.192623499780893e-05,False,6949,8.846496938558838
section_heading,pythia-2.8b,natural,random_041,"[[24, 7], [29, 8], [29, 15], [30, 28], [31, 24]]",3.493521944619715e-05,False,6949,8.846496938558838
section_heading,pythia-2.8b,natural,random_042,"[[22, 31], [23, 10], [30, 0], [31, 20], [31, 28]]",2.8493290301412344e-05,False,6949,8.846496938558838
section_heading,pythia-2.8b,natural,random_043,"[[23, 29], [24, 2], [26, 8], [30, 0], [31, 24]]",0.00010668690083548427,False,6949,8.846496938558838
section_heading,pythia-2.8b,natural,random_044,"[[22, 9], [24, 27], [26, 15], [26, 27], [30, 28]]",1.9194732885807753e-05,False,6949,8.846496938558838
section_heading,pythia-2.8b,natural,random_045,"[[23, 12], [26, 20], [28, 22], [29, 0], [31, 31]]",4.122903919778764e-05,False,6949,8.846496938558838
section_heading,pythia-2.8b,natural,random_046,"[[23, 3], [24, 3], [26, 12], [29, 19], [31, 11]]",5.598318239208311e-06,False,6949,8.846496938558838
section_heading,pythia-2.8b,natural,random_047,"[[24, 11], [24, 23], [26, 1], [26, 17], [26, 25]]",7.862981874495745e-05,False,6949,8.846496938558838
section_heading,pythia-2.8b,natural,random_048,"[[24, 22], [29, 16], [29, 18], [30, 16], [30, 26]]",2.0447318092919886e-05,False,6949,8.846496938558838
section_heading,pythia-2.8b,natural,random_049,"[[25, 4], [27, 9], [28, 9], [30, 17], [31, 26]]",4.812289262190461e-05,False,6949,8.846496938558838
section_heading,pythia-2.8b,natural,random_050,"[[22, 13], [25, 23], [27, 3], [29, 28], [31, 24]]",8.065766451181844e-06,False,6949,8.846496938558838
section_heading,pythia-2.8b,natural,random_051,"[[22, 7], [23, 18], [24, 22], [29, 5], [31, 29]]",2.6786146918311715e-06,False,6949,8.846496938558838
section_heading,pythia-2.8b,natural,random_052,"[[24, 20], [26, 25], [27, 13], [28, 10], [29, 27]]",7.070210995152593e-05,False,6949,8.846496938558838
section_heading,pythia-2.8b,natural,random_053,"[[22, 24], [26, 17], [26, 22], [27, 17], [31, 10]]",4.648900358006358e-06,False,6949,8.846496938558838
section_heading,pythia-2.8b,natural,random_054,"[[23, 30], [24, 5], [25, 30], [26, 15], [28, 2]]",1.676284591667354e-05,False,6949,8.846496938558838
section_heading,pythia-2.8b,natural,random_055,"[[25, 22], [28, 24], [29, 12], [31, 16], [31, 21]]",2.5636865757405758e-05,False,6949,8.846496938558838
section_heading,pythia-2.8b,natural,random_056,"[[23, 29], [24, 15], [26, 22], [28, 31], [30, 2]]",0.00011290650581941009,False,6949,8.846496938558838
section_heading,pythia-2.8b,natural,random_057,"[[22, 21], [25, 15], [28, 1], [28, 4], [28, 30]]",0.00018794613424688578,False,6949,8.846496938558838
section_heading,pythia-2.8b,natural,random_058,"[[22, 1], [26, 16], [26, 26], [29, 17], [31, 29]]",1.9266444724053144e-06,False,6949,8.846496938558838
section_heading,pythia-2.8b,natural,random_059,"[[24, 2], [24, 31], [27, 11], [29, 27], [30, 25]]",3.7312202039174736e-05,False,6949,8.846496938558838
section_heading,pythia-2.8b,natural,random_060,"[[22, 6], [27, 3], [27, 21], [28, 30], [31, 4]]",0.00026854570023715496,False,6949,8.846496938558838
section_heading,pythia-2.8b,natural,random_061,"[[23, 4], [24, 29], [26, 9], [30, 24], [31, 12]]",3.191838914062828e-06,False,6949,8.846496938558838
section_heading,pythia-2.8b,natural,random_062,"[[22, 31], [23, 28], [25, 6], [27, 12], [29, 25]]",6.301866960711777e-06,False,6949,8.846496938558838
section_heading,pythia-2.8b,natural,random_063,"[[24, 7], [27, 3], [27, 17], [27, 31], [28, 23]]",2.4088891223073006e-05,False,6949,8.846496938558838
section_heading,pythia-2.8b,natural,random_064,"[[26, 7], [26, 30], [28, 30], [29, 9], [31, 11]]",2.768461126834154e-05,False,6949,8.846496938558838
section_heading,pythia-2.8b,natural,random_065,"[[22, 23], [26, 7], [27, 18], [27, 31], [28, 25]]",2.137129195034504e-05,False,6949,8.846496938558838
section_heading,pythia-2.8b,natural,random_066,"[[28, 25], [29, 5], [29, 17], [29, 25], [30, 5]]",5.281137418933213e-06,False,6949,8.846496938558838
section_heading,pythia-2.8b,natural,random_067,"[[23, 15], [24, 31], [27, 8], [28, 29], [30, 4]]",2.898855018429458e-05,False,6949,8.846496938558838
section_heading,pythia-2.8b,natural,random_068,"[[25, 25], [26, 9], [28, 8], [28, 29], [30, 20]]",1.3431417755782604e-06,False,6949,8.846496938558838
section_heading,pythia-2.8b,natural,random_069,"[[22, 21], [23, 7], [25, 0], [27, 2], [29, 1]]",6.399524863809347e-06,False,6949,8.846496938558838
section_heading,pythia-2.8b,natural,random_070,"[[22, 17], [23, 15], [23, 23], [28, 25], [29, 0]]",2.0347259123809636e-05,False,6949,8.846496938558838
section_heading,pythia-2.8b,natural,random_071,"[[24, 29], [25, 30], [28, 19], [29, 14], [30, 26]]",4.104847903363407e-06,False,6949,8.846496938558838
section_heading,pythia-2.8b,natural,random_072,"[[23, 15], [26, 9], [26, 14], [26, 28], [30, 13]]",1.8214952433481812e-05,False,6949,8.846496938558838
section_heading,pythia-2.8b,natural,random_073,"[[24, 6], [26, 10], [28, 3], [29, 10], [30, 26]]",2.771819708868861e-06,False,6949,8.846496938558838
section_heading,pythia-2.8b,natural,random_074,"[[22, 3], [22, 6], [28, 11], [29, 2], [29, 22]]",7.405807264149189e-05,False,6949,8.846496938558838
section_heading,pythia-2.8b,natural,random_075,"[[22, 24], [24, 12], [26, 18], [27, 14], [30, 31]]",8.39229323901236e-06,False,6949,8.846496938558838
section_heading,pythia-2.8b,natural,random_076,"[[24, 4], [29, 1], [29, 25], [30, 19], [31, 18]]",4.671222995966673e-06,False,6949,8.846496938558838
section_heading,pythia-2.8b,natural,random_077,"[[23, 14], [24, 2], [24, 17], [25, 5], [27, 18]]",1.5711935702711344e-05,False,6949,8.846496938558838
section_heading,pythia-2.8b,natural,random_078,"[[22, 29], [29, 1], [29, 2], [29, 5], [31, 16]]",1.3294484233483672e-06,False,6949,8.846496938558838
section_heading,pythia-2.8b,natural,random_079,"[[26, 7], [26, 21], [26, 27], [28, 9], [28, 20]]",1.5879544662311673e-05,False,6949,8.846496938558838
section_heading,pythia-2.8b,natural,random_080,"[[24, 1], [28, 22], [30, 22], [31, 4], [31, 7]]",7.435432053171098e-06,False,6949,8.846496938558838
section_heading,pythia-2.8b,natural,random_081,"[[22, 19], [25, 25], [26, 19], [27, 6], [31, 29]]",2.371496520936489e-05,False,6949,8.846496938558838
section_heading,pythia-2.8b,natural,random_082,"[[24, 1], [24, 11], [25, 22], [25, 28], [27, 15]]",7.751793600618839e-05,False,6949,8.846496938558838
section_heading,pythia-2.8b,natural,random_083,"[[22, 10], [24, 12], [25, 5], [27, 4], [27, 12]]",4.0144805097952485e-06,False,6949,8.846496938558838
section_heading,pythia-2.8b,natural,random_084,"[[23, 14], [25, 16], [25, 19], [28, 26], [31, 23]]",8.753224392421544e-06,False,6949,8.846496938558838
section_heading,pythia-2.8b,natural,random_085,"[[23, 30], [24, 6], [25, 6], [25, 28], [31, 20]]",9.19689773581922e-06,False,6949,8.846496938558838
section_heading,pythia-2.8b,natural,random_086,"[[22, 14], [24, 20], [24, 30], [27, 18], [30, 5]]",3.101752372458577e-05,False,6949,8.846496938558838
section_heading,pythia-2.8b,natural,random_087,"[[22, 31], [23, 17], [25, 8], [29, 19], [31, 11]]",1.9631697796285152e-06,False,6949,8.846496938558838
section_heading,pythia-2.8b,natural,random_088,"[[22, 3], [22, 19], [23, 10], [27, 1], [31, 12]]",4.200148396193981e-05,False,6949,8.846496938558838
section_heading,pythia-2.8b,natural,random_089,"[[22, 17], [26, 17], [27, 18], [30, 30], [31, 31]]",8.36601248010993e-06,False,6949,8.846496938558838
section_heading,pythia-2.8b,natural,random_090,"[[24, 19], [27, 8], [29, 9], [30, 2], [30, 17]]",2.126800245605409e-05,False,6949,8.846496938558838
section_heading,pythia-2.8b,natural,random_091,"[[24, 19], [25, 4], [29, 3], [29, 23], [31, 7]]",7.43675627745688e-07,False,6949,8.846496938558838
section_heading,pythia-2.8b,natural,random_092,"[[24, 14], [26, 18], [28, 20], [29, 14], [29, 19]]",2.131186192855239e-06,False,6949,8.846496938558838
section_heading,pythia-2.8b,natural,random_093,"[[24, 6], [27, 20], [28, 16], [30, 0], [30, 13]]",2.513671643100679e-05,False,6949,8.846496938558838
section_heading,pythia-2.8b,natural,random_094,"[[23, 4], [23, 7], [25, 31], [26, 21], [29, 26]]",5.662717740051448e-06,False,6949,8.846496938558838
section_heading,pythia-2.8b,natural,random_095,"[[22, 4], [25, 4], [25, 7], [27, 27], [28, 6]]",3.118996392004192e-05,False,6949,8.846496938558838
section_heading,pythia-2.8b,natural,random_096,"[[22, 3], [26, 2], [28, 17], [29, 14], [31, 22]]",8.772360160946846e-05,False,6949,8.846496938558838
section_heading,pythia-2.8b,natural,random_097,"[[23, 19], [23, 25], [26, 5], [29, 31], [31, 5]]",1.89800193766132e-05,False,6949,8.846496938558838
section_heading,pythia-2.8b,natural,random_098,"[[24, 7], [25, 4], [27, 24], [28, 19], [29, 25]]",8.985487511381507e-06,False,6949,8.846496938558838
section_heading,pythia-2.8b,natural,random_099,"[[24, 28], [27, 6], [28, 12], [30, 26], [31, 8]]",2.3465981939807534e-06,False,6949,8.846496938558838
section_heading,pythia-2.8b,natural,random_100,"[[24, 26], [25, 6], [25, 26], [30, 18], [31, 26]]",3.5480770748108625e-06,False,6949,8.846496938558838
character_key,pythia-2.8b,natural,random_001,"[[25, 18], [26, 11], [26, 12], [27, 24], [31, 17]]",1.0986695997416973e-06,False,1974,7.588323677335222
character_key,pythia-2.8b,natural,random_002,"[[22, 7], [25, 21], [26, 2], [27, 12], [30, 23]]",4.0026134229265153e-07,False,1974,7.588323677335222
character_key,pythia-2.8b,natural,random_003,"[[22, 5], [23, 9], [26, 3], [26, 12], [31, 8]]",7.766997441649437e-06,False,1974,7.588323677335222
character_key,pythia-2.8b,natural,random_004,"[[22, 6], [23, 20], [26, 7], [27, 1], [31, 13]]",1.3225304428488016e-05,False,1974,7.588323677335222
character_key,pythia-2.8b,natural,random_005,"[[23, 15], [24, 21], [27, 10], [27, 26], [28, 4]]",3.986139199696481e-05,False,1974,7.588323677335222
character_key,pythia-2.8b,natural,random_006,"[[23, 14], [26, 26], [27, 29], [28, 16], [31, 17]]",1.2328673619776964e-06,False,1974,7.588323677335222
character_key,pythia-2.8b,natural,random_007,"[[23, 28], [24, 4], [28, 0], [28, 15], [30, 9]]",8.78266291692853e-07,False,1974,7.588323677335222
character_key,pythia-2.8b,natural,random_008,"[[27, 19], [28, 1], [28, 27], [30, 3], [30, 21]]",1.080601941794157e-05,False,1974,7.588323677335222
character_key,pythia-2.8b,natural,random_009,"[[25, 5], [26, 27], [28, 2], [29, 28], [30, 20]]",2.3170621716417372e-05,False,1974,7.588323677335222
character_key,pythia-2.8b,natural,random_010,"[[22, 22], [22, 24], [25, 24], [30, 24], [31, 11]]",4.473183071240783e-05,False,1974,7.588323677335222
character_key,pythia-2.8b,natural,random_011,"[[22, 10], [24, 0], [28, 30], [30, 18], [31, 30]]",4.9514928832650185e-06,False,1974,7.588323677335222
character_key,pythia-2.8b,natural,random_012,"[[25, 18], [27, 3], [27, 13], [28, 29], [30, 22]]",5.993671948090196e-06,False,1974,7.588323677335222
character_key,pythia-2.8b,natural,random_013,"[[24, 15], [28, 20], [28, 28], [30, 17], [31, 21]]",4.4657528633251786e-05,False,1974,7.588323677335222
character_key,pythia-2.8b,natural,random_014,"[[23, 8], [25, 10], [27, 19], [27, 28], [31, 4]]",2.4129549274221063e-06,False,1974,7.588323677335222
character_key,pythia-2.8b,natural,random_015,"[[26, 21], [29, 28], [30, 28], [31, 19], [31, 23]]",8.831157174427062e-06,False,1974,7.588323677335222
character_key,pythia-2.8b,natural,random_016,"[[24, 27], [26, 23], [28, 21], [29, 13], [30, 26]]",1.0364223271608353e-05,False,1974,7.588323677335222
character_key,pythia-2.8b,natural,random_017,"[[23, 19], [25, 25], [28, 17], [30, 3], [30, 4]]",1.1665397323668003e-05,False,1974,7.588323677335222
character_key,pythia-2.8b,natural,random_018,"[[22, 28], [24, 12], [26, 2], [26, 16], [26, 26]]",9.415089152753353e-07,False,1974,7.588323677335222
character_key,pythia-2.8b,natural,random_019,"[[23, 21], [24, 26], [26, 19], [28, 29], [31, 3]]",1.451611751690507e-06,False,1974,7.588323677335222
character_key,pythia-2.8b,natural,random_020,"[[26, 9], [28, 4], [29, 24], [30, 13], [31, 15]]",1.6682170098647475e-06,False,1974,7.588323677335222
character_key,pythia-2.8b,natural,random_021,"[[23, 19], [25, 11], [26, 24], [27, 27], [29, 6]]",2.4421278794761747e-06,False,1974,7.588323677335222
character_key,pythia-2.8b,natural,random_022,"[[25, 12], [26, 9], [26, 13], [31, 12], [31, 14]]",3.948152880184352e-06,False,1974,7.588323677335222
character_key,pythia-2.8b,natural,random_023,"[[25, 9], [26, 8], [28, 22], [29, 28], [30, 20]]",2.069045149255544e-05,False,1974,7.588323677335222
character_key,pythia-2.8b,natural,random_024,"[[22, 8], [23, 19], [23, 23], [29, 22], [31, 6]]",7.6914147939533e-08,False,1974,7.588323677335222
character_key,pythia-2.8b,natural,random_025,"[[25, 7], [28, 11], [29, 22], [30, 14], [31, 30]]",1.0324220056645572e-06,False,1974,7.588323677335222
character_key,pythia-2.8b,natural,random_026,"[[22, 1], [23, 5], [24, 20], [27, 1], [28, 7]]",0.0035891192965209484,False,1974,7.588323677335222
character_key,pythia-2.8b,natural,random_027,"[[23, 28], [26, 4], [28, 16], [29, 27], [31, 8]]",1.628685276955366e-05,False,1974,7.588323677335222
character_key,pythia-2.8b,natural,random_028,"[[23, 12], [24, 20], [25, 12], [26, 24], [31, 22]]",8.40512802824378e-06,False,1974,7.588323677335222
character_key,pythia-2.8b,natural,random_029,"[[22, 12], [24, 7], [25, 25], [26, 18], [30, 2]]",3.556342562660575e-07,False,1974,7.588323677335222
character_key,pythia-2.8b,natural,random_030,"[[22, 13], [26, 5], [28, 15], [28, 30], [31, 15]]",4.675064701586962e-06,False,1974,7.588323677335222
character_key,pythia-2.8b,natural,random_031,"[[25, 1], [26, 24], [27, 22], [28, 27], [29, 24]]",1.3032804417889565e-06,False,1974,7.588323677335222
character_key,pythia-2.8b,natural,random_032,"[[23, 18], [24, 27], [26, 22], [27, 25], [31, 30]]",3.6280107451602817e-07,False,1974,7.588323677335222
character_key,pythia-2.8b,natural,random_033,"[[25, 10], [28, 1], [29, 20], [30, 23], [31, 4]]",7.000940968282521e-06,False,1974,7.588323677335222
character_key,pythia-2.8b,natural,random_034,"[[24, 29], [26, 2], [28, 19], [29, 17], [30, 31]]",0.00012040464207530022,False,1974,7.588323677335222
character_key,pythia-2.8b,natural,random_035,"[[23, 28], [27, 3], [28, 14], [28, 20], [31, 18]]",1.4472025213763118e-06,False,1974,7.588323677335222
character_key,pythia-2.8b,natural,random_036,"[[23, 5], [24, 13], [24, 18], [25, 4], [27, 24]]",0.0034446900244802237,False,1974,7.588323677335222
character_key,pythia-2.8b,natural,random_037,"[[22, 30], [23, 16], [25, 8], [27, 18], [30, 8]]",5.674490239471197e-06,False,1974,7.588323677335222
character_key,pythia-2.8b,natural,random_038,"[[22, 1], [24, 12], [25, 19], [26, 14], [26, 18]]",2.983477315865457e-06,False,1974,7.588323677335222
character_key,pythia-2.8b,natural,random_039,"[[27, 10], [27, 27], [28, 7], [31, 5], [31, 9]]",9.921262972056866e-06,False,1974,7.588323677335222
character_key,pythia-2.8b,natural,random_040,"[[22, 3], [24, 0], [25, 11], [29, 8], [30, 1]]",4.4334534322842956e-05,False,1974,7.588323677335222
character_key,pythia-2.8b,natural,random_041,"[[24, 7], [29, 8], [29, 15], [30, 28], [31, 24]]",5.1555747631937265e-05,False,1974,7.588323677335222
character_key,pythia-2.8b,natural,random_042,"[[22, 31], [23, 10], [30, 0], [31, 20], [31, 28]]",1.0173942428082228e-05,False,1974,7.588323677335222
character_key,pythia-2.8b,natural,random_043,"[[23, 29], [24, 2], [26, 8], [30, 0], [31, 24]]",1.9568833522498608e-05,False,1974,7.588323677335222
character_key,pythia-2.8b,natural,random_044,"[[22, 9], [24, 27], [26, 15], [26, 27], [30, 28]]",9.906245395541191e-06,False,1974,7.588323677335222
character_key,pythia-2.8b,natural,random_045,"[[23, 12], [26, 20], [28, 22], [29, 0], [31, 31]]",3.1282295822165906e-05,False,1974,7.588323677335222
character_key,pythia-2.8b,natural,random_046,"[[23, 3], [24, 3], [26, 12], [29, 19], [31, 11]]",1.3646786101162434e-06,False,1974,7.588323677335222
character_key,pythia-2.8b,natural,random_047,"[[24, 11], [24, 23], [26, 1], [26, 17], [26, 25]]",4.456960596144199e-06,False,1974,7.588323677335222
character_key,pythia-2.8b,natural,random_048,"[[24, 22], [29, 16], [29, 18], [30, 16], [30, 26]]",1.5176832675933838e-05,False,1974,7.588323677335222
character_key,pythia-2.8b,natural,random_049,"[[25, 4], [27, 9], [28, 9], [30, 17], [31, 26]]",4.91806713398546e-06,False,1974,7.588323677335222
character_key,pythia-2.8b,natural,random_050,"[[22, 13], [25, 23], [27, 3], [29, 28], [31, 24]]",8.797491318546236e-06,False,1974,7.588323677335222
character_key,pythia-2.8b,natural,random_051,"[[22, 7], [23, 18], [24, 22], [29, 5], [31, 29]]",4.903704393655062e-07,False,1974,7.588323677335222
character_key,pythia-2.8b,natural,random_052,"[[24, 20], [26, 25], [27, 13], [28, 10], [29, 27]]",2.313998993486166e-05,False,1974,7.588323677335222
character_key,pythia-2.8b,natural,random_053,"[[22, 24], [26, 17], [26, 22], [27, 17], [31, 10]]",1.2516393326222897e-06,False,1974,7.588323677335222
character_key,pythia-2.8b,natural,random_054,"[[23, 30], [24, 5], [25, 30], [26, 15], [28, 2]]",2.4650362320244312e-06,False,1974,7.588323677335222
character_key,pythia-2.8b,natural,random_055,"[[25, 22], [28, 24], [29, 12], [31, 16], [31, 21]]",1.2277043424546719e-05,False,1974,7.588323677335222
character_key,pythia-2.8b,natural,random_056,"[[23, 29], [24, 15], [26, 22], [28, 31], [30, 2]]",1.5949539374560118e-05,False,1974,7.588323677335222
character_key,pythia-2.8b,natural,random_057,"[[22, 21], [25, 15], [28, 1], [28, 4], [28, 30]]",5.3240975830703974e-05,False,1974,7.588323677335222
character_key,pythia-2.8b,natural,random_058,"[[22, 1], [26, 16], [26, 26], [29, 17], [31, 29]]",1.0822004696819931e-06,False,1974,7.588323677335222
character_key,pythia-2.8b,natural,random_059,"[[24, 2], [24, 31], [27, 11], [29, 27], [30, 25]]",1.2936186976730824e-05,False,1974,7.588323677335222
character_key,pythia-2.8b,natural,random_060,"[[22, 6], [27, 3], [27, 21], [28, 30], [31, 4]]",0.0005162975285202265,False,1974,7.588323677335222
character_key,pythia-2.8b,natural,random_061,"[[23, 4], [24, 29], [26, 9], [30, 24], [31, 12]]",4.2223837226629257e-07,False,1974,7.588323677335222
character_key,pythia-2.8b,natural,random_062,"[[22, 31], [23, 28], [25, 6], [27, 12], [29, 25]]",7.212220225483179e-07,False,1974,7.588323677335222
character_key,pythia-2.8b,natural,random_063,"[[24, 7], [27, 3], [27, 17], [27, 31], [28, 23]]",9.83069185167551e-07,False,1974,7.588323677335222
character_key,pythia-2.8b,natural,random_064,"[[26, 7], [26, 30], [28, 30], [29, 9], [31, 11]]",5.306894308887422e-06,False,1974,7.588323677335222
character_key,pythia-2.8b,natural,random_065,"[[22, 23], [26, 7], [27, 18], [27, 31], [28, 25]]",2.6040506782010198e-06,False,1974,7.588323677335222
character_key,pythia-2.8b,natural,random_066,"[[28, 25], [29, 5], [29, 17], [29, 25], [30, 5]]",2.0632651285268366e-06,False,1974,7.588323677335222
character_key,pythia-2.8b,natural,random_067,"[[23, 15], [24, 31], [27, 8], [28, 29], [30, 4]]",1.1102223652414978e-05,False,1974,7.588323677335222
character_key,pythia-2.8b,natural,random_068,"[[25, 25], [26, 9], [28, 8], [28, 29], [30, 20]]",4.454923328012228e-07,False,1974,7.588323677335222
character_key,pythia-2.8b,natural,random_069,"[[22, 21], [23, 7], [25, 0], [27, 2], [29, 1]]",6.060508894734085e-07,False,1974,7.588323677335222
character_key,pythia-2.8b,natural,random_070,"[[22, 17], [23, 15], [23, 23], [28, 25], [29, 0]]",3.599643241614103e-05,False,1974,7.588323677335222
character_key,pythia-2.8b,natural,random_071,"[[24, 29], [25, 30], [28, 19], [29, 14], [30, 26]]",0.00011280726175755262,False,1974,7.588323677335222
character_key,pythia-2.8b,natural,random_072,"[[23, 15], [26, 9], [26, 14], [26, 28], [30, 13]]",1.7707119695842266e-05,False,1974,7.588323677335222
character_key,pythia-2.8b,natural,random_073,"[[24, 6], [26, 10], [28, 3], [29, 10], [30, 26]]",4.985125997336581e-06,False,1974,7.588323677335222
character_key,pythia-2.8b,natural,random_074,"[[22, 3], [22, 6], [28, 11], [29, 2], [29, 22]]",1.195073127746582e-05,False,1974,7.588323677335222
character_key,pythia-2.8b,natural,random_075,"[[22, 24], [24, 12], [26, 18], [27, 14], [30, 31]]",2.239161403849721e-06,False,1974,7.588323677335222
character_key,pythia-2.8b,natural,random_076,"[[24, 4], [29, 1], [29, 25], [30, 19], [31, 18]]",1.648280886001885e-06,False,1974,7.588323677335222
character_key,pythia-2.8b,natural,random_077,"[[23, 14], [24, 2], [24, 17], [25, 5], [27, 18]]",1.6258709365502e-06,False,1974,7.588323677335222
character_key,pythia-2.8b,natural,random_078,"[[22, 29], [29, 1], [29, 2], [29, 5], [31, 16]]",1.163673005066812e-06,False,1974,7.588323677335222
character_key,pythia-2.8b,natural,random_079,"[[26, 7], [26, 21], [26, 27], [28, 9], [28, 20]]",1.5753379557281733e-05,False,1974,7.588323677335222
character_key,pythia-2.8b,natural,random_080,"[[24, 1], [28, 22], [30, 22], [31, 4], [31, 7]]",1.5760451788082719e-06,False,1974,7.588323677335222
character_key,pythia-2.8b,natural,random_081,"[[22, 19], [25, 25], [26, 19], [27, 6], [31, 29]]",8.596281986683607e-06,False,1974,7.588323677335222
character_key,pythia-2.8b,natural,random_082,"[[24, 1], [24, 11], [25, 22], [25, 28], [27, 15]]",3.277464202255942e-06,False,1974,7.588323677335222
character_key,pythia-2.8b,natural,random_083,"[[22, 10], [24, 12], [25, 5], [27, 4], [27, 12]]",9.732502803672105e-07,False,1974,7.588323677335222
character_key,pythia-2.8b,natural,random_084,"[[23, 14], [25, 16], [25, 19], [28, 26], [31, 23]]",1.4176257536746562e-06,False,1974,7.588323677335222
character_key,pythia-2.8b,natural,random_085,"[[23, 30], [24, 6], [25, 6], [25, 28], [31, 20]]",1.2126529327360913e-06,False,1974,7.588323677335222
character_key,pythia-2.8b,natural,random_086,"[[22, 14], [24, 20], [24, 30], [27, 18], [30, 5]]",4.839879693463445e-06,False,1974,7.588323677335222
character_key,pythia-2.8b,natural,random_087,"[[22, 31], [23, 17], [25, 8], [29, 19], [31, 11]]",1.1534866644069552e-06,False,1974,7.588323677335222
character_key,pythia-2.8b,natural,random_088,"[[22, 3], [22, 19], [23, 10], [27, 1], [31, 12]]",8.291477570310235e-06,False,1974,7.588323677335222
character_key,pythia-2.8b,natural,random_089,"[[22, 17], [26, 17], [27, 18], [30, 30], [31, 31]]",4.3703767005354166e-07,False,1974,7.588323677335222
character_key,pythia-2.8b,natural,random_090,"[[24, 19], [27, 8], [29, 9], [30, 2], [30, 17]]",5.181063897907734e-07,False,1974,7.588323677335222
character_key,pythia-2.8b,natural,random_091,"[[24, 19], [25, 4], [29, 3], [29, 23], [31, 7]]",6.682603270746768e-07,False,1974,7.588323677335222
character_key,pythia-2.8b,natural,random_092,"[[24, 14], [26, 18], [28, 20], [29, 14], [29, 19]]",2.5831104721874e-07,False,1974,7.588323677335222
character_key,pythia-2.8b,natural,random_093,"[[24, 6], [27, 20], [28, 16], [30, 0], [30, 13]]",8.802599040791392e-06,False,1974,7.588323677335222
character_key,pythia-2.8b,natural,random_094,"[[23, 4], [23, 7], [25, 31], [26, 21], [29, 26]]",2.4822948034852743e-06,False,1974,7.588323677335222
character_key,pythia-2.8b,natural,random_095,"[[22, 4], [25, 4], [25, 7], [27, 27], [28, 6]]",1.6967715055216104e-06,False,1974,7.588323677335222
character_key,pythia-2.8b,natural,random_096,"[[22, 3], [26, 2], [28, 17], [29, 14], [31, 22]]",1.4416786143556237e-05,False,1974,7.588323677335222
character_key,pythia-2.8b,natural,random_097,"[[23, 19], [23, 25], [26, 5], [29, 31], [31, 5]]",2.5375084078405052e-06,False,1974,7.588323677335222
character_key,pythia-2.8b,natural,random_098,"[[24, 7], [25, 4], [27, 24], [28, 19], [29, 25]]",0.00011447281576693058,False,1974,7.588323677335222
character_key,pythia-2.8b,natural,random_099,"[[24, 28], [27, 6], [28, 12], [30, 26], [31, 8]]",6.390473572537303e-08,False,1974,7.588323677335222
character_key,pythia-2.8b,natural,random_100,"[[24, 26], [25, 6], [25, 26], [30, 18], [31, 26]]",1.2070740922354162e-06,False,1974,7.588323677335222
sign_language,pythia-2.8b,natural,random_001,"[[25, 18], [26, 11], [26, 12], [27, 24], [31, 17]]",3.416287654545158e-06,False,113936,11.643400943040572
sign_language,pythia-2.8b,natural,random_002,"[[22, 7], [25, 21], [26, 2], [27, 12], [30, 23]]",4.09426138503477e-06,False,113936,11.643400943040572
sign_language,pythia-2.8b,natural,random_003,"[[22, 5], [23, 9], [26, 3], [26, 12], [31, 8]]",1.1653552064672112e-05,False,113936,11.643400943040572
sign_language,pythia-2.8b,natural,random_004,"[[22, 6], [23, 20], [26, 7], [27, 1], [31, 13]]",6.590777775272727e-05,False,113936,11.643400943040572
sign_language,pythia-2.8b,natural,random_005,"[[23, 15], [24, 21], [27, 10], [27, 26], [28, 4]]",0.0005179232684895396,False,113936,11.643400943040572
sign_language,pythia-2.8b,natural,random_006,"[[23, 14], [26, 26], [27, 29], [28, 16], [31, 17]]",8.738163160160184e-06,False,113936,11.643400943040572
sign_language,pythia-2.8b,natural,random_007,"[[23, 28], [24, 4], [28, 0], [28, 15], [30, 9]]",6.917718565091491e-06,False,113936,11.643400943040572
sign_language,pythia-2.8b,natural,random_008,"[[27, 19], [28, 1], [28, 27], [30, 3], [30, 21]]",0.00010681466665118933,False,113936,11.643400943040572
sign_language,pythia-2.8b,natural,random_009,"[[25, 5], [26, 27], [28, 2], [29, 28], [30, 20]]",5.7566590839996934e-05,False,113936,11.643400943040572
sign_language,pythia-2.8b,natural,random_010,"[[22, 22], [22, 24], [25, 24], [30, 24], [31, 11]]",7.78537942096591e-05,False,113936,11.643400943040572
sign_language,pythia-2.8b,natural,random_011,"[[22, 10], [24, 0], [28, 30], [30, 18], [31, 30]]",6.70753070153296e-05,False,113936,11.643400943040572
sign_language,pythia-2.8b,natural,random_012,"[[25, 18], [27, 3], [27, 13], [28, 29], [30, 22]]",7.802268373779953e-05,False,113936,11.643400943040572
sign_language,pythia-2.8b,natural,random_013,"[[24, 15], [28, 20], [28, 28], [30, 17], [31, 21]]",0.0006565483054146171,False,113936,11.643400943040572
sign_language,pythia-2.8b,natural,random_014,"[[23, 8], [25, 10], [27, 19], [27, 28], [31, 4]]",8.407988934777677e-05,False,113936,11.643400943040572
sign_language,pythia-2.8b,natural,random_015,"[[26, 21], [29, 28], [30, 28], [31, 19], [31, 23]]",3.4151889849454165e-06,False,113936,11.643400943040572
sign_language,pythia-2.8b,natural,random_016,"[[24, 27], [26, 23], [28, 21], [29, 13], [30, 26]]",1.1297765013296157e-05,False,113936,11.643400943040572
sign_language,pythia-2.8b,natural,random_017,"[[23, 19], [25, 25], [28, 17], [30, 3], [30, 4]]",0.0001832317211665213,False,113936,11.643400943040572
sign_language,pythia-2.8b,natural,random_018,"[[22, 28], [24, 12], [26, 2], [26, 16], [26, 26]]",4.742961027659476e-05,False,113936,11.643400943040572
sign_language,pythia-2.8b,natural,random_019,"[[23, 21], [24, 26], [26, 19], [28, 29], [31, 3]]",1.1337979231029749e-05,False,113936,11.643400943040572
sign_language,pythia-2.8b,natural,random_020,"[[26, 9], [28, 4], [29, 24], [30, 13], [31, 15]]",5.9924786910414696e-06,False,113936,11.643400943040572
sign_language,pythia-2.8b,natural,random_021,"[[23, 19], [25, 11], [26, 24], [27, 27], [29, 6]]",3.800675040110946e-05,False,113936,11.643400943040572
sign_language,pythia-2.8b,natural,random_022,"[[25, 12], [26, 9], [26, 13], [31, 12], [31, 14]]",4.018977051600814e-06,False,113936,11.643400943040572
sign_language,pythia-2.8b,natural,random_023,"[[25, 9], [26, 8], [28, 22], [29, 28], [30, 20]]",3.416172694414854e-05,False,113936,11.643400943040572
sign_language,pythia-2.8b,natural,random_024,"[[22, 8], [23, 19], [23, 23], [29, 22], [31, 6]]",4.1098392102867365e-06,False,113936,11.643400943040572
sign_language,pythia-2.8b,natural,random_025,"[[25, 7], [28, 11], [29, 22], [30, 14], [31, 30]]",1.4591438230127096e-05,False,113936,11.643400943040572
sign_language,pythia-2.8b,natural,random_026,"[[22, 1], [23, 5], [24, 20], [27, 1], [28, 7]]",0.0022146012634038925,False,113936,11.643400943040572
sign_language,pythia-2.8b,natural,random_027,"[[23, 28], [26, 4], [28, 16], [29, 27], [31, 8]]",1.687309122644365e-05,False,113936,11.643400943040572
sign_language,pythia-2.8b,natural,random_028,"[[23, 12], [24, 20], [25, 12], [26, 24], [31, 22]]",0.00021026354806963354,False,113936,11.643400943040572
sign_language,pythia-2.8b,natural,random_029,"[[22, 12], [24, 7], [25, 25], [26, 18], [30, 2]]",9.504583431407809e-07,False,113936,11.643400943040572
sign_language,pythia-2.8b,natural,random_030,"[[22, 13], [26, 5], [28, 15], [28, 30], [31, 15]]",6.991252303123474e-05,False,113936,11.643400943040572
sign_language,pythia-2.8b,natural,random_031,"[[25, 1], [26, 24], [27, 22], [28, 27], [29, 24]]",2.625598426675424e-06,False,113936,11.643400943040572
sign_language,pythia-2.8b,natural,random_032,"[[23, 18], [24, 27], [26, 22], [27, 25], [31, 30]]",2.6379129849374294e-06,False,113936,11.643400943040572
sign_language,pythia-2.8b,natural,random_033,"[[25, 10], [28, 1], [29, 20], [30, 23], [31, 4]]",7.157668005675077e-05,False,113936,11.643400943040572
sign_language,pythia-2.8b,natural,random_034,"[[24, 29], [26, 2], [28, 19], [29, 17], [30, 31]]",3.629564889706671e-05,False,113936,11.643400943040572
sign_language,pythia-2.8b,natural,random_035,"[[23, 28], [27, 3], [28, 14], [28, 20], [31, 18]]",2.554035745561123e-05,False,113936,11.643400943040572
sign_language,pythia-2.8b,natural,random_036,"[[23, 5], [24, 13], [24, 18], [25, 4], [27, 24]]",0.002193077467381954,False,113936,11.643400943040572
sign_language,pythia-2.8b,natural,random_037,"[[22, 30], [23, 16], [25, 8], [27, 18], [30, 8]]",1.4272809494286776e-05,False,113936,11.643400943040572
sign_language,pythia-2.8b,natural,random_038,"[[22, 1], [24, 12], [25, 19], [26, 14], [26, 18]]",4.544286639429629e-05,False,113936,11.643400943040572
sign_language,pythia-2.8b,natural,random_039,"[[27, 10], [27, 27], [28, 7], [31, 5], [31, 9]]",0.0001502622035332024,False,113936,11.643400943040572
sign_language,pythia-2.8b,natural,random_040,"[[22, 3], [24, 0], [25, 11], [29, 8], [30, 1]]",7.780123269185424e-06,False,113936,11.643400943040572
sign_language,pythia-2.8b,natural,random_041,"[[24, 7], [29, 8], [29, 15], [30, 28], [31, 24]]",6.4591586124151945e-06,False,113936,11.643400943040572
sign_language,pythia-2.8b,natural,random_042,"[[22, 31], [23, 10], [30, 0], [31, 20], [31, 28]]",1.7532918718643486e-05,False,113936,11.643400943040572
sign_language,pythia-2.8b,natural,random_043,"[[23, 29], [24, 2], [26, 8], [30, 0], [31, 24]]",0.0001749209186527878,False,113936,11.643400943040572
sign_language,pythia-2.8b,natural,random_044,"[[22, 9], [24, 27], [26, 15], [26, 27], [30, 28]]",1.0175193892791867e-05,False,113936,11.643400943040572
sign_language,pythia-2.8b,natural,random_045,"[[23, 12], [26, 20], [28, 22], [29, 0], [31, 31]]",0.0002701155608519912,False,113936,11.643400943040572
sign_language,pythia-2.8b,natural,random_046,"[[23, 3], [24, 3], [26, 12], [29, 19], [31, 11]]",1.1377371265552938e-05,False,113936,11.643400943040572
sign_language,pythia-2.8b,natural,random_047,"[[24, 11], [24, 23], [26, 1], [26, 17], [26, 25]]",6.247434066608548e-05,False,113936,11.643400943040572
sign_language,pythia-2.8b,natural,random_048,"[[24, 22], [29, 16], [29, 18], [30, 16], [30, 26]]",4.319750587455928e-05,False,113936,11.643400943040572
sign_language,pythia-2.8b,natural,random_049,"[[25, 4], [27, 9], [28, 9], [30, 17], [31, 26]]",6.245009717531502e-05,False,113936,11.643400943040572
sign_language,pythia-2.8b,natural,random_050,"[[22, 13], [25, 23], [27, 3], [29, 28], [31, 24]]",3.7735444493591785e-06,False,113936,11.643400943040572
sign_language,pythia-2.8b,natural,random_051,"[[22, 7], [23, 18], [24, 22], [29, 5], [31, 29]]",2.843051333911717e-06,False,113936,11.643400943040572
sign_language,pythia-2.8b,natural,random_052,"[[24, 20], [26, 25], [27, 13], [28, 10], [29, 27]]",8.404211257584393e-05,False,113936,11.643400943040572
sign_language,pythia-2.8b,natural,random_053,"[[22, 24], [26, 17], [26, 22], [27, 17], [31, 10]]",6.280868547037244e-06,False,113936,11.643400943040572
sign_language,pythia-2.8b,natural,random_054,"[[23, 30], [24, 5], [25, 30], [26, 15], [28, 2]]",4.8269343096762896e-05,False,113936,11.643400943040572
sign_language,pythia-2.8b,natural,random_055,"[[25, 22], [28, 24], [29, 12], [31, 16], [31, 21]]",2.1079875295981765e-05,False,113936,11.643400943040572
sign_language,pythia-2.8b,natural,random_056,"[[23, 29], [24, 15], [26, 22], [28, 31], [30, 2]]",0.0006257777567952871,False,113936,11.643400943040572
sign_language,pythia-2.8b,natural,random_057,"[[22, 21], [25, 15], [28, 1], [28, 4], [28, 30]]",0.00022568192798644304,False,113936,11.643400943040572
sign_language,pythia-2.8b,natural,random_058,"[[22, 1], [26, 16], [26, 26], [29, 17], [31, 29]]",2.3388674890156835e-06,False,113936,11.643400943040572
sign_language,pythia-2.8b,natural,random_059,"[[24, 2], [24, 31], [27, 11], [29, 27], [30, 25]]",2.6489236915949732e-05,False,113936,11.643400943040572
sign_language,pythia-2.8b,natural,random_060,"[[22, 6], [27, 3], [27, 21], [28, 30], [31, 4]]",0.00039285095408558846,False,113936,11.643400943040572
sign_language,pythia-2.8b,natural,random_061,"[[23, 4], [24, 29], [26, 9], [30, 24], [31, 12]]",6.820017006248236e-06,False,113936,11.643400943040572
sign_language,pythia-2.8b,natural,random_062,"[[22, 31], [23, 28], [25, 6], [27, 12], [29, 25]]",3.823981387540698e-06,False,113936,11.643400943040572
sign_language,pythia-2.8b,natural,random_063,"[[24, 7], [27, 3], [27, 17], [27, 31], [28, 23]]",2.044104621745646e-05,False,113936,11.643400943040572
sign_language,pythia-2.8b,natural,random_064,"[[26, 7], [26, 30], [28, 30], [29, 9], [31, 11]]",6.34693424217403e-05,False,113936,11.643400943040572
sign_language,pythia-2.8b,natural,random_065,"[[22, 23], [26, 7], [27, 18], [27, 31], [28, 25]]",1.4329008990898728e-05,False,113936,11.643400943040572
sign_language,pythia-2.8b,natural,random_066,"[[28, 25], [29, 5], [29, 17], [29, 25], [30, 5]]",1.0259682312607765e-06,False,113936,11.643400943040572
sign_language,pythia-2.8b,natural,random_067,"[[23, 15], [24, 31], [27, 8], [28, 29], [30, 4]]",1.9536266336217523e-05,False,113936,11.643400943040572
sign_language,pythia-2.8b,natural,random_068,"[[25, 25], [26, 9], [28, 8], [28, 29], [30, 20]]",1.0955081961583346e-06,False,113936,11.643400943040572
sign_language,pythia-2.8b,natural,random_069,"[[22, 21], [23, 7], [25, 0], [27, 2], [29, 1]]",2.939086698461324e-06,False,113936,11.643400943040572
sign_language,pythia-2.8b,natural,random_070,"[[22, 17], [23, 15], [23, 23], [28, 25], [29, 0]]",1.0443123755976558e-05,False,113936,11.643400943040572
sign_language,pythia-2.8b,natural,random_071,"[[24, 29], [25, 30], [28, 19], [29, 14], [30, 26]]",1.9945306121371686e-05,False,113936,11.643400943040572
sign_language,pythia-2.8b,natural,random_072,"[[23, 15], [26, 9], [26, 14], [26, 28], [30, 13]]",6.704423867631704e-06,False,113936,11.643400943040572
sign_language,pythia-2.8b,natural,random_073,"[[24, 6], [26, 10], [28, 3], [29, 10], [30, 26]]",2.0565930753946304e-06,False,113936,11.643400943040572
sign_language,pythia-2.8b,natural,random_074,"[[22, 3], [22, 6], [28, 11], [29, 2], [29, 22]]",0.00011334595910739154,False,113936,11.643400943040572
sign_language,pythia-2.8b,natural,random_075,"[[22, 24], [24, 12], [26, 18], [27, 14], [30, 31]]",3.853769158013165e-05,False,113936,11.643400943040572
sign_language,pythia-2.8b,natural,random_076,"[[24, 4], [29, 1], [29, 25], [30, 19], [31, 18]]",2.016320650000125e-06,False,113936,11.643400943040572
sign_language,pythia-2.8b,natural,random_077,"[[23, 14], [24, 2], [24, 17], [25, 5], [27, 18]]",1.8836159142665565e-05,False,113936,11.643400943040572
sign_language,pythia-2.8b,natural,random_078,"[[22, 29], [29, 1], [29, 2], [29, 5], [31, 16]]",9.989398677134886e-07,False,113936,11.643400943040572
sign_language,pythia-2.8b,natural,random_079,"[[26, 7], [26, 21], [26, 27], [28, 9], [28, 20]]",1.9992614397779107e-05,False,113936,11.643400943040572
sign_language,pythia-2.8b,natural,random_080,"[[24, 1], [28, 22], [30, 22], [31, 4], [31, 7]]",3.0317110940814018e-05,False,113936,11.643400943040572
sign_language,pythia-2.8b,natural,random_081,"[[22, 19], [25, 25], [26, 19], [27, 6], [31, 29]]",2.036691876128316e-05,False,113936,11.643400943040572
sign_language,pythia-2.8b,natural,random_082,"[[24, 1], [24, 11], [25, 22], [25, 28], [27, 15]]",3.0101458833087236e-05,False,113936,11.643400943040572
sign_language,pythia-2.8b,natural,random_083,"[[22, 10], [24, 12], [25, 5], [27, 4], [27, 12]]",5.93562435824424e-05,False,113936,11.643400943040572
sign_language,pythia-2.8b,natural,random_084,"[[23, 14], [25, 16], [25, 19], [28, 26], [31, 23]]",5.039648385718465e-06,False,113936,11.643400943040572
sign_language,pythia-2.8b,natural,random_085,"[[23, 30], [24, 6], [25, 6], [25, 28], [31, 20]]",3.781897248700261e-06,False,113936,11.643400943040572
sign_language,pythia-2.8b,natural,random_086,"[[22, 14], [24, 20], [24, 30], [27, 18], [30, 5]]",1.9732426153495908e-05,False,113936,11.643400943040572
sign_language,pythia-2.8b,natural,random_087,"[[22, 31], [23, 17], [25, 8], [29, 19], [31, 11]]",2.357490302529186e-06,False,113936,11.643400943040572
sign_language,pythia-2.8b,natural,random_088,"[[22, 3], [22, 19], [23, 10], [27, 1], [31, 12]]",2.866538125090301e-05,False,113936,11.643400943040572
sign_language,pythia-2.8b,natural,random_089,"[[22, 17], [26, 17], [27, 18], [30, 30], [31, 31]]",5.651068931911141e-06,False,113936,11.643400943040572
sign_language,pythia-2.8b,natural,random_090,"[[24, 19], [27, 8], [29, 9], [30, 2], [30, 17]]",7.269074558280408e-06,False,113936,11.643400943040572
sign_language,pythia-2.8b,natural,random_091,"[[24, 19], [25, 4], [29, 3], [29, 23], [31, 7]]",7.185153663158417e-07,False,113936,11.643400943040572
sign_language,pythia-2.8b,natural,random_092,"[[24, 14], [26, 18], [28, 20], [29, 14], [29, 19]]",5.831083399243653e-06,False,113936,11.643400943040572
sign_language,pythia-2.8b,natural,random_093,"[[24, 6], [27, 20], [28, 16], [30, 0], [30, 13]]",1.9156737835146487e-05,False,113936,11.643400943040572
sign_language,pythia-2.8b,natural,random_094,"[[23, 4], [23, 7], [25, 31], [26, 21], [29, 26]]",6.000424036756158e-06,False,113936,11.643400943040572
sign_language,pythia-2.8b,natural,random_095,"[[22, 4], [25, 4], [25, 7], [27, 27], [28, 6]]",2.9702321626245975e-05,False,113936,11.643400943040572
sign_language,pythia-2.8b,natural,random_096,"[[22, 3], [26, 2], [28, 17], [29, 14], [31, 22]]",0.00013936019968241453,False,113936,11.643400943040572
sign_language,pythia-2.8b,natural,random_097,"[[23, 19], [23, 25], [26, 5], [29, 31], [31, 5]]",4.253368024365045e-05,False,113936,11.643400943040572
sign_language,pythia-2.8b,natural,random_098,"[[24, 7], [25, 4], [27, 24], [28, 19], [29, 25]]",1.0553631000220776e-05,False,113936,11.643400943040572
sign_language,pythia-2.8b,natural,random_099,"[[24, 28], [27, 6], [28, 12], [30, 26], [31, 8]]",2.555309038143605e-06,False,113936,11.643400943040572
sign_language,pythia-2.8b,natural,random_100,"[[24, 26], [25, 6], [25, 26], [30, 18], [31, 26]]",5.2208742999937385e-06,False,113936,11.643400943040572
accessible_authentication,pythia-2.8b,natural,random_001,"[[25, 18], [26, 11], [26, 12], [27, 24], [31, 17]]",1.553362380946055e-06,False,3,1.3862943611198906
accessible_authentication,pythia-2.8b,natural,random_002,"[[22, 7], [25, 21], [26, 2], [27, 12], [30, 23]]",6.724003469571471e-07,False,3,1.3862943611198906
accessible_authentication,pythia-2.8b,natural,random_003,"[[22, 5], [23, 9], [26, 3], [26, 12], [31, 8]]",7.902337529230863e-06,False,3,1.3862943611198906
accessible_authentication,pythia-2.8b,natural,random_004,"[[22, 6], [23, 20], [26, 7], [27, 1], [31, 13]]",1.6858044546097517e-05,False,3,1.3862943611198906
accessible_authentication,pythia-2.8b,natural,random_005,"[[23, 15], [24, 21], [27, 10], [27, 26], [28, 4]]",0.0004147305153310299,False,3,1.3862943611198906
accessible_authentication,pythia-2.8b,natural,random_006,"[[23, 14], [26, 26], [27, 29], [28, 16], [31, 17]]",2.2672320483252406e-06,False,3,1.3862943611198906
accessible_authentication,pythia-2.8b,natural,random_007,"[[23, 28], [24, 4], [28, 0], [28, 15], [30, 9]]",6.051559466868639e-07,False,3,1.3862943611198906
accessible_authentication,pythia-2.8b,natural,random_008,"[[27, 19], [28, 1], [28, 27], [30, 3], [30, 21]]",2.435816713841632e-05,False,3,1.3862943611198906
accessible_authentication,pythia-2.8b,natural,random_009,"[[25, 5], [26, 27], [28, 2], [29, 28], [30, 20]]",2.017177757807076e-05,False,3,1.3862943611198906
accessible_authentication,pythia-2.8b,natural,random_010,"[[22, 22], [22, 24], [25, 24], [30, 24], [31, 11]]",7.180264219641685e-05,False,3,1.3862943611198906
accessible_authentication,pythia-2.8b,natural,random_011,"[[22, 10], [24, 0], [28, 30], [30, 18], [31, 30]]",1.3806115020997822e-05,False,3,1.3862943611198906
accessible_authentication,pythia-2.8b,natural,random_012,"[[25, 18], [27, 3], [27, 13], [28, 29], [30, 22]]",2.958913682959974e-06,False,3,1.3862943611198906
accessible_authentication,pythia-2.8b,natural,random_013,"[[24, 15], [28, 20], [28, 28], [30, 17], [31, 21]]",0.0001337244175374508,False,3,1.3862943611198906
accessible_authentication,pythia-2.8b,natural,random_014,"[[23, 8], [25, 10], [27, 19], [27, 28], [31, 4]]",7.151611498557031e-06,False,3,1.3862943611198906
accessible_authentication,pythia-2.8b,natural,random_015,"[[26, 21], [29, 28], [30, 28], [31, 19], [31, 23]]",4.959871148457751e-06,False,3,1.3862943611198906
accessible_authentication,pythia-2.8b,natural,random_016,"[[24, 27], [26, 23], [28, 21], [29, 13], [30, 26]]",5.387679266277701e-06,False,3,1.3862943611198906
accessible_authentication,pythia-2.8b,natural,random_017,"[[23, 19], [25, 25], [28, 17], [30, 3], [30, 4]]",2.8915121220052242e-05,False,3,1.3862943611198906
accessible_authentication,pythia-2.8b,natural,random_018,"[[22, 28], [24, 12], [26, 2], [26, 16], [26, 26]]",7.53815402276814e-06,False,3,1.3862943611198906
accessible_authentication,pythia-2.8b,natural,random_019,"[[23, 21], [24, 26], [26, 19], [28, 29], [31, 3]]",2.318251063115895e-06,False,3,1.3862943611198906
accessible_authentication,pythia-2.8b,natural,random_020,"[[26, 9], [28, 4], [29, 24], [30, 13], [31, 15]]",1.0345829650759697e-06,False,3,1.3862943611198906
accessible_authentication,pythia-2.8b,natural,random_021,"[[23, 19], [25, 11], [26, 24], [27, 27], [29, 6]]",1.2910604709759355e-06,False,3,1.3862943611198906
accessible_authentication,pythia-2.8b,natural,random_022,"[[25, 12], [26, 9], [26, 13], [31, 12], [31, 14]]",1.259068085346371e-07,False,3,1.3862943611198906
accessible_authentication,pythia-2.8b,natural,random_023,"[[25, 9], [26, 8], [28, 22], [29, 28], [30, 20]]",1.2175529263913631e-05,False,3,1.3862943611198906
accessible_authentication,pythia-2.8b,natural,random_024,"[[22, 8], [23, 19], [23, 23], [29, 22], [31, 6]]",8.337374310940504e-07,False,3,1.3862943611198906
accessible_authentication,pythia-2.8b,natural,random_025,"[[25, 7], [28, 11], [29, 22], [30, 14], [31, 30]]",3.936358552891761e-06,False,3,1.3862943611198906
accessible_authentication,pythia-2.8b,natural,random_026,"[[22, 1], [23, 5], [24, 20], [27, 1], [28, 7]]",0.001839908305555582,False,3,1.3862943611198906
accessible_authentication,pythia-2.8b,natural,random_027,"[[23, 28], [26, 4], [28, 16], [29, 27], [31, 8]]",7.802933396305889e-06,False,3,1.3862943611198906
accessible_authentication,pythia-2.8b,natural,random_028,"[[23, 12], [24, 20], [25, 12], [26, 24], [31, 22]]",1.1661963071674109e-05,False,3,1.3862943611198906
accessible_authentication,pythia-2.8b,natural,random_029,"[[22, 12], [24, 7], [25, 25], [26, 18], [30, 2]]",7.273047231137753e-07,False,3,1.3862943611198906
accessible_authentication,pythia-2.8b,natural,random_030,"[[22, 13], [26, 5], [28, 15], [28, 30], [31, 15]]",1.23099162010476e-05,False,3,1.3862943611198906
accessible_authentication,pythia-2.8b,natural,random_031,"[[25, 1], [26, 24], [27, 22], [28, 27], [29, 24]]",2.3424290702678263e-06,False,3,1.3862943611198906
accessible_authentication,pythia-2.8b,natural,random_032,"[[23, 18], [24, 27], [26, 22], [27, 25], [31, 30]]",4.777612048201263e-07,False,3,1.3862943611198906
accessible_authentication,pythia-2.8b,natural,random_033,"[[25, 10], [28, 1], [29, 20], [30, 23], [31, 4]]",2.2311010980047286e-05,False,3,1.3862943611198906
accessible_authentication,pythia-2.8b,natural,random_034,"[[24, 29], [26, 2], [28, 19], [29, 17], [30, 31]]",7.743228343315423e-05,False,3,1.3862943611198906
accessible_authentication,pythia-2.8b,natural,random_035,"[[23, 28], [27, 3], [28, 14], [28, 20], [31, 18]]",2.298575964232441e-06,False,3,1.3862943611198906
accessible_authentication,pythia-2.8b,natural,random_036,"[[23, 5], [24, 13], [24, 18], [25, 4], [27, 24]]",0.0017692639958113432,False,3,1.3862943611198906
accessible_authentication,pythia-2.8b,natural,random_037,"[[22, 30], [23, 16], [25, 8], [27, 18], [30, 8]]",5.7355500757694244e-06,False,3,1.3862943611198906
accessible_authentication,pythia-2.8b,natural,random_038,"[[22, 1], [24, 12], [25, 19], [26, 14], [26, 18]]",1.1151598300784826e-05,False,3,1.3862943611198906
accessible_authentication,pythia-2.8b,natural,random_039,"[[27, 10], [27, 27], [28, 7], [31, 5], [31, 9]]",9.019691788125783e-06,False,3,1.3862943611198906
accessible_authentication,pythia-2.8b,natural,random_040,"[[22, 3], [24, 0], [25, 11], [29, 8], [30, 1]]",1.1343596270307899e-05,False,3,1.3862943611198906
accessible_authentication,pythia-2.8b,natural,random_041,"[[24, 7], [29, 8], [29, 15], [30, 28], [31, 24]]",1.2920449080411345e-05,False,3,1.3862943611198906
accessible_authentication,pythia-2.8b,natural,random_042,"[[22, 31], [23, 10], [30, 0], [31, 20], [31, 28]]",1.4874618500471115e-05,False,3,1.3862943611198906
accessible_authentication,pythia-2.8b,natural,random_043,"[[23, 29], [24, 2], [26, 8], [30, 0], [31, 24]]",3.667123382911086e-05,False,3,1.3862943611198906
accessible_authentication,pythia-2.8b,natural,random_044,"[[22, 9], [24, 27], [26, 15], [26, 27], [30, 28]]",3.296416252851486e-06,False,3,1.3862943611198906
accessible_authentication,pythia-2.8b,natural,random_045,"[[23, 12], [26, 20], [28, 22], [29, 0], [31, 31]]",2.0224368199706078e-05,False,3,1.3862943611198906
accessible_authentication,pythia-2.8b,natural,random_046,"[[23, 3], [24, 3], [26, 12], [29, 19], [31, 11]]",2.369866706430912e-06,False,3,1.3862943611198906
accessible_authentication,pythia-2.8b,natural,random_047,"[[24, 11], [24, 23], [26, 1], [26, 17], [26, 25]]",3.079138696193695e-05,False,3,1.3862943611198906
accessible_authentication,pythia-2.8b,natural,random_048,"[[24, 22], [29, 16], [29, 18], [30, 16], [30, 26]]",1.7374230083078146e-05,False,3,1.3862943611198906
accessible_authentication,pythia-2.8b,natural,random_049,"[[25, 4], [27, 9], [28, 9], [30, 17], [31, 26]]",3.6850397009402514e-06,False,3,1.3862943611198906
accessible_authentication,pythia-2.8b,natural,random_050,"[[22, 13], [25, 23], [27, 3], [29, 28], [31, 24]]",4.795794666279107e-06,False,3,1.3862943611198906
accessible_authentication,pythia-2.8b,natural,random_051,"[[22, 7], [23, 18], [24, 22], [29, 5], [31, 29]]",7.235830707941204e-07,False,3,1.3862943611198906
accessible_authentication,pythia-2.8b,natural,random_052,"[[24, 20], [26, 25], [27, 13], [28, 10], [29, 27]]",7.130700396373868e-06,False,3,1.3862943611198906
accessible_authentication,pythia-2.8b,natural,random_053,"[[22, 24], [26, 17], [26, 22], [27, 17], [31, 10]]",1.5700788935646415e-06,False,3,1.3862943611198906
accessible_authentication,pythia-2.8b,natural,random_054,"[[23, 30], [24, 5], [25, 30], [26, 15], [28, 2]]",2.1825762814842165e-05,False,3,1.3862943611198906
accessible_authentication,pythia-2.8b,natural,random_055,"[[25, 22], [28, 24], [29, 12], [31, 16], [31, 21]]",7.391186954919249e-06,False,3,1.3862943611198906
accessible_authentication,pythia-2.8b,natural,random_056,"[[23, 29], [24, 15], [26, 22], [28, 31], [30, 2]]",9.272643364965916e-05,False,3,1.3862943611198906
accessible_authentication,pythia-2.8b,natural,random_057,"[[22, 21], [25, 15], [28, 1], [28, 4], [28, 30]]",9.741605026647449e-05,False,3,1.3862943611198906
accessible_authentication,pythia-2.8b,natural,random_058,"[[22, 1], [26, 16], [26, 26], [29, 17], [31, 29]]",1.6543599485885352e-06,False,3,1.3862943611198906
accessible_authentication,pythia-2.8b,natural,random_059,"[[24, 2], [24, 31], [27, 11], [29, 27], [30, 25]]",1.004115620162338e-05,False,3,1.3862943611198906
accessible_authentication,pythia-2.8b,natural,random_060,"[[22, 6], [27, 3], [27, 21], [28, 30], [31, 4]]",0.00032479094807058573,False,3,1.3862943611198906
accessible_authentication,pythia-2.8b,natural,random_061,"[[23, 4], [24, 29], [26, 9], [30, 24], [31, 12]]",1.47323589771986e-06,False,3,1.3862943611198906
accessible_authentication,pythia-2.8b,natural,random_062,"[[22, 31], [23, 28], [25, 6], [27, 12], [29, 25]]",2.612199750728905e-06,False,3,1.3862943611198906
accessible_authentication,pythia-2.8b,natural,random_063,"[[24, 7], [27, 3], [27, 17], [27, 31], [28, 23]]",1.3331155059859157e-06,False,3,1.3862943611198906
accessible_authentication,pythia-2.8b,natural,random_064,"[[26, 7], [26, 30], [28, 30], [29, 9], [31, 11]]",1.1243741028010845e-05,False,3,1.3862943611198906
accessible_authentication,pythia-2.8b,natural,random_065,"[[22, 23], [26, 7], [27, 18], [27, 31], [28, 25]]",2.5332628865726292e-06,False,3,1.3862943611198906
accessible_authentication,pythia-2.8b,natural,random_066,"[[28, 25], [29, 5], [29, 17], [29, 25], [30, 5]]",5.4585980251431465e-06,False,3,1.3862943611198906
accessible_authentication,pythia-2.8b,natural,random_067,"[[23, 15], [24, 31], [27, 8], [28, 29], [30, 4]]",1.624089782126248e-05,False,3,1.3862943611198906
accessible_authentication,pythia-2.8b,natural,random_068,"[[25, 25], [26, 9], [28, 8], [28, 29], [30, 20]]",1.5824043657630682e-06,False,3,1.3862943611198906
accessible_authentication,pythia-2.8b,natural,random_069,"[[22, 21], [23, 7], [25, 0], [27, 2], [29, 1]]",8.811475709080696e-07,False,3,1.3862943611198906
accessible_authentication,pythia-2.8b,natural,random_070,"[[22, 17], [23, 15], [23, 23], [28, 25], [29, 0]]",2.0534469513222575e-05,False,3,1.3862943611198906
accessible_authentication,pythia-2.8b,natural,random_071,"[[24, 29], [25, 30], [28, 19], [29, 14], [30, 26]]",7.01210810802877e-05,False,3,1.3862943611198906
accessible_authentication,pythia-2.8b,natural,random_072,"[[23, 15], [26, 9], [26, 14], [26, 28], [30, 13]]",2.004409907385707e-05,False,3,1.3862943611198906
accessible_authentication,pythia-2.8b,natural,random_073,"[[24, 6], [26, 10], [28, 3], [29, 10], [30, 26]]",2.3202737793326378e-06,False,3,1.3862943611198906
accessible_authentication,pythia-2.8b,natural,random_074,"[[22, 3], [22, 6], [28, 11], [29, 2], [29, 22]]",2.279115142300725e-05,False,3,1.3862943611198906
accessible_authentication,pythia-2.8b,natural,random_075,"[[22, 24], [24, 12], [26, 18], [27, 14], [30, 31]]",9.531388059258461e-06,False,3,1.3862943611198906
accessible_authentication,pythia-2.8b,natural,random_076,"[[24, 4], [29, 1], [29, 25], [30, 19], [31, 18]]",2.7837377274408937e-06,False,3,1.3862943611198906
accessible_authentication,pythia-2.8b,natural,random_077,"[[23, 14], [24, 2], [24, 17], [25, 5], [27, 18]]",6.021029548719525e-06,False,3,1.3862943611198906
accessible_authentication,pythia-2.8b,natural,random_078,"[[22, 29], [29, 1], [29, 2], [29, 5], [31, 16]]",1.6164049156941473e-06,False,3,1.3862943611198906
accessible_authentication,pythia-2.8b,natural,random_079,"[[26, 7], [26, 21], [26, 27], [28, 9], [28, 20]]",5.989240889903158e-06,False,3,1.3862943611198906
accessible_authentication,pythia-2.8b,natural,random_080,"[[24, 1], [28, 22], [30, 22], [31, 4], [31, 7]]",5.5135751608759165e-06,False,3,1.3862943611198906
accessible_authentication,pythia-2.8b,natural,random_081,"[[22, 19], [25, 25], [26, 19], [27, 6], [31, 29]]",1.0632327757775784e-05,False,3,1.3862943611198906
accessible_authentication,pythia-2.8b,natural,random_082,"[[24, 1], [24, 11], [25, 22], [25, 28], [27, 15]]",2.1021231077611446e-05,False,3,1.3862943611198906
accessible_authentication,pythia-2.8b,natural,random_083,"[[22, 10], [24, 12], [25, 5], [27, 4], [27, 12]]",8.968694601207972e-06,False,3,1.3862943611198906
accessible_authentication,pythia-2.8b,natural,random_084,"[[23, 14], [25, 16], [25, 19], [28, 26], [31, 23]]",1.972362952074036e-06,False,3,1.3862943611198906
accessible_authentication,pythia-2.8b,natural,random_085,"[[23, 30], [24, 6], [25, 6], [25, 28], [31, 20]]",1.1257579899393022e-06,False,3,1.3862943611198906
accessible_authentication,pythia-2.8b,natural,random_086,"[[22, 14], [24, 20], [24, 30], [27, 18], [30, 5]]",6.9379020715132356e-06,False,3,1.3862943611198906
accessible_authentication,pythia-2.8b,natural,random_087,"[[22, 31], [23, 17], [25, 8], [29, 19], [31, 11]]",1.0608273441903293e-06,False,3,1.3862943611198906
accessible_authentication,pythia-2.8b,natural,random_088,"[[22, 3], [22, 19], [23, 10], [27, 1], [31, 12]]",1.0568881407380104e-05,False,3,1.3862943611198906
accessible_authentication,pythia-2.8b,natural,random_089,"[[22, 17], [26, 17], [27, 18], [30, 30], [31, 31]]",8.966017048805952e-07,False,3,1.3862943611198906
accessible_authentication,pythia-2.8b,natural,random_090,"[[24, 19], [27, 8], [29, 9], [30, 2], [30, 17]]",2.1173182176426053e-06,False,3,1.3862943611198906
accessible_authentication,pythia-2.8b,natural,random_091,"[[24, 19], [25, 4], [29, 3], [29, 23], [31, 7]]",1.2198615877423435e-06,False,3,1.3862943611198906
accessible_authentication,pythia-2.8b,natural,random_092,"[[24, 14], [26, 18], [28, 20], [29, 14], [29, 19]]",1.4266697689890862e-06,False,3,1.3862943611198906
accessible_authentication,pythia-2.8b,natural,random_093,"[[24, 6], [27, 20], [28, 16], [30, 0], [30, 13]]",1.4417222701013088e-05,False,3,1.3862943611198906
accessible_authentication,pythia-2.8b,natural,random_094,"[[23, 4], [23, 7], [25, 31], [26, 21], [29, 26]]",1.7478523659519851e-06,False,3,1.3862943611198906
accessible_authentication,pythia-2.8b,natural,random_095,"[[22, 4], [25, 4], [25, 7], [27, 27], [28, 6]]",3.843888407573104e-06,False,3,1.3862943611198906
accessible_authentication,pythia-2.8b,natural,random_096,"[[22, 3], [26, 2], [28, 17], [29, 14], [31, 22]]",2.640698221512139e-05,False,3,1.3862943611198906
accessible_authentication,pythia-2.8b,natural,random_097,"[[23, 19], [23, 25], [26, 5], [29, 31], [31, 5]]",4.342557076597586e-06,False,3,1.3862943611198906
accessible_authentication,pythia-2.8b,natural,random_098,"[[24, 7], [25, 4], [27, 24], [28, 19], [29, 25]]",6.361358100548387e-05,False,3,1.3862943611198906
accessible_authentication,pythia-2.8b,natural,random_099,"[[24, 28], [27, 6], [28, 12], [30, 26], [31, 8]]",5.101865099277347e-07,False,3,1.3862943611198906
accessible_authentication,pythia-2.8b,natural,random_100,"[[24, 26], [25, 6], [25, 26], [30, 18], [31, 26]]",1.604887074790895e-06,False,3,1.3862943611198906
cognitive_disabilities,pythia-2.8b,natural,random_001,"[[25, 18], [26, 11], [26, 12], [27, 24], [31, 17]]",1.439439074601978e-06,False,10189,9.229162126216771
cognitive_disabilities,pythia-2.8b,natural,random_002,"[[22, 7], [25, 21], [26, 2], [27, 12], [30, 23]]",3.2575917430222034e-07,False,10189,9.229162126216771
cognitive_disabilities,pythia-2.8b,natural,random_003,"[[22, 5], [23, 9], [26, 3], [26, 12], [31, 8]]",1.0412943083792925e-05,False,10189,9.229162126216771
cognitive_disabilities,pythia-2.8b,natural,random_004,"[[22, 6], [23, 20], [26, 7], [27, 1], [31, 13]]",2.4286418920382857e-05,False,10189,9.229162126216771
cognitive_disabilities,pythia-2.8b,natural,random_005,"[[23, 15], [24, 21], [27, 10], [27, 26], [28, 4]]",6.44678802927956e-05,False,10189,9.229162126216771
cognitive_disabilities,pythia-2.8b,natural,random_006,"[[23, 14], [26, 26], [27, 29], [28, 16], [31, 17]]",2.318978658877313e-06,False,10189,9.229162126216771
cognitive_disabilities,pythia-2.8b,natural,random_007,"[[23, 28], [24, 4], [28, 0], [28, 15], [30, 9]]",1.5003133739810437e-06,False,10189,9.229162126216771
cognitive_disabilities,pythia-2.8b,natural,random_008,"[[27, 19], [28, 1], [28, 27], [30, 3], [30, 21]]",2.18841596506536e-05,False,10189,9.229162126216771
cognitive_disabilities,pythia-2.8b,natural,random_009,"[[25, 5], [26, 27], [28, 2], [29, 28], [30, 20]]",7.733155507594347e-05,False,10189,9.229162126216771
cognitive_disabilities,pythia-2.8b,natural,random_010,"[[22, 22], [22, 24], [25, 24], [30, 24], [31, 11]]",1.750097726471722e-05,False,10189,9.229162126216771
cognitive_disabilities,pythia-2.8b,natural,random_011,"[[22, 10], [24, 0], [28, 30], [30, 18], [31, 30]]",1.644884468987584e-05,False,10189,9.229162126216771
cognitive_disabilities,pythia-2.8b,natural,random_012,"[[25, 18], [27, 3], [27, 13], [28, 29], [30, 22]]",4.381116013973951e-06,False,10189,9.229162126216771
cognitive_disabilities,pythia-2.8b,natural,random_013,"[[24, 15], [28, 20], [28, 28], [30, 17], [31, 21]]",0.00018040556460618973,False,10189,9.229162126216771
cognitive_disabilities,pythia-2.8b,natural,random_014,"[[23, 8], [25, 10], [27, 19], [27, 28], [31, 4]]",2.640677848830819e-06,False,10189,9.229162126216771
cognitive_disabilities,pythia-2.8b,natural,random_015,"[[26, 21], [29, 28], [30, 28], [31, 19], [31, 23]]",4.446832463145256e-06,False,10189,9.229162126216771
cognitive_disabilities,pythia-2.8b,natural,random_016,"[[24, 27], [26, 23], [28, 21], [29, 13], [30, 26]]",4.262052243575454e-06,False,10189,9.229162126216771
cognitive_disabilities,pythia-2.8b,natural,random_017,"[[23, 19], [25, 25], [28, 17], [30, 3], [30, 4]]",3.6315061151981354e-05,False,10189,9.229162126216771
cognitive_disabilities,pythia-2.8b,natural,random_018,"[[22, 28], [24, 12], [26, 2], [26, 16], [26, 26]]",4.594679921865463e-05,False,10189,9.229162126216771
cognitive_disabilities,pythia-2.8b,natural,random_019,"[[23, 21], [24, 26], [26, 19], [28, 29], [31, 3]]",3.572771674953401e-06,False,10189,9.229162126216771
cognitive_disabilities,pythia-2.8b,natural,random_020,"[[26, 9], [28, 4], [29, 24], [30, 13], [31, 15]]",2.1214073058217764e-06,False,10189,9.229162126216771
cognitive_disabilities,pythia-2.8b,natural,random_021,"[[23, 19], [25, 11], [26, 24], [27, 27], [29, 6]]",9.475734259467572e-07,False,10189,9.229162126216771
cognitive_disabilities,pythia-2.8b,natural,random_022,"[[25, 12], [26, 9], [26, 13], [31, 12], [31, 14]]",3.08233211399056e-07,False,10189,9.229162126216771
cognitive_disabilities,pythia-2.8b,natural,random_023,"[[25, 9], [26, 8], [28, 22], [29, 28], [30, 20]]",1.707329647615552e-05,False,10189,9.229162126216771
cognitive_disabilities,pythia-2.8b,natural,random_024,"[[22, 8], [23, 19], [23, 23], [29, 22], [31, 6]]",6.710615707561374e-07,False,10189,9.229162126216771
cognitive_disabilities,pythia-2.8b,natural,random_025,"[[25, 7], [28, 11], [29, 22], [30, 14], [31, 30]]",7.1413523983210325e-06,False,10189,9.229162126216771
cognitive_disabilities,pythia-2.8b,natural,random_026,"[[22, 1], [23, 5], [24, 20], [27, 1], [28, 7]]",0.0019713605288416147,False,10189,9.229162126216771
cognitive_disabilities,pythia-2.8b,natural,random_027,"[[23, 28], [26, 4], [28, 16], [29, 27], [31, 8]]",8.178758434951305e-06,False,10189,9.229162126216771
cognitive_disabilities,pythia-2.8b,natural,random_028,"[[23, 12], [24, 20], [25, 12], [26, 24], [31, 22]]",3.919913433492184e-05,False,10189,9.229162126216771
cognitive_disabilities,pythia-2.8b,natural,random_029,"[[22, 12], [24, 7], [25, 25], [26, 18], [30, 2]]",7.307535270228982e-07,False,10189,9.229162126216771
cognitive_disabilities,pythia-2.8b,natural,random_030,"[[22, 13], [26, 5], [28, 15], [28, 30], [31, 15]]",1.68296683114022e-05,False,10189,9.229162126216771
cognitive_disabilities,pythia-2.8b,natural,random_031,"[[25, 1], [26, 24], [27, 22], [28, 27], [29, 24]]",1.5195546438917518e-06,False,10189,9.229162126216771
cognitive_disabilities,pythia-2.8b,natural,random_032,"[[23, 18], [24, 27], [26, 22], [27, 25], [31, 30]]",5.167385097593069e-07,False,10189,9.229162126216771
cognitive_disabilities,pythia-2.8b,natural,random_033,"[[25, 10], [28, 1], [29, 20], [30, 23], [31, 4]]",2.2269145119935274e-05,False,10189,9.229162126216771
cognitive_disabilities,pythia-2.8b,natural,random_034,"[[24, 29], [26, 2], [28, 19], [29, 17], [30, 31]]",1.8855935195460916e-05,False,10189,9.229162126216771
cognitive_disabilities,pythia-2.8b,natural,random_035,"[[23, 28], [27, 3], [28, 14], [28, 20], [31, 18]]",3.154011210426688e-06,False,10189,9.229162126216771
cognitive_disabilities,pythia-2.8b,natural,random_036,"[[23, 5], [24, 13], [24, 18], [25, 4], [27, 24]]",0.0019202717812731862,False,10189,9.229162126216771
cognitive_disabilities,pythia-2.8b,natural,random_037,"[[22, 30], [23, 16], [25, 8], [27, 18], [30, 8]]",3.4132390283048153e-06,False,10189,9.229162126216771
cognitive_disabilities,pythia-2.8b,natural,random_038,"[[22, 1], [24, 12], [25, 19], [26, 14], [26, 18]]",4.6612927690148354e-05,False,10189,9.229162126216771
cognitive_disabilities,pythia-2.8b,natural,random_039,"[[27, 10], [27, 27], [28, 7], [31, 5], [31, 9]]",1.1969154002144933e-05,False,10189,9.229162126216771
cognitive_disabilities,pythia-2.8b,natural,random_040,"[[22, 3], [24, 0], [25, 11], [29, 8], [30, 1]]",1.0244897566735744e-05,False,10189,9.229162126216771
cognitive_disabilities,pythia-2.8b,natural,random_041,"[[24, 7], [29, 8], [29, 15], [30, 28], [31, 24]]",1.0608404409140348e-05,False,10189,9.229162126216771
cognitive_disabilities,pythia-2.8b,natural,random_042,"[[22, 31], [23, 10], [30, 0], [31, 20], [31, 28]]",3.4022195904981345e-06,False,10189,9.229162126216771
cognitive_disabilities,pythia-2.8b,natural,random_043,"[[23, 29], [24, 2], [26, 8], [30, 0], [31, 24]]",2.1183426724746823e-05,False,10189,9.229162126216771
cognitive_disabilities,pythia-2.8b,natural,random_044,"[[22, 9], [24, 27], [26, 15], [26, 27], [30, 28]]",2.868921001208946e-06,False,10189,9.229162126216771
cognitive_disabilities,pythia-2.8b,natural,random_045,"[[23, 12], [26, 20], [28, 22], [29, 0], [31, 31]]",3.1399846193380654e-05,False,10189,9.229162126216771
cognitive_disabilities,pythia-2.8b,natural,random_046,"[[23, 3], [24, 3], [26, 12], [29, 19], [31, 11]]",1.8014543456956744e-06,False,10189,9.229162126216771
cognitive_disabilities,pythia-2.8b,natural,random_047,"[[24, 11], [24, 23], [26, 1], [26, 17], [26, 25]]",1.1973883374594152e-05,False,10189,9.229162126216771
cognitive_disabilities,pythia-2.8b,natural,random_048,"[[24, 22], [29, 16], [29, 18], [30, 16], [30, 26]]",2.477050293236971e-05,False,10189,9.229162126216771
cognitive_disabilities,pythia-2.8b,natural,random_049,"[[25, 4], [27, 9], [28, 9], [30, 17], [31, 26]]",2.1248706616461277e-06,False,10189,9.229162126216771
cognitive_disabilities,pythia-2.8b,natural,random_050,"[[22, 13], [25, 23], [27, 3], [29, 28], [31, 24]]",4.235364031046629e-06,False,10189,9.229162126216771
cognitive_disabilities,pythia-2.8b,natural,random_051,"[[22, 7], [23, 18], [24, 22], [29, 5], [31, 29]]",7.363923941738904e-07,False,10189,9.229162126216771
cognitive_disabilities,pythia-2.8b,natural,random_052,"[[24, 20], [26, 25], [27, 13], [28, 10], [29, 27]]",1.7743936041370034e-05,False,10189,9.229162126216771
cognitive_disabilities,pythia-2.8b,natural,random_053,"[[22, 24], [26, 17], [26, 22], [27, 17], [31, 10]]",4.019879270344973e-06,False,10189,9.229162126216771
cognitive_disabilities,pythia-2.8b,natural,random_054,"[[23, 30], [24, 5], [25, 30], [26, 15], [28, 2]]",6.368802860379219e-05,False,10189,9.229162126216771
cognitive_disabilities,pythia-2.8b,natural,random_055,"[[25, 22], [28, 24], [29, 12], [31, 16], [31, 21]]",1.2444506864994764e-05,False,10189,9.229162126216771
cognitive_disabilities,pythia-2.8b,natural,random_056,"[[23, 29], [24, 15], [26, 22], [28, 31], [30, 2]]",0.00016866499208845198,False,10189,9.229162126216771
cognitive_disabilities,pythia-2.8b,natural,random_057,"[[22, 21], [25, 15], [28, 1], [28, 4], [28, 30]]",6.329896859824657e-05,False,10189,9.229162126216771
cognitive_disabilities,pythia-2.8b,natural,random_058,"[[22, 1], [26, 16], [26, 26], [29, 17], [31, 29]]",9.604300430510193e-07,False,10189,9.229162126216771
cognitive_disabilities,pythia-2.8b,natural,random_059,"[[24, 2], [24, 31], [27, 11], [29, 27], [30, 25]]",5.324254743754864e-06,False,10189,9.229162126216771
cognitive_disabilities,pythia-2.8b,natural,random_060,"[[22, 6], [27, 3], [27, 21], [28, 30], [31, 4]]",5.7976460084319115e-05,False,10189,9.229162126216771
cognitive_disabilities,pythia-2.8b,natural,random_061,"[[23, 4], [24, 29], [26, 9], [30, 24], [31, 12]]",2.6930138119496405e-06,False,10189,9.229162126216771
cognitive_disabilities,pythia-2.8b,natural,random_062,"[[22, 31], [23, 28], [25, 6], [27, 12], [29, 25]]",1.1830488801933825e-06,False,10189,9.229162126216771
cognitive_disabilities,pythia-2.8b,natural,random_063,"[[24, 7], [27, 3], [27, 17], [27, 31], [28, 23]]",1.6870653780642897e-06,False,10189,9.229162126216771
cognitive_disabilities,pythia-2.8b,natural,random_064,"[[26, 7], [26, 30], [28, 30], [29, 9], [31, 11]]",1.3743789168074727e-05,False,10189,9.229162126216771
cognitive_disabilities,pythia-2.8b,natural,random_065,"[[22, 23], [26, 7], [27, 18], [27, 31], [28, 25]]",1.1793472367571667e-06,False,10189,9.229162126216771
cognitive_disabilities,pythia-2.8b,natural,random_066,"[[28, 25], [29, 5], [29, 17], [29, 25], [30, 5]]",1.1356023605912924e-06,False,10189,9.229162126216771
cognitive_disabilities,pythia-2.8b,natural,random_067,"[[23, 15], [24, 31], [27, 8], [28, 29], [30, 4]]",6.841582944616675e-06,False,10189,9.229162126216771
cognitive_disabilities,pythia-2.8b,natural,random_068,"[[25, 25], [26, 9], [28, 8], [28, 29], [30, 20]]",4.0196755435317755e-07,False,10189,9.229162126216771
cognitive_disabilities,pythia-2.8b,natural,random_069,"[[22, 21], [23, 7], [25, 0], [27, 2], [29, 1]]",1.022205651679542e-06,False,10189,9.229162126216771
cognitive_disabilities,pythia-2.8b,natural,random_070,"[[22, 17], [23, 15], [23, 23], [28, 25], [29, 0]]",5.482055712491274e-06,False,10189,9.229162126216771
cognitive_disabilities,pythia-2.8b,natural,random_071,"[[24, 29], [25, 30], [28, 19], [29, 14], [30, 26]]",1.3687880709767342e-05,False,10189,9.229162126216771
cognitive_disabilities,pythia-2.8b,natural,random_072,"[[23, 15], [26, 9], [26, 14], [26, 28], [30, 13]]",2.994303940795362e-06,False,10189,9.229162126216771
cognitive_disabilities,pythia-2.8b,natural,random_073,"[[24, 6], [26, 10], [28, 3], [29, 10], [30, 26]]",1.8119171727448702e-06,False,10189,9.229162126216771
cognitive_disabilities,pythia-2.8b,natural,random_074,"[[22, 3], [22, 6], [28, 11], [29, 2], [29, 22]]",4.02004225179553e-05,False,10189,9.229162126216771
cognitive_disabilities,pythia-2.8b,natural,random_075,"[[22, 24], [24, 12], [26, 18], [27, 14], [30, 31]]",4.59428847534582e-05,False,10189,9.229162126216771
cognitive_disabilities,pythia-2.8b,natural,random_076,"[[24, 4], [29, 1], [29, 25], [30, 19], [31, 18]]",1.5261612134054303e-06,False,10189,9.229162126216771
cognitive_disabilities,pythia-2.8b,natural,random_077,"[[23, 14], [24, 2], [24, 17], [25, 5], [27, 18]]",1.3299999409355223e-05,False,10189,9.229162126216771
cognitive_disabilities,pythia-2.8b,natural,random_078,"[[22, 29], [29, 1], [29, 2], [29, 5], [31, 16]]",2.555592800490558e-06,False,10189,9.229162126216771
cognitive_disabilities,pythia-2.8b,natural,random_079,"[[26, 7], [26, 21], [26, 27], [28, 9], [28, 20]]",6.59321085549891e-06,False,10189,9.229162126216771
cognitive_disabilities,pythia-2.8b,natural,random_080,"[[24, 1], [28, 22], [30, 22], [31, 4], [31, 7]]",7.8753218986094e-06,False,10189,9.229162126216771
cognitive_disabilities,pythia-2.8b,natural,random_081,"[[22, 19], [25, 25], [26, 19], [27, 6], [31, 29]]",6.3416664488613605e-06,False,10189,9.229162126216771
cognitive_disabilities,pythia-2.8b,natural,random_082,"[[24, 1], [24, 11], [25, 22], [25, 28], [27, 15]]",5.767615220975131e-06,False,10189,9.229162126216771
cognitive_disabilities,pythia-2.8b,natural,random_083,"[[22, 10], [24, 12], [25, 5], [27, 4], [27, 12]]",3.947704681195319e-05,False,10189,9.229162126216771
cognitive_disabilities,pythia-2.8b,natural,random_084,"[[23, 14], [25, 16], [25, 19], [28, 26], [31, 23]]",1.5615005395375192e-06,False,10189,9.229162126216771
cognitive_disabilities,pythia-2.8b,natural,random_085,"[[23, 30], [24, 6], [25, 6], [25, 28], [31, 20]]",2.018336090259254e-06,False,10189,9.229162126216771
cognitive_disabilities,pythia-2.8b,natural,random_086,"[[22, 14], [24, 20], [24, 30], [27, 18], [30, 5]]",6.579241016879678e-06,False,10189,9.229162126216771
cognitive_disabilities,pythia-2.8b,natural,random_087,"[[22, 31], [23, 17], [25, 8], [29, 19], [31, 11]]",9.463401511311531e-07,False,10189,9.229162126216771
cognitive_disabilities,pythia-2.8b,natural,random_088,"[[22, 3], [22, 19], [23, 10], [27, 1], [31, 12]]",5.752328434027731e-06,False,10189,9.229162126216771
cognitive_disabilities,pythia-2.8b,natural,random_089,"[[22, 17], [26, 17], [27, 18], [30, 30], [31, 31]]",8.202841854654253e-07,False,10189,9.229162126216771
cognitive_disabilities,pythia-2.8b,natural,random_090,"[[24, 19], [27, 8], [29, 9], [30, 2], [30, 17]]",2.4331966415047646e-06,False,10189,9.229162126216771
cognitive_disabilities,pythia-2.8b,natural,random_091,"[[24, 19], [25, 4], [29, 3], [29, 23], [31, 7]]",6.849149940535426e-07,False,10189,9.229162126216771
cognitive_disabilities,pythia-2.8b,natural,random_092,"[[24, 14], [26, 18], [28, 20], [29, 14], [29, 19]]",1.8829741748049855e-06,False,10189,9.229162126216771
cognitive_disabilities,pythia-2.8b,natural,random_093,"[[24, 6], [27, 20], [28, 16], [30, 0], [30, 13]]",3.734574420377612e-06,False,10189,9.229162126216771
cognitive_disabilities,pythia-2.8b,natural,random_094,"[[23, 4], [23, 7], [25, 31], [26, 21], [29, 26]]",1.488660927861929e-06,False,10189,9.229162126216771
cognitive_disabilities,pythia-2.8b,natural,random_095,"[[22, 4], [25, 4], [25, 7], [27, 27], [28, 6]]",1.9583094399422407e-06,False,10189,9.229162126216771
cognitive_disabilities,pythia-2.8b,natural,random_096,"[[22, 3], [26, 2], [28, 17], [29, 14], [31, 22]]",3.183289663866162e-05,False,10189,9.229162126216771
cognitive_disabilities,pythia-2.8b,natural,random_097,"[[23, 19], [23, 25], [26, 5], [29, 31], [31, 5]]",6.303016562014818e-06,False,10189,9.229162126216771
cognitive_disabilities,pythia-2.8b,natural,random_098,"[[24, 7], [25, 4], [27, 24], [28, 19], [29, 25]]",1.1735595762729645e-05,False,10189,9.229162126216771
cognitive_disabilities,pythia-2.8b,natural,random_099,"[[24, 28], [27, 6], [28, 12], [30, 26], [31, 8]]",7.862690836191177e-07,False,10189,9.229162126216771
cognitive_disabilities,pythia-2.8b,natural,random_100,"[[24, 26], [25, 6], [25, 26], [30, 18], [31, 26]]",2.8518043109215796e-06,False,10189,9.229162126216771
closed_captions,pythia-2.8b,natural,random_001,"[[25, 18], [26, 11], [26, 12], [27, 24], [31, 17]]",8.298593456856906e-07,False,7942,8.980046316633132
closed_captions,pythia-2.8b,natural,random_002,"[[22, 7], [25, 21], [26, 2], [27, 12], [30, 23]]",2.914181095547974e-06,False,7942,8.980046316633132
closed_captions,pythia-2.8b,natural,random_003,"[[22, 5], [23, 9], [26, 3], [26, 12], [31, 8]]",1.3923825463280082e-05,False,7942,8.980046316633132
closed_captions,pythia-2.8b,natural,random_004,"[[22, 6], [23, 20], [26, 7], [27, 1], [31, 13]]",2.8968730475753546e-05,False,7942,8.980046316633132
closed_captions,pythia-2.8b,natural,random_005,"[[23, 15], [24, 21], [27, 10], [27, 26], [28, 4]]",8.338043699041009e-06,False,7942,8.980046316633132
closed_captions,pythia-2.8b,natural,random_006,"[[23, 14], [26, 26], [27, 29], [28, 16], [31, 17]]",5.21852052770555e-06,False,7942,8.980046316633132
closed_captions,pythia-2.8b,natural,random_007,"[[23, 28], [24, 4], [28, 0], [28, 15], [30, 9]]",2.3305765353143215e-06,False,7942,8.980046316633132
closed_captions,pythia-2.8b,natural,random_008,"[[27, 19], [28, 1], [28, 27], [30, 3], [30, 21]]",3.618196933530271e-05,False,7942,8.980046316633132
closed_captions,pythia-2.8b,natural,random_009,"[[25, 5], [26, 27], [28, 2], [29, 28], [30, 20]]",4.472082946449518e-05,False,7942,8.980046316633132
closed_captions,pythia-2.8b,natural,random_010,"[[22, 22], [22, 24], [25, 24], [30, 24], [31, 11]]",9.590983972884715e-05,False,7942,8.980046316633132
closed_captions,pythia-2.8b,natural,random_011,"[[22, 10], [24, 0], [28, 30], [30, 18], [31, 30]]",2.8672919142991304e-05,False,7942,8.980046316633132
closed_captions,pythia-2.8b,natural,random_012,"[[25, 18], [27, 3], [27, 13], [28, 29], [30, 22]]",1.238493132404983e-05,False,7942,8.980046316633132
closed_captions,pythia-2.8b,natural,random_013,"[[24, 15], [28, 20], [28, 28], [30, 17], [31, 21]]",9.954068809747696e-05,False,7942,8.980046316633132
closed_captions,pythia-2.8b,natural,random_014,"[[23, 8], [25, 10], [27, 19], [27, 28], [31, 4]]",1.8587015802040696e-05,False,7942,8.980046316633132
closed_captions,pythia-2.8b,natural,random_015,"[[26, 21], [29, 28], [30, 28], [31, 19], [31, 23]]",1.1436139175202698e-05,False,7942,8.980046316633132
closed_captions,pythia-2.8b,natural,random_016,"[[24, 27], [26, 23], [28, 21], [29, 13], [30, 26]]",8.712158887647092e-06,False,7942,8.980046316633132
closed_captions,pythia-2.8b,natural,random_017,"[[23, 19], [25, 25], [28, 17], [30, 3], [30, 4]]",9.167694952338934e-05,False,7942,8.980046316633132
closed_captions,pythia-2.8b,natural,random_018,"[[22, 28], [24, 12], [26, 2], [26, 16], [26, 26]]",1.3752869563177228e-05,False,7942,8.980046316633132
closed_captions,pythia-2.8b,natural,random_019,"[[23, 21], [24, 26], [26, 19], [28, 29], [31, 3]]",2.1786981960758567e-06,False,7942,8.980046316633132
closed_captions,pythia-2.8b,natural,random_020,"[[26, 9], [28, 4], [29, 24], [30, 13], [31, 15]]",3.042696334887296e-06,False,7942,8.980046316633132
closed_captions,pythia-2.8b,natural,random_021,"[[23, 19], [25, 11], [26, 24], [27, 27], [29, 6]]",1.0827730875462294e-05,False,7942,8.980046316633132
closed_captions,pythia-2.8b,natural,random_022,"[[25, 12], [26, 9], [26, 13], [31, 12], [31, 14]]",4.2487226892262697e-07,False,7942,8.980046316633132
closed_captions,pythia-2.8b,natural,random_023,"[[25, 9], [26, 8], [28, 22], [29, 28], [30, 20]]",2.1088708308525383e-05,False,7942,8.980046316633132
closed_captions,pythia-2.8b,natural,random_024,"[[22, 8], [23, 19], [23, 23], [29, 22], [31, 6]]",2.9021321097388864e-06,False,7942,8.980046316633132
closed_captions,pythia-2.8b,natural,random_025,"[[25, 7], [28, 11], [29, 22], [30, 14], [31, 30]]",1.2215801689308137e-05,False,7942,8.980046316633132
closed_captions,pythia-2.8b,natural,random_026,"[[22, 1], [23, 5], [24, 20], [27, 1], [28, 7]]",0.00473831407725811,False,7942,8.980046316633132
closed_captions,pythia-2.8b,natural,random_027,"[[23, 28], [26, 4], [28, 16], [29, 27], [31, 8]]",1.530320878373459e-05,False,7942,8.980046316633132
closed_captions,pythia-2.8b,natural,random_028,"[[23, 12], [24, 20], [25, 12], [26, 24], [31, 22]]",6.873521488159895e-05,False,7942,8.980046316633132
closed_captions,pythia-2.8b,natural,random_029,"[[22, 12], [24, 7], [25, 25], [26, 18], [30, 2]]",1.1239899322390556e-06,False,7942,8.980046316633132
closed_captions,pythia-2.8b,natural,random_030,"[[22, 13], [26, 5], [28, 15], [28, 30], [31, 15]]",3.642943920567632e-05,False,7942,8.980046316633132
closed_captions,pythia-2.8b,natural,random_031,"[[25, 1], [26, 24], [27, 22], [28, 27], [29, 24]]",1.5522964531555772e-06,False,7942,8.980046316633132
closed_captions,pythia-2.8b,natural,random_032,"[[23, 18], [24, 27], [26, 22], [27, 25], [31, 30]]",3.423112502787262e-06,False,7942,8.980046316633132
closed_captions,pythia-2.8b,natural,random_033,"[[25, 10], [28, 1], [29, 20], [30, 23], [31, 4]]",3.054921398870647e-05,False,7942,8.980046316633132
closed_captions,pythia-2.8b,natural,random_034,"[[24, 29], [26, 2], [28, 19], [29, 17], [30, 31]]",7.854585419408977e-06,False,7942,8.980046316633132
closed_captions,pythia-2.8b,natural,random_035,"[[23, 28], [27, 3], [28, 14], [28, 20], [31, 18]]",3.731867764145136e-06,False,7942,8.980046316633132
closed_captions,pythia-2.8b,natural,random_036,"[[23, 5], [24, 13], [24, 18], [25, 4], [27, 24]]",0.004710567649453878,False,7942,8.980046316633132
closed_captions,pythia-2.8b,natural,random_037,"[[22, 30], [23, 16], [25, 8], [27, 18], [30, 8]]",3.9805672713555396e-06,False,7942,8.980046316633132
closed_captions,pythia-2.8b,natural,random_038,"[[22, 1], [24, 12], [25, 19], [26, 14], [26, 18]]",1.3944540114607662e-05,False,7942,8.980046316633132
closed_captions,pythia-2.8b,natural,random_039,"[[27, 10], [27, 27], [28, 7], [31, 5], [31, 9]]",2.8496200684458017e-05,False,7942,8.980046316633132
closed_captions,pythia-2.8b,natural,random_040,"[[22, 3], [24, 0], [25, 11], [29, 8], [30, 1]]",4.608779272530228e-05,False,7942,8.980046316633132
closed_captions,pythia-2.8b,natural,random_041,"[[24, 7], [29, 8], [29, 15], [30, 28], [31, 24]]",4.9528200179338455e-05,False,7942,8.980046316633132
closed_captions,pythia-2.8b,natural,random_042,"[[22, 31], [23, 10], [30, 0], [31, 20], [31, 28]]",1.475554017815739e-05,False,7942,8.980046316633132
closed_captions,pythia-2.8b,natural,random_043,"[[23, 29], [24, 2], [26, 8], [30, 0], [31, 24]]",8.407694986090064e-05,False,7942,8.980046316633132
closed_captions,pythia-2.8b,natural,random_044,"[[22, 9], [24, 27], [26, 15], [26, 27], [30, 28]]",4.60789306089282e-06,False,7942,8.980046316633132
closed_captions,pythia-2.8b,natural,random_045,"[[23, 12], [26, 20], [28, 22], [29, 0], [31, 31]]",9.392393985763192e-05,False,7942,8.980046316633132
closed_captions,pythia-2.8b,natural,random_046,"[[23, 3], [24, 3], [26, 12], [29, 19], [31, 11]]",1.690765202511102e-06,False,7942,8.980046316633132
closed_captions,pythia-2.8b,natural,random_047,"[[24, 11], [24, 23], [26, 1], [26, 17], [26, 25]]",4.106730921193957e-05,False,7942,8.980046316633132
closed_captions,pythia-2.8b,natural,random_048,"[[24, 22], [29, 16], [29, 18], [30, 16], [30, 26]]",3.94710004911758e-05,False,7942,8.980046316633132
closed_captions,pythia-2.8b,natural,random_049,"[[25, 4], [27, 9], [28, 9], [30, 17], [31, 26]]",1.2846510799136013e-05,False,7942,8.980046316633132
closed_captions,pythia-2.8b,natural,random_050,"[[22, 13], [25, 23], [27, 3], [29, 28], [31, 24]]",9.20590537134558e-06,False,7942,8.980046316633132
closed_captions,pythia-2.8b,natural,random_051,"[[22, 7], [23, 18], [24, 22], [29, 5], [31, 29]]",3.1485906220041215e-06,False,7942,8.980046316633132
closed_captions,pythia-2.8b,natural,random_052,"[[24, 20], [26, 25], [27, 13], [28, 10], [29, 27]]",2.621352905407548e-05,False,7942,8.980046316633132
closed_captions,pythia-2.8b,natural,random_053,"[[22, 24], [26, 17], [26, 22], [27, 17], [31, 10]]",4.8040528781712055e-06,False,7942,8.980046316633132
closed_captions,pythia-2.8b,natural,random_054,"[[23, 30], [24, 5], [25, 30], [26, 15], [28, 2]]",3.068411024287343e-05,False,7942,8.980046316633132
closed_captions,pythia-2.8b,natural,random_055,"[[25, 22], [28, 24], [29, 12], [31, 16], [31, 21]]",2.618526923470199e-05,False,7942,8.980046316633132
closed_captions,pythia-2.8b,natural,random_056,"[[23, 29], [24, 15], [26, 22], [28, 31], [30, 2]]",0.0001407180679962039,False,7942,8.980046316633132
closed_captions,pythia-2.8b,natural,random_057,"[[22, 21], [25, 15], [28, 1], [28, 4], [28, 30]]",0.00017831800505518913,False,7942,8.980046316633132
closed_captions,pythia-2.8b,natural,random_058,"[[22, 1], [26, 16], [26, 26], [29, 17], [31, 29]]",1.4936813386157155e-06,False,7942,8.980046316633132
closed_captions,pythia-2.8b,natural,random_059,"[[24, 2], [24, 31], [27, 11], [29, 27], [30, 25]]",1.3620214303955436e-05,False,7942,8.980046316633132
closed_captions,pythia-2.8b,natural,random_060,"[[22, 6], [27, 3], [27, 21], [28, 30], [31, 4]]",0.0004572831094264984,False,7942,8.980046316633132
closed_captions,pythia-2.8b,natural,random_061,"[[23, 4], [24, 29], [26, 9], [30, 24], [31, 12]]",1.3336648407857865e-06,False,7942,8.980046316633132
closed_captions,pythia-2.8b,natural,random_062,"[[22, 31], [23, 28], [25, 6], [27, 12], [29, 25]]",2.9158327379263937e-06,False,7942,8.980046316633132
closed_captions,pythia-2.8b,natural,random_063,"[[24, 7], [27, 3], [27, 17], [27, 31], [28, 23]]",4.135217750445008e-06,False,7942,8.980046316633132
closed_captions,pythia-2.8b,natural,random_064,"[[26, 7], [26, 30], [28, 30], [29, 9], [31, 11]]",3.2986223232001066e-05,False,7942,8.980046316633132
closed_captions,pythia-2.8b,natural,random_065,"[[22, 23], [26, 7], [27, 18], [27, 31], [28, 25]]",5.8603436627890915e-06,False,7942,8.980046316633132
closed_captions,pythia-2.8b,natural,random_066,"[[28, 25], [29, 5], [29, 17], [29, 25], [30, 5]]",2.3845204850658774e-06,False,7942,8.980046316633132
closed_captions,pythia-2.8b,natural,random_067,"[[23, 15], [24, 31], [27, 8], [28, 29], [30, 4]]",1.107083517126739e-05,False,7942,8.980046316633132
closed_captions,pythia-2.8b,natural,random_068,"[[25, 25], [26, 9], [28, 8], [28, 29], [30, 20]]",8.594724931754172e-08,False,7942,8.980046316633132
closed_captions,pythia-2.8b,natural,random_069,"[[22, 21], [23, 7], [25, 0], [27, 2], [29, 1]]",2.75543425232172e-06,False,7942,8.980046316633132
closed_captions,pythia-2.8b,natural,random_070,"[[22, 17], [23, 15], [23, 23], [28, 25], [29, 0]]",1.7247453797608614e-05,False,7942,8.980046316633132
closed_captions,pythia-2.8b,natural,random_071,"[[24, 29], [25, 30], [28, 19], [29, 14], [30, 26]]",3.129680408164859e-06,False,7942,8.980046316633132
closed_captions,pythia-2.8b,natural,random_072,"[[23, 15], [26, 9], [26, 14], [26, 28], [30, 13]]",7.350521627813578e-06,False,7942,8.980046316633132
closed_captions,pythia-2.8b,natural,random_073,"[[24, 6], [26, 10], [28, 3], [29, 10], [30, 26]]",3.206252586096525e-06,False,7942,8.980046316633132
closed_captions,pythia-2.8b,natural,random_074,"[[22, 3], [22, 6], [28, 11], [29, 2], [29, 22]]",3.1041738111525774e-05,False,7942,8.980046316633132
closed_captions,pythia-2.8b,natural,random_075,"[[22, 24], [24, 12], [26, 18], [27, 14], [30, 31]]",1.7107653548009694e-05,False,7942,8.980046316633132
closed_captions,pythia-2.8b,natural,random_076,"[[24, 4], [29, 1], [29, 25], [30, 19], [31, 18]]",1.347705619991757e-06,False,7942,8.980046316633132
closed_captions,pythia-2.8b,natural,random_077,"[[23, 14], [24, 2], [24, 17], [25, 5], [27, 18]]",3.8333237171173096e-06,False,7942,8.980046316633132
closed_captions,pythia-2.8b,natural,random_078,"[[22, 29], [29, 1], [29, 2], [29, 5], [31, 16]]",1.6638114175293595e-06,False,7942,8.980046316633132
closed_captions,pythia-2.8b,natural,random_079,"[[26, 7], [26, 21], [26, 27], [28, 9], [28, 20]]",1.3084762031212449e-05,False,7942,8.980046316633132
closed_captions,pythia-2.8b,natural,random_080,"[[24, 1], [28, 22], [30, 22], [31, 4], [31, 7]]",9.709387086331844e-06,False,7942,8.980046316633132
closed_captions,pythia-2.8b,natural,random_081,"[[22, 19], [25, 25], [26, 19], [27, 6], [31, 29]]",2.1187006495893e-05,False,7942,8.980046316633132
closed_captions,pythia-2.8b,natural,random_082,"[[24, 1], [24, 11], [25, 22], [25, 28], [27, 15]]",1.3829390809405595e-05,False,7942,8.980046316633132
closed_captions,pythia-2.8b,natural,random_083,"[[22, 10], [24, 12], [25, 5], [27, 4], [27, 12]]",1.2931734090670943e-05,False,7942,8.980046316633132
closed_captions,pythia-2.8b,natural,random_084,"[[23, 14], [25, 16], [25, 19], [28, 26], [31, 23]]",4.561603418551385e-06,False,7942,8.980046316633132
closed_captions,pythia-2.8b,natural,random_085,"[[23, 30], [24, 6], [25, 6], [25, 28], [31, 20]]",3.4148251870647073e-06,False,7942,8.980046316633132
closed_captions,pythia-2.8b,natural,random_086,"[[22, 14], [24, 20], [24, 30], [27, 18], [30, 5]]",9.949319064617157e-06,False,7942,8.980046316633132
closed_captions,pythia-2.8b,natural,random_087,"[[22, 31], [23, 17], [25, 8], [29, 19], [31, 11]]",1.783428160706535e-06,False,7942,8.980046316633132
closed_captions,pythia-2.8b,natural,random_088,"[[22, 3], [22, 19], [23, 10], [27, 1], [31, 12]]",2.0173320081084967e-05,False,7942,8.980046316633132
closed_captions,pythia-2.8b,natural,random_089,"[[22, 17], [26, 17], [27, 18], [30, 30], [31, 31]]",2.481730916770175e-06,False,7942,8.980046316633132
closed_captions,pythia-2.8b,natural,random_090,"[[24, 19], [27, 8], [29, 9], [30, 2], [30, 17]]",4.644767614081502e-06,False,7942,8.980046316633132
closed_captions,pythia-2.8b,natural,random_091,"[[24, 19], [25, 4], [29, 3], [29, 23], [31, 7]]",2.7236783353146166e-06,False,7942,8.980046316633132
closed_captions,pythia-2.8b,natural,random_092,"[[24, 14], [26, 18], [28, 20], [29, 14], [29, 19]]",1.3953904272057116e-06,False,7942,8.980046316633132
closed_captions,pythia-2.8b,natural,random_093,"[[24, 6], [27, 20], [28, 16], [30, 0], [30, 13]]",1.0193209163844585e-05,False,7942,8.980046316633132
closed_captions,pythia-2.8b,natural,random_094,"[[23, 4], [23, 7], [25, 31], [26, 21], [29, 26]]",4.357185389380902e-06,False,7942,8.980046316633132
closed_captions,pythia-2.8b,natural,random_095,"[[22, 4], [25, 4], [25, 7], [27, 27], [28, 6]]",8.757066098041832e-06,False,7942,8.980046316633132
closed_captions,pythia-2.8b,natural,random_096,"[[22, 3], [26, 2], [28, 17], [29, 14], [31, 22]]",7.330247899517417e-05,False,7942,8.980046316633132
closed_captions,pythia-2.8b,natural,random_097,"[[23, 19], [23, 25], [26, 5], [29, 31], [31, 5]]",1.9892308046109974e-05,False,7942,8.980046316633132
closed_captions,pythia-2.8b,natural,random_098,"[[24, 7], [25, 4], [27, 24], [28, 19], [29, 25]]",4.7800422180444e-06,False,7942,8.980046316633132
closed_captions,pythia-2.8b,natural,random_099,"[[24, 28], [27, 6], [28, 12], [30, 26], [31, 8]]",3.9824226405471563e-07,False,7942,8.980046316633132
closed_captions,pythia-2.8b,natural,random_100,"[[24, 26], [25, 6], [25, 26], [30, 18], [31, 26]]",2.009212039411068e-06,False,7942,8.980046316633132
target_size,pythia-2.8b,natural,random_001,"[[25, 18], [26, 11], [26, 12], [27, 24], [31, 17]]",2.3963002604432404e-06,False,21981,9.997979215628845
target_size,pythia-2.8b,natural,random_002,"[[22, 7], [25, 21], [26, 2], [27, 12], [30, 23]]",2.7628266252577305e-06,False,21981,9.997979215628845
target_size,pythia-2.8b,natural,random_003,"[[22, 5], [23, 9], [26, 3], [26, 12], [31, 8]]",1.1854630429297686e-05,False,21981,9.997979215628845
target_size,pythia-2.8b,natural,random_004,"[[22, 6], [23, 20], [26, 7], [27, 1], [31, 13]]",1.890690327854827e-05,False,21981,9.997979215628845
target_size,pythia-2.8b,natural,random_005,"[[23, 15], [24, 21], [27, 10], [27, 26], [28, 4]]",3.2245443435385823e-06,False,21981,9.997979215628845
target_size,pythia-2.8b,natural,random_006,"[[23, 14], [26, 26], [27, 29], [28, 16], [31, 17]]",3.3838514355011284e-06,False,21981,9.997979215628845
target_size,pythia-2.8b,natural,random_007,"[[23, 28], [24, 4], [28, 0], [28, 15], [30, 9]]",1.0544608812779188e-06,False,21981,9.997979215628845
target_size,pythia-2.8b,natural,random_008,"[[27, 19], [28, 1], [28, 27], [30, 3], [30, 21]]",4.478992195799947e-06,False,21981,9.997979215628845
target_size,pythia-2.8b,natural,random_009,"[[25, 5], [26, 27], [28, 2], [29, 28], [30, 20]]",5.683267954736948e-05,False,21981,9.997979215628845
target_size,pythia-2.8b,natural,random_010,"[[22, 22], [22, 24], [25, 24], [30, 24], [31, 11]]",3.19339451380074e-05,False,21981,9.997979215628845
target_size,pythia-2.8b,natural,random_011,"[[22, 10], [24, 0], [28, 30], [30, 18], [31, 30]]",3.5184057196602225e-06,False,21981,9.997979215628845
target_size,pythia-2.8b,natural,random_012,"[[25, 18], [27, 3], [27, 13], [28, 29], [30, 22]]",1.6601487004663795e-05,False,21981,9.997979215628845
target_size,pythia-2.8b,natural,random_013,"[[24, 15], [28, 20], [28, 28], [30, 17], [31, 21]]",0.0001917652552947402,False,21981,9.997979215628845
target_size,pythia-2.8b,natural,random_014,"[[23, 8], [25, 10], [27, 19], [27, 28], [31, 4]]",2.086312451865524e-05,False,21981,9.997979215628845
target_size,pythia-2.8b,natural,random_015,"[[26, 21], [29, 28], [30, 28], [31, 19], [31, 23]]",1.742196036502719e-05,False,21981,9.997979215628845
target_size,pythia-2.8b,natural,random_016,"[[24, 27], [26, 23], [28, 21], [29, 13], [30, 26]]",1.872109714895487e-05,False,21981,9.997979215628845
target_size,pythia-2.8b,natural,random_017,"[[23, 19], [25, 25], [28, 17], [30, 3], [30, 4]]",6.113710696808994e-06,False,21981,9.997979215628845
target_size,pythia-2.8b,natural,random_018,"[[22, 28], [24, 12], [26, 2], [26, 16], [26, 26]]",6.265232514124364e-06,False,21981,9.997979215628845
target_size,pythia-2.8b,natural,random_019,"[[23, 21], [24, 26], [26, 19], [28, 29], [31, 3]]",4.168294253759086e-06,False,21981,9.997979215628845
target_size,pythia-2.8b,natural,random_020,"[[26, 9], [28, 4], [29, 24], [30, 13], [31, 15]]",2.352579031139612e-06,False,21981,9.997979215628845
target_size,pythia-2.8b,natural,random_021,"[[23, 19], [25, 11], [26, 24], [27, 27], [29, 6]]",7.582988473586738e-06,False,21981,9.997979215628845
target_size,pythia-2.8b,natural,random_022,"[[25, 12], [26, 9], [26, 13], [31, 12], [31, 14]]",1.0991243470925838e-07,False,21981,9.997979215628845
target_size,pythia-2.8b,natural,random_023,"[[25, 9], [26, 8], [28, 22], [29, 28], [30, 20]]",3.7476595025509596e-05,False,21981,9.997979215628845
target_size,pythia-2.8b,natural,random_024,"[[22, 8], [23, 19], [23, 23], [29, 22], [31, 6]]",1.7973470676224679e-06,False,21981,9.997979215628845
target_size,pythia-2.8b,natural,random_025,"[[25, 7], [28, 11], [29, 22], [30, 14], [31, 30]]",2.915767254307866e-06,False,21981,9.997979215628845
target_size,pythia-2.8b,natural,random_026,"[[22, 1], [23, 5], [24, 20], [27, 1], [28, 7]]",0.006849593482911587,False,21981,9.997979215628845
target_size,pythia-2.8b,natural,random_027,"[[23, 28], [26, 4], [28, 16], [29, 27], [31, 8]]",3.3710733987390995e-05,False,21981,9.997979215628845
target_size,pythia-2.8b,natural,random_028,"[[23, 12], [24, 20], [25, 12], [26, 24], [31, 22]]",2.6655339752323925e-05,False,21981,9.997979215628845
target_size,pythia-2.8b,natural,random_029,"[[22, 12], [24, 7], [25, 25], [26, 18], [30, 2]]",1.4510878827422857e-06,False,21981,9.997979215628845
target_size,pythia-2.8b,natural,random_030,"[[22, 13], [26, 5], [28, 15], [28, 30], [31, 15]]",4.617002559825778e-06,False,21981,9.997979215628845
target_size,pythia-2.8b,natural,random_031,"[[25, 1], [26, 24], [27, 22], [28, 27], [29, 24]]",2.9161310521885753e-06,False,21981,9.997979215628845
target_size,pythia-2.8b,natural,random_032,"[[23, 18], [24, 27], [26, 22], [27, 25], [31, 30]]",1.6160411178134382e-06,False,21981,9.997979215628845
target_size,pythia-2.8b,natural,random_033,"[[25, 10], [28, 1], [29, 20], [30, 23], [31, 4]]",3.2684183679521084e-06,False,21981,9.997979215628845
target_size,pythia-2.8b,natural,random_034,"[[24, 29], [26, 2], [28, 19], [29, 17], [30, 31]]",1.0279007256031036e-05,False,21981,9.997979215628845
target_size,pythia-2.8b,natural,random_035,"[[23, 28], [27, 3], [28, 14], [28, 20], [31, 18]]",1.1528318282216787e-06,False,21981,9.997979215628845
target_size,pythia-2.8b,natural,random_036,"[[23, 5], [24, 13], [24, 18], [25, 4], [27, 24]]",0.006474449299275875,False,21981,9.997979215628845
target_size,pythia-2.8b,natural,random_037,"[[22, 30], [23, 16], [25, 8], [27, 18], [30, 8]]",6.135451258160174e-06,False,21981,9.997979215628845
target_size,pythia-2.8b,natural,random_038,"[[22, 1], [24, 12], [25, 19], [26, 14], [26, 18]]",1.6696139937266707e-05,False,21981,9.997979215628845
target_size,pythia-2.8b,natural,random_039,"[[27, 10], [27, 27], [28, 7], [31, 5], [31, 9]]",8.758761396165937e-06,False,21981,9.997979215628845
target_size,pythia-2.8b,natural,random_040,"[[22, 3], [24, 0], [25, 11], [29, 8], [30, 1]]",0.0001386218937113881,False,21981,9.997979215628845
target_size,pythia-2.8b,natural,random_041,"[[24, 7], [29, 8], [29, 15], [30, 28], [31, 24]]",0.000160426483489573,False,21981,9.997979215628845
target_size,pythia-2.8b,natural,random_042,"[[22, 31], [23, 10], [30, 0], [31, 20], [31, 28]]",8.624192560091615e-06,False,21981,9.997979215628845
target_size,pythia-2.8b,natural,random_043,"[[23, 29], [24, 2], [26, 8], [30, 0], [31, 24]]",6.153926369734108e-05,False,21981,9.997979215628845
target_size,pythia-2.8b,natural,random_044,"[[22, 9], [24, 27], [26, 15], [26, 27], [30, 28]]",2.309330739080906e-05,False,21981,9.997979215628845
target_size,pythia-2.8b,natural,random_045,"[[23, 12], [26, 20], [28, 22], [29, 0], [31, 31]]",5.7319412007927895e-05,False,21981,9.997979215628845
target_size,pythia-2.8b,natural,random_046,"[[23, 3], [24, 3], [26, 12], [29, 19], [31, 11]]",3.979344910476357e-06,False,21981,9.997979215628845
target_size,pythia-2.8b,natural,random_047,"[[24, 11], [24, 23], [26, 1], [26, 17], [26, 25]]",7.732029189355671e-06,False,21981,9.997979215628845
target_size,pythia-2.8b,natural,random_048,"[[24, 22], [29, 16], [29, 18], [30, 16], [30, 26]]",2.5986111722886562e-05,False,21981,9.997979215628845
target_size,pythia-2.8b,natural,random_049,"[[25, 4], [27, 9], [28, 9], [30, 17], [31, 26]]",1.4026431017555296e-05,False,21981,9.997979215628845
target_size,pythia-2.8b,natural,random_050,"[[22, 13], [25, 23], [27, 3], [29, 28], [31, 24]]",1.3974669855087996e-05,False,21981,9.997979215628845
target_size,pythia-2.8b,natural,random_051,"[[22, 7], [23, 18], [24, 22], [29, 5], [31, 29]]",1.2593409337569028e-06,False,21981,9.997979215628845
target_size,pythia-2.8b,natural,random_052,"[[24, 20], [26, 25], [27, 13], [28, 10], [29, 27]]",5.320517811924219e-05,False,21981,9.997979215628845
target_size,pythia-2.8b,natural,random_053,"[[22, 24], [26, 17], [26, 22], [27, 17], [31, 10]]",3.1454837881028652e-06,False,21981,9.997979215628845
target_size,pythia-2.8b,natural,random_054,"[[23, 30], [24, 5], [25, 30], [26, 15], [28, 2]]",3.209570422768593e-06,False,21981,9.997979215628845
target_size,pythia-2.8b,natural,random_055,"[[25, 22], [28, 24], [29, 12], [31, 16], [31, 21]]",8.183089084923267e-05,False,21981,9.997979215628845
target_size,pythia-2.8b,natural,random_056,"[[23, 29], [24, 15], [26, 22], [28, 31], [30, 2]]",0.00012258286005817354,False,21981,9.997979215628845
target_size,pythia-2.8b,natural,random_057,"[[22, 21], [25, 15], [28, 1], [28, 4], [28, 30]]",2.7059577405452728e-05,False,21981,9.997979215628845
target_size,pythia-2.8b,natural,random_058,"[[22, 1], [26, 16], [26, 26], [29, 17], [31, 29]]",3.6714773159474134e-06,False,21981,9.997979215628845
target_size,pythia-2.8b,natural,random_059,"[[24, 2], [24, 31], [27, 11], [29, 27], [30, 25]]",2.9998482204973698e-05,False,21981,9.997979215628845
target_size,pythia-2.8b,natural,random_060,"[[22, 6], [27, 3], [27, 21], [28, 30], [31, 4]]",0.00022335175890475512,False,21981,9.997979215628845
target_size,pythia-2.8b,natural,random_061,"[[23, 4], [24, 29], [26, 9], [30, 24], [31, 12]]",1.6900012269616127e-06,False,21981,9.997979215628845
target_size,pythia-2.8b,natural,random_062,"[[22, 31], [23, 28], [25, 6], [27, 12], [29, 25]]",3.7201825762167573e-06,False,21981,9.997979215628845
target_size,pythia-2.8b,natural,random_063,"[[24, 7], [27, 3], [27, 17], [27, 31], [28, 23]]",3.764675057027489e-06,False,21981,9.997979215628845
target_size,pythia-2.8b,natural,random_064,"[[26, 7], [26, 30], [28, 30], [29, 9], [31, 11]]",9.387091267853975e-06,False,21981,9.997979215628845
target_size,pythia-2.8b,natural,random_065,"[[22, 23], [26, 7], [27, 18], [27, 31], [28, 25]]",6.807153113186359e-06,False,21981,9.997979215628845
target_size,pythia-2.8b,natural,random_066,"[[28, 25], [29, 5], [29, 17], [29, 25], [30, 5]]",8.258153684437275e-06,False,21981,9.997979215628845
target_size,pythia-2.8b,natural,random_067,"[[23, 15], [24, 31], [27, 8], [28, 29], [30, 4]]",4.386805812828243e-06,False,21981,9.997979215628845
target_size,pythia-2.8b,natural,random_068,"[[25, 25], [26, 9], [28, 8], [28, 29], [30, 20]]",1.0664989531505853e-06,False,21981,9.997979215628845
target_size,pythia-2.8b,natural,random_069,"[[22, 21], [23, 7], [25, 0], [27, 2], [29, 1]]",2.2830499801784754e-06,False,21981,9.997979215628845
target_size,pythia-2.8b,natural,random_070,"[[22, 17], [23, 15], [23, 23], [28, 25], [29, 0]]",3.0201917979866266e-05,False,21981,9.997979215628845
target_size,pythia-2.8b,natural,random_071,"[[24, 29], [25, 30], [28, 19], [29, 14], [30, 26]]",6.965157808735967e-06,False,21981,9.997979215628845
target_size,pythia-2.8b,natural,random_072,"[[23, 15], [26, 9], [26, 14], [26, 28], [30, 13]]",1.596636138856411e-05,False,21981,9.997979215628845
target_size,pythia-2.8b,natural,random_073,"[[24, 6], [26, 10], [28, 3], [29, 10], [30, 26]]",8.201575838029385e-06,False,21981,9.997979215628845
target_size,pythia-2.8b,natural,random_074,"[[22, 3], [22, 6], [28, 11], [29, 2], [29, 22]]",2.294129808433354e-05,False,21981,9.997979215628845
target_size,pythia-2.8b,natural,random_075,"[[22, 24], [24, 12], [26, 18], [27, 14], [30, 31]]",9.03027830645442e-06,False,21981,9.997979215628845
target_size,pythia-2.8b,natural,random_076,"[[24, 4], [29, 1], [29, 25], [30, 19], [31, 18]]",6.643327651545405e-06,False,21981,9.997979215628845
target_size,pythia-2.8b,natural,random_077,"[[23, 14], [24, 2], [24, 17], [25, 5], [27, 18]]",9.289185982197523e-06,False,21981,9.997979215628845
target_size,pythia-2.8b,natural,random_078,"[[22, 29], [29, 1], [29, 2], [29, 5], [31, 16]]",5.708789103664458e-06,False,21981,9.997979215628845
target_size,pythia-2.8b,natural,random_079,"[[26, 7], [26, 21], [26, 27], [28, 9], [28, 20]]",3.649282734841108e-05,False,21981,9.997979215628845
target_size,pythia-2.8b,natural,random_080,"[[24, 1], [28, 22], [30, 22], [31, 4], [31, 7]]",7.097187335602939e-07,False,21981,9.997979215628845
target_size,pythia-2.8b,natural,random_081,"[[22, 19], [25, 25], [26, 19], [27, 6], [31, 29]]",9.547744411975145e-06,False,21981,9.997979215628845
target_size,pythia-2.8b,natural,random_082,"[[24, 1], [24, 11], [25, 22], [25, 28], [27, 15]]",5.195568519411609e-06,False,21981,9.997979215628845
target_size,pythia-2.8b,natural,random_083,"[[22, 10], [24, 12], [25, 5], [27, 4], [27, 12]]",8.260703907581046e-06,False,21981,9.997979215628845
target_size,pythia-2.8b,natural,random_084,"[[23, 14], [25, 16], [25, 19], [28, 26], [31, 23]]",3.5441480576992035e-06,False,21981,9.997979215628845
target_size,pythia-2.8b,natural,random_085,"[[23, 30], [24, 6], [25, 6], [25, 28], [31, 20]]",3.41787381330505e-06,False,21981,9.997979215628845
target_size,pythia-2.8b,natural,random_086,"[[22, 14], [24, 20], [24, 30], [27, 18], [30, 5]]",1.0516901966184378e-05,False,21981,9.997979215628845
target_size,pythia-2.8b,natural,random_087,"[[22, 31], [23, 17], [25, 8], [29, 19], [31, 11]]",1.7876554920803756e-06,False,21981,9.997979215628845
target_size,pythia-2.8b,natural,random_088,"[[22, 3], [22, 19], [23, 10], [27, 1], [31, 12]]",6.500398740172386e-06,False,21981,9.997979215628845
target_size,pythia-2.8b,natural,random_089,"[[22, 17], [26, 17], [27, 18], [30, 30], [31, 31]]",1.997592335101217e-06,False,21981,9.997979215628845
target_size,pythia-2.8b,natural,random_090,"[[24, 19], [27, 8], [29, 9], [30, 2], [30, 17]]",4.139728844165802e-06,False,21981,9.997979215628845
target_size,pythia-2.8b,natural,random_091,"[[24, 19], [25, 4], [29, 3], [29, 23], [31, 7]]",1.0413568816147745e-06,False,21981,9.997979215628845
target_size,pythia-2.8b,natural,random_092,"[[24, 14], [26, 18], [28, 20], [29, 14], [29, 19]]",1.485488610342145e-06,False,21981,9.997979215628845
target_size,pythia-2.8b,natural,random_093,"[[24, 6], [27, 20], [28, 16], [30, 0], [30, 13]]",7.889568223617971e-06,False,21981,9.997979215628845
target_size,pythia-2.8b,natural,random_094,"[[23, 4], [23, 7], [25, 31], [26, 21], [29, 26]]",6.839371053501964e-06,False,21981,9.997979215628845
target_size,pythia-2.8b,natural,random_095,"[[22, 4], [25, 4], [25, 7], [27, 27], [28, 6]]",8.422357495874166e-06,False,21981,9.997979215628845
target_size,pythia-2.8b,natural,random_096,"[[22, 3], [26, 2], [28, 17], [29, 14], [31, 22]]",4.974805051460862e-06,False,21981,9.997979215628845
target_size,pythia-2.8b,natural,random_097,"[[23, 19], [23, 25], [26, 5], [29, 31], [31, 5]]",1.4922348782420158e-05,False,21981,9.997979215628845
target_size,pythia-2.8b,natural,random_098,"[[24, 7], [25, 4], [27, 24], [28, 19], [29, 25]]",8.180824806913733e-06,False,21981,9.997979215628845
target_size,pythia-2.8b,natural,random_099,"[[24, 28], [27, 6], [28, 12], [30, 26], [31, 8]]",2.796332410071045e-07,False,21981,9.997979215628845
target_size,pythia-2.8b,natural,random_100,"[[24, 26], [25, 6], [25, 26], [30, 18], [31, 26]]",1.8865102902054787e-06,False,21981,9.997979215628845
color_contrast,pythia-2.8b,natural,random_001,"[[25, 18], [26, 11], [26, 12], [27, 24], [31, 17]]",4.266948963049799e-07,False,20112,9.909121651153221
color_contrast,pythia-2.8b,natural,random_002,"[[22, 7], [25, 21], [26, 2], [27, 12], [30, 23]]",3.3229698601644486e-06,False,20112,9.909121651153221
color_contrast,pythia-2.8b,natural,random_003,"[[22, 5], [23, 9], [26, 3], [26, 12], [31, 8]]",8.917093509808183e-06,False,20112,9.909121651153221
color_contrast,pythia-2.8b,natural,random_004,"[[22, 6], [23, 20], [26, 7], [27, 1], [31, 13]]",3.2173062209039927e-05,False,20112,9.909121651153221
color_contrast,pythia-2.8b,natural,random_005,"[[23, 15], [24, 21], [27, 10], [27, 26], [28, 4]]",2.1592684788629413e-05,False,20112,9.909121651153221
color_contrast,pythia-2.8b,natural,random_006,"[[23, 14], [26, 26], [27, 29], [28, 16], [31, 17]]",4.2145984480157495e-07,False,20112,9.909121651153221
color_contrast,pythia-2.8b,natural,random_007,"[[23, 28], [24, 4], [28, 0], [28, 15], [30, 9]]",6.734480848535895e-07,False,20112,9.909121651153221
color_contrast,pythia-2.8b,natural,random_008,"[[27, 19], [28, 1], [28, 27], [30, 3], [30, 21]]",2.8022623155266047e-07,False,20112,9.909121651153221
color_contrast,pythia-2.8b,natural,random_009,"[[25, 5], [26, 27], [28, 2], [29, 28], [30, 20]]",2.775825123535469e-06,False,20112,9.909121651153221
color_contrast,pythia-2.8b,natural,random_010,"[[22, 22], [22, 24], [25, 24], [30, 24], [31, 11]]",8.455850183963776e-05,False,20112,9.909121651153221
color_contrast,pythia-2.8b,natural,random_011,"[[22, 10], [24, 0], [28, 30], [30, 18], [31, 30]]",1.7762395145837218e-06,False,20112,9.909121651153221
color_contrast,pythia-2.8b,natural,random_012,"[[25, 18], [27, 3], [27, 13], [28, 29], [30, 22]]",8.549250196665525e-07,False,20112,9.909121651153221
color_contrast,pythia-2.8b,natural,random_013,"[[24, 15], [28, 20], [28, 28], [30, 17], [31, 21]]",0.00020955997752025723,False,20112,9.909121651153221
color_contrast,pythia-2.8b,natural,random_014,"[[23, 8], [25, 10], [27, 19], [27, 28], [31, 4]]",1.0712392395362258e-06,False,20112,9.909121651153221
color_contrast,pythia-2.8b,natural,random_015,"[[26, 21], [29, 28], [30, 28], [31, 19], [31, 23]]",9.339673852082342e-07,False,20112,9.909121651153221
color_contrast,pythia-2.8b,natural,random_016,"[[24, 27], [26, 23], [28, 21], [29, 13], [30, 26]]",1.0809817467816174e-06,False,20112,9.909121651153221
color_contrast,pythia-2.8b,natural,random_017,"[[23, 19], [25, 25], [28, 17], [30, 3], [30, 4]]",1.537890057079494e-06,False,20112,9.909121651153221
color_contrast,pythia-2.8b,natural,random_018,"[[22, 28], [24, 12], [26, 2], [26, 16], [26, 26]]",1.3032433344051242e-05,False,20112,9.909121651153221
color_contrast,pythia-2.8b,natural,random_019,"[[23, 21], [24, 26], [26, 19], [28, 29], [31, 3]]",2.1324012777768075e-06,False,20112,9.909121651153221
color_contrast,pythia-2.8b,natural,random_020,"[[26, 9], [28, 4], [29, 24], [30, 13], [31, 15]]",2.674414645298384e-07,False,20112,9.909121651153221
color_contrast,pythia-2.8b,natural,random_021,"[[23, 19], [25, 11], [26, 24], [27, 27], [29, 6]]",7.558846846222878e-07,False,20112,9.909121651153221
color_contrast,pythia-2.8b,natural,random_022,"[[25, 12], [26, 9], [26, 13], [31, 12], [31, 14]]",5.304045771481469e-06,False,20112,9.909121651153221
color_contrast,pythia-2.8b,natural,random_023,"[[25, 9], [26, 8], [28, 22], [29, 28], [30, 20]]",1.2564290955197066e-05,False,20112,9.909121651153221
color_contrast,pythia-2.8b,natural,random_024,"[[22, 8], [23, 19], [23, 23], [29, 22], [31, 6]]",7.291382644325495e-07,False,20112,9.909121651153221
color_contrast,pythia-2.8b,natural,random_025,"[[25, 7], [28, 11], [29, 22], [30, 14], [31, 30]]",1.250629429705441e-05,False,20112,9.909121651153221
color_contrast,pythia-2.8b,natural,random_026,"[[22, 1], [23, 5], [24, 20], [27, 1], [28, 7]]",0.0024724090471863747,False,20112,9.909121651153221
color_contrast,pythia-2.8b,natural,random_027,"[[23, 28], [26, 4], [28, 16], [29, 27], [31, 8]]",1.1560769053176045e-06,False,20112,9.909121651153221
color_contrast,pythia-2.8b,natural,random_028,"[[23, 12], [24, 20], [25, 12], [26, 24], [31, 22]]",2.6560621336102486e-05,False,20112,9.909121651153221
color_contrast,pythia-2.8b,natural,random_029,"[[22, 12], [24, 7], [25, 25], [26, 18], [30, 2]]",5.668116500601172e-07,False,20112,9.909121651153221
color_contrast,pythia-2.8b,natural,random_030,"[[22, 13], [26, 5], [28, 15], [28, 30], [31, 15]]",3.874120011460036e-07,False,20112,9.909121651153221
color_contrast,pythia-2.8b,natural,random_031,"[[25, 1], [26, 24], [27, 22], [28, 27], [29, 24]]",5.48516254639253e-07,False,20112,9.909121651153221
color_contrast,pythia-2.8b,natural,random_032,"[[23, 18], [24, 27], [26, 22], [27, 25], [31, 30]]",5.558977136388421e-07,False,20112,9.909121651153221
color_contrast,pythia-2.8b,natural,random_033,"[[25, 10], [28, 1], [29, 20], [30, 23], [31, 4]]",1.0968942660838366e-06,False,20112,9.909121651153221
color_contrast,pythia-2.8b,natural,random_034,"[[24, 29], [26, 2], [28, 19], [29, 17], [30, 31]]",2.4306937120854855e-06,False,20112,9.909121651153221
color_contrast,pythia-2.8b,natural,random_035,"[[23, 28], [27, 3], [28, 14], [28, 20], [31, 18]]",2.994784153997898e-07,False,20112,9.909121651153221
color_contrast,pythia-2.8b,natural,random_036,"[[23, 5], [24, 13], [24, 18], [25, 4], [27, 24]]",0.002504102187231183,False,20112,9.909121651153221
color_contrast,pythia-2.8b,natural,random_037,"[[22, 30], [23, 16], [25, 8], [27, 18], [30, 8]]",6.680762453470379e-06,False,20112,9.909121651153221
color_contrast,pythia-2.8b,natural,random_038,"[[22, 1], [24, 12], [25, 19], [26, 14], [26, 18]]",1.6514561139047146e-05,False,20112,9.909121651153221
color_contrast,pythia-2.8b,natural,random_039,"[[27, 10], [27, 27], [28, 7], [31, 5], [31, 9]]",1.002190401777625e-06,False,20112,9.909121651153221
color_contrast,pythia-2.8b,natural,random_040,"[[22, 3], [24, 0], [25, 11], [29, 8], [30, 1]]",3.4880940802395344e-06,False,20112,9.909121651153221
color_contrast,pythia-2.8b,natural,random_041,"[[24, 7], [29, 8], [29, 15], [30, 28], [31, 24]]",2.6256093406118453e-06,False,20112,9.909121651153221
color_contrast,pythia-2.8b,natural,random_042,"[[22, 31], [23, 10], [30, 0], [31, 20], [31, 28]]",1.2513046385720372e-06,False,20112,9.909121651153221
color_contrast,pythia-2.8b,natural,random_043,"[[23, 29], [24, 2], [26, 8], [30, 0], [31, 24]]",3.829540219157934e-05,False,20112,9.909121651153221
color_contrast,pythia-2.8b,natural,random_044,"[[22, 9], [24, 27], [26, 15], [26, 27], [30, 28]]",1.2299860827624798e-06,False,20112,9.909121651153221
color_contrast,pythia-2.8b,natural,random_045,"[[23, 12], [26, 20], [28, 22], [29, 0], [31, 31]]",1.6093719750642776e-05,False,20112,9.909121651153221
color_contrast,pythia-2.8b,natural,random_046,"[[23, 3], [24, 3], [26, 12], [29, 19], [31, 11]]",1.4525394362863153e-06,False,20112,9.909121651153221
color_contrast,pythia-2.8b,natural,random_047,"[[24, 11], [24, 23], [26, 1], [26, 17], [26, 25]]",8.777278708294034e-06,False,20112,9.909121651153221
color_contrast,pythia-2.8b,natural,random_048,"[[24, 22], [29, 16], [29, 18], [30, 16], [30, 26]]",1.9492472347337753e-06,False,20112,9.909121651153221
color_contrast,pythia-2.8b,natural,random_049,"[[25, 4], [27, 9], [28, 9], [30, 17], [31, 26]]",8.163842721842229e-07,False,20112,9.909121651153221
color_contrast,pythia-2.8b,natural,random_050,"[[22, 13], [25, 23], [27, 3], [29, 28], [31, 24]]",4.981484380550683e-07,False,20112,9.909121651153221
color_contrast,pythia-2.8b,natural,random_051,"[[22, 7], [23, 18], [24, 22], [29, 5], [31, 29]]",6.530317477881908e-07,False,20112,9.909121651153221
color_contrast,pythia-2.8b,natural,random_052,"[[24, 20], [26, 25], [27, 13], [28, 10], [29, 27]]",2.0274746930226684e-06,False,20112,9.909121651153221
color_contrast,pythia-2.8b,natural,random_053,"[[22, 24], [26, 17], [26, 22], [27, 17], [31, 10]]",1.4784964150749147e-06,False,20112,9.909121651153221
color_contrast,pythia-2.8b,natural,random_054,"[[23, 30], [24, 5], [25, 30], [26, 15], [28, 2]]",2.518259861972183e-06,False,20112,9.909121651153221
color_contrast,pythia-2.8b,natural,random_055,"[[25, 22], [28, 24], [29, 12], [31, 16], [31, 21]]",9.682989912107587e-06,False,20112,9.909121651153221
color_contrast,pythia-2.8b,natural,random_056,"[[23, 29], [24, 15], [26, 22], [28, 31], [30, 2]]",0.00015805783914402127,False,20112,9.909121651153221
color_contrast,pythia-2.8b,natural,random_057,"[[22, 21], [25, 15], [28, 1], [28, 4], [28, 30]]",1.7895072232931852e-06,False,20112,9.909121651153221
color_contrast,pythia-2.8b,natural,random_058,"[[22, 1], [26, 16], [26, 26], [29, 17], [31, 29]]",2.097629476338625e-06,False,20112,9.909121651153221
color_contrast,pythia-2.8b,natural,random_059,"[[24, 2], [24, 31], [27, 11], [29, 27], [30, 25]]",5.3905314416624606e-06,False,20112,9.909121651153221
color_contrast,pythia-2.8b,natural,random_060,"[[22, 6], [27, 3], [27, 21], [28, 30], [31, 4]]",4.625740984920412e-05,False,20112,9.909121651153221
color_contrast,pythia-2.8b,natural,random_061,"[[23, 4], [24, 29], [26, 9], [30, 24], [31, 12]]",6.279151421040297e-07,False,20112,9.909121651153221
color_contrast,pythia-2.8b,natural,random_062,"[[22, 31], [23, 28], [25, 6], [27, 12], [29, 25]]",1.97310873772949e-06,False,20112,9.909121651153221
color_contrast,pythia-2.8b,natural,random_063,"[[24, 7], [27, 3], [27, 17], [27, 31], [28, 23]]",1.953958417288959e-07,False,20112,9.909121651153221
color_contrast,pythia-2.8b,natural,random_064,"[[26, 7], [26, 30], [28, 30], [29, 9], [31, 11]]",5.716610758099705e-07,False,20112,9.909121651153221
color_contrast,pythia-2.8b,natural,random_065,"[[22, 23], [26, 7], [27, 18], [27, 31], [28, 25]]",5.827678251080215e-07,False,20112,9.909121651153221
color_contrast,pythia-2.8b,natural,random_066,"[[28, 25], [29, 5], [29, 17], [29, 25], [30, 5]]",3.34432115778327e-07,False,20112,9.909121651153221
color_contrast,pythia-2.8b,natural,random_067,"[[23, 15], [24, 31], [27, 8], [28, 29], [30, 4]]",3.8278813008219004e-07,False,20112,9.909121651153221
color_contrast,pythia-2.8b,natural,random_068,"[[25, 25], [26, 9], [28, 8], [28, 29], [30, 20]]",7.248536348924972e-07,False,20112,9.909121651153221
color_contrast,pythia-2.8b,natural,random_069,"[[22, 21], [23, 7], [25, 0], [27, 2], [29, 1]]",1.1656084097921848e-06,False,20112,9.909121651153221
color_contrast,pythia-2.8b,natural,random_070,"[[22, 17], [23, 15], [23, 23], [28, 25], [29, 0]]",1.3613935152534395e-06,False,20112,9.909121651153221
color_contrast,pythia-2.8b,natural,random_071,"[[24, 29], [25, 30], [28, 19], [29, 14], [30, 26]]",4.9183727242052555e-06,False,20112,9.909121651153221
color_contrast,pythia-2.8b,natural,random_072,"[[23, 15], [26, 9], [26, 14], [26, 28], [30, 13]]",2.1208252292126417e-06,False,20112,9.909121651153221
color_contrast,pythia-2.8b,natural,random_073,"[[24, 6], [26, 10], [28, 3], [29, 10], [30, 26]]",9.024479368235916e-07,False,20112,9.909121651153221
color_contrast,pythia-2.8b,natural,random_074,"[[22, 3], [22, 6], [28, 11], [29, 2], [29, 22]]",3.323932469356805e-05,False,20112,9.909121651153221
color_contrast,pythia-2.8b,natural,random_075,"[[22, 24], [24, 12], [26, 18], [27, 14], [30, 31]]",1.2542790500447154e-05,False,20112,9.909121651153221
color_contrast,pythia-2.8b,natural,random_076,"[[24, 4], [29, 1], [29, 25], [30, 19], [31, 18]]",4.877583705820143e-07,False,20112,9.909121651153221
color_contrast,pythia-2.8b,natural,random_077,"[[23, 14], [24, 2], [24, 17], [25, 5], [27, 18]]",5.302048521116376e-05,False,20112,9.909121651153221
color_contrast,pythia-2.8b,natural,random_078,"[[22, 29], [29, 1], [29, 2], [29, 5], [31, 16]]",5.870024324394763e-07,False,20112,9.909121651153221
color_contrast,pythia-2.8b,natural,random_079,"[[26, 7], [26, 21], [26, 27], [28, 9], [28, 20]]",1.8554710550233722e-06,False,20112,9.909121651153221
color_contrast,pythia-2.8b,natural,random_080,"[[24, 1], [28, 22], [30, 22], [31, 4], [31, 7]]",1.601947587914765e-07,False,20112,9.909121651153221
color_contrast,pythia-2.8b,natural,random_081,"[[22, 19], [25, 25], [26, 19], [27, 6], [31, 29]]",1.3377248251345009e-05,False,20112,9.909121651153221
color_contrast,pythia-2.8b,natural,random_082,"[[24, 1], [24, 11], [25, 22], [25, 28], [27, 15]]",1.785178028512746e-05,False,20112,9.909121651153221
color_contrast,pythia-2.8b,natural,random_083,"[[22, 10], [24, 12], [25, 5], [27, 4], [27, 12]]",1.586524012964219e-05,False,20112,9.909121651153221
color_contrast,pythia-2.8b,natural,random_084,"[[23, 14], [25, 16], [25, 19], [28, 26], [31, 23]]",1.224438165081665e-05,False,20112,9.909121651153221
color_contrast,pythia-2.8b,natural,random_085,"[[23, 30], [24, 6], [25, 6], [25, 28], [31, 20]]",9.877010597847402e-06,False,20112,9.909121651153221
color_contrast,pythia-2.8b,natural,random_086,"[[22, 14], [24, 20], [24, 30], [27, 18], [30, 5]]",3.1800445867702365e-06,False,20112,9.909121651153221
color_contrast,pythia-2.8b,natural,random_087,"[[22, 31], [23, 17], [25, 8], [29, 19], [31, 11]]",5.307258106768131e-06,False,20112,9.909121651153221
color_contrast,pythia-2.8b,natural,random_088,"[[22, 3], [22, 19], [23, 10], [27, 1], [31, 12]]",1.2527045328170061e-05,False,20112,9.909121651153221
color_contrast,pythia-2.8b,natural,random_089,"[[22, 17], [26, 17], [27, 18], [30, 30], [31, 31]]",1.6552075976505876e-07,False,20112,9.909121651153221
color_contrast,pythia-2.8b,natural,random_090,"[[24, 19], [27, 8], [29, 9], [30, 2], [30, 17]]",1.3813769328407943e-07,False,20112,9.909121651153221
color_contrast,pythia-2.8b,natural,random_091,"[[24, 19], [25, 4], [29, 3], [29, 23], [31, 7]]",2.1082723833387718e-07,False,20112,9.909121651153221
color_contrast,pythia-2.8b,natural,random_092,"[[24, 14], [26, 18], [28, 20], [29, 14], [29, 19]]",7.542676030425355e-07,False,20112,9.909121651153221
color_contrast,pythia-2.8b,natural,random_093,"[[24, 6], [27, 20], [28, 16], [30, 0], [30, 13]]",3.1833769753575325e-07,False,20112,9.909121651153221
color_contrast,pythia-2.8b,natural,random_094,"[[23, 4], [23, 7], [25, 31], [26, 21], [29, 26]]",2.43769318331033e-06,False,20112,9.909121651153221
color_contrast,pythia-2.8b,natural,random_095,"[[22, 4], [25, 4], [25, 7], [27, 27], [28, 6]]",1.2456075637601316e-05,False,20112,9.909121651153221
color_contrast,pythia-2.8b,natural,random_096,"[[22, 3], [26, 2], [28, 17], [29, 14], [31, 22]]",4.766516212839633e-07,False,20112,9.909121651153221
color_contrast,pythia-2.8b,natural,random_097,"[[23, 19], [23, 25], [26, 5], [29, 31], [31, 5]]",5.0021917559206486e-06,False,20112,9.909121651153221
color_contrast,pythia-2.8b,natural,random_098,"[[24, 7], [25, 4], [27, 24], [28, 19], [29, 25]]",1.8678983906283975e-06,False,20112,9.909121651153221
color_contrast,pythia-2.8b,natural,random_099,"[[24, 28], [27, 6], [28, 12], [30, 26], [31, 8]]",3.1047602533362806e-07,False,20112,9.909121651153221
color_contrast,pythia-2.8b,natural,random_100,"[[24, 26], [25, 6], [25, 26], [30, 18], [31, 26]]",4.778336005983874e-06,False,20112,9.909121651153221
tab_panel,pythia-2.8b,natural,random_001,"[[25, 18], [26, 11], [26, 12], [27, 24], [31, 17]]",1.1668598745018244e-06,False,3519,8.166216268592143
tab_panel,pythia-2.8b,natural,random_002,"[[22, 7], [25, 21], [26, 2], [27, 12], [30, 23]]",2.2597669158130884e-06,False,3519,8.166216268592143
tab_panel,pythia-2.8b,natural,random_003,"[[22, 5], [23, 9], [26, 3], [26, 12], [31, 8]]",5.799665814265609e-06,False,3519,8.166216268592143
tab_panel,pythia-2.8b,natural,random_004,"[[22, 6], [23, 20], [26, 7], [27, 1], [31, 13]]",6.295274943113327e-06,False,3519,8.166216268592143
tab_panel,pythia-2.8b,natural,random_005,"[[23, 15], [24, 21], [27, 10], [27, 26], [28, 4]]",9.698967915028334e-06,False,3519,8.166216268592143
tab_panel,pythia-2.8b,natural,random_006,"[[23, 14], [26, 26], [27, 29], [28, 16], [31, 17]]",1.2220953067298979e-06,False,3519,8.166216268592143
tab_panel,pythia-2.8b,natural,random_007,"[[23, 28], [24, 4], [28, 0], [28, 15], [30, 9]]",1.1000665836036205e-06,False,3519,8.166216268592143
tab_panel,pythia-2.8b,natural,random_008,"[[27, 19], [28, 1], [28, 27], [30, 3], [30, 21]]",1.0182164260186255e-05,False,3519,8.166216268592143
tab_panel,pythia-2.8b,natural,random_009,"[[25, 5], [26, 27], [28, 2], [29, 28], [30, 20]]",7.920170901343226e-06,False,3519,8.166216268592143
tab_panel,pythia-2.8b,natural,random_010,"[[22, 22], [22, 24], [25, 24], [30, 24], [31, 11]]",2.3181550204753876e-05,False,3519,8.166216268592143
tab_panel,pythia-2.8b,natural,random_011,"[[22, 10], [24, 0], [28, 30], [30, 18], [31, 30]]",4.988833097741008e-06,False,3519,8.166216268592143
tab_panel,pythia-2.8b,natural,random_012,"[[25, 18], [27, 3], [27, 13], [28, 29], [30, 22]]",2.63298861682415e-05,False,3519,8.166216268592143
tab_panel,pythia-2.8b,natural,random_013,"[[24, 15], [28, 20], [28, 28], [30, 17], [31, 21]]",8.074281504377723e-05,False,3519,8.166216268592143
tab_panel,pythia-2.8b,natural,random_014,"[[23, 8], [25, 10], [27, 19], [27, 28], [31, 4]]",2.506515011191368e-05,False,3519,8.166216268592143
tab_panel,pythia-2.8b,natural,random_015,"[[26, 21], [29, 28], [30, 28], [31, 19], [31, 23]]",4.397239536046982e-06,False,3519,8.166216268592143
tab_panel,pythia-2.8b,natural,random_016,"[[24, 27], [26, 23], [28, 21], [29, 13], [30, 26]]",7.824855856597424e-06,False,3519,8.166216268592143
tab_panel,pythia-2.8b,natural,random_017,"[[23, 19], [25, 25], [28, 17], [30, 3], [30, 4]]",1.577468356117606e-05,False,3519,8.166216268592143
tab_panel,pythia-2.8b,natural,random_018,"[[22, 28], [24, 12], [26, 2], [26, 16], [26, 26]]",9.405193850398064e-07,False,3519,8.166216268592143
tab_panel,pythia-2.8b,natural,random_019,"[[23, 21], [24, 26], [26, 19], [28, 29], [31, 3]]",2.91680044028908e-06,False,3519,8.166216268592143
tab_panel,pythia-2.8b,natural,random_020,"[[26, 9], [28, 4], [29, 24], [30, 13], [31, 15]]",7.810012903064489e-07,False,3519,8.166216268592143
tab_panel,pythia-2.8b,natural,random_021,"[[23, 19], [25, 11], [26, 24], [27, 27], [29, 6]]",1.0103336535394192e-05,False,3519,8.166216268592143
tab_panel,pythia-2.8b,natural,random_022,"[[25, 12], [26, 9], [26, 13], [31, 12], [31, 14]]",5.786481779068708e-06,False,3519,8.166216268592143
tab_panel,pythia-2.8b,natural,random_023,"[[25, 9], [26, 8], [28, 22], [29, 28], [30, 20]]",1.2889679055660963e-05,False,3519,8.166216268592143
tab_panel,pythia-2.8b,natural,random_024,"[[22, 8], [23, 19], [23, 23], [29, 22], [31, 6]]",4.974863259121776e-07,False,3519,8.166216268592143
tab_panel,pythia-2.8b,natural,random_025,"[[25, 7], [28, 11], [29, 22], [30, 14], [31, 30]]",5.521695129573345e-06,False,3519,8.166216268592143
tab_panel,pythia-2.8b,natural,random_026,"[[22, 1], [23, 5], [24, 20], [27, 1], [28, 7]]",0.0024372232146561146,False,3519,8.166216268592143
tab_panel,pythia-2.8b,natural,random_027,"[[23, 28], [26, 4], [28, 16], [29, 27], [31, 8]]",8.017581421881914e-06,False,3519,8.166216268592143
tab_panel,pythia-2.8b,natural,random_028,"[[23, 12], [24, 20], [25, 12], [26, 24], [31, 22]]",1.0608287993818521e-05,False,3519,8.166216268592143
tab_panel,pythia-2.8b,natural,random_029,"[[22, 12], [24, 7], [25, 25], [26, 18], [30, 2]]",6.41175574855879e-07,False,3519,8.166216268592143
tab_panel,pythia-2.8b,natural,random_030,"[[22, 13], [26, 5], [28, 15], [28, 30], [31, 15]]",5.5353157222270966e-06,False,3519,8.166216268592143
tab_panel,pythia-2.8b,natural,random_031,"[[25, 1], [26, 24], [27, 22], [28, 27], [29, 24]]",8.361894288100302e-07,False,3519,8.166216268592143
tab_panel,pythia-2.8b,natural,random_032,"[[23, 18], [24, 27], [26, 22], [27, 25], [31, 30]]",4.861140041612089e-06,False,3519,8.166216268592143
tab_panel,pythia-2.8b,natural,random_033,"[[25, 10], [28, 1], [29, 20], [30, 23], [31, 4]]",6.0640741139650345e-06,False,3519,8.166216268592143
tab_panel,pythia-2.8b,natural,random_034,"[[24, 29], [26, 2], [28, 19], [29, 17], [30, 31]]",1.0228774044662714e-05,False,3519,8.166216268592143
tab_panel,pythia-2.8b,natural,random_035,"[[23, 28], [27, 3], [28, 14], [28, 20], [31, 18]]",1.1270385584793985e-06,False,3519,8.166216268592143
tab_panel,pythia-2.8b,natural,random_036,"[[23, 5], [24, 13], [24, 18], [25, 4], [27, 24]]",0.0023848607670515776,False,3519,8.166216268592143
tab_panel,pythia-2.8b,natural,random_037,"[[22, 30], [23, 16], [25, 8], [27, 18], [30, 8]]",3.575783921405673e-06,False,3519,8.166216268592143
tab_panel,pythia-2.8b,natural,random_038,"[[22, 1], [24, 12], [25, 19], [26, 14], [26, 18]]",4.3384789023548365e-06,False,3519,8.166216268592143
tab_panel,pythia-2.8b,natural,random_039,"[[27, 10], [27, 27], [28, 7], [31, 5], [31, 9]]",1.8927501514554024e-05,False,3519,8.166216268592143
tab_panel,pythia-2.8b,natural,random_040,"[[22, 3], [24, 0], [25, 11], [29, 8], [30, 1]]",6.349291652441025e-05,False,3519,8.166216268592143
tab_panel,pythia-2.8b,natural,random_041,"[[24, 7], [29, 8], [29, 15], [30, 28], [31, 24]]",2.301426138728857e-05,False,3519,8.166216268592143
tab_panel,pythia-2.8b,natural,random_042,"[[22, 31], [23, 10], [30, 0], [31, 20], [31, 28]]",8.79781146068126e-06,False,3519,8.166216268592143
tab_panel,pythia-2.8b,natural,random_043,"[[23, 29], [24, 2], [26, 8], [30, 0], [31, 24]]",2.476180816302076e-05,False,3519,8.166216268592143
tab_panel,pythia-2.8b,natural,random_044,"[[22, 9], [24, 27], [26, 15], [26, 27], [30, 28]]",6.266229320317507e-06,False,3519,8.166216268592143
tab_panel,pythia-2.8b,natural,random_045,"[[23, 12], [26, 20], [28, 22], [29, 0], [31, 31]]",1.4873046893626451e-05,False,3519,8.166216268592143
tab_panel,pythia-2.8b,natural,random_046,"[[23, 3], [24, 3], [26, 12], [29, 19], [31, 11]]",1.3727258192375302e-06,False,3519,8.166216268592143
tab_panel,pythia-2.8b,natural,random_047,"[[24, 11], [24, 23], [26, 1], [26, 17], [26, 25]]",6.479560397565365e-06,False,3519,8.166216268592143
tab_panel,pythia-2.8b,natural,random_048,"[[24, 22], [29, 16], [29, 18], [30, 16], [30, 26]]",1.2791773770004511e-05,False,3519,8.166216268592143
tab_panel,pythia-2.8b,natural,random_049,"[[25, 4], [27, 9], [28, 9], [30, 17], [31, 26]]",2.9204034944996238e-05,False,3519,8.166216268592143
tab_panel,pythia-2.8b,natural,random_050,"[[22, 13], [25, 23], [27, 3], [29, 28], [31, 24]]",3.6682176869362593e-06,False,3519,8.166216268592143
tab_panel,pythia-2.8b,natural,random_051,"[[22, 7], [23, 18], [24, 22], [29, 5], [31, 29]]",5.5166310630738735e-06,False,3519,8.166216268592143
tab_panel,pythia-2.8b,natural,random_052,"[[24, 20], [26, 25], [27, 13], [28, 10], [29, 27]]",1.998446532525122e-05,False,3519,8.166216268592143
tab_panel,pythia-2.8b,natural,random_053,"[[22, 24], [26, 17], [26, 22], [27, 17], [31, 10]]",2.498709363862872e-06,False,3519,8.166216268592143
tab_panel,pythia-2.8b,natural,random_054,"[[23, 30], [24, 5], [25, 30], [26, 15], [28, 2]]",3.9800506783649325e-06,False,3519,8.166216268592143
tab_panel,pythia-2.8b,natural,random_055,"[[25, 22], [28, 24], [29, 12], [31, 16], [31, 21]]",1.1805968824774027e-05,False,3519,8.166216268592143
tab_panel,pythia-2.8b,natural,random_056,"[[23, 29], [24, 15], [26, 22], [28, 31], [30, 2]]",5.1261973567306995e-05,False,3519,8.166216268592143
tab_panel,pythia-2.8b,natural,random_057,"[[22, 21], [25, 15], [28, 1], [28, 4], [28, 30]]",3.2691925298422575e-05,False,3519,8.166216268592143
tab_panel,pythia-2.8b,natural,random_058,"[[22, 1], [26, 16], [26, 26], [29, 17], [31, 29]]",1.244712620973587e-06,False,3519,8.166216268592143
tab_panel,pythia-2.8b,natural,random_059,"[[24, 2], [24, 31], [27, 11], [29, 27], [30, 25]]",7.554946932941675e-06,False,3519,8.166216268592143
tab_panel,pythia-2.8b,natural,random_060,"[[22, 6], [27, 3], [27, 21], [28, 30], [31, 4]]",8.308666292577982e-05,False,3519,8.166216268592143
tab_panel,pythia-2.8b,natural,random_061,"[[23, 4], [24, 29], [26, 9], [30, 24], [31, 12]]",8.819288268568926e-07,False,3519,8.166216268592143
tab_panel,pythia-2.8b,natural,random_062,"[[22, 31], [23, 28], [25, 6], [27, 12], [29, 25]]",1.3952230801805854e-06,False,3519,8.166216268592143
tab_panel,pythia-2.8b,natural,random_063,"[[24, 7], [27, 3], [27, 17], [27, 31], [28, 23]]",5.380104994401336e-06,False,3519,8.166216268592143
tab_panel,pythia-2.8b,natural,random_064,"[[26, 7], [26, 30], [28, 30], [29, 9], [31, 11]]",5.033551133237779e-06,False,3519,8.166216268592143
tab_panel,pythia-2.8b,natural,random_065,"[[22, 23], [26, 7], [27, 18], [27, 31], [28, 25]]",4.524306859821081e-06,False,3519,8.166216268592143
tab_panel,pythia-2.8b,natural,random_066,"[[28, 25], [29, 5], [29, 17], [29, 25], [30, 5]]",1.1295487638562918e-06,False,3519,8.166216268592143
tab_panel,pythia-2.8b,natural,random_067,"[[23, 15], [24, 31], [27, 8], [28, 29], [30, 4]]",3.55567317456007e-06,False,3519,8.166216268592143
tab_panel,pythia-2.8b,natural,random_068,"[[25, 25], [26, 9], [28, 8], [28, 29], [30, 20]]",2.500019036233425e-07,False,3519,8.166216268592143
tab_panel,pythia-2.8b,natural,random_069,"[[22, 21], [23, 7], [25, 0], [27, 2], [29, 1]]",6.871778168715537e-07,False,3519,8.166216268592143
tab_panel,pythia-2.8b,natural,random_070,"[[22, 17], [23, 15], [23, 23], [28, 25], [29, 0]]",8.86543421074748e-06,False,3519,8.166216268592143
tab_panel,pythia-2.8b,natural,random_071,"[[24, 29], [25, 30], [28, 19], [29, 14], [30, 26]]",8.49031493999064e-06,False,3519,8.166216268592143
tab_panel,pythia-2.8b,natural,random_072,"[[23, 15], [26, 9], [26, 14], [26, 28], [30, 13]]",7.460505003109574e-06,False,3519,8.166216268592143
tab_panel,pythia-2.8b,natural,random_073,"[[24, 6], [26, 10], [28, 3], [29, 10], [30, 26]]",1.9171275198459625e-06,False,3519,8.166216268592143
tab_panel,pythia-2.8b,natural,random_074,"[[22, 3], [22, 6], [28, 11], [29, 2], [29, 22]]",4.464882658794522e-05,False,3519,8.166216268592143
tab_panel,pythia-2.8b,natural,random_075,"[[22, 24], [24, 12], [26, 18], [27, 14], [30, 31]]",3.233886673115194e-06,False,3519,8.166216268592143
tab_panel,pythia-2.8b,natural,random_076,"[[24, 4], [29, 1], [29, 25], [30, 19], [31, 18]]",7.469498086720705e-07,False,3519,8.166216268592143
tab_panel,pythia-2.8b,natural,random_077,"[[23, 14], [24, 2], [24, 17], [25, 5], [27, 18]]",2.2406093194149435e-06,False,3519,8.166216268592143
tab_panel,pythia-2.8b,natural,random_078,"[[22, 29], [29, 1], [29, 2], [29, 5], [31, 16]]",6.287737051025033e-07,False,3519,8.166216268592143
tab_panel,pythia-2.8b,natural,random_079,"[[26, 7], [26, 21], [26, 27], [28, 9], [28, 20]]",7.781898602843285e-06,False,3519,8.166216268592143
tab_panel,pythia-2.8b,natural,random_080,"[[24, 1], [28, 22], [30, 22], [31, 4], [31, 7]]",1.4695906429551542e-06,False,3519,8.166216268592143
tab_panel,pythia-2.8b,natural,random_081,"[[22, 19], [25, 25], [26, 19], [27, 6], [31, 29]]",6.75885530654341e-06,False,3519,8.166216268592143
tab_panel,pythia-2.8b,natural,random_082,"[[24, 1], [24, 11], [25, 22], [25, 28], [27, 15]]",9.268289431929588e-06,False,3519,8.166216268592143
tab_panel,pythia-2.8b,natural,random_083,"[[22, 10], [24, 12], [25, 5], [27, 4], [27, 12]]",1.9081926438957453e-06,False,3519,8.166216268592143
tab_panel,pythia-2.8b,natural,random_084,"[[23, 14], [25, 16], [25, 19], [28, 26], [31, 23]]",2.1394516807049513e-06,False,3519,8.166216268592143
tab_panel,pythia-2.8b,natural,random_085,"[[23, 30], [24, 6], [25, 6], [25, 28], [31, 20]]",2.301880158483982e-06,False,3519,8.166216268592143
tab_panel,pythia-2.8b,natural,random_086,"[[22, 14], [24, 20], [24, 30], [27, 18], [30, 5]]",5.136986146681011e-06,False,3519,8.166216268592143
tab_panel,pythia-2.8b,natural,random_087,"[[22, 31], [23, 17], [25, 8], [29, 19], [31, 11]]",8.539573173038661e-07,False,3519,8.166216268592143
tab_panel,pythia-2.8b,natural,random_088,"[[22, 3], [22, 19], [23, 10], [27, 1], [31, 12]]",2.9549148166552186e-05,False,3519,8.166216268592143
tab_panel,pythia-2.8b,natural,random_089,"[[22, 17], [26, 17], [27, 18], [30, 30], [31, 31]]",2.7200730983167887e-06,False,3519,8.166216268592143
tab_panel,pythia-2.8b,natural,random_090,"[[24, 19], [27, 8], [29, 9], [30, 2], [30, 17]]",3.2370444387197495e-06,False,3519,8.166216268592143
tab_panel,pythia-2.8b,natural,random_091,"[[24, 19], [25, 4], [29, 3], [29, 23], [31, 7]]",8.157949196174741e-07,False,3519,8.166216268592143
tab_panel,pythia-2.8b,natural,random_092,"[[24, 14], [26, 18], [28, 20], [29, 14], [29, 19]]",3.379318513907492e-07,False,3519,8.166216268592143
tab_panel,pythia-2.8b,natural,random_093,"[[24, 6], [27, 20], [28, 16], [30, 0], [30, 13]]",7.456033927155659e-06,False,3519,8.166216268592143
tab_panel,pythia-2.8b,natural,random_094,"[[23, 4], [23, 7], [25, 31], [26, 21], [29, 26]]",1.7347629182040691e-06,False,3519,8.166216268592143
tab_panel,pythia-2.8b,natural,random_095,"[[22, 4], [25, 4], [25, 7], [27, 27], [28, 6]]",1.5103723853826523e-05,False,3519,8.166216268592143
tab_panel,pythia-2.8b,natural,random_096,"[[22, 3], [26, 2], [28, 17], [29, 14], [31, 22]]",4.380452446639538e-05,False,3519,8.166216268592143
tab_panel,pythia-2.8b,natural,random_097,"[[23, 19], [23, 25], [26, 5], [29, 31], [31, 5]]",6.097368896007538e-06,False,3519,8.166216268592143
tab_panel,pythia-2.8b,natural,random_098,"[[24, 7], [25, 4], [27, 24], [28, 19], [29, 25]]",9.239825885742903e-06,False,3519,8.166216268592143
tab_panel,pythia-2.8b,natural,random_099,"[[24, 28], [27, 6], [28, 12], [30, 26], [31, 8]]",4.250905476510525e-07,False,3519,8.166216268592143
tab_panel,pythia-2.8b,natural,random_100,"[[24, 26], [25, 6], [25, 26], [30, 18], [31, 26]]",9.95321897789836e-07,False,3519,8.166216268592143
live_region,pythia-2.8b,natural,random_001,"[[25, 18], [26, 11], [26, 12], [27, 24], [31, 17]]",1.5089462976902723e-06,False,1112,7.014814351275545
live_region,pythia-2.8b,natural,random_002,"[[22, 7], [25, 21], [26, 2], [27, 12], [30, 23]]",1.0910734999924898e-06,False,1112,7.014814351275545
live_region,pythia-2.8b,natural,random_003,"[[22, 5], [23, 9], [26, 3], [26, 12], [31, 8]]",1.1746276868507266e-05,False,1112,7.014814351275545
live_region,pythia-2.8b,natural,random_004,"[[22, 6], [23, 20], [26, 7], [27, 1], [31, 13]]",1.4422905223909765e-05,False,1112,7.014814351275545
live_region,pythia-2.8b,natural,random_005,"[[23, 15], [24, 21], [27, 10], [27, 26], [28, 4]]",1.2031057849526405e-05,False,1112,7.014814351275545
live_region,pythia-2.8b,natural,random_006,"[[23, 14], [26, 26], [27, 29], [28, 16], [31, 17]]",3.2871503208298236e-06,False,1112,7.014814351275545
live_region,pythia-2.8b,natural,random_007,"[[23, 28], [24, 4], [28, 0], [28, 15], [30, 9]]",5.627844075206667e-07,False,1112,7.014814351275545
live_region,pythia-2.8b,natural,random_008,"[[27, 19], [28, 1], [28, 27], [30, 3], [30, 21]]",9.965740900952369e-06,False,1112,7.014814351275545
live_region,pythia-2.8b,natural,random_009,"[[25, 5], [26, 27], [28, 2], [29, 28], [30, 20]]",1.6017089365050197e-05,False,1112,7.014814351275545
live_region,pythia-2.8b,natural,random_010,"[[22, 22], [22, 24], [25, 24], [30, 24], [31, 11]]",4.390414687804878e-05,False,1112,7.014814351275545
live_region,pythia-2.8b,natural,random_011,"[[22, 10], [24, 0], [28, 30], [30, 18], [31, 30]]",4.361194442026317e-06,False,1112,7.014814351275545
live_region,pythia-2.8b,natural,random_012,"[[25, 18], [27, 3], [27, 13], [28, 29], [30, 22]]",2.910404873546213e-06,False,1112,7.014814351275545
live_region,pythia-2.8b,natural,random_013,"[[24, 15], [28, 20], [28, 28], [30, 17], [31, 21]]",4.6064291382208467e-05,False,1112,7.014814351275545
live_region,pythia-2.8b,natural,random_014,"[[23, 8], [25, 10], [27, 19], [27, 28], [31, 4]]",2.3110114852897823e-06,False,1112,7.014814351275545
live_region,pythia-2.8b,natural,random_015,"[[26, 21], [29, 28], [30, 28], [31, 19], [31, 23]]",6.93057882017456e-06,False,1112,7.014814351275545
live_region,pythia-2.8b,natural,random_016,"[[24, 27], [26, 23], [28, 21], [29, 13], [30, 26]]",1.7099984688684344e-05,False,1112,7.014814351275545
live_region,pythia-2.8b,natural,random_017,"[[23, 19], [25, 25], [28, 17], [30, 3], [30, 4]]",4.124260158278048e-06,False,1112,7.014814351275545
live_region,pythia-2.8b,natural,random_018,"[[22, 28], [24, 12], [26, 2], [26, 16], [26, 26]]",3.5877455957233906e-06,False,1112,7.014814351275545
live_region,pythia-2.8b,natural,random_019,"[[23, 21], [24, 26], [26, 19], [28, 29], [31, 3]]",2.065615262836218e-06,False,1112,7.014814351275545
live_region,pythia-2.8b,natural,random_020,"[[26, 9], [28, 4], [29, 24], [30, 13], [31, 15]]",2.5885201466735452e-06,False,1112,7.014814351275545
live_region,pythia-2.8b,natural,random_021,"[[23, 19], [25, 11], [26, 24], [27, 27], [29, 6]]",1.6652920749038458e-06,False,1112,7.014814351275545
live_region,pythia-2.8b,natural,random_022,"[[25, 12], [26, 9], [26, 13], [31, 12], [31, 14]]",4.208122845739126e-07,False,1112,7.014814351275545
live_region,pythia-2.8b,natural,random_023,"[[25, 9], [26, 8], [28, 22], [29, 28], [30, 20]]",2.35040788538754e-05,False,1112,7.014814351275545
live_region,pythia-2.8b,natural,random_024,"[[22, 8], [23, 19], [23, 23], [29, 22], [31, 6]]",1.0123549145646393e-06,False,1112,7.014814351275545
live_region,pythia-2.8b,natural,random_025,"[[25, 7], [28, 11], [29, 22], [30, 14], [31, 30]]",2.1736195776611567e-06,False,1112,7.014814351275545
live_region,pythia-2.8b,natural,random_026,"[[22, 1], [23, 5], [24, 20], [27, 1], [28, 7]]",0.004772473592311144,False,1112,7.014814351275545
live_region,pythia-2.8b,natural,random_027,"[[23, 28], [26, 4], [28, 16], [29, 27], [31, 8]]",1.4092205674387515e-05,False,1112,7.014814351275545
live_region,pythia-2.8b,natural,random_028,"[[23, 12], [24, 20], [25, 12], [26, 24], [31, 22]]",3.364778240211308e-05,False,1112,7.014814351275545
live_region,pythia-2.8b,natural,random_029,"[[22, 12], [24, 7], [25, 25], [26, 18], [30, 2]]",1.0119329090230167e-06,False,1112,7.014814351275545
live_region,pythia-2.8b,natural,random_030,"[[22, 13], [26, 5], [28, 15], [28, 30], [31, 15]]",4.329864168539643e-06,False,1112,7.014814351275545
live_region,pythia-2.8b,natural,random_031,"[[25, 1], [26, 24], [27, 22], [28, 27], [29, 24]]",1.828371750889346e-06,False,1112,7.014814351275545
live_region,pythia-2.8b,natural,random_032,"[[23, 18], [24, 27], [26, 22], [27, 25], [31, 30]]",1.081580194295384e-06,False,1112,7.014814351275545
live_region,pythia-2.8b,natural,random_033,"[[25, 10], [28, 1], [29, 20], [30, 23], [31, 4]]",8.214337867684662e-06,False,1112,7.014814351275545
live_region,pythia-2.8b,natural,random_034,"[[24, 29], [26, 2], [28, 19], [29, 17], [30, 31]]",3.1622257665731013e-06,False,1112,7.014814351275545
live_region,pythia-2.8b,natural,random_035,"[[23, 28], [27, 3], [28, 14], [28, 20], [31, 18]]",9.776194929145277e-07,False,1112,7.014814351275545
live_region,pythia-2.8b,natural,random_036,"[[23, 5], [24, 13], [24, 18], [25, 4], [27, 24]]",0.0047997403889894485,False,1112,7.014814351275545
live_region,pythia-2.8b,natural,random_037,"[[22, 30], [23, 16], [25, 8], [27, 18], [30, 8]]",4.778514266945422e-06,False,1112,7.014814351275545
live_region,pythia-2.8b,natural,random_038,"[[22, 1], [24, 12], [25, 19], [26, 14], [26, 18]]",7.739290595054626e-06,False,1112,7.014814351275545
live_region,pythia-2.8b,natural,random_039,"[[27, 10], [27, 27], [28, 7], [31, 5], [31, 9]]",1.889080522232689e-06,False,1112,7.014814351275545
live_region,pythia-2.8b,natural,random_040,"[[22, 3], [24, 0], [25, 11], [29, 8], [30, 1]]",5.345910176401958e-05,False,1112,7.014814351275545
live_region,pythia-2.8b,natural,random_041,"[[24, 7], [29, 8], [29, 15], [30, 28], [31, 24]]",5.411556048784405e-05,False,1112,7.014814351275545
live_region,pythia-2.8b,natural,random_042,"[[22, 31], [23, 10], [30, 0], [31, 20], [31, 28]]",8.252114639617503e-06,False,1112,7.014814351275545
live_region,pythia-2.8b,natural,random_043,"[[23, 29], [24, 2], [26, 8], [30, 0], [31, 24]]",2.8999638743698597e-05,False,1112,7.014814351275545
live_region,pythia-2.8b,natural,random_044,"[[22, 9], [24, 27], [26, 15], [26, 27], [30, 28]]",1.472519215894863e-05,False,1112,7.014814351275545
live_region,pythia-2.8b,natural,random_045,"[[23, 12], [26, 20], [28, 22], [29, 0], [31, 31]]",4.4908811105415225e-05,False,1112,7.014814351275545
live_region,pythia-2.8b,natural,random_046,"[[23, 3], [24, 3], [26, 12], [29, 19], [31, 11]]",2.013297489611432e-06,False,1112,7.014814351275545
live_region,pythia-2.8b,natural,random_047,"[[24, 11], [24, 23], [26, 1], [26, 17], [26, 25]]",1.3801443856209517e-05,False,1112,7.014814351275545
live_region,pythia-2.8b,natural,random_048,"[[24, 22], [29, 16], [29, 18], [30, 16], [30, 26]]",1.998964580707252e-05,False,1112,7.014814351275545
live_region,pythia-2.8b,natural,random_049,"[[25, 4], [27, 9], [28, 9], [30, 17], [31, 26]]",3.318345989100635e-06,False,1112,7.014814351275545
live_region,pythia-2.8b,natural,random_050,"[[22, 13], [25, 23], [27, 3], [29, 28], [31, 24]]",6.181304343044758e-06,False,1112,7.014814351275545
live_region,pythia-2.8b,natural,random_051,"[[22, 7], [23, 18], [24, 22], [29, 5], [31, 29]]",7.495127647416666e-07,False,1112,7.014814351275545
live_region,pythia-2.8b,natural,random_052,"[[24, 20], [26, 25], [27, 13], [28, 10], [29, 27]]",1.7187951016239822e-05,False,1112,7.014814351275545
live_region,pythia-2.8b,natural,random_053,"[[22, 24], [26, 17], [26, 22], [27, 17], [31, 10]]",2.177606802433729e-06,False,1112,7.014814351275545
live_region,pythia-2.8b,natural,random_054,"[[23, 30], [24, 5], [25, 30], [26, 15], [28, 2]]",1.6930789570324123e-06,False,1112,7.014814351275545
live_region,pythia-2.8b,natural,random_055,"[[25, 22], [28, 24], [29, 12], [31, 16], [31, 21]]",1.589896419318393e-05,False,1112,7.014814351275545
live_region,pythia-2.8b,natural,random_056,"[[23, 29], [24, 15], [26, 22], [28, 31], [30, 2]]",4.237593384459615e-05,False,1112,7.014814351275545
live_region,pythia-2.8b,natural,random_057,"[[22, 21], [25, 15], [28, 1], [28, 4], [28, 30]]",3.22400446748361e-05,False,1112,7.014814351275545
live_region,pythia-2.8b,natural,random_058,"[[22, 1], [26, 16], [26, 26], [29, 17], [31, 29]]",4.912202712148428e-06,False,1112,7.014814351275545
live_region,pythia-2.8b,natural,random_059,"[[24, 2], [24, 31], [27, 11], [29, 27], [30, 25]]",1.2725198757834733e-05,False,1112,7.014814351275545
live_region,pythia-2.8b,natural,random_060,"[[22, 6], [27, 3], [27, 21], [28, 30], [31, 4]]",7.45132565498352e-05,False,1112,7.014814351275545
live_region,pythia-2.8b,natural,random_061,"[[23, 4], [24, 29], [26, 9], [30, 24], [31, 12]]",1.7115962691605091e-06,False,1112,7.014814351275545
live_region,pythia-2.8b,natural,random_062,"[[22, 31], [23, 28], [25, 6], [27, 12], [29, 25]]",1.5775276551721618e-06,False,1112,7.014814351275545
live_region,pythia-2.8b,natural,random_063,"[[24, 7], [27, 3], [27, 17], [27, 31], [28, 23]]",1.1494712452986278e-06,False,1112,7.014814351275545
live_region,pythia-2.8b,natural,random_064,"[[26, 7], [26, 30], [28, 30], [29, 9], [31, 11]]",6.502625183202326e-06,False,1112,7.014814351275545
live_region,pythia-2.8b,natural,random_065,"[[22, 23], [26, 7], [27, 18], [27, 31], [28, 25]]",2.2625463316217065e-06,False,1112,7.014814351275545
live_region,pythia-2.8b,natural,random_066,"[[28, 25], [29, 5], [29, 17], [29, 25], [30, 5]]",3.58565739588812e-06,False,1112,7.014814351275545
live_region,pythia-2.8b,natural,random_067,"[[23, 15], [24, 31], [27, 8], [28, 29], [30, 4]]",2.5405824999324977e-06,False,1112,7.014814351275545
live_region,pythia-2.8b,natural,random_068,"[[25, 25], [26, 9], [28, 8], [28, 29], [30, 20]]",1.0206422302871943e-06,False,1112,7.014814351275545
live_region,pythia-2.8b,natural,random_069,"[[22, 21], [23, 7], [25, 0], [27, 2], [29, 1]]",1.8154732970288023e-06,False,1112,7.014814351275545
live_region,pythia-2.8b,natural,random_070,"[[22, 17], [23, 15], [23, 23], [28, 25], [29, 0]]",1.1863266990985721e-05,False,1112,7.014814351275545
live_region,pythia-2.8b,natural,random_071,"[[24, 29], [25, 30], [28, 19], [29, 14], [30, 26]]",1.3137469068169594e-06,False,1112,7.014814351275545
live_region,pythia-2.8b,natural,random_072,"[[23, 15], [26, 9], [26, 14], [26, 28], [30, 13]]",5.889785825274885e-06,False,1112,7.014814351275545
live_region,pythia-2.8b,natural,random_073,"[[24, 6], [26, 10], [28, 3], [29, 10], [30, 26]]",5.212212272454053e-06,False,1112,7.014814351275545
live_region,pythia-2.8b,natural,random_074,"[[22, 3], [22, 6], [28, 11], [29, 2], [29, 22]]",1.579064701218158e-05,False,1112,7.014814351275545
live_region,pythia-2.8b,natural,random_075,"[[22, 24], [24, 12], [26, 18], [27, 14], [30, 31]]",4.882123903371394e-06,False,1112,7.014814351275545
live_region,pythia-2.8b,natural,random_076,"[[24, 4], [29, 1], [29, 25], [30, 19], [31, 18]]",2.2437379811890423e-06,False,1112,7.014814351275545
live_region,pythia-2.8b,natural,random_077,"[[23, 14], [24, 2], [24, 17], [25, 5], [27, 18]]",8.088463800959289e-06,False,1112,7.014814351275545
live_region,pythia-2.8b,natural,random_078,"[[22, 29], [29, 1], [29, 2], [29, 5], [31, 16]]",1.0791787644848228e-05,False,1112,7.014814351275545
live_region,pythia-2.8b,natural,random_079,"[[26, 7], [26, 21], [26, 27], [28, 9], [28, 20]]",1.0006508091464639e-05,False,1112,7.014814351275545
live_region,pythia-2.8b,natural,random_080,"[[24, 1], [28, 22], [30, 22], [31, 4], [31, 7]]",1.3749704521615058e-06,False,1112,7.014814351275545
live_region,pythia-2.8b,natural,random_081,"[[22, 19], [25, 25], [26, 19], [27, 6], [31, 29]]",1.2402189895510674e-05,False,1112,7.014814351275545
live_region,pythia-2.8b,natural,random_082,"[[24, 1], [24, 11], [25, 22], [25, 28], [27, 15]]",4.4832268031314015e-06,False,1112,7.014814351275545
live_region,pythia-2.8b,natural,random_083,"[[22, 10], [24, 12], [25, 5], [27, 4], [27, 12]]",3.8195576053112745e-06,False,1112,7.014814351275545
live_region,pythia-2.8b,natural,random_084,"[[23, 14], [25, 16], [25, 19], [28, 26], [31, 23]]",1.0713847586885095e-06,False,1112,7.014814351275545
live_region,pythia-2.8b,natural,random_085,"[[23, 30], [24, 6], [25, 6], [25, 28], [31, 20]]",1.2070759112248197e-06,False,1112,7.014814351275545
live_region,pythia-2.8b,natural,random_086,"[[22, 14], [24, 20], [24, 30], [27, 18], [30, 5]]",1.1216543498449028e-05,False,1112,7.014814351275545
live_region,pythia-2.8b,natural,random_087,"[[22, 31], [23, 17], [25, 8], [29, 19], [31, 11]]",1.4356191968545318e-06,False,1112,7.014814351275545
live_region,pythia-2.8b,natural,random_088,"[[22, 3], [22, 19], [23, 10], [27, 1], [31, 12]]",1.3759155990555882e-05,False,1112,7.014814351275545
live_region,pythia-2.8b,natural,random_089,"[[22, 17], [26, 17], [27, 18], [30, 30], [31, 31]]",1.1835800250992179e-06,False,1112,7.014814351275545
live_region,pythia-2.8b,natural,random_090,"[[24, 19], [27, 8], [29, 9], [30, 2], [30, 17]]",1.259788405150175e-06,False,1112,7.014814351275545
live_region,pythia-2.8b,natural,random_091,"[[24, 19], [25, 4], [29, 3], [29, 23], [31, 7]]",9.298582881456241e-07,False,1112,7.014814351275545
live_region,pythia-2.8b,natural,random_092,"[[24, 14], [26, 18], [28, 20], [29, 14], [29, 19]]",5.785186658613384e-07,False,1112,7.014814351275545
live_region,pythia-2.8b,natural,random_093,"[[24, 6], [27, 20], [28, 16], [30, 0], [30, 13]]",9.312178008258343e-06,False,1112,7.014814351275545
live_region,pythia-2.8b,natural,random_094,"[[23, 4], [23, 7], [25, 31], [26, 21], [29, 26]]",2.5235895009245723e-06,False,1112,7.014814351275545
live_region,pythia-2.8b,natural,random_095,"[[22, 4], [25, 4], [25, 7], [27, 27], [28, 6]]",3.3007836464094e-06,False,1112,7.014814351275545
live_region,pythia-2.8b,natural,random_096,"[[22, 3], [26, 2], [28, 17], [29, 14], [31, 22]]",5.639434675686061e-06,False,1112,7.014814351275545
live_region,pythia-2.8b,natural,random_097,"[[23, 19], [23, 25], [26, 5], [29, 31], [31, 5]]",7.139984518289566e-06,False,1112,7.014814351275545
live_region,pythia-2.8b,natural,random_098,"[[24, 7], [25, 4], [27, 24], [28, 19], [29, 25]]",1.6007470549084246e-06,False,1112,7.014814351275545
live_region,pythia-2.8b,natural,random_099,"[[24, 28], [27, 6], [28, 12], [30, 26], [31, 8]]",3.1464878702536225e-07,False,1112,7.014814351275545
live_region,pythia-2.8b,natural,random_100,"[[24, 26], [25, 6], [25, 26], [30, 18], [31, 26]]",7.648741302546114e-07,False,1112,7.014814351275545
skip_link,pythia-2.8b,natural,random_001,"[[25, 18], [26, 11], [26, 12], [27, 24], [31, 17]]",9.714276529848576e-07,False,662,6.4967749901858625
skip_link,pythia-2.8b,natural,random_002,"[[22, 7], [25, 21], [26, 2], [27, 12], [30, 23]]",1.5074874681886286e-06,False,662,6.4967749901858625
skip_link,pythia-2.8b,natural,random_003,"[[22, 5], [23, 9], [26, 3], [26, 12], [31, 8]]",9.621493518352509e-06,False,662,6.4967749901858625
skip_link,pythia-2.8b,natural,random_004,"[[22, 6], [23, 20], [26, 7], [27, 1], [31, 13]]",4.429923137649894e-06,False,662,6.4967749901858625
skip_link,pythia-2.8b,natural,random_005,"[[23, 15], [24, 21], [27, 10], [27, 26], [28, 4]]",9.434879757463932e-06,False,662,6.4967749901858625
skip_link,pythia-2.8b,natural,random_006,"[[23, 14], [26, 26], [27, 29], [28, 16], [31, 17]]",1.02967896964401e-06,False,662,6.4967749901858625
skip_link,pythia-2.8b,natural,random_007,"[[23, 28], [24, 4], [28, 0], [28, 15], [30, 9]]",7.164780981838703e-07,False,662,6.4967749901858625
skip_link,pythia-2.8b,natural,random_008,"[[27, 19], [28, 1], [28, 27], [30, 3], [30, 21]]",4.726432962343097e-06,False,662,6.4967749901858625
skip_link,pythia-2.8b,natural,random_009,"[[25, 5], [26, 27], [28, 2], [29, 28], [30, 20]]",4.468995030038059e-06,False,662,6.4967749901858625
skip_link,pythia-2.8b,natural,random_010,"[[22, 22], [22, 24], [25, 24], [30, 24], [31, 11]]",2.0632011000998318e-05,False,662,6.4967749901858625
skip_link,pythia-2.8b,natural,random_011,"[[22, 10], [24, 0], [28, 30], [30, 18], [31, 30]]",7.684575393795967e-07,False,662,6.4967749901858625
skip_link,pythia-2.8b,natural,random_012,"[[25, 18], [27, 3], [27, 13], [28, 29], [30, 22]]",2.4503970053046942e-05,False,662,6.4967749901858625
skip_link,pythia-2.8b,natural,random_013,"[[24, 15], [28, 20], [28, 28], [30, 17], [31, 21]]",2.4233129806816578e-05,False,662,6.4967749901858625
skip_link,pythia-2.8b,natural,random_014,"[[23, 8], [25, 10], [27, 19], [27, 28], [31, 4]]",2.357125049456954e-05,False,662,6.4967749901858625
skip_link,pythia-2.8b,natural,random_015,"[[26, 21], [29, 28], [30, 28], [31, 19], [31, 23]]",6.11864379607141e-07,False,662,6.4967749901858625
skip_link,pythia-2.8b,natural,random_016,"[[24, 27], [26, 23], [28, 21], [29, 13], [30, 26]]",1.5256664482876658e-06,False,662,6.4967749901858625
skip_link,pythia-2.8b,natural,random_017,"[[23, 19], [25, 25], [28, 17], [30, 3], [30, 4]]",9.397335816174746e-07,False,662,6.4967749901858625
skip_link,pythia-2.8b,natural,random_018,"[[22, 28], [24, 12], [26, 2], [26, 16], [26, 26]]",6.24160747975111e-07,False,662,6.4967749901858625
skip_link,pythia-2.8b,natural,random_019,"[[23, 21], [24, 26], [26, 19], [28, 29], [31, 3]]",1.3770331861451268e-06,False,662,6.4967749901858625
skip_link,pythia-2.8b,natural,random_020,"[[26, 9], [28, 4], [29, 24], [30, 13], [31, 15]]",2.942651917692274e-07,False,662,6.4967749901858625
skip_link,pythia-2.8b,natural,random_021,"[[23, 19], [25, 11], [26, 24], [27, 27], [29, 6]]",5.516478267963976e-06,False,662,6.4967749901858625
skip_link,pythia-2.8b,natural,random_022,"[[25, 12], [26, 9], [26, 13], [31, 12], [31, 14]]",2.707820385694504e-07,False,662,6.4967749901858625
skip_link,pythia-2.8b,natural,random_023,"[[25, 9], [26, 8], [28, 22], [29, 28], [30, 20]]",1.2718061043415219e-05,False,662,6.4967749901858625
skip_link,pythia-2.8b,natural,random_024,"[[22, 8], [23, 19], [23, 23], [29, 22], [31, 6]]",5.043730197940022e-07,False,662,6.4967749901858625
skip_link,pythia-2.8b,natural,random_025,"[[25, 7], [28, 11], [29, 22], [30, 14], [31, 30]]",4.70417580800131e-06,False,662,6.4967749901858625
skip_link,pythia-2.8b,natural,random_026,"[[22, 1], [23, 5], [24, 20], [27, 1], [28, 7]]",0.003450709395110607,False,662,6.4967749901858625
skip_link,pythia-2.8b,natural,random_027,"[[23, 28], [26, 4], [28, 16], [29, 27], [31, 8]]",1.243162842001766e-06,False,662,6.4967749901858625
skip_link,pythia-2.8b,natural,random_028,"[[23, 12], [24, 20], [25, 12], [26, 24], [31, 22]]",9.935116395354271e-06,False,662,6.4967749901858625
skip_link,pythia-2.8b,natural,random_029,"[[22, 12], [24, 7], [25, 25], [26, 18], [30, 2]]",2.220003807451576e-07,False,662,6.4967749901858625
skip_link,pythia-2.8b,natural,random_030,"[[22, 13], [26, 5], [28, 15], [28, 30], [31, 15]]",6.917271093698218e-07,False,662,6.4967749901858625
skip_link,pythia-2.8b,natural,random_031,"[[25, 1], [26, 24], [27, 22], [28, 27], [29, 24]]",6.175405360409059e-07,False,662,6.4967749901858625
skip_link,pythia-2.8b,natural,random_032,"[[23, 18], [24, 27], [26, 22], [27, 25], [31, 30]]",5.771962605649605e-07,False,662,6.4967749901858625
skip_link,pythia-2.8b,natural,random_033,"[[25, 10], [28, 1], [29, 20], [30, 23], [31, 4]]",1.0864314390346408e-06,False,662,6.4967749901858625
skip_link,pythia-2.8b,natural,random_034,"[[24, 29], [26, 2], [28, 19], [29, 17], [30, 31]]",8.308124961331487e-07,False,662,6.4967749901858625
skip_link,pythia-2.8b,natural,random_035,"[[23, 28], [27, 3], [28, 14], [28, 20], [31, 18]]",1.4655961422249675e-06,False,662,6.4967749901858625
skip_link,pythia-2.8b,natural,random_036,"[[23, 5], [24, 13], [24, 18], [25, 4], [27, 24]]",0.0033213626593351364,False,662,6.4967749901858625
skip_link,pythia-2.8b,natural,random_037,"[[22, 30], [23, 16], [25, 8], [27, 18], [30, 8]]",3.3807882573455572e-06,False,662,6.4967749901858625
skip_link,pythia-2.8b,natural,random_038,"[[22, 1], [24, 12], [25, 19], [26, 14], [26, 18]]",1.3350072549656034e-06,False,662,6.4967749901858625
skip_link,pythia-2.8b,natural,random_039,"[[27, 10], [27, 27], [28, 7], [31, 5], [31, 9]]",1.477656769566238e-05,False,662,6.4967749901858625
skip_link,pythia-2.8b,natural,random_040,"[[22, 3], [24, 0], [25, 11], [29, 8], [30, 1]]",2.929882612079382e-06,False,662,6.4967749901858625
skip_link,pythia-2.8b,natural,random_041,"[[24, 7], [29, 8], [29, 15], [30, 28], [31, 24]]",1.1021184036508203e-06,False,662,6.4967749901858625
skip_link,pythia-2.8b,natural,random_042,"[[22, 31], [23, 10], [30, 0], [31, 20], [31, 28]]",6.71920133754611e-06,False,662,6.4967749901858625
skip_link,pythia-2.8b,natural,random_043,"[[23, 29], [24, 2], [26, 8], [30, 0], [31, 24]]",1.77625915966928e-05,False,662,6.4967749901858625
skip_link,pythia-2.8b,natural,random_044,"[[22, 9], [24, 27], [26, 15], [26, 27], [30, 28]]",1.1909171007573605e-05,False,662,6.4967749901858625
skip_link,pythia-2.8b,natural,random_045,"[[23, 12], [26, 20], [28, 22], [29, 0], [31, 31]]",1.1443044058978558e-05,False,662,6.4967749901858625
skip_link,pythia-2.8b,natural,random_046,"[[23, 3], [24, 3], [26, 12], [29, 19], [31, 11]]",9.268842404708266e-07,False,662,6.4967749901858625
skip_link,pythia-2.8b,natural,random_047,"[[24, 11], [24, 23], [26, 1], [26, 17], [26, 25]]",3.806999302469194e-06,False,662,6.4967749901858625
skip_link,pythia-2.8b,natural,random_048,"[[24, 22], [29, 16], [29, 18], [30, 16], [30, 26]]",2.102724465657957e-06,False,662,6.4967749901858625
skip_link,pythia-2.8b,natural,random_049,"[[25, 4], [27, 9], [28, 9], [30, 17], [31, 26]]",1.985137350857258e-05,False,662,6.4967749901858625
skip_link,pythia-2.8b,natural,random_050,"[[22, 13], [25, 23], [27, 3], [29, 28], [31, 24]]",2.2282838472165167e-06,False,662,6.4967749901858625
skip_link,pythia-2.8b,natural,random_051,"[[22, 7], [23, 18], [24, 22], [29, 5], [31, 29]]",4.702087608166039e-07,False,662,6.4967749901858625
skip_link,pythia-2.8b,natural,random_052,"[[24, 20], [26, 25], [27, 13], [28, 10], [29, 27]]",1.900384813779965e-05,False,662,6.4967749901858625
skip_link,pythia-2.8b,natural,random_053,"[[22, 24], [26, 17], [26, 22], [27, 17], [31, 10]]",2.4614782887510955e-06,False,662,6.4967749901858625
skip_link,pythia-2.8b,natural,random_054,"[[23, 30], [24, 5], [25, 30], [26, 15], [28, 2]]",1.3756798580288887e-06,False,662,6.4967749901858625
skip_link,pythia-2.8b,natural,random_055,"[[25, 22], [28, 24], [29, 12], [31, 16], [31, 21]]",8.747883839532733e-07,False,662,6.4967749901858625
skip_link,pythia-2.8b,natural,random_056,"[[23, 29], [24, 15], [26, 22], [28, 31], [30, 2]]",1.5018275007605553e-05,False,662,6.4967749901858625
skip_link,pythia-2.8b,natural,random_057,"[[22, 21], [25, 15], [28, 1], [28, 4], [28, 30]]",2.561821020208299e-06,False,662,6.4967749901858625
skip_link,pythia-2.8b,natural,random_058,"[[22, 1], [26, 16], [26, 26], [29, 17], [31, 29]]",6.861737347207963e-07,False,662,6.4967749901858625
skip_link,pythia-2.8b,natural,random_059,"[[24, 2], [24, 31], [27, 11], [29, 27], [30, 25]]",8.271876140497625e-06,False,662,6.4967749901858625
skip_link,pythia-2.8b,natural,random_060,"[[22, 6], [27, 3], [27, 21], [28, 30], [31, 4]]",8.343427907675505e-05,False,662,6.4967749901858625
skip_link,pythia-2.8b,natural,random_061,"[[23, 4], [24, 29], [26, 9], [30, 24], [31, 12]]",4.30824002251029e-07,False,662,6.4967749901858625
skip_link,pythia-2.8b,natural,random_062,"[[22, 31], [23, 28], [25, 6], [27, 12], [29, 25]]",1.4454417396336794e-06,False,662,6.4967749901858625
skip_link,pythia-2.8b,natural,random_063,"[[24, 7], [27, 3], [27, 17], [27, 31], [28, 23]]",9.362833225168288e-06,False,662,6.4967749901858625
skip_link,pythia-2.8b,natural,random_064,"[[26, 7], [26, 30], [28, 30], [29, 9], [31, 11]]",1.6679041436873376e-06,False,662,6.4967749901858625
skip_link,pythia-2.8b,natural,random_065,"[[22, 23], [26, 7], [27, 18], [27, 31], [28, 25]]",5.301219061948359e-06,False,662,6.4967749901858625
skip_link,pythia-2.8b,natural,random_066,"[[28, 25], [29, 5], [29, 17], [29, 25], [30, 5]]",3.0235241865739226e-07,False,662,6.4967749901858625
skip_link,pythia-2.8b,natural,random_067,"[[23, 15], [24, 31], [27, 8], [28, 29], [30, 4]]",4.849978722631931e-06,False,662,6.4967749901858625
skip_link,pythia-2.8b,natural,random_068,"[[25, 25], [26, 9], [28, 8], [28, 29], [30, 20]]",9.332143235951662e-08,False,662,6.4967749901858625
skip_link,pythia-2.8b,natural,random_069,"[[22, 21], [23, 7], [25, 0], [27, 2], [29, 1]]",1.358988811261952e-06,False,662,6.4967749901858625
skip_link,pythia-2.8b,natural,random_070,"[[22, 17], [23, 15], [23, 23], [28, 25], [29, 0]]",9.474169928580523e-07,False,662,6.4967749901858625
skip_link,pythia-2.8b,natural,random_071,"[[24, 29], [25, 30], [28, 19], [29, 14], [30, 26]]",1.3157841749489307e-06,False,662,6.4967749901858625
skip_link,pythia-2.8b,natural,random_072,"[[23, 15], [26, 9], [26, 14], [26, 28], [30, 13]]",1.1130832717753947e-06,False,662,6.4967749901858625
skip_link,pythia-2.8b,natural,random_073,"[[24, 6], [26, 10], [28, 3], [29, 10], [30, 26]]",2.125598257407546e-07,False,662,6.4967749901858625
skip_link,pythia-2.8b,natural,random_074,"[[22, 3], [22, 6], [28, 11], [29, 2], [29, 22]]",1.0044313967227936e-05,False,662,6.4967749901858625
skip_link,pythia-2.8b,natural,random_075,"[[22, 24], [24, 12], [26, 18], [27, 14], [30, 31]]",5.192123353481293e-06,False,662,6.4967749901858625
skip_link,pythia-2.8b,natural,random_076,"[[24, 4], [29, 1], [29, 25], [30, 19], [31, 18]]",4.0148734115064144e-07,False,662,6.4967749901858625
skip_link,pythia-2.8b,natural,random_077,"[[23, 14], [24, 2], [24, 17], [25, 5], [27, 18]]",1.8909340724349022e-06,False,662,6.4967749901858625
skip_link,pythia-2.8b,natural,random_078,"[[22, 29], [29, 1], [29, 2], [29, 5], [31, 16]]",1.235785020980984e-07,False,662,6.4967749901858625
skip_link,pythia-2.8b,natural,random_079,"[[26, 7], [26, 21], [26, 27], [28, 9], [28, 20]]",1.3787037460133433e-05,False,662,6.4967749901858625
skip_link,pythia-2.8b,natural,random_080,"[[24, 1], [28, 22], [30, 22], [31, 4], [31, 7]]",9.201903594657779e-08,False,662,6.4967749901858625
skip_link,pythia-2.8b,natural,random_081,"[[22, 19], [25, 25], [26, 19], [27, 6], [31, 29]]",7.299371645785868e-06,False,662,6.4967749901858625
skip_link,pythia-2.8b,natural,random_082,"[[24, 1], [24, 11], [25, 22], [25, 28], [27, 15]]",1.4442484825849533e-05,False,662,6.4967749901858625
skip_link,pythia-2.8b,natural,random_083,"[[22, 10], [24, 12], [25, 5], [27, 4], [27, 12]]",1.8079299479722977e-06,False,662,6.4967749901858625
skip_link,pythia-2.8b,natural,random_084,"[[23, 14], [25, 16], [25, 19], [28, 26], [31, 23]]",3.901419404428452e-06,False,662,6.4967749901858625
skip_link,pythia-2.8b,natural,random_085,"[[23, 30], [24, 6], [25, 6], [25, 28], [31, 20]]",2.6859925128519535e-06,False,662,6.4967749901858625
skip_link,pythia-2.8b,natural,random_086,"[[22, 14], [24, 20], [24, 30], [27, 18], [30, 5]]",9.581184713169932e-06,False,662,6.4967749901858625
skip_link,pythia-2.8b,natural,random_087,"[[22, 31], [23, 17], [25, 8], [29, 19], [31, 11]]",6.012560334056616e-07,False,662,6.4967749901858625
skip_link,pythia-2.8b,natural,random_088,"[[22, 3], [22, 19], [23, 10], [27, 1], [31, 12]]",7.621158147230744e-06,False,662,6.4967749901858625
skip_link,pythia-2.8b,natural,random_089,"[[22, 17], [26, 17], [27, 18], [30, 30], [31, 31]]",3.8777870940975845e-06,False,662,6.4967749901858625
skip_link,pythia-2.8b,natural,random_090,"[[24, 19], [27, 8], [29, 9], [30, 2], [30, 17]]",5.727095413021743e-06,False,662,6.4967749901858625
skip_link,pythia-2.8b,natural,random_091,"[[24, 19], [25, 4], [29, 3], [29, 23], [31, 7]]",1.909411366796121e-07,False,662,6.4967749901858625
skip_link,pythia-2.8b,natural,random_092,"[[24, 14], [26, 18], [28, 20], [29, 14], [29, 19]]",5.718029569834471e-07,False,662,6.4967749901858625
skip_link,pythia-2.8b,natural,random_093,"[[24, 6], [27, 20], [28, 16], [30, 0], [30, 13]]",6.79868389852345e-06,False,662,6.4967749901858625
skip_link,pythia-2.8b,natural,random_094,"[[23, 4], [23, 7], [25, 31], [26, 21], [29, 26]]",8.783827070146799e-07,False,662,6.4967749901858625
skip_link,pythia-2.8b,natural,random_095,"[[22, 4], [25, 4], [25, 7], [27, 27], [28, 6]]",8.866991265676916e-06,False,662,6.4967749901858625
skip_link,pythia-2.8b,natural,random_096,"[[22, 3], [26, 2], [28, 17], [29, 14], [31, 22]]",2.2499007172882557e-06,False,662,6.4967749901858625
skip_link,pythia-2.8b,natural,random_097,"[[23, 19], [23, 25], [26, 5], [29, 31], [31, 5]]",1.6283229342661798e-06,False,662,6.4967749901858625
skip_link,pythia-2.8b,natural,random_098,"[[24, 7], [25, 4], [27, 24], [28, 19], [29, 25]]",7.880371413193643e-07,False,662,6.4967749901858625
skip_link,pythia-2.8b,natural,random_099,"[[24, 28], [27, 6], [28, 12], [30, 26], [31, 8]]",3.803870640695095e-07,False,662,6.4967749901858625
skip_link,pythia-2.8b,natural,random_100,"[[24, 26], [25, 6], [25, 26], [30, 18], [31, 26]]",7.709895726293325e-07,False,662,6.4967749901858625
tree_grid,pythia-2.8b,natural,random_001,"[[25, 18], [26, 11], [26, 12], [27, 24], [31, 17]]",1.1871597962453961e-06,False,865,6.763884908562435
tree_grid,pythia-2.8b,natural,random_002,"[[22, 7], [25, 21], [26, 2], [27, 12], [30, 23]]",9.102732292376459e-07,False,865,6.763884908562435
tree_grid,pythia-2.8b,natural,random_003,"[[22, 5], [23, 9], [26, 3], [26, 12], [31, 8]]",2.269545802846551e-05,False,865,6.763884908562435
tree_grid,pythia-2.8b,natural,random_004,"[[22, 6], [23, 20], [26, 7], [27, 1], [31, 13]]",8.060625987127423e-06,False,865,6.763884908562435
tree_grid,pythia-2.8b,natural,random_005,"[[23, 15], [24, 21], [27, 10], [27, 26], [28, 4]]",7.985436241142452e-06,False,865,6.763884908562435
tree_grid,pythia-2.8b,natural,random_006,"[[23, 14], [26, 26], [27, 29], [28, 16], [31, 17]]",2.3625398171134293e-06,False,865,6.763884908562435
tree_grid,pythia-2.8b,natural,random_007,"[[23, 28], [24, 4], [28, 0], [28, 15], [30, 9]]",7.748894859105349e-07,False,865,6.763884908562435
tree_grid,pythia-2.8b,natural,random_008,"[[27, 19], [28, 1], [28, 27], [30, 3], [30, 21]]",1.3313008821569383e-05,False,865,6.763884908562435
tree_grid,pythia-2.8b,natural,random_009,"[[25, 5], [26, 27], [28, 2], [29, 28], [30, 20]]",8.322764188051224e-06,False,865,6.763884908562435
tree_grid,pythia-2.8b,natural,random_010,"[[22, 22], [22, 24], [25, 24], [30, 24], [31, 11]]",9.47549706324935e-05,False,865,6.763884908562435
tree_grid,pythia-2.8b,natural,random_011,"[[22, 10], [24, 0], [28, 30], [30, 18], [31, 30]]",5.3305120673030615e-06,False,865,6.763884908562435
tree_grid,pythia-2.8b,natural,random_012,"[[25, 18], [27, 3], [27, 13], [28, 29], [30, 22]]",3.537817974574864e-06,False,865,6.763884908562435
tree_grid,pythia-2.8b,natural,random_013,"[[24, 15], [28, 20], [28, 28], [30, 17], [31, 21]]",6.126327207311988e-05,False,865,6.763884908562435
tree_grid,pythia-2.8b,natural,random_014,"[[23, 8], [25, 10], [27, 19], [27, 28], [31, 4]]",2.7016085368813947e-06,False,865,6.763884908562435
tree_grid,pythia-2.8b,natural,random_015,"[[26, 21], [29, 28], [30, 28], [31, 19], [31, 23]]",1.3709941413253546e-06,False,865,6.763884908562435
tree_grid,pythia-2.8b,natural,random_016,"[[24, 27], [26, 23], [28, 21], [29, 13], [30, 26]]",3.924622433260083e-06,False,865,6.763884908562435
tree_grid,pythia-2.8b,natural,random_017,"[[23, 19], [25, 25], [28, 17], [30, 3], [30, 4]]",1.6770762158557773e-05,False,865,6.763884908562435
tree_grid,pythia-2.8b,natural,random_018,"[[22, 28], [24, 12], [26, 2], [26, 16], [26, 26]]",2.2085055206844117e-06,False,865,6.763884908562435
tree_grid,pythia-2.8b,natural,random_019,"[[23, 21], [24, 26], [26, 19], [28, 29], [31, 3]]",2.4821492843329906e-06,False,865,6.763884908562435
tree_grid,pythia-2.8b,natural,random_020,"[[26, 9], [28, 4], [29, 24], [30, 13], [31, 15]]",1.569977030158043e-06,False,865,6.763884908562435
tree_grid,pythia-2.8b,natural,random_021,"[[23, 19], [25, 11], [26, 24], [27, 27], [29, 6]]",1.816215444705449e-06,False,865,6.763884908562435
tree_grid,pythia-2.8b,natural,random_022,"[[25, 12], [26, 9], [26, 13], [31, 12], [31, 14]]",1.8300488591194153e-06,False,865,6.763884908562435
tree_grid,pythia-2.8b,natural,random_023,"[[25, 9], [26, 8], [28, 22], [29, 28], [30, 20]]",8.7135995272547e-06,False,865,6.763884908562435
tree_grid,pythia-2.8b,natural,random_024,"[[22, 8], [23, 19], [23, 23], [29, 22], [31, 6]]",6.847549229860306e-07,False,865,6.763884908562435
tree_grid,pythia-2.8b,natural,random_025,"[[25, 7], [28, 11], [29, 22], [30, 14], [31, 30]]",5.279078322928399e-06,False,865,6.763884908562435
tree_grid,pythia-2.8b,natural,random_026,"[[22, 1], [23, 5], [24, 20], [27, 1], [28, 7]]",0.0030646156519651413,False,865,6.763884908562435
tree_grid,pythia-2.8b,natural,random_027,"[[23, 28], [26, 4], [28, 16], [29, 27], [31, 8]]",3.64103470928967e-06,False,865,6.763884908562435
tree_grid,pythia-2.8b,natural,random_028,"[[23, 12], [24, 20], [25, 12], [26, 24], [31, 22]]",2.4562934413552284e-05,False,865,6.763884908562435
tree_grid,pythia-2.8b,natural,random_029,"[[22, 12], [24, 7], [25, 25], [26, 18], [30, 2]]",4.844164323003497e-07,False,865,6.763884908562435
tree_grid,pythia-2.8b,natural,random_030,"[[22, 13], [26, 5], [28, 15], [28, 30], [31, 15]]",7.590482709929347e-06,False,865,6.763884908562435
tree_grid,pythia-2.8b,natural,random_031,"[[25, 1], [26, 24], [27, 22], [28, 27], [29, 24]]",7.059679774101824e-07,False,865,6.763884908562435
tree_grid,pythia-2.8b,natural,random_032,"[[23, 18], [24, 27], [26, 22], [27, 25], [31, 30]]",1.6044550648075528e-06,False,865,6.763884908562435
tree_grid,pythia-2.8b,natural,random_033,"[[25, 10], [28, 1], [29, 20], [30, 23], [31, 4]]",8.056274964474142e-06,False,865,6.763884908562435
tree_grid,pythia-2.8b,natural,random_034,"[[24, 29], [26, 2], [28, 19], [29, 17], [30, 31]]",3.492634277790785e-06,False,865,6.763884908562435
tree_grid,pythia-2.8b,natural,random_035,"[[23, 28], [27, 3], [28, 14], [28, 20], [31, 18]]",2.121945726685226e-06,False,865,6.763884908562435
tree_grid,pythia-2.8b,natural,random_036,"[[23, 5], [24, 13], [24, 18], [25, 4], [27, 24]]",0.002839483320713043,False,865,6.763884908562435
tree_grid,pythia-2.8b,natural,random_037,"[[22, 30], [23, 16], [25, 8], [27, 18], [30, 8]]",7.455440936610103e-06,False,865,6.763884908562435
tree_grid,pythia-2.8b,natural,random_038,"[[22, 1], [24, 12], [25, 19], [26, 14], [26, 18]]",2.840388333424926e-06,False,865,6.763884908562435
tree_grid,pythia-2.8b,natural,random_039,"[[27, 10], [27, 27], [28, 7], [31, 5], [31, 9]]",7.954853572300635e-06,False,865,6.763884908562435
tree_grid,pythia-2.8b,natural,random_040,"[[22, 3], [24, 0], [25, 11], [29, 8], [30, 1]]",1.0290590580552816e-05,False,865,6.763884908562435
tree_grid,pythia-2.8b,natural,random_041,"[[24, 7], [29, 8], [29, 15], [30, 28], [31, 24]]",1.1903612175956368e-05,False,865,6.763884908562435
tree_grid,pythia-2.8b,natural,random_042,"[[22, 31], [23, 10], [30, 0], [31, 20], [31, 28]]",9.48016531765461e-06,False,865,6.763884908562435
tree_grid,pythia-2.8b,natural,random_043,"[[23, 29], [24, 2], [26, 8], [30, 0], [31, 24]]",2.3569853510707617e-05,False,865,6.763884908562435
tree_grid,pythia-2.8b,natural,random_044,"[[22, 9], [24, 27], [26, 15], [26, 27], [30, 28]]",1.4051911421120167e-05,False,865,6.763884908562435
tree_grid,pythia-2.8b,natural,random_045,"[[23, 12], [26, 20], [28, 22], [29, 0], [31, 31]]",3.0353432521224022e-05,False,865,6.763884908562435
tree_grid,pythia-2.8b,natural,random_046,"[[23, 3], [24, 3], [26, 12], [29, 19], [31, 11]]",1.4945690054446459e-06,False,865,6.763884908562435
tree_grid,pythia-2.8b,natural,random_047,"[[24, 11], [24, 23], [26, 1], [26, 17], [26, 25]]",1.9065082597080618e-06,False,865,6.763884908562435
tree_grid,pythia-2.8b,natural,random_048,"[[24, 22], [29, 16], [29, 18], [30, 16], [30, 26]]",8.310162229463458e-06,False,865,6.763884908562435
tree_grid,pythia-2.8b,natural,random_049,"[[25, 4], [27, 9], [28, 9], [30, 17], [31, 26]]",4.109533620066941e-06,False,865,6.763884908562435
tree_grid,pythia-2.8b,natural,random_050,"[[22, 13], [25, 23], [27, 3], [29, 28], [31, 24]]",1.6603880794718862e-06,False,865,6.763884908562435
tree_grid,pythia-2.8b,natural,random_051,"[[22, 7], [23, 18], [24, 22], [29, 5], [31, 29]]",1.4072429621592164e-06,False,865,6.763884908562435
tree_grid,pythia-2.8b,natural,random_052,"[[24, 20], [26, 25], [27, 13], [28, 10], [29, 27]]",6.5267086029052734e-06,False,865,6.763884908562435
tree_grid,pythia-2.8b,natural,random_053,"[[22, 24], [26, 17], [26, 22], [27, 17], [31, 10]]",1.7625570762902498e-06,False,865,6.763884908562435
tree_grid,pythia-2.8b,natural,random_054,"[[23, 30], [24, 5], [25, 30], [26, 15], [28, 2]]",3.0427472665905952e-06,False,865,6.763884908562435
tree_grid,pythia-2.8b,natural,random_055,"[[25, 22], [28, 24], [29, 12], [31, 16], [31, 21]]",6.376445526257157e-06,False,865,6.763884908562435
tree_grid,pythia-2.8b,natural,random_056,"[[23, 29], [24, 15], [26, 22], [28, 31], [30, 2]]",3.4952652640640736e-05,False,865,6.763884908562435
tree_grid,pythia-2.8b,natural,random_057,"[[22, 21], [25, 15], [28, 1], [28, 4], [28, 30]]",5.040451651439071e-05,False,865,6.763884908562435
tree_grid,pythia-2.8b,natural,random_058,"[[22, 1], [26, 16], [26, 26], [29, 17], [31, 29]]",2.3571192286908627e-06,False,865,6.763884908562435
tree_grid,pythia-2.8b,natural,random_059,"[[24, 2], [24, 31], [27, 11], [29, 27], [30, 25]]",3.967608790844679e-06,False,865,6.763884908562435
tree_grid,pythia-2.8b,natural,random_060,"[[22, 6], [27, 3], [27, 21], [28, 30], [31, 4]]",0.0001057072076946497,False,865,6.763884908562435
tree_grid,pythia-2.8b,natural,random_061,"[[23, 4], [24, 29], [26, 9], [30, 24], [31, 12]]",1.0840321920113638e-06,False,865,6.763884908562435
tree_grid,pythia-2.8b,natural,random_062,"[[22, 31], [23, 28], [25, 6], [27, 12], [29, 25]]",6.27809640718624e-07,False,865,6.763884908562435
tree_grid,pythia-2.8b,natural,random_063,"[[24, 7], [27, 3], [27, 17], [27, 31], [28, 23]]",1.5558798622805625e-06,False,865,6.763884908562435
tree_grid,pythia-2.8b,natural,random_064,"[[26, 7], [26, 30], [28, 30], [29, 9], [31, 11]]",8.129551133606583e-06,False,865,6.763884908562435
tree_grid,pythia-2.8b,natural,random_065,"[[22, 23], [26, 7], [27, 18], [27, 31], [28, 25]]",2.233369741588831e-06,False,865,6.763884908562435
tree_grid,pythia-2.8b,natural,random_066,"[[28, 25], [29, 5], [29, 17], [29, 25], [30, 5]]",6.794361979700625e-07,False,865,6.763884908562435
tree_grid,pythia-2.8b,natural,random_067,"[[23, 15], [24, 31], [27, 8], [28, 29], [30, 4]]",2.1138694137334824e-06,False,865,6.763884908562435
tree_grid,pythia-2.8b,natural,random_068,"[[25, 25], [26, 9], [28, 8], [28, 29], [30, 20]]",4.880421329289675e-07,False,865,6.763884908562435
tree_grid,pythia-2.8b,natural,random_069,"[[22, 21], [23, 7], [25, 0], [27, 2], [29, 1]]",8.589850040152669e-07,False,865,6.763884908562435
tree_grid,pythia-2.8b,natural,random_070,"[[22, 17], [23, 15], [23, 23], [28, 25], [29, 0]]",3.989283868577331e-06,False,865,6.763884908562435
tree_grid,pythia-2.8b,natural,random_071,"[[24, 29], [25, 30], [28, 19], [29, 14], [30, 26]]",2.344830136280507e-06,False,865,6.763884908562435
tree_grid,pythia-2.8b,natural,random_072,"[[23, 15], [26, 9], [26, 14], [26, 28], [30, 13]]",3.83401129511185e-06,False,865,6.763884908562435
tree_grid,pythia-2.8b,natural,random_073,"[[24, 6], [26, 10], [28, 3], [29, 10], [30, 26]]",9.198993211612105e-07,False,865,6.763884908562435
tree_grid,pythia-2.8b,natural,random_074,"[[22, 3], [22, 6], [28, 11], [29, 2], [29, 22]]",9.836832759901881e-06,False,865,6.763884908562435
tree_grid,pythia-2.8b,natural,random_075,"[[22, 24], [24, 12], [26, 18], [27, 14], [30, 31]]",3.022149030584842e-06,False,865,6.763884908562435
tree_grid,pythia-2.8b,natural,random_076,"[[24, 4], [29, 1], [29, 25], [30, 19], [31, 18]]",5.471592885442078e-07,False,865,6.763884908562435
tree_grid,pythia-2.8b,natural,random_077,"[[23, 14], [24, 2], [24, 17], [25, 5], [27, 18]]",1.2291493476368487e-06,False,865,6.763884908562435
tree_grid,pythia-2.8b,natural,random_078,"[[22, 29], [29, 1], [29, 2], [29, 5], [31, 16]]",1.194370270241052e-06,False,865,6.763884908562435
tree_grid,pythia-2.8b,natural,random_079,"[[26, 7], [26, 21], [26, 27], [28, 9], [28, 20]]",1.2021773727610707e-05,False,865,6.763884908562435
tree_grid,pythia-2.8b,natural,random_080,"[[24, 1], [28, 22], [30, 22], [31, 4], [31, 7]]",1.8562750483397394e-06,False,865,6.763884908562435
tree_grid,pythia-2.8b,natural,random_081,"[[22, 19], [25, 25], [26, 19], [27, 6], [31, 29]]",2.3498607333749533e-05,False,865,6.763884908562435
tree_grid,pythia-2.8b,natural,random_082,"[[24, 1], [24, 11], [25, 22], [25, 28], [27, 15]]",1.2103260814910755e-05,False,865,6.763884908562435
tree_grid,pythia-2.8b,natural,random_083,"[[22, 10], [24, 12], [25, 5], [27, 4], [27, 12]]",1.6774538380559534e-06,False,865,6.763884908562435
tree_grid,pythia-2.8b,natural,random_084,"[[23, 14], [25, 16], [25, 19], [28, 26], [31, 23]]",7.054859452182427e-06,False,865,6.763884908562435
tree_grid,pythia-2.8b,natural,random_085,"[[23, 30], [24, 6], [25, 6], [25, 28], [31, 20]]",4.538012944976799e-06,False,865,6.763884908562435
tree_grid,pythia-2.8b,natural,random_086,"[[22, 14], [24, 20], [24, 30], [27, 18], [30, 5]]",3.723747795447707e-06,False,865,6.763884908562435
tree_grid,pythia-2.8b,natural,random_087,"[[22, 31], [23, 17], [25, 8], [29, 19], [31, 11]]",7.80288246460259e-07,False,865,6.763884908562435
tree_grid,pythia-2.8b,natural,random_088,"[[22, 3], [22, 19], [23, 10], [27, 1], [31, 12]]",2.0041305106133223e-05,False,865,6.763884908562435
tree_grid,pythia-2.8b,natural,random_089,"[[22, 17], [26, 17], [27, 18], [30, 30], [31, 31]]",1.426826202077791e-06,False,865,6.763884908562435
tree_grid,pythia-2.8b,natural,random_090,"[[24, 19], [27, 8], [29, 9], [30, 2], [30, 17]]",1.170494215330109e-06,False,865,6.763884908562435
tree_grid,pythia-2.8b,natural,random_091,"[[24, 19], [25, 4], [29, 3], [29, 23], [31, 7]]",2.0486550056375563e-07,False,865,6.763884908562435
tree_grid,pythia-2.8b,natural,random_092,"[[24, 14], [26, 18], [28, 20], [29, 14], [29, 19]]",6.702175596728921e-07,False,865,6.763884908562435
tree_grid,pythia-2.8b,natural,random_093,"[[24, 6], [27, 20], [28, 16], [30, 0], [30, 13]]",8.195012924261391e-06,False,865,6.763884908562435
tree_grid,pythia-2.8b,natural,random_094,"[[23, 4], [23, 7], [25, 31], [26, 21], [29, 26]]",1.2535238056443632e-06,False,865,6.763884908562435
tree_grid,pythia-2.8b,natural,random_095,"[[22, 4], [25, 4], [25, 7], [27, 27], [28, 6]]",9.590628906153142e-06,False,865,6.763884908562435
tree_grid,pythia-2.8b,natural,random_096,"[[22, 3], [26, 2], [28, 17], [29, 14], [31, 22]]",1.6969148418866098e-05,False,865,6.763884908562435
tree_grid,pythia-2.8b,natural,random_097,"[[23, 19], [23, 25], [26, 5], [29, 31], [31, 5]]",5.5743439588695765e-06,False,865,6.763884908562435
tree_grid,pythia-2.8b,natural,random_098,"[[24, 7], [25, 4], [27, 24], [28, 19], [29, 25]]",1.7080928955692798e-06,False,865,6.763884908562435
tree_grid,pythia-2.8b,natural,random_099,"[[24, 28], [27, 6], [28, 12], [30, 26], [31, 8]]",2.718807081691921e-07,False,865,6.763884908562435
tree_grid,pythia-2.8b,natural,random_100,"[[24, 26], [25, 6], [25, 26], [30, 18], [31, 26]]",6.534464773721993e-07,False,865,6.763884908562435
redundant_entry,pythia-2.8b,natural,random_001,"[[25, 18], [26, 11], [26, 12], [27, 24], [31, 17]]",1.6839549061842263e-06,False,205,5.327876168789581
redundant_entry,pythia-2.8b,natural,random_002,"[[22, 7], [25, 21], [26, 2], [27, 12], [30, 23]]",4.229172191116959e-06,False,205,5.327876168789581
redundant_entry,pythia-2.8b,natural,random_003,"[[22, 5], [23, 9], [26, 3], [26, 12], [31, 8]]",1.7908692825585604e-05,False,205,5.327876168789581
redundant_entry,pythia-2.8b,natural,random_004,"[[22, 6], [23, 20], [26, 7], [27, 1], [31, 13]]",3.137154271826148e-05,False,205,5.327876168789581
redundant_entry,pythia-2.8b,natural,random_005,"[[23, 15], [24, 21], [27, 10], [27, 26], [28, 4]]",0.0001622966956347227,False,205,5.327876168789581
redundant_entry,pythia-2.8b,natural,random_006,"[[23, 14], [26, 26], [27, 29], [28, 16], [31, 17]]",6.164686055853963e-06,False,205,5.327876168789581
redundant_entry,pythia-2.8b,natural,random_007,"[[23, 28], [24, 4], [28, 0], [28, 15], [30, 9]]",2.682798367459327e-06,False,205,5.327876168789581
redundant_entry,pythia-2.8b,natural,random_008,"[[27, 19], [28, 1], [28, 27], [30, 3], [30, 21]]",0.00016611418686807156,False,205,5.327876168789581
redundant_entry,pythia-2.8b,natural,random_009,"[[25, 5], [26, 27], [28, 2], [29, 28], [30, 20]]",7.42741976864636e-05,False,205,5.327876168789581
redundant_entry,pythia-2.8b,natural,random_010,"[[22, 22], [22, 24], [25, 24], [30, 24], [31, 11]]",6.788864266127348e-05,False,205,5.327876168789581
redundant_entry,pythia-2.8b,natural,random_011,"[[22, 10], [24, 0], [28, 30], [30, 18], [31, 30]]",3.449121140874922e-05,False,205,5.327876168789581
redundant_entry,pythia-2.8b,natural,random_012,"[[25, 18], [27, 3], [27, 13], [28, 29], [30, 22]]",6.788159953430295e-05,False,205,5.327876168789581
redundant_entry,pythia-2.8b,natural,random_013,"[[24, 15], [28, 20], [28, 28], [30, 17], [31, 21]]",0.0009507122449576855,False,205,5.327876168789581
redundant_entry,pythia-2.8b,natural,random_014,"[[23, 8], [25, 10], [27, 19], [27, 28], [31, 4]]",2.82282562693581e-05,False,205,5.327876168789581
redundant_entry,pythia-2.8b,natural,random_015,"[[26, 21], [29, 28], [30, 28], [31, 19], [31, 23]]",4.656285454984754e-06,False,205,5.327876168789581
redundant_entry,pythia-2.8b,natural,random_016,"[[24, 27], [26, 23], [28, 21], [29, 13], [30, 26]]",9.664028766565025e-06,False,205,5.327876168789581
redundant_entry,pythia-2.8b,natural,random_017,"[[23, 19], [25, 25], [28, 17], [30, 3], [30, 4]]",0.00020508107263594866,False,205,5.327876168789581
redundant_entry,pythia-2.8b,natural,random_018,"[[22, 28], [24, 12], [26, 2], [26, 16], [26, 26]]",3.33750358549878e-06,False,205,5.327876168789581
redundant_entry,pythia-2.8b,natural,random_019,"[[23, 21], [24, 26], [26, 19], [28, 29], [31, 3]]",5.0436792662367225e-06,False,205,5.327876168789581
redundant_entry,pythia-2.8b,natural,random_020,"[[26, 9], [28, 4], [29, 24], [30, 13], [31, 15]]",3.045905032195151e-06,False,205,5.327876168789581
redundant_entry,pythia-2.8b,natural,random_021,"[[23, 19], [25, 11], [26, 24], [27, 27], [29, 6]]",2.0829480490647256e-05,False,205,5.327876168789581
redundant_entry,pythia-2.8b,natural,random_022,"[[25, 12], [26, 9], [26, 13], [31, 12], [31, 14]]",7.780836313031614e-07,False,205,5.327876168789581
redundant_entry,pythia-2.8b,natural,random_023,"[[25, 9], [26, 8], [28, 22], [29, 28], [30, 20]]",3.5786128137260675e-05,False,205,5.327876168789581
redundant_entry,pythia-2.8b,natural,random_024,"[[22, 8], [23, 19], [23, 23], [29, 22], [31, 6]]",1.177992089651525e-06,False,205,5.327876168789581
redundant_entry,pythia-2.8b,natural,random_025,"[[25, 7], [28, 11], [29, 22], [30, 14], [31, 30]]",8.495757356286049e-06,False,205,5.327876168789581
redundant_entry,pythia-2.8b,natural,random_026,"[[22, 1], [23, 5], [24, 20], [27, 1], [28, 7]]",0.003996375948190689,False,205,5.327876168789581
redundant_entry,pythia-2.8b,natural,random_027,"[[23, 28], [26, 4], [28, 16], [29, 27], [31, 8]]",1.5559322491753846e-05,False,205,5.327876168789581
redundant_entry,pythia-2.8b,natural,random_028,"[[23, 12], [24, 20], [25, 12], [26, 24], [31, 22]]",7.127810386009514e-05,False,205,5.327876168789581
redundant_entry,pythia-2.8b,natural,random_029,"[[22, 12], [24, 7], [25, 25], [26, 18], [30, 2]]",1.3652024790644646e-06,False,205,5.327876168789581
redundant_entry,pythia-2.8b,natural,random_030,"[[22, 13], [26, 5], [28, 15], [28, 30], [31, 15]]",4.722003359347582e-05,False,205,5.327876168789581
redundant_entry,pythia-2.8b,natural,random_031,"[[25, 1], [26, 24], [27, 22], [28, 27], [29, 24]]",2.384622348472476e-06,False,205,5.327876168789581
redundant_entry,pythia-2.8b,natural,random_032,"[[23, 18], [24, 27], [26, 22], [27, 25], [31, 30]]",1.4640609151683748e-06,False,205,5.327876168789581
redundant_entry,pythia-2.8b,natural,random_033,"[[25, 10], [28, 1], [29, 20], [30, 23], [31, 4]]",0.00013508950360119343,False,205,5.327876168789581
redundant_entry,pythia-2.8b,natural,random_034,"[[24, 29], [26, 2], [28, 19], [29, 17], [30, 31]]",0.0007354090921580791,False,205,5.327876168789581
redundant_entry,pythia-2.8b,natural,random_035,"[[23, 28], [27, 3], [28, 14], [28, 20], [31, 18]]",9.375087756779976e-06,False,205,5.327876168789581
redundant_entry,pythia-2.8b,natural,random_036,"[[23, 5], [24, 13], [24, 18], [25, 4], [27, 24]]",0.00355621543712914,False,205,5.327876168789581
redundant_entry,pythia-2.8b,natural,random_037,"[[22, 30], [23, 16], [25, 8], [27, 18], [30, 8]]",9.770054020918906e-06,False,205,5.327876168789581
redundant_entry,pythia-2.8b,natural,random_038,"[[22, 1], [24, 12], [25, 19], [26, 14], [26, 18]]",1.2249511200934649e-05,False,205,5.327876168789581
redundant_entry,pythia-2.8b,natural,random_039,"[[27, 10], [27, 27], [28, 7], [31, 5], [31, 9]]",7.386156357824802e-05,False,205,5.327876168789581
redundant_entry,pythia-2.8b,natural,random_040,"[[22, 3], [24, 0], [25, 11], [29, 8], [30, 1]]",2.0377367036417127e-05,False,205,5.327876168789581
redundant_entry,pythia-2.8b,natural,random_041,"[[24, 7], [29, 8], [29, 15], [30, 28], [31, 24]]",2.524202864151448e-05,False,205,5.327876168789581
redundant_entry,pythia-2.8b,natural,random_042,"[[22, 31], [23, 10], [30, 0], [31, 20], [31, 28]]",1.080344372894615e-05,False,205,5.327876168789581
redundant_entry,pythia-2.8b,natural,random_043,"[[23, 29], [24, 2], [26, 8], [30, 0], [31, 24]]",2.7337155188433826e-05,False,205,5.327876168789581
redundant_entry,pythia-2.8b,natural,random_044,"[[22, 9], [24, 27], [26, 15], [26, 27], [30, 28]]",2.5919871404767036e-05,False,205,5.327876168789581
redundant_entry,pythia-2.8b,natural,random_045,"[[23, 12], [26, 20], [28, 22], [29, 0], [31, 31]]",7.462358917109668e-05,False,205,5.327876168789581
redundant_entry,pythia-2.8b,natural,random_046,"[[23, 3], [24, 3], [26, 12], [29, 19], [31, 11]]",1.94321182789281e-06,False,205,5.327876168789581
redundant_entry,pythia-2.8b,natural,random_047,"[[24, 11], [24, 23], [26, 1], [26, 17], [26, 25]]",6.210655556060374e-06,False,205,5.327876168789581
redundant_entry,pythia-2.8b,natural,random_048,"[[24, 22], [29, 16], [29, 18], [30, 16], [30, 26]]",1.732714008539915e-05,False,205,5.327876168789581
redundant_entry,pythia-2.8b,natural,random_049,"[[25, 4], [27, 9], [28, 9], [30, 17], [31, 26]]",0.00011600249854382128,False,205,5.327876168789581
redundant_entry,pythia-2.8b,natural,random_050,"[[22, 13], [25, 23], [27, 3], [29, 28], [31, 24]]",5.239839083515108e-06,False,205,5.327876168789581
redundant_entry,pythia-2.8b,natural,random_051,"[[22, 7], [23, 18], [24, 22], [29, 5], [31, 29]]",8.759034244576469e-07,False,205,5.327876168789581
redundant_entry,pythia-2.8b,natural,random_052,"[[24, 20], [26, 25], [27, 13], [28, 10], [29, 27]]",5.327760300133377e-05,False,205,5.327876168789581
redundant_entry,pythia-2.8b,natural,random_053,"[[22, 24], [26, 17], [26, 22], [27, 17], [31, 10]]",4.037268809042871e-06,False,205,5.327876168789581
redundant_entry,pythia-2.8b,natural,random_054,"[[23, 30], [24, 5], [25, 30], [26, 15], [28, 2]]",5.213409895077348e-05,False,205,5.327876168789581
redundant_entry,pythia-2.8b,natural,random_055,"[[25, 22], [28, 24], [29, 12], [31, 16], [31, 21]]",5.112637882120907e-05,False,205,5.327876168789581
redundant_entry,pythia-2.8b,natural,random_056,"[[23, 29], [24, 15], [26, 22], [28, 31], [30, 2]]",4.073747550137341e-05,False,205,5.327876168789581
redundant_entry,pythia-2.8b,natural,random_057,"[[22, 21], [25, 15], [28, 1], [28, 4], [28, 30]]",0.0010782000608742237,False,205,5.327876168789581
redundant_entry,pythia-2.8b,natural,random_058,"[[22, 1], [26, 16], [26, 26], [29, 17], [31, 29]]",2.969070919789374e-06,False,205,5.327876168789581
redundant_entry,pythia-2.8b,natural,random_059,"[[24, 2], [24, 31], [27, 11], [29, 27], [30, 25]]",2.150866566807963e-05,False,205,5.327876168789581
redundant_entry,pythia-2.8b,natural,random_060,"[[22, 6], [27, 3], [27, 21], [28, 30], [31, 4]]",0.00029291375540196896,False,205,5.327876168789581
redundant_entry,pythia-2.8b,natural,random_061,"[[23, 4], [24, 29], [26, 9], [30, 24], [31, 12]]",2.9729126254096627e-06,False,205,5.327876168789581
redundant_entry,pythia-2.8b,natural,random_062,"[[22, 31], [23, 28], [25, 6], [27, 12], [29, 25]]",4.87975194118917e-06,False,205,5.327876168789581
redundant_entry,pythia-2.8b,natural,random_063,"[[24, 7], [27, 3], [27, 17], [27, 31], [28, 23]]",1.4736317098140717e-05,False,205,5.327876168789581
redundant_entry,pythia-2.8b,natural,random_064,"[[26, 7], [26, 30], [28, 30], [29, 9], [31, 11]]",4.538340726867318e-05,False,205,5.327876168789581
redundant_entry,pythia-2.8b,natural,random_065,"[[22, 23], [26, 7], [27, 18], [27, 31], [28, 25]]",1.2994714779779315e-05,False,205,5.327876168789581
redundant_entry,pythia-2.8b,natural,random_066,"[[28, 25], [29, 5], [29, 17], [29, 25], [30, 5]]",2.175540430471301e-06,False,205,5.327876168789581
redundant_entry,pythia-2.8b,natural,random_067,"[[23, 15], [24, 31], [27, 8], [28, 29], [30, 4]]",3.295400529168546e-05,False,205,5.327876168789581
redundant_entry,pythia-2.8b,natural,random_068,"[[25, 25], [26, 9], [28, 8], [28, 29], [30, 20]]",8.415881893597543e-07,False,205,5.327876168789581
redundant_entry,pythia-2.8b,natural,random_069,"[[22, 21], [23, 7], [25, 0], [27, 2], [29, 1]]",4.649293259717524e-06,False,205,5.327876168789581
redundant_entry,pythia-2.8b,natural,random_070,"[[22, 17], [23, 15], [23, 23], [28, 25], [29, 0]]",2.944646985270083e-05,False,205,5.327876168789581
redundant_entry,pythia-2.8b,natural,random_071,"[[24, 29], [25, 30], [28, 19], [29, 14], [30, 26]]",0.0007173521444201469,False,205,5.327876168789581
redundant_entry,pythia-2.8b,natural,random_072,"[[23, 15], [26, 9], [26, 14], [26, 28], [30, 13]]",3.5431934520602226e-05,False,205,5.327876168789581
redundant_entry,pythia-2.8b,natural,random_073,"[[24, 6], [26, 10], [28, 3], [29, 10], [30, 26]]",3.053362888749689e-06,False,205,5.327876168789581
redundant_entry,pythia-2.8b,natural,random_074,"[[22, 3], [22, 6], [28, 11], [29, 2], [29, 22]]",2.7684203814715147e-05,False,205,5.327876168789581
redundant_entry,pythia-2.8b,natural,random_075,"[[22, 24], [24, 12], [26, 18], [27, 14], [30, 31]]",9.84540383797139e-06,False,205,5.327876168789581
redundant_entry,pythia-2.8b,natural,random_076,"[[24, 4], [29, 1], [29, 25], [30, 19], [31, 18]]",2.1778978407382965e-06,False,205,5.327876168789581
redundant_entry,pythia-2.8b,natural,random_077,"[[23, 14], [24, 2], [24, 17], [25, 5], [27, 18]]",1.0392890544608235e-05,False,205,5.327876168789581
redundant_entry,pythia-2.8b,natural,random_078,"[[22, 29], [29, 1], [29, 2], [29, 5], [31, 16]]",5.615147529169917e-07,False,205,5.327876168789581
redundant_entry,pythia-2.8b,natural,random_079,"[[26, 7], [26, 21], [26, 27], [28, 9], [28, 20]]",4.0690822061151266e-05,False,205,5.327876168789581
redundant_entry,pythia-2.8b,natural,random_080,"[[24, 1], [28, 22], [30, 22], [31, 4], [31, 7]]",1.0232688509859145e-05,False,205,5.327876168789581
redundant_entry,pythia-2.8b,natural,random_081,"[[22, 19], [25, 25], [26, 19], [27, 6], [31, 29]]",1.7108235624618828e-05,False,205,5.327876168789581
redundant_entry,pythia-2.8b,natural,random_082,"[[24, 1], [24, 11], [25, 22], [25, 28], [27, 15]]",7.211529009509832e-06,False,205,5.327876168789581
redundant_entry,pythia-2.8b,natural,random_083,"[[22, 10], [24, 12], [25, 5], [27, 4], [27, 12]]",3.841894795186818e-06,False,205,5.327876168789581
redundant_entry,pythia-2.8b,natural,random_084,"[[23, 14], [25, 16], [25, 19], [28, 26], [31, 23]]",3.633860615082085e-06,False,205,5.327876168789581
redundant_entry,pythia-2.8b,natural,random_085,"[[23, 30], [24, 6], [25, 6], [25, 28], [31, 20]]",2.894579665735364e-06,False,205,5.327876168789581
redundant_entry,pythia-2.8b,natural,random_086,"[[22, 14], [24, 20], [24, 30], [27, 18], [30, 5]]",1.646936289034784e-05,False,205,5.327876168789581
redundant_entry,pythia-2.8b,natural,random_087,"[[22, 31], [23, 17], [25, 8], [29, 19], [31, 11]]",1.838998286984861e-06,False,205,5.327876168789581
redundant_entry,pythia-2.8b,natural,random_088,"[[22, 3], [22, 19], [23, 10], [27, 1], [31, 12]]",1.940362562891096e-05,False,205,5.327876168789581
redundant_entry,pythia-2.8b,natural,random_089,"[[22, 17], [26, 17], [27, 18], [30, 30], [31, 31]]",9.401694114785641e-06,False,205,5.327876168789581
redundant_entry,pythia-2.8b,natural,random_090,"[[24, 19], [27, 8], [29, 9], [30, 2], [30, 17]]",8.622642781119794e-06,False,205,5.327876168789581
redundant_entry,pythia-2.8b,natural,random_091,"[[24, 19], [25, 4], [29, 3], [29, 23], [31, 7]]",4.769899533130229e-07,False,205,5.327876168789581
redundant_entry,pythia-2.8b,natural,random_092,"[[24, 14], [26, 18], [28, 20], [29, 14], [29, 19]]",1.4538018149323761e-06,False,205,5.327876168789581
redundant_entry,pythia-2.8b,natural,random_093,"[[24, 6], [27, 20], [28, 16], [30, 0], [30, 13]]",8.684350177645683e-06,False,205,5.327876168789581
redundant_entry,pythia-2.8b,natural,random_094,"[[23, 4], [23, 7], [25, 31], [26, 21], [29, 26]]",3.1767367545398884e-06,False,205,5.327876168789581
redundant_entry,pythia-2.8b,natural,random_095,"[[22, 4], [25, 4], [25, 7], [27, 27], [28, 6]]",2.2748310584574938e-05,False,205,5.327876168789581
redundant_entry,pythia-2.8b,natural,random_096,"[[22, 3], [26, 2], [28, 17], [29, 14], [31, 22]]",0.00019010016694664955,False,205,5.327876168789581
redundant_entry,pythia-2.8b,natural,random_097,"[[23, 19], [23, 25], [26, 5], [29, 31], [31, 5]]",5.080517439637333e-06,False,205,5.327876168789581
redundant_entry,pythia-2.8b,natural,random_098,"[[24, 7], [25, 4], [27, 24], [28, 19], [29, 25]]",0.0007956379558891058,False,205,5.327876168789581
redundant_entry,pythia-2.8b,natural,random_099,"[[24, 28], [27, 6], [28, 12], [30, 26], [31, 8]]",1.4648403521277942e-06,False,205,5.327876168789581
redundant_entry,pythia-2.8b,natural,random_100,"[[24, 26], [25, 6], [25, 26], [30, 18], [31, 26]]",1.8640857888385653e-06,False,205,5.327876168789581
form_field,pythia-2.8b,natural,random_001,"[[25, 18], [26, 11], [26, 12], [27, 24], [31, 17]]",2.5554472813382745e-06,False,51864,10.856399467865929
form_field,pythia-2.8b,natural,random_002,"[[22, 7], [25, 21], [26, 2], [27, 12], [30, 23]]",3.589273546822369e-06,False,51864,10.856399467865929
form_field,pythia-2.8b,natural,random_003,"[[22, 5], [23, 9], [26, 3], [26, 12], [31, 8]]",2.3689557565376163e-05,False,51864,10.856399467865929
form_field,pythia-2.8b,natural,random_004,"[[22, 6], [23, 20], [26, 7], [27, 1], [31, 13]]",2.4967011995613575e-05,False,51864,10.856399467865929
form_field,pythia-2.8b,natural,random_005,"[[23, 15], [24, 21], [27, 10], [27, 26], [28, 4]]",3.746087895706296e-05,False,51864,10.856399467865929
form_field,pythia-2.8b,natural,random_006,"[[23, 14], [26, 26], [27, 29], [28, 16], [31, 17]]",3.096560249105096e-06,False,51864,10.856399467865929
form_field,pythia-2.8b,natural,random_007,"[[23, 28], [24, 4], [28, 0], [28, 15], [30, 9]]",3.0218216124922037e-06,False,51864,10.856399467865929
form_field,pythia-2.8b,natural,random_008,"[[27, 19], [28, 1], [28, 27], [30, 3], [30, 21]]",5.208488437347114e-05,False,51864,10.856399467865929
form_field,pythia-2.8b,natural,random_009,"[[25, 5], [26, 27], [28, 2], [29, 28], [30, 20]]",5.2910938393324614e-05,False,51864,10.856399467865929
form_field,pythia-2.8b,natural,random_010,"[[22, 22], [22, 24], [25, 24], [30, 24], [31, 11]]",5.41668850928545e-05,False,51864,10.856399467865929
form_field,pythia-2.8b,natural,random_011,"[[22, 10], [24, 0], [28, 30], [30, 18], [31, 30]]",3.216117329429835e-05,False,51864,10.856399467865929
form_field,pythia-2.8b,natural,random_012,"[[25, 18], [27, 3], [27, 13], [28, 29], [30, 22]]",5.239993333816528e-05,False,51864,10.856399467865929
form_field,pythia-2.8b,natural,random_013,"[[24, 15], [28, 20], [28, 28], [30, 17], [31, 21]]",0.0005300142802298069,False,51864,10.856399467865929
form_field,pythia-2.8b,natural,random_014,"[[23, 8], [25, 10], [27, 19], [27, 28], [31, 4]]",7.137857028283179e-05,False,51864,10.856399467865929
form_field,pythia-2.8b,natural,random_015,"[[26, 21], [29, 28], [30, 28], [31, 19], [31, 23]]",1.3745389878749847e-05,False,51864,10.856399467865929
form_field,pythia-2.8b,natural,random_016,"[[24, 27], [26, 23], [28, 21], [29, 13], [30, 26]]",1.5466241165995598e-05,False,51864,10.856399467865929
form_field,pythia-2.8b,natural,random_017,"[[23, 19], [25, 25], [28, 17], [30, 3], [30, 4]]",5.659903399646282e-05,False,51864,10.856399467865929
form_field,pythia-2.8b,natural,random_018,"[[22, 28], [24, 12], [26, 2], [26, 16], [26, 26]]",2.371605660300702e-06,False,51864,10.856399467865929
form_field,pythia-2.8b,natural,random_019,"[[23, 21], [24, 26], [26, 19], [28, 29], [31, 3]]",5.336376489140093e-06,False,51864,10.856399467865929
form_field,pythia-2.8b,natural,random_020,"[[26, 9], [28, 4], [29, 24], [30, 13], [31, 15]]",3.088585799559951e-06,False,51864,10.856399467865929
form_field,pythia-2.8b,natural,random_021,"[[23, 19], [25, 11], [26, 24], [27, 27], [29, 6]]",1.9128070562146604e-05,False,51864,10.856399467865929
form_field,pythia-2.8b,natural,random_022,"[[25, 12], [26, 9], [26, 13], [31, 12], [31, 14]]",9.969808161258698e-07,False,51864,10.856399467865929
form_field,pythia-2.8b,natural,random_023,"[[25, 9], [26, 8], [28, 22], [29, 28], [30, 20]]",3.647577250376344e-05,False,51864,10.856399467865929
form_field,pythia-2.8b,natural,random_024,"[[22, 8], [23, 19], [23, 23], [29, 22], [31, 6]]",2.6179186534136534e-06,False,51864,10.856399467865929
form_field,pythia-2.8b,natural,random_025,"[[25, 7], [28, 11], [29, 22], [30, 14], [31, 30]]",1.2483738828450441e-05,False,51864,10.856399467865929
form_field,pythia-2.8b,natural,random_026,"[[22, 1], [23, 5], [24, 20], [27, 1], [28, 7]]",0.004589049145579338,False,51864,10.856399467865929
form_field,pythia-2.8b,natural,random_027,"[[23, 28], [26, 4], [28, 16], [29, 27], [31, 8]]",1.4883349649608135e-05,False,51864,10.856399467865929
form_field,pythia-2.8b,natural,random_028,"[[23, 12], [24, 20], [25, 12], [26, 24], [31, 22]]",2.317287726327777e-05,False,51864,10.856399467865929
form_field,pythia-2.8b,natural,random_029,"[[22, 12], [24, 7], [25, 25], [26, 18], [30, 2]]",2.08671553991735e-06,False,51864,10.856399467865929
form_field,pythia-2.8b,natural,random_030,"[[22, 13], [26, 5], [28, 15], [28, 30], [31, 15]]",3.9370046579279006e-05,False,51864,10.856399467865929
form_field,pythia-2.8b,natural,random_031,"[[25, 1], [26, 24], [27, 22], [28, 27], [29, 24]]",2.7217683964408934e-06,False,51864,10.856399467865929
form_field,pythia-2.8b,natural,random_032,"[[23, 18], [24, 27], [26, 22], [27, 25], [31, 30]]",1.899141352623701e-06,False,51864,10.856399467865929
form_field,pythia-2.8b,natural,random_033,"[[25, 10], [28, 1], [29, 20], [30, 23], [31, 4]]",3.7949110264889896e-05,False,51864,10.856399467865929
form_field,pythia-2.8b,natural,random_034,"[[24, 29], [26, 2], [28, 19], [29, 17], [30, 31]]",4.4535117922350764e-06,False,51864,10.856399467865929
form_field,pythia-2.8b,natural,random_035,"[[23, 28], [27, 3], [28, 14], [28, 20], [31, 18]]",1.0187490261159837e-05,False,51864,10.856399467865929
form_field,pythia-2.8b,natural,random_036,"[[23, 5], [24, 13], [24, 18], [25, 4], [27, 24]]",0.004614838398993015,False,51864,10.856399467865929
form_field,pythia-2.8b,natural,random_037,"[[22, 30], [23, 16], [25, 8], [27, 18], [30, 8]]",1.1412776075303555e-05,False,51864,10.856399467865929
form_field,pythia-2.8b,natural,random_038,"[[22, 1], [24, 12], [25, 19], [26, 14], [26, 18]]",9.562703780829906e-06,False,51864,10.856399467865929
form_field,pythia-2.8b,natural,random_039,"[[27, 10], [27, 27], [28, 7], [31, 5], [31, 9]]",5.5896787671372294e-05,False,51864,10.856399467865929
form_field,pythia-2.8b,natural,random_040,"[[22, 3], [24, 0], [25, 11], [29, 8], [30, 1]]",0.00020438549108803272,False,51864,10.856399467865929
form_field,pythia-2.8b,natural,random_041,"[[24, 7], [29, 8], [29, 15], [30, 28], [31, 24]]",6.931275129318237e-05,False,51864,10.856399467865929
form_field,pythia-2.8b,natural,random_042,"[[22, 31], [23, 10], [30, 0], [31, 20], [31, 28]]",1.0761141311377287e-05,False,51864,10.856399467865929
form_field,pythia-2.8b,natural,random_043,"[[23, 29], [24, 2], [26, 8], [30, 0], [31, 24]]",5.438743392005563e-05,False,51864,10.856399467865929
form_field,pythia-2.8b,natural,random_044,"[[22, 9], [24, 27], [26, 15], [26, 27], [30, 28]]",9.222514927387238e-05,False,51864,10.856399467865929
form_field,pythia-2.8b,natural,random_045,"[[23, 12], [26, 20], [28, 22], [29, 0], [31, 31]]",4.555576015263796e-05,False,51864,10.856399467865929
form_field,pythia-2.8b,natural,random_046,"[[23, 3], [24, 3], [26, 12], [29, 19], [31, 11]]",4.4558546505868435e-06,False,51864,10.856399467865929
form_field,pythia-2.8b,natural,random_047,"[[24, 11], [24, 23], [26, 1], [26, 17], [26, 25]]",0.00019675795920193195,False,51864,10.856399467865929
form_field,pythia-2.8b,natural,random_048,"[[24, 22], [29, 16], [29, 18], [30, 16], [30, 26]]",2.8340262360870838e-05,False,51864,10.856399467865929
form_field,pythia-2.8b,natural,random_049,"[[25, 4], [27, 9], [28, 9], [30, 17], [31, 26]]",4.3764099245890975e-05,False,51864,10.856399467865929
form_field,pythia-2.8b,natural,random_050,"[[22, 13], [25, 23], [27, 3], [29, 28], [31, 24]]",1.56123423948884e-05,False,51864,10.856399467865929
form_field,pythia-2.8b,natural,random_051,"[[22, 7], [23, 18], [24, 22], [29, 5], [31, 29]]",9.612413123250008e-07,False,51864,10.856399467865929
form_field,pythia-2.8b,natural,random_052,"[[24, 20], [26, 25], [27, 13], [28, 10], [29, 27]]",5.962472641840577e-05,False,51864,10.856399467865929
form_field,pythia-2.8b,natural,random_053,"[[22, 24], [26, 17], [26, 22], [27, 17], [31, 10]]",6.203168595675379e-06,False,51864,10.856399467865929
form_field,pythia-2.8b,natural,random_054,"[[23, 30], [24, 5], [25, 30], [26, 15], [28, 2]]",3.447903145570308e-05,False,51864,10.856399467865929
form_field,pythia-2.8b,natural,random_055,"[[25, 22], [28, 24], [29, 12], [31, 16], [31, 21]]",4.542665556073189e-05,False,51864,10.856399467865929
form_field,pythia-2.8b,natural,random_056,"[[23, 29], [24, 15], [26, 22], [28, 31], [30, 2]]",0.0003588076215237379,False,51864,10.856399467865929
form_field,pythia-2.8b,natural,random_057,"[[22, 21], [25, 15], [28, 1], [28, 4], [28, 30]]",0.0001670164056122303,False,51864,10.856399467865929
form_field,pythia-2.8b,natural,random_058,"[[22, 1], [26, 16], [26, 26], [29, 17], [31, 29]]",2.3393367882817984e-06,False,51864,10.856399467865929
form_field,pythia-2.8b,natural,random_059,"[[24, 2], [24, 31], [27, 11], [29, 27], [30, 25]]",3.1149713322520256e-05,False,51864,10.856399467865929
form_field,pythia-2.8b,natural,random_060,"[[22, 6], [27, 3], [27, 21], [28, 30], [31, 4]]",0.0003463686443865299,False,51864,10.856399467865929
form_field,pythia-2.8b,natural,random_061,"[[23, 4], [24, 29], [26, 9], [30, 24], [31, 12]]",1.628926838748157e-06,False,51864,10.856399467865929
form_field,pythia-2.8b,natural,random_062,"[[22, 31], [23, 28], [25, 6], [27, 12], [29, 25]]",3.6655983421951532e-06,False,51864,10.856399467865929
form_field,pythia-2.8b,natural,random_063,"[[24, 7], [27, 3], [27, 17], [27, 31], [28, 23]]",1.8560094758868217e-05,False,51864,10.856399467865929
form_field,pythia-2.8b,natural,random_064,"[[26, 7], [26, 30], [28, 30], [29, 9], [31, 11]]",3.59022815246135e-05,False,51864,10.856399467865929
form_field,pythia-2.8b,natural,random_065,"[[22, 23], [26, 7], [27, 18], [27, 31], [28, 25]]",1.7440470401197672e-05,False,51864,10.856399467865929
form_field,pythia-2.8b,natural,random_066,"[[28, 25], [29, 5], [29, 17], [29, 25], [30, 5]]",2.807399141602218e-06,False,51864,10.856399467865929
form_field,pythia-2.8b,natural,random_067,"[[23, 15], [24, 31], [27, 8], [28, 29], [30, 4]]",1.732331293169409e-05,False,51864,10.856399467865929
form_field,pythia-2.8b,natural,random_068,"[[25, 25], [26, 9], [28, 8], [28, 29], [30, 20]]",5.852525646332651e-07,False,51864,10.856399467865929
form_field,pythia-2.8b,natural,random_069,"[[22, 21], [23, 7], [25, 0], [27, 2], [29, 1]]",5.127039912622422e-06,False,51864,10.856399467865929
form_field,pythia-2.8b,natural,random_070,"[[22, 17], [23, 15], [23, 23], [28, 25], [29, 0]]",2.1551852114498615e-05,False,51864,10.856399467865929
form_field,pythia-2.8b,natural,random_071,"[[24, 29], [25, 30], [28, 19], [29, 14], [30, 26]]",6.429159839171916e-06,False,51864,10.856399467865929
form_field,pythia-2.8b,natural,random_072,"[[23, 15], [26, 9], [26, 14], [26, 28], [30, 13]]",1.5963974874466658e-05,False,51864,10.856399467865929
form_field,pythia-2.8b,natural,random_073,"[[24, 6], [26, 10], [28, 3], [29, 10], [30, 26]]",6.624351954087615e-06,False,51864,10.856399467865929
form_field,pythia-2.8b,natural,random_074,"[[22, 3], [22, 6], [28, 11], [29, 2], [29, 22]]",0.00013141147792339325,False,51864,10.856399467865929
form_field,pythia-2.8b,natural,random_075,"[[22, 24], [24, 12], [26, 18], [27, 14], [30, 31]]",6.863469025120139e-06,False,51864,10.856399467865929
form_field,pythia-2.8b,natural,random_076,"[[24, 4], [29, 1], [29, 25], [30, 19], [31, 18]]",2.613851393107325e-06,False,51864,10.856399467865929
form_field,pythia-2.8b,natural,random_077,"[[23, 14], [24, 2], [24, 17], [25, 5], [27, 18]]",4.216766683384776e-06,False,51864,10.856399467865929
form_field,pythia-2.8b,natural,random_078,"[[22, 29], [29, 1], [29, 2], [29, 5], [31, 16]]",2.2578606149181724e-06,False,51864,10.856399467865929
form_field,pythia-2.8b,natural,random_079,"[[26, 7], [26, 21], [26, 27], [28, 9], [28, 20]]",2.3172557121142745e-05,False,51864,10.856399467865929
form_field,pythia-2.8b,natural,random_080,"[[24, 1], [28, 22], [30, 22], [31, 4], [31, 7]]",1.090238947654143e-05,False,51864,10.856399467865929
form_field,pythia-2.8b,natural,random_081,"[[22, 19], [25, 25], [26, 19], [27, 6], [31, 29]]",2.557144034653902e-05,False,51864,10.856399467865929
form_field,pythia-2.8b,natural,random_082,"[[24, 1], [24, 11], [25, 22], [25, 28], [27, 15]]",0.00015732739120721817,False,51864,10.856399467865929
form_field,pythia-2.8b,natural,random_083,"[[22, 10], [24, 12], [25, 5], [27, 4], [27, 12]]",2.5201879907399416e-06,False,51864,10.856399467865929
form_field,pythia-2.8b,natural,random_084,"[[23, 14], [25, 16], [25, 19], [28, 26], [31, 23]]",2.0840088836848736e-06,False,51864,10.856399467865929
form_field,pythia-2.8b,natural,random_085,"[[23, 30], [24, 6], [25, 6], [25, 28], [31, 20]]",1.8259743228554726e-06,False,51864,10.856399467865929
form_field,pythia-2.8b,natural,random_086,"[[22, 14], [24, 20], [24, 30], [27, 18], [30, 5]]",1.5316822100430727e-05,False,51864,10.856399467865929
form_field,pythia-2.8b,natural,random_087,"[[22, 31], [23, 17], [25, 8], [29, 19], [31, 11]]",2.3984466679394245e-06,False,51864,10.856399467865929
form_field,pythia-2.8b,natural,random_088,"[[22, 3], [22, 19], [23, 10], [27, 1], [31, 12]]",0.0001600403047632426,False,51864,10.856399467865929
form_field,pythia-2.8b,natural,random_089,"[[22, 17], [26, 17], [27, 18], [30, 30], [31, 31]]",4.665966116590425e-06,False,51864,10.856399467865929
form_field,pythia-2.8b,natural,random_090,"[[24, 19], [27, 8], [29, 9], [30, 2], [30, 17]]",1.7111218767240644e-05,False,51864,10.856399467865929
form_field,pythia-2.8b,natural,random_091,"[[24, 19], [25, 4], [29, 3], [29, 23], [31, 7]]",1.0827061487361789e-06,False,51864,10.856399467865929
form_field,pythia-2.8b,natural,random_092,"[[24, 14], [26, 18], [28, 20], [29, 14], [29, 19]]",1.5785190043970942e-06,False,51864,10.856399467865929
form_field,pythia-2.8b,natural,random_093,"[[24, 6], [27, 20], [28, 16], [30, 0], [30, 13]]",1.0321440640836954e-05,False,51864,10.856399467865929
form_field,pythia-2.8b,natural,random_094,"[[23, 4], [23, 7], [25, 31], [26, 21], [29, 26]]",4.2897299863398075e-06,False,51864,10.856399467865929
form_field,pythia-2.8b,natural,random_095,"[[22, 4], [25, 4], [25, 7], [27, 27], [28, 6]]",1.987861469388008e-05,False,51864,10.856399467865929
form_field,pythia-2.8b,natural,random_096,"[[22, 3], [26, 2], [28, 17], [29, 14], [31, 22]]",0.00011887904838658869,False,51864,10.856399467865929
form_field,pythia-2.8b,natural,random_097,"[[23, 19], [23, 25], [26, 5], [29, 31], [31, 5]]",2.0000108634121716e-05,False,51864,10.856399467865929
form_field,pythia-2.8b,natural,random_098,"[[24, 7], [25, 4], [27, 24], [28, 19], [29, 25]]",8.016038918867707e-06,False,51864,10.856399467865929
form_field,pythia-2.8b,natural,random_099,"[[24, 28], [27, 6], [28, 12], [30, 26], [31, 8]]",1.621825504116714e-06,False,51864,10.856399467865929
form_field,pythia-2.8b,natural,random_100,"[[24, 26], [25, 6], [25, 26], [30, 18], [31, 26]]",1.5846017049625516e-06,False,51864,10.856399467865929
combo_box,pythia-2.8b,natural,random_001,"[[25, 18], [26, 11], [26, 12], [27, 24], [31, 17]]",7.91951606515795e-07,False,50410,10.82796468421378
combo_box,pythia-2.8b,natural,random_002,"[[22, 7], [25, 21], [26, 2], [27, 12], [30, 23]]",7.401686161756516e-07,False,50410,10.82796468421378
combo_box,pythia-2.8b,natural,random_003,"[[22, 5], [23, 9], [26, 3], [26, 12], [31, 8]]",3.1100644264370203e-06,False,50410,10.82796468421378
combo_box,pythia-2.8b,natural,random_004,"[[22, 6], [23, 20], [26, 7], [27, 1], [31, 13]]",7.976472261361778e-06,False,50410,10.82796468421378
combo_box,pythia-2.8b,natural,random_005,"[[23, 15], [24, 21], [27, 10], [27, 26], [28, 4]]",7.440510671585798e-06,False,50410,10.82796468421378
combo_box,pythia-2.8b,natural,random_006,"[[23, 14], [26, 26], [27, 29], [28, 16], [31, 17]]",5.70333213545382e-07,False,50410,10.82796468421378
combo_box,pythia-2.8b,natural,random_007,"[[23, 28], [24, 4], [28, 0], [28, 15], [30, 9]]",1.3702992873732e-06,False,50410,10.82796468421378
combo_box,pythia-2.8b,natural,random_008,"[[27, 19], [28, 1], [28, 27], [30, 3], [30, 21]]",4.38374700024724e-05,False,50410,10.82796468421378
combo_box,pythia-2.8b,natural,random_009,"[[25, 5], [26, 27], [28, 2], [29, 28], [30, 20]]",1.6613717889413238e-05,False,50410,10.82796468421378
combo_box,pythia-2.8b,natural,random_010,"[[22, 22], [22, 24], [25, 24], [30, 24], [31, 11]]",1.166382571682334e-05,False,50410,10.82796468421378
combo_box,pythia-2.8b,natural,random_011,"[[22, 10], [24, 0], [28, 30], [30, 18], [31, 30]]",4.2405008571222425e-05,False,50410,10.82796468421378
combo_box,pythia-2.8b,natural,random_012,"[[25, 18], [27, 3], [27, 13], [28, 29], [30, 22]]",5.8739096857607365e-06,False,50410,10.82796468421378
combo_box,pythia-2.8b,natural,random_013,"[[24, 15], [28, 20], [28, 28], [30, 17], [31, 21]]",0.0003794119693338871,False,50410,10.82796468421378
combo_box,pythia-2.8b,natural,random_014,"[[23, 8], [25, 10], [27, 19], [27, 28], [31, 4]]",7.1262766141444445e-06,False,50410,10.82796468421378
combo_box,pythia-2.8b,natural,random_015,"[[26, 21], [29, 28], [30, 28], [31, 19], [31, 23]]",4.216039087623358e-06,False,50410,10.82796468421378
combo_box,pythia-2.8b,natural,random_016,"[[24, 27], [26, 23], [28, 21], [29, 13], [30, 26]]",4.45151817984879e-06,False,50410,10.82796468421378
combo_box,pythia-2.8b,natural,random_017,"[[23, 19], [25, 25], [28, 17], [30, 3], [30, 4]]",0.00016001355834305286,False,50410,10.82796468421378
combo_box,pythia-2.8b,natural,random_018,"[[22, 28], [24, 12], [26, 2], [26, 16], [26, 26]]",1.1310112313367426e-06,False,50410,10.82796468421378
combo_box,pythia-2.8b,natural,random_019,"[[23, 21], [24, 26], [26, 19], [28, 29], [31, 3]]",1.1000956874340773e-06,False,50410,10.82796468421378
combo_box,pythia-2.8b,natural,random_020,"[[26, 9], [28, 4], [29, 24], [30, 13], [31, 15]]",9.391224011778831e-07,False,50410,10.82796468421378
combo_box,pythia-2.8b,natural,random_021,"[[23, 19], [25, 11], [26, 24], [27, 27], [29, 6]]",3.879846190102398e-06,False,50410,10.82796468421378
combo_box,pythia-2.8b,natural,random_022,"[[25, 12], [26, 9], [26, 13], [31, 12], [31, 14]]",1.755543053150177e-07,False,50410,10.82796468421378
combo_box,pythia-2.8b,natural,random_023,"[[25, 9], [26, 8], [28, 22], [29, 28], [30, 20]]",3.199258935637772e-05,False,50410,10.82796468421378
combo_box,pythia-2.8b,natural,random_024,"[[22, 8], [23, 19], [23, 23], [29, 22], [31, 6]]",3.929781087208539e-07,False,50410,10.82796468421378
combo_box,pythia-2.8b,natural,random_025,"[[25, 7], [28, 11], [29, 22], [30, 14], [31, 30]]",2.6725116185843945e-05,False,50410,10.82796468421378
combo_box,pythia-2.8b,natural,random_026,"[[22, 1], [23, 5], [24, 20], [27, 1], [28, 7]]",0.0020227208733558655,False,50410,10.82796468421378
combo_box,pythia-2.8b,natural,random_027,"[[23, 28], [26, 4], [28, 16], [29, 27], [31, 8]]",3.548339009284973e-06,False,50410,10.82796468421378
combo_box,pythia-2.8b,natural,random_028,"[[23, 12], [24, 20], [25, 12], [26, 24], [31, 22]]",2.7525456971488893e-06,False,50410,10.82796468421378
combo_box,pythia-2.8b,natural,random_029,"[[22, 12], [24, 7], [25, 25], [26, 18], [30, 2]]",4.270114004611969e-07,False,50410,10.82796468421378
combo_box,pythia-2.8b,natural,random_030,"[[22, 13], [26, 5], [28, 15], [28, 30], [31, 15]]",9.430601494386792e-05,False,50410,10.82796468421378
combo_box,pythia-2.8b,natural,random_031,"[[25, 1], [26, 24], [27, 22], [28, 27], [29, 24]]",3.492750693112612e-07,False,50410,10.82796468421378
combo_box,pythia-2.8b,natural,random_032,"[[23, 18], [24, 27], [26, 22], [27, 25], [31, 30]]",3.9324004319496453e-07,False,50410,10.82796468421378
combo_box,pythia-2.8b,natural,random_033,"[[25, 10], [28, 1], [29, 20], [30, 23], [31, 4]]",2.7641071937978268e-05,False,50410,10.82796468421378
combo_box,pythia-2.8b,natural,random_034,"[[24, 29], [26, 2], [28, 19], [29, 17], [30, 31]]",1.1450028978288174e-06,False,50410,10.82796468421378
combo_box,pythia-2.8b,natural,random_035,"[[23, 28], [27, 3], [28, 14], [28, 20], [31, 18]]",9.710172889754176e-06,False,50410,10.82796468421378
combo_box,pythia-2.8b,natural,random_036,"[[23, 5], [24, 13], [24, 18], [25, 4], [27, 24]]",0.00195751478895545,False,50410,10.82796468421378
combo_box,pythia-2.8b,natural,random_037,"[[22, 30], [23, 16], [25, 8], [27, 18], [30, 8]]",4.51219966635108e-06,False,50410,10.82796468421378
combo_box,pythia-2.8b,natural,random_038,"[[22, 1], [24, 12], [25, 19], [26, 14], [26, 18]]",2.3989123292267323e-06,False,50410,10.82796468421378
combo_box,pythia-2.8b,natural,random_039,"[[27, 10], [27, 27], [28, 7], [31, 5], [31, 9]]",4.531090962700546e-05,False,50410,10.82796468421378
combo_box,pythia-2.8b,natural,random_040,"[[22, 3], [24, 0], [25, 11], [29, 8], [30, 1]]",4.780292510986328e-05,False,50410,10.82796468421378
combo_box,pythia-2.8b,natural,random_041,"[[24, 7], [29, 8], [29, 15], [30, 28], [31, 24]]",1.5133759006857872e-05,False,50410,10.82796468421378
combo_box,pythia-2.8b,natural,random_042,"[[22, 31], [23, 10], [30, 0], [31, 20], [31, 28]]",2.1947635104879737e-06,False,50410,10.82796468421378
combo_box,pythia-2.8b,natural,random_043,"[[23, 29], [24, 2], [26, 8], [30, 0], [31, 24]]",1.0245319572277367e-05,False,50410,10.82796468421378
combo_box,pythia-2.8b,natural,random_044,"[[22, 9], [24, 27], [26, 15], [26, 27], [30, 28]]",3.117462620139122e-05,False,50410,10.82796468421378
combo_box,pythia-2.8b,natural,random_045,"[[23, 12], [26, 20], [28, 22], [29, 0], [31, 31]]",1.617654925212264e-05,False,50410,10.82796468421378
combo_box,pythia-2.8b,natural,random_046,"[[23, 3], [24, 3], [26, 12], [29, 19], [31, 11]]",7.782437023706734e-07,False,50410,10.82796468421378
combo_box,pythia-2.8b,natural,random_047,"[[24, 11], [24, 23], [26, 1], [26, 17], [26, 25]]",7.843947969377041e-06,False,50410,10.82796468421378
combo_box,pythia-2.8b,natural,random_048,"[[24, 22], [29, 16], [29, 18], [30, 16], [30, 26]]",3.6958663258701563e-06,False,50410,10.82796468421378
combo_box,pythia-2.8b,natural,random_049,"[[25, 4], [27, 9], [28, 9], [30, 17], [31, 26]]",7.78542016632855e-06,False,50410,10.82796468421378
combo_box,pythia-2.8b,natural,random_050,"[[22, 13], [25, 23], [27, 3], [29, 28], [31, 24]]",4.382542101666331e-06,False,50410,10.82796468421378
combo_box,pythia-2.8b,natural,random_051,"[[22, 7], [23, 18], [24, 22], [29, 5], [31, 29]]",2.170854713767767e-07,False,50410,10.82796468421378
combo_box,pythia-2.8b,natural,random_052,"[[24, 20], [26, 25], [27, 13], [28, 10], [29, 27]]",9.348761523142457e-06,False,50410,10.82796468421378
combo_box,pythia-2.8b,natural,random_053,"[[22, 24], [26, 17], [26, 22], [27, 17], [31, 10]]",1.1889642337337136e-06,False,50410,10.82796468421378
combo_box,pythia-2.8b,natural,random_054,"[[23, 30], [24, 5], [25, 30], [26, 15], [28, 2]]",9.402865543961525e-06,False,50410,10.82796468421378
combo_box,pythia-2.8b,natural,random_055,"[[25, 22], [28, 24], [29, 12], [31, 16], [31, 21]]",1.3498472981154919e-05,False,50410,10.82796468421378
combo_box,pythia-2.8b,natural,random_056,"[[23, 29], [24, 15], [26, 22], [28, 31], [30, 2]]",1.8739723600447178e-05,False,50410,10.82796468421378
combo_box,pythia-2.8b,natural,random_057,"[[22, 21], [25, 15], [28, 1], [28, 4], [28, 30]]",0.0005800812505185604,False,50410,10.82796468421378
combo_box,pythia-2.8b,natural,random_058,"[[22, 1], [26, 16], [26, 26], [29, 17], [31, 29]]",9.83425707090646e-07,False,50410,10.82796468421378
combo_box,pythia-2.8b,natural,random_059,"[[24, 2], [24, 31], [27, 11], [29, 27], [30, 25]]",5.5513810366392136e-06,False,50410,10.82796468421378
combo_box,pythia-2.8b,natural,random_060,"[[22, 6], [27, 3], [27, 21], [28, 30], [31, 4]]",0.0001483236555941403,False,50410,10.82796468421378
combo_box,pythia-2.8b,natural,random_061,"[[23, 4], [24, 29], [26, 9], [30, 24], [31, 12]]",3.978166205342859e-07,False,50410,10.82796468421378
combo_box,pythia-2.8b,natural,random_062,"[[22, 31], [23, 28], [25, 6], [27, 12], [29, 25]]",1.1615920811891556e-06,False,50410,10.82796468421378
combo_box,pythia-2.8b,natural,random_063,"[[24, 7], [27, 3], [27, 17], [27, 31], [28, 23]]",2.8760696295648813e-06,False,50410,10.82796468421378
combo_box,pythia-2.8b,natural,random_064,"[[26, 7], [26, 30], [28, 30], [29, 9], [31, 11]]",6.497150752693415e-05,False,50410,10.82796468421378
combo_box,pythia-2.8b,natural,random_065,"[[22, 23], [26, 7], [27, 18], [27, 31], [28, 25]]",3.1907547963783145e-06,False,50410,10.82796468421378
combo_box,pythia-2.8b,natural,random_066,"[[28, 25], [29, 5], [29, 17], [29, 25], [30, 5]]",1.51591666508466e-06,False,50410,10.82796468421378
combo_box,pythia-2.8b,natural,random_067,"[[23, 15], [24, 31], [27, 8], [28, 29], [30, 4]]",2.5781046133488417e-06,False,50410,10.82796468421378
combo_box,pythia-2.8b,natural,random_068,"[[25, 25], [26, 9], [28, 8], [28, 29], [30, 20]]",1.447333488613367e-07,False,50410,10.82796468421378
combo_box,pythia-2.8b,natural,random_069,"[[22, 21], [23, 7], [25, 0], [27, 2], [29, 1]]",3.5872653825208545e-07,False,50410,10.82796468421378
combo_box,pythia-2.8b,natural,random_070,"[[22, 17], [23, 15], [23, 23], [28, 25], [29, 0]]",5.153706297278404e-06,False,50410,10.82796468421378
combo_box,pythia-2.8b,natural,random_071,"[[24, 29], [25, 30], [28, 19], [29, 14], [30, 26]]",2.015600330196321e-06,False,50410,10.82796468421378
combo_box,pythia-2.8b,natural,random_072,"[[23, 15], [26, 9], [26, 14], [26, 28], [30, 13]]",4.5000051613897085e-06,False,50410,10.82796468421378
combo_box,pythia-2.8b,natural,random_073,"[[24, 6], [26, 10], [28, 3], [29, 10], [30, 26]]",1.071486622095108e-06,False,50410,10.82796468421378
combo_box,pythia-2.8b,natural,random_074,"[[22, 3], [22, 6], [28, 11], [29, 2], [29, 22]]",3.282359102740884e-05,False,50410,10.82796468421378
combo_box,pythia-2.8b,natural,random_075,"[[22, 24], [24, 12], [26, 18], [27, 14], [30, 31]]",3.0155933927744627e-06,False,50410,10.82796468421378
combo_box,pythia-2.8b,natural,random_076,"[[24, 4], [29, 1], [29, 25], [30, 19], [31, 18]]",1.0220392141491175e-06,False,50410,10.82796468421378
combo_box,pythia-2.8b,natural,random_077,"[[23, 14], [24, 2], [24, 17], [25, 5], [27, 18]]",1.2561504263430834e-06,False,50410,10.82796468421378
combo_box,pythia-2.8b,natural,random_078,"[[22, 29], [29, 1], [29, 2], [29, 5], [31, 16]]",4.146859282627702e-07,False,50410,10.82796468421378
combo_box,pythia-2.8b,natural,random_079,"[[26, 7], [26, 21], [26, 27], [28, 9], [28, 20]]",9.456736734136939e-06,False,50410,10.82796468421378
combo_box,pythia-2.8b,natural,random_080,"[[24, 1], [28, 22], [30, 22], [31, 4], [31, 7]]",1.048801641445607e-05,False,50410,10.82796468421378
combo_box,pythia-2.8b,natural,random_081,"[[22, 19], [25, 25], [26, 19], [27, 6], [31, 29]]",5.656271241605282e-06,False,50410,10.82796468421378
combo_box,pythia-2.8b,natural,random_082,"[[24, 1], [24, 11], [25, 22], [25, 28], [27, 15]]",7.183814886957407e-06,False,50410,10.82796468421378
combo_box,pythia-2.8b,natural,random_083,"[[22, 10], [24, 12], [25, 5], [27, 4], [27, 12]]",1.2451346265152097e-06,False,50410,10.82796468421378
combo_box,pythia-2.8b,natural,random_084,"[[23, 14], [25, 16], [25, 19], [28, 26], [31, 23]]",7.578055374324322e-07,False,50410,10.82796468421378
combo_box,pythia-2.8b,natural,random_085,"[[23, 30], [24, 6], [25, 6], [25, 28], [31, 20]]",1.1956326488871127e-06,False,50410,10.82796468421378
combo_box,pythia-2.8b,natural,random_086,"[[22, 14], [24, 20], [24, 30], [27, 18], [30, 5]]",2.2843523765914142e-06,False,50410,10.82796468421378
combo_box,pythia-2.8b,natural,random_087,"[[22, 31], [23, 17], [25, 8], [29, 19], [31, 11]]",5.531765054911375e-07,False,50410,10.82796468421378
combo_box,pythia-2.8b,natural,random_088,"[[22, 3], [22, 19], [23, 10], [27, 1], [31, 12]]",4.275515675544739e-05,False,50410,10.82796468421378
combo_box,pythia-2.8b,natural,random_089,"[[22, 17], [26, 17], [27, 18], [30, 30], [31, 31]]",7.954658940434456e-07,False,50410,10.82796468421378
combo_box,pythia-2.8b,natural,random_090,"[[24, 19], [27, 8], [29, 9], [30, 2], [30, 17]]",2.816683263517916e-06,False,50410,10.82796468421378
combo_box,pythia-2.8b,natural,random_091,"[[24, 19], [25, 4], [29, 3], [29, 23], [31, 7]]",3.567620296962559e-07,False,50410,10.82796468421378
combo_box,pythia-2.8b,natural,random_092,"[[24, 14], [26, 18], [28, 20], [29, 14], [29, 19]]",3.095337888225913e-07,False,50410,10.82796468421378
combo_box,pythia-2.8b,natural,random_093,"[[24, 6], [27, 20], [28, 16], [30, 0], [30, 13]]",1.451138814445585e-06,False,50410,10.82796468421378
combo_box,pythia-2.8b,natural,random_094,"[[23, 4], [23, 7], [25, 31], [26, 21], [29, 26]]",1.6374833649024367e-06,False,50410,10.82796468421378
combo_box,pythia-2.8b,natural,random_095,"[[22, 4], [25, 4], [25, 7], [27, 27], [28, 6]]",4.809466190636158e-06,False,50410,10.82796468421378
combo_box,pythia-2.8b,natural,random_096,"[[22, 3], [26, 2], [28, 17], [29, 14], [31, 22]]",6.445631152018905e-05,False,50410,10.82796468421378
combo_box,pythia-2.8b,natural,random_097,"[[23, 19], [23, 25], [26, 5], [29, 31], [31, 5]]",2.548054908402264e-06,False,50410,10.82796468421378
combo_box,pythia-2.8b,natural,random_098,"[[24, 7], [25, 4], [27, 24], [28, 19], [29, 25]]",2.803746610879898e-06,False,50410,10.82796468421378
combo_box,pythia-2.8b,natural,random_099,"[[24, 28], [27, 6], [28, 12], [30, 26], [31, 8]]",6.544869393110275e-07,False,50410,10.82796468421378
combo_box,pythia-2.8b,natural,random_100,"[[24, 26], [25, 6], [25, 26], [30, 18], [31, 26]]",3.259010554756969e-07,False,50410,10.82796468421378
keyboard_navigation,pythia-2.8b,natural,random_001,"[[25, 18], [26, 11], [26, 12], [27, 24], [31, 17]]",1.6086763935163617e-05,False,8050,8.993551586299981
keyboard_navigation,pythia-2.8b,natural,random_002,"[[22, 7], [25, 21], [26, 2], [27, 12], [30, 23]]",7.046700920909643e-05,False,8050,8.993551586299981
keyboard_navigation,pythia-2.8b,natural,random_003,"[[22, 5], [23, 9], [26, 3], [26, 12], [31, 8]]",0.00017116509843617678,False,8050,8.993551586299981
keyboard_navigation,pythia-2.8b,natural,random_004,"[[22, 6], [23, 20], [26, 7], [27, 1], [31, 13]]",0.00013936517643742263,False,8050,8.993551586299981
keyboard_navigation,pythia-2.8b,natural,random_005,"[[23, 15], [24, 21], [27, 10], [27, 26], [28, 4]]",0.0015013162046670914,False,8050,8.993551586299981
keyboard_navigation,pythia-2.8b,natural,random_006,"[[23, 14], [26, 26], [27, 29], [28, 16], [31, 17]]",1.852319110184908e-05,False,8050,8.993551586299981
keyboard_navigation,pythia-2.8b,natural,random_007,"[[23, 28], [24, 4], [28, 0], [28, 15], [30, 9]]",1.0255142115056515e-05,False,8050,8.993551586299981
keyboard_navigation,pythia-2.8b,natural,random_008,"[[27, 19], [28, 1], [28, 27], [30, 3], [30, 21]]",0.0001335813431069255,False,8050,8.993551586299981
keyboard_navigation,pythia-2.8b,natural,random_009,"[[25, 5], [26, 27], [28, 2], [29, 28], [30, 20]]",9.230838622897863e-05,False,8050,8.993551586299981
keyboard_navigation,pythia-2.8b,natural,random_010,"[[22, 22], [22, 24], [25, 24], [30, 24], [31, 11]]",0.00046360911801457405,False,8050,8.993551586299981
keyboard_navigation,pythia-2.8b,natural,random_011,"[[22, 10], [24, 0], [28, 30], [30, 18], [31, 30]]",9.151443373411894e-05,False,8050,8.993551586299981
keyboard_navigation,pythia-2.8b,natural,random_012,"[[25, 18], [27, 3], [27, 13], [28, 29], [30, 22]]",5.495152436196804e-06,False,8050,8.993551586299981
keyboard_navigation,pythia-2.8b,natural,random_013,"[[24, 15], [28, 20], [28, 28], [30, 17], [31, 21]]",0.002381009515374899,False,8050,8.993551586299981
keyboard_navigation,pythia-2.8b,natural,random_014,"[[23, 8], [25, 10], [27, 19], [27, 28], [31, 4]]",5.008580046705902e-06,False,8050,8.993551586299981
keyboard_navigation,pythia-2.8b,natural,random_015,"[[26, 21], [29, 28], [30, 28], [31, 19], [31, 23]]",2.7304267860017717e-06,False,8050,8.993551586299981
keyboard_navigation,pythia-2.8b,natural,random_016,"[[24, 27], [26, 23], [28, 21], [29, 13], [30, 26]]",3.630324499681592e-06,False,8050,8.993551586299981
keyboard_navigation,pythia-2.8b,natural,random_017,"[[23, 19], [25, 25], [28, 17], [30, 3], [30, 4]]",0.0006903624162077904,False,8050,8.993551586299981
keyboard_navigation,pythia-2.8b,natural,random_018,"[[22, 28], [24, 12], [26, 2], [26, 16], [26, 26]]",0.0004192090127617121,False,8050,8.993551586299981
keyboard_navigation,pythia-2.8b,natural,random_019,"[[23, 21], [24, 26], [26, 19], [28, 29], [31, 3]]",2.392579335719347e-05,False,8050,8.993551586299981
keyboard_navigation,pythia-2.8b,natural,random_020,"[[26, 9], [28, 4], [29, 24], [30, 13], [31, 15]]",1.8227583495900035e-06,False,8050,8.993551586299981
keyboard_navigation,pythia-2.8b,natural,random_021,"[[23, 19], [25, 11], [26, 24], [27, 27], [29, 6]]",2.9386283131316304e-06,False,8050,8.993551586299981
keyboard_navigation,pythia-2.8b,natural,random_022,"[[25, 12], [26, 9], [26, 13], [31, 12], [31, 14]]",0.00013730756472796202,False,8050,8.993551586299981
keyboard_navigation,pythia-2.8b,natural,random_023,"[[25, 9], [26, 8], [28, 22], [29, 28], [30, 20]]",0.00012231117580085993,False,8050,8.993551586299981
keyboard_navigation,pythia-2.8b,natural,random_024,"[[22, 8], [23, 19], [23, 23], [29, 22], [31, 6]]",5.670415703207254e-06,False,8050,8.993551586299981
keyboard_navigation,pythia-2.8b,natural,random_025,"[[25, 7], [28, 11], [29, 22], [30, 14], [31, 30]]",0.0003147206734865904,False,8050,8.993551586299981
keyboard_navigation,pythia-2.8b,natural,random_026,"[[22, 1], [23, 5], [24, 20], [27, 1], [28, 7]]",0.011994773522019386,False,8050,8.993551586299981
keyboard_navigation,pythia-2.8b,natural,random_027,"[[23, 28], [26, 4], [28, 16], [29, 27], [31, 8]]",5.761976353824139e-06,False,8050,8.993551586299981
keyboard_navigation,pythia-2.8b,natural,random_028,"[[23, 12], [24, 20], [25, 12], [26, 24], [31, 22]]",0.00032505259150639176,False,8050,8.993551586299981
keyboard_navigation,pythia-2.8b,natural,random_029,"[[22, 12], [24, 7], [25, 25], [26, 18], [30, 2]]",2.165230398532003e-06,False,8050,8.993551586299981
keyboard_navigation,pythia-2.8b,natural,random_030,"[[22, 13], [26, 5], [28, 15], [28, 30], [31, 15]]",3.150268457829952e-05,False,8050,8.993551586299981
keyboard_navigation,pythia-2.8b,natural,random_031,"[[25, 1], [26, 24], [27, 22], [28, 27], [29, 24]]",2.3004773538559675e-05,False,8050,8.993551586299981
keyboard_navigation,pythia-2.8b,natural,random_032,"[[23, 18], [24, 27], [26, 22], [27, 25], [31, 30]]",8.39432468637824e-05,False,8050,8.993551586299981
keyboard_navigation,pythia-2.8b,natural,random_033,"[[25, 10], [28, 1], [29, 20], [30, 23], [31, 4]]",0.0001729135401546955,False,8050,8.993551586299981
keyboard_navigation,pythia-2.8b,natural,random_034,"[[24, 29], [26, 2], [28, 19], [29, 17], [30, 31]]",3.0252267606556416e-06,False,8050,8.993551586299981
keyboard_navigation,pythia-2.8b,natural,random_035,"[[23, 28], [27, 3], [28, 14], [28, 20], [31, 18]]",6.098736776039004e-06,False,8050,8.993551586299981
keyboard_navigation,pythia-2.8b,natural,random_036,"[[23, 5], [24, 13], [24, 18], [25, 4], [27, 24]]",0.012307584285736084,False,8050,8.993551586299981
keyboard_navigation,pythia-2.8b,natural,random_037,"[[22, 30], [23, 16], [25, 8], [27, 18], [30, 8]]",2.7457426767796278e-05,False,8050,8.993551586299981
keyboard_navigation,pythia-2.8b,natural,random_038,"[[22, 1], [24, 12], [25, 19], [26, 14], [26, 18]]",0.0002314284211024642,False,8050,8.993551586299981
keyboard_navigation,pythia-2.8b,natural,random_039,"[[27, 10], [27, 27], [28, 7], [31, 5], [31, 9]]",1.305935438722372e-05,False,8050,8.993551586299981
keyboard_navigation,pythia-2.8b,natural,random_040,"[[22, 3], [24, 0], [25, 11], [29, 8], [30, 1]]",6.370479241013527e-05,False,8050,8.993551586299981
keyboard_navigation,pythia-2.8b,natural,random_041,"[[24, 7], [29, 8], [29, 15], [30, 28], [31, 24]]",1.3253535144031048e-05,False,8050,8.993551586299981
keyboard_navigation,pythia-2.8b,natural,random_042,"[[22, 31], [23, 10], [30, 0], [31, 20], [31, 28]]",1.2852047802880406e-05,False,8050,8.993551586299981
keyboard_navigation,pythia-2.8b,natural,random_043,"[[23, 29], [24, 2], [26, 8], [30, 0], [31, 24]]",0.00048026791773736477,False,8050,8.993551586299981
keyboard_navigation,pythia-2.8b,natural,random_044,"[[22, 9], [24, 27], [26, 15], [26, 27], [30, 28]]",0.000628114677965641,False,8050,8.993551586299981
keyboard_navigation,pythia-2.8b,natural,random_045,"[[23, 12], [26, 20], [28, 22], [29, 0], [31, 31]]",0.00014863559044897556,False,8050,8.993551586299981
keyboard_navigation,pythia-2.8b,natural,random_046,"[[23, 3], [24, 3], [26, 12], [29, 19], [31, 11]]",7.352296961471438e-06,False,8050,8.993551586299981
keyboard_navigation,pythia-2.8b,natural,random_047,"[[24, 11], [24, 23], [26, 1], [26, 17], [26, 25]]",0.0006000429857522249,False,8050,8.993551586299981
keyboard_navigation,pythia-2.8b,natural,random_048,"[[24, 22], [29, 16], [29, 18], [30, 16], [30, 26]]",1.4608027413487434e-05,False,8050,8.993551586299981
keyboard_navigation,pythia-2.8b,natural,random_049,"[[25, 4], [27, 9], [28, 9], [30, 17], [31, 26]]",9.855793905444443e-07,False,8050,8.993551586299981
keyboard_navigation,pythia-2.8b,natural,random_050,"[[22, 13], [25, 23], [27, 3], [29, 28], [31, 24]]",1.4376746548805386e-06,False,8050,8.993551586299981
keyboard_navigation,pythia-2.8b,natural,random_051,"[[22, 7], [23, 18], [24, 22], [29, 5], [31, 29]]",7.59416725486517e-05,False,8050,8.993551586299981
keyboard_navigation,pythia-2.8b,natural,random_052,"[[24, 20], [26, 25], [27, 13], [28, 10], [29, 27]]",2.6725901989266276e-06,False,8050,8.993551586299981
keyboard_navigation,pythia-2.8b,natural,random_053,"[[22, 24], [26, 17], [26, 22], [27, 17], [31, 10]]",2.201096503995359e-05,False,8050,8.993551586299981
keyboard_navigation,pythia-2.8b,natural,random_054,"[[23, 30], [24, 5], [25, 30], [26, 15], [28, 2]]",0.00017524464055895805,False,8050,8.993551586299981
keyboard_navigation,pythia-2.8b,natural,random_055,"[[25, 22], [28, 24], [29, 12], [31, 16], [31, 21]]",8.762546349316835e-05,False,8050,8.993551586299981
keyboard_navigation,pythia-2.8b,natural,random_056,"[[23, 29], [24, 15], [26, 22], [28, 31], [30, 2]]",0.0014305147342383862,False,8050,8.993551586299981
keyboard_navigation,pythia-2.8b,natural,random_057,"[[22, 21], [25, 15], [28, 1], [28, 4], [28, 30]]",0.000829002819955349,False,8050,8.993551586299981
keyboard_navigation,pythia-2.8b,natural,random_058,"[[22, 1], [26, 16], [26, 26], [29, 17], [31, 29]]",9.670242434367537e-06,False,8050,8.993551586299981
keyboard_navigation,pythia-2.8b,natural,random_059,"[[24, 2], [24, 31], [27, 11], [29, 27], [30, 25]]",0.00012844183947890997,False,8050,8.993551586299981
keyboard_navigation,pythia-2.8b,natural,random_060,"[[22, 6], [27, 3], [27, 21], [28, 30], [31, 4]]",0.00015387206804007292,False,8050,8.993551586299981
keyboard_navigation,pythia-2.8b,natural,random_061,"[[23, 4], [24, 29], [26, 9], [30, 24], [31, 12]]",6.650221621384844e-06,False,8050,8.993551586299981
keyboard_navigation,pythia-2.8b,natural,random_062,"[[22, 31], [23, 28], [25, 6], [27, 12], [29, 25]]",3.472104435786605e-05,False,8050,8.993551586299981
keyboard_navigation,pythia-2.8b,natural,random_063,"[[24, 7], [27, 3], [27, 17], [27, 31], [28, 23]]",9.353534551337361e-06,False,8050,8.993551586299981
keyboard_navigation,pythia-2.8b,natural,random_064,"[[26, 7], [26, 30], [28, 30], [29, 9], [31, 11]]",2.1246669348329306e-05,False,8050,8.993551586299981
keyboard_navigation,pythia-2.8b,natural,random_065,"[[22, 23], [26, 7], [27, 18], [27, 31], [28, 25]]",7.450929842889309e-06,False,8050,8.993551586299981
keyboard_navigation,pythia-2.8b,natural,random_066,"[[28, 25], [29, 5], [29, 17], [29, 25], [30, 5]]",7.845956133678555e-07,False,8050,8.993551586299981
keyboard_navigation,pythia-2.8b,natural,random_067,"[[23, 15], [24, 31], [27, 8], [28, 29], [30, 4]]",4.8307585529983044e-05,False,8050,8.993551586299981
keyboard_navigation,pythia-2.8b,natural,random_068,"[[25, 25], [26, 9], [28, 8], [28, 29], [30, 20]]",1.1812517186626792e-05,False,8050,8.993551586299981
keyboard_navigation,pythia-2.8b,natural,random_069,"[[22, 21], [23, 7], [25, 0], [27, 2], [29, 1]]",5.024377605877817e-05,False,8050,8.993551586299981
keyboard_navigation,pythia-2.8b,natural,random_070,"[[22, 17], [23, 15], [23, 23], [28, 25], [29, 0]]",6.086935172788799e-05,False,8050,8.993551586299981
keyboard_navigation,pythia-2.8b,natural,random_071,"[[24, 29], [25, 30], [28, 19], [29, 14], [30, 26]]",3.354513319209218e-05,False,8050,8.993551586299981
keyboard_navigation,pythia-2.8b,natural,random_072,"[[23, 15], [26, 9], [26, 14], [26, 28], [30, 13]]",9.47385560721159e-05,False,8050,8.993551586299981
keyboard_navigation,pythia-2.8b,natural,random_073,"[[24, 6], [26, 10], [28, 3], [29, 10], [30, 26]]",8.092611096799374e-06,False,8050,8.993551586299981
keyboard_navigation,pythia-2.8b,natural,random_074,"[[22, 3], [22, 6], [28, 11], [29, 2], [29, 22]]",0.00011178341810591519,False,8050,8.993551586299981
keyboard_navigation,pythia-2.8b,natural,random_075,"[[22, 24], [24, 12], [26, 18], [27, 14], [30, 31]]",0.0001266041654162109,False,8050,8.993551586299981
keyboard_navigation,pythia-2.8b,natural,random_076,"[[24, 4], [29, 1], [29, 25], [30, 19], [31, 18]]",9.082199539989233e-06,False,8050,8.993551586299981
keyboard_navigation,pythia-2.8b,natural,random_077,"[[23, 14], [24, 2], [24, 17], [25, 5], [27, 18]]",3.641415969468653e-05,False,8050,8.993551586299981
keyboard_navigation,pythia-2.8b,natural,random_078,"[[22, 29], [29, 1], [29, 2], [29, 5], [31, 16]]",3.145576920360327e-05,False,8050,8.993551586299981
keyboard_navigation,pythia-2.8b,natural,random_079,"[[26, 7], [26, 21], [26, 27], [28, 9], [28, 20]]",6.678215868305415e-06,False,8050,8.993551586299981
keyboard_navigation,pythia-2.8b,natural,random_080,"[[24, 1], [28, 22], [30, 22], [31, 4], [31, 7]]",1.994962804019451e-05,False,8050,8.993551586299981
keyboard_navigation,pythia-2.8b,natural,random_081,"[[22, 19], [25, 25], [26, 19], [27, 6], [31, 29]]",5.4491749324370176e-05,False,8050,8.993551586299981
keyboard_navigation,pythia-2.8b,natural,random_082,"[[24, 1], [24, 11], [25, 22], [25, 28], [27, 15]]",0.0006693296600133181,False,8050,8.993551586299981
keyboard_navigation,pythia-2.8b,natural,random_083,"[[22, 10], [24, 12], [25, 5], [27, 4], [27, 12]]",0.0002144528552889824,False,8050,8.993551586299981
keyboard_navigation,pythia-2.8b,natural,random_084,"[[23, 14], [25, 16], [25, 19], [28, 26], [31, 23]]",0.0001991210738196969,False,8050,8.993551586299981
keyboard_navigation,pythia-2.8b,natural,random_085,"[[23, 30], [24, 6], [25, 6], [25, 28], [31, 20]]",0.00024720211513340473,False,8050,8.993551586299981
keyboard_navigation,pythia-2.8b,natural,random_086,"[[22, 14], [24, 20], [24, 30], [27, 18], [30, 5]]",0.00017635209951549768,False,8050,8.993551586299981
keyboard_navigation,pythia-2.8b,natural,random_087,"[[22, 31], [23, 17], [25, 8], [29, 19], [31, 11]]",1.6637146472930908e-05,False,8050,8.993551586299981
keyboard_navigation,pythia-2.8b,natural,random_088,"[[22, 3], [22, 19], [23, 10], [27, 1], [31, 12]]",0.00012305441487114877,False,8050,8.993551586299981
keyboard_navigation,pythia-2.8b,natural,random_089,"[[22, 17], [26, 17], [27, 18], [30, 30], [31, 31]]",9.973184205591679e-06,False,8050,8.993551586299981
keyboard_navigation,pythia-2.8b,natural,random_090,"[[24, 19], [27, 8], [29, 9], [30, 2], [30, 17]]",7.503731467295438e-07,False,8050,8.993551586299981
keyboard_navigation,pythia-2.8b,natural,random_091,"[[24, 19], [25, 4], [29, 3], [29, 23], [31, 7]]",1.2658856576308608e-06,False,8050,8.993551586299981
keyboard_navigation,pythia-2.8b,natural,random_092,"[[24, 14], [26, 18], [28, 20], [29, 14], [29, 19]]",2.200721064582467e-05,False,8050,8.993551586299981
keyboard_navigation,pythia-2.8b,natural,random_093,"[[24, 6], [27, 20], [28, 16], [30, 0], [30, 13]]",3.280065720900893e-05,False,8050,8.993551586299981
keyboard_navigation,pythia-2.8b,natural,random_094,"[[23, 4], [23, 7], [25, 31], [26, 21], [29, 26]]",1.4414952602237463e-05,False,8050,8.993551586299981
keyboard_navigation,pythia-2.8b,natural,random_095,"[[22, 4], [25, 4], [25, 7], [27, 27], [28, 6]]",0.0002265280345454812,False,8050,8.993551586299981
keyboard_navigation,pythia-2.8b,natural,random_096,"[[22, 3], [26, 2], [28, 17], [29, 14], [31, 22]]",0.0004362731706351042,False,8050,8.993551586299981
keyboard_navigation,pythia-2.8b,natural,random_097,"[[23, 19], [23, 25], [26, 5], [29, 31], [31, 5]]",5.253381095826626e-05,False,8050,8.993551586299981
keyboard_navigation,pythia-2.8b,natural,random_098,"[[24, 7], [25, 4], [27, 24], [28, 19], [29, 25]]",1.0948278941214085e-05,False,8050,8.993551586299981
keyboard_navigation,pythia-2.8b,natural,random_099,"[[24, 28], [27, 6], [28, 12], [30, 26], [31, 8]]",2.81071406789124e-05,False,8050,8.993551586299981
keyboard_navigation,pythia-2.8b,natural,random_100,"[[24, 26], [25, 6], [25, 26], [30, 18], [31, 26]]",0.00016105477698147297,False,8050,8.993551586299981
touch_target,pythia-2.8b,natural,random_001,"[[25, 18], [26, 11], [26, 12], [27, 24], [31, 17]]",2.6599009288474917e-06,False,1114,7.0166096838942185
touch_target,pythia-2.8b,natural,random_002,"[[22, 7], [25, 21], [26, 2], [27, 12], [30, 23]]",3.832443326245993e-06,False,1114,7.0166096838942185
touch_target,pythia-2.8b,natural,random_003,"[[22, 5], [23, 9], [26, 3], [26, 12], [31, 8]]",1.9102735677734017e-05,False,1114,7.0166096838942185
touch_target,pythia-2.8b,natural,random_004,"[[22, 6], [23, 20], [26, 7], [27, 1], [31, 13]]",1.70593848451972e-05,False,1114,7.0166096838942185
touch_target,pythia-2.8b,natural,random_005,"[[23, 15], [24, 21], [27, 10], [27, 26], [28, 4]]",4.356403951533139e-05,False,1114,7.0166096838942185
touch_target,pythia-2.8b,natural,random_006,"[[23, 14], [26, 26], [27, 29], [28, 16], [31, 17]]",2.736625901889056e-06,False,1114,7.0166096838942185
touch_target,pythia-2.8b,natural,random_007,"[[23, 28], [24, 4], [28, 0], [28, 15], [30, 9]]",1.0455376468598843e-05,False,1114,7.0166096838942185
touch_target,pythia-2.8b,natural,random_008,"[[27, 19], [28, 1], [28, 27], [30, 3], [30, 21]]",5.7186553021892905e-06,False,1114,7.0166096838942185
touch_target,pythia-2.8b,natural,random_009,"[[25, 5], [26, 27], [28, 2], [29, 28], [30, 20]]",5.826965207234025e-05,False,1114,7.0166096838942185
touch_target,pythia-2.8b,natural,random_010,"[[22, 22], [22, 24], [25, 24], [30, 24], [31, 11]]",5.612442328128964e-05,False,1114,7.0166096838942185
touch_target,pythia-2.8b,natural,random_011,"[[22, 10], [24, 0], [28, 30], [30, 18], [31, 30]]",8.652015822008252e-06,False,1114,7.0166096838942185
touch_target,pythia-2.8b,natural,random_012,"[[25, 18], [27, 3], [27, 13], [28, 29], [30, 22]]",4.98542794957757e-05,False,1114,7.0166096838942185
touch_target,pythia-2.8b,natural,random_013,"[[24, 15], [28, 20], [28, 28], [30, 17], [31, 21]]",0.0001493545132689178,False,1114,7.0166096838942185
touch_target,pythia-2.8b,natural,random_014,"[[23, 8], [25, 10], [27, 19], [27, 28], [31, 4]]",4.732509842142463e-05,False,1114,7.0166096838942185
touch_target,pythia-2.8b,natural,random_015,"[[26, 21], [29, 28], [30, 28], [31, 19], [31, 23]]",1.112581230700016e-05,False,1114,7.0166096838942185
touch_target,pythia-2.8b,natural,random_016,"[[24, 27], [26, 23], [28, 21], [29, 13], [30, 26]]",1.176228397525847e-05,False,1114,7.0166096838942185
touch_target,pythia-2.8b,natural,random_017,"[[23, 19], [25, 25], [28, 17], [30, 3], [30, 4]]",2.713786670938134e-06,False,1114,7.0166096838942185
touch_target,pythia-2.8b,natural,random_018,"[[22, 28], [24, 12], [26, 2], [26, 16], [26, 26]]",2.7998321456834674e-06,False,1114,7.0166096838942185
touch_target,pythia-2.8b,natural,random_019,"[[23, 21], [24, 26], [26, 19], [28, 29], [31, 3]]",1.352769322693348e-05,False,1114,7.0166096838942185
touch_target,pythia-2.8b,natural,random_020,"[[26, 9], [28, 4], [29, 24], [30, 13], [31, 15]]",2.3569155018776655e-06,False,1114,7.0166096838942185
touch_target,pythia-2.8b,natural,random_021,"[[23, 19], [25, 11], [26, 24], [27, 27], [29, 6]]",1.4826495316810906e-05,False,1114,7.0166096838942185
touch_target,pythia-2.8b,natural,random_022,"[[25, 12], [26, 9], [26, 13], [31, 12], [31, 14]]",4.883477231487632e-07,False,1114,7.0166096838942185
touch_target,pythia-2.8b,natural,random_023,"[[25, 9], [26, 8], [28, 22], [29, 28], [30, 20]]",3.38598620146513e-05,False,1114,7.0166096838942185
touch_target,pythia-2.8b,natural,random_024,"[[22, 8], [23, 19], [23, 23], [29, 22], [31, 6]]",1.8431746866554022e-06,False,1114,7.0166096838942185
touch_target,pythia-2.8b,natural,random_025,"[[25, 7], [28, 11], [29, 22], [30, 14], [31, 30]]",9.114737622439861e-06,False,1114,7.0166096838942185
touch_target,pythia-2.8b,natural,random_026,"[[22, 1], [23, 5], [24, 20], [27, 1], [28, 7]]",0.006750693079084158,False,1114,7.0166096838942185
touch_target,pythia-2.8b,natural,random_027,"[[23, 28], [26, 4], [28, 16], [29, 27], [31, 8]]",2.2590276785194874e-05,False,1114,7.0166096838942185
touch_target,pythia-2.8b,natural,random_028,"[[23, 12], [24, 20], [25, 12], [26, 24], [31, 22]]",2.728402614593506e-05,False,1114,7.0166096838942185
touch_target,pythia-2.8b,natural,random_029,"[[22, 12], [24, 7], [25, 25], [26, 18], [30, 2]]",9.804716682992876e-07,False,1114,7.0166096838942185
touch_target,pythia-2.8b,natural,random_030,"[[22, 13], [26, 5], [28, 15], [28, 30], [31, 15]]",5.88429975323379e-06,False,1114,7.0166096838942185
touch_target,pythia-2.8b,natural,random_031,"[[25, 1], [26, 24], [27, 22], [28, 27], [29, 24]]",2.6431880542077124e-06,False,1114,7.0166096838942185
touch_target,pythia-2.8b,natural,random_032,"[[23, 18], [24, 27], [26, 22], [27, 25], [31, 30]]",4.459318006411195e-06,False,1114,7.0166096838942185
touch_target,pythia-2.8b,natural,random_033,"[[25, 10], [28, 1], [29, 20], [30, 23], [31, 4]]",1.1631054803729057e-06,False,1114,7.0166096838942185
touch_target,pythia-2.8b,natural,random_034,"[[24, 29], [26, 2], [28, 19], [29, 17], [30, 31]]",1.4668825315311551e-05,False,1114,7.0166096838942185
touch_target,pythia-2.8b,natural,random_035,"[[23, 28], [27, 3], [28, 14], [28, 20], [31, 18]]",4.993751645088196e-06,False,1114,7.0166096838942185
touch_target,pythia-2.8b,natural,random_036,"[[23, 5], [24, 13], [24, 18], [25, 4], [27, 24]]",0.006666561588644981,False,1114,7.0166096838942185
touch_target,pythia-2.8b,natural,random_037,"[[22, 30], [23, 16], [25, 8], [27, 18], [30, 8]]",8.687697118148208e-06,False,1114,7.0166096838942185
touch_target,pythia-2.8b,natural,random_038,"[[22, 1], [24, 12], [25, 19], [26, 14], [26, 18]]",1.1195006663911045e-05,False,1114,7.0166096838942185
touch_target,pythia-2.8b,natural,random_039,"[[27, 10], [27, 27], [28, 7], [31, 5], [31, 9]]",3.459263825789094e-05,False,1114,7.0166096838942185
touch_target,pythia-2.8b,natural,random_040,"[[22, 3], [24, 0], [25, 11], [29, 8], [30, 1]]",7.789197843521833e-05,False,1114,7.0166096838942185
touch_target,pythia-2.8b,natural,random_041,"[[24, 7], [29, 8], [29, 15], [30, 28], [31, 24]]",8.101132698357105e-05,False,1114,7.0166096838942185
touch_target,pythia-2.8b,natural,random_042,"[[22, 31], [23, 10], [30, 0], [31, 20], [31, 28]]",8.3468621596694e-06,False,1114,7.0166096838942185
touch_target,pythia-2.8b,natural,random_043,"[[23, 29], [24, 2], [26, 8], [30, 0], [31, 24]]",2.029980532824993e-05,False,1114,7.0166096838942185
touch_target,pythia-2.8b,natural,random_044,"[[22, 9], [24, 27], [26, 15], [26, 27], [30, 28]]",5.671614781022072e-05,False,1114,7.0166096838942185
touch_target,pythia-2.8b,natural,random_045,"[[23, 12], [26, 20], [28, 22], [29, 0], [31, 31]]",4.8335292376577854e-05,False,1114,7.0166096838942185
touch_target,pythia-2.8b,natural,random_046,"[[23, 3], [24, 3], [26, 12], [29, 19], [31, 11]]",5.804671673104167e-06,False,1114,7.0166096838942185
touch_target,pythia-2.8b,natural,random_047,"[[24, 11], [24, 23], [26, 1], [26, 17], [26, 25]]",2.6405847165733576e-05,False,1114,7.0166096838942185
touch_target,pythia-2.8b,natural,random_048,"[[24, 22], [29, 16], [29, 18], [30, 16], [30, 26]]",1.9378552678972483e-05,False,1114,7.0166096838942185
touch_target,pythia-2.8b,natural,random_049,"[[25, 4], [27, 9], [28, 9], [30, 17], [31, 26]]",5.890248576179147e-05,False,1114,7.0166096838942185
touch_target,pythia-2.8b,natural,random_050,"[[22, 13], [25, 23], [27, 3], [29, 28], [31, 24]]",1.2706645065918565e-05,False,1114,7.0166096838942185
touch_target,pythia-2.8b,natural,random_051,"[[22, 7], [23, 18], [24, 22], [29, 5], [31, 29]]",2.8464346542023122e-06,False,1114,7.0166096838942185
touch_target,pythia-2.8b,natural,random_052,"[[24, 20], [26, 25], [27, 13], [28, 10], [29, 27]]",6.6040811361745e-05,False,1114,7.0166096838942185
touch_target,pythia-2.8b,natural,random_053,"[[22, 24], [26, 17], [26, 22], [27, 17], [31, 10]]",5.467853043228388e-06,False,1114,7.0166096838942185
touch_target,pythia-2.8b,natural,random_054,"[[23, 30], [24, 5], [25, 30], [26, 15], [28, 2]]",9.676354238763452e-06,False,1114,7.0166096838942185
touch_target,pythia-2.8b,natural,random_055,"[[25, 22], [28, 24], [29, 12], [31, 16], [31, 21]]",5.670473910868168e-05,False,1114,7.0166096838942185
touch_target,pythia-2.8b,natural,random_056,"[[23, 29], [24, 15], [26, 22], [28, 31], [30, 2]]",0.00015402527060359716,False,1114,7.0166096838942185
touch_target,pythia-2.8b,natural,random_057,"[[22, 21], [25, 15], [28, 1], [28, 4], [28, 30]]",7.1744725573807955e-06,False,1114,7.0166096838942185
touch_target,pythia-2.8b,natural,random_058,"[[22, 1], [26, 16], [26, 26], [29, 17], [31, 29]]",3.351706254761666e-06,False,1114,7.0166096838942185
touch_target,pythia-2.8b,natural,random_059,"[[24, 2], [24, 31], [27, 11], [29, 27], [30, 25]]",4.6644010581076145e-05,False,1114,7.0166096838942185
touch_target,pythia-2.8b,natural,random_060,"[[22, 6], [27, 3], [27, 21], [28, 30], [31, 4]]",0.0002164908219128847,False,1114,7.0166096838942185
touch_target,pythia-2.8b,natural,random_061,"[[23, 4], [24, 29], [26, 9], [30, 24], [31, 12]]",4.647437890525907e-06,False,1114,7.0166096838942185
touch_target,pythia-2.8b,natural,random_062,"[[22, 31], [23, 28], [25, 6], [27, 12], [29, 25]]",7.026537787169218e-06,False,1114,7.0166096838942185
touch_target,pythia-2.8b,natural,random_063,"[[24, 7], [27, 3], [27, 17], [27, 31], [28, 23]]",1.6319449059665203e-05,False,1114,7.0166096838942185
touch_target,pythia-2.8b,natural,random_064,"[[26, 7], [26, 30], [28, 30], [29, 9], [31, 11]]",6.83183316141367e-06,False,1114,7.0166096838942185
touch_target,pythia-2.8b,natural,random_065,"[[22, 23], [26, 7], [27, 18], [27, 31], [28, 25]]",1.2258824426680803e-05,False,1114,7.0166096838942185
touch_target,pythia-2.8b,natural,random_066,"[[28, 25], [29, 5], [29, 17], [29, 25], [30, 5]]",6.12996518611908e-06,False,1114,7.0166096838942185
touch_target,pythia-2.8b,natural,random_067,"[[23, 15], [24, 31], [27, 8], [28, 29], [30, 4]]",6.7426590248942375e-06,False,1114,7.0166096838942185
touch_target,pythia-2.8b,natural,random_068,"[[25, 25], [26, 9], [28, 8], [28, 29], [30, 20]]",5.956680979579687e-07,False,1114,7.0166096838942185
touch_target,pythia-2.8b,natural,random_069,"[[22, 21], [23, 7], [25, 0], [27, 2], [29, 1]]",3.0162627808749676e-06,False,1114,7.0166096838942185
touch_target,pythia-2.8b,natural,random_070,"[[22, 17], [23, 15], [23, 23], [28, 25], [29, 0]]",2.766912803053856e-05,False,1114,7.0166096838942185
touch_target,pythia-2.8b,natural,random_071,"[[24, 29], [25, 30], [28, 19], [29, 14], [30, 26]]",1.4566117897629738e-05,False,1114,7.0166096838942185
touch_target,pythia-2.8b,natural,random_072,"[[23, 15], [26, 9], [26, 14], [26, 28], [30, 13]]",1.3723154552280903e-05,False,1114,7.0166096838942185
touch_target,pythia-2.8b,natural,random_073,"[[24, 6], [26, 10], [28, 3], [29, 10], [30, 26]]",4.699861165136099e-06,False,1114,7.0166096838942185
touch_target,pythia-2.8b,natural,random_074,"[[22, 3], [22, 6], [28, 11], [29, 2], [29, 22]]",1.9214494386687875e-05,False,1114,7.0166096838942185
touch_target,pythia-2.8b,natural,random_075,"[[22, 24], [24, 12], [26, 18], [27, 14], [30, 31]]",9.62041667662561e-06,False,1114,7.0166096838942185
touch_target,pythia-2.8b,natural,random_076,"[[24, 4], [29, 1], [29, 25], [30, 19], [31, 18]]",1.8682912923395634e-06,False,1114,7.0166096838942185
touch_target,pythia-2.8b,natural,random_077,"[[23, 14], [24, 2], [24, 17], [25, 5], [27, 18]]",1.228513428941369e-05,False,1114,7.0166096838942185
touch_target,pythia-2.8b,natural,random_078,"[[22, 29], [29, 1], [29, 2], [29, 5], [31, 16]]",2.0151492208242416e-06,False,1114,7.0166096838942185
touch_target,pythia-2.8b,natural,random_079,"[[26, 7], [26, 21], [26, 27], [28, 9], [28, 20]]",9.204726666212082e-05,False,1114,7.0166096838942185
touch_target,pythia-2.8b,natural,random_080,"[[24, 1], [28, 22], [30, 22], [31, 4], [31, 7]]",1.2283999240025878e-06,False,1114,7.0166096838942185
touch_target,pythia-2.8b,natural,random_081,"[[22, 19], [25, 25], [26, 19], [27, 6], [31, 29]]",2.976786345243454e-05,False,1114,7.0166096838942185
touch_target,pythia-2.8b,natural,random_082,"[[24, 1], [24, 11], [25, 22], [25, 28], [27, 15]]",3.935003769584e-05,False,1114,7.0166096838942185
touch_target,pythia-2.8b,natural,random_083,"[[22, 10], [24, 12], [25, 5], [27, 4], [27, 12]]",4.949491994921118e-06,False,1114,7.0166096838942185
touch_target,pythia-2.8b,natural,random_084,"[[23, 14], [25, 16], [25, 19], [28, 26], [31, 23]]",1.1373951565474272e-05,False,1114,7.0166096838942185
touch_target,pythia-2.8b,natural,random_085,"[[23, 30], [24, 6], [25, 6], [25, 28], [31, 20]]",1.1866592103615403e-05,False,1114,7.0166096838942185
touch_target,pythia-2.8b,natural,random_086,"[[22, 14], [24, 20], [24, 30], [27, 18], [30, 5]]",2.5778543204069138e-05,False,1114,7.0166096838942185
touch_target,pythia-2.8b,natural,random_087,"[[22, 31], [23, 17], [25, 8], [29, 19], [31, 11]]",3.1343806767836213e-06,False,1114,7.0166096838942185
touch_target,pythia-2.8b,natural,random_088,"[[22, 3], [22, 19], [23, 10], [27, 1], [31, 12]]",2.1106621716171503e-05,False,1114,7.0166096838942185
touch_target,pythia-2.8b,natural,random_089,"[[22, 17], [26, 17], [27, 18], [30, 30], [31, 31]]",5.062756827101111e-06,False,1114,7.0166096838942185
touch_target,pythia-2.8b,natural,random_090,"[[24, 19], [27, 8], [29, 9], [30, 2], [30, 17]]",1.090296427719295e-05,False,1114,7.0166096838942185
touch_target,pythia-2.8b,natural,random_091,"[[24, 19], [25, 4], [29, 3], [29, 23], [31, 7]]",4.845751391258091e-07,False,1114,7.0166096838942185
touch_target,pythia-2.8b,natural,random_092,"[[24, 14], [26, 18], [28, 20], [29, 14], [29, 19]]",3.2917014323174953e-06,False,1114,7.0166096838942185
touch_target,pythia-2.8b,natural,random_093,"[[24, 6], [27, 20], [28, 16], [30, 0], [30, 13]]",9.300187230110168e-06,False,1114,7.0166096838942185
touch_target,pythia-2.8b,natural,random_094,"[[23, 4], [23, 7], [25, 31], [26, 21], [29, 26]]",5.100504495203495e-06,False,1114,7.0166096838942185
touch_target,pythia-2.8b,natural,random_095,"[[22, 4], [25, 4], [25, 7], [27, 27], [28, 6]]",2.072099596261978e-05,False,1114,7.0166096838942185
touch_target,pythia-2.8b,natural,random_096,"[[22, 3], [26, 2], [28, 17], [29, 14], [31, 22]]",3.921115421690047e-06,False,1114,7.0166096838942185
touch_target,pythia-2.8b,natural,random_097,"[[23, 19], [23, 25], [26, 5], [29, 31], [31, 5]]",1.2790958862751722e-05,False,1114,7.0166096838942185
touch_target,pythia-2.8b,natural,random_098,"[[24, 7], [25, 4], [27, 24], [28, 19], [29, 25]]",1.1395139154046774e-05,False,1114,7.0166096838942185
touch_target,pythia-2.8b,natural,random_099,"[[24, 28], [27, 6], [28, 12], [30, 26], [31, 8]]",1.0440562618896365e-06,False,1114,7.0166096838942185
touch_target,pythia-2.8b,natural,random_100,"[[24, 26], [25, 6], [25, 26], [30, 18], [31, 26]]",3.4705735743045807e-06,False,1114,7.0166096838942185
accessible_description,pythia-2.8b,natural,random_001,"[[25, 18], [26, 11], [26, 12], [27, 24], [31, 17]]",5.670764949172735e-06,False,716,6.57507584059962
accessible_description,pythia-2.8b,natural,random_002,"[[22, 7], [25, 21], [26, 2], [27, 12], [30, 23]]",5.0816015573218465e-06,False,716,6.57507584059962
accessible_description,pythia-2.8b,natural,random_003,"[[22, 5], [23, 9], [26, 3], [26, 12], [31, 8]]",4.503753734752536e-05,False,716,6.57507584059962
accessible_description,pythia-2.8b,natural,random_004,"[[22, 6], [23, 20], [26, 7], [27, 1], [31, 13]]",6.367824971675873e-05,False,716,6.57507584059962
accessible_description,pythia-2.8b,natural,random_005,"[[23, 15], [24, 21], [27, 10], [27, 26], [28, 4]]",4.762044409289956e-05,False,716,6.57507584059962
accessible_description,pythia-2.8b,natural,random_006,"[[23, 14], [26, 26], [27, 29], [28, 16], [31, 17]]",1.7652710084803402e-06,False,716,6.57507584059962
accessible_description,pythia-2.8b,natural,random_007,"[[23, 28], [24, 4], [28, 0], [28, 15], [30, 9]]",7.022317731752992e-07,False,716,6.57507584059962
accessible_description,pythia-2.8b,natural,random_008,"[[27, 19], [28, 1], [28, 27], [30, 3], [30, 21]]",2.783583477139473e-05,False,716,6.57507584059962
accessible_description,pythia-2.8b,natural,random_009,"[[25, 5], [26, 27], [28, 2], [29, 28], [30, 20]]",9.824358858168125e-05,False,716,6.57507584059962
accessible_description,pythia-2.8b,natural,random_010,"[[22, 22], [22, 24], [25, 24], [30, 24], [31, 11]]",6.27899426035583e-05,False,716,6.57507584059962
accessible_description,pythia-2.8b,natural,random_011,"[[22, 10], [24, 0], [28, 30], [30, 18], [31, 30]]",6.646558176726103e-06,False,716,6.57507584059962
accessible_description,pythia-2.8b,natural,random_012,"[[25, 18], [27, 3], [27, 13], [28, 29], [30, 22]]",0.00015863159205764532,False,716,6.57507584059962
accessible_description,pythia-2.8b,natural,random_013,"[[24, 15], [28, 20], [28, 28], [30, 17], [31, 21]]",0.00010188802843913436,False,716,6.57507584059962
accessible_description,pythia-2.8b,natural,random_014,"[[23, 8], [25, 10], [27, 19], [27, 28], [31, 4]]",5.213712574914098e-05,False,716,6.57507584059962
accessible_description,pythia-2.8b,natural,random_015,"[[26, 21], [29, 28], [30, 28], [31, 19], [31, 23]]",8.322391659021378e-05,False,716,6.57507584059962
accessible_description,pythia-2.8b,natural,random_016,"[[24, 27], [26, 23], [28, 21], [29, 13], [30, 26]]",9.797653183341026e-05,False,716,6.57507584059962
accessible_description,pythia-2.8b,natural,random_017,"[[23, 19], [25, 25], [28, 17], [30, 3], [30, 4]]",1.0753574315458536e-05,False,716,6.57507584059962
accessible_description,pythia-2.8b,natural,random_018,"[[22, 28], [24, 12], [26, 2], [26, 16], [26, 26]]",1.7796039173845202e-05,False,716,6.57507584059962
accessible_description,pythia-2.8b,natural,random_019,"[[23, 21], [24, 26], [26, 19], [28, 29], [31, 3]]",8.157396223396063e-06,False,716,6.57507584059962
accessible_description,pythia-2.8b,natural,random_020,"[[26, 9], [28, 4], [29, 24], [30, 13], [31, 15]]",5.536203389056027e-06,False,716,6.57507584059962
accessible_description,pythia-2.8b,natural,random_021,"[[23, 19], [25, 11], [26, 24], [27, 27], [29, 6]]",3.7646968849003315e-05,False,716,6.57507584059962
accessible_description,pythia-2.8b,natural,random_022,"[[25, 12], [26, 9], [26, 13], [31, 12], [31, 14]]",7.338312570936978e-07,False,716,6.57507584059962
accessible_description,pythia-2.8b,natural,random_023,"[[25, 9], [26, 8], [28, 22], [29, 28], [30, 20]]",9.775382932275534e-05,False,716,6.57507584059962
accessible_description,pythia-2.8b,natural,random_024,"[[22, 8], [23, 19], [23, 23], [29, 22], [31, 6]]",2.345703251194209e-06,False,716,6.57507584059962
accessible_description,pythia-2.8b,natural,random_025,"[[25, 7], [28, 11], [29, 22], [30, 14], [31, 30]]",5.673588020727038e-06,False,716,6.57507584059962
accessible_description,pythia-2.8b,natural,random_026,"[[22, 1], [23, 5], [24, 20], [27, 1], [28, 7]]",0.0026627862825989723,False,716,6.57507584059962
accessible_description,pythia-2.8b,natural,random_027,"[[23, 28], [26, 4], [28, 16], [29, 27], [31, 8]]",0.00011443498078733683,False,716,6.57507584059962
accessible_description,pythia-2.8b,natural,random_028,"[[23, 12], [24, 20], [25, 12], [26, 24], [31, 22]]",3.911578096449375e-05,False,716,6.57507584059962
accessible_description,pythia-2.8b,natural,random_029,"[[22, 12], [24, 7], [25, 25], [26, 18], [30, 2]]",1.8704740796238184e-06,False,716,6.57507584059962
accessible_description,pythia-2.8b,natural,random_030,"[[22, 13], [26, 5], [28, 15], [28, 30], [31, 15]]",5.338515620678663e-06,False,716,6.57507584059962
accessible_description,pythia-2.8b,natural,random_031,"[[25, 1], [26, 24], [27, 22], [28, 27], [29, 24]]",5.267153028398752e-06,False,716,6.57507584059962
accessible_description,pythia-2.8b,natural,random_032,"[[23, 18], [24, 27], [26, 22], [27, 25], [31, 30]]",7.07784784026444e-06,False,716,6.57507584059962
accessible_description,pythia-2.8b,natural,random_033,"[[25, 10], [28, 1], [29, 20], [30, 23], [31, 4]]",1.639101537875831e-05,False,716,6.57507584059962
accessible_description,pythia-2.8b,natural,random_034,"[[24, 29], [26, 2], [28, 19], [29, 17], [30, 31]]",1.5707919374108315e-05,False,716,6.57507584059962
accessible_description,pythia-2.8b,natural,random_035,"[[23, 28], [27, 3], [28, 14], [28, 20], [31, 18]]",4.069399437867105e-06,False,716,6.57507584059962
accessible_description,pythia-2.8b,natural,random_036,"[[23, 5], [24, 13], [24, 18], [25, 4], [27, 24]]",0.0028244787827134132,False,716,6.57507584059962
accessible_description,pythia-2.8b,natural,random_037,"[[22, 30], [23, 16], [25, 8], [27, 18], [30, 8]]",1.2898221029900014e-05,False,716,6.57507584059962
accessible_description,pythia-2.8b,natural,random_038,"[[22, 1], [24, 12], [25, 19], [26, 14], [26, 18]]",2.4369044695049524e-05,False,716,6.57507584059962
accessible_description,pythia-2.8b,natural,random_039,"[[27, 10], [27, 27], [28, 7], [31, 5], [31, 9]]",6.704835686832666e-05,False,716,6.57507584059962
accessible_description,pythia-2.8b,natural,random_040,"[[22, 3], [24, 0], [25, 11], [29, 8], [30, 1]]",0.00035308231599628925,False,716,6.57507584059962
accessible_description,pythia-2.8b,natural,random_041,"[[24, 7], [29, 8], [29, 15], [30, 28], [31, 24]]",0.0003612677101045847,False,716,6.57507584059962
accessible_description,pythia-2.8b,natural,random_042,"[[22, 31], [23, 10], [30, 0], [31, 20], [31, 28]]",1.094752224162221e-05,False,716,6.57507584059962
accessible_description,pythia-2.8b,natural,random_043,"[[23, 29], [24, 2], [26, 8], [30, 0], [31, 24]]",6.022048182785511e-05,False,716,6.57507584059962
accessible_description,pythia-2.8b,natural,random_044,"[[22, 9], [24, 27], [26, 15], [26, 27], [30, 28]]",1.538870856165886e-05,False,716,6.57507584059962
accessible_description,pythia-2.8b,natural,random_045,"[[23, 12], [26, 20], [28, 22], [29, 0], [31, 31]]",0.00013176142238080502,False,716,6.57507584059962
accessible_description,pythia-2.8b,natural,random_046,"[[23, 3], [24, 3], [26, 12], [29, 19], [31, 11]]",1.515453914180398e-05,False,716,6.57507584059962
accessible_description,pythia-2.8b,natural,random_047,"[[24, 11], [24, 23], [26, 1], [26, 17], [26, 25]]",1.1315452866256237e-05,False,716,6.57507584059962
accessible_description,pythia-2.8b,natural,random_048,"[[24, 22], [29, 16], [29, 18], [30, 16], [30, 26]]",5.4667412769049406e-05,False,716,6.57507584059962
accessible_description,pythia-2.8b,natural,random_049,"[[25, 4], [27, 9], [28, 9], [30, 17], [31, 26]]",5.144759779796004e-05,False,716,6.57507584059962
accessible_description,pythia-2.8b,natural,random_050,"[[22, 13], [25, 23], [27, 3], [29, 28], [31, 24]]",9.537115693092346e-05,False,716,6.57507584059962
accessible_description,pythia-2.8b,natural,random_051,"[[22, 7], [23, 18], [24, 22], [29, 5], [31, 29]]",2.447573933750391e-06,False,716,6.57507584059962
accessible_description,pythia-2.8b,natural,random_052,"[[24, 20], [26, 25], [27, 13], [28, 10], [29, 27]]",0.00024923670571297407,False,716,6.57507584059962
accessible_description,pythia-2.8b,natural,random_053,"[[22, 24], [26, 17], [26, 22], [27, 17], [31, 10]]",1.1437979992479086e-05,False,716,6.57507584059962
accessible_description,pythia-2.8b,natural,random_054,"[[23, 30], [24, 5], [25, 30], [26, 15], [28, 2]]",3.659843059722334e-06,False,716,6.57507584059962
accessible_description,pythia-2.8b,natural,random_055,"[[25, 22], [28, 24], [29, 12], [31, 16], [31, 21]]",7.017399184405804e-05,False,716,6.57507584059962
accessible_description,pythia-2.8b,natural,random_056,"[[23, 29], [24, 15], [26, 22], [28, 31], [30, 2]]",0.00013235944788902998,False,716,6.57507584059962
accessible_description,pythia-2.8b,natural,random_057,"[[22, 21], [25, 15], [28, 1], [28, 4], [28, 30]]",6.526359356939793e-05,False,716,6.57507584059962
accessible_description,pythia-2.8b,natural,random_058,"[[22, 1], [26, 16], [26, 26], [29, 17], [31, 29]]",3.7449499359354377e-06,False,716,6.57507584059962
accessible_description,pythia-2.8b,natural,random_059,"[[24, 2], [24, 31], [27, 11], [29, 27], [30, 25]]",0.0001521107042208314,False,716,6.57507584059962
accessible_description,pythia-2.8b,natural,random_060,"[[22, 6], [27, 3], [27, 21], [28, 30], [31, 4]]",0.0004808190278708935,False,716,6.57507584059962
accessible_description,pythia-2.8b,natural,random_061,"[[23, 4], [24, 29], [26, 9], [30, 24], [31, 12]]",6.315647624433041e-06,False,716,6.57507584059962
accessible_description,pythia-2.8b,natural,random_062,"[[22, 31], [23, 28], [25, 6], [27, 12], [29, 25]]",8.663220796734095e-06,False,716,6.57507584059962
accessible_description,pythia-2.8b,natural,random_063,"[[24, 7], [27, 3], [27, 17], [27, 31], [28, 23]]",2.6697845896705985e-05,False,716,6.57507584059962
accessible_description,pythia-2.8b,natural,random_064,"[[26, 7], [26, 30], [28, 30], [29, 9], [31, 11]]",2.0703417249023914e-05,False,716,6.57507584059962
accessible_description,pythia-2.8b,natural,random_065,"[[22, 23], [26, 7], [27, 18], [27, 31], [28, 25]]",1.6082078218460083e-05,False,716,6.57507584059962
accessible_description,pythia-2.8b,natural,random_066,"[[28, 25], [29, 5], [29, 17], [29, 25], [30, 5]]",3.658060450106859e-06,False,716,6.57507584059962
accessible_description,pythia-2.8b,natural,random_067,"[[23, 15], [24, 31], [27, 8], [28, 29], [30, 4]]",2.683396451175213e-05,False,716,6.57507584059962
accessible_description,pythia-2.8b,natural,random_068,"[[25, 25], [26, 9], [28, 8], [28, 29], [30, 20]]",2.730201231315732e-06,False,716,6.57507584059962
accessible_description,pythia-2.8b,natural,random_069,"[[22, 21], [23, 7], [25, 0], [27, 2], [29, 1]]",1.0028335964307189e-05,False,716,6.57507584059962
accessible_description,pythia-2.8b,natural,random_070,"[[22, 17], [23, 15], [23, 23], [28, 25], [29, 0]]",0.00010216399095952511,False,716,6.57507584059962
accessible_description,pythia-2.8b,natural,random_071,"[[24, 29], [25, 30], [28, 19], [29, 14], [30, 26]]",9.285897249355912e-06,False,716,6.57507584059962
accessible_description,pythia-2.8b,natural,random_072,"[[23, 15], [26, 9], [26, 14], [26, 28], [30, 13]]",1.5496858395636082e-05,False,716,6.57507584059962
accessible_description,pythia-2.8b,natural,random_073,"[[24, 6], [26, 10], [28, 3], [29, 10], [30, 26]]",2.7709698770195246e-05,False,716,6.57507584059962
accessible_description,pythia-2.8b,natural,random_074,"[[22, 3], [22, 6], [28, 11], [29, 2], [29, 22]]",9.207252878695726e-05,False,716,6.57507584059962
accessible_description,pythia-2.8b,natural,random_075,"[[22, 24], [24, 12], [26, 18], [27, 14], [30, 31]]",3.230641596019268e-05,False,716,6.57507584059962
accessible_description,pythia-2.8b,natural,random_076,"[[24, 4], [29, 1], [29, 25], [30, 19], [31, 18]]",4.134606570005417e-06,False,716,6.57507584059962
accessible_description,pythia-2.8b,natural,random_077,"[[23, 14], [24, 2], [24, 17], [25, 5], [27, 18]]",7.573398761451244e-06,False,716,6.57507584059962
accessible_description,pythia-2.8b,natural,random_078,"[[22, 29], [29, 1], [29, 2], [29, 5], [31, 16]]",1.4389108400791883e-05,False,716,6.57507584059962
accessible_description,pythia-2.8b,natural,random_079,"[[26, 7], [26, 21], [26, 27], [28, 9], [28, 20]]",2.7392117772251368e-05,False,716,6.57507584059962
accessible_description,pythia-2.8b,natural,random_080,"[[24, 1], [28, 22], [30, 22], [31, 4], [31, 7]]",1.1612428352236748e-06,False,716,6.57507584059962
accessible_description,pythia-2.8b,natural,random_081,"[[22, 19], [25, 25], [26, 19], [27, 6], [31, 29]]",2.685649087652564e-05,False,716,6.57507584059962
accessible_description,pythia-2.8b,natural,random_082,"[[24, 1], [24, 11], [25, 22], [25, 28], [27, 15]]",9.584255167283118e-06,False,716,6.57507584059962
accessible_description,pythia-2.8b,natural,random_083,"[[22, 10], [24, 12], [25, 5], [27, 4], [27, 12]]",2.1336920326575637e-05,False,716,6.57507584059962
accessible_description,pythia-2.8b,natural,random_084,"[[23, 14], [25, 16], [25, 19], [28, 26], [31, 23]]",2.6747584342956543e-06,False,716,6.57507584059962
accessible_description,pythia-2.8b,natural,random_085,"[[23, 30], [24, 6], [25, 6], [25, 28], [31, 20]]",3.5294769986649044e-06,False,716,6.57507584059962
accessible_description,pythia-2.8b,natural,random_086,"[[22, 14], [24, 20], [24, 30], [27, 18], [30, 5]]",1.3359065633267164e-05,False,716,6.57507584059962
accessible_description,pythia-2.8b,natural,random_087,"[[22, 31], [23, 17], [25, 8], [29, 19], [31, 11]]",8.932780474424362e-06,False,716,6.57507584059962
accessible_description,pythia-2.8b,natural,random_088,"[[22, 3], [22, 19], [23, 10], [27, 1], [31, 12]]",1.859606709331274e-05,False,716,6.57507584059962
accessible_description,pythia-2.8b,natural,random_089,"[[22, 17], [26, 17], [27, 18], [30, 30], [31, 31]]",8.743620128370821e-06,False,716,6.57507584059962
accessible_description,pythia-2.8b,natural,random_090,"[[24, 19], [27, 8], [29, 9], [30, 2], [30, 17]]",2.447929000481963e-05,False,716,6.57507584059962
accessible_description,pythia-2.8b,natural,random_091,"[[24, 19], [25, 4], [29, 3], [29, 23], [31, 7]]",8.861708920449018e-06,False,716,6.57507584059962
accessible_description,pythia-2.8b,natural,random_092,"[[24, 14], [26, 18], [28, 20], [29, 14], [29, 19]]",6.175367161631584e-06,False,716,6.57507584059962
accessible_description,pythia-2.8b,natural,random_093,"[[24, 6], [27, 20], [28, 16], [30, 0], [30, 13]]",1.2241769582033157e-05,False,716,6.57507584059962
accessible_description,pythia-2.8b,natural,random_094,"[[23, 4], [23, 7], [25, 31], [26, 21], [29, 26]]",1.2143311323598027e-05,False,716,6.57507584059962
accessible_description,pythia-2.8b,natural,random_095,"[[22, 4], [25, 4], [25, 7], [27, 27], [28, 6]]",3.4612021408975124e-05,False,716,6.57507584059962
accessible_description,pythia-2.8b,natural,random_096,"[[22, 3], [26, 2], [28, 17], [29, 14], [31, 22]]",9.839845006354153e-06,False,716,6.57507584059962
accessible_description,pythia-2.8b,natural,random_097,"[[23, 19], [23, 25], [26, 5], [29, 31], [31, 5]]",1.2431162758730352e-05,False,716,6.57507584059962
accessible_description,pythia-2.8b,natural,random_098,"[[24, 7], [25, 4], [27, 24], [28, 19], [29, 25]]",6.18511694483459e-06,False,716,6.57507584059962
accessible_description,pythia-2.8b,natural,random_099,"[[24, 28], [27, 6], [28, 12], [30, 26], [31, 8]]",1.2118835002183914e-06,False,716,6.57507584059962
accessible_description,pythia-2.8b,natural,random_100,"[[24, 26], [25, 6], [25, 26], [30, 18], [31, 26]]",6.502843461930752e-06,False,716,6.57507584059962
universal_design,pythia-2.8b,natural,random_001,"[[25, 18], [26, 11], [26, 12], [27, 24], [31, 17]]",1.134911144617945e-06,False,9030,9.108418382250798
universal_design,pythia-2.8b,natural,random_002,"[[22, 7], [25, 21], [26, 2], [27, 12], [30, 23]]",1.1310548870824277e-06,False,9030,9.108418382250798
universal_design,pythia-2.8b,natural,random_003,"[[22, 5], [23, 9], [26, 3], [26, 12], [31, 8]]",1.653643266763538e-05,False,9030,9.108418382250798
universal_design,pythia-2.8b,natural,random_004,"[[22, 6], [23, 20], [26, 7], [27, 1], [31, 13]]",2.2306718165054917e-05,False,9030,9.108418382250798
universal_design,pythia-2.8b,natural,random_005,"[[23, 15], [24, 21], [27, 10], [27, 26], [28, 4]]",4.569103475660086e-05,False,9030,9.108418382250798
universal_design,pythia-2.8b,natural,random_006,"[[23, 14], [26, 26], [27, 29], [28, 16], [31, 17]]",2.5548179110046476e-06,False,9030,9.108418382250798
universal_design,pythia-2.8b,natural,random_007,"[[23, 28], [24, 4], [28, 0], [28, 15], [30, 9]]",1.3926401152275503e-06,False,9030,9.108418382250798
universal_design,pythia-2.8b,natural,random_008,"[[27, 19], [28, 1], [28, 27], [30, 3], [30, 21]]",3.6174169508740306e-05,False,9030,9.108418382250798
universal_design,pythia-2.8b,natural,random_009,"[[25, 5], [26, 27], [28, 2], [29, 28], [30, 20]]",3.0446011805906892e-05,False,9030,9.108418382250798
universal_design,pythia-2.8b,natural,random_010,"[[22, 22], [22, 24], [25, 24], [30, 24], [31, 11]]",0.00011730962432920933,False,9030,9.108418382250798
universal_design,pythia-2.8b,natural,random_011,"[[22, 10], [24, 0], [28, 30], [30, 18], [31, 30]]",1.893960143206641e-05,False,9030,9.108418382250798
universal_design,pythia-2.8b,natural,random_012,"[[25, 18], [27, 3], [27, 13], [28, 29], [30, 22]]",5.833047907799482e-06,False,9030,9.108418382250798
universal_design,pythia-2.8b,natural,random_013,"[[24, 15], [28, 20], [28, 28], [30, 17], [31, 21]]",0.000272935489192605,False,9030,9.108418382250798
universal_design,pythia-2.8b,natural,random_014,"[[23, 8], [25, 10], [27, 19], [27, 28], [31, 4]]",4.4539920054376125e-06,False,9030,9.108418382250798
universal_design,pythia-2.8b,natural,random_015,"[[26, 21], [29, 28], [30, 28], [31, 19], [31, 23]]",1.041392533807084e-05,False,9030,9.108418382250798
universal_design,pythia-2.8b,natural,random_016,"[[24, 27], [26, 23], [28, 21], [29, 13], [30, 26]]",3.176278551109135e-05,False,9030,9.108418382250798
universal_design,pythia-2.8b,natural,random_017,"[[23, 19], [25, 25], [28, 17], [30, 3], [30, 4]]",5.485191650222987e-05,False,9030,9.108418382250798
universal_design,pythia-2.8b,natural,random_018,"[[22, 28], [24, 12], [26, 2], [26, 16], [26, 26]]",1.1063675628975034e-05,False,9030,9.108418382250798
universal_design,pythia-2.8b,natural,random_019,"[[23, 21], [24, 26], [26, 19], [28, 29], [31, 3]]",3.202672814950347e-06,False,9030,9.108418382250798
universal_design,pythia-2.8b,natural,random_020,"[[26, 9], [28, 4], [29, 24], [30, 13], [31, 15]]",3.703826223500073e-06,False,9030,9.108418382250798
universal_design,pythia-2.8b,natural,random_021,"[[23, 19], [25, 11], [26, 24], [27, 27], [29, 6]]",3.0143564799800515e-06,False,9030,9.108418382250798
universal_design,pythia-2.8b,natural,random_022,"[[25, 12], [26, 9], [26, 13], [31, 12], [31, 14]]",2.070974005619064e-07,False,9030,9.108418382250798
universal_design,pythia-2.8b,natural,random_023,"[[25, 9], [26, 8], [28, 22], [29, 28], [30, 20]]",2.696771116461605e-05,False,9030,9.108418382250798
universal_design,pythia-2.8b,natural,random_024,"[[22, 8], [23, 19], [23, 23], [29, 22], [31, 6]]",2.566892362665385e-06,False,9030,9.108418382250798
universal_design,pythia-2.8b,natural,random_025,"[[25, 7], [28, 11], [29, 22], [30, 14], [31, 30]]",8.20402055978775e-06,False,9030,9.108418382250798
universal_design,pythia-2.8b,natural,random_026,"[[22, 1], [23, 5], [24, 20], [27, 1], [28, 7]]",0.0019780327565968037,False,9030,9.108418382250798
universal_design,pythia-2.8b,natural,random_027,"[[23, 28], [26, 4], [28, 16], [29, 27], [31, 8]]",2.0696032152045518e-05,False,9030,9.108418382250798
universal_design,pythia-2.8b,natural,random_028,"[[23, 12], [24, 20], [25, 12], [26, 24], [31, 22]]",1.7100770492106676e-05,False,9030,9.108418382250798
universal_design,pythia-2.8b,natural,random_029,"[[22, 12], [24, 7], [25, 25], [26, 18], [30, 2]]",7.040616765152663e-07,False,9030,9.108418382250798
universal_design,pythia-2.8b,natural,random_030,"[[22, 13], [26, 5], [28, 15], [28, 30], [31, 15]]",2.2188272851053625e-05,False,9030,9.108418382250798
universal_design,pythia-2.8b,natural,random_031,"[[25, 1], [26, 24], [27, 22], [28, 27], [29, 24]]",1.930895450641401e-06,False,9030,9.108418382250798
universal_design,pythia-2.8b,natural,random_032,"[[23, 18], [24, 27], [26, 22], [27, 25], [31, 30]]",8.341303328052163e-07,False,9030,9.108418382250798
universal_design,pythia-2.8b,natural,random_033,"[[25, 10], [28, 1], [29, 20], [30, 23], [31, 4]]",3.154092701151967e-05,False,9030,9.108418382250798
universal_design,pythia-2.8b,natural,random_034,"[[24, 29], [26, 2], [28, 19], [29, 17], [30, 31]]",6.235628097783774e-05,False,9030,9.108418382250798
universal_design,pythia-2.8b,natural,random_035,"[[23, 28], [27, 3], [28, 14], [28, 20], [31, 18]]",4.346367859398015e-06,False,9030,9.108418382250798
universal_design,pythia-2.8b,natural,random_036,"[[23, 5], [24, 13], [24, 18], [25, 4], [27, 24]]",0.001894970890134573,False,9030,9.108418382250798
universal_design,pythia-2.8b,natural,random_037,"[[22, 30], [23, 16], [25, 8], [27, 18], [30, 8]]",2.787797711789608e-06,False,9030,9.108418382250798
universal_design,pythia-2.8b,natural,random_038,"[[22, 1], [24, 12], [25, 19], [26, 14], [26, 18]]",1.3071577996015549e-05,False,9030,9.108418382250798
universal_design,pythia-2.8b,natural,random_039,"[[27, 10], [27, 27], [28, 7], [31, 5], [31, 9]]",1.2174896255601197e-05,False,9030,9.108418382250798
universal_design,pythia-2.8b,natural,random_040,"[[22, 3], [24, 0], [25, 11], [29, 8], [30, 1]]",5.271559348329902e-05,False,9030,9.108418382250798
universal_design,pythia-2.8b,natural,random_041,"[[24, 7], [29, 8], [29, 15], [30, 28], [31, 24]]",6.676645716652274e-05,False,9030,9.108418382250798
universal_design,pythia-2.8b,natural,random_042,"[[22, 31], [23, 10], [30, 0], [31, 20], [31, 28]]",1.562057514092885e-05,False,9030,9.108418382250798
universal_design,pythia-2.8b,natural,random_043,"[[23, 29], [24, 2], [26, 8], [30, 0], [31, 24]]",6.845570169389248e-05,False,9030,9.108418382250798
universal_design,pythia-2.8b,natural,random_044,"[[22, 9], [24, 27], [26, 15], [26, 27], [30, 28]]",4.2754109017550945e-06,False,9030,9.108418382250798
universal_design,pythia-2.8b,natural,random_045,"[[23, 12], [26, 20], [28, 22], [29, 0], [31, 31]]",3.7006044294685125e-05,False,9030,9.108418382250798
universal_design,pythia-2.8b,natural,random_046,"[[23, 3], [24, 3], [26, 12], [29, 19], [31, 11]]",3.4372569643892348e-06,False,9030,9.108418382250798
universal_design,pythia-2.8b,natural,random_047,"[[24, 11], [24, 23], [26, 1], [26, 17], [26, 25]]",3.5770615795627236e-05,False,9030,9.108418382250798
universal_design,pythia-2.8b,natural,random_048,"[[24, 22], [29, 16], [29, 18], [30, 16], [30, 26]]",5.087515455670655e-05,False,9030,9.108418382250798
universal_design,pythia-2.8b,natural,random_049,"[[25, 4], [27, 9], [28, 9], [30, 17], [31, 26]]",5.404232069849968e-06,False,9030,9.108418382250798
universal_design,pythia-2.8b,natural,random_050,"[[22, 13], [25, 23], [27, 3], [29, 28], [31, 24]]",9.887517080642283e-06,False,9030,9.108418382250798
universal_design,pythia-2.8b,natural,random_051,"[[22, 7], [23, 18], [24, 22], [29, 5], [31, 29]]",7.023554644547403e-07,False,9030,9.108418382250798
universal_design,pythia-2.8b,natural,random_052,"[[24, 20], [26, 25], [27, 13], [28, 10], [29, 27]]",2.1729909349232912e-05,False,9030,9.108418382250798
universal_design,pythia-2.8b,natural,random_053,"[[22, 24], [26, 17], [26, 22], [27, 17], [31, 10]]",5.471316399052739e-06,False,9030,9.108418382250798
universal_design,pythia-2.8b,natural,random_054,"[[23, 30], [24, 5], [25, 30], [26, 15], [28, 2]]",1.5558864106424153e-05,False,9030,9.108418382250798
universal_design,pythia-2.8b,natural,random_055,"[[25, 22], [28, 24], [29, 12], [31, 16], [31, 21]]",5.346155376173556e-05,False,9030,9.108418382250798
universal_design,pythia-2.8b,natural,random_056,"[[23, 29], [24, 15], [26, 22], [28, 31], [30, 2]]",0.0002427190775051713,False,9030,9.108418382250798
universal_design,pythia-2.8b,natural,random_057,"[[22, 21], [25, 15], [28, 1], [28, 4], [28, 30]]",0.00011400526273064315,False,9030,9.108418382250798
universal_design,pythia-2.8b,natural,random_058,"[[22, 1], [26, 16], [26, 26], [29, 17], [31, 29]]",1.8772698240354657e-06,False,9030,9.108418382250798
universal_design,pythia-2.8b,natural,random_059,"[[24, 2], [24, 31], [27, 11], [29, 27], [30, 25]]",2.1630985429510474e-05,False,9030,9.108418382250798
universal_design,pythia-2.8b,natural,random_060,"[[22, 6], [27, 3], [27, 21], [28, 30], [31, 4]]",0.0007683278527110815,False,9030,9.108418382250798
universal_design,pythia-2.8b,natural,random_061,"[[23, 4], [24, 29], [26, 9], [30, 24], [31, 12]]",1.7959828255698085e-06,False,9030,9.108418382250798
universal_design,pythia-2.8b,natural,random_062,"[[22, 31], [23, 28], [25, 6], [27, 12], [29, 25]]",4.855108272749931e-06,False,9030,9.108418382250798
universal_design,pythia-2.8b,natural,random_063,"[[24, 7], [27, 3], [27, 17], [27, 31], [28, 23]]",1.2313248589634895e-06,False,9030,9.108418382250798
universal_design,pythia-2.8b,natural,random_064,"[[26, 7], [26, 30], [28, 30], [29, 9], [31, 11]]",2.2539010387845337e-05,False,9030,9.108418382250798
universal_design,pythia-2.8b,natural,random_065,"[[22, 23], [26, 7], [27, 18], [27, 31], [28, 25]]",2.5599729269742966e-06,False,9030,9.108418382250798
universal_design,pythia-2.8b,natural,random_066,"[[28, 25], [29, 5], [29, 17], [29, 25], [30, 5]]",8.82083986653015e-06,False,9030,9.108418382250798
universal_design,pythia-2.8b,natural,random_067,"[[23, 15], [24, 31], [27, 8], [28, 29], [30, 4]]",7.288588676601648e-06,False,9030,9.108418382250798
universal_design,pythia-2.8b,natural,random_068,"[[25, 25], [26, 9], [28, 8], [28, 29], [30, 20]]",1.2125092325732112e-06,False,9030,9.108418382250798
universal_design,pythia-2.8b,natural,random_069,"[[22, 21], [23, 7], [25, 0], [27, 2], [29, 1]]",2.3151951609179378e-06,False,9030,9.108418382250798
universal_design,pythia-2.8b,natural,random_070,"[[22, 17], [23, 15], [23, 23], [28, 25], [29, 0]]",1.5543064364464954e-05,False,9030,9.108418382250798
universal_design,pythia-2.8b,natural,random_071,"[[24, 29], [25, 30], [28, 19], [29, 14], [30, 26]]",5.469704046845436e-05,False,9030,9.108418382250798
universal_design,pythia-2.8b,natural,random_072,"[[23, 15], [26, 9], [26, 14], [26, 28], [30, 13]]",4.3659674702212214e-06,False,9030,9.108418382250798
universal_design,pythia-2.8b,natural,random_073,"[[24, 6], [26, 10], [28, 3], [29, 10], [30, 26]]",5.079840775579214e-06,False,9030,9.108418382250798
universal_design,pythia-2.8b,natural,random_074,"[[22, 3], [22, 6], [28, 11], [29, 2], [29, 22]]",2.20600632019341e-05,False,9030,9.108418382250798
universal_design,pythia-2.8b,natural,random_075,"[[22, 24], [24, 12], [26, 18], [27, 14], [30, 31]]",1.303039607591927e-05,False,9030,9.108418382250798
universal_design,pythia-2.8b,natural,random_076,"[[24, 4], [29, 1], [29, 25], [30, 19], [31, 18]]",9.460418368689716e-06,False,9030,9.108418382250798
universal_design,pythia-2.8b,natural,random_077,"[[23, 14], [24, 2], [24, 17], [25, 5], [27, 18]]",2.3496599169448018e-05,False,9030,9.108418382250798
universal_design,pythia-2.8b,natural,random_078,"[[22, 29], [29, 1], [29, 2], [29, 5], [31, 16]]",3.2251118682324886e-06,False,9030,9.108418382250798
universal_design,pythia-2.8b,natural,random_079,"[[26, 7], [26, 21], [26, 27], [28, 9], [28, 20]]",1.0628835298120975e-05,False,9030,9.108418382250798
universal_design,pythia-2.8b,natural,random_080,"[[24, 1], [28, 22], [30, 22], [31, 4], [31, 7]]",7.909031410235912e-06,False,9030,9.108418382250798
universal_design,pythia-2.8b,natural,random_081,"[[22, 19], [25, 25], [26, 19], [27, 6], [31, 29]]",1.0628951713442802e-05,False,9030,9.108418382250798
universal_design,pythia-2.8b,natural,random_082,"[[24, 1], [24, 11], [25, 22], [25, 28], [27, 15]]",2.2239924874156713e-05,False,9030,9.108418382250798
universal_design,pythia-2.8b,natural,random_083,"[[22, 10], [24, 12], [25, 5], [27, 4], [27, 12]]",1.0655930964276195e-05,False,9030,9.108418382250798
universal_design,pythia-2.8b,natural,random_084,"[[23, 14], [25, 16], [25, 19], [28, 26], [31, 23]]",3.6071869544684887e-06,False,9030,9.108418382250798
universal_design,pythia-2.8b,natural,random_085,"[[23, 30], [24, 6], [25, 6], [25, 28], [31, 20]]",3.202992957085371e-06,False,9030,9.108418382250798
universal_design,pythia-2.8b,natural,random_086,"[[22, 14], [24, 20], [24, 30], [27, 18], [30, 5]]",7.620066753588617e-06,False,9030,9.108418382250798
universal_design,pythia-2.8b,natural,random_087,"[[22, 31], [23, 17], [25, 8], [29, 19], [31, 11]]",1.202904968522489e-06,False,9030,9.108418382250798
universal_design,pythia-2.8b,natural,random_088,"[[22, 3], [22, 19], [23, 10], [27, 1], [31, 12]]",1.0449177352711558e-05,False,9030,9.108418382250798
universal_design,pythia-2.8b,natural,random_089,"[[22, 17], [26, 17], [27, 18], [30, 30], [31, 31]]",7.651624400750734e-07,False,9030,9.108418382250798
universal_design,pythia-2.8b,natural,random_090,"[[24, 19], [27, 8], [29, 9], [30, 2], [30, 17]]",9.954237611964345e-07,False,9030,9.108418382250798
universal_design,pythia-2.8b,natural,random_091,"[[24, 19], [25, 4], [29, 3], [29, 23], [31, 7]]",2.116594259859994e-06,False,9030,9.108418382250798
universal_design,pythia-2.8b,natural,random_092,"[[24, 14], [26, 18], [28, 20], [29, 14], [29, 19]]",1.6743106243666261e-06,False,9030,9.108418382250798
universal_design,pythia-2.8b,natural,random_093,"[[24, 6], [27, 20], [28, 16], [30, 0], [30, 13]]",1.4736251614522189e-05,False,9030,9.108418382250798
universal_design,pythia-2.8b,natural,random_094,"[[23, 4], [23, 7], [25, 31], [26, 21], [29, 26]]",2.401633537374437e-06,False,9030,9.108418382250798
universal_design,pythia-2.8b,natural,random_095,"[[22, 4], [25, 4], [25, 7], [27, 27], [28, 6]]",5.959853297099471e-06,False,9030,9.108418382250798
universal_design,pythia-2.8b,natural,random_096,"[[22, 3], [26, 2], [28, 17], [29, 14], [31, 22]]",3.5377859603613615e-05,False,9030,9.108418382250798
universal_design,pythia-2.8b,natural,random_097,"[[23, 19], [23, 25], [26, 5], [29, 31], [31, 5]]",1.4847726561129093e-05,False,9030,9.108418382250798
universal_design,pythia-2.8b,natural,random_098,"[[24, 7], [25, 4], [27, 24], [28, 19], [29, 25]]",5.4069460020400584e-05,False,9030,9.108418382250798
universal_design,pythia-2.8b,natural,random_099,"[[24, 28], [27, 6], [28, 12], [30, 26], [31, 8]]",9.701834642328322e-07,False,9030,9.108418382250798
universal_design,pythia-2.8b,natural,random_100,"[[24, 26], [25, 6], [25, 26], [30, 18], [31, 26]]",2.5024492060765624e-06,False,9030,9.108418382250798
text_alternative,pythia-2.8b,natural,random_001,"[[25, 18], [26, 11], [26, 12], [27, 24], [31, 17]]",1.1826450645457953e-06,False,1852,7.52456122628536
text_alternative,pythia-2.8b,natural,random_002,"[[22, 7], [25, 21], [26, 2], [27, 12], [30, 23]]",9.218565537594259e-07,False,1852,7.52456122628536
text_alternative,pythia-2.8b,natural,random_003,"[[22, 5], [23, 9], [26, 3], [26, 12], [31, 8]]",1.826815423555672e-05,False,1852,7.52456122628536
text_alternative,pythia-2.8b,natural,random_004,"[[22, 6], [23, 20], [26, 7], [27, 1], [31, 13]]",3.216526238247752e-05,False,1852,7.52456122628536
text_alternative,pythia-2.8b,natural,random_005,"[[23, 15], [24, 21], [27, 10], [27, 26], [28, 4]]",8.443195838481188e-05,False,1852,7.52456122628536
text_alternative,pythia-2.8b,natural,random_006,"[[23, 14], [26, 26], [27, 29], [28, 16], [31, 17]]",1.2171913112979382e-06,False,1852,7.52456122628536
text_alternative,pythia-2.8b,natural,random_007,"[[23, 28], [24, 4], [28, 0], [28, 15], [30, 9]]",6.060290616005659e-06,False,1852,7.52456122628536
text_alternative,pythia-2.8b,natural,random_008,"[[27, 19], [28, 1], [28, 27], [30, 3], [30, 21]]",2.9647722840309143e-05,False,1852,7.52456122628536
text_alternative,pythia-2.8b,natural,random_009,"[[25, 5], [26, 27], [28, 2], [29, 28], [30, 20]]",2.0913154003210366e-05,False,1852,7.52456122628536
text_alternative,pythia-2.8b,natural,random_010,"[[22, 22], [22, 24], [25, 24], [30, 24], [31, 11]]",3.157299943268299e-05,False,1852,7.52456122628536
text_alternative,pythia-2.8b,natural,random_011,"[[22, 10], [24, 0], [28, 30], [30, 18], [31, 30]]",2.2737280232831836e-05,False,1852,7.52456122628536
text_alternative,pythia-2.8b,natural,random_012,"[[25, 18], [27, 3], [27, 13], [28, 29], [30, 22]]",3.4764816518872976e-06,False,1852,7.52456122628536
text_alternative,pythia-2.8b,natural,random_013,"[[24, 15], [28, 20], [28, 28], [30, 17], [31, 21]]",0.00011634343536570668,False,1852,7.52456122628536
text_alternative,pythia-2.8b,natural,random_014,"[[23, 8], [25, 10], [27, 19], [27, 28], [31, 4]]",4.007313691545278e-06,False,1852,7.52456122628536
text_alternative,pythia-2.8b,natural,random_015,"[[26, 21], [29, 28], [30, 28], [31, 19], [31, 23]]",2.0791594579350203e-06,False,1852,7.52456122628536
text_alternative,pythia-2.8b,natural,random_016,"[[24, 27], [26, 23], [28, 21], [29, 13], [30, 26]]",2.6691777748055756e-06,False,1852,7.52456122628536
text_alternative,pythia-2.8b,natural,random_017,"[[23, 19], [25, 25], [28, 17], [30, 3], [30, 4]]",2.3822038201615214e-05,False,1852,7.52456122628536
text_alternative,pythia-2.8b,natural,random_018,"[[22, 28], [24, 12], [26, 2], [26, 16], [26, 26]]",1.480747596360743e-05,False,1852,7.52456122628536
text_alternative,pythia-2.8b,natural,random_019,"[[23, 21], [24, 26], [26, 19], [28, 29], [31, 3]]",3.66990570910275e-06,False,1852,7.52456122628536
text_alternative,pythia-2.8b,natural,random_020,"[[26, 9], [28, 4], [29, 24], [30, 13], [31, 15]]",2.9328803066164255e-06,False,1852,7.52456122628536
text_alternative,pythia-2.8b,natural,random_021,"[[23, 19], [25, 11], [26, 24], [27, 27], [29, 6]]",2.524800947867334e-06,False,1852,7.52456122628536
text_alternative,pythia-2.8b,natural,random_022,"[[25, 12], [26, 9], [26, 13], [31, 12], [31, 14]]",-6.99092197464779e-08,False,1852,7.52456122628536
text_alternative,pythia-2.8b,natural,random_023,"[[25, 9], [26, 8], [28, 22], [29, 28], [30, 20]]",1.5347999578807503e-05,False,1852,7.52456122628536
text_alternative,pythia-2.8b,natural,random_024,"[[22, 8], [23, 19], [23, 23], [29, 22], [31, 6]]",6.174705049488693e-07,False,1852,7.52456122628536
text_alternative,pythia-2.8b,natural,random_025,"[[25, 7], [28, 11], [29, 22], [30, 14], [31, 30]]",6.7131477408111095e-06,False,1852,7.52456122628536
text_alternative,pythia-2.8b,natural,random_026,"[[22, 1], [23, 5], [24, 20], [27, 1], [28, 7]]",0.0019230698235332966,False,1852,7.52456122628536
text_alternative,pythia-2.8b,natural,random_027,"[[23, 28], [26, 4], [28, 16], [29, 27], [31, 8]]",7.853799615986645e-06,False,1852,7.52456122628536
text_alternative,pythia-2.8b,natural,random_028,"[[23, 12], [24, 20], [25, 12], [26, 24], [31, 22]]",4.040432395413518e-05,False,1852,7.52456122628536
text_alternative,pythia-2.8b,natural,random_029,"[[22, 12], [24, 7], [25, 25], [26, 18], [30, 2]]",5.925594450673088e-07,False,1852,7.52456122628536
text_alternative,pythia-2.8b,natural,random_030,"[[22, 13], [26, 5], [28, 15], [28, 30], [31, 15]]",1.7777230823412538e-05,False,1852,7.52456122628536
text_alternative,pythia-2.8b,natural,random_031,"[[25, 1], [26, 24], [27, 22], [28, 27], [29, 24]]",1.0068542906083167e-06,False,1852,7.52456122628536
text_alternative,pythia-2.8b,natural,random_032,"[[23, 18], [24, 27], [26, 22], [27, 25], [31, 30]]",1.2762247934006155e-06,False,1852,7.52456122628536
text_alternative,pythia-2.8b,natural,random_033,"[[25, 10], [28, 1], [29, 20], [30, 23], [31, 4]]",2.830405719578266e-05,False,1852,7.52456122628536
text_alternative,pythia-2.8b,natural,random_034,"[[24, 29], [26, 2], [28, 19], [29, 17], [30, 31]]",2.4014589143916965e-05,False,1852,7.52456122628536
text_alternative,pythia-2.8b,natural,random_035,"[[23, 28], [27, 3], [28, 14], [28, 20], [31, 18]]",7.791881216689944e-06,False,1852,7.52456122628536
text_alternative,pythia-2.8b,natural,random_036,"[[23, 5], [24, 13], [24, 18], [25, 4], [27, 24]]",0.001907574012875557,False,1852,7.52456122628536
text_alternative,pythia-2.8b,natural,random_037,"[[22, 30], [23, 16], [25, 8], [27, 18], [30, 8]]",5.415582563728094e-06,False,1852,7.52456122628536
text_alternative,pythia-2.8b,natural,random_038,"[[22, 1], [24, 12], [25, 19], [26, 14], [26, 18]]",1.8117803847417235e-05,False,1852,7.52456122628536
text_alternative,pythia-2.8b,natural,random_039,"[[27, 10], [27, 27], [28, 7], [31, 5], [31, 9]]",6.573231075890362e-06,False,1852,7.52456122628536
text_alternative,pythia-2.8b,natural,random_040,"[[22, 3], [24, 0], [25, 11], [29, 8], [30, 1]]",2.0831343135796487e-05,False,1852,7.52456122628536
text_alternative,pythia-2.8b,natural,random_041,"[[24, 7], [29, 8], [29, 15], [30, 28], [31, 24]]",1.1541793355718255e-05,False,1852,7.52456122628536
text_alternative,pythia-2.8b,natural,random_042,"[[22, 31], [23, 10], [30, 0], [31, 20], [31, 28]]",3.242783714085817e-05,False,1852,7.52456122628536
text_alternative,pythia-2.8b,natural,random_043,"[[23, 29], [24, 2], [26, 8], [30, 0], [31, 24]]",4.683667793869972e-05,False,1852,7.52456122628536
text_alternative,pythia-2.8b,natural,random_044,"[[22, 9], [24, 27], [26, 15], [26, 27], [30, 28]]",2.224030322395265e-05,False,1852,7.52456122628536
text_alternative,pythia-2.8b,natural,random_045,"[[23, 12], [26, 20], [28, 22], [29, 0], [31, 31]]",4.0811108192428946e-05,False,1852,7.52456122628536
text_alternative,pythia-2.8b,natural,random_046,"[[23, 3], [24, 3], [26, 12], [29, 19], [31, 11]]",2.42397072724998e-06,False,1852,7.52456122628536
text_alternative,pythia-2.8b,natural,random_047,"[[24, 11], [24, 23], [26, 1], [26, 17], [26, 25]]",2.4659966584295034e-05,False,1852,7.52456122628536
text_alternative,pythia-2.8b,natural,random_048,"[[24, 22], [29, 16], [29, 18], [30, 16], [30, 26]]",1.3821409083902836e-05,False,1852,7.52456122628536
text_alternative,pythia-2.8b,natural,random_049,"[[25, 4], [27, 9], [28, 9], [30, 17], [31, 26]]",2.770815626718104e-06,False,1852,7.52456122628536
text_alternative,pythia-2.8b,natural,random_050,"[[22, 13], [25, 23], [27, 3], [29, 28], [31, 24]]",1.1879747034981847e-06,False,1852,7.52456122628536
text_alternative,pythia-2.8b,natural,random_051,"[[22, 7], [23, 18], [24, 22], [29, 5], [31, 29]]",1.0753574315458536e-06,False,1852,7.52456122628536
text_alternative,pythia-2.8b,natural,random_052,"[[24, 20], [26, 25], [27, 13], [28, 10], [29, 27]]",8.081922715064138e-06,False,1852,7.52456122628536
text_alternative,pythia-2.8b,natural,random_053,"[[22, 24], [26, 17], [26, 22], [27, 17], [31, 10]]",5.130495992489159e-06,False,1852,7.52456122628536
text_alternative,pythia-2.8b,natural,random_054,"[[23, 30], [24, 5], [25, 30], [26, 15], [28, 2]]",1.6672624042257667e-05,False,1852,7.52456122628536
text_alternative,pythia-2.8b,natural,random_055,"[[25, 22], [28, 24], [29, 12], [31, 16], [31, 21]]",1.0988762369379401e-05,False,1852,7.52456122628536
text_alternative,pythia-2.8b,natural,random_056,"[[23, 29], [24, 15], [26, 22], [28, 31], [30, 2]]",7.683917647227645e-05,False,1852,7.52456122628536
text_alternative,pythia-2.8b,natural,random_057,"[[22, 21], [25, 15], [28, 1], [28, 4], [28, 30]]",8.764959056861699e-05,False,1852,7.52456122628536
text_alternative,pythia-2.8b,natural,random_058,"[[22, 1], [26, 16], [26, 26], [29, 17], [31, 29]]",2.2283929865807295e-06,False,1852,7.52456122628536
text_alternative,pythia-2.8b,natural,random_059,"[[24, 2], [24, 31], [27, 11], [29, 27], [30, 25]]",3.811641363427043e-06,False,1852,7.52456122628536
text_alternative,pythia-2.8b,natural,random_060,"[[22, 6], [27, 3], [27, 21], [28, 30], [31, 4]]",5.298107862472534e-05,False,1852,7.52456122628536
text_alternative,pythia-2.8b,natural,random_061,"[[23, 4], [24, 29], [26, 9], [30, 24], [31, 12]]",1.974512997549027e-06,False,1852,7.52456122628536
text_alternative,pythia-2.8b,natural,random_062,"[[22, 31], [23, 28], [25, 6], [27, 12], [29, 25]]",6.919188308529556e-06,False,1852,7.52456122628536
text_alternative,pythia-2.8b,natural,random_063,"[[24, 7], [27, 3], [27, 17], [27, 31], [28, 23]]",8.501920092385262e-07,False,1852,7.52456122628536
text_alternative,pythia-2.8b,natural,random_064,"[[26, 7], [26, 30], [28, 30], [29, 9], [31, 11]]",1.6340258298441768e-05,False,1852,7.52456122628536
text_alternative,pythia-2.8b,natural,random_065,"[[22, 23], [26, 7], [27, 18], [27, 31], [28, 25]]",2.3092361516319215e-06,False,1852,7.52456122628536
text_alternative,pythia-2.8b,natural,random_066,"[[28, 25], [29, 5], [29, 17], [29, 25], [30, 5]]",1.4568649930879474e-06,False,1852,7.52456122628536
text_alternative,pythia-2.8b,natural,random_067,"[[23, 15], [24, 31], [27, 8], [28, 29], [30, 4]]",6.718131771776825e-06,False,1852,7.52456122628536
text_alternative,pythia-2.8b,natural,random_068,"[[25, 25], [26, 9], [28, 8], [28, 29], [30, 20]]",1.0393705451861024e-06,False,1852,7.52456122628536
text_alternative,pythia-2.8b,natural,random_069,"[[22, 21], [23, 7], [25, 0], [27, 2], [29, 1]]",2.601591404527426e-07,False,1852,7.52456122628536
text_alternative,pythia-2.8b,natural,random_070,"[[22, 17], [23, 15], [23, 23], [28, 25], [29, 0]]",5.7881115935742855e-06,False,1852,7.52456122628536
text_alternative,pythia-2.8b,natural,random_071,"[[24, 29], [25, 30], [28, 19], [29, 14], [30, 26]]",2.1671687136404216e-05,False,1852,7.52456122628536
text_alternative,pythia-2.8b,natural,random_072,"[[23, 15], [26, 9], [26, 14], [26, 28], [30, 13]]",9.792929631657898e-06,False,1852,7.52456122628536
text_alternative,pythia-2.8b,natural,random_073,"[[24, 6], [26, 10], [28, 3], [29, 10], [30, 26]]",1.2192103895358741e-06,False,1852,7.52456122628536
text_alternative,pythia-2.8b,natural,random_074,"[[22, 3], [22, 6], [28, 11], [29, 2], [29, 22]]",5.052576307207346e-05,False,1852,7.52456122628536
text_alternative,pythia-2.8b,natural,random_075,"[[22, 24], [24, 12], [26, 18], [27, 14], [30, 31]]",1.9448460079729557e-05,False,1852,7.52456122628536
text_alternative,pythia-2.8b,natural,random_076,"[[24, 4], [29, 1], [29, 25], [30, 19], [31, 18]]",1.116946805268526e-06,False,1852,7.52456122628536
text_alternative,pythia-2.8b,natural,random_077,"[[23, 14], [24, 2], [24, 17], [25, 5], [27, 18]]",6.437563570216298e-06,False,1852,7.52456122628536
text_alternative,pythia-2.8b,natural,random_078,"[[22, 29], [29, 1], [29, 2], [29, 5], [31, 16]]",6.918678991496563e-06,False,1852,7.52456122628536
text_alternative,pythia-2.8b,natural,random_079,"[[26, 7], [26, 21], [26, 27], [28, 9], [28, 20]]",1.2265489203855395e-05,False,1852,7.52456122628536
text_alternative,pythia-2.8b,natural,random_080,"[[24, 1], [28, 22], [30, 22], [31, 4], [31, 7]]",7.3414703365415335e-06,False,1852,7.52456122628536
text_alternative,pythia-2.8b,natural,random_081,"[[22, 19], [25, 25], [26, 19], [27, 6], [31, 29]]",1.8371589248999953e-05,False,1852,7.52456122628536
text_alternative,pythia-2.8b,natural,random_082,"[[24, 1], [24, 11], [25, 22], [25, 28], [27, 15]]",1.968421565834433e-05,False,1852,7.52456122628536
text_alternative,pythia-2.8b,natural,random_083,"[[22, 10], [24, 12], [25, 5], [27, 4], [27, 12]]",1.487351255491376e-05,False,1852,7.52456122628536
text_alternative,pythia-2.8b,natural,random_084,"[[23, 14], [25, 16], [25, 19], [28, 26], [31, 23]]",1.662123395362869e-06,False,1852,7.52456122628536
text_alternative,pythia-2.8b,natural,random_085,"[[23, 30], [24, 6], [25, 6], [25, 28], [31, 20]]",1.5545811038464308e-06,False,1852,7.52456122628536
text_alternative,pythia-2.8b,natural,random_086,"[[22, 14], [24, 20], [24, 30], [27, 18], [30, 5]]",1.1061609257012606e-05,False,1852,7.52456122628536
text_alternative,pythia-2.8b,natural,random_087,"[[22, 31], [23, 17], [25, 8], [29, 19], [31, 11]]",8.959832484833896e-07,False,1852,7.52456122628536
text_alternative,pythia-2.8b,natural,random_088,"[[22, 3], [22, 19], [23, 10], [27, 1], [31, 12]]",2.1428400941658765e-05,False,1852,7.52456122628536
text_alternative,pythia-2.8b,natural,random_089,"[[22, 17], [26, 17], [27, 18], [30, 30], [31, 31]]",1.139473170042038e-06,False,1852,7.52456122628536
text_alternative,pythia-2.8b,natural,random_090,"[[24, 19], [27, 8], [29, 9], [30, 2], [30, 17]]",1.0267758625559509e-06,False,1852,7.52456122628536
text_alternative,pythia-2.8b,natural,random_091,"[[24, 19], [25, 4], [29, 3], [29, 23], [31, 7]]",2.4151449906639755e-07,False,1852,7.52456122628536
text_alternative,pythia-2.8b,natural,random_092,"[[24, 14], [26, 18], [28, 20], [29, 14], [29, 19]]",1.781052560545504e-06,False,1852,7.52456122628536
text_alternative,pythia-2.8b,natural,random_093,"[[24, 6], [27, 20], [28, 16], [30, 0], [30, 13]]",2.5304267182946205e-05,False,1852,7.52456122628536
text_alternative,pythia-2.8b,natural,random_094,"[[23, 4], [23, 7], [25, 31], [26, 21], [29, 26]]",1.7871352611109614e-06,False,1852,7.52456122628536
text_alternative,pythia-2.8b,natural,random_095,"[[22, 4], [25, 4], [25, 7], [27, 27], [28, 6]]",2.6489433366805315e-06,False,1852,7.52456122628536
text_alternative,pythia-2.8b,natural,random_096,"[[22, 3], [26, 2], [28, 17], [29, 14], [31, 22]]",2.5829911464825273e-05,False,1852,7.52456122628536
text_alternative,pythia-2.8b,natural,random_097,"[[23, 19], [23, 25], [26, 5], [29, 31], [31, 5]]",3.2303141779266298e-06,False,1852,7.52456122628536
text_alternative,pythia-2.8b,natural,random_098,"[[24, 7], [25, 4], [27, 24], [28, 19], [29, 25]]",1.7641585145611316e-05,False,1852,7.52456122628536
text_alternative,pythia-2.8b,natural,random_099,"[[24, 28], [27, 6], [28, 12], [30, 26], [31, 8]]",7.181843102443963e-07,False,1852,7.52456122628536
text_alternative,pythia-2.8b,natural,random_100,"[[24, 26], [25, 6], [25, 26], [30, 18], [31, 26]]",3.201334038749337e-06,False,1852,7.52456122628536
consistent_help,pythia-2.8b,natural,random_001,"[[25, 18], [26, 11], [26, 12], [27, 24], [31, 17]]",1.4656598068540916e-06,False,504,6.224558429275359
consistent_help,pythia-2.8b,natural,random_002,"[[22, 7], [25, 21], [26, 2], [27, 12], [30, 23]]",2.4181281332857907e-06,False,504,6.224558429275359
consistent_help,pythia-2.8b,natural,random_003,"[[22, 5], [23, 9], [26, 3], [26, 12], [31, 8]]",1.7225349438376725e-05,False,504,6.224558429275359
consistent_help,pythia-2.8b,natural,random_004,"[[22, 6], [23, 20], [26, 7], [27, 1], [31, 13]]",2.3447559215128422e-05,False,504,6.224558429275359
consistent_help,pythia-2.8b,natural,random_005,"[[23, 15], [24, 21], [27, 10], [27, 26], [28, 4]]",1.994706690311432e-05,False,504,6.224558429275359
consistent_help,pythia-2.8b,natural,random_006,"[[23, 14], [26, 26], [27, 29], [28, 16], [31, 17]]",8.228889782913029e-07,False,504,6.224558429275359
consistent_help,pythia-2.8b,natural,random_007,"[[23, 28], [24, 4], [28, 0], [28, 15], [30, 9]]",1.6316917026415467e-06,False,504,6.224558429275359
consistent_help,pythia-2.8b,natural,random_008,"[[27, 19], [28, 1], [28, 27], [30, 3], [30, 21]]",8.354749297723174e-06,False,504,6.224558429275359
consistent_help,pythia-2.8b,natural,random_009,"[[25, 5], [26, 27], [28, 2], [29, 28], [30, 20]]",1.611374318599701e-05,False,504,6.224558429275359
consistent_help,pythia-2.8b,natural,random_010,"[[22, 22], [22, 24], [25, 24], [30, 24], [31, 11]]",4.116061609238386e-05,False,504,6.224558429275359
consistent_help,pythia-2.8b,natural,random_011,"[[22, 10], [24, 0], [28, 30], [30, 18], [31, 30]]",4.1401071939617395e-06,False,504,6.224558429275359
consistent_help,pythia-2.8b,natural,random_012,"[[25, 18], [27, 3], [27, 13], [28, 29], [30, 22]]",1.4996505342423916e-05,False,504,6.224558429275359
consistent_help,pythia-2.8b,natural,random_013,"[[24, 15], [28, 20], [28, 28], [30, 17], [31, 21]]",1.7633021343499422e-05,False,504,6.224558429275359
consistent_help,pythia-2.8b,natural,random_014,"[[23, 8], [25, 10], [27, 19], [27, 28], [31, 4]]",6.527712685056031e-06,False,504,6.224558429275359
consistent_help,pythia-2.8b,natural,random_015,"[[26, 21], [29, 28], [30, 28], [31, 19], [31, 23]]",4.762016033055261e-06,False,504,6.224558429275359
consistent_help,pythia-2.8b,natural,random_016,"[[24, 27], [26, 23], [28, 21], [29, 13], [30, 26]]",7.967508281581104e-06,False,504,6.224558429275359
consistent_help,pythia-2.8b,natural,random_017,"[[23, 19], [25, 25], [28, 17], [30, 3], [30, 4]]",1.664106093812734e-05,False,504,6.224558429275359
consistent_help,pythia-2.8b,natural,random_018,"[[22, 28], [24, 12], [26, 2], [26, 16], [26, 26]]",3.65840969607234e-06,False,504,6.224558429275359
consistent_help,pythia-2.8b,natural,random_019,"[[23, 21], [24, 26], [26, 19], [28, 29], [31, 3]]",2.1494852262549102e-06,False,504,6.224558429275359
consistent_help,pythia-2.8b,natural,random_020,"[[26, 9], [28, 4], [29, 24], [30, 13], [31, 15]]",2.624481567181647e-06,False,504,6.224558429275359
consistent_help,pythia-2.8b,natural,random_021,"[[23, 19], [25, 11], [26, 24], [27, 27], [29, 6]]",7.6174328569322824e-06,False,504,6.224558429275359
consistent_help,pythia-2.8b,natural,random_022,"[[25, 12], [26, 9], [26, 13], [31, 12], [31, 14]]",1.937696652021259e-07,False,504,6.224558429275359
consistent_help,pythia-2.8b,natural,random_023,"[[25, 9], [26, 8], [28, 22], [29, 28], [30, 20]]",1.4726363588124514e-05,False,504,6.224558429275359
consistent_help,pythia-2.8b,natural,random_024,"[[22, 8], [23, 19], [23, 23], [29, 22], [31, 6]]",1.2796117516700178e-06,False,504,6.224558429275359
consistent_help,pythia-2.8b,natural,random_025,"[[25, 7], [28, 11], [29, 22], [30, 14], [31, 30]]",1.0636795195750892e-06,False,504,6.224558429275359
consistent_help,pythia-2.8b,natural,random_026,"[[22, 1], [23, 5], [24, 20], [27, 1], [28, 7]]",0.0006297330837696791,False,504,6.224558429275359
consistent_help,pythia-2.8b,natural,random_027,"[[23, 28], [26, 4], [28, 16], [29, 27], [31, 8]]",1.1890442692674696e-05,False,504,6.224558429275359
consistent_help,pythia-2.8b,natural,random_028,"[[23, 12], [24, 20], [25, 12], [26, 24], [31, 22]]",4.906722460873425e-05,False,504,6.224558429275359
consistent_help,pythia-2.8b,natural,random_029,"[[22, 12], [24, 7], [25, 25], [26, 18], [30, 2]]",9.359937394037843e-07,False,504,6.224558429275359
consistent_help,pythia-2.8b,natural,random_030,"[[22, 13], [26, 5], [28, 15], [28, 30], [31, 15]]",4.869430995313451e-06,False,504,6.224558429275359
consistent_help,pythia-2.8b,natural,random_031,"[[25, 1], [26, 24], [27, 22], [28, 27], [29, 24]]",1.0559815564192832e-06,False,504,6.224558429275359
consistent_help,pythia-2.8b,natural,random_032,"[[23, 18], [24, 27], [26, 22], [27, 25], [31, 30]]",1.0867879609577358e-06,False,504,6.224558429275359
consistent_help,pythia-2.8b,natural,random_033,"[[25, 10], [28, 1], [29, 20], [30, 23], [31, 4]]",7.4704294092953205e-06,False,504,6.224558429275359
consistent_help,pythia-2.8b,natural,random_034,"[[24, 29], [26, 2], [28, 19], [29, 17], [30, 31]]",2.959329867735505e-05,False,504,6.224558429275359
consistent_help,pythia-2.8b,natural,random_035,"[[23, 28], [27, 3], [28, 14], [28, 20], [31, 18]]",2.469780156388879e-06,False,504,6.224558429275359
consistent_help,pythia-2.8b,natural,random_036,"[[23, 5], [24, 13], [24, 18], [25, 4], [27, 24]]",0.0006323596462607384,False,504,6.224558429275359
consistent_help,pythia-2.8b,natural,random_037,"[[22, 30], [23, 16], [25, 8], [27, 18], [30, 8]]",6.259411748033017e-06,False,504,6.224558429275359
consistent_help,pythia-2.8b,natural,random_038,"[[22, 1], [24, 12], [25, 19], [26, 14], [26, 18]]",7.529873983003199e-06,False,504,6.224558429275359
consistent_help,pythia-2.8b,natural,random_039,"[[27, 10], [27, 27], [28, 7], [31, 5], [31, 9]]",9.678318747319281e-06,False,504,6.224558429275359
consistent_help,pythia-2.8b,natural,random_040,"[[22, 3], [24, 0], [25, 11], [29, 8], [30, 1]]",6.082747131586075e-05,False,504,6.224558429275359
consistent_help,pythia-2.8b,natural,random_041,"[[24, 7], [29, 8], [29, 15], [30, 28], [31, 24]]",5.390320438891649e-05,False,504,6.224558429275359
consistent_help,pythia-2.8b,natural,random_042,"[[22, 31], [23, 10], [30, 0], [31, 20], [31, 28]]",2.467221929691732e-05,False,504,6.224558429275359
consistent_help,pythia-2.8b,natural,random_043,"[[23, 29], [24, 2], [26, 8], [30, 0], [31, 24]]",7.876887684687972e-05,False,504,6.224558429275359
consistent_help,pythia-2.8b,natural,random_044,"[[22, 9], [24, 27], [26, 15], [26, 27], [30, 28]]",1.3023483916185796e-05,False,504,6.224558429275359
consistent_help,pythia-2.8b,natural,random_045,"[[23, 12], [26, 20], [28, 22], [29, 0], [31, 31]]",5.970874917693436e-05,False,504,6.224558429275359
consistent_help,pythia-2.8b,natural,random_046,"[[23, 3], [24, 3], [26, 12], [29, 19], [31, 11]]",2.276050508953631e-06,False,504,6.224558429275359
consistent_help,pythia-2.8b,natural,random_047,"[[24, 11], [24, 23], [26, 1], [26, 17], [26, 25]]",8.324972441187128e-06,False,504,6.224558429275359
consistent_help,pythia-2.8b,natural,random_048,"[[24, 22], [29, 16], [29, 18], [30, 16], [30, 26]]",1.5838391846045852e-05,False,504,6.224558429275359
consistent_help,pythia-2.8b,natural,random_049,"[[25, 4], [27, 9], [28, 9], [30, 17], [31, 26]]",8.996474207378924e-06,False,504,6.224558429275359
consistent_help,pythia-2.8b,natural,random_050,"[[22, 13], [25, 23], [27, 3], [29, 28], [31, 24]]",5.060297553427517e-06,False,504,6.224558429275359
consistent_help,pythia-2.8b,natural,random_051,"[[22, 7], [23, 18], [24, 22], [29, 5], [31, 29]]",9.1333276941441e-07,False,504,6.224558429275359
consistent_help,pythia-2.8b,natural,random_052,"[[24, 20], [26, 25], [27, 13], [28, 10], [29, 27]]",1.7259939340874553e-05,False,504,6.224558429275359
consistent_help,pythia-2.8b,natural,random_053,"[[22, 24], [26, 17], [26, 22], [27, 17], [31, 10]]",4.4783082557842135e-06,False,504,6.224558429275359
consistent_help,pythia-2.8b,natural,random_054,"[[23, 30], [24, 5], [25, 30], [26, 15], [28, 2]]",4.3195614125579596e-06,False,504,6.224558429275359
consistent_help,pythia-2.8b,natural,random_055,"[[25, 22], [28, 24], [29, 12], [31, 16], [31, 21]]",3.733061021193862e-05,False,504,6.224558429275359
consistent_help,pythia-2.8b,natural,random_056,"[[23, 29], [24, 15], [26, 22], [28, 31], [30, 2]]",3.475927223917097e-05,False,504,6.224558429275359
consistent_help,pythia-2.8b,natural,random_057,"[[22, 21], [25, 15], [28, 1], [28, 4], [28, 30]]",4.408796667121351e-05,False,504,6.224558429275359
consistent_help,pythia-2.8b,natural,random_058,"[[22, 1], [26, 16], [26, 26], [29, 17], [31, 29]]",2.194981789216399e-06,False,504,6.224558429275359
consistent_help,pythia-2.8b,natural,random_059,"[[24, 2], [24, 31], [27, 11], [29, 27], [30, 25]]",1.1707299563568085e-05,False,504,6.224558429275359
consistent_help,pythia-2.8b,natural,random_060,"[[22, 6], [27, 3], [27, 21], [28, 30], [31, 4]]",0.00016397197032347322,False,504,6.224558429275359
consistent_help,pythia-2.8b,natural,random_061,"[[23, 4], [24, 29], [26, 9], [30, 24], [31, 12]]",6.537484296131879e-07,False,504,6.224558429275359
consistent_help,pythia-2.8b,natural,random_062,"[[22, 31], [23, 28], [25, 6], [27, 12], [29, 25]]",3.8927828427404165e-06,False,504,6.224558429275359
consistent_help,pythia-2.8b,natural,random_063,"[[24, 7], [27, 3], [27, 17], [27, 31], [28, 23]]",6.31324655842036e-06,False,504,6.224558429275359
consistent_help,pythia-2.8b,natural,random_064,"[[26, 7], [26, 30], [28, 30], [29, 9], [31, 11]]",5.862817488377914e-06,False,504,6.224558429275359
consistent_help,pythia-2.8b,natural,random_065,"[[22, 23], [26, 7], [27, 18], [27, 31], [28, 25]]",5.1054012146778405e-06,False,504,6.224558429275359
consistent_help,pythia-2.8b,natural,random_066,"[[28, 25], [29, 5], [29, 17], [29, 25], [30, 5]]",2.366738044656813e-06,False,504,6.224558429275359
consistent_help,pythia-2.8b,natural,random_067,"[[23, 15], [24, 31], [27, 8], [28, 29], [30, 4]]",7.455520972143859e-06,False,504,6.224558429275359
consistent_help,pythia-2.8b,natural,random_068,"[[25, 25], [26, 9], [28, 8], [28, 29], [30, 20]]",1.0139374353457242e-06,False,504,6.224558429275359
consistent_help,pythia-2.8b,natural,random_069,"[[22, 21], [23, 7], [25, 0], [27, 2], [29, 1]]",1.7983766156248748e-06,False,504,6.224558429275359
consistent_help,pythia-2.8b,natural,random_070,"[[22, 17], [23, 15], [23, 23], [28, 25], [29, 0]]",1.0609524906612933e-05,False,504,6.224558429275359
consistent_help,pythia-2.8b,natural,random_071,"[[24, 29], [25, 30], [28, 19], [29, 14], [30, 26]]",2.1860760170966387e-05,False,504,6.224558429275359
consistent_help,pythia-2.8b,natural,random_072,"[[23, 15], [26, 9], [26, 14], [26, 28], [30, 13]]",1.9042017811443657e-06,False,504,6.224558429275359
consistent_help,pythia-2.8b,natural,random_073,"[[24, 6], [26, 10], [28, 3], [29, 10], [30, 26]]",3.2217430998571217e-06,False,504,6.224558429275359
consistent_help,pythia-2.8b,natural,random_074,"[[22, 3], [22, 6], [28, 11], [29, 2], [29, 22]]",3.951019607484341e-05,False,504,6.224558429275359
consistent_help,pythia-2.8b,natural,random_075,"[[22, 24], [24, 12], [26, 18], [27, 14], [30, 31]]",9.79861943051219e-06,False,504,6.224558429275359
consistent_help,pythia-2.8b,natural,random_076,"[[24, 4], [29, 1], [29, 25], [30, 19], [31, 18]]",8.148526831064373e-07,False,504,6.224558429275359
consistent_help,pythia-2.8b,natural,random_077,"[[23, 14], [24, 2], [24, 17], [25, 5], [27, 18]]",4.188434104435146e-06,False,504,6.224558429275359
consistent_help,pythia-2.8b,natural,random_078,"[[22, 29], [29, 1], [29, 2], [29, 5], [31, 16]]",1.6694466467015445e-06,False,504,6.224558429275359
consistent_help,pythia-2.8b,natural,random_079,"[[26, 7], [26, 21], [26, 27], [28, 9], [28, 20]]",8.308736141771078e-06,False,504,6.224558429275359
consistent_help,pythia-2.8b,natural,random_080,"[[24, 1], [28, 22], [30, 22], [31, 4], [31, 7]]",3.116714651696384e-06,False,504,6.224558429275359
consistent_help,pythia-2.8b,natural,random_081,"[[22, 19], [25, 25], [26, 19], [27, 6], [31, 29]]",1.3913377188146114e-05,False,504,6.224558429275359
consistent_help,pythia-2.8b,natural,random_082,"[[24, 1], [24, 11], [25, 22], [25, 28], [27, 15]]",6.156031304271892e-06,False,504,6.224558429275359
consistent_help,pythia-2.8b,natural,random_083,"[[22, 10], [24, 12], [25, 5], [27, 4], [27, 12]]",3.5163830034434795e-06,False,504,6.224558429275359
consistent_help,pythia-2.8b,natural,random_084,"[[23, 14], [25, 16], [25, 19], [28, 26], [31, 23]]",1.3829740055371076e-06,False,504,6.224558429275359
consistent_help,pythia-2.8b,natural,random_085,"[[23, 30], [24, 6], [25, 6], [25, 28], [31, 20]]",1.5400073607452214e-06,False,504,6.224558429275359
consistent_help,pythia-2.8b,natural,random_086,"[[22, 14], [24, 20], [24, 30], [27, 18], [30, 5]]",6.4171108533628285e-06,False,504,6.224558429275359
consistent_help,pythia-2.8b,natural,random_087,"[[22, 31], [23, 17], [25, 8], [29, 19], [31, 11]]",2.4423643480986357e-06,False,504,6.224558429275359
consistent_help,pythia-2.8b,natural,random_088,"[[22, 3], [22, 19], [23, 10], [27, 1], [31, 12]]",1.4191900845617056e-05,False,504,6.224558429275359
consistent_help,pythia-2.8b,natural,random_089,"[[22, 17], [26, 17], [27, 18], [30, 30], [31, 31]]",3.3586256904527545e-06,False,504,6.224558429275359
consistent_help,pythia-2.8b,natural,random_090,"[[24, 19], [27, 8], [29, 9], [30, 2], [30, 17]]",5.633464752463624e-06,False,504,6.224558429275359
consistent_help,pythia-2.8b,natural,random_091,"[[24, 19], [25, 4], [29, 3], [29, 23], [31, 7]]",1.0274343367200345e-06,False,504,6.224558429275359
consistent_help,pythia-2.8b,natural,random_092,"[[24, 14], [26, 18], [28, 20], [29, 14], [29, 19]]",5.932761268923059e-07,False,504,6.224558429275359
consistent_help,pythia-2.8b,natural,random_093,"[[24, 6], [27, 20], [28, 16], [30, 0], [30, 13]]",1.5039942809380591e-05,False,504,6.224558429275359
consistent_help,pythia-2.8b,natural,random_094,"[[23, 4], [23, 7], [25, 31], [26, 21], [29, 26]]",1.989901647903025e-06,False,504,6.224558429275359
consistent_help,pythia-2.8b,natural,random_095,"[[22, 4], [25, 4], [25, 7], [27, 27], [28, 6]]",8.266055374406278e-06,False,504,6.224558429275359
consistent_help,pythia-2.8b,natural,random_096,"[[22, 3], [26, 2], [28, 17], [29, 14], [31, 22]]",1.9238847016822547e-05,False,504,6.224558429275359
consistent_help,pythia-2.8b,natural,random_097,"[[23, 19], [23, 25], [26, 5], [29, 31], [31, 5]]",6.726375431753695e-06,False,504,6.224558429275359
consistent_help,pythia-2.8b,natural,random_098,"[[24, 7], [25, 4], [27, 24], [28, 19], [29, 25]]",2.325786044821143e-05,False,504,6.224558429275359
consistent_help,pythia-2.8b,natural,random_099,"[[24, 28], [27, 6], [28, 12], [30, 26], [31, 8]]",2.607121132314205e-07,False,504,6.224558429275359
consistent_help,pythia-2.8b,natural,random_100,"[[24, 26], [25, 6], [25, 26], [30, 18], [31, 26]]",6.683258106932044e-07,False,504,6.224558429275359
sensory_characteristics,pythia-2.8b,natural,random_001,"[[25, 18], [26, 11], [26, 12], [27, 24], [31, 17]]",5.922731361351907e-06,False,11206,9.324293862052027
sensory_characteristics,pythia-2.8b,natural,random_002,"[[22, 7], [25, 21], [26, 2], [27, 12], [30, 23]]",3.584707883419469e-06,False,11206,9.324293862052027
sensory_characteristics,pythia-2.8b,natural,random_003,"[[22, 5], [23, 9], [26, 3], [26, 12], [31, 8]]",3.0032919312361628e-05,False,11206,9.324293862052027
sensory_characteristics,pythia-2.8b,natural,random_004,"[[22, 6], [23, 20], [26, 7], [27, 1], [31, 13]]",8.415809134021401e-05,False,11206,9.324293862052027
sensory_characteristics,pythia-2.8b,natural,random_005,"[[23, 15], [24, 21], [27, 10], [27, 26], [28, 4]]",0.00017877150094136596,False,11206,9.324293862052027
sensory_characteristics,pythia-2.8b,natural,random_006,"[[23, 14], [26, 26], [27, 29], [28, 16], [31, 17]]",2.8020513127557933e-06,False,11206,9.324293862052027
sensory_characteristics,pythia-2.8b,natural,random_007,"[[23, 28], [24, 4], [28, 0], [28, 15], [30, 9]]",2.5305853341706097e-06,False,11206,9.324293862052027
sensory_characteristics,pythia-2.8b,natural,random_008,"[[27, 19], [28, 1], [28, 27], [30, 3], [30, 21]]",1.2370743206702173e-05,False,11206,9.324293862052027
sensory_characteristics,pythia-2.8b,natural,random_009,"[[25, 5], [26, 27], [28, 2], [29, 28], [30, 20]]",8.277385495603085e-05,False,11206,9.324293862052027
sensory_characteristics,pythia-2.8b,natural,random_010,"[[22, 22], [22, 24], [25, 24], [30, 24], [31, 11]]",3.5625474993139505e-05,False,11206,9.324293862052027
sensory_characteristics,pythia-2.8b,natural,random_011,"[[22, 10], [24, 0], [28, 30], [30, 18], [31, 30]]",2.293067518621683e-05,False,11206,9.324293862052027
sensory_characteristics,pythia-2.8b,natural,random_012,"[[25, 18], [27, 3], [27, 13], [28, 29], [30, 22]]",5.377762136049569e-06,False,11206,9.324293862052027
sensory_characteristics,pythia-2.8b,natural,random_013,"[[24, 15], [28, 20], [28, 28], [30, 17], [31, 21]]",0.00030415121000260115,False,11206,9.324293862052027
sensory_characteristics,pythia-2.8b,natural,random_014,"[[23, 8], [25, 10], [27, 19], [27, 28], [31, 4]]",6.643036613240838e-06,False,11206,9.324293862052027
sensory_characteristics,pythia-2.8b,natural,random_015,"[[26, 21], [29, 28], [30, 28], [31, 19], [31, 23]]",5.6078541092574596e-05,False,11206,9.324293862052027
sensory_characteristics,pythia-2.8b,natural,random_016,"[[24, 27], [26, 23], [28, 21], [29, 13], [30, 26]]",4.4786196667701006e-05,False,11206,9.324293862052027
sensory_characteristics,pythia-2.8b,natural,random_017,"[[23, 19], [25, 25], [28, 17], [30, 3], [30, 4]]",3.8878570194356143e-05,False,11206,9.324293862052027
sensory_characteristics,pythia-2.8b,natural,random_018,"[[22, 28], [24, 12], [26, 2], [26, 16], [26, 26]]",6.635647150687873e-05,False,11206,9.324293862052027
sensory_characteristics,pythia-2.8b,natural,random_019,"[[23, 21], [24, 26], [26, 19], [28, 29], [31, 3]]",1.2156699085608125e-05,False,11206,9.324293862052027
sensory_characteristics,pythia-2.8b,natural,random_020,"[[26, 9], [28, 4], [29, 24], [30, 13], [31, 15]]",8.331844583153725e-06,False,11206,9.324293862052027
sensory_characteristics,pythia-2.8b,natural,random_021,"[[23, 19], [25, 11], [26, 24], [27, 27], [29, 6]]",6.630456482525915e-06,False,11206,9.324293862052027
sensory_characteristics,pythia-2.8b,natural,random_022,"[[25, 12], [26, 9], [26, 13], [31, 12], [31, 14]]",5.382380550145172e-07,False,11206,9.324293862052027
sensory_characteristics,pythia-2.8b,natural,random_023,"[[25, 9], [26, 8], [28, 22], [29, 28], [30, 20]]",9.776384104043245e-05,False,11206,9.324293862052027
sensory_characteristics,pythia-2.8b,natural,random_024,"[[22, 8], [23, 19], [23, 23], [29, 22], [31, 6]]",2.759299604804255e-06,False,11206,9.324293862052027
sensory_characteristics,pythia-2.8b,natural,random_025,"[[25, 7], [28, 11], [29, 22], [30, 14], [31, 30]]",8.022710971999913e-06,False,11206,9.324293862052027
sensory_characteristics,pythia-2.8b,natural,random_026,"[[22, 1], [23, 5], [24, 20], [27, 1], [28, 7]]",0.0030445829033851624,False,11206,9.324293862052027
sensory_characteristics,pythia-2.8b,natural,random_027,"[[23, 28], [26, 4], [28, 16], [29, 27], [31, 8]]",7.022102363407612e-05,False,11206,9.324293862052027
sensory_characteristics,pythia-2.8b,natural,random_028,"[[23, 12], [24, 20], [25, 12], [26, 24], [31, 22]]",9.083692566491663e-05,False,11206,9.324293862052027
sensory_characteristics,pythia-2.8b,natural,random_029,"[[22, 12], [24, 7], [25, 25], [26, 18], [30, 2]]",2.6527559384703636e-06,False,11206,9.324293862052027
sensory_characteristics,pythia-2.8b,natural,random_030,"[[22, 13], [26, 5], [28, 15], [28, 30], [31, 15]]",2.1068968635518104e-05,False,11206,9.324293862052027
sensory_characteristics,pythia-2.8b,natural,random_031,"[[25, 1], [26, 24], [27, 22], [28, 27], [29, 24]]",6.670947186648846e-06,False,11206,9.324293862052027
sensory_characteristics,pythia-2.8b,natural,random_032,"[[23, 18], [24, 27], [26, 22], [27, 25], [31, 30]]",1.4310935512185097e-06,False,11206,9.324293862052027
sensory_characteristics,pythia-2.8b,natural,random_033,"[[25, 10], [28, 1], [29, 20], [30, 23], [31, 4]]",1.4719415048602968e-05,False,11206,9.324293862052027
sensory_characteristics,pythia-2.8b,natural,random_034,"[[24, 29], [26, 2], [28, 19], [29, 17], [30, 31]]",0.00032154505606740713,False,11206,9.324293862052027
sensory_characteristics,pythia-2.8b,natural,random_035,"[[23, 28], [27, 3], [28, 14], [28, 20], [31, 18]]",1.4363577065523714e-06,False,11206,9.324293862052027
sensory_characteristics,pythia-2.8b,natural,random_036,"[[23, 5], [24, 13], [24, 18], [25, 4], [27, 24]]",0.002998633310198784,False,11206,9.324293862052027
sensory_characteristics,pythia-2.8b,natural,random_037,"[[22, 30], [23, 16], [25, 8], [27, 18], [30, 8]]",9.105278877541423e-06,False,11206,9.324293862052027
sensory_characteristics,pythia-2.8b,natural,random_038,"[[22, 1], [24, 12], [25, 19], [26, 14], [26, 18]]",9.698927169665694e-05,False,11206,9.324293862052027
sensory_characteristics,pythia-2.8b,natural,random_039,"[[27, 10], [27, 27], [28, 7], [31, 5], [31, 9]]",4.548186552710831e-06,False,11206,9.324293862052027
sensory_characteristics,pythia-2.8b,natural,random_040,"[[22, 3], [24, 0], [25, 11], [29, 8], [30, 1]]",0.00024382979609072208,False,11206,9.324293862052027
sensory_characteristics,pythia-2.8b,natural,random_041,"[[24, 7], [29, 8], [29, 15], [30, 28], [31, 24]]",0.0002487276215106249,False,11206,9.324293862052027
sensory_characteristics,pythia-2.8b,natural,random_042,"[[22, 31], [23, 10], [30, 0], [31, 20], [31, 28]]",8.19754131953232e-06,False,11206,9.324293862052027
sensory_characteristics,pythia-2.8b,natural,random_043,"[[23, 29], [24, 2], [26, 8], [30, 0], [31, 24]]",6.826483877375722e-05,False,11206,9.324293862052027
sensory_characteristics,pythia-2.8b,natural,random_044,"[[22, 9], [24, 27], [26, 15], [26, 27], [30, 28]]",8.83433676790446e-06,False,11206,9.324293862052027
sensory_characteristics,pythia-2.8b,natural,random_045,"[[23, 12], [26, 20], [28, 22], [29, 0], [31, 31]]",0.00019660225370898843,False,11206,9.324293862052027
sensory_characteristics,pythia-2.8b,natural,random_046,"[[23, 3], [24, 3], [26, 12], [29, 19], [31, 11]]",7.550421287305653e-06,False,11206,9.324293862052027
sensory_characteristics,pythia-2.8b,natural,random_047,"[[24, 11], [24, 23], [26, 1], [26, 17], [26, 25]]",2.346182009205222e-05,False,11206,9.324293862052027
sensory_characteristics,pythia-2.8b,natural,random_048,"[[24, 22], [29, 16], [29, 18], [30, 16], [30, 26]]",8.074118522927165e-05,False,11206,9.324293862052027
sensory_characteristics,pythia-2.8b,natural,random_049,"[[25, 4], [27, 9], [28, 9], [30, 17], [31, 26]]",3.3896139939315617e-06,False,11206,9.324293862052027
sensory_characteristics,pythia-2.8b,natural,random_050,"[[22, 13], [25, 23], [27, 3], [29, 28], [31, 24]]",4.764978075399995e-05,False,11206,9.324293862052027
sensory_characteristics,pythia-2.8b,natural,random_051,"[[22, 7], [23, 18], [24, 22], [29, 5], [31, 29]]",1.681204594206065e-06,False,11206,9.324293862052027
sensory_characteristics,pythia-2.8b,natural,random_052,"[[24, 20], [26, 25], [27, 13], [28, 10], [29, 27]]",6.999482866376638e-05,False,11206,9.324293862052027
sensory_characteristics,pythia-2.8b,natural,random_053,"[[22, 24], [26, 17], [26, 22], [27, 17], [31, 10]]",4.891146090812981e-06,False,11206,9.324293862052027
sensory_characteristics,pythia-2.8b,natural,random_054,"[[23, 30], [24, 5], [25, 30], [26, 15], [28, 2]]",9.847120963968337e-06,False,11206,9.324293862052027
sensory_characteristics,pythia-2.8b,natural,random_055,"[[25, 22], [28, 24], [29, 12], [31, 16], [31, 21]]",0.00015042535960674286,False,11206,9.324293862052027
sensory_characteristics,pythia-2.8b,natural,random_056,"[[23, 29], [24, 15], [26, 22], [28, 31], [30, 2]]",0.00035575637593865395,False,11206,9.324293862052027
sensory_characteristics,pythia-2.8b,natural,random_057,"[[22, 21], [25, 15], [28, 1], [28, 4], [28, 30]]",9.511536336503923e-05,False,11206,9.324293862052027
sensory_characteristics,pythia-2.8b,natural,random_058,"[[22, 1], [26, 16], [26, 26], [29, 17], [31, 29]]",2.570945071056485e-06,False,11206,9.324293862052027
sensory_characteristics,pythia-2.8b,natural,random_059,"[[24, 2], [24, 31], [27, 11], [29, 27], [30, 25]]",5.515725933946669e-05,False,11206,9.324293862052027
sensory_characteristics,pythia-2.8b,natural,random_060,"[[22, 6], [27, 3], [27, 21], [28, 30], [31, 4]]",0.00013092634617350996,False,11206,9.324293862052027
sensory_characteristics,pythia-2.8b,natural,random_061,"[[23, 4], [24, 29], [26, 9], [30, 24], [31, 12]]",3.3704491215758026e-06,False,11206,9.324293862052027
sensory_characteristics,pythia-2.8b,natural,random_062,"[[22, 31], [23, 28], [25, 6], [27, 12], [29, 25]]",2.122469595633447e-06,False,11206,9.324293862052027
sensory_characteristics,pythia-2.8b,natural,random_063,"[[24, 7], [27, 3], [27, 17], [27, 31], [28, 23]]",2.272368874400854e-06,False,11206,9.324293862052027
sensory_characteristics,pythia-2.8b,natural,random_064,"[[26, 7], [26, 30], [28, 30], [29, 9], [31, 11]]",2.7660513296723366e-05,False,11206,9.324293862052027
sensory_characteristics,pythia-2.8b,natural,random_065,"[[22, 23], [26, 7], [27, 18], [27, 31], [28, 25]]",4.5347114792093635e-06,False,11206,9.324293862052027
sensory_characteristics,pythia-2.8b,natural,random_066,"[[28, 25], [29, 5], [29, 17], [29, 25], [30, 5]]",7.0879177656024694e-06,False,11206,9.324293862052027
sensory_characteristics,pythia-2.8b,natural,random_067,"[[23, 15], [24, 31], [27, 8], [28, 29], [30, 4]]",7.966540579218417e-06,False,11206,9.324293862052027
sensory_characteristics,pythia-2.8b,natural,random_068,"[[25, 25], [26, 9], [28, 8], [28, 29], [30, 20]]",8.04259798314888e-07,False,11206,9.324293862052027
sensory_characteristics,pythia-2.8b,natural,random_069,"[[22, 21], [23, 7], [25, 0], [27, 2], [29, 1]]",7.5819698395207524e-06,False,11206,9.324293862052027
sensory_characteristics,pythia-2.8b,natural,random_070,"[[22, 17], [23, 15], [23, 23], [28, 25], [29, 0]]",8.094642544165254e-05,False,11206,9.324293862052027
sensory_characteristics,pythia-2.8b,natural,random_071,"[[24, 29], [25, 30], [28, 19], [29, 14], [30, 26]]",0.00029439752688631415,False,11206,9.324293862052027
sensory_characteristics,pythia-2.8b,natural,random_072,"[[23, 15], [26, 9], [26, 14], [26, 28], [30, 13]]",2.0469946321099997e-05,False,11206,9.324293862052027
sensory_characteristics,pythia-2.8b,natural,random_073,"[[24, 6], [26, 10], [28, 3], [29, 10], [30, 26]]",1.824783976189792e-05,False,11206,9.324293862052027
sensory_characteristics,pythia-2.8b,natural,random_074,"[[22, 3], [22, 6], [28, 11], [29, 2], [29, 22]]",0.00010222190758213401,False,11206,9.324293862052027
sensory_characteristics,pythia-2.8b,natural,random_075,"[[22, 24], [24, 12], [26, 18], [27, 14], [30, 31]]",5.675069405697286e-05,False,11206,9.324293862052027
sensory_characteristics,pythia-2.8b,natural,random_076,"[[24, 4], [29, 1], [29, 25], [30, 19], [31, 18]]",5.301466444507241e-06,False,11206,9.324293862052027
sensory_characteristics,pythia-2.8b,natural,random_077,"[[23, 14], [24, 2], [24, 17], [25, 5], [27, 18]]",2.0963518181815743e-05,False,11206,9.324293862052027
sensory_characteristics,pythia-2.8b,natural,random_078,"[[22, 29], [29, 1], [29, 2], [29, 5], [31, 16]]",1.7010868759825826e-05,False,11206,9.324293862052027
sensory_characteristics,pythia-2.8b,natural,random_079,"[[26, 7], [26, 21], [26, 27], [28, 9], [28, 20]]",2.323623630218208e-05,False,11206,9.324293862052027
sensory_characteristics,pythia-2.8b,natural,random_080,"[[24, 1], [28, 22], [30, 22], [31, 4], [31, 7]]",5.664725904352963e-06,False,11206,9.324293862052027
sensory_characteristics,pythia-2.8b,natural,random_081,"[[22, 19], [25, 25], [26, 19], [27, 6], [31, 29]]",5.995447281748056e-06,False,11206,9.324293862052027
sensory_characteristics,pythia-2.8b,natural,random_082,"[[24, 1], [24, 11], [25, 22], [25, 28], [27, 15]]",1.1975746019743383e-05,False,11206,9.324293862052027
sensory_characteristics,pythia-2.8b,natural,random_083,"[[22, 10], [24, 12], [25, 5], [27, 4], [27, 12]]",6.283793481998146e-05,False,11206,9.324293862052027
sensory_characteristics,pythia-2.8b,natural,random_084,"[[23, 14], [25, 16], [25, 19], [28, 26], [31, 23]]",3.957444278057665e-06,False,11206,9.324293862052027
sensory_characteristics,pythia-2.8b,natural,random_085,"[[23, 30], [24, 6], [25, 6], [25, 28], [31, 20]]",4.2174942791461945e-06,False,11206,9.324293862052027
sensory_characteristics,pythia-2.8b,natural,random_086,"[[22, 14], [24, 20], [24, 30], [27, 18], [30, 5]]",1.3536715414375067e-05,False,11206,9.324293862052027
sensory_characteristics,pythia-2.8b,natural,random_087,"[[22, 31], [23, 17], [25, 8], [29, 19], [31, 11]]",7.065362296998501e-06,False,11206,9.324293862052027
sensory_characteristics,pythia-2.8b,natural,random_088,"[[22, 3], [22, 19], [23, 10], [27, 1], [31, 12]]",7.46916703064926e-06,False,11206,9.324293862052027
sensory_characteristics,pythia-2.8b,natural,random_089,"[[22, 17], [26, 17], [27, 18], [30, 30], [31, 31]]",1.4862307580187917e-06,False,11206,9.324293862052027
sensory_characteristics,pythia-2.8b,natural,random_090,"[[24, 19], [27, 8], [29, 9], [30, 2], [30, 17]]",7.364775228779763e-06,False,11206,9.324293862052027
sensory_characteristics,pythia-2.8b,natural,random_091,"[[24, 19], [25, 4], [29, 3], [29, 23], [31, 7]]",4.679161065723747e-06,False,11206,9.324293862052027
sensory_characteristics,pythia-2.8b,natural,random_092,"[[24, 14], [26, 18], [28, 20], [29, 14], [29, 19]]",2.7431524358689785e-06,False,11206,9.324293862052027
sensory_characteristics,pythia-2.8b,natural,random_093,"[[24, 6], [27, 20], [28, 16], [30, 0], [30, 13]]",6.037531420588493e-06,False,11206,9.324293862052027
sensory_characteristics,pythia-2.8b,natural,random_094,"[[23, 4], [23, 7], [25, 31], [26, 21], [29, 26]]",1.044408418238163e-05,False,11206,9.324293862052027
sensory_characteristics,pythia-2.8b,natural,random_095,"[[22, 4], [25, 4], [25, 7], [27, 27], [28, 6]]",4.968736902810633e-06,False,11206,9.324293862052027
sensory_characteristics,pythia-2.8b,natural,random_096,"[[22, 3], [26, 2], [28, 17], [29, 14], [31, 22]]",5.5963173508644104e-05,False,11206,9.324293862052027
sensory_characteristics,pythia-2.8b,natural,random_097,"[[23, 19], [23, 25], [26, 5], [29, 31], [31, 5]]",3.272666072007269e-05,False,11206,9.324293862052027
sensory_characteristics,pythia-2.8b,natural,random_098,"[[24, 7], [25, 4], [27, 24], [28, 19], [29, 25]]",0.0002796782646328211,False,11206,9.324293862052027
sensory_characteristics,pythia-2.8b,natural,random_099,"[[24, 28], [27, 6], [28, 12], [30, 26], [31, 8]]",6.763584678992629e-07,False,11206,9.324293862052027
sensory_characteristics,pythia-2.8b,natural,random_100,"[[24, 26], [25, 6], [25, 26], [30, 18], [31, 26]]",9.705909178592265e-06,False,11206,9.324293862052027
