compound,layer,head,binding_score,word1,word2,prompt,tokens,word1_idx,word2_idx,domain,model
screen_reader,0,0,0.2418,screen,reader,A screen reader is,"['<|endoftext|>', 'A', ' screen', ' reader', ' is']",2,3,accessibility,pythia-1b
screen_reader,0,1,0.46,screen,reader,A screen reader is,"['<|endoftext|>', 'A', ' screen', ' reader', ' is']",2,3,accessibility,pythia-1b
screen_reader,0,2,0.0,screen,reader,A screen reader is,"['<|endoftext|>', 'A', ' screen', ' reader', ' is']",2,3,accessibility,pythia-1b
screen_reader,0,3,0.9656,screen,reader,A screen reader is,"['<|endoftext|>', 'A', ' screen', ' reader', ' is']",2,3,accessibility,pythia-1b
screen_reader,0,4,0.0961,screen,reader,A screen reader is,"['<|endoftext|>', 'A', ' screen', ' reader', ' is']",2,3,accessibility,pythia-1b
screen_reader,0,5,0.1499,screen,reader,A screen reader is,"['<|endoftext|>', 'A', ' screen', ' reader', ' is']",2,3,accessibility,pythia-1b
screen_reader,0,6,0.0271,screen,reader,A screen reader is,"['<|endoftext|>', 'A', ' screen', ' reader', ' is']",2,3,accessibility,pythia-1b
screen_reader,0,7,0.2415,screen,reader,A screen reader is,"['<|endoftext|>', 'A', ' screen', ' reader', ' is']",2,3,accessibility,pythia-1b
screen_reader,1,0,0.8892,screen,reader,A screen reader is,"['<|endoftext|>', 'A', ' screen', ' reader', ' is']",2,3,accessibility,pythia-1b
screen_reader,1,1,0.0652,screen,reader,A screen reader is,"['<|endoftext|>', 'A', ' screen', ' reader', ' is']",2,3,accessibility,pythia-1b
screen_reader,1,2,0.5844,screen,reader,A screen reader is,"['<|endoftext|>', 'A', ' screen', ' reader', ' is']",2,3,accessibility,pythia-1b
screen_reader,1,3,0.6673,screen,reader,A screen reader is,"['<|endoftext|>', 'A', ' screen', ' reader', ' is']",2,3,accessibility,pythia-1b
screen_reader,1,4,0.9704,screen,reader,A screen reader is,"['<|endoftext|>', 'A', ' screen', ' reader', ' is']",2,3,accessibility,pythia-1b
screen_reader,1,5,0.3512,screen,reader,A screen reader is,"['<|endoftext|>', 'A', ' screen', ' reader', ' is']",2,3,accessibility,pythia-1b
screen_reader,1,6,0.3773,screen,reader,A screen reader is,"['<|endoftext|>', 'A', ' screen', ' reader', ' is']",2,3,accessibility,pythia-1b
screen_reader,1,7,0.0085,screen,reader,A screen reader is,"['<|endoftext|>', 'A', ' screen', ' reader', ' is']",2,3,accessibility,pythia-1b
screen_reader,2,0,0.661,screen,reader,A screen reader is,"['<|endoftext|>', 'A', ' screen', ' reader', ' is']",2,3,accessibility,pythia-1b
screen_reader,2,1,0.2925,screen,reader,A screen reader is,"['<|endoftext|>', 'A', ' screen', ' reader', ' is']",2,3,accessibility,pythia-1b
screen_reader,2,2,0.7,screen,reader,A screen reader is,"['<|endoftext|>', 'A', ' screen', ' reader', ' is']",2,3,accessibility,pythia-1b
screen_reader,2,3,0.1696,screen,reader,A screen reader is,"['<|endoftext|>', 'A', ' screen', ' reader', ' is']",2,3,accessibility,pythia-1b
screen_reader,2,4,0.1709,screen,reader,A screen reader is,"['<|endoftext|>', 'A', ' screen', ' reader', ' is']",2,3,accessibility,pythia-1b
screen_reader,2,5,0.1093,screen,reader,A screen reader is,"['<|endoftext|>', 'A', ' screen', ' reader', ' is']",2,3,accessibility,pythia-1b
screen_reader,2,6,0.5465,screen,reader,A screen reader is,"['<|endoftext|>', 'A', ' screen', ' reader', ' is']",2,3,accessibility,pythia-1b
screen_reader,2,7,0.2539,screen,reader,A screen reader is,"['<|endoftext|>', 'A', ' screen', ' reader', ' is']",2,3,accessibility,pythia-1b
screen_reader,3,0,0.0254,screen,reader,A screen reader is,"['<|endoftext|>', 'A', ' screen', ' reader', ' is']",2,3,accessibility,pythia-1b
screen_reader,3,1,0.0791,screen,reader,A screen reader is,"['<|endoftext|>', 'A', ' screen', ' reader', ' is']",2,3,accessibility,pythia-1b
screen_reader,3,2,0.0849,screen,reader,A screen reader is,"['<|endoftext|>', 'A', ' screen', ' reader', ' is']",2,3,accessibility,pythia-1b
screen_reader,3,3,0.2226,screen,reader,A screen reader is,"['<|endoftext|>', 'A', ' screen', ' reader', ' is']",2,3,accessibility,pythia-1b
screen_reader,3,4,0.0884,screen,reader,A screen reader is,"['<|endoftext|>', 'A', ' screen', ' reader', ' is']",2,3,accessibility,pythia-1b
screen_reader,3,5,0.9932,screen,reader,A screen reader is,"['<|endoftext|>', 'A', ' screen', ' reader', ' is']",2,3,accessibility,pythia-1b
screen_reader,3,6,0.7256,screen,reader,A screen reader is,"['<|endoftext|>', 'A', ' screen', ' reader', ' is']",2,3,accessibility,pythia-1b
screen_reader,3,7,0.4335,screen,reader,A screen reader is,"['<|endoftext|>', 'A', ' screen', ' reader', ' is']",2,3,accessibility,pythia-1b
screen_reader,4,0,0.0084,screen,reader,A screen reader is,"['<|endoftext|>', 'A', ' screen', ' reader', ' is']",2,3,accessibility,pythia-1b
screen_reader,4,1,0.0283,screen,reader,A screen reader is,"['<|endoftext|>', 'A', ' screen', ' reader', ' is']",2,3,accessibility,pythia-1b
screen_reader,4,2,0.0614,screen,reader,A screen reader is,"['<|endoftext|>', 'A', ' screen', ' reader', ' is']",2,3,accessibility,pythia-1b
screen_reader,4,3,0.0004,screen,reader,A screen reader is,"['<|endoftext|>', 'A', ' screen', ' reader', ' is']",2,3,accessibility,pythia-1b
screen_reader,4,4,0.0002,screen,reader,A screen reader is,"['<|endoftext|>', 'A', ' screen', ' reader', ' is']",2,3,accessibility,pythia-1b
screen_reader,4,5,0.0007,screen,reader,A screen reader is,"['<|endoftext|>', 'A', ' screen', ' reader', ' is']",2,3,accessibility,pythia-1b
screen_reader,4,6,0.0484,screen,reader,A screen reader is,"['<|endoftext|>', 'A', ' screen', ' reader', ' is']",2,3,accessibility,pythia-1b
screen_reader,4,7,0.0157,screen,reader,A screen reader is,"['<|endoftext|>', 'A', ' screen', ' reader', ' is']",2,3,accessibility,pythia-1b
screen_reader,5,0,0.0446,screen,reader,A screen reader is,"['<|endoftext|>', 'A', ' screen', ' reader', ' is']",2,3,accessibility,pythia-1b
screen_reader,5,1,0.0,screen,reader,A screen reader is,"['<|endoftext|>', 'A', ' screen', ' reader', ' is']",2,3,accessibility,pythia-1b
screen_reader,5,2,0.0111,screen,reader,A screen reader is,"['<|endoftext|>', 'A', ' screen', ' reader', ' is']",2,3,accessibility,pythia-1b
screen_reader,5,3,0.1572,screen,reader,A screen reader is,"['<|endoftext|>', 'A', ' screen', ' reader', ' is']",2,3,accessibility,pythia-1b
screen_reader,5,4,0.021,screen,reader,A screen reader is,"['<|endoftext|>', 'A', ' screen', ' reader', ' is']",2,3,accessibility,pythia-1b
screen_reader,5,5,0.0847,screen,reader,A screen reader is,"['<|endoftext|>', 'A', ' screen', ' reader', ' is']",2,3,accessibility,pythia-1b
screen_reader,5,6,0.001,screen,reader,A screen reader is,"['<|endoftext|>', 'A', ' screen', ' reader', ' is']",2,3,accessibility,pythia-1b
screen_reader,5,7,0.0022,screen,reader,A screen reader is,"['<|endoftext|>', 'A', ' screen', ' reader', ' is']",2,3,accessibility,pythia-1b
screen_reader,6,0,0.0065,screen,reader,A screen reader is,"['<|endoftext|>', 'A', ' screen', ' reader', ' is']",2,3,accessibility,pythia-1b
screen_reader,6,1,0.0134,screen,reader,A screen reader is,"['<|endoftext|>', 'A', ' screen', ' reader', ' is']",2,3,accessibility,pythia-1b
screen_reader,6,2,0.021,screen,reader,A screen reader is,"['<|endoftext|>', 'A', ' screen', ' reader', ' is']",2,3,accessibility,pythia-1b
screen_reader,6,3,0.645,screen,reader,A screen reader is,"['<|endoftext|>', 'A', ' screen', ' reader', ' is']",2,3,accessibility,pythia-1b
screen_reader,6,4,0.0933,screen,reader,A screen reader is,"['<|endoftext|>', 'A', ' screen', ' reader', ' is']",2,3,accessibility,pythia-1b
screen_reader,6,5,0.0483,screen,reader,A screen reader is,"['<|endoftext|>', 'A', ' screen', ' reader', ' is']",2,3,accessibility,pythia-1b
screen_reader,6,6,0.0029,screen,reader,A screen reader is,"['<|endoftext|>', 'A', ' screen', ' reader', ' is']",2,3,accessibility,pythia-1b
screen_reader,6,7,0.0062,screen,reader,A screen reader is,"['<|endoftext|>', 'A', ' screen', ' reader', ' is']",2,3,accessibility,pythia-1b
screen_reader,7,0,0.0036,screen,reader,A screen reader is,"['<|endoftext|>', 'A', ' screen', ' reader', ' is']",2,3,accessibility,pythia-1b
screen_reader,7,1,0.0009,screen,reader,A screen reader is,"['<|endoftext|>', 'A', ' screen', ' reader', ' is']",2,3,accessibility,pythia-1b
screen_reader,7,2,0.0018,screen,reader,A screen reader is,"['<|endoftext|>', 'A', ' screen', ' reader', ' is']",2,3,accessibility,pythia-1b
screen_reader,7,3,0.0058,screen,reader,A screen reader is,"['<|endoftext|>', 'A', ' screen', ' reader', ' is']",2,3,accessibility,pythia-1b
screen_reader,7,4,0.0522,screen,reader,A screen reader is,"['<|endoftext|>', 'A', ' screen', ' reader', ' is']",2,3,accessibility,pythia-1b
screen_reader,7,5,0.0419,screen,reader,A screen reader is,"['<|endoftext|>', 'A', ' screen', ' reader', ' is']",2,3,accessibility,pythia-1b
screen_reader,7,6,0.1582,screen,reader,A screen reader is,"['<|endoftext|>', 'A', ' screen', ' reader', ' is']",2,3,accessibility,pythia-1b
screen_reader,7,7,0.0497,screen,reader,A screen reader is,"['<|endoftext|>', 'A', ' screen', ' reader', ' is']",2,3,accessibility,pythia-1b
screen_reader,8,0,0.0069,screen,reader,A screen reader is,"['<|endoftext|>', 'A', ' screen', ' reader', ' is']",2,3,accessibility,pythia-1b
screen_reader,8,1,0.1198,screen,reader,A screen reader is,"['<|endoftext|>', 'A', ' screen', ' reader', ' is']",2,3,accessibility,pythia-1b
screen_reader,8,2,0.0043,screen,reader,A screen reader is,"['<|endoftext|>', 'A', ' screen', ' reader', ' is']",2,3,accessibility,pythia-1b
screen_reader,8,3,0.029,screen,reader,A screen reader is,"['<|endoftext|>', 'A', ' screen', ' reader', ' is']",2,3,accessibility,pythia-1b
screen_reader,8,4,0.014,screen,reader,A screen reader is,"['<|endoftext|>', 'A', ' screen', ' reader', ' is']",2,3,accessibility,pythia-1b
screen_reader,8,5,0.0048,screen,reader,A screen reader is,"['<|endoftext|>', 'A', ' screen', ' reader', ' is']",2,3,accessibility,pythia-1b
screen_reader,8,6,0.0004,screen,reader,A screen reader is,"['<|endoftext|>', 'A', ' screen', ' reader', ' is']",2,3,accessibility,pythia-1b
screen_reader,8,7,0.0993,screen,reader,A screen reader is,"['<|endoftext|>', 'A', ' screen', ' reader', ' is']",2,3,accessibility,pythia-1b
screen_reader,9,0,0.0476,screen,reader,A screen reader is,"['<|endoftext|>', 'A', ' screen', ' reader', ' is']",2,3,accessibility,pythia-1b
screen_reader,9,1,0.0093,screen,reader,A screen reader is,"['<|endoftext|>', 'A', ' screen', ' reader', ' is']",2,3,accessibility,pythia-1b
screen_reader,9,2,0.0426,screen,reader,A screen reader is,"['<|endoftext|>', 'A', ' screen', ' reader', ' is']",2,3,accessibility,pythia-1b
screen_reader,9,3,0.0359,screen,reader,A screen reader is,"['<|endoftext|>', 'A', ' screen', ' reader', ' is']",2,3,accessibility,pythia-1b
screen_reader,9,4,0.0078,screen,reader,A screen reader is,"['<|endoftext|>', 'A', ' screen', ' reader', ' is']",2,3,accessibility,pythia-1b
screen_reader,9,5,0.006,screen,reader,A screen reader is,"['<|endoftext|>', 'A', ' screen', ' reader', ' is']",2,3,accessibility,pythia-1b
screen_reader,9,6,0.0792,screen,reader,A screen reader is,"['<|endoftext|>', 'A', ' screen', ' reader', ' is']",2,3,accessibility,pythia-1b
screen_reader,9,7,0.0132,screen,reader,A screen reader is,"['<|endoftext|>', 'A', ' screen', ' reader', ' is']",2,3,accessibility,pythia-1b
screen_reader,10,0,0.0028,screen,reader,A screen reader is,"['<|endoftext|>', 'A', ' screen', ' reader', ' is']",2,3,accessibility,pythia-1b
screen_reader,10,1,0.0575,screen,reader,A screen reader is,"['<|endoftext|>', 'A', ' screen', ' reader', ' is']",2,3,accessibility,pythia-1b
screen_reader,10,2,0.0155,screen,reader,A screen reader is,"['<|endoftext|>', 'A', ' screen', ' reader', ' is']",2,3,accessibility,pythia-1b
screen_reader,10,3,0.0279,screen,reader,A screen reader is,"['<|endoftext|>', 'A', ' screen', ' reader', ' is']",2,3,accessibility,pythia-1b
screen_reader,10,4,0.0156,screen,reader,A screen reader is,"['<|endoftext|>', 'A', ' screen', ' reader', ' is']",2,3,accessibility,pythia-1b
screen_reader,10,5,0.0003,screen,reader,A screen reader is,"['<|endoftext|>', 'A', ' screen', ' reader', ' is']",2,3,accessibility,pythia-1b
screen_reader,10,6,0.0003,screen,reader,A screen reader is,"['<|endoftext|>', 'A', ' screen', ' reader', ' is']",2,3,accessibility,pythia-1b
screen_reader,10,7,0.0089,screen,reader,A screen reader is,"['<|endoftext|>', 'A', ' screen', ' reader', ' is']",2,3,accessibility,pythia-1b
screen_reader,11,0,0.0381,screen,reader,A screen reader is,"['<|endoftext|>', 'A', ' screen', ' reader', ' is']",2,3,accessibility,pythia-1b
screen_reader,11,1,0.0083,screen,reader,A screen reader is,"['<|endoftext|>', 'A', ' screen', ' reader', ' is']",2,3,accessibility,pythia-1b
screen_reader,11,2,0.0225,screen,reader,A screen reader is,"['<|endoftext|>', 'A', ' screen', ' reader', ' is']",2,3,accessibility,pythia-1b
screen_reader,11,3,0.011,screen,reader,A screen reader is,"['<|endoftext|>', 'A', ' screen', ' reader', ' is']",2,3,accessibility,pythia-1b
screen_reader,11,4,0.0356,screen,reader,A screen reader is,"['<|endoftext|>', 'A', ' screen', ' reader', ' is']",2,3,accessibility,pythia-1b
screen_reader,11,5,0.0108,screen,reader,A screen reader is,"['<|endoftext|>', 'A', ' screen', ' reader', ' is']",2,3,accessibility,pythia-1b
screen_reader,11,6,0.0187,screen,reader,A screen reader is,"['<|endoftext|>', 'A', ' screen', ' reader', ' is']",2,3,accessibility,pythia-1b
screen_reader,11,7,0.0012,screen,reader,A screen reader is,"['<|endoftext|>', 'A', ' screen', ' reader', ' is']",2,3,accessibility,pythia-1b
screen_reader,12,0,0.0106,screen,reader,A screen reader is,"['<|endoftext|>', 'A', ' screen', ' reader', ' is']",2,3,accessibility,pythia-1b
screen_reader,12,1,0.0634,screen,reader,A screen reader is,"['<|endoftext|>', 'A', ' screen', ' reader', ' is']",2,3,accessibility,pythia-1b
screen_reader,12,2,0.0194,screen,reader,A screen reader is,"['<|endoftext|>', 'A', ' screen', ' reader', ' is']",2,3,accessibility,pythia-1b
screen_reader,12,3,0.0038,screen,reader,A screen reader is,"['<|endoftext|>', 'A', ' screen', ' reader', ' is']",2,3,accessibility,pythia-1b
screen_reader,12,4,0.0787,screen,reader,A screen reader is,"['<|endoftext|>', 'A', ' screen', ' reader', ' is']",2,3,accessibility,pythia-1b
screen_reader,12,5,0.0578,screen,reader,A screen reader is,"['<|endoftext|>', 'A', ' screen', ' reader', ' is']",2,3,accessibility,pythia-1b
screen_reader,12,6,0.0018,screen,reader,A screen reader is,"['<|endoftext|>', 'A', ' screen', ' reader', ' is']",2,3,accessibility,pythia-1b
screen_reader,12,7,0.0044,screen,reader,A screen reader is,"['<|endoftext|>', 'A', ' screen', ' reader', ' is']",2,3,accessibility,pythia-1b
screen_reader,13,0,0.0542,screen,reader,A screen reader is,"['<|endoftext|>', 'A', ' screen', ' reader', ' is']",2,3,accessibility,pythia-1b
screen_reader,13,1,0.0268,screen,reader,A screen reader is,"['<|endoftext|>', 'A', ' screen', ' reader', ' is']",2,3,accessibility,pythia-1b
screen_reader,13,2,0.0037,screen,reader,A screen reader is,"['<|endoftext|>', 'A', ' screen', ' reader', ' is']",2,3,accessibility,pythia-1b
screen_reader,13,3,0.0223,screen,reader,A screen reader is,"['<|endoftext|>', 'A', ' screen', ' reader', ' is']",2,3,accessibility,pythia-1b
screen_reader,13,4,0.063,screen,reader,A screen reader is,"['<|endoftext|>', 'A', ' screen', ' reader', ' is']",2,3,accessibility,pythia-1b
screen_reader,13,5,0.0265,screen,reader,A screen reader is,"['<|endoftext|>', 'A', ' screen', ' reader', ' is']",2,3,accessibility,pythia-1b
screen_reader,13,6,0.0008,screen,reader,A screen reader is,"['<|endoftext|>', 'A', ' screen', ' reader', ' is']",2,3,accessibility,pythia-1b
screen_reader,13,7,0.0378,screen,reader,A screen reader is,"['<|endoftext|>', 'A', ' screen', ' reader', ' is']",2,3,accessibility,pythia-1b
screen_reader,14,0,0.0316,screen,reader,A screen reader is,"['<|endoftext|>', 'A', ' screen', ' reader', ' is']",2,3,accessibility,pythia-1b
screen_reader,14,1,0.0111,screen,reader,A screen reader is,"['<|endoftext|>', 'A', ' screen', ' reader', ' is']",2,3,accessibility,pythia-1b
screen_reader,14,2,0.0296,screen,reader,A screen reader is,"['<|endoftext|>', 'A', ' screen', ' reader', ' is']",2,3,accessibility,pythia-1b
screen_reader,14,3,0.0499,screen,reader,A screen reader is,"['<|endoftext|>', 'A', ' screen', ' reader', ' is']",2,3,accessibility,pythia-1b
screen_reader,14,4,0.0307,screen,reader,A screen reader is,"['<|endoftext|>', 'A', ' screen', ' reader', ' is']",2,3,accessibility,pythia-1b
screen_reader,14,5,0.0106,screen,reader,A screen reader is,"['<|endoftext|>', 'A', ' screen', ' reader', ' is']",2,3,accessibility,pythia-1b
screen_reader,14,6,0.0023,screen,reader,A screen reader is,"['<|endoftext|>', 'A', ' screen', ' reader', ' is']",2,3,accessibility,pythia-1b
screen_reader,14,7,0.007,screen,reader,A screen reader is,"['<|endoftext|>', 'A', ' screen', ' reader', ' is']",2,3,accessibility,pythia-1b
screen_reader,15,0,0.0476,screen,reader,A screen reader is,"['<|endoftext|>', 'A', ' screen', ' reader', ' is']",2,3,accessibility,pythia-1b
screen_reader,15,1,0.0068,screen,reader,A screen reader is,"['<|endoftext|>', 'A', ' screen', ' reader', ' is']",2,3,accessibility,pythia-1b
screen_reader,15,2,0.0314,screen,reader,A screen reader is,"['<|endoftext|>', 'A', ' screen', ' reader', ' is']",2,3,accessibility,pythia-1b
screen_reader,15,3,0.0236,screen,reader,A screen reader is,"['<|endoftext|>', 'A', ' screen', ' reader', ' is']",2,3,accessibility,pythia-1b
screen_reader,15,4,0.0311,screen,reader,A screen reader is,"['<|endoftext|>', 'A', ' screen', ' reader', ' is']",2,3,accessibility,pythia-1b
screen_reader,15,5,0.1228,screen,reader,A screen reader is,"['<|endoftext|>', 'A', ' screen', ' reader', ' is']",2,3,accessibility,pythia-1b
screen_reader,15,6,0.0132,screen,reader,A screen reader is,"['<|endoftext|>', 'A', ' screen', ' reader', ' is']",2,3,accessibility,pythia-1b
screen_reader,15,7,0.0488,screen,reader,A screen reader is,"['<|endoftext|>', 'A', ' screen', ' reader', ' is']",2,3,accessibility,pythia-1b
alt_text,0,0,0.1697,alt,text,The purpose of alt text is,"['<|endoftext|>', 'The', ' purpose', ' of', ' alt', ' text', ' is']",4,5,accessibility,pythia-1b
alt_text,0,1,0.3445,alt,text,The purpose of alt text is,"['<|endoftext|>', 'The', ' purpose', ' of', ' alt', ' text', ' is']",4,5,accessibility,pythia-1b
alt_text,0,2,0.0,alt,text,The purpose of alt text is,"['<|endoftext|>', 'The', ' purpose', ' of', ' alt', ' text', ' is']",4,5,accessibility,pythia-1b
alt_text,0,3,0.5232,alt,text,The purpose of alt text is,"['<|endoftext|>', 'The', ' purpose', ' of', ' alt', ' text', ' is']",4,5,accessibility,pythia-1b
alt_text,0,4,0.0426,alt,text,The purpose of alt text is,"['<|endoftext|>', 'The', ' purpose', ' of', ' alt', ' text', ' is']",4,5,accessibility,pythia-1b
alt_text,0,5,0.1626,alt,text,The purpose of alt text is,"['<|endoftext|>', 'The', ' purpose', ' of', ' alt', ' text', ' is']",4,5,accessibility,pythia-1b
alt_text,0,6,0.021,alt,text,The purpose of alt text is,"['<|endoftext|>', 'The', ' purpose', ' of', ' alt', ' text', ' is']",4,5,accessibility,pythia-1b
alt_text,0,7,0.0438,alt,text,The purpose of alt text is,"['<|endoftext|>', 'The', ' purpose', ' of', ' alt', ' text', ' is']",4,5,accessibility,pythia-1b
alt_text,1,0,0.4395,alt,text,The purpose of alt text is,"['<|endoftext|>', 'The', ' purpose', ' of', ' alt', ' text', ' is']",4,5,accessibility,pythia-1b
alt_text,1,1,0.0418,alt,text,The purpose of alt text is,"['<|endoftext|>', 'The', ' purpose', ' of', ' alt', ' text', ' is']",4,5,accessibility,pythia-1b
alt_text,1,2,0.0944,alt,text,The purpose of alt text is,"['<|endoftext|>', 'The', ' purpose', ' of', ' alt', ' text', ' is']",4,5,accessibility,pythia-1b
alt_text,1,3,0.6812,alt,text,The purpose of alt text is,"['<|endoftext|>', 'The', ' purpose', ' of', ' alt', ' text', ' is']",4,5,accessibility,pythia-1b
alt_text,1,4,0.9841,alt,text,The purpose of alt text is,"['<|endoftext|>', 'The', ' purpose', ' of', ' alt', ' text', ' is']",4,5,accessibility,pythia-1b
alt_text,1,5,0.0231,alt,text,The purpose of alt text is,"['<|endoftext|>', 'The', ' purpose', ' of', ' alt', ' text', ' is']",4,5,accessibility,pythia-1b
alt_text,1,6,0.261,alt,text,The purpose of alt text is,"['<|endoftext|>', 'The', ' purpose', ' of', ' alt', ' text', ' is']",4,5,accessibility,pythia-1b
alt_text,1,7,0.0,alt,text,The purpose of alt text is,"['<|endoftext|>', 'The', ' purpose', ' of', ' alt', ' text', ' is']",4,5,accessibility,pythia-1b
alt_text,2,0,0.6349,alt,text,The purpose of alt text is,"['<|endoftext|>', 'The', ' purpose', ' of', ' alt', ' text', ' is']",4,5,accessibility,pythia-1b
alt_text,2,1,0.2716,alt,text,The purpose of alt text is,"['<|endoftext|>', 'The', ' purpose', ' of', ' alt', ' text', ' is']",4,5,accessibility,pythia-1b
alt_text,2,2,0.5821,alt,text,The purpose of alt text is,"['<|endoftext|>', 'The', ' purpose', ' of', ' alt', ' text', ' is']",4,5,accessibility,pythia-1b
alt_text,2,3,0.2129,alt,text,The purpose of alt text is,"['<|endoftext|>', 'The', ' purpose', ' of', ' alt', ' text', ' is']",4,5,accessibility,pythia-1b
alt_text,2,4,0.2157,alt,text,The purpose of alt text is,"['<|endoftext|>', 'The', ' purpose', ' of', ' alt', ' text', ' is']",4,5,accessibility,pythia-1b
alt_text,2,5,0.0677,alt,text,The purpose of alt text is,"['<|endoftext|>', 'The', ' purpose', ' of', ' alt', ' text', ' is']",4,5,accessibility,pythia-1b
alt_text,2,6,0.2497,alt,text,The purpose of alt text is,"['<|endoftext|>', 'The', ' purpose', ' of', ' alt', ' text', ' is']",4,5,accessibility,pythia-1b
alt_text,2,7,0.2833,alt,text,The purpose of alt text is,"['<|endoftext|>', 'The', ' purpose', ' of', ' alt', ' text', ' is']",4,5,accessibility,pythia-1b
alt_text,3,0,0.0554,alt,text,The purpose of alt text is,"['<|endoftext|>', 'The', ' purpose', ' of', ' alt', ' text', ' is']",4,5,accessibility,pythia-1b
alt_text,3,1,0.3999,alt,text,The purpose of alt text is,"['<|endoftext|>', 'The', ' purpose', ' of', ' alt', ' text', ' is']",4,5,accessibility,pythia-1b
alt_text,3,2,0.3636,alt,text,The purpose of alt text is,"['<|endoftext|>', 'The', ' purpose', ' of', ' alt', ' text', ' is']",4,5,accessibility,pythia-1b
alt_text,3,3,0.7738,alt,text,The purpose of alt text is,"['<|endoftext|>', 'The', ' purpose', ' of', ' alt', ' text', ' is']",4,5,accessibility,pythia-1b
alt_text,3,4,0.2482,alt,text,The purpose of alt text is,"['<|endoftext|>', 'The', ' purpose', ' of', ' alt', ' text', ' is']",4,5,accessibility,pythia-1b
alt_text,3,5,0.9999,alt,text,The purpose of alt text is,"['<|endoftext|>', 'The', ' purpose', ' of', ' alt', ' text', ' is']",4,5,accessibility,pythia-1b
alt_text,3,6,0.9084,alt,text,The purpose of alt text is,"['<|endoftext|>', 'The', ' purpose', ' of', ' alt', ' text', ' is']",4,5,accessibility,pythia-1b
alt_text,3,7,0.6306,alt,text,The purpose of alt text is,"['<|endoftext|>', 'The', ' purpose', ' of', ' alt', ' text', ' is']",4,5,accessibility,pythia-1b
alt_text,4,0,0.1761,alt,text,The purpose of alt text is,"['<|endoftext|>', 'The', ' purpose', ' of', ' alt', ' text', ' is']",4,5,accessibility,pythia-1b
alt_text,4,1,0.0608,alt,text,The purpose of alt text is,"['<|endoftext|>', 'The', ' purpose', ' of', ' alt', ' text', ' is']",4,5,accessibility,pythia-1b
alt_text,4,2,0.0135,alt,text,The purpose of alt text is,"['<|endoftext|>', 'The', ' purpose', ' of', ' alt', ' text', ' is']",4,5,accessibility,pythia-1b
alt_text,4,3,0.0051,alt,text,The purpose of alt text is,"['<|endoftext|>', 'The', ' purpose', ' of', ' alt', ' text', ' is']",4,5,accessibility,pythia-1b
alt_text,4,4,0.0022,alt,text,The purpose of alt text is,"['<|endoftext|>', 'The', ' purpose', ' of', ' alt', ' text', ' is']",4,5,accessibility,pythia-1b
alt_text,4,5,0.0114,alt,text,The purpose of alt text is,"['<|endoftext|>', 'The', ' purpose', ' of', ' alt', ' text', ' is']",4,5,accessibility,pythia-1b
alt_text,4,6,0.0088,alt,text,The purpose of alt text is,"['<|endoftext|>', 'The', ' purpose', ' of', ' alt', ' text', ' is']",4,5,accessibility,pythia-1b
alt_text,4,7,0.1863,alt,text,The purpose of alt text is,"['<|endoftext|>', 'The', ' purpose', ' of', ' alt', ' text', ' is']",4,5,accessibility,pythia-1b
alt_text,5,0,0.3114,alt,text,The purpose of alt text is,"['<|endoftext|>', 'The', ' purpose', ' of', ' alt', ' text', ' is']",4,5,accessibility,pythia-1b
alt_text,5,1,0.0,alt,text,The purpose of alt text is,"['<|endoftext|>', 'The', ' purpose', ' of', ' alt', ' text', ' is']",4,5,accessibility,pythia-1b
alt_text,5,2,0.0607,alt,text,The purpose of alt text is,"['<|endoftext|>', 'The', ' purpose', ' of', ' alt', ' text', ' is']",4,5,accessibility,pythia-1b
alt_text,5,3,0.0981,alt,text,The purpose of alt text is,"['<|endoftext|>', 'The', ' purpose', ' of', ' alt', ' text', ' is']",4,5,accessibility,pythia-1b
alt_text,5,4,0.0012,alt,text,The purpose of alt text is,"['<|endoftext|>', 'The', ' purpose', ' of', ' alt', ' text', ' is']",4,5,accessibility,pythia-1b
alt_text,5,5,0.2629,alt,text,The purpose of alt text is,"['<|endoftext|>', 'The', ' purpose', ' of', ' alt', ' text', ' is']",4,5,accessibility,pythia-1b
alt_text,5,6,0.0014,alt,text,The purpose of alt text is,"['<|endoftext|>', 'The', ' purpose', ' of', ' alt', ' text', ' is']",4,5,accessibility,pythia-1b
alt_text,5,7,0.0016,alt,text,The purpose of alt text is,"['<|endoftext|>', 'The', ' purpose', ' of', ' alt', ' text', ' is']",4,5,accessibility,pythia-1b
alt_text,6,0,0.0992,alt,text,The purpose of alt text is,"['<|endoftext|>', 'The', ' purpose', ' of', ' alt', ' text', ' is']",4,5,accessibility,pythia-1b
alt_text,6,1,0.0271,alt,text,The purpose of alt text is,"['<|endoftext|>', 'The', ' purpose', ' of', ' alt', ' text', ' is']",4,5,accessibility,pythia-1b
alt_text,6,2,0.0105,alt,text,The purpose of alt text is,"['<|endoftext|>', 'The', ' purpose', ' of', ' alt', ' text', ' is']",4,5,accessibility,pythia-1b
alt_text,6,3,0.918,alt,text,The purpose of alt text is,"['<|endoftext|>', 'The', ' purpose', ' of', ' alt', ' text', ' is']",4,5,accessibility,pythia-1b
alt_text,6,4,0.0057,alt,text,The purpose of alt text is,"['<|endoftext|>', 'The', ' purpose', ' of', ' alt', ' text', ' is']",4,5,accessibility,pythia-1b
alt_text,6,5,0.0385,alt,text,The purpose of alt text is,"['<|endoftext|>', 'The', ' purpose', ' of', ' alt', ' text', ' is']",4,5,accessibility,pythia-1b
alt_text,6,6,0.0283,alt,text,The purpose of alt text is,"['<|endoftext|>', 'The', ' purpose', ' of', ' alt', ' text', ' is']",4,5,accessibility,pythia-1b
alt_text,6,7,0.0004,alt,text,The purpose of alt text is,"['<|endoftext|>', 'The', ' purpose', ' of', ' alt', ' text', ' is']",4,5,accessibility,pythia-1b
alt_text,7,0,0.0026,alt,text,The purpose of alt text is,"['<|endoftext|>', 'The', ' purpose', ' of', ' alt', ' text', ' is']",4,5,accessibility,pythia-1b
alt_text,7,1,0.0003,alt,text,The purpose of alt text is,"['<|endoftext|>', 'The', ' purpose', ' of', ' alt', ' text', ' is']",4,5,accessibility,pythia-1b
alt_text,7,2,0.0089,alt,text,The purpose of alt text is,"['<|endoftext|>', 'The', ' purpose', ' of', ' alt', ' text', ' is']",4,5,accessibility,pythia-1b
alt_text,7,3,0.154,alt,text,The purpose of alt text is,"['<|endoftext|>', 'The', ' purpose', ' of', ' alt', ' text', ' is']",4,5,accessibility,pythia-1b
alt_text,7,4,0.159,alt,text,The purpose of alt text is,"['<|endoftext|>', 'The', ' purpose', ' of', ' alt', ' text', ' is']",4,5,accessibility,pythia-1b
alt_text,7,5,0.1245,alt,text,The purpose of alt text is,"['<|endoftext|>', 'The', ' purpose', ' of', ' alt', ' text', ' is']",4,5,accessibility,pythia-1b
alt_text,7,6,0.5807,alt,text,The purpose of alt text is,"['<|endoftext|>', 'The', ' purpose', ' of', ' alt', ' text', ' is']",4,5,accessibility,pythia-1b
alt_text,7,7,0.0057,alt,text,The purpose of alt text is,"['<|endoftext|>', 'The', ' purpose', ' of', ' alt', ' text', ' is']",4,5,accessibility,pythia-1b
alt_text,8,0,0.0019,alt,text,The purpose of alt text is,"['<|endoftext|>', 'The', ' purpose', ' of', ' alt', ' text', ' is']",4,5,accessibility,pythia-1b
alt_text,8,1,0.0347,alt,text,The purpose of alt text is,"['<|endoftext|>', 'The', ' purpose', ' of', ' alt', ' text', ' is']",4,5,accessibility,pythia-1b
alt_text,8,2,0.0047,alt,text,The purpose of alt text is,"['<|endoftext|>', 'The', ' purpose', ' of', ' alt', ' text', ' is']",4,5,accessibility,pythia-1b
alt_text,8,3,0.0798,alt,text,The purpose of alt text is,"['<|endoftext|>', 'The', ' purpose', ' of', ' alt', ' text', ' is']",4,5,accessibility,pythia-1b
alt_text,8,4,0.0081,alt,text,The purpose of alt text is,"['<|endoftext|>', 'The', ' purpose', ' of', ' alt', ' text', ' is']",4,5,accessibility,pythia-1b
alt_text,8,5,0.0037,alt,text,The purpose of alt text is,"['<|endoftext|>', 'The', ' purpose', ' of', ' alt', ' text', ' is']",4,5,accessibility,pythia-1b
alt_text,8,6,0.0075,alt,text,The purpose of alt text is,"['<|endoftext|>', 'The', ' purpose', ' of', ' alt', ' text', ' is']",4,5,accessibility,pythia-1b
alt_text,8,7,0.099,alt,text,The purpose of alt text is,"['<|endoftext|>', 'The', ' purpose', ' of', ' alt', ' text', ' is']",4,5,accessibility,pythia-1b
alt_text,9,0,0.0608,alt,text,The purpose of alt text is,"['<|endoftext|>', 'The', ' purpose', ' of', ' alt', ' text', ' is']",4,5,accessibility,pythia-1b
alt_text,9,1,0.0066,alt,text,The purpose of alt text is,"['<|endoftext|>', 'The', ' purpose', ' of', ' alt', ' text', ' is']",4,5,accessibility,pythia-1b
alt_text,9,2,0.1584,alt,text,The purpose of alt text is,"['<|endoftext|>', 'The', ' purpose', ' of', ' alt', ' text', ' is']",4,5,accessibility,pythia-1b
alt_text,9,3,0.0282,alt,text,The purpose of alt text is,"['<|endoftext|>', 'The', ' purpose', ' of', ' alt', ' text', ' is']",4,5,accessibility,pythia-1b
alt_text,9,4,0.0073,alt,text,The purpose of alt text is,"['<|endoftext|>', 'The', ' purpose', ' of', ' alt', ' text', ' is']",4,5,accessibility,pythia-1b
alt_text,9,5,0.0069,alt,text,The purpose of alt text is,"['<|endoftext|>', 'The', ' purpose', ' of', ' alt', ' text', ' is']",4,5,accessibility,pythia-1b
alt_text,9,6,0.0689,alt,text,The purpose of alt text is,"['<|endoftext|>', 'The', ' purpose', ' of', ' alt', ' text', ' is']",4,5,accessibility,pythia-1b
alt_text,9,7,0.0216,alt,text,The purpose of alt text is,"['<|endoftext|>', 'The', ' purpose', ' of', ' alt', ' text', ' is']",4,5,accessibility,pythia-1b
alt_text,10,0,0.0029,alt,text,The purpose of alt text is,"['<|endoftext|>', 'The', ' purpose', ' of', ' alt', ' text', ' is']",4,5,accessibility,pythia-1b
alt_text,10,1,0.1021,alt,text,The purpose of alt text is,"['<|endoftext|>', 'The', ' purpose', ' of', ' alt', ' text', ' is']",4,5,accessibility,pythia-1b
alt_text,10,2,0.0271,alt,text,The purpose of alt text is,"['<|endoftext|>', 'The', ' purpose', ' of', ' alt', ' text', ' is']",4,5,accessibility,pythia-1b
alt_text,10,3,0.1413,alt,text,The purpose of alt text is,"['<|endoftext|>', 'The', ' purpose', ' of', ' alt', ' text', ' is']",4,5,accessibility,pythia-1b
alt_text,10,4,0.0113,alt,text,The purpose of alt text is,"['<|endoftext|>', 'The', ' purpose', ' of', ' alt', ' text', ' is']",4,5,accessibility,pythia-1b
alt_text,10,5,0.0019,alt,text,The purpose of alt text is,"['<|endoftext|>', 'The', ' purpose', ' of', ' alt', ' text', ' is']",4,5,accessibility,pythia-1b
alt_text,10,6,0.0007,alt,text,The purpose of alt text is,"['<|endoftext|>', 'The', ' purpose', ' of', ' alt', ' text', ' is']",4,5,accessibility,pythia-1b
alt_text,10,7,0.0344,alt,text,The purpose of alt text is,"['<|endoftext|>', 'The', ' purpose', ' of', ' alt', ' text', ' is']",4,5,accessibility,pythia-1b
alt_text,11,0,0.0166,alt,text,The purpose of alt text is,"['<|endoftext|>', 'The', ' purpose', ' of', ' alt', ' text', ' is']",4,5,accessibility,pythia-1b
alt_text,11,1,0.0403,alt,text,The purpose of alt text is,"['<|endoftext|>', 'The', ' purpose', ' of', ' alt', ' text', ' is']",4,5,accessibility,pythia-1b
alt_text,11,2,0.0222,alt,text,The purpose of alt text is,"['<|endoftext|>', 'The', ' purpose', ' of', ' alt', ' text', ' is']",4,5,accessibility,pythia-1b
alt_text,11,3,0.0127,alt,text,The purpose of alt text is,"['<|endoftext|>', 'The', ' purpose', ' of', ' alt', ' text', ' is']",4,5,accessibility,pythia-1b
alt_text,11,4,0.0638,alt,text,The purpose of alt text is,"['<|endoftext|>', 'The', ' purpose', ' of', ' alt', ' text', ' is']",4,5,accessibility,pythia-1b
alt_text,11,5,0.0078,alt,text,The purpose of alt text is,"['<|endoftext|>', 'The', ' purpose', ' of', ' alt', ' text', ' is']",4,5,accessibility,pythia-1b
alt_text,11,6,0.0125,alt,text,The purpose of alt text is,"['<|endoftext|>', 'The', ' purpose', ' of', ' alt', ' text', ' is']",4,5,accessibility,pythia-1b
alt_text,11,7,0.0019,alt,text,The purpose of alt text is,"['<|endoftext|>', 'The', ' purpose', ' of', ' alt', ' text', ' is']",4,5,accessibility,pythia-1b
alt_text,12,0,0.013,alt,text,The purpose of alt text is,"['<|endoftext|>', 'The', ' purpose', ' of', ' alt', ' text', ' is']",4,5,accessibility,pythia-1b
alt_text,12,1,0.0412,alt,text,The purpose of alt text is,"['<|endoftext|>', 'The', ' purpose', ' of', ' alt', ' text', ' is']",4,5,accessibility,pythia-1b
alt_text,12,2,0.0095,alt,text,The purpose of alt text is,"['<|endoftext|>', 'The', ' purpose', ' of', ' alt', ' text', ' is']",4,5,accessibility,pythia-1b
alt_text,12,3,0.0808,alt,text,The purpose of alt text is,"['<|endoftext|>', 'The', ' purpose', ' of', ' alt', ' text', ' is']",4,5,accessibility,pythia-1b
alt_text,12,4,0.05,alt,text,The purpose of alt text is,"['<|endoftext|>', 'The', ' purpose', ' of', ' alt', ' text', ' is']",4,5,accessibility,pythia-1b
alt_text,12,5,0.0845,alt,text,The purpose of alt text is,"['<|endoftext|>', 'The', ' purpose', ' of', ' alt', ' text', ' is']",4,5,accessibility,pythia-1b
alt_text,12,6,0.0182,alt,text,The purpose of alt text is,"['<|endoftext|>', 'The', ' purpose', ' of', ' alt', ' text', ' is']",4,5,accessibility,pythia-1b
alt_text,12,7,0.0029,alt,text,The purpose of alt text is,"['<|endoftext|>', 'The', ' purpose', ' of', ' alt', ' text', ' is']",4,5,accessibility,pythia-1b
alt_text,13,0,0.0897,alt,text,The purpose of alt text is,"['<|endoftext|>', 'The', ' purpose', ' of', ' alt', ' text', ' is']",4,5,accessibility,pythia-1b
alt_text,13,1,0.025,alt,text,The purpose of alt text is,"['<|endoftext|>', 'The', ' purpose', ' of', ' alt', ' text', ' is']",4,5,accessibility,pythia-1b
alt_text,13,2,0.0404,alt,text,The purpose of alt text is,"['<|endoftext|>', 'The', ' purpose', ' of', ' alt', ' text', ' is']",4,5,accessibility,pythia-1b
alt_text,13,3,0.0262,alt,text,The purpose of alt text is,"['<|endoftext|>', 'The', ' purpose', ' of', ' alt', ' text', ' is']",4,5,accessibility,pythia-1b
alt_text,13,4,0.0982,alt,text,The purpose of alt text is,"['<|endoftext|>', 'The', ' purpose', ' of', ' alt', ' text', ' is']",4,5,accessibility,pythia-1b
alt_text,13,5,0.0869,alt,text,The purpose of alt text is,"['<|endoftext|>', 'The', ' purpose', ' of', ' alt', ' text', ' is']",4,5,accessibility,pythia-1b
alt_text,13,6,0.0076,alt,text,The purpose of alt text is,"['<|endoftext|>', 'The', ' purpose', ' of', ' alt', ' text', ' is']",4,5,accessibility,pythia-1b
alt_text,13,7,0.0117,alt,text,The purpose of alt text is,"['<|endoftext|>', 'The', ' purpose', ' of', ' alt', ' text', ' is']",4,5,accessibility,pythia-1b
alt_text,14,0,0.0584,alt,text,The purpose of alt text is,"['<|endoftext|>', 'The', ' purpose', ' of', ' alt', ' text', ' is']",4,5,accessibility,pythia-1b
alt_text,14,1,0.0148,alt,text,The purpose of alt text is,"['<|endoftext|>', 'The', ' purpose', ' of', ' alt', ' text', ' is']",4,5,accessibility,pythia-1b
alt_text,14,2,0.0649,alt,text,The purpose of alt text is,"['<|endoftext|>', 'The', ' purpose', ' of', ' alt', ' text', ' is']",4,5,accessibility,pythia-1b
alt_text,14,3,0.2131,alt,text,The purpose of alt text is,"['<|endoftext|>', 'The', ' purpose', ' of', ' alt', ' text', ' is']",4,5,accessibility,pythia-1b
alt_text,14,4,0.0156,alt,text,The purpose of alt text is,"['<|endoftext|>', 'The', ' purpose', ' of', ' alt', ' text', ' is']",4,5,accessibility,pythia-1b
alt_text,14,5,0.0569,alt,text,The purpose of alt text is,"['<|endoftext|>', 'The', ' purpose', ' of', ' alt', ' text', ' is']",4,5,accessibility,pythia-1b
alt_text,14,6,0.0104,alt,text,The purpose of alt text is,"['<|endoftext|>', 'The', ' purpose', ' of', ' alt', ' text', ' is']",4,5,accessibility,pythia-1b
alt_text,14,7,0.022,alt,text,The purpose of alt text is,"['<|endoftext|>', 'The', ' purpose', ' of', ' alt', ' text', ' is']",4,5,accessibility,pythia-1b
alt_text,15,0,0.0454,alt,text,The purpose of alt text is,"['<|endoftext|>', 'The', ' purpose', ' of', ' alt', ' text', ' is']",4,5,accessibility,pythia-1b
alt_text,15,1,0.0155,alt,text,The purpose of alt text is,"['<|endoftext|>', 'The', ' purpose', ' of', ' alt', ' text', ' is']",4,5,accessibility,pythia-1b
alt_text,15,2,0.0256,alt,text,The purpose of alt text is,"['<|endoftext|>', 'The', ' purpose', ' of', ' alt', ' text', ' is']",4,5,accessibility,pythia-1b
alt_text,15,3,0.0687,alt,text,The purpose of alt text is,"['<|endoftext|>', 'The', ' purpose', ' of', ' alt', ' text', ' is']",4,5,accessibility,pythia-1b
alt_text,15,4,0.1156,alt,text,The purpose of alt text is,"['<|endoftext|>', 'The', ' purpose', ' of', ' alt', ' text', ' is']",4,5,accessibility,pythia-1b
alt_text,15,5,0.0206,alt,text,The purpose of alt text is,"['<|endoftext|>', 'The', ' purpose', ' of', ' alt', ' text', ' is']",4,5,accessibility,pythia-1b
alt_text,15,6,0.0177,alt,text,The purpose of alt text is,"['<|endoftext|>', 'The', ' purpose', ' of', ' alt', ' text', ' is']",4,5,accessibility,pythia-1b
alt_text,15,7,0.0247,alt,text,The purpose of alt text is,"['<|endoftext|>', 'The', ' purpose', ' of', ' alt', ' text', ' is']",4,5,accessibility,pythia-1b
skip_link,0,0,0.2517,skip,link,A skip link is,"['<|endoftext|>', 'A', ' skip', ' link', ' is']",2,3,accessibility,pythia-1b
skip_link,0,1,0.256,skip,link,A skip link is,"['<|endoftext|>', 'A', ' skip', ' link', ' is']",2,3,accessibility,pythia-1b
skip_link,0,2,0.0,skip,link,A skip link is,"['<|endoftext|>', 'A', ' skip', ' link', ' is']",2,3,accessibility,pythia-1b
skip_link,0,3,0.8381,skip,link,A skip link is,"['<|endoftext|>', 'A', ' skip', ' link', ' is']",2,3,accessibility,pythia-1b
skip_link,0,4,0.0233,skip,link,A skip link is,"['<|endoftext|>', 'A', ' skip', ' link', ' is']",2,3,accessibility,pythia-1b
skip_link,0,5,0.287,skip,link,A skip link is,"['<|endoftext|>', 'A', ' skip', ' link', ' is']",2,3,accessibility,pythia-1b
skip_link,0,6,0.0419,skip,link,A skip link is,"['<|endoftext|>', 'A', ' skip', ' link', ' is']",2,3,accessibility,pythia-1b
skip_link,0,7,0.0493,skip,link,A skip link is,"['<|endoftext|>', 'A', ' skip', ' link', ' is']",2,3,accessibility,pythia-1b
skip_link,1,0,0.4204,skip,link,A skip link is,"['<|endoftext|>', 'A', ' skip', ' link', ' is']",2,3,accessibility,pythia-1b
skip_link,1,1,0.1145,skip,link,A skip link is,"['<|endoftext|>', 'A', ' skip', ' link', ' is']",2,3,accessibility,pythia-1b
skip_link,1,2,0.1978,skip,link,A skip link is,"['<|endoftext|>', 'A', ' skip', ' link', ' is']",2,3,accessibility,pythia-1b
skip_link,1,3,0.5424,skip,link,A skip link is,"['<|endoftext|>', 'A', ' skip', ' link', ' is']",2,3,accessibility,pythia-1b
skip_link,1,4,0.7855,skip,link,A skip link is,"['<|endoftext|>', 'A', ' skip', ' link', ' is']",2,3,accessibility,pythia-1b
skip_link,1,5,0.4018,skip,link,A skip link is,"['<|endoftext|>', 'A', ' skip', ' link', ' is']",2,3,accessibility,pythia-1b
skip_link,1,6,0.292,skip,link,A skip link is,"['<|endoftext|>', 'A', ' skip', ' link', ' is']",2,3,accessibility,pythia-1b
skip_link,1,7,0.0002,skip,link,A skip link is,"['<|endoftext|>', 'A', ' skip', ' link', ' is']",2,3,accessibility,pythia-1b
skip_link,2,0,0.3022,skip,link,A skip link is,"['<|endoftext|>', 'A', ' skip', ' link', ' is']",2,3,accessibility,pythia-1b
skip_link,2,1,0.1374,skip,link,A skip link is,"['<|endoftext|>', 'A', ' skip', ' link', ' is']",2,3,accessibility,pythia-1b
skip_link,2,2,0.3067,skip,link,A skip link is,"['<|endoftext|>', 'A', ' skip', ' link', ' is']",2,3,accessibility,pythia-1b
skip_link,2,3,0.1054,skip,link,A skip link is,"['<|endoftext|>', 'A', ' skip', ' link', ' is']",2,3,accessibility,pythia-1b
skip_link,2,4,0.209,skip,link,A skip link is,"['<|endoftext|>', 'A', ' skip', ' link', ' is']",2,3,accessibility,pythia-1b
skip_link,2,5,0.1021,skip,link,A skip link is,"['<|endoftext|>', 'A', ' skip', ' link', ' is']",2,3,accessibility,pythia-1b
skip_link,2,6,0.3567,skip,link,A skip link is,"['<|endoftext|>', 'A', ' skip', ' link', ' is']",2,3,accessibility,pythia-1b
skip_link,2,7,0.0408,skip,link,A skip link is,"['<|endoftext|>', 'A', ' skip', ' link', ' is']",2,3,accessibility,pythia-1b
skip_link,3,0,0.0412,skip,link,A skip link is,"['<|endoftext|>', 'A', ' skip', ' link', ' is']",2,3,accessibility,pythia-1b
skip_link,3,1,0.1149,skip,link,A skip link is,"['<|endoftext|>', 'A', ' skip', ' link', ' is']",2,3,accessibility,pythia-1b
skip_link,3,2,0.0219,skip,link,A skip link is,"['<|endoftext|>', 'A', ' skip', ' link', ' is']",2,3,accessibility,pythia-1b
skip_link,3,3,0.0607,skip,link,A skip link is,"['<|endoftext|>', 'A', ' skip', ' link', ' is']",2,3,accessibility,pythia-1b
skip_link,3,4,0.0603,skip,link,A skip link is,"['<|endoftext|>', 'A', ' skip', ' link', ' is']",2,3,accessibility,pythia-1b
skip_link,3,5,0.9969,skip,link,A skip link is,"['<|endoftext|>', 'A', ' skip', ' link', ' is']",2,3,accessibility,pythia-1b
skip_link,3,6,0.8061,skip,link,A skip link is,"['<|endoftext|>', 'A', ' skip', ' link', ' is']",2,3,accessibility,pythia-1b
skip_link,3,7,0.2964,skip,link,A skip link is,"['<|endoftext|>', 'A', ' skip', ' link', ' is']",2,3,accessibility,pythia-1b
skip_link,4,0,0.03,skip,link,A skip link is,"['<|endoftext|>', 'A', ' skip', ' link', ' is']",2,3,accessibility,pythia-1b
skip_link,4,1,0.0224,skip,link,A skip link is,"['<|endoftext|>', 'A', ' skip', ' link', ' is']",2,3,accessibility,pythia-1b
skip_link,4,2,0.045,skip,link,A skip link is,"['<|endoftext|>', 'A', ' skip', ' link', ' is']",2,3,accessibility,pythia-1b
skip_link,4,3,0.0006,skip,link,A skip link is,"['<|endoftext|>', 'A', ' skip', ' link', ' is']",2,3,accessibility,pythia-1b
skip_link,4,4,0.0,skip,link,A skip link is,"['<|endoftext|>', 'A', ' skip', ' link', ' is']",2,3,accessibility,pythia-1b
skip_link,4,5,0.0004,skip,link,A skip link is,"['<|endoftext|>', 'A', ' skip', ' link', ' is']",2,3,accessibility,pythia-1b
skip_link,4,6,0.007,skip,link,A skip link is,"['<|endoftext|>', 'A', ' skip', ' link', ' is']",2,3,accessibility,pythia-1b
skip_link,4,7,0.0111,skip,link,A skip link is,"['<|endoftext|>', 'A', ' skip', ' link', ' is']",2,3,accessibility,pythia-1b
skip_link,5,0,0.0206,skip,link,A skip link is,"['<|endoftext|>', 'A', ' skip', ' link', ' is']",2,3,accessibility,pythia-1b
skip_link,5,1,0.0,skip,link,A skip link is,"['<|endoftext|>', 'A', ' skip', ' link', ' is']",2,3,accessibility,pythia-1b
skip_link,5,2,0.0331,skip,link,A skip link is,"['<|endoftext|>', 'A', ' skip', ' link', ' is']",2,3,accessibility,pythia-1b
skip_link,5,3,0.0432,skip,link,A skip link is,"['<|endoftext|>', 'A', ' skip', ' link', ' is']",2,3,accessibility,pythia-1b
skip_link,5,4,0.0064,skip,link,A skip link is,"['<|endoftext|>', 'A', ' skip', ' link', ' is']",2,3,accessibility,pythia-1b
skip_link,5,5,0.0538,skip,link,A skip link is,"['<|endoftext|>', 'A', ' skip', ' link', ' is']",2,3,accessibility,pythia-1b
skip_link,5,6,0.0,skip,link,A skip link is,"['<|endoftext|>', 'A', ' skip', ' link', ' is']",2,3,accessibility,pythia-1b
skip_link,5,7,0.0,skip,link,A skip link is,"['<|endoftext|>', 'A', ' skip', ' link', ' is']",2,3,accessibility,pythia-1b
skip_link,6,0,0.0058,skip,link,A skip link is,"['<|endoftext|>', 'A', ' skip', ' link', ' is']",2,3,accessibility,pythia-1b
skip_link,6,1,0.0226,skip,link,A skip link is,"['<|endoftext|>', 'A', ' skip', ' link', ' is']",2,3,accessibility,pythia-1b
skip_link,6,2,0.0059,skip,link,A skip link is,"['<|endoftext|>', 'A', ' skip', ' link', ' is']",2,3,accessibility,pythia-1b
skip_link,6,3,0.6409,skip,link,A skip link is,"['<|endoftext|>', 'A', ' skip', ' link', ' is']",2,3,accessibility,pythia-1b
skip_link,6,4,0.0247,skip,link,A skip link is,"['<|endoftext|>', 'A', ' skip', ' link', ' is']",2,3,accessibility,pythia-1b
skip_link,6,5,0.0263,skip,link,A skip link is,"['<|endoftext|>', 'A', ' skip', ' link', ' is']",2,3,accessibility,pythia-1b
skip_link,6,6,0.001,skip,link,A skip link is,"['<|endoftext|>', 'A', ' skip', ' link', ' is']",2,3,accessibility,pythia-1b
skip_link,6,7,0.0005,skip,link,A skip link is,"['<|endoftext|>', 'A', ' skip', ' link', ' is']",2,3,accessibility,pythia-1b
skip_link,7,0,0.0008,skip,link,A skip link is,"['<|endoftext|>', 'A', ' skip', ' link', ' is']",2,3,accessibility,pythia-1b
skip_link,7,1,0.0004,skip,link,A skip link is,"['<|endoftext|>', 'A', ' skip', ' link', ' is']",2,3,accessibility,pythia-1b
skip_link,7,2,0.0014,skip,link,A skip link is,"['<|endoftext|>', 'A', ' skip', ' link', ' is']",2,3,accessibility,pythia-1b
skip_link,7,3,0.0406,skip,link,A skip link is,"['<|endoftext|>', 'A', ' skip', ' link', ' is']",2,3,accessibility,pythia-1b
skip_link,7,4,0.0835,skip,link,A skip link is,"['<|endoftext|>', 'A', ' skip', ' link', ' is']",2,3,accessibility,pythia-1b
skip_link,7,5,0.0066,skip,link,A skip link is,"['<|endoftext|>', 'A', ' skip', ' link', ' is']",2,3,accessibility,pythia-1b
skip_link,7,6,0.5359,skip,link,A skip link is,"['<|endoftext|>', 'A', ' skip', ' link', ' is']",2,3,accessibility,pythia-1b
skip_link,7,7,0.0303,skip,link,A skip link is,"['<|endoftext|>', 'A', ' skip', ' link', ' is']",2,3,accessibility,pythia-1b
skip_link,8,0,0.0009,skip,link,A skip link is,"['<|endoftext|>', 'A', ' skip', ' link', ' is']",2,3,accessibility,pythia-1b
skip_link,8,1,0.0306,skip,link,A skip link is,"['<|endoftext|>', 'A', ' skip', ' link', ' is']",2,3,accessibility,pythia-1b
skip_link,8,2,0.0108,skip,link,A skip link is,"['<|endoftext|>', 'A', ' skip', ' link', ' is']",2,3,accessibility,pythia-1b
skip_link,8,3,0.0192,skip,link,A skip link is,"['<|endoftext|>', 'A', ' skip', ' link', ' is']",2,3,accessibility,pythia-1b
skip_link,8,4,0.002,skip,link,A skip link is,"['<|endoftext|>', 'A', ' skip', ' link', ' is']",2,3,accessibility,pythia-1b
skip_link,8,5,0.0048,skip,link,A skip link is,"['<|endoftext|>', 'A', ' skip', ' link', ' is']",2,3,accessibility,pythia-1b
skip_link,8,6,0.0007,skip,link,A skip link is,"['<|endoftext|>', 'A', ' skip', ' link', ' is']",2,3,accessibility,pythia-1b
skip_link,8,7,0.0611,skip,link,A skip link is,"['<|endoftext|>', 'A', ' skip', ' link', ' is']",2,3,accessibility,pythia-1b
skip_link,9,0,0.0273,skip,link,A skip link is,"['<|endoftext|>', 'A', ' skip', ' link', ' is']",2,3,accessibility,pythia-1b
skip_link,9,1,0.0052,skip,link,A skip link is,"['<|endoftext|>', 'A', ' skip', ' link', ' is']",2,3,accessibility,pythia-1b
skip_link,9,2,0.0588,skip,link,A skip link is,"['<|endoftext|>', 'A', ' skip', ' link', ' is']",2,3,accessibility,pythia-1b
skip_link,9,3,0.0217,skip,link,A skip link is,"['<|endoftext|>', 'A', ' skip', ' link', ' is']",2,3,accessibility,pythia-1b
skip_link,9,4,0.0021,skip,link,A skip link is,"['<|endoftext|>', 'A', ' skip', ' link', ' is']",2,3,accessibility,pythia-1b
skip_link,9,5,0.0017,skip,link,A skip link is,"['<|endoftext|>', 'A', ' skip', ' link', ' is']",2,3,accessibility,pythia-1b
skip_link,9,6,0.0759,skip,link,A skip link is,"['<|endoftext|>', 'A', ' skip', ' link', ' is']",2,3,accessibility,pythia-1b
skip_link,9,7,0.0339,skip,link,A skip link is,"['<|endoftext|>', 'A', ' skip', ' link', ' is']",2,3,accessibility,pythia-1b
skip_link,10,0,0.0021,skip,link,A skip link is,"['<|endoftext|>', 'A', ' skip', ' link', ' is']",2,3,accessibility,pythia-1b
skip_link,10,1,0.0385,skip,link,A skip link is,"['<|endoftext|>', 'A', ' skip', ' link', ' is']",2,3,accessibility,pythia-1b
skip_link,10,2,0.0083,skip,link,A skip link is,"['<|endoftext|>', 'A', ' skip', ' link', ' is']",2,3,accessibility,pythia-1b
skip_link,10,3,0.0807,skip,link,A skip link is,"['<|endoftext|>', 'A', ' skip', ' link', ' is']",2,3,accessibility,pythia-1b
skip_link,10,4,0.026,skip,link,A skip link is,"['<|endoftext|>', 'A', ' skip', ' link', ' is']",2,3,accessibility,pythia-1b
skip_link,10,5,0.0208,skip,link,A skip link is,"['<|endoftext|>', 'A', ' skip', ' link', ' is']",2,3,accessibility,pythia-1b
skip_link,10,6,0.0016,skip,link,A skip link is,"['<|endoftext|>', 'A', ' skip', ' link', ' is']",2,3,accessibility,pythia-1b
skip_link,10,7,0.0236,skip,link,A skip link is,"['<|endoftext|>', 'A', ' skip', ' link', ' is']",2,3,accessibility,pythia-1b
skip_link,11,0,0.0197,skip,link,A skip link is,"['<|endoftext|>', 'A', ' skip', ' link', ' is']",2,3,accessibility,pythia-1b
skip_link,11,1,0.009,skip,link,A skip link is,"['<|endoftext|>', 'A', ' skip', ' link', ' is']",2,3,accessibility,pythia-1b
skip_link,11,2,0.0906,skip,link,A skip link is,"['<|endoftext|>', 'A', ' skip', ' link', ' is']",2,3,accessibility,pythia-1b
skip_link,11,3,0.0079,skip,link,A skip link is,"['<|endoftext|>', 'A', ' skip', ' link', ' is']",2,3,accessibility,pythia-1b
skip_link,11,4,0.0444,skip,link,A skip link is,"['<|endoftext|>', 'A', ' skip', ' link', ' is']",2,3,accessibility,pythia-1b
skip_link,11,5,0.0024,skip,link,A skip link is,"['<|endoftext|>', 'A', ' skip', ' link', ' is']",2,3,accessibility,pythia-1b
skip_link,11,6,0.0114,skip,link,A skip link is,"['<|endoftext|>', 'A', ' skip', ' link', ' is']",2,3,accessibility,pythia-1b
skip_link,11,7,0.003,skip,link,A skip link is,"['<|endoftext|>', 'A', ' skip', ' link', ' is']",2,3,accessibility,pythia-1b
skip_link,12,0,0.0104,skip,link,A skip link is,"['<|endoftext|>', 'A', ' skip', ' link', ' is']",2,3,accessibility,pythia-1b
skip_link,12,1,0.0533,skip,link,A skip link is,"['<|endoftext|>', 'A', ' skip', ' link', ' is']",2,3,accessibility,pythia-1b
skip_link,12,2,0.0116,skip,link,A skip link is,"['<|endoftext|>', 'A', ' skip', ' link', ' is']",2,3,accessibility,pythia-1b
skip_link,12,3,0.0181,skip,link,A skip link is,"['<|endoftext|>', 'A', ' skip', ' link', ' is']",2,3,accessibility,pythia-1b
skip_link,12,4,0.0155,skip,link,A skip link is,"['<|endoftext|>', 'A', ' skip', ' link', ' is']",2,3,accessibility,pythia-1b
skip_link,12,5,0.1753,skip,link,A skip link is,"['<|endoftext|>', 'A', ' skip', ' link', ' is']",2,3,accessibility,pythia-1b
skip_link,12,6,0.0165,skip,link,A skip link is,"['<|endoftext|>', 'A', ' skip', ' link', ' is']",2,3,accessibility,pythia-1b
skip_link,12,7,0.0057,skip,link,A skip link is,"['<|endoftext|>', 'A', ' skip', ' link', ' is']",2,3,accessibility,pythia-1b
skip_link,13,0,0.0872,skip,link,A skip link is,"['<|endoftext|>', 'A', ' skip', ' link', ' is']",2,3,accessibility,pythia-1b
skip_link,13,1,0.032,skip,link,A skip link is,"['<|endoftext|>', 'A', ' skip', ' link', ' is']",2,3,accessibility,pythia-1b
skip_link,13,2,0.0119,skip,link,A skip link is,"['<|endoftext|>', 'A', ' skip', ' link', ' is']",2,3,accessibility,pythia-1b
skip_link,13,3,0.0082,skip,link,A skip link is,"['<|endoftext|>', 'A', ' skip', ' link', ' is']",2,3,accessibility,pythia-1b
skip_link,13,4,0.064,skip,link,A skip link is,"['<|endoftext|>', 'A', ' skip', ' link', ' is']",2,3,accessibility,pythia-1b
skip_link,13,5,0.0855,skip,link,A skip link is,"['<|endoftext|>', 'A', ' skip', ' link', ' is']",2,3,accessibility,pythia-1b
skip_link,13,6,0.0018,skip,link,A skip link is,"['<|endoftext|>', 'A', ' skip', ' link', ' is']",2,3,accessibility,pythia-1b
skip_link,13,7,0.0115,skip,link,A skip link is,"['<|endoftext|>', 'A', ' skip', ' link', ' is']",2,3,accessibility,pythia-1b
skip_link,14,0,0.0288,skip,link,A skip link is,"['<|endoftext|>', 'A', ' skip', ' link', ' is']",2,3,accessibility,pythia-1b
skip_link,14,1,0.01,skip,link,A skip link is,"['<|endoftext|>', 'A', ' skip', ' link', ' is']",2,3,accessibility,pythia-1b
skip_link,14,2,0.0254,skip,link,A skip link is,"['<|endoftext|>', 'A', ' skip', ' link', ' is']",2,3,accessibility,pythia-1b
skip_link,14,3,0.0251,skip,link,A skip link is,"['<|endoftext|>', 'A', ' skip', ' link', ' is']",2,3,accessibility,pythia-1b
skip_link,14,4,0.0142,skip,link,A skip link is,"['<|endoftext|>', 'A', ' skip', ' link', ' is']",2,3,accessibility,pythia-1b
skip_link,14,5,0.0057,skip,link,A skip link is,"['<|endoftext|>', 'A', ' skip', ' link', ' is']",2,3,accessibility,pythia-1b
skip_link,14,6,0.0034,skip,link,A skip link is,"['<|endoftext|>', 'A', ' skip', ' link', ' is']",2,3,accessibility,pythia-1b
skip_link,14,7,0.0093,skip,link,A skip link is,"['<|endoftext|>', 'A', ' skip', ' link', ' is']",2,3,accessibility,pythia-1b
skip_link,15,0,0.089,skip,link,A skip link is,"['<|endoftext|>', 'A', ' skip', ' link', ' is']",2,3,accessibility,pythia-1b
skip_link,15,1,0.0186,skip,link,A skip link is,"['<|endoftext|>', 'A', ' skip', ' link', ' is']",2,3,accessibility,pythia-1b
skip_link,15,2,0.0234,skip,link,A skip link is,"['<|endoftext|>', 'A', ' skip', ' link', ' is']",2,3,accessibility,pythia-1b
skip_link,15,3,0.0137,skip,link,A skip link is,"['<|endoftext|>', 'A', ' skip', ' link', ' is']",2,3,accessibility,pythia-1b
skip_link,15,4,0.0324,skip,link,A skip link is,"['<|endoftext|>', 'A', ' skip', ' link', ' is']",2,3,accessibility,pythia-1b
skip_link,15,5,0.0408,skip,link,A skip link is,"['<|endoftext|>', 'A', ' skip', ' link', ' is']",2,3,accessibility,pythia-1b
skip_link,15,6,0.0235,skip,link,A skip link is,"['<|endoftext|>', 'A', ' skip', ' link', ' is']",2,3,accessibility,pythia-1b
skip_link,15,7,0.0372,skip,link,A skip link is,"['<|endoftext|>', 'A', ' skip', ' link', ' is']",2,3,accessibility,pythia-1b
color_contrast,0,0,0.2266,color,contrast,Color contrast is important because,"['<|endoftext|>', 'Color', ' contrast', ' is', ' important', ' because']",1,2,accessibility,pythia-1b
color_contrast,0,1,0.0565,color,contrast,Color contrast is important because,"['<|endoftext|>', 'Color', ' contrast', ' is', ' important', ' because']",1,2,accessibility,pythia-1b
color_contrast,0,2,0.0,color,contrast,Color contrast is important because,"['<|endoftext|>', 'Color', ' contrast', ' is', ' important', ' because']",1,2,accessibility,pythia-1b
color_contrast,0,3,0.261,color,contrast,Color contrast is important because,"['<|endoftext|>', 'Color', ' contrast', ' is', ' important', ' because']",1,2,accessibility,pythia-1b
color_contrast,0,4,0.0653,color,contrast,Color contrast is important because,"['<|endoftext|>', 'Color', ' contrast', ' is', ' important', ' because']",1,2,accessibility,pythia-1b
color_contrast,0,5,0.0934,color,contrast,Color contrast is important because,"['<|endoftext|>', 'Color', ' contrast', ' is', ' important', ' because']",1,2,accessibility,pythia-1b
color_contrast,0,6,0.0345,color,contrast,Color contrast is important because,"['<|endoftext|>', 'Color', ' contrast', ' is', ' important', ' because']",1,2,accessibility,pythia-1b
color_contrast,0,7,0.0021,color,contrast,Color contrast is important because,"['<|endoftext|>', 'Color', ' contrast', ' is', ' important', ' because']",1,2,accessibility,pythia-1b
color_contrast,1,0,0.6759,color,contrast,Color contrast is important because,"['<|endoftext|>', 'Color', ' contrast', ' is', ' important', ' because']",1,2,accessibility,pythia-1b
color_contrast,1,1,0.1092,color,contrast,Color contrast is important because,"['<|endoftext|>', 'Color', ' contrast', ' is', ' important', ' because']",1,2,accessibility,pythia-1b
color_contrast,1,2,0.1637,color,contrast,Color contrast is important because,"['<|endoftext|>', 'Color', ' contrast', ' is', ' important', ' because']",1,2,accessibility,pythia-1b
color_contrast,1,3,0.7259,color,contrast,Color contrast is important because,"['<|endoftext|>', 'Color', ' contrast', ' is', ' important', ' because']",1,2,accessibility,pythia-1b
color_contrast,1,4,0.4661,color,contrast,Color contrast is important because,"['<|endoftext|>', 'Color', ' contrast', ' is', ' important', ' because']",1,2,accessibility,pythia-1b
color_contrast,1,5,0.4724,color,contrast,Color contrast is important because,"['<|endoftext|>', 'Color', ' contrast', ' is', ' important', ' because']",1,2,accessibility,pythia-1b
color_contrast,1,6,0.4485,color,contrast,Color contrast is important because,"['<|endoftext|>', 'Color', ' contrast', ' is', ' important', ' because']",1,2,accessibility,pythia-1b
color_contrast,1,7,0.0013,color,contrast,Color contrast is important because,"['<|endoftext|>', 'Color', ' contrast', ' is', ' important', ' because']",1,2,accessibility,pythia-1b
color_contrast,2,0,0.5268,color,contrast,Color contrast is important because,"['<|endoftext|>', 'Color', ' contrast', ' is', ' important', ' because']",1,2,accessibility,pythia-1b
color_contrast,2,1,0.3699,color,contrast,Color contrast is important because,"['<|endoftext|>', 'Color', ' contrast', ' is', ' important', ' because']",1,2,accessibility,pythia-1b
color_contrast,2,2,0.7175,color,contrast,Color contrast is important because,"['<|endoftext|>', 'Color', ' contrast', ' is', ' important', ' because']",1,2,accessibility,pythia-1b
color_contrast,2,3,0.3261,color,contrast,Color contrast is important because,"['<|endoftext|>', 'Color', ' contrast', ' is', ' important', ' because']",1,2,accessibility,pythia-1b
color_contrast,2,4,0.4121,color,contrast,Color contrast is important because,"['<|endoftext|>', 'Color', ' contrast', ' is', ' important', ' because']",1,2,accessibility,pythia-1b
color_contrast,2,5,0.2172,color,contrast,Color contrast is important because,"['<|endoftext|>', 'Color', ' contrast', ' is', ' important', ' because']",1,2,accessibility,pythia-1b
color_contrast,2,6,0.6407,color,contrast,Color contrast is important because,"['<|endoftext|>', 'Color', ' contrast', ' is', ' important', ' because']",1,2,accessibility,pythia-1b
color_contrast,2,7,0.364,color,contrast,Color contrast is important because,"['<|endoftext|>', 'Color', ' contrast', ' is', ' important', ' because']",1,2,accessibility,pythia-1b
color_contrast,3,0,0.059,color,contrast,Color contrast is important because,"['<|endoftext|>', 'Color', ' contrast', ' is', ' important', ' because']",1,2,accessibility,pythia-1b
color_contrast,3,1,0.0361,color,contrast,Color contrast is important because,"['<|endoftext|>', 'Color', ' contrast', ' is', ' important', ' because']",1,2,accessibility,pythia-1b
color_contrast,3,2,0.1583,color,contrast,Color contrast is important because,"['<|endoftext|>', 'Color', ' contrast', ' is', ' important', ' because']",1,2,accessibility,pythia-1b
color_contrast,3,3,0.1156,color,contrast,Color contrast is important because,"['<|endoftext|>', 'Color', ' contrast', ' is', ' important', ' because']",1,2,accessibility,pythia-1b
color_contrast,3,4,0.052,color,contrast,Color contrast is important because,"['<|endoftext|>', 'Color', ' contrast', ' is', ' important', ' because']",1,2,accessibility,pythia-1b
color_contrast,3,5,0.9969,color,contrast,Color contrast is important because,"['<|endoftext|>', 'Color', ' contrast', ' is', ' important', ' because']",1,2,accessibility,pythia-1b
color_contrast,3,6,0.8725,color,contrast,Color contrast is important because,"['<|endoftext|>', 'Color', ' contrast', ' is', ' important', ' because']",1,2,accessibility,pythia-1b
color_contrast,3,7,0.4082,color,contrast,Color contrast is important because,"['<|endoftext|>', 'Color', ' contrast', ' is', ' important', ' because']",1,2,accessibility,pythia-1b
color_contrast,4,0,0.0912,color,contrast,Color contrast is important because,"['<|endoftext|>', 'Color', ' contrast', ' is', ' important', ' because']",1,2,accessibility,pythia-1b
color_contrast,4,1,0.1035,color,contrast,Color contrast is important because,"['<|endoftext|>', 'Color', ' contrast', ' is', ' important', ' because']",1,2,accessibility,pythia-1b
color_contrast,4,2,0.0283,color,contrast,Color contrast is important because,"['<|endoftext|>', 'Color', ' contrast', ' is', ' important', ' because']",1,2,accessibility,pythia-1b
color_contrast,4,3,0.0927,color,contrast,Color contrast is important because,"['<|endoftext|>', 'Color', ' contrast', ' is', ' important', ' because']",1,2,accessibility,pythia-1b
color_contrast,4,4,0.0002,color,contrast,Color contrast is important because,"['<|endoftext|>', 'Color', ' contrast', ' is', ' important', ' because']",1,2,accessibility,pythia-1b
color_contrast,4,5,0.0021,color,contrast,Color contrast is important because,"['<|endoftext|>', 'Color', ' contrast', ' is', ' important', ' because']",1,2,accessibility,pythia-1b
color_contrast,4,6,0.0162,color,contrast,Color contrast is important because,"['<|endoftext|>', 'Color', ' contrast', ' is', ' important', ' because']",1,2,accessibility,pythia-1b
color_contrast,4,7,0.0558,color,contrast,Color contrast is important because,"['<|endoftext|>', 'Color', ' contrast', ' is', ' important', ' because']",1,2,accessibility,pythia-1b
color_contrast,5,0,0.0794,color,contrast,Color contrast is important because,"['<|endoftext|>', 'Color', ' contrast', ' is', ' important', ' because']",1,2,accessibility,pythia-1b
color_contrast,5,1,0.0001,color,contrast,Color contrast is important because,"['<|endoftext|>', 'Color', ' contrast', ' is', ' important', ' because']",1,2,accessibility,pythia-1b
color_contrast,5,2,0.0059,color,contrast,Color contrast is important because,"['<|endoftext|>', 'Color', ' contrast', ' is', ' important', ' because']",1,2,accessibility,pythia-1b
color_contrast,5,3,0.1087,color,contrast,Color contrast is important because,"['<|endoftext|>', 'Color', ' contrast', ' is', ' important', ' because']",1,2,accessibility,pythia-1b
color_contrast,5,4,0.0189,color,contrast,Color contrast is important because,"['<|endoftext|>', 'Color', ' contrast', ' is', ' important', ' because']",1,2,accessibility,pythia-1b
color_contrast,5,5,0.2869,color,contrast,Color contrast is important because,"['<|endoftext|>', 'Color', ' contrast', ' is', ' important', ' because']",1,2,accessibility,pythia-1b
color_contrast,5,6,0.0012,color,contrast,Color contrast is important because,"['<|endoftext|>', 'Color', ' contrast', ' is', ' important', ' because']",1,2,accessibility,pythia-1b
color_contrast,5,7,0.0026,color,contrast,Color contrast is important because,"['<|endoftext|>', 'Color', ' contrast', ' is', ' important', ' because']",1,2,accessibility,pythia-1b
color_contrast,6,0,0.0274,color,contrast,Color contrast is important because,"['<|endoftext|>', 'Color', ' contrast', ' is', ' important', ' because']",1,2,accessibility,pythia-1b
color_contrast,6,1,0.0248,color,contrast,Color contrast is important because,"['<|endoftext|>', 'Color', ' contrast', ' is', ' important', ' because']",1,2,accessibility,pythia-1b
color_contrast,6,2,0.0112,color,contrast,Color contrast is important because,"['<|endoftext|>', 'Color', ' contrast', ' is', ' important', ' because']",1,2,accessibility,pythia-1b
color_contrast,6,3,0.9355,color,contrast,Color contrast is important because,"['<|endoftext|>', 'Color', ' contrast', ' is', ' important', ' because']",1,2,accessibility,pythia-1b
color_contrast,6,4,0.0514,color,contrast,Color contrast is important because,"['<|endoftext|>', 'Color', ' contrast', ' is', ' important', ' because']",1,2,accessibility,pythia-1b
color_contrast,6,5,0.2235,color,contrast,Color contrast is important because,"['<|endoftext|>', 'Color', ' contrast', ' is', ' important', ' because']",1,2,accessibility,pythia-1b
color_contrast,6,6,0.0445,color,contrast,Color contrast is important because,"['<|endoftext|>', 'Color', ' contrast', ' is', ' important', ' because']",1,2,accessibility,pythia-1b
color_contrast,6,7,0.0015,color,contrast,Color contrast is important because,"['<|endoftext|>', 'Color', ' contrast', ' is', ' important', ' because']",1,2,accessibility,pythia-1b
color_contrast,7,0,0.0056,color,contrast,Color contrast is important because,"['<|endoftext|>', 'Color', ' contrast', ' is', ' important', ' because']",1,2,accessibility,pythia-1b
color_contrast,7,1,0.0003,color,contrast,Color contrast is important because,"['<|endoftext|>', 'Color', ' contrast', ' is', ' important', ' because']",1,2,accessibility,pythia-1b
color_contrast,7,2,0.0032,color,contrast,Color contrast is important because,"['<|endoftext|>', 'Color', ' contrast', ' is', ' important', ' because']",1,2,accessibility,pythia-1b
color_contrast,7,3,0.0431,color,contrast,Color contrast is important because,"['<|endoftext|>', 'Color', ' contrast', ' is', ' important', ' because']",1,2,accessibility,pythia-1b
color_contrast,7,4,0.1529,color,contrast,Color contrast is important because,"['<|endoftext|>', 'Color', ' contrast', ' is', ' important', ' because']",1,2,accessibility,pythia-1b
color_contrast,7,5,0.0779,color,contrast,Color contrast is important because,"['<|endoftext|>', 'Color', ' contrast', ' is', ' important', ' because']",1,2,accessibility,pythia-1b
color_contrast,7,6,0.3443,color,contrast,Color contrast is important because,"['<|endoftext|>', 'Color', ' contrast', ' is', ' important', ' because']",1,2,accessibility,pythia-1b
color_contrast,7,7,0.0512,color,contrast,Color contrast is important because,"['<|endoftext|>', 'Color', ' contrast', ' is', ' important', ' because']",1,2,accessibility,pythia-1b
color_contrast,8,0,0.0018,color,contrast,Color contrast is important because,"['<|endoftext|>', 'Color', ' contrast', ' is', ' important', ' because']",1,2,accessibility,pythia-1b
color_contrast,8,1,0.0795,color,contrast,Color contrast is important because,"['<|endoftext|>', 'Color', ' contrast', ' is', ' important', ' because']",1,2,accessibility,pythia-1b
color_contrast,8,2,0.0293,color,contrast,Color contrast is important because,"['<|endoftext|>', 'Color', ' contrast', ' is', ' important', ' because']",1,2,accessibility,pythia-1b
color_contrast,8,3,0.0693,color,contrast,Color contrast is important because,"['<|endoftext|>', 'Color', ' contrast', ' is', ' important', ' because']",1,2,accessibility,pythia-1b
color_contrast,8,4,0.0182,color,contrast,Color contrast is important because,"['<|endoftext|>', 'Color', ' contrast', ' is', ' important', ' because']",1,2,accessibility,pythia-1b
color_contrast,8,5,0.0054,color,contrast,Color contrast is important because,"['<|endoftext|>', 'Color', ' contrast', ' is', ' important', ' because']",1,2,accessibility,pythia-1b
color_contrast,8,6,0.0017,color,contrast,Color contrast is important because,"['<|endoftext|>', 'Color', ' contrast', ' is', ' important', ' because']",1,2,accessibility,pythia-1b
color_contrast,8,7,0.1601,color,contrast,Color contrast is important because,"['<|endoftext|>', 'Color', ' contrast', ' is', ' important', ' because']",1,2,accessibility,pythia-1b
color_contrast,9,0,0.0423,color,contrast,Color contrast is important because,"['<|endoftext|>', 'Color', ' contrast', ' is', ' important', ' because']",1,2,accessibility,pythia-1b
color_contrast,9,1,0.0095,color,contrast,Color contrast is important because,"['<|endoftext|>', 'Color', ' contrast', ' is', ' important', ' because']",1,2,accessibility,pythia-1b
color_contrast,9,2,0.2492,color,contrast,Color contrast is important because,"['<|endoftext|>', 'Color', ' contrast', ' is', ' important', ' because']",1,2,accessibility,pythia-1b
color_contrast,9,3,0.0225,color,contrast,Color contrast is important because,"['<|endoftext|>', 'Color', ' contrast', ' is', ' important', ' because']",1,2,accessibility,pythia-1b
color_contrast,9,4,0.0109,color,contrast,Color contrast is important because,"['<|endoftext|>', 'Color', ' contrast', ' is', ' important', ' because']",1,2,accessibility,pythia-1b
color_contrast,9,5,0.0059,color,contrast,Color contrast is important because,"['<|endoftext|>', 'Color', ' contrast', ' is', ' important', ' because']",1,2,accessibility,pythia-1b
color_contrast,9,6,0.2238,color,contrast,Color contrast is important because,"['<|endoftext|>', 'Color', ' contrast', ' is', ' important', ' because']",1,2,accessibility,pythia-1b
color_contrast,9,7,0.2473,color,contrast,Color contrast is important because,"['<|endoftext|>', 'Color', ' contrast', ' is', ' important', ' because']",1,2,accessibility,pythia-1b
color_contrast,10,0,0.0015,color,contrast,Color contrast is important because,"['<|endoftext|>', 'Color', ' contrast', ' is', ' important', ' because']",1,2,accessibility,pythia-1b
color_contrast,10,1,0.1892,color,contrast,Color contrast is important because,"['<|endoftext|>', 'Color', ' contrast', ' is', ' important', ' because']",1,2,accessibility,pythia-1b
color_contrast,10,2,0.0277,color,contrast,Color contrast is important because,"['<|endoftext|>', 'Color', ' contrast', ' is', ' important', ' because']",1,2,accessibility,pythia-1b
color_contrast,10,3,0.2542,color,contrast,Color contrast is important because,"['<|endoftext|>', 'Color', ' contrast', ' is', ' important', ' because']",1,2,accessibility,pythia-1b
color_contrast,10,4,0.0255,color,contrast,Color contrast is important because,"['<|endoftext|>', 'Color', ' contrast', ' is', ' important', ' because']",1,2,accessibility,pythia-1b
color_contrast,10,5,0.0011,color,contrast,Color contrast is important because,"['<|endoftext|>', 'Color', ' contrast', ' is', ' important', ' because']",1,2,accessibility,pythia-1b
color_contrast,10,6,0.001,color,contrast,Color contrast is important because,"['<|endoftext|>', 'Color', ' contrast', ' is', ' important', ' because']",1,2,accessibility,pythia-1b
color_contrast,10,7,0.0334,color,contrast,Color contrast is important because,"['<|endoftext|>', 'Color', ' contrast', ' is', ' important', ' because']",1,2,accessibility,pythia-1b
color_contrast,11,0,0.0577,color,contrast,Color contrast is important because,"['<|endoftext|>', 'Color', ' contrast', ' is', ' important', ' because']",1,2,accessibility,pythia-1b
color_contrast,11,1,0.0583,color,contrast,Color contrast is important because,"['<|endoftext|>', 'Color', ' contrast', ' is', ' important', ' because']",1,2,accessibility,pythia-1b
color_contrast,11,2,0.0609,color,contrast,Color contrast is important because,"['<|endoftext|>', 'Color', ' contrast', ' is', ' important', ' because']",1,2,accessibility,pythia-1b
color_contrast,11,3,0.0046,color,contrast,Color contrast is important because,"['<|endoftext|>', 'Color', ' contrast', ' is', ' important', ' because']",1,2,accessibility,pythia-1b
color_contrast,11,4,0.0706,color,contrast,Color contrast is important because,"['<|endoftext|>', 'Color', ' contrast', ' is', ' important', ' because']",1,2,accessibility,pythia-1b
color_contrast,11,5,0.0128,color,contrast,Color contrast is important because,"['<|endoftext|>', 'Color', ' contrast', ' is', ' important', ' because']",1,2,accessibility,pythia-1b
color_contrast,11,6,0.0017,color,contrast,Color contrast is important because,"['<|endoftext|>', 'Color', ' contrast', ' is', ' important', ' because']",1,2,accessibility,pythia-1b
color_contrast,11,7,0.0017,color,contrast,Color contrast is important because,"['<|endoftext|>', 'Color', ' contrast', ' is', ' important', ' because']",1,2,accessibility,pythia-1b
color_contrast,12,0,0.0196,color,contrast,Color contrast is important because,"['<|endoftext|>', 'Color', ' contrast', ' is', ' important', ' because']",1,2,accessibility,pythia-1b
color_contrast,12,1,0.0361,color,contrast,Color contrast is important because,"['<|endoftext|>', 'Color', ' contrast', ' is', ' important', ' because']",1,2,accessibility,pythia-1b
color_contrast,12,2,0.0083,color,contrast,Color contrast is important because,"['<|endoftext|>', 'Color', ' contrast', ' is', ' important', ' because']",1,2,accessibility,pythia-1b
color_contrast,12,3,0.0055,color,contrast,Color contrast is important because,"['<|endoftext|>', 'Color', ' contrast', ' is', ' important', ' because']",1,2,accessibility,pythia-1b
color_contrast,12,4,0.0177,color,contrast,Color contrast is important because,"['<|endoftext|>', 'Color', ' contrast', ' is', ' important', ' because']",1,2,accessibility,pythia-1b
color_contrast,12,5,0.0898,color,contrast,Color contrast is important because,"['<|endoftext|>', 'Color', ' contrast', ' is', ' important', ' because']",1,2,accessibility,pythia-1b
color_contrast,12,6,0.0077,color,contrast,Color contrast is important because,"['<|endoftext|>', 'Color', ' contrast', ' is', ' important', ' because']",1,2,accessibility,pythia-1b
color_contrast,12,7,0.0479,color,contrast,Color contrast is important because,"['<|endoftext|>', 'Color', ' contrast', ' is', ' important', ' because']",1,2,accessibility,pythia-1b
color_contrast,13,0,0.1119,color,contrast,Color contrast is important because,"['<|endoftext|>', 'Color', ' contrast', ' is', ' important', ' because']",1,2,accessibility,pythia-1b
color_contrast,13,1,0.0328,color,contrast,Color contrast is important because,"['<|endoftext|>', 'Color', ' contrast', ' is', ' important', ' because']",1,2,accessibility,pythia-1b
color_contrast,13,2,0.0051,color,contrast,Color contrast is important because,"['<|endoftext|>', 'Color', ' contrast', ' is', ' important', ' because']",1,2,accessibility,pythia-1b
color_contrast,13,3,0.0367,color,contrast,Color contrast is important because,"['<|endoftext|>', 'Color', ' contrast', ' is', ' important', ' because']",1,2,accessibility,pythia-1b
color_contrast,13,4,0.2005,color,contrast,Color contrast is important because,"['<|endoftext|>', 'Color', ' contrast', ' is', ' important', ' because']",1,2,accessibility,pythia-1b
color_contrast,13,5,0.0347,color,contrast,Color contrast is important because,"['<|endoftext|>', 'Color', ' contrast', ' is', ' important', ' because']",1,2,accessibility,pythia-1b
color_contrast,13,6,0.0028,color,contrast,Color contrast is important because,"['<|endoftext|>', 'Color', ' contrast', ' is', ' important', ' because']",1,2,accessibility,pythia-1b
color_contrast,13,7,0.017,color,contrast,Color contrast is important because,"['<|endoftext|>', 'Color', ' contrast', ' is', ' important', ' because']",1,2,accessibility,pythia-1b
color_contrast,14,0,0.0306,color,contrast,Color contrast is important because,"['<|endoftext|>', 'Color', ' contrast', ' is', ' important', ' because']",1,2,accessibility,pythia-1b
color_contrast,14,1,0.0668,color,contrast,Color contrast is important because,"['<|endoftext|>', 'Color', ' contrast', ' is', ' important', ' because']",1,2,accessibility,pythia-1b
color_contrast,14,2,0.1374,color,contrast,Color contrast is important because,"['<|endoftext|>', 'Color', ' contrast', ' is', ' important', ' because']",1,2,accessibility,pythia-1b
color_contrast,14,3,0.1168,color,contrast,Color contrast is important because,"['<|endoftext|>', 'Color', ' contrast', ' is', ' important', ' because']",1,2,accessibility,pythia-1b
color_contrast,14,4,0.0715,color,contrast,Color contrast is important because,"['<|endoftext|>', 'Color', ' contrast', ' is', ' important', ' because']",1,2,accessibility,pythia-1b
color_contrast,14,5,0.0373,color,contrast,Color contrast is important because,"['<|endoftext|>', 'Color', ' contrast', ' is', ' important', ' because']",1,2,accessibility,pythia-1b
color_contrast,14,6,0.0145,color,contrast,Color contrast is important because,"['<|endoftext|>', 'Color', ' contrast', ' is', ' important', ' because']",1,2,accessibility,pythia-1b
color_contrast,14,7,0.0145,color,contrast,Color contrast is important because,"['<|endoftext|>', 'Color', ' contrast', ' is', ' important', ' because']",1,2,accessibility,pythia-1b
color_contrast,15,0,0.1651,color,contrast,Color contrast is important because,"['<|endoftext|>', 'Color', ' contrast', ' is', ' important', ' because']",1,2,accessibility,pythia-1b
color_contrast,15,1,0.0088,color,contrast,Color contrast is important because,"['<|endoftext|>', 'Color', ' contrast', ' is', ' important', ' because']",1,2,accessibility,pythia-1b
color_contrast,15,2,0.0714,color,contrast,Color contrast is important because,"['<|endoftext|>', 'Color', ' contrast', ' is', ' important', ' because']",1,2,accessibility,pythia-1b
color_contrast,15,3,0.0123,color,contrast,Color contrast is important because,"['<|endoftext|>', 'Color', ' contrast', ' is', ' important', ' because']",1,2,accessibility,pythia-1b
color_contrast,15,4,0.0453,color,contrast,Color contrast is important because,"['<|endoftext|>', 'Color', ' contrast', ' is', ' important', ' because']",1,2,accessibility,pythia-1b
color_contrast,15,5,0.0912,color,contrast,Color contrast is important because,"['<|endoftext|>', 'Color', ' contrast', ' is', ' important', ' because']",1,2,accessibility,pythia-1b
color_contrast,15,6,0.0352,color,contrast,Color contrast is important because,"['<|endoftext|>', 'Color', ' contrast', ' is', ' important', ' because']",1,2,accessibility,pythia-1b
color_contrast,15,7,0.1425,color,contrast,Color contrast is important because,"['<|endoftext|>', 'Color', ' contrast', ' is', ' important', ' because']",1,2,accessibility,pythia-1b
keyboard_navigation,0,0,0.1621,keyboard,navigation,Keyboard navigation allows,"['<|endoftext|>', 'Key', 'board', ' navigation', ' allows']",2,3,accessibility,pythia-1b
keyboard_navigation,0,1,0.5304,keyboard,navigation,Keyboard navigation allows,"['<|endoftext|>', 'Key', 'board', ' navigation', ' allows']",2,3,accessibility,pythia-1b
keyboard_navigation,0,2,0.0,keyboard,navigation,Keyboard navigation allows,"['<|endoftext|>', 'Key', 'board', ' navigation', ' allows']",2,3,accessibility,pythia-1b
keyboard_navigation,0,3,0.8013,keyboard,navigation,Keyboard navigation allows,"['<|endoftext|>', 'Key', 'board', ' navigation', ' allows']",2,3,accessibility,pythia-1b
keyboard_navigation,0,4,0.0263,keyboard,navigation,Keyboard navigation allows,"['<|endoftext|>', 'Key', 'board', ' navigation', ' allows']",2,3,accessibility,pythia-1b
keyboard_navigation,0,5,0.1072,keyboard,navigation,Keyboard navigation allows,"['<|endoftext|>', 'Key', 'board', ' navigation', ' allows']",2,3,accessibility,pythia-1b
keyboard_navigation,0,6,0.0283,keyboard,navigation,Keyboard navigation allows,"['<|endoftext|>', 'Key', 'board', ' navigation', ' allows']",2,3,accessibility,pythia-1b
keyboard_navigation,0,7,0.0017,keyboard,navigation,Keyboard navigation allows,"['<|endoftext|>', 'Key', 'board', ' navigation', ' allows']",2,3,accessibility,pythia-1b
keyboard_navigation,1,0,0.1448,keyboard,navigation,Keyboard navigation allows,"['<|endoftext|>', 'Key', 'board', ' navigation', ' allows']",2,3,accessibility,pythia-1b
keyboard_navigation,1,1,0.0789,keyboard,navigation,Keyboard navigation allows,"['<|endoftext|>', 'Key', 'board', ' navigation', ' allows']",2,3,accessibility,pythia-1b
keyboard_navigation,1,2,0.5421,keyboard,navigation,Keyboard navigation allows,"['<|endoftext|>', 'Key', 'board', ' navigation', ' allows']",2,3,accessibility,pythia-1b
keyboard_navigation,1,3,0.5465,keyboard,navigation,Keyboard navigation allows,"['<|endoftext|>', 'Key', 'board', ' navigation', ' allows']",2,3,accessibility,pythia-1b
keyboard_navigation,1,4,0.5179,keyboard,navigation,Keyboard navigation allows,"['<|endoftext|>', 'Key', 'board', ' navigation', ' allows']",2,3,accessibility,pythia-1b
keyboard_navigation,1,5,0.5774,keyboard,navigation,Keyboard navigation allows,"['<|endoftext|>', 'Key', 'board', ' navigation', ' allows']",2,3,accessibility,pythia-1b
keyboard_navigation,1,6,0.1545,keyboard,navigation,Keyboard navigation allows,"['<|endoftext|>', 'Key', 'board', ' navigation', ' allows']",2,3,accessibility,pythia-1b
keyboard_navigation,1,7,0.0067,keyboard,navigation,Keyboard navigation allows,"['<|endoftext|>', 'Key', 'board', ' navigation', ' allows']",2,3,accessibility,pythia-1b
keyboard_navigation,2,0,0.1671,keyboard,navigation,Keyboard navigation allows,"['<|endoftext|>', 'Key', 'board', ' navigation', ' allows']",2,3,accessibility,pythia-1b
keyboard_navigation,2,1,0.1337,keyboard,navigation,Keyboard navigation allows,"['<|endoftext|>', 'Key', 'board', ' navigation', ' allows']",2,3,accessibility,pythia-1b
keyboard_navigation,2,2,0.6444,keyboard,navigation,Keyboard navigation allows,"['<|endoftext|>', 'Key', 'board', ' navigation', ' allows']",2,3,accessibility,pythia-1b
keyboard_navigation,2,3,0.2255,keyboard,navigation,Keyboard navigation allows,"['<|endoftext|>', 'Key', 'board', ' navigation', ' allows']",2,3,accessibility,pythia-1b
keyboard_navigation,2,4,0.1332,keyboard,navigation,Keyboard navigation allows,"['<|endoftext|>', 'Key', 'board', ' navigation', ' allows']",2,3,accessibility,pythia-1b
keyboard_navigation,2,5,0.1252,keyboard,navigation,Keyboard navigation allows,"['<|endoftext|>', 'Key', 'board', ' navigation', ' allows']",2,3,accessibility,pythia-1b
keyboard_navigation,2,6,0.6158,keyboard,navigation,Keyboard navigation allows,"['<|endoftext|>', 'Key', 'board', ' navigation', ' allows']",2,3,accessibility,pythia-1b
keyboard_navigation,2,7,0.0651,keyboard,navigation,Keyboard navigation allows,"['<|endoftext|>', 'Key', 'board', ' navigation', ' allows']",2,3,accessibility,pythia-1b
keyboard_navigation,3,0,0.0244,keyboard,navigation,Keyboard navigation allows,"['<|endoftext|>', 'Key', 'board', ' navigation', ' allows']",2,3,accessibility,pythia-1b
keyboard_navigation,3,1,0.1593,keyboard,navigation,Keyboard navigation allows,"['<|endoftext|>', 'Key', 'board', ' navigation', ' allows']",2,3,accessibility,pythia-1b
keyboard_navigation,3,2,0.3628,keyboard,navigation,Keyboard navigation allows,"['<|endoftext|>', 'Key', 'board', ' navigation', ' allows']",2,3,accessibility,pythia-1b
keyboard_navigation,3,3,0.1158,keyboard,navigation,Keyboard navigation allows,"['<|endoftext|>', 'Key', 'board', ' navigation', ' allows']",2,3,accessibility,pythia-1b
keyboard_navigation,3,4,0.0772,keyboard,navigation,Keyboard navigation allows,"['<|endoftext|>', 'Key', 'board', ' navigation', ' allows']",2,3,accessibility,pythia-1b
keyboard_navigation,3,5,0.9998,keyboard,navigation,Keyboard navigation allows,"['<|endoftext|>', 'Key', 'board', ' navigation', ' allows']",2,3,accessibility,pythia-1b
keyboard_navigation,3,6,0.4444,keyboard,navigation,Keyboard navigation allows,"['<|endoftext|>', 'Key', 'board', ' navigation', ' allows']",2,3,accessibility,pythia-1b
keyboard_navigation,3,7,0.1506,keyboard,navigation,Keyboard navigation allows,"['<|endoftext|>', 'Key', 'board', ' navigation', ' allows']",2,3,accessibility,pythia-1b
keyboard_navigation,4,0,0.187,keyboard,navigation,Keyboard navigation allows,"['<|endoftext|>', 'Key', 'board', ' navigation', ' allows']",2,3,accessibility,pythia-1b
keyboard_navigation,4,1,0.0132,keyboard,navigation,Keyboard navigation allows,"['<|endoftext|>', 'Key', 'board', ' navigation', ' allows']",2,3,accessibility,pythia-1b
keyboard_navigation,4,2,0.0343,keyboard,navigation,Keyboard navigation allows,"['<|endoftext|>', 'Key', 'board', ' navigation', ' allows']",2,3,accessibility,pythia-1b
keyboard_navigation,4,3,0.0769,keyboard,navigation,Keyboard navigation allows,"['<|endoftext|>', 'Key', 'board', ' navigation', ' allows']",2,3,accessibility,pythia-1b
keyboard_navigation,4,4,0.0,keyboard,navigation,Keyboard navigation allows,"['<|endoftext|>', 'Key', 'board', ' navigation', ' allows']",2,3,accessibility,pythia-1b
keyboard_navigation,4,5,0.0004,keyboard,navigation,Keyboard navigation allows,"['<|endoftext|>', 'Key', 'board', ' navigation', ' allows']",2,3,accessibility,pythia-1b
keyboard_navigation,4,6,0.0554,keyboard,navigation,Keyboard navigation allows,"['<|endoftext|>', 'Key', 'board', ' navigation', ' allows']",2,3,accessibility,pythia-1b
keyboard_navigation,4,7,0.0127,keyboard,navigation,Keyboard navigation allows,"['<|endoftext|>', 'Key', 'board', ' navigation', ' allows']",2,3,accessibility,pythia-1b
keyboard_navigation,5,0,0.0805,keyboard,navigation,Keyboard navigation allows,"['<|endoftext|>', 'Key', 'board', ' navigation', ' allows']",2,3,accessibility,pythia-1b
keyboard_navigation,5,1,0.0003,keyboard,navigation,Keyboard navigation allows,"['<|endoftext|>', 'Key', 'board', ' navigation', ' allows']",2,3,accessibility,pythia-1b
keyboard_navigation,5,2,0.0373,keyboard,navigation,Keyboard navigation allows,"['<|endoftext|>', 'Key', 'board', ' navigation', ' allows']",2,3,accessibility,pythia-1b
keyboard_navigation,5,3,0.0155,keyboard,navigation,Keyboard navigation allows,"['<|endoftext|>', 'Key', 'board', ' navigation', ' allows']",2,3,accessibility,pythia-1b
keyboard_navigation,5,4,0.0131,keyboard,navigation,Keyboard navigation allows,"['<|endoftext|>', 'Key', 'board', ' navigation', ' allows']",2,3,accessibility,pythia-1b
keyboard_navigation,5,5,0.5173,keyboard,navigation,Keyboard navigation allows,"['<|endoftext|>', 'Key', 'board', ' navigation', ' allows']",2,3,accessibility,pythia-1b
keyboard_navigation,5,6,0.0001,keyboard,navigation,Keyboard navigation allows,"['<|endoftext|>', 'Key', 'board', ' navigation', ' allows']",2,3,accessibility,pythia-1b
keyboard_navigation,5,7,0.0001,keyboard,navigation,Keyboard navigation allows,"['<|endoftext|>', 'Key', 'board', ' navigation', ' allows']",2,3,accessibility,pythia-1b
keyboard_navigation,6,0,0.0247,keyboard,navigation,Keyboard navigation allows,"['<|endoftext|>', 'Key', 'board', ' navigation', ' allows']",2,3,accessibility,pythia-1b
keyboard_navigation,6,1,0.008,keyboard,navigation,Keyboard navigation allows,"['<|endoftext|>', 'Key', 'board', ' navigation', ' allows']",2,3,accessibility,pythia-1b
keyboard_navigation,6,2,0.0086,keyboard,navigation,Keyboard navigation allows,"['<|endoftext|>', 'Key', 'board', ' navigation', ' allows']",2,3,accessibility,pythia-1b
keyboard_navigation,6,3,0.8886,keyboard,navigation,Keyboard navigation allows,"['<|endoftext|>', 'Key', 'board', ' navigation', ' allows']",2,3,accessibility,pythia-1b
keyboard_navigation,6,4,0.0018,keyboard,navigation,Keyboard navigation allows,"['<|endoftext|>', 'Key', 'board', ' navigation', ' allows']",2,3,accessibility,pythia-1b
keyboard_navigation,6,5,0.1954,keyboard,navigation,Keyboard navigation allows,"['<|endoftext|>', 'Key', 'board', ' navigation', ' allows']",2,3,accessibility,pythia-1b
keyboard_navigation,6,6,0.0484,keyboard,navigation,Keyboard navigation allows,"['<|endoftext|>', 'Key', 'board', ' navigation', ' allows']",2,3,accessibility,pythia-1b
keyboard_navigation,6,7,0.0013,keyboard,navigation,Keyboard navigation allows,"['<|endoftext|>', 'Key', 'board', ' navigation', ' allows']",2,3,accessibility,pythia-1b
keyboard_navigation,7,0,0.0002,keyboard,navigation,Keyboard navigation allows,"['<|endoftext|>', 'Key', 'board', ' navigation', ' allows']",2,3,accessibility,pythia-1b
keyboard_navigation,7,1,0.0,keyboard,navigation,Keyboard navigation allows,"['<|endoftext|>', 'Key', 'board', ' navigation', ' allows']",2,3,accessibility,pythia-1b
keyboard_navigation,7,2,0.0034,keyboard,navigation,Keyboard navigation allows,"['<|endoftext|>', 'Key', 'board', ' navigation', ' allows']",2,3,accessibility,pythia-1b
keyboard_navigation,7,3,0.0413,keyboard,navigation,Keyboard navigation allows,"['<|endoftext|>', 'Key', 'board', ' navigation', ' allows']",2,3,accessibility,pythia-1b
keyboard_navigation,7,4,0.0677,keyboard,navigation,Keyboard navigation allows,"['<|endoftext|>', 'Key', 'board', ' navigation', ' allows']",2,3,accessibility,pythia-1b
keyboard_navigation,7,5,0.03,keyboard,navigation,Keyboard navigation allows,"['<|endoftext|>', 'Key', 'board', ' navigation', ' allows']",2,3,accessibility,pythia-1b
keyboard_navigation,7,6,0.144,keyboard,navigation,Keyboard navigation allows,"['<|endoftext|>', 'Key', 'board', ' navigation', ' allows']",2,3,accessibility,pythia-1b
keyboard_navigation,7,7,0.0223,keyboard,navigation,Keyboard navigation allows,"['<|endoftext|>', 'Key', 'board', ' navigation', ' allows']",2,3,accessibility,pythia-1b
keyboard_navigation,8,0,0.0023,keyboard,navigation,Keyboard navigation allows,"['<|endoftext|>', 'Key', 'board', ' navigation', ' allows']",2,3,accessibility,pythia-1b
keyboard_navigation,8,1,0.027,keyboard,navigation,Keyboard navigation allows,"['<|endoftext|>', 'Key', 'board', ' navigation', ' allows']",2,3,accessibility,pythia-1b
keyboard_navigation,8,2,0.0119,keyboard,navigation,Keyboard navigation allows,"['<|endoftext|>', 'Key', 'board', ' navigation', ' allows']",2,3,accessibility,pythia-1b
keyboard_navigation,8,3,0.1082,keyboard,navigation,Keyboard navigation allows,"['<|endoftext|>', 'Key', 'board', ' navigation', ' allows']",2,3,accessibility,pythia-1b
keyboard_navigation,8,4,0.0102,keyboard,navigation,Keyboard navigation allows,"['<|endoftext|>', 'Key', 'board', ' navigation', ' allows']",2,3,accessibility,pythia-1b
keyboard_navigation,8,5,0.0017,keyboard,navigation,Keyboard navigation allows,"['<|endoftext|>', 'Key', 'board', ' navigation', ' allows']",2,3,accessibility,pythia-1b
keyboard_navigation,8,6,0.0061,keyboard,navigation,Keyboard navigation allows,"['<|endoftext|>', 'Key', 'board', ' navigation', ' allows']",2,3,accessibility,pythia-1b
keyboard_navigation,8,7,0.1347,keyboard,navigation,Keyboard navigation allows,"['<|endoftext|>', 'Key', 'board', ' navigation', ' allows']",2,3,accessibility,pythia-1b
keyboard_navigation,9,0,0.0714,keyboard,navigation,Keyboard navigation allows,"['<|endoftext|>', 'Key', 'board', ' navigation', ' allows']",2,3,accessibility,pythia-1b
keyboard_navigation,9,1,0.0182,keyboard,navigation,Keyboard navigation allows,"['<|endoftext|>', 'Key', 'board', ' navigation', ' allows']",2,3,accessibility,pythia-1b
keyboard_navigation,9,2,0.0787,keyboard,navigation,Keyboard navigation allows,"['<|endoftext|>', 'Key', 'board', ' navigation', ' allows']",2,3,accessibility,pythia-1b
keyboard_navigation,9,3,0.0621,keyboard,navigation,Keyboard navigation allows,"['<|endoftext|>', 'Key', 'board', ' navigation', ' allows']",2,3,accessibility,pythia-1b
keyboard_navigation,9,4,0.0056,keyboard,navigation,Keyboard navigation allows,"['<|endoftext|>', 'Key', 'board', ' navigation', ' allows']",2,3,accessibility,pythia-1b
keyboard_navigation,9,5,0.0132,keyboard,navigation,Keyboard navigation allows,"['<|endoftext|>', 'Key', 'board', ' navigation', ' allows']",2,3,accessibility,pythia-1b
keyboard_navigation,9,6,0.0656,keyboard,navigation,Keyboard navigation allows,"['<|endoftext|>', 'Key', 'board', ' navigation', ' allows']",2,3,accessibility,pythia-1b
keyboard_navigation,9,7,0.2008,keyboard,navigation,Keyboard navigation allows,"['<|endoftext|>', 'Key', 'board', ' navigation', ' allows']",2,3,accessibility,pythia-1b
keyboard_navigation,10,0,0.0007,keyboard,navigation,Keyboard navigation allows,"['<|endoftext|>', 'Key', 'board', ' navigation', ' allows']",2,3,accessibility,pythia-1b
keyboard_navigation,10,1,0.143,keyboard,navigation,Keyboard navigation allows,"['<|endoftext|>', 'Key', 'board', ' navigation', ' allows']",2,3,accessibility,pythia-1b
keyboard_navigation,10,2,0.0149,keyboard,navigation,Keyboard navigation allows,"['<|endoftext|>', 'Key', 'board', ' navigation', ' allows']",2,3,accessibility,pythia-1b
keyboard_navigation,10,3,0.1561,keyboard,navigation,Keyboard navigation allows,"['<|endoftext|>', 'Key', 'board', ' navigation', ' allows']",2,3,accessibility,pythia-1b
keyboard_navigation,10,4,0.0109,keyboard,navigation,Keyboard navigation allows,"['<|endoftext|>', 'Key', 'board', ' navigation', ' allows']",2,3,accessibility,pythia-1b
keyboard_navigation,10,5,0.0048,keyboard,navigation,Keyboard navigation allows,"['<|endoftext|>', 'Key', 'board', ' navigation', ' allows']",2,3,accessibility,pythia-1b
keyboard_navigation,10,6,0.0003,keyboard,navigation,Keyboard navigation allows,"['<|endoftext|>', 'Key', 'board', ' navigation', ' allows']",2,3,accessibility,pythia-1b
keyboard_navigation,10,7,0.1517,keyboard,navigation,Keyboard navigation allows,"['<|endoftext|>', 'Key', 'board', ' navigation', ' allows']",2,3,accessibility,pythia-1b
keyboard_navigation,11,0,0.0408,keyboard,navigation,Keyboard navigation allows,"['<|endoftext|>', 'Key', 'board', ' navigation', ' allows']",2,3,accessibility,pythia-1b
keyboard_navigation,11,1,0.0872,keyboard,navigation,Keyboard navigation allows,"['<|endoftext|>', 'Key', 'board', ' navigation', ' allows']",2,3,accessibility,pythia-1b
keyboard_navigation,11,2,0.0339,keyboard,navigation,Keyboard navigation allows,"['<|endoftext|>', 'Key', 'board', ' navigation', ' allows']",2,3,accessibility,pythia-1b
keyboard_navigation,11,3,0.016,keyboard,navigation,Keyboard navigation allows,"['<|endoftext|>', 'Key', 'board', ' navigation', ' allows']",2,3,accessibility,pythia-1b
keyboard_navigation,11,4,0.0419,keyboard,navigation,Keyboard navigation allows,"['<|endoftext|>', 'Key', 'board', ' navigation', ' allows']",2,3,accessibility,pythia-1b
keyboard_navigation,11,5,0.0065,keyboard,navigation,Keyboard navigation allows,"['<|endoftext|>', 'Key', 'board', ' navigation', ' allows']",2,3,accessibility,pythia-1b
keyboard_navigation,11,6,0.0175,keyboard,navigation,Keyboard navigation allows,"['<|endoftext|>', 'Key', 'board', ' navigation', ' allows']",2,3,accessibility,pythia-1b
keyboard_navigation,11,7,0.0006,keyboard,navigation,Keyboard navigation allows,"['<|endoftext|>', 'Key', 'board', ' navigation', ' allows']",2,3,accessibility,pythia-1b
keyboard_navigation,12,0,0.0126,keyboard,navigation,Keyboard navigation allows,"['<|endoftext|>', 'Key', 'board', ' navigation', ' allows']",2,3,accessibility,pythia-1b
keyboard_navigation,12,1,0.0318,keyboard,navigation,Keyboard navigation allows,"['<|endoftext|>', 'Key', 'board', ' navigation', ' allows']",2,3,accessibility,pythia-1b
keyboard_navigation,12,2,0.0243,keyboard,navigation,Keyboard navigation allows,"['<|endoftext|>', 'Key', 'board', ' navigation', ' allows']",2,3,accessibility,pythia-1b
keyboard_navigation,12,3,0.0044,keyboard,navigation,Keyboard navigation allows,"['<|endoftext|>', 'Key', 'board', ' navigation', ' allows']",2,3,accessibility,pythia-1b
keyboard_navigation,12,4,0.0221,keyboard,navigation,Keyboard navigation allows,"['<|endoftext|>', 'Key', 'board', ' navigation', ' allows']",2,3,accessibility,pythia-1b
keyboard_navigation,12,5,0.0832,keyboard,navigation,Keyboard navigation allows,"['<|endoftext|>', 'Key', 'board', ' navigation', ' allows']",2,3,accessibility,pythia-1b
keyboard_navigation,12,6,0.0076,keyboard,navigation,Keyboard navigation allows,"['<|endoftext|>', 'Key', 'board', ' navigation', ' allows']",2,3,accessibility,pythia-1b
keyboard_navigation,12,7,0.0225,keyboard,navigation,Keyboard navigation allows,"['<|endoftext|>', 'Key', 'board', ' navigation', ' allows']",2,3,accessibility,pythia-1b
keyboard_navigation,13,0,0.1011,keyboard,navigation,Keyboard navigation allows,"['<|endoftext|>', 'Key', 'board', ' navigation', ' allows']",2,3,accessibility,pythia-1b
keyboard_navigation,13,1,0.0689,keyboard,navigation,Keyboard navigation allows,"['<|endoftext|>', 'Key', 'board', ' navigation', ' allows']",2,3,accessibility,pythia-1b
keyboard_navigation,13,2,0.004,keyboard,navigation,Keyboard navigation allows,"['<|endoftext|>', 'Key', 'board', ' navigation', ' allows']",2,3,accessibility,pythia-1b
keyboard_navigation,13,3,0.0277,keyboard,navigation,Keyboard navigation allows,"['<|endoftext|>', 'Key', 'board', ' navigation', ' allows']",2,3,accessibility,pythia-1b
keyboard_navigation,13,4,0.2918,keyboard,navigation,Keyboard navigation allows,"['<|endoftext|>', 'Key', 'board', ' navigation', ' allows']",2,3,accessibility,pythia-1b
keyboard_navigation,13,5,0.03,keyboard,navigation,Keyboard navigation allows,"['<|endoftext|>', 'Key', 'board', ' navigation', ' allows']",2,3,accessibility,pythia-1b
keyboard_navigation,13,6,0.0029,keyboard,navigation,Keyboard navigation allows,"['<|endoftext|>', 'Key', 'board', ' navigation', ' allows']",2,3,accessibility,pythia-1b
keyboard_navigation,13,7,0.0222,keyboard,navigation,Keyboard navigation allows,"['<|endoftext|>', 'Key', 'board', ' navigation', ' allows']",2,3,accessibility,pythia-1b
keyboard_navigation,14,0,0.1912,keyboard,navigation,Keyboard navigation allows,"['<|endoftext|>', 'Key', 'board', ' navigation', ' allows']",2,3,accessibility,pythia-1b
keyboard_navigation,14,1,0.0359,keyboard,navigation,Keyboard navigation allows,"['<|endoftext|>', 'Key', 'board', ' navigation', ' allows']",2,3,accessibility,pythia-1b
keyboard_navigation,14,2,0.245,keyboard,navigation,Keyboard navigation allows,"['<|endoftext|>', 'Key', 'board', ' navigation', ' allows']",2,3,accessibility,pythia-1b
keyboard_navigation,14,3,0.1841,keyboard,navigation,Keyboard navigation allows,"['<|endoftext|>', 'Key', 'board', ' navigation', ' allows']",2,3,accessibility,pythia-1b
keyboard_navigation,14,4,0.1155,keyboard,navigation,Keyboard navigation allows,"['<|endoftext|>', 'Key', 'board', ' navigation', ' allows']",2,3,accessibility,pythia-1b
keyboard_navigation,14,5,0.0809,keyboard,navigation,Keyboard navigation allows,"['<|endoftext|>', 'Key', 'board', ' navigation', ' allows']",2,3,accessibility,pythia-1b
keyboard_navigation,14,6,0.0098,keyboard,navigation,Keyboard navigation allows,"['<|endoftext|>', 'Key', 'board', ' navigation', ' allows']",2,3,accessibility,pythia-1b
keyboard_navigation,14,7,0.0113,keyboard,navigation,Keyboard navigation allows,"['<|endoftext|>', 'Key', 'board', ' navigation', ' allows']",2,3,accessibility,pythia-1b
keyboard_navigation,15,0,0.2329,keyboard,navigation,Keyboard navigation allows,"['<|endoftext|>', 'Key', 'board', ' navigation', ' allows']",2,3,accessibility,pythia-1b
keyboard_navigation,15,1,0.0933,keyboard,navigation,Keyboard navigation allows,"['<|endoftext|>', 'Key', 'board', ' navigation', ' allows']",2,3,accessibility,pythia-1b
keyboard_navigation,15,2,0.0758,keyboard,navigation,Keyboard navigation allows,"['<|endoftext|>', 'Key', 'board', ' navigation', ' allows']",2,3,accessibility,pythia-1b
keyboard_navigation,15,3,0.0371,keyboard,navigation,Keyboard navigation allows,"['<|endoftext|>', 'Key', 'board', ' navigation', ' allows']",2,3,accessibility,pythia-1b
keyboard_navigation,15,4,0.0971,keyboard,navigation,Keyboard navigation allows,"['<|endoftext|>', 'Key', 'board', ' navigation', ' allows']",2,3,accessibility,pythia-1b
keyboard_navigation,15,5,0.1451,keyboard,navigation,Keyboard navigation allows,"['<|endoftext|>', 'Key', 'board', ' navigation', ' allows']",2,3,accessibility,pythia-1b
keyboard_navigation,15,6,0.0254,keyboard,navigation,Keyboard navigation allows,"['<|endoftext|>', 'Key', 'board', ' navigation', ' allows']",2,3,accessibility,pythia-1b
keyboard_navigation,15,7,0.2199,keyboard,navigation,Keyboard navigation allows,"['<|endoftext|>', 'Key', 'board', ' navigation', ' allows']",2,3,accessibility,pythia-1b
closed_captions,0,0,0.2264,closed,captions,Closed captions are used for,"['<|endoftext|>', 'Closed', ' capt', 'ions', ' are', ' used', ' for']",1,3,accessibility,pythia-1b
closed_captions,0,1,0.1642,closed,captions,Closed captions are used for,"['<|endoftext|>', 'Closed', ' capt', 'ions', ' are', ' used', ' for']",1,3,accessibility,pythia-1b
closed_captions,0,2,0.0001,closed,captions,Closed captions are used for,"['<|endoftext|>', 'Closed', ' capt', 'ions', ' are', ' used', ' for']",1,3,accessibility,pythia-1b
closed_captions,0,3,0.008,closed,captions,Closed captions are used for,"['<|endoftext|>', 'Closed', ' capt', 'ions', ' are', ' used', ' for']",1,3,accessibility,pythia-1b
closed_captions,0,4,0.0616,closed,captions,Closed captions are used for,"['<|endoftext|>', 'Closed', ' capt', 'ions', ' are', ' used', ' for']",1,3,accessibility,pythia-1b
closed_captions,0,5,0.1615,closed,captions,Closed captions are used for,"['<|endoftext|>', 'Closed', ' capt', 'ions', ' are', ' used', ' for']",1,3,accessibility,pythia-1b
closed_captions,0,6,0.045,closed,captions,Closed captions are used for,"['<|endoftext|>', 'Closed', ' capt', 'ions', ' are', ' used', ' for']",1,3,accessibility,pythia-1b
closed_captions,0,7,0.0009,closed,captions,Closed captions are used for,"['<|endoftext|>', 'Closed', ' capt', 'ions', ' are', ' used', ' for']",1,3,accessibility,pythia-1b
closed_captions,1,0,0.0091,closed,captions,Closed captions are used for,"['<|endoftext|>', 'Closed', ' capt', 'ions', ' are', ' used', ' for']",1,3,accessibility,pythia-1b
closed_captions,1,1,0.1586,closed,captions,Closed captions are used for,"['<|endoftext|>', 'Closed', ' capt', 'ions', ' are', ' used', ' for']",1,3,accessibility,pythia-1b
closed_captions,1,2,0.0297,closed,captions,Closed captions are used for,"['<|endoftext|>', 'Closed', ' capt', 'ions', ' are', ' used', ' for']",1,3,accessibility,pythia-1b
closed_captions,1,3,0.4817,closed,captions,Closed captions are used for,"['<|endoftext|>', 'Closed', ' capt', 'ions', ' are', ' used', ' for']",1,3,accessibility,pythia-1b
closed_captions,1,4,0.0051,closed,captions,Closed captions are used for,"['<|endoftext|>', 'Closed', ' capt', 'ions', ' are', ' used', ' for']",1,3,accessibility,pythia-1b
closed_captions,1,5,0.5886,closed,captions,Closed captions are used for,"['<|endoftext|>', 'Closed', ' capt', 'ions', ' are', ' used', ' for']",1,3,accessibility,pythia-1b
closed_captions,1,6,0.3157,closed,captions,Closed captions are used for,"['<|endoftext|>', 'Closed', ' capt', 'ions', ' are', ' used', ' for']",1,3,accessibility,pythia-1b
closed_captions,1,7,0.0028,closed,captions,Closed captions are used for,"['<|endoftext|>', 'Closed', ' capt', 'ions', ' are', ' used', ' for']",1,3,accessibility,pythia-1b
closed_captions,2,0,0.3294,closed,captions,Closed captions are used for,"['<|endoftext|>', 'Closed', ' capt', 'ions', ' are', ' used', ' for']",1,3,accessibility,pythia-1b
closed_captions,2,1,0.532,closed,captions,Closed captions are used for,"['<|endoftext|>', 'Closed', ' capt', 'ions', ' are', ' used', ' for']",1,3,accessibility,pythia-1b
closed_captions,2,2,0.7045,closed,captions,Closed captions are used for,"['<|endoftext|>', 'Closed', ' capt', 'ions', ' are', ' used', ' for']",1,3,accessibility,pythia-1b
closed_captions,2,3,0.345,closed,captions,Closed captions are used for,"['<|endoftext|>', 'Closed', ' capt', 'ions', ' are', ' used', ' for']",1,3,accessibility,pythia-1b
closed_captions,2,4,0.1683,closed,captions,Closed captions are used for,"['<|endoftext|>', 'Closed', ' capt', 'ions', ' are', ' used', ' for']",1,3,accessibility,pythia-1b
closed_captions,2,5,0.3051,closed,captions,Closed captions are used for,"['<|endoftext|>', 'Closed', ' capt', 'ions', ' are', ' used', ' for']",1,3,accessibility,pythia-1b
closed_captions,2,6,0.1733,closed,captions,Closed captions are used for,"['<|endoftext|>', 'Closed', ' capt', 'ions', ' are', ' used', ' for']",1,3,accessibility,pythia-1b
closed_captions,2,7,0.0056,closed,captions,Closed captions are used for,"['<|endoftext|>', 'Closed', ' capt', 'ions', ' are', ' used', ' for']",1,3,accessibility,pythia-1b
closed_captions,3,0,0.0055,closed,captions,Closed captions are used for,"['<|endoftext|>', 'Closed', ' capt', 'ions', ' are', ' used', ' for']",1,3,accessibility,pythia-1b
closed_captions,3,1,0.0156,closed,captions,Closed captions are used for,"['<|endoftext|>', 'Closed', ' capt', 'ions', ' are', ' used', ' for']",1,3,accessibility,pythia-1b
closed_captions,3,2,0.2907,closed,captions,Closed captions are used for,"['<|endoftext|>', 'Closed', ' capt', 'ions', ' are', ' used', ' for']",1,3,accessibility,pythia-1b
closed_captions,3,3,0.1735,closed,captions,Closed captions are used for,"['<|endoftext|>', 'Closed', ' capt', 'ions', ' are', ' used', ' for']",1,3,accessibility,pythia-1b
closed_captions,3,4,0.2046,closed,captions,Closed captions are used for,"['<|endoftext|>', 'Closed', ' capt', 'ions', ' are', ' used', ' for']",1,3,accessibility,pythia-1b
closed_captions,3,5,0.3936,closed,captions,Closed captions are used for,"['<|endoftext|>', 'Closed', ' capt', 'ions', ' are', ' used', ' for']",1,3,accessibility,pythia-1b
closed_captions,3,6,0.5862,closed,captions,Closed captions are used for,"['<|endoftext|>', 'Closed', ' capt', 'ions', ' are', ' used', ' for']",1,3,accessibility,pythia-1b
closed_captions,3,7,0.1608,closed,captions,Closed captions are used for,"['<|endoftext|>', 'Closed', ' capt', 'ions', ' are', ' used', ' for']",1,3,accessibility,pythia-1b
closed_captions,4,0,0.0211,closed,captions,Closed captions are used for,"['<|endoftext|>', 'Closed', ' capt', 'ions', ' are', ' used', ' for']",1,3,accessibility,pythia-1b
closed_captions,4,1,0.0522,closed,captions,Closed captions are used for,"['<|endoftext|>', 'Closed', ' capt', 'ions', ' are', ' used', ' for']",1,3,accessibility,pythia-1b
closed_captions,4,2,0.0165,closed,captions,Closed captions are used for,"['<|endoftext|>', 'Closed', ' capt', 'ions', ' are', ' used', ' for']",1,3,accessibility,pythia-1b
closed_captions,4,3,0.0499,closed,captions,Closed captions are used for,"['<|endoftext|>', 'Closed', ' capt', 'ions', ' are', ' used', ' for']",1,3,accessibility,pythia-1b
closed_captions,4,4,0.0005,closed,captions,Closed captions are used for,"['<|endoftext|>', 'Closed', ' capt', 'ions', ' are', ' used', ' for']",1,3,accessibility,pythia-1b
closed_captions,4,5,0.0071,closed,captions,Closed captions are used for,"['<|endoftext|>', 'Closed', ' capt', 'ions', ' are', ' used', ' for']",1,3,accessibility,pythia-1b
closed_captions,4,6,0.0873,closed,captions,Closed captions are used for,"['<|endoftext|>', 'Closed', ' capt', 'ions', ' are', ' used', ' for']",1,3,accessibility,pythia-1b
closed_captions,4,7,0.1197,closed,captions,Closed captions are used for,"['<|endoftext|>', 'Closed', ' capt', 'ions', ' are', ' used', ' for']",1,3,accessibility,pythia-1b
closed_captions,5,0,0.2365,closed,captions,Closed captions are used for,"['<|endoftext|>', 'Closed', ' capt', 'ions', ' are', ' used', ' for']",1,3,accessibility,pythia-1b
closed_captions,5,1,0.0,closed,captions,Closed captions are used for,"['<|endoftext|>', 'Closed', ' capt', 'ions', ' are', ' used', ' for']",1,3,accessibility,pythia-1b
closed_captions,5,2,0.0354,closed,captions,Closed captions are used for,"['<|endoftext|>', 'Closed', ' capt', 'ions', ' are', ' used', ' for']",1,3,accessibility,pythia-1b
closed_captions,5,3,0.294,closed,captions,Closed captions are used for,"['<|endoftext|>', 'Closed', ' capt', 'ions', ' are', ' used', ' for']",1,3,accessibility,pythia-1b
closed_captions,5,4,0.0243,closed,captions,Closed captions are used for,"['<|endoftext|>', 'Closed', ' capt', 'ions', ' are', ' used', ' for']",1,3,accessibility,pythia-1b
closed_captions,5,5,0.7189,closed,captions,Closed captions are used for,"['<|endoftext|>', 'Closed', ' capt', 'ions', ' are', ' used', ' for']",1,3,accessibility,pythia-1b
closed_captions,5,6,0.0036,closed,captions,Closed captions are used for,"['<|endoftext|>', 'Closed', ' capt', 'ions', ' are', ' used', ' for']",1,3,accessibility,pythia-1b
closed_captions,5,7,0.0052,closed,captions,Closed captions are used for,"['<|endoftext|>', 'Closed', ' capt', 'ions', ' are', ' used', ' for']",1,3,accessibility,pythia-1b
closed_captions,6,0,0.0102,closed,captions,Closed captions are used for,"['<|endoftext|>', 'Closed', ' capt', 'ions', ' are', ' used', ' for']",1,3,accessibility,pythia-1b
closed_captions,6,1,0.0067,closed,captions,Closed captions are used for,"['<|endoftext|>', 'Closed', ' capt', 'ions', ' are', ' used', ' for']",1,3,accessibility,pythia-1b
closed_captions,6,2,0.0571,closed,captions,Closed captions are used for,"['<|endoftext|>', 'Closed', ' capt', 'ions', ' are', ' used', ' for']",1,3,accessibility,pythia-1b
closed_captions,6,3,0.4743,closed,captions,Closed captions are used for,"['<|endoftext|>', 'Closed', ' capt', 'ions', ' are', ' used', ' for']",1,3,accessibility,pythia-1b
closed_captions,6,4,0.013,closed,captions,Closed captions are used for,"['<|endoftext|>', 'Closed', ' capt', 'ions', ' are', ' used', ' for']",1,3,accessibility,pythia-1b
closed_captions,6,5,0.0353,closed,captions,Closed captions are used for,"['<|endoftext|>', 'Closed', ' capt', 'ions', ' are', ' used', ' for']",1,3,accessibility,pythia-1b
closed_captions,6,6,0.0169,closed,captions,Closed captions are used for,"['<|endoftext|>', 'Closed', ' capt', 'ions', ' are', ' used', ' for']",1,3,accessibility,pythia-1b
closed_captions,6,7,0.0027,closed,captions,Closed captions are used for,"['<|endoftext|>', 'Closed', ' capt', 'ions', ' are', ' used', ' for']",1,3,accessibility,pythia-1b
closed_captions,7,0,0.0038,closed,captions,Closed captions are used for,"['<|endoftext|>', 'Closed', ' capt', 'ions', ' are', ' used', ' for']",1,3,accessibility,pythia-1b
closed_captions,7,1,0.0014,closed,captions,Closed captions are used for,"['<|endoftext|>', 'Closed', ' capt', 'ions', ' are', ' used', ' for']",1,3,accessibility,pythia-1b
closed_captions,7,2,0.0193,closed,captions,Closed captions are used for,"['<|endoftext|>', 'Closed', ' capt', 'ions', ' are', ' used', ' for']",1,3,accessibility,pythia-1b
closed_captions,7,3,0.049,closed,captions,Closed captions are used for,"['<|endoftext|>', 'Closed', ' capt', 'ions', ' are', ' used', ' for']",1,3,accessibility,pythia-1b
closed_captions,7,4,0.0896,closed,captions,Closed captions are used for,"['<|endoftext|>', 'Closed', ' capt', 'ions', ' are', ' used', ' for']",1,3,accessibility,pythia-1b
closed_captions,7,5,0.0365,closed,captions,Closed captions are used for,"['<|endoftext|>', 'Closed', ' capt', 'ions', ' are', ' used', ' for']",1,3,accessibility,pythia-1b
closed_captions,7,6,0.4718,closed,captions,Closed captions are used for,"['<|endoftext|>', 'Closed', ' capt', 'ions', ' are', ' used', ' for']",1,3,accessibility,pythia-1b
closed_captions,7,7,0.0236,closed,captions,Closed captions are used for,"['<|endoftext|>', 'Closed', ' capt', 'ions', ' are', ' used', ' for']",1,3,accessibility,pythia-1b
closed_captions,8,0,0.0019,closed,captions,Closed captions are used for,"['<|endoftext|>', 'Closed', ' capt', 'ions', ' are', ' used', ' for']",1,3,accessibility,pythia-1b
closed_captions,8,1,0.0338,closed,captions,Closed captions are used for,"['<|endoftext|>', 'Closed', ' capt', 'ions', ' are', ' used', ' for']",1,3,accessibility,pythia-1b
closed_captions,8,2,0.01,closed,captions,Closed captions are used for,"['<|endoftext|>', 'Closed', ' capt', 'ions', ' are', ' used', ' for']",1,3,accessibility,pythia-1b
closed_captions,8,3,0.0449,closed,captions,Closed captions are used for,"['<|endoftext|>', 'Closed', ' capt', 'ions', ' are', ' used', ' for']",1,3,accessibility,pythia-1b
closed_captions,8,4,0.009,closed,captions,Closed captions are used for,"['<|endoftext|>', 'Closed', ' capt', 'ions', ' are', ' used', ' for']",1,3,accessibility,pythia-1b
closed_captions,8,5,0.0005,closed,captions,Closed captions are used for,"['<|endoftext|>', 'Closed', ' capt', 'ions', ' are', ' used', ' for']",1,3,accessibility,pythia-1b
closed_captions,8,6,0.0001,closed,captions,Closed captions are used for,"['<|endoftext|>', 'Closed', ' capt', 'ions', ' are', ' used', ' for']",1,3,accessibility,pythia-1b
closed_captions,8,7,0.0545,closed,captions,Closed captions are used for,"['<|endoftext|>', 'Closed', ' capt', 'ions', ' are', ' used', ' for']",1,3,accessibility,pythia-1b
closed_captions,9,0,0.024,closed,captions,Closed captions are used for,"['<|endoftext|>', 'Closed', ' capt', 'ions', ' are', ' used', ' for']",1,3,accessibility,pythia-1b
closed_captions,9,1,0.0189,closed,captions,Closed captions are used for,"['<|endoftext|>', 'Closed', ' capt', 'ions', ' are', ' used', ' for']",1,3,accessibility,pythia-1b
closed_captions,9,2,0.0368,closed,captions,Closed captions are used for,"['<|endoftext|>', 'Closed', ' capt', 'ions', ' are', ' used', ' for']",1,3,accessibility,pythia-1b
closed_captions,9,3,0.0247,closed,captions,Closed captions are used for,"['<|endoftext|>', 'Closed', ' capt', 'ions', ' are', ' used', ' for']",1,3,accessibility,pythia-1b
closed_captions,9,4,0.0026,closed,captions,Closed captions are used for,"['<|endoftext|>', 'Closed', ' capt', 'ions', ' are', ' used', ' for']",1,3,accessibility,pythia-1b
closed_captions,9,5,0.0419,closed,captions,Closed captions are used for,"['<|endoftext|>', 'Closed', ' capt', 'ions', ' are', ' used', ' for']",1,3,accessibility,pythia-1b
closed_captions,9,6,0.0818,closed,captions,Closed captions are used for,"['<|endoftext|>', 'Closed', ' capt', 'ions', ' are', ' used', ' for']",1,3,accessibility,pythia-1b
closed_captions,9,7,0.0257,closed,captions,Closed captions are used for,"['<|endoftext|>', 'Closed', ' capt', 'ions', ' are', ' used', ' for']",1,3,accessibility,pythia-1b
closed_captions,10,0,0.0027,closed,captions,Closed captions are used for,"['<|endoftext|>', 'Closed', ' capt', 'ions', ' are', ' used', ' for']",1,3,accessibility,pythia-1b
closed_captions,10,1,0.0573,closed,captions,Closed captions are used for,"['<|endoftext|>', 'Closed', ' capt', 'ions', ' are', ' used', ' for']",1,3,accessibility,pythia-1b
closed_captions,10,2,0.0031,closed,captions,Closed captions are used for,"['<|endoftext|>', 'Closed', ' capt', 'ions', ' are', ' used', ' for']",1,3,accessibility,pythia-1b
closed_captions,10,3,0.0375,closed,captions,Closed captions are used for,"['<|endoftext|>', 'Closed', ' capt', 'ions', ' are', ' used', ' for']",1,3,accessibility,pythia-1b
closed_captions,10,4,0.0059,closed,captions,Closed captions are used for,"['<|endoftext|>', 'Closed', ' capt', 'ions', ' are', ' used', ' for']",1,3,accessibility,pythia-1b
closed_captions,10,5,0.0012,closed,captions,Closed captions are used for,"['<|endoftext|>', 'Closed', ' capt', 'ions', ' are', ' used', ' for']",1,3,accessibility,pythia-1b
closed_captions,10,6,0.0007,closed,captions,Closed captions are used for,"['<|endoftext|>', 'Closed', ' capt', 'ions', ' are', ' used', ' for']",1,3,accessibility,pythia-1b
closed_captions,10,7,0.029,closed,captions,Closed captions are used for,"['<|endoftext|>', 'Closed', ' capt', 'ions', ' are', ' used', ' for']",1,3,accessibility,pythia-1b
closed_captions,11,0,0.03,closed,captions,Closed captions are used for,"['<|endoftext|>', 'Closed', ' capt', 'ions', ' are', ' used', ' for']",1,3,accessibility,pythia-1b
closed_captions,11,1,0.0117,closed,captions,Closed captions are used for,"['<|endoftext|>', 'Closed', ' capt', 'ions', ' are', ' used', ' for']",1,3,accessibility,pythia-1b
closed_captions,11,2,0.0124,closed,captions,Closed captions are used for,"['<|endoftext|>', 'Closed', ' capt', 'ions', ' are', ' used', ' for']",1,3,accessibility,pythia-1b
closed_captions,11,3,0.0072,closed,captions,Closed captions are used for,"['<|endoftext|>', 'Closed', ' capt', 'ions', ' are', ' used', ' for']",1,3,accessibility,pythia-1b
closed_captions,11,4,0.0143,closed,captions,Closed captions are used for,"['<|endoftext|>', 'Closed', ' capt', 'ions', ' are', ' used', ' for']",1,3,accessibility,pythia-1b
closed_captions,11,5,0.0009,closed,captions,Closed captions are used for,"['<|endoftext|>', 'Closed', ' capt', 'ions', ' are', ' used', ' for']",1,3,accessibility,pythia-1b
closed_captions,11,6,0.0036,closed,captions,Closed captions are used for,"['<|endoftext|>', 'Closed', ' capt', 'ions', ' are', ' used', ' for']",1,3,accessibility,pythia-1b
closed_captions,11,7,0.0001,closed,captions,Closed captions are used for,"['<|endoftext|>', 'Closed', ' capt', 'ions', ' are', ' used', ' for']",1,3,accessibility,pythia-1b
closed_captions,12,0,0.01,closed,captions,Closed captions are used for,"['<|endoftext|>', 'Closed', ' capt', 'ions', ' are', ' used', ' for']",1,3,accessibility,pythia-1b
closed_captions,12,1,0.013,closed,captions,Closed captions are used for,"['<|endoftext|>', 'Closed', ' capt', 'ions', ' are', ' used', ' for']",1,3,accessibility,pythia-1b
closed_captions,12,2,0.0076,closed,captions,Closed captions are used for,"['<|endoftext|>', 'Closed', ' capt', 'ions', ' are', ' used', ' for']",1,3,accessibility,pythia-1b
closed_captions,12,3,0.0057,closed,captions,Closed captions are used for,"['<|endoftext|>', 'Closed', ' capt', 'ions', ' are', ' used', ' for']",1,3,accessibility,pythia-1b
closed_captions,12,4,0.0116,closed,captions,Closed captions are used for,"['<|endoftext|>', 'Closed', ' capt', 'ions', ' are', ' used', ' for']",1,3,accessibility,pythia-1b
closed_captions,12,5,0.0099,closed,captions,Closed captions are used for,"['<|endoftext|>', 'Closed', ' capt', 'ions', ' are', ' used', ' for']",1,3,accessibility,pythia-1b
closed_captions,12,6,0.0013,closed,captions,Closed captions are used for,"['<|endoftext|>', 'Closed', ' capt', 'ions', ' are', ' used', ' for']",1,3,accessibility,pythia-1b
closed_captions,12,7,0.0376,closed,captions,Closed captions are used for,"['<|endoftext|>', 'Closed', ' capt', 'ions', ' are', ' used', ' for']",1,3,accessibility,pythia-1b
closed_captions,13,0,0.1024,closed,captions,Closed captions are used for,"['<|endoftext|>', 'Closed', ' capt', 'ions', ' are', ' used', ' for']",1,3,accessibility,pythia-1b
closed_captions,13,1,0.0057,closed,captions,Closed captions are used for,"['<|endoftext|>', 'Closed', ' capt', 'ions', ' are', ' used', ' for']",1,3,accessibility,pythia-1b
closed_captions,13,2,0.0108,closed,captions,Closed captions are used for,"['<|endoftext|>', 'Closed', ' capt', 'ions', ' are', ' used', ' for']",1,3,accessibility,pythia-1b
closed_captions,13,3,0.0339,closed,captions,Closed captions are used for,"['<|endoftext|>', 'Closed', ' capt', 'ions', ' are', ' used', ' for']",1,3,accessibility,pythia-1b
closed_captions,13,4,0.0675,closed,captions,Closed captions are used for,"['<|endoftext|>', 'Closed', ' capt', 'ions', ' are', ' used', ' for']",1,3,accessibility,pythia-1b
closed_captions,13,5,0.0456,closed,captions,Closed captions are used for,"['<|endoftext|>', 'Closed', ' capt', 'ions', ' are', ' used', ' for']",1,3,accessibility,pythia-1b
closed_captions,13,6,0.0023,closed,captions,Closed captions are used for,"['<|endoftext|>', 'Closed', ' capt', 'ions', ' are', ' used', ' for']",1,3,accessibility,pythia-1b
closed_captions,13,7,0.0147,closed,captions,Closed captions are used for,"['<|endoftext|>', 'Closed', ' capt', 'ions', ' are', ' used', ' for']",1,3,accessibility,pythia-1b
closed_captions,14,0,0.0355,closed,captions,Closed captions are used for,"['<|endoftext|>', 'Closed', ' capt', 'ions', ' are', ' used', ' for']",1,3,accessibility,pythia-1b
closed_captions,14,1,0.0659,closed,captions,Closed captions are used for,"['<|endoftext|>', 'Closed', ' capt', 'ions', ' are', ' used', ' for']",1,3,accessibility,pythia-1b
closed_captions,14,2,0.0453,closed,captions,Closed captions are used for,"['<|endoftext|>', 'Closed', ' capt', 'ions', ' are', ' used', ' for']",1,3,accessibility,pythia-1b
closed_captions,14,3,0.0495,closed,captions,Closed captions are used for,"['<|endoftext|>', 'Closed', ' capt', 'ions', ' are', ' used', ' for']",1,3,accessibility,pythia-1b
closed_captions,14,4,0.0483,closed,captions,Closed captions are used for,"['<|endoftext|>', 'Closed', ' capt', 'ions', ' are', ' used', ' for']",1,3,accessibility,pythia-1b
closed_captions,14,5,0.0443,closed,captions,Closed captions are used for,"['<|endoftext|>', 'Closed', ' capt', 'ions', ' are', ' used', ' for']",1,3,accessibility,pythia-1b
closed_captions,14,6,0.0153,closed,captions,Closed captions are used for,"['<|endoftext|>', 'Closed', ' capt', 'ions', ' are', ' used', ' for']",1,3,accessibility,pythia-1b
closed_captions,14,7,0.017,closed,captions,Closed captions are used for,"['<|endoftext|>', 'Closed', ' capt', 'ions', ' are', ' used', ' for']",1,3,accessibility,pythia-1b
closed_captions,15,0,0.0215,closed,captions,Closed captions are used for,"['<|endoftext|>', 'Closed', ' capt', 'ions', ' are', ' used', ' for']",1,3,accessibility,pythia-1b
closed_captions,15,1,0.0237,closed,captions,Closed captions are used for,"['<|endoftext|>', 'Closed', ' capt', 'ions', ' are', ' used', ' for']",1,3,accessibility,pythia-1b
closed_captions,15,2,0.0441,closed,captions,Closed captions are used for,"['<|endoftext|>', 'Closed', ' capt', 'ions', ' are', ' used', ' for']",1,3,accessibility,pythia-1b
closed_captions,15,3,0.0342,closed,captions,Closed captions are used for,"['<|endoftext|>', 'Closed', ' capt', 'ions', ' are', ' used', ' for']",1,3,accessibility,pythia-1b
closed_captions,15,4,0.0279,closed,captions,Closed captions are used for,"['<|endoftext|>', 'Closed', ' capt', 'ions', ' are', ' used', ' for']",1,3,accessibility,pythia-1b
closed_captions,15,5,0.009,closed,captions,Closed captions are used for,"['<|endoftext|>', 'Closed', ' capt', 'ions', ' are', ' used', ' for']",1,3,accessibility,pythia-1b
closed_captions,15,6,0.018,closed,captions,Closed captions are used for,"['<|endoftext|>', 'Closed', ' capt', 'ions', ' are', ' used', ' for']",1,3,accessibility,pythia-1b
closed_captions,15,7,0.0506,closed,captions,Closed captions are used for,"['<|endoftext|>', 'Closed', ' capt', 'ions', ' are', ' used', ' for']",1,3,accessibility,pythia-1b
focus_indicator,0,0,0.2276,focus,indicator,A focus indicator is,"['<|endoftext|>', 'A', ' focus', ' indicator', ' is']",2,3,accessibility,pythia-1b
focus_indicator,0,1,0.2406,focus,indicator,A focus indicator is,"['<|endoftext|>', 'A', ' focus', ' indicator', ' is']",2,3,accessibility,pythia-1b
focus_indicator,0,2,0.0,focus,indicator,A focus indicator is,"['<|endoftext|>', 'A', ' focus', ' indicator', ' is']",2,3,accessibility,pythia-1b
focus_indicator,0,3,0.0586,focus,indicator,A focus indicator is,"['<|endoftext|>', 'A', ' focus', ' indicator', ' is']",2,3,accessibility,pythia-1b
focus_indicator,0,4,0.025,focus,indicator,A focus indicator is,"['<|endoftext|>', 'A', ' focus', ' indicator', ' is']",2,3,accessibility,pythia-1b
focus_indicator,0,5,0.1995,focus,indicator,A focus indicator is,"['<|endoftext|>', 'A', ' focus', ' indicator', ' is']",2,3,accessibility,pythia-1b
focus_indicator,0,6,0.0401,focus,indicator,A focus indicator is,"['<|endoftext|>', 'A', ' focus', ' indicator', ' is']",2,3,accessibility,pythia-1b
focus_indicator,0,7,0.0039,focus,indicator,A focus indicator is,"['<|endoftext|>', 'A', ' focus', ' indicator', ' is']",2,3,accessibility,pythia-1b
focus_indicator,1,0,0.1233,focus,indicator,A focus indicator is,"['<|endoftext|>', 'A', ' focus', ' indicator', ' is']",2,3,accessibility,pythia-1b
focus_indicator,1,1,0.0962,focus,indicator,A focus indicator is,"['<|endoftext|>', 'A', ' focus', ' indicator', ' is']",2,3,accessibility,pythia-1b
focus_indicator,1,2,0.065,focus,indicator,A focus indicator is,"['<|endoftext|>', 'A', ' focus', ' indicator', ' is']",2,3,accessibility,pythia-1b
focus_indicator,1,3,0.7532,focus,indicator,A focus indicator is,"['<|endoftext|>', 'A', ' focus', ' indicator', ' is']",2,3,accessibility,pythia-1b
focus_indicator,1,4,0.1998,focus,indicator,A focus indicator is,"['<|endoftext|>', 'A', ' focus', ' indicator', ' is']",2,3,accessibility,pythia-1b
focus_indicator,1,5,0.3184,focus,indicator,A focus indicator is,"['<|endoftext|>', 'A', ' focus', ' indicator', ' is']",2,3,accessibility,pythia-1b
focus_indicator,1,6,0.2582,focus,indicator,A focus indicator is,"['<|endoftext|>', 'A', ' focus', ' indicator', ' is']",2,3,accessibility,pythia-1b
focus_indicator,1,7,0.0042,focus,indicator,A focus indicator is,"['<|endoftext|>', 'A', ' focus', ' indicator', ' is']",2,3,accessibility,pythia-1b
focus_indicator,2,0,0.4097,focus,indicator,A focus indicator is,"['<|endoftext|>', 'A', ' focus', ' indicator', ' is']",2,3,accessibility,pythia-1b
focus_indicator,2,1,0.2558,focus,indicator,A focus indicator is,"['<|endoftext|>', 'A', ' focus', ' indicator', ' is']",2,3,accessibility,pythia-1b
focus_indicator,2,2,0.1903,focus,indicator,A focus indicator is,"['<|endoftext|>', 'A', ' focus', ' indicator', ' is']",2,3,accessibility,pythia-1b
focus_indicator,2,3,0.5051,focus,indicator,A focus indicator is,"['<|endoftext|>', 'A', ' focus', ' indicator', ' is']",2,3,accessibility,pythia-1b
focus_indicator,2,4,0.1209,focus,indicator,A focus indicator is,"['<|endoftext|>', 'A', ' focus', ' indicator', ' is']",2,3,accessibility,pythia-1b
focus_indicator,2,5,0.1068,focus,indicator,A focus indicator is,"['<|endoftext|>', 'A', ' focus', ' indicator', ' is']",2,3,accessibility,pythia-1b
focus_indicator,2,6,0.4012,focus,indicator,A focus indicator is,"['<|endoftext|>', 'A', ' focus', ' indicator', ' is']",2,3,accessibility,pythia-1b
focus_indicator,2,7,0.022,focus,indicator,A focus indicator is,"['<|endoftext|>', 'A', ' focus', ' indicator', ' is']",2,3,accessibility,pythia-1b
focus_indicator,3,0,0.0416,focus,indicator,A focus indicator is,"['<|endoftext|>', 'A', ' focus', ' indicator', ' is']",2,3,accessibility,pythia-1b
focus_indicator,3,1,0.0213,focus,indicator,A focus indicator is,"['<|endoftext|>', 'A', ' focus', ' indicator', ' is']",2,3,accessibility,pythia-1b
focus_indicator,3,2,0.1331,focus,indicator,A focus indicator is,"['<|endoftext|>', 'A', ' focus', ' indicator', ' is']",2,3,accessibility,pythia-1b
focus_indicator,3,3,0.0375,focus,indicator,A focus indicator is,"['<|endoftext|>', 'A', ' focus', ' indicator', ' is']",2,3,accessibility,pythia-1b
focus_indicator,3,4,0.0338,focus,indicator,A focus indicator is,"['<|endoftext|>', 'A', ' focus', ' indicator', ' is']",2,3,accessibility,pythia-1b
focus_indicator,3,5,0.9916,focus,indicator,A focus indicator is,"['<|endoftext|>', 'A', ' focus', ' indicator', ' is']",2,3,accessibility,pythia-1b
focus_indicator,3,6,0.9139,focus,indicator,A focus indicator is,"['<|endoftext|>', 'A', ' focus', ' indicator', ' is']",2,3,accessibility,pythia-1b
focus_indicator,3,7,0.0249,focus,indicator,A focus indicator is,"['<|endoftext|>', 'A', ' focus', ' indicator', ' is']",2,3,accessibility,pythia-1b
focus_indicator,4,0,0.0893,focus,indicator,A focus indicator is,"['<|endoftext|>', 'A', ' focus', ' indicator', ' is']",2,3,accessibility,pythia-1b
focus_indicator,4,1,0.0364,focus,indicator,A focus indicator is,"['<|endoftext|>', 'A', ' focus', ' indicator', ' is']",2,3,accessibility,pythia-1b
focus_indicator,4,2,0.0283,focus,indicator,A focus indicator is,"['<|endoftext|>', 'A', ' focus', ' indicator', ' is']",2,3,accessibility,pythia-1b
focus_indicator,4,3,0.0119,focus,indicator,A focus indicator is,"['<|endoftext|>', 'A', ' focus', ' indicator', ' is']",2,3,accessibility,pythia-1b
focus_indicator,4,4,0.0,focus,indicator,A focus indicator is,"['<|endoftext|>', 'A', ' focus', ' indicator', ' is']",2,3,accessibility,pythia-1b
focus_indicator,4,5,0.0004,focus,indicator,A focus indicator is,"['<|endoftext|>', 'A', ' focus', ' indicator', ' is']",2,3,accessibility,pythia-1b
focus_indicator,4,6,0.0968,focus,indicator,A focus indicator is,"['<|endoftext|>', 'A', ' focus', ' indicator', ' is']",2,3,accessibility,pythia-1b
focus_indicator,4,7,0.007,focus,indicator,A focus indicator is,"['<|endoftext|>', 'A', ' focus', ' indicator', ' is']",2,3,accessibility,pythia-1b
focus_indicator,5,0,0.0708,focus,indicator,A focus indicator is,"['<|endoftext|>', 'A', ' focus', ' indicator', ' is']",2,3,accessibility,pythia-1b
focus_indicator,5,1,0.0,focus,indicator,A focus indicator is,"['<|endoftext|>', 'A', ' focus', ' indicator', ' is']",2,3,accessibility,pythia-1b
focus_indicator,5,2,0.0886,focus,indicator,A focus indicator is,"['<|endoftext|>', 'A', ' focus', ' indicator', ' is']",2,3,accessibility,pythia-1b
focus_indicator,5,3,0.3827,focus,indicator,A focus indicator is,"['<|endoftext|>', 'A', ' focus', ' indicator', ' is']",2,3,accessibility,pythia-1b
focus_indicator,5,4,0.0404,focus,indicator,A focus indicator is,"['<|endoftext|>', 'A', ' focus', ' indicator', ' is']",2,3,accessibility,pythia-1b
focus_indicator,5,5,0.2421,focus,indicator,A focus indicator is,"['<|endoftext|>', 'A', ' focus', ' indicator', ' is']",2,3,accessibility,pythia-1b
focus_indicator,5,6,0.0016,focus,indicator,A focus indicator is,"['<|endoftext|>', 'A', ' focus', ' indicator', ' is']",2,3,accessibility,pythia-1b
focus_indicator,5,7,0.0003,focus,indicator,A focus indicator is,"['<|endoftext|>', 'A', ' focus', ' indicator', ' is']",2,3,accessibility,pythia-1b
focus_indicator,6,0,0.0044,focus,indicator,A focus indicator is,"['<|endoftext|>', 'A', ' focus', ' indicator', ' is']",2,3,accessibility,pythia-1b
focus_indicator,6,1,0.0026,focus,indicator,A focus indicator is,"['<|endoftext|>', 'A', ' focus', ' indicator', ' is']",2,3,accessibility,pythia-1b
focus_indicator,6,2,0.0113,focus,indicator,A focus indicator is,"['<|endoftext|>', 'A', ' focus', ' indicator', ' is']",2,3,accessibility,pythia-1b
focus_indicator,6,3,0.8498,focus,indicator,A focus indicator is,"['<|endoftext|>', 'A', ' focus', ' indicator', ' is']",2,3,accessibility,pythia-1b
focus_indicator,6,4,0.3293,focus,indicator,A focus indicator is,"['<|endoftext|>', 'A', ' focus', ' indicator', ' is']",2,3,accessibility,pythia-1b
focus_indicator,6,5,0.1808,focus,indicator,A focus indicator is,"['<|endoftext|>', 'A', ' focus', ' indicator', ' is']",2,3,accessibility,pythia-1b
focus_indicator,6,6,0.0042,focus,indicator,A focus indicator is,"['<|endoftext|>', 'A', ' focus', ' indicator', ' is']",2,3,accessibility,pythia-1b
focus_indicator,6,7,0.0005,focus,indicator,A focus indicator is,"['<|endoftext|>', 'A', ' focus', ' indicator', ' is']",2,3,accessibility,pythia-1b
focus_indicator,7,0,0.0003,focus,indicator,A focus indicator is,"['<|endoftext|>', 'A', ' focus', ' indicator', ' is']",2,3,accessibility,pythia-1b
focus_indicator,7,1,0.0001,focus,indicator,A focus indicator is,"['<|endoftext|>', 'A', ' focus', ' indicator', ' is']",2,3,accessibility,pythia-1b
focus_indicator,7,2,0.0006,focus,indicator,A focus indicator is,"['<|endoftext|>', 'A', ' focus', ' indicator', ' is']",2,3,accessibility,pythia-1b
focus_indicator,7,3,0.0113,focus,indicator,A focus indicator is,"['<|endoftext|>', 'A', ' focus', ' indicator', ' is']",2,3,accessibility,pythia-1b
focus_indicator,7,4,0.0602,focus,indicator,A focus indicator is,"['<|endoftext|>', 'A', ' focus', ' indicator', ' is']",2,3,accessibility,pythia-1b
focus_indicator,7,5,0.0195,focus,indicator,A focus indicator is,"['<|endoftext|>', 'A', ' focus', ' indicator', ' is']",2,3,accessibility,pythia-1b
focus_indicator,7,6,0.1281,focus,indicator,A focus indicator is,"['<|endoftext|>', 'A', ' focus', ' indicator', ' is']",2,3,accessibility,pythia-1b
focus_indicator,7,7,0.1649,focus,indicator,A focus indicator is,"['<|endoftext|>', 'A', ' focus', ' indicator', ' is']",2,3,accessibility,pythia-1b
focus_indicator,8,0,0.0012,focus,indicator,A focus indicator is,"['<|endoftext|>', 'A', ' focus', ' indicator', ' is']",2,3,accessibility,pythia-1b
focus_indicator,8,1,0.0153,focus,indicator,A focus indicator is,"['<|endoftext|>', 'A', ' focus', ' indicator', ' is']",2,3,accessibility,pythia-1b
focus_indicator,8,2,0.0258,focus,indicator,A focus indicator is,"['<|endoftext|>', 'A', ' focus', ' indicator', ' is']",2,3,accessibility,pythia-1b
focus_indicator,8,3,0.1069,focus,indicator,A focus indicator is,"['<|endoftext|>', 'A', ' focus', ' indicator', ' is']",2,3,accessibility,pythia-1b
focus_indicator,8,4,0.0045,focus,indicator,A focus indicator is,"['<|endoftext|>', 'A', ' focus', ' indicator', ' is']",2,3,accessibility,pythia-1b
focus_indicator,8,5,0.0073,focus,indicator,A focus indicator is,"['<|endoftext|>', 'A', ' focus', ' indicator', ' is']",2,3,accessibility,pythia-1b
focus_indicator,8,6,0.0003,focus,indicator,A focus indicator is,"['<|endoftext|>', 'A', ' focus', ' indicator', ' is']",2,3,accessibility,pythia-1b
focus_indicator,8,7,0.0664,focus,indicator,A focus indicator is,"['<|endoftext|>', 'A', ' focus', ' indicator', ' is']",2,3,accessibility,pythia-1b
focus_indicator,9,0,0.1333,focus,indicator,A focus indicator is,"['<|endoftext|>', 'A', ' focus', ' indicator', ' is']",2,3,accessibility,pythia-1b
focus_indicator,9,1,0.0048,focus,indicator,A focus indicator is,"['<|endoftext|>', 'A', ' focus', ' indicator', ' is']",2,3,accessibility,pythia-1b
focus_indicator,9,2,0.0836,focus,indicator,A focus indicator is,"['<|endoftext|>', 'A', ' focus', ' indicator', ' is']",2,3,accessibility,pythia-1b
focus_indicator,9,3,0.0155,focus,indicator,A focus indicator is,"['<|endoftext|>', 'A', ' focus', ' indicator', ' is']",2,3,accessibility,pythia-1b
focus_indicator,9,4,0.0065,focus,indicator,A focus indicator is,"['<|endoftext|>', 'A', ' focus', ' indicator', ' is']",2,3,accessibility,pythia-1b
focus_indicator,9,5,0.0085,focus,indicator,A focus indicator is,"['<|endoftext|>', 'A', ' focus', ' indicator', ' is']",2,3,accessibility,pythia-1b
focus_indicator,9,6,0.0845,focus,indicator,A focus indicator is,"['<|endoftext|>', 'A', ' focus', ' indicator', ' is']",2,3,accessibility,pythia-1b
focus_indicator,9,7,0.419,focus,indicator,A focus indicator is,"['<|endoftext|>', 'A', ' focus', ' indicator', ' is']",2,3,accessibility,pythia-1b
focus_indicator,10,0,0.0024,focus,indicator,A focus indicator is,"['<|endoftext|>', 'A', ' focus', ' indicator', ' is']",2,3,accessibility,pythia-1b
focus_indicator,10,1,0.1254,focus,indicator,A focus indicator is,"['<|endoftext|>', 'A', ' focus', ' indicator', ' is']",2,3,accessibility,pythia-1b
focus_indicator,10,2,0.0072,focus,indicator,A focus indicator is,"['<|endoftext|>', 'A', ' focus', ' indicator', ' is']",2,3,accessibility,pythia-1b
focus_indicator,10,3,0.0764,focus,indicator,A focus indicator is,"['<|endoftext|>', 'A', ' focus', ' indicator', ' is']",2,3,accessibility,pythia-1b
focus_indicator,10,4,0.0685,focus,indicator,A focus indicator is,"['<|endoftext|>', 'A', ' focus', ' indicator', ' is']",2,3,accessibility,pythia-1b
focus_indicator,10,5,0.016,focus,indicator,A focus indicator is,"['<|endoftext|>', 'A', ' focus', ' indicator', ' is']",2,3,accessibility,pythia-1b
focus_indicator,10,6,0.0007,focus,indicator,A focus indicator is,"['<|endoftext|>', 'A', ' focus', ' indicator', ' is']",2,3,accessibility,pythia-1b
focus_indicator,10,7,0.0163,focus,indicator,A focus indicator is,"['<|endoftext|>', 'A', ' focus', ' indicator', ' is']",2,3,accessibility,pythia-1b
focus_indicator,11,0,0.0462,focus,indicator,A focus indicator is,"['<|endoftext|>', 'A', ' focus', ' indicator', ' is']",2,3,accessibility,pythia-1b
focus_indicator,11,1,0.0629,focus,indicator,A focus indicator is,"['<|endoftext|>', 'A', ' focus', ' indicator', ' is']",2,3,accessibility,pythia-1b
focus_indicator,11,2,0.0839,focus,indicator,A focus indicator is,"['<|endoftext|>', 'A', ' focus', ' indicator', ' is']",2,3,accessibility,pythia-1b
focus_indicator,11,3,0.0133,focus,indicator,A focus indicator is,"['<|endoftext|>', 'A', ' focus', ' indicator', ' is']",2,3,accessibility,pythia-1b
focus_indicator,11,4,0.0825,focus,indicator,A focus indicator is,"['<|endoftext|>', 'A', ' focus', ' indicator', ' is']",2,3,accessibility,pythia-1b
focus_indicator,11,5,0.0379,focus,indicator,A focus indicator is,"['<|endoftext|>', 'A', ' focus', ' indicator', ' is']",2,3,accessibility,pythia-1b
focus_indicator,11,6,0.0021,focus,indicator,A focus indicator is,"['<|endoftext|>', 'A', ' focus', ' indicator', ' is']",2,3,accessibility,pythia-1b
focus_indicator,11,7,0.0022,focus,indicator,A focus indicator is,"['<|endoftext|>', 'A', ' focus', ' indicator', ' is']",2,3,accessibility,pythia-1b
focus_indicator,12,0,0.0272,focus,indicator,A focus indicator is,"['<|endoftext|>', 'A', ' focus', ' indicator', ' is']",2,3,accessibility,pythia-1b
focus_indicator,12,1,0.0134,focus,indicator,A focus indicator is,"['<|endoftext|>', 'A', ' focus', ' indicator', ' is']",2,3,accessibility,pythia-1b
focus_indicator,12,2,0.0323,focus,indicator,A focus indicator is,"['<|endoftext|>', 'A', ' focus', ' indicator', ' is']",2,3,accessibility,pythia-1b
focus_indicator,12,3,0.0062,focus,indicator,A focus indicator is,"['<|endoftext|>', 'A', ' focus', ' indicator', ' is']",2,3,accessibility,pythia-1b
focus_indicator,12,4,0.0135,focus,indicator,A focus indicator is,"['<|endoftext|>', 'A', ' focus', ' indicator', ' is']",2,3,accessibility,pythia-1b
focus_indicator,12,5,0.0867,focus,indicator,A focus indicator is,"['<|endoftext|>', 'A', ' focus', ' indicator', ' is']",2,3,accessibility,pythia-1b
focus_indicator,12,6,0.0056,focus,indicator,A focus indicator is,"['<|endoftext|>', 'A', ' focus', ' indicator', ' is']",2,3,accessibility,pythia-1b
focus_indicator,12,7,0.0162,focus,indicator,A focus indicator is,"['<|endoftext|>', 'A', ' focus', ' indicator', ' is']",2,3,accessibility,pythia-1b
focus_indicator,13,0,0.0575,focus,indicator,A focus indicator is,"['<|endoftext|>', 'A', ' focus', ' indicator', ' is']",2,3,accessibility,pythia-1b
focus_indicator,13,1,0.0113,focus,indicator,A focus indicator is,"['<|endoftext|>', 'A', ' focus', ' indicator', ' is']",2,3,accessibility,pythia-1b
focus_indicator,13,2,0.0058,focus,indicator,A focus indicator is,"['<|endoftext|>', 'A', ' focus', ' indicator', ' is']",2,3,accessibility,pythia-1b
focus_indicator,13,3,0.0433,focus,indicator,A focus indicator is,"['<|endoftext|>', 'A', ' focus', ' indicator', ' is']",2,3,accessibility,pythia-1b
focus_indicator,13,4,0.0922,focus,indicator,A focus indicator is,"['<|endoftext|>', 'A', ' focus', ' indicator', ' is']",2,3,accessibility,pythia-1b
focus_indicator,13,5,0.1158,focus,indicator,A focus indicator is,"['<|endoftext|>', 'A', ' focus', ' indicator', ' is']",2,3,accessibility,pythia-1b
focus_indicator,13,6,0.0026,focus,indicator,A focus indicator is,"['<|endoftext|>', 'A', ' focus', ' indicator', ' is']",2,3,accessibility,pythia-1b
focus_indicator,13,7,0.0107,focus,indicator,A focus indicator is,"['<|endoftext|>', 'A', ' focus', ' indicator', ' is']",2,3,accessibility,pythia-1b
focus_indicator,14,0,0.0297,focus,indicator,A focus indicator is,"['<|endoftext|>', 'A', ' focus', ' indicator', ' is']",2,3,accessibility,pythia-1b
focus_indicator,14,1,0.0134,focus,indicator,A focus indicator is,"['<|endoftext|>', 'A', ' focus', ' indicator', ' is']",2,3,accessibility,pythia-1b
focus_indicator,14,2,0.0456,focus,indicator,A focus indicator is,"['<|endoftext|>', 'A', ' focus', ' indicator', ' is']",2,3,accessibility,pythia-1b
focus_indicator,14,3,0.05,focus,indicator,A focus indicator is,"['<|endoftext|>', 'A', ' focus', ' indicator', ' is']",2,3,accessibility,pythia-1b
focus_indicator,14,4,0.0152,focus,indicator,A focus indicator is,"['<|endoftext|>', 'A', ' focus', ' indicator', ' is']",2,3,accessibility,pythia-1b
focus_indicator,14,5,0.0072,focus,indicator,A focus indicator is,"['<|endoftext|>', 'A', ' focus', ' indicator', ' is']",2,3,accessibility,pythia-1b
focus_indicator,14,6,0.002,focus,indicator,A focus indicator is,"['<|endoftext|>', 'A', ' focus', ' indicator', ' is']",2,3,accessibility,pythia-1b
focus_indicator,14,7,0.0049,focus,indicator,A focus indicator is,"['<|endoftext|>', 'A', ' focus', ' indicator', ' is']",2,3,accessibility,pythia-1b
focus_indicator,15,0,0.0445,focus,indicator,A focus indicator is,"['<|endoftext|>', 'A', ' focus', ' indicator', ' is']",2,3,accessibility,pythia-1b
focus_indicator,15,1,0.0204,focus,indicator,A focus indicator is,"['<|endoftext|>', 'A', ' focus', ' indicator', ' is']",2,3,accessibility,pythia-1b
focus_indicator,15,2,0.0369,focus,indicator,A focus indicator is,"['<|endoftext|>', 'A', ' focus', ' indicator', ' is']",2,3,accessibility,pythia-1b
focus_indicator,15,3,0.0135,focus,indicator,A focus indicator is,"['<|endoftext|>', 'A', ' focus', ' indicator', ' is']",2,3,accessibility,pythia-1b
focus_indicator,15,4,0.0317,focus,indicator,A focus indicator is,"['<|endoftext|>', 'A', ' focus', ' indicator', ' is']",2,3,accessibility,pythia-1b
focus_indicator,15,5,0.0428,focus,indicator,A focus indicator is,"['<|endoftext|>', 'A', ' focus', ' indicator', ' is']",2,3,accessibility,pythia-1b
focus_indicator,15,6,0.0385,focus,indicator,A focus indicator is,"['<|endoftext|>', 'A', ' focus', ' indicator', ' is']",2,3,accessibility,pythia-1b
focus_indicator,15,7,0.0522,focus,indicator,A focus indicator is,"['<|endoftext|>', 'A', ' focus', ' indicator', ' is']",2,3,accessibility,pythia-1b
semantic_html,0,0,0.1701,semantic,HTML,Semantic HTML helps,"['<|endoftext|>', 'Sem', 'antic', ' HTML', ' helps']",2,3,accessibility,pythia-1b
semantic_html,0,1,0.4405,semantic,HTML,Semantic HTML helps,"['<|endoftext|>', 'Sem', 'antic', ' HTML', ' helps']",2,3,accessibility,pythia-1b
semantic_html,0,2,0.0,semantic,HTML,Semantic HTML helps,"['<|endoftext|>', 'Sem', 'antic', ' HTML', ' helps']",2,3,accessibility,pythia-1b
semantic_html,0,3,0.3008,semantic,HTML,Semantic HTML helps,"['<|endoftext|>', 'Sem', 'antic', ' HTML', ' helps']",2,3,accessibility,pythia-1b
semantic_html,0,4,0.0101,semantic,HTML,Semantic HTML helps,"['<|endoftext|>', 'Sem', 'antic', ' HTML', ' helps']",2,3,accessibility,pythia-1b
semantic_html,0,5,0.0447,semantic,HTML,Semantic HTML helps,"['<|endoftext|>', 'Sem', 'antic', ' HTML', ' helps']",2,3,accessibility,pythia-1b
semantic_html,0,6,0.0276,semantic,HTML,Semantic HTML helps,"['<|endoftext|>', 'Sem', 'antic', ' HTML', ' helps']",2,3,accessibility,pythia-1b
semantic_html,0,7,0.2431,semantic,HTML,Semantic HTML helps,"['<|endoftext|>', 'Sem', 'antic', ' HTML', ' helps']",2,3,accessibility,pythia-1b
semantic_html,1,0,0.1904,semantic,HTML,Semantic HTML helps,"['<|endoftext|>', 'Sem', 'antic', ' HTML', ' helps']",2,3,accessibility,pythia-1b
semantic_html,1,1,0.0704,semantic,HTML,Semantic HTML helps,"['<|endoftext|>', 'Sem', 'antic', ' HTML', ' helps']",2,3,accessibility,pythia-1b
semantic_html,1,2,0.0323,semantic,HTML,Semantic HTML helps,"['<|endoftext|>', 'Sem', 'antic', ' HTML', ' helps']",2,3,accessibility,pythia-1b
semantic_html,1,3,0.3763,semantic,HTML,Semantic HTML helps,"['<|endoftext|>', 'Sem', 'antic', ' HTML', ' helps']",2,3,accessibility,pythia-1b
semantic_html,1,4,0.4325,semantic,HTML,Semantic HTML helps,"['<|endoftext|>', 'Sem', 'antic', ' HTML', ' helps']",2,3,accessibility,pythia-1b
semantic_html,1,5,0.3145,semantic,HTML,Semantic HTML helps,"['<|endoftext|>', 'Sem', 'antic', ' HTML', ' helps']",2,3,accessibility,pythia-1b
semantic_html,1,6,0.1863,semantic,HTML,Semantic HTML helps,"['<|endoftext|>', 'Sem', 'antic', ' HTML', ' helps']",2,3,accessibility,pythia-1b
semantic_html,1,7,0.0099,semantic,HTML,Semantic HTML helps,"['<|endoftext|>', 'Sem', 'antic', ' HTML', ' helps']",2,3,accessibility,pythia-1b
semantic_html,2,0,0.1166,semantic,HTML,Semantic HTML helps,"['<|endoftext|>', 'Sem', 'antic', ' HTML', ' helps']",2,3,accessibility,pythia-1b
semantic_html,2,1,0.0637,semantic,HTML,Semantic HTML helps,"['<|endoftext|>', 'Sem', 'antic', ' HTML', ' helps']",2,3,accessibility,pythia-1b
semantic_html,2,2,0.1257,semantic,HTML,Semantic HTML helps,"['<|endoftext|>', 'Sem', 'antic', ' HTML', ' helps']",2,3,accessibility,pythia-1b
semantic_html,2,3,0.391,semantic,HTML,Semantic HTML helps,"['<|endoftext|>', 'Sem', 'antic', ' HTML', ' helps']",2,3,accessibility,pythia-1b
semantic_html,2,4,0.4456,semantic,HTML,Semantic HTML helps,"['<|endoftext|>', 'Sem', 'antic', ' HTML', ' helps']",2,3,accessibility,pythia-1b
semantic_html,2,5,0.0506,semantic,HTML,Semantic HTML helps,"['<|endoftext|>', 'Sem', 'antic', ' HTML', ' helps']",2,3,accessibility,pythia-1b
semantic_html,2,6,0.19,semantic,HTML,Semantic HTML helps,"['<|endoftext|>', 'Sem', 'antic', ' HTML', ' helps']",2,3,accessibility,pythia-1b
semantic_html,2,7,0.0288,semantic,HTML,Semantic HTML helps,"['<|endoftext|>', 'Sem', 'antic', ' HTML', ' helps']",2,3,accessibility,pythia-1b
semantic_html,3,0,0.1567,semantic,HTML,Semantic HTML helps,"['<|endoftext|>', 'Sem', 'antic', ' HTML', ' helps']",2,3,accessibility,pythia-1b
semantic_html,3,1,0.0908,semantic,HTML,Semantic HTML helps,"['<|endoftext|>', 'Sem', 'antic', ' HTML', ' helps']",2,3,accessibility,pythia-1b
semantic_html,3,2,0.1218,semantic,HTML,Semantic HTML helps,"['<|endoftext|>', 'Sem', 'antic', ' HTML', ' helps']",2,3,accessibility,pythia-1b
semantic_html,3,3,0.2652,semantic,HTML,Semantic HTML helps,"['<|endoftext|>', 'Sem', 'antic', ' HTML', ' helps']",2,3,accessibility,pythia-1b
semantic_html,3,4,0.0308,semantic,HTML,Semantic HTML helps,"['<|endoftext|>', 'Sem', 'antic', ' HTML', ' helps']",2,3,accessibility,pythia-1b
semantic_html,3,5,0.9984,semantic,HTML,Semantic HTML helps,"['<|endoftext|>', 'Sem', 'antic', ' HTML', ' helps']",2,3,accessibility,pythia-1b
semantic_html,3,6,0.077,semantic,HTML,Semantic HTML helps,"['<|endoftext|>', 'Sem', 'antic', ' HTML', ' helps']",2,3,accessibility,pythia-1b
semantic_html,3,7,0.1433,semantic,HTML,Semantic HTML helps,"['<|endoftext|>', 'Sem', 'antic', ' HTML', ' helps']",2,3,accessibility,pythia-1b
semantic_html,4,0,0.0394,semantic,HTML,Semantic HTML helps,"['<|endoftext|>', 'Sem', 'antic', ' HTML', ' helps']",2,3,accessibility,pythia-1b
semantic_html,4,1,0.0152,semantic,HTML,Semantic HTML helps,"['<|endoftext|>', 'Sem', 'antic', ' HTML', ' helps']",2,3,accessibility,pythia-1b
semantic_html,4,2,0.0127,semantic,HTML,Semantic HTML helps,"['<|endoftext|>', 'Sem', 'antic', ' HTML', ' helps']",2,3,accessibility,pythia-1b
semantic_html,4,3,0.1923,semantic,HTML,Semantic HTML helps,"['<|endoftext|>', 'Sem', 'antic', ' HTML', ' helps']",2,3,accessibility,pythia-1b
semantic_html,4,4,0.0,semantic,HTML,Semantic HTML helps,"['<|endoftext|>', 'Sem', 'antic', ' HTML', ' helps']",2,3,accessibility,pythia-1b
semantic_html,4,5,0.0016,semantic,HTML,Semantic HTML helps,"['<|endoftext|>', 'Sem', 'antic', ' HTML', ' helps']",2,3,accessibility,pythia-1b
semantic_html,4,6,0.0525,semantic,HTML,Semantic HTML helps,"['<|endoftext|>', 'Sem', 'antic', ' HTML', ' helps']",2,3,accessibility,pythia-1b
semantic_html,4,7,0.031,semantic,HTML,Semantic HTML helps,"['<|endoftext|>', 'Sem', 'antic', ' HTML', ' helps']",2,3,accessibility,pythia-1b
semantic_html,5,0,0.1423,semantic,HTML,Semantic HTML helps,"['<|endoftext|>', 'Sem', 'antic', ' HTML', ' helps']",2,3,accessibility,pythia-1b
semantic_html,5,1,0.0,semantic,HTML,Semantic HTML helps,"['<|endoftext|>', 'Sem', 'antic', ' HTML', ' helps']",2,3,accessibility,pythia-1b
semantic_html,5,2,0.3808,semantic,HTML,Semantic HTML helps,"['<|endoftext|>', 'Sem', 'antic', ' HTML', ' helps']",2,3,accessibility,pythia-1b
semantic_html,5,3,0.0174,semantic,HTML,Semantic HTML helps,"['<|endoftext|>', 'Sem', 'antic', ' HTML', ' helps']",2,3,accessibility,pythia-1b
semantic_html,5,4,0.0192,semantic,HTML,Semantic HTML helps,"['<|endoftext|>', 'Sem', 'antic', ' HTML', ' helps']",2,3,accessibility,pythia-1b
semantic_html,5,5,0.3244,semantic,HTML,Semantic HTML helps,"['<|endoftext|>', 'Sem', 'antic', ' HTML', ' helps']",2,3,accessibility,pythia-1b
semantic_html,5,6,0.0003,semantic,HTML,Semantic HTML helps,"['<|endoftext|>', 'Sem', 'antic', ' HTML', ' helps']",2,3,accessibility,pythia-1b
semantic_html,5,7,0.0005,semantic,HTML,Semantic HTML helps,"['<|endoftext|>', 'Sem', 'antic', ' HTML', ' helps']",2,3,accessibility,pythia-1b
semantic_html,6,0,0.4031,semantic,HTML,Semantic HTML helps,"['<|endoftext|>', 'Sem', 'antic', ' HTML', ' helps']",2,3,accessibility,pythia-1b
semantic_html,6,1,0.0094,semantic,HTML,Semantic HTML helps,"['<|endoftext|>', 'Sem', 'antic', ' HTML', ' helps']",2,3,accessibility,pythia-1b
semantic_html,6,2,0.039,semantic,HTML,Semantic HTML helps,"['<|endoftext|>', 'Sem', 'antic', ' HTML', ' helps']",2,3,accessibility,pythia-1b
semantic_html,6,3,0.975,semantic,HTML,Semantic HTML helps,"['<|endoftext|>', 'Sem', 'antic', ' HTML', ' helps']",2,3,accessibility,pythia-1b
semantic_html,6,4,0.115,semantic,HTML,Semantic HTML helps,"['<|endoftext|>', 'Sem', 'antic', ' HTML', ' helps']",2,3,accessibility,pythia-1b
semantic_html,6,5,0.3234,semantic,HTML,Semantic HTML helps,"['<|endoftext|>', 'Sem', 'antic', ' HTML', ' helps']",2,3,accessibility,pythia-1b
semantic_html,6,6,0.0845,semantic,HTML,Semantic HTML helps,"['<|endoftext|>', 'Sem', 'antic', ' HTML', ' helps']",2,3,accessibility,pythia-1b
semantic_html,6,7,0.0019,semantic,HTML,Semantic HTML helps,"['<|endoftext|>', 'Sem', 'antic', ' HTML', ' helps']",2,3,accessibility,pythia-1b
semantic_html,7,0,0.0014,semantic,HTML,Semantic HTML helps,"['<|endoftext|>', 'Sem', 'antic', ' HTML', ' helps']",2,3,accessibility,pythia-1b
semantic_html,7,1,0.0,semantic,HTML,Semantic HTML helps,"['<|endoftext|>', 'Sem', 'antic', ' HTML', ' helps']",2,3,accessibility,pythia-1b
semantic_html,7,2,0.0011,semantic,HTML,Semantic HTML helps,"['<|endoftext|>', 'Sem', 'antic', ' HTML', ' helps']",2,3,accessibility,pythia-1b
semantic_html,7,3,0.1433,semantic,HTML,Semantic HTML helps,"['<|endoftext|>', 'Sem', 'antic', ' HTML', ' helps']",2,3,accessibility,pythia-1b
semantic_html,7,4,0.0353,semantic,HTML,Semantic HTML helps,"['<|endoftext|>', 'Sem', 'antic', ' HTML', ' helps']",2,3,accessibility,pythia-1b
semantic_html,7,5,0.0702,semantic,HTML,Semantic HTML helps,"['<|endoftext|>', 'Sem', 'antic', ' HTML', ' helps']",2,3,accessibility,pythia-1b
semantic_html,7,6,0.1405,semantic,HTML,Semantic HTML helps,"['<|endoftext|>', 'Sem', 'antic', ' HTML', ' helps']",2,3,accessibility,pythia-1b
semantic_html,7,7,0.0376,semantic,HTML,Semantic HTML helps,"['<|endoftext|>', 'Sem', 'antic', ' HTML', ' helps']",2,3,accessibility,pythia-1b
semantic_html,8,0,0.0016,semantic,HTML,Semantic HTML helps,"['<|endoftext|>', 'Sem', 'antic', ' HTML', ' helps']",2,3,accessibility,pythia-1b
semantic_html,8,1,0.0259,semantic,HTML,Semantic HTML helps,"['<|endoftext|>', 'Sem', 'antic', ' HTML', ' helps']",2,3,accessibility,pythia-1b
semantic_html,8,2,0.0456,semantic,HTML,Semantic HTML helps,"['<|endoftext|>', 'Sem', 'antic', ' HTML', ' helps']",2,3,accessibility,pythia-1b
semantic_html,8,3,0.1607,semantic,HTML,Semantic HTML helps,"['<|endoftext|>', 'Sem', 'antic', ' HTML', ' helps']",2,3,accessibility,pythia-1b
semantic_html,8,4,0.0081,semantic,HTML,Semantic HTML helps,"['<|endoftext|>', 'Sem', 'antic', ' HTML', ' helps']",2,3,accessibility,pythia-1b
semantic_html,8,5,0.004,semantic,HTML,Semantic HTML helps,"['<|endoftext|>', 'Sem', 'antic', ' HTML', ' helps']",2,3,accessibility,pythia-1b
semantic_html,8,6,0.014,semantic,HTML,Semantic HTML helps,"['<|endoftext|>', 'Sem', 'antic', ' HTML', ' helps']",2,3,accessibility,pythia-1b
semantic_html,8,7,0.1149,semantic,HTML,Semantic HTML helps,"['<|endoftext|>', 'Sem', 'antic', ' HTML', ' helps']",2,3,accessibility,pythia-1b
semantic_html,9,0,0.0455,semantic,HTML,Semantic HTML helps,"['<|endoftext|>', 'Sem', 'antic', ' HTML', ' helps']",2,3,accessibility,pythia-1b
semantic_html,9,1,0.0096,semantic,HTML,Semantic HTML helps,"['<|endoftext|>', 'Sem', 'antic', ' HTML', ' helps']",2,3,accessibility,pythia-1b
semantic_html,9,2,0.2874,semantic,HTML,Semantic HTML helps,"['<|endoftext|>', 'Sem', 'antic', ' HTML', ' helps']",2,3,accessibility,pythia-1b
semantic_html,9,3,0.0415,semantic,HTML,Semantic HTML helps,"['<|endoftext|>', 'Sem', 'antic', ' HTML', ' helps']",2,3,accessibility,pythia-1b
semantic_html,9,4,0.0131,semantic,HTML,Semantic HTML helps,"['<|endoftext|>', 'Sem', 'antic', ' HTML', ' helps']",2,3,accessibility,pythia-1b
semantic_html,9,5,0.0174,semantic,HTML,Semantic HTML helps,"['<|endoftext|>', 'Sem', 'antic', ' HTML', ' helps']",2,3,accessibility,pythia-1b
semantic_html,9,6,0.0846,semantic,HTML,Semantic HTML helps,"['<|endoftext|>', 'Sem', 'antic', ' HTML', ' helps']",2,3,accessibility,pythia-1b
semantic_html,9,7,0.0713,semantic,HTML,Semantic HTML helps,"['<|endoftext|>', 'Sem', 'antic', ' HTML', ' helps']",2,3,accessibility,pythia-1b
semantic_html,10,0,0.0094,semantic,HTML,Semantic HTML helps,"['<|endoftext|>', 'Sem', 'antic', ' HTML', ' helps']",2,3,accessibility,pythia-1b
semantic_html,10,1,0.1895,semantic,HTML,Semantic HTML helps,"['<|endoftext|>', 'Sem', 'antic', ' HTML', ' helps']",2,3,accessibility,pythia-1b
semantic_html,10,2,0.0145,semantic,HTML,Semantic HTML helps,"['<|endoftext|>', 'Sem', 'antic', ' HTML', ' helps']",2,3,accessibility,pythia-1b
semantic_html,10,3,0.1437,semantic,HTML,Semantic HTML helps,"['<|endoftext|>', 'Sem', 'antic', ' HTML', ' helps']",2,3,accessibility,pythia-1b
semantic_html,10,4,0.0134,semantic,HTML,Semantic HTML helps,"['<|endoftext|>', 'Sem', 'antic', ' HTML', ' helps']",2,3,accessibility,pythia-1b
semantic_html,10,5,0.0061,semantic,HTML,Semantic HTML helps,"['<|endoftext|>', 'Sem', 'antic', ' HTML', ' helps']",2,3,accessibility,pythia-1b
semantic_html,10,6,0.0007,semantic,HTML,Semantic HTML helps,"['<|endoftext|>', 'Sem', 'antic', ' HTML', ' helps']",2,3,accessibility,pythia-1b
semantic_html,10,7,0.0529,semantic,HTML,Semantic HTML helps,"['<|endoftext|>', 'Sem', 'antic', ' HTML', ' helps']",2,3,accessibility,pythia-1b
semantic_html,11,0,0.0654,semantic,HTML,Semantic HTML helps,"['<|endoftext|>', 'Sem', 'antic', ' HTML', ' helps']",2,3,accessibility,pythia-1b
semantic_html,11,1,0.0311,semantic,HTML,Semantic HTML helps,"['<|endoftext|>', 'Sem', 'antic', ' HTML', ' helps']",2,3,accessibility,pythia-1b
semantic_html,11,2,0.0485,semantic,HTML,Semantic HTML helps,"['<|endoftext|>', 'Sem', 'antic', ' HTML', ' helps']",2,3,accessibility,pythia-1b
semantic_html,11,3,0.0048,semantic,HTML,Semantic HTML helps,"['<|endoftext|>', 'Sem', 'antic', ' HTML', ' helps']",2,3,accessibility,pythia-1b
semantic_html,11,4,0.1233,semantic,HTML,Semantic HTML helps,"['<|endoftext|>', 'Sem', 'antic', ' HTML', ' helps']",2,3,accessibility,pythia-1b
semantic_html,11,5,0.0083,semantic,HTML,Semantic HTML helps,"['<|endoftext|>', 'Sem', 'antic', ' HTML', ' helps']",2,3,accessibility,pythia-1b
semantic_html,11,6,0.0045,semantic,HTML,Semantic HTML helps,"['<|endoftext|>', 'Sem', 'antic', ' HTML', ' helps']",2,3,accessibility,pythia-1b
semantic_html,11,7,0.0012,semantic,HTML,Semantic HTML helps,"['<|endoftext|>', 'Sem', 'antic', ' HTML', ' helps']",2,3,accessibility,pythia-1b
semantic_html,12,0,0.0021,semantic,HTML,Semantic HTML helps,"['<|endoftext|>', 'Sem', 'antic', ' HTML', ' helps']",2,3,accessibility,pythia-1b
semantic_html,12,1,0.0483,semantic,HTML,Semantic HTML helps,"['<|endoftext|>', 'Sem', 'antic', ' HTML', ' helps']",2,3,accessibility,pythia-1b
semantic_html,12,2,0.0431,semantic,HTML,Semantic HTML helps,"['<|endoftext|>', 'Sem', 'antic', ' HTML', ' helps']",2,3,accessibility,pythia-1b
semantic_html,12,3,0.0024,semantic,HTML,Semantic HTML helps,"['<|endoftext|>', 'Sem', 'antic', ' HTML', ' helps']",2,3,accessibility,pythia-1b
semantic_html,12,4,0.0213,semantic,HTML,Semantic HTML helps,"['<|endoftext|>', 'Sem', 'antic', ' HTML', ' helps']",2,3,accessibility,pythia-1b
semantic_html,12,5,0.0052,semantic,HTML,Semantic HTML helps,"['<|endoftext|>', 'Sem', 'antic', ' HTML', ' helps']",2,3,accessibility,pythia-1b
semantic_html,12,6,0.0009,semantic,HTML,Semantic HTML helps,"['<|endoftext|>', 'Sem', 'antic', ' HTML', ' helps']",2,3,accessibility,pythia-1b
semantic_html,12,7,0.0126,semantic,HTML,Semantic HTML helps,"['<|endoftext|>', 'Sem', 'antic', ' HTML', ' helps']",2,3,accessibility,pythia-1b
semantic_html,13,0,0.3861,semantic,HTML,Semantic HTML helps,"['<|endoftext|>', 'Sem', 'antic', ' HTML', ' helps']",2,3,accessibility,pythia-1b
semantic_html,13,1,0.0345,semantic,HTML,Semantic HTML helps,"['<|endoftext|>', 'Sem', 'antic', ' HTML', ' helps']",2,3,accessibility,pythia-1b
semantic_html,13,2,0.02,semantic,HTML,Semantic HTML helps,"['<|endoftext|>', 'Sem', 'antic', ' HTML', ' helps']",2,3,accessibility,pythia-1b
semantic_html,13,3,0.0601,semantic,HTML,Semantic HTML helps,"['<|endoftext|>', 'Sem', 'antic', ' HTML', ' helps']",2,3,accessibility,pythia-1b
semantic_html,13,4,0.4918,semantic,HTML,Semantic HTML helps,"['<|endoftext|>', 'Sem', 'antic', ' HTML', ' helps']",2,3,accessibility,pythia-1b
semantic_html,13,5,0.0162,semantic,HTML,Semantic HTML helps,"['<|endoftext|>', 'Sem', 'antic', ' HTML', ' helps']",2,3,accessibility,pythia-1b
semantic_html,13,6,0.0046,semantic,HTML,Semantic HTML helps,"['<|endoftext|>', 'Sem', 'antic', ' HTML', ' helps']",2,3,accessibility,pythia-1b
semantic_html,13,7,0.0768,semantic,HTML,Semantic HTML helps,"['<|endoftext|>', 'Sem', 'antic', ' HTML', ' helps']",2,3,accessibility,pythia-1b
semantic_html,14,0,0.3137,semantic,HTML,Semantic HTML helps,"['<|endoftext|>', 'Sem', 'antic', ' HTML', ' helps']",2,3,accessibility,pythia-1b
semantic_html,14,1,0.3142,semantic,HTML,Semantic HTML helps,"['<|endoftext|>', 'Sem', 'antic', ' HTML', ' helps']",2,3,accessibility,pythia-1b
semantic_html,14,2,0.3024,semantic,HTML,Semantic HTML helps,"['<|endoftext|>', 'Sem', 'antic', ' HTML', ' helps']",2,3,accessibility,pythia-1b
semantic_html,14,3,0.1693,semantic,HTML,Semantic HTML helps,"['<|endoftext|>', 'Sem', 'antic', ' HTML', ' helps']",2,3,accessibility,pythia-1b
semantic_html,14,4,0.0883,semantic,HTML,Semantic HTML helps,"['<|endoftext|>', 'Sem', 'antic', ' HTML', ' helps']",2,3,accessibility,pythia-1b
semantic_html,14,5,0.3304,semantic,HTML,Semantic HTML helps,"['<|endoftext|>', 'Sem', 'antic', ' HTML', ' helps']",2,3,accessibility,pythia-1b
semantic_html,14,6,0.0079,semantic,HTML,Semantic HTML helps,"['<|endoftext|>', 'Sem', 'antic', ' HTML', ' helps']",2,3,accessibility,pythia-1b
semantic_html,14,7,0.0581,semantic,HTML,Semantic HTML helps,"['<|endoftext|>', 'Sem', 'antic', ' HTML', ' helps']",2,3,accessibility,pythia-1b
semantic_html,15,0,0.1063,semantic,HTML,Semantic HTML helps,"['<|endoftext|>', 'Sem', 'antic', ' HTML', ' helps']",2,3,accessibility,pythia-1b
semantic_html,15,1,0.0026,semantic,HTML,Semantic HTML helps,"['<|endoftext|>', 'Sem', 'antic', ' HTML', ' helps']",2,3,accessibility,pythia-1b
semantic_html,15,2,0.061,semantic,HTML,Semantic HTML helps,"['<|endoftext|>', 'Sem', 'antic', ' HTML', ' helps']",2,3,accessibility,pythia-1b
semantic_html,15,3,0.034,semantic,HTML,Semantic HTML helps,"['<|endoftext|>', 'Sem', 'antic', ' HTML', ' helps']",2,3,accessibility,pythia-1b
semantic_html,15,4,0.0364,semantic,HTML,Semantic HTML helps,"['<|endoftext|>', 'Sem', 'antic', ' HTML', ' helps']",2,3,accessibility,pythia-1b
semantic_html,15,5,0.2159,semantic,HTML,Semantic HTML helps,"['<|endoftext|>', 'Sem', 'antic', ' HTML', ' helps']",2,3,accessibility,pythia-1b
semantic_html,15,6,0.0349,semantic,HTML,Semantic HTML helps,"['<|endoftext|>', 'Sem', 'antic', ' HTML', ' helps']",2,3,accessibility,pythia-1b
semantic_html,15,7,0.3961,semantic,HTML,Semantic HTML helps,"['<|endoftext|>', 'Sem', 'antic', ' HTML', ' helps']",2,3,accessibility,pythia-1b
form_label,0,0,0.2495,form,label,A form label is,"['<|endoftext|>', 'A', ' form', ' label', ' is']",2,3,accessibility,pythia-1b
form_label,0,1,0.5451,form,label,A form label is,"['<|endoftext|>', 'A', ' form', ' label', ' is']",2,3,accessibility,pythia-1b
form_label,0,2,0.0,form,label,A form label is,"['<|endoftext|>', 'A', ' form', ' label', ' is']",2,3,accessibility,pythia-1b
form_label,0,3,0.7101,form,label,A form label is,"['<|endoftext|>', 'A', ' form', ' label', ' is']",2,3,accessibility,pythia-1b
form_label,0,4,0.0099,form,label,A form label is,"['<|endoftext|>', 'A', ' form', ' label', ' is']",2,3,accessibility,pythia-1b
form_label,0,5,0.2741,form,label,A form label is,"['<|endoftext|>', 'A', ' form', ' label', ' is']",2,3,accessibility,pythia-1b
form_label,0,6,0.0249,form,label,A form label is,"['<|endoftext|>', 'A', ' form', ' label', ' is']",2,3,accessibility,pythia-1b
form_label,0,7,0.0066,form,label,A form label is,"['<|endoftext|>', 'A', ' form', ' label', ' is']",2,3,accessibility,pythia-1b
form_label,1,0,0.5731,form,label,A form label is,"['<|endoftext|>', 'A', ' form', ' label', ' is']",2,3,accessibility,pythia-1b
form_label,1,1,0.051,form,label,A form label is,"['<|endoftext|>', 'A', ' form', ' label', ' is']",2,3,accessibility,pythia-1b
form_label,1,2,0.9273,form,label,A form label is,"['<|endoftext|>', 'A', ' form', ' label', ' is']",2,3,accessibility,pythia-1b
form_label,1,3,0.5615,form,label,A form label is,"['<|endoftext|>', 'A', ' form', ' label', ' is']",2,3,accessibility,pythia-1b
form_label,1,4,0.2749,form,label,A form label is,"['<|endoftext|>', 'A', ' form', ' label', ' is']",2,3,accessibility,pythia-1b
form_label,1,5,0.336,form,label,A form label is,"['<|endoftext|>', 'A', ' form', ' label', ' is']",2,3,accessibility,pythia-1b
form_label,1,6,0.2499,form,label,A form label is,"['<|endoftext|>', 'A', ' form', ' label', ' is']",2,3,accessibility,pythia-1b
form_label,1,7,0.0028,form,label,A form label is,"['<|endoftext|>', 'A', ' form', ' label', ' is']",2,3,accessibility,pythia-1b
form_label,2,0,0.4366,form,label,A form label is,"['<|endoftext|>', 'A', ' form', ' label', ' is']",2,3,accessibility,pythia-1b
form_label,2,1,0.244,form,label,A form label is,"['<|endoftext|>', 'A', ' form', ' label', ' is']",2,3,accessibility,pythia-1b
form_label,2,2,0.293,form,label,A form label is,"['<|endoftext|>', 'A', ' form', ' label', ' is']",2,3,accessibility,pythia-1b
form_label,2,3,0.1443,form,label,A form label is,"['<|endoftext|>', 'A', ' form', ' label', ' is']",2,3,accessibility,pythia-1b
form_label,2,4,0.137,form,label,A form label is,"['<|endoftext|>', 'A', ' form', ' label', ' is']",2,3,accessibility,pythia-1b
form_label,2,5,0.1564,form,label,A form label is,"['<|endoftext|>', 'A', ' form', ' label', ' is']",2,3,accessibility,pythia-1b
form_label,2,6,0.3836,form,label,A form label is,"['<|endoftext|>', 'A', ' form', ' label', ' is']",2,3,accessibility,pythia-1b
form_label,2,7,0.1964,form,label,A form label is,"['<|endoftext|>', 'A', ' form', ' label', ' is']",2,3,accessibility,pythia-1b
form_label,3,0,0.0314,form,label,A form label is,"['<|endoftext|>', 'A', ' form', ' label', ' is']",2,3,accessibility,pythia-1b
form_label,3,1,0.0555,form,label,A form label is,"['<|endoftext|>', 'A', ' form', ' label', ' is']",2,3,accessibility,pythia-1b
form_label,3,2,0.0888,form,label,A form label is,"['<|endoftext|>', 'A', ' form', ' label', ' is']",2,3,accessibility,pythia-1b
form_label,3,3,0.0144,form,label,A form label is,"['<|endoftext|>', 'A', ' form', ' label', ' is']",2,3,accessibility,pythia-1b
form_label,3,4,0.0388,form,label,A form label is,"['<|endoftext|>', 'A', ' form', ' label', ' is']",2,3,accessibility,pythia-1b
form_label,3,5,0.9764,form,label,A form label is,"['<|endoftext|>', 'A', ' form', ' label', ' is']",2,3,accessibility,pythia-1b
form_label,3,6,0.4893,form,label,A form label is,"['<|endoftext|>', 'A', ' form', ' label', ' is']",2,3,accessibility,pythia-1b
form_label,3,7,0.1619,form,label,A form label is,"['<|endoftext|>', 'A', ' form', ' label', ' is']",2,3,accessibility,pythia-1b
form_label,4,0,0.0222,form,label,A form label is,"['<|endoftext|>', 'A', ' form', ' label', ' is']",2,3,accessibility,pythia-1b
form_label,4,1,0.0407,form,label,A form label is,"['<|endoftext|>', 'A', ' form', ' label', ' is']",2,3,accessibility,pythia-1b
form_label,4,2,0.0311,form,label,A form label is,"['<|endoftext|>', 'A', ' form', ' label', ' is']",2,3,accessibility,pythia-1b
form_label,4,3,0.0025,form,label,A form label is,"['<|endoftext|>', 'A', ' form', ' label', ' is']",2,3,accessibility,pythia-1b
form_label,4,4,0.0002,form,label,A form label is,"['<|endoftext|>', 'A', ' form', ' label', ' is']",2,3,accessibility,pythia-1b
form_label,4,5,0.0014,form,label,A form label is,"['<|endoftext|>', 'A', ' form', ' label', ' is']",2,3,accessibility,pythia-1b
form_label,4,6,0.0324,form,label,A form label is,"['<|endoftext|>', 'A', ' form', ' label', ' is']",2,3,accessibility,pythia-1b
form_label,4,7,0.0319,form,label,A form label is,"['<|endoftext|>', 'A', ' form', ' label', ' is']",2,3,accessibility,pythia-1b
form_label,5,0,0.0206,form,label,A form label is,"['<|endoftext|>', 'A', ' form', ' label', ' is']",2,3,accessibility,pythia-1b
form_label,5,1,0.0,form,label,A form label is,"['<|endoftext|>', 'A', ' form', ' label', ' is']",2,3,accessibility,pythia-1b
form_label,5,2,0.0199,form,label,A form label is,"['<|endoftext|>', 'A', ' form', ' label', ' is']",2,3,accessibility,pythia-1b
form_label,5,3,0.0528,form,label,A form label is,"['<|endoftext|>', 'A', ' form', ' label', ' is']",2,3,accessibility,pythia-1b
form_label,5,4,0.0258,form,label,A form label is,"['<|endoftext|>', 'A', ' form', ' label', ' is']",2,3,accessibility,pythia-1b
form_label,5,5,0.1703,form,label,A form label is,"['<|endoftext|>', 'A', ' form', ' label', ' is']",2,3,accessibility,pythia-1b
form_label,5,6,0.0009,form,label,A form label is,"['<|endoftext|>', 'A', ' form', ' label', ' is']",2,3,accessibility,pythia-1b
form_label,5,7,0.0007,form,label,A form label is,"['<|endoftext|>', 'A', ' form', ' label', ' is']",2,3,accessibility,pythia-1b
form_label,6,0,0.0236,form,label,A form label is,"['<|endoftext|>', 'A', ' form', ' label', ' is']",2,3,accessibility,pythia-1b
form_label,6,1,0.0162,form,label,A form label is,"['<|endoftext|>', 'A', ' form', ' label', ' is']",2,3,accessibility,pythia-1b
form_label,6,2,0.0128,form,label,A form label is,"['<|endoftext|>', 'A', ' form', ' label', ' is']",2,3,accessibility,pythia-1b
form_label,6,3,0.6279,form,label,A form label is,"['<|endoftext|>', 'A', ' form', ' label', ' is']",2,3,accessibility,pythia-1b
form_label,6,4,0.0611,form,label,A form label is,"['<|endoftext|>', 'A', ' form', ' label', ' is']",2,3,accessibility,pythia-1b
form_label,6,5,0.0399,form,label,A form label is,"['<|endoftext|>', 'A', ' form', ' label', ' is']",2,3,accessibility,pythia-1b
form_label,6,6,0.0087,form,label,A form label is,"['<|endoftext|>', 'A', ' form', ' label', ' is']",2,3,accessibility,pythia-1b
form_label,6,7,0.0007,form,label,A form label is,"['<|endoftext|>', 'A', ' form', ' label', ' is']",2,3,accessibility,pythia-1b
form_label,7,0,0.0013,form,label,A form label is,"['<|endoftext|>', 'A', ' form', ' label', ' is']",2,3,accessibility,pythia-1b
form_label,7,1,0.0001,form,label,A form label is,"['<|endoftext|>', 'A', ' form', ' label', ' is']",2,3,accessibility,pythia-1b
form_label,7,2,0.0037,form,label,A form label is,"['<|endoftext|>', 'A', ' form', ' label', ' is']",2,3,accessibility,pythia-1b
form_label,7,3,0.0253,form,label,A form label is,"['<|endoftext|>', 'A', ' form', ' label', ' is']",2,3,accessibility,pythia-1b
form_label,7,4,0.0344,form,label,A form label is,"['<|endoftext|>', 'A', ' form', ' label', ' is']",2,3,accessibility,pythia-1b
form_label,7,5,0.0325,form,label,A form label is,"['<|endoftext|>', 'A', ' form', ' label', ' is']",2,3,accessibility,pythia-1b
form_label,7,6,0.2458,form,label,A form label is,"['<|endoftext|>', 'A', ' form', ' label', ' is']",2,3,accessibility,pythia-1b
form_label,7,7,0.0956,form,label,A form label is,"['<|endoftext|>', 'A', ' form', ' label', ' is']",2,3,accessibility,pythia-1b
form_label,8,0,0.0021,form,label,A form label is,"['<|endoftext|>', 'A', ' form', ' label', ' is']",2,3,accessibility,pythia-1b
form_label,8,1,0.0731,form,label,A form label is,"['<|endoftext|>', 'A', ' form', ' label', ' is']",2,3,accessibility,pythia-1b
form_label,8,2,0.0056,form,label,A form label is,"['<|endoftext|>', 'A', ' form', ' label', ' is']",2,3,accessibility,pythia-1b
form_label,8,3,0.0693,form,label,A form label is,"['<|endoftext|>', 'A', ' form', ' label', ' is']",2,3,accessibility,pythia-1b
form_label,8,4,0.0041,form,label,A form label is,"['<|endoftext|>', 'A', ' form', ' label', ' is']",2,3,accessibility,pythia-1b
form_label,8,5,0.0037,form,label,A form label is,"['<|endoftext|>', 'A', ' form', ' label', ' is']",2,3,accessibility,pythia-1b
form_label,8,6,0.0013,form,label,A form label is,"['<|endoftext|>', 'A', ' form', ' label', ' is']",2,3,accessibility,pythia-1b
form_label,8,7,0.0839,form,label,A form label is,"['<|endoftext|>', 'A', ' form', ' label', ' is']",2,3,accessibility,pythia-1b
form_label,9,0,0.0281,form,label,A form label is,"['<|endoftext|>', 'A', ' form', ' label', ' is']",2,3,accessibility,pythia-1b
form_label,9,1,0.008,form,label,A form label is,"['<|endoftext|>', 'A', ' form', ' label', ' is']",2,3,accessibility,pythia-1b
form_label,9,2,0.0716,form,label,A form label is,"['<|endoftext|>', 'A', ' form', ' label', ' is']",2,3,accessibility,pythia-1b
form_label,9,3,0.0316,form,label,A form label is,"['<|endoftext|>', 'A', ' form', ' label', ' is']",2,3,accessibility,pythia-1b
form_label,9,4,0.0061,form,label,A form label is,"['<|endoftext|>', 'A', ' form', ' label', ' is']",2,3,accessibility,pythia-1b
form_label,9,5,0.008,form,label,A form label is,"['<|endoftext|>', 'A', ' form', ' label', ' is']",2,3,accessibility,pythia-1b
form_label,9,6,0.1077,form,label,A form label is,"['<|endoftext|>', 'A', ' form', ' label', ' is']",2,3,accessibility,pythia-1b
form_label,9,7,0.1676,form,label,A form label is,"['<|endoftext|>', 'A', ' form', ' label', ' is']",2,3,accessibility,pythia-1b
form_label,10,0,0.0044,form,label,A form label is,"['<|endoftext|>', 'A', ' form', ' label', ' is']",2,3,accessibility,pythia-1b
form_label,10,1,0.0998,form,label,A form label is,"['<|endoftext|>', 'A', ' form', ' label', ' is']",2,3,accessibility,pythia-1b
form_label,10,2,0.0236,form,label,A form label is,"['<|endoftext|>', 'A', ' form', ' label', ' is']",2,3,accessibility,pythia-1b
form_label,10,3,0.108,form,label,A form label is,"['<|endoftext|>', 'A', ' form', ' label', ' is']",2,3,accessibility,pythia-1b
form_label,10,4,0.0323,form,label,A form label is,"['<|endoftext|>', 'A', ' form', ' label', ' is']",2,3,accessibility,pythia-1b
form_label,10,5,0.0011,form,label,A form label is,"['<|endoftext|>', 'A', ' form', ' label', ' is']",2,3,accessibility,pythia-1b
form_label,10,6,0.0002,form,label,A form label is,"['<|endoftext|>', 'A', ' form', ' label', ' is']",2,3,accessibility,pythia-1b
form_label,10,7,0.0147,form,label,A form label is,"['<|endoftext|>', 'A', ' form', ' label', ' is']",2,3,accessibility,pythia-1b
form_label,11,0,0.0317,form,label,A form label is,"['<|endoftext|>', 'A', ' form', ' label', ' is']",2,3,accessibility,pythia-1b
form_label,11,1,0.0159,form,label,A form label is,"['<|endoftext|>', 'A', ' form', ' label', ' is']",2,3,accessibility,pythia-1b
form_label,11,2,0.0281,form,label,A form label is,"['<|endoftext|>', 'A', ' form', ' label', ' is']",2,3,accessibility,pythia-1b
form_label,11,3,0.0062,form,label,A form label is,"['<|endoftext|>', 'A', ' form', ' label', ' is']",2,3,accessibility,pythia-1b
form_label,11,4,0.0833,form,label,A form label is,"['<|endoftext|>', 'A', ' form', ' label', ' is']",2,3,accessibility,pythia-1b
form_label,11,5,0.0228,form,label,A form label is,"['<|endoftext|>', 'A', ' form', ' label', ' is']",2,3,accessibility,pythia-1b
form_label,11,6,0.0022,form,label,A form label is,"['<|endoftext|>', 'A', ' form', ' label', ' is']",2,3,accessibility,pythia-1b
form_label,11,7,0.0027,form,label,A form label is,"['<|endoftext|>', 'A', ' form', ' label', ' is']",2,3,accessibility,pythia-1b
form_label,12,0,0.0101,form,label,A form label is,"['<|endoftext|>', 'A', ' form', ' label', ' is']",2,3,accessibility,pythia-1b
form_label,12,1,0.0312,form,label,A form label is,"['<|endoftext|>', 'A', ' form', ' label', ' is']",2,3,accessibility,pythia-1b
form_label,12,2,0.0321,form,label,A form label is,"['<|endoftext|>', 'A', ' form', ' label', ' is']",2,3,accessibility,pythia-1b
form_label,12,3,0.0114,form,label,A form label is,"['<|endoftext|>', 'A', ' form', ' label', ' is']",2,3,accessibility,pythia-1b
form_label,12,4,0.005,form,label,A form label is,"['<|endoftext|>', 'A', ' form', ' label', ' is']",2,3,accessibility,pythia-1b
form_label,12,5,0.0441,form,label,A form label is,"['<|endoftext|>', 'A', ' form', ' label', ' is']",2,3,accessibility,pythia-1b
form_label,12,6,0.0151,form,label,A form label is,"['<|endoftext|>', 'A', ' form', ' label', ' is']",2,3,accessibility,pythia-1b
form_label,12,7,0.0131,form,label,A form label is,"['<|endoftext|>', 'A', ' form', ' label', ' is']",2,3,accessibility,pythia-1b
form_label,13,0,0.0491,form,label,A form label is,"['<|endoftext|>', 'A', ' form', ' label', ' is']",2,3,accessibility,pythia-1b
form_label,13,1,0.0126,form,label,A form label is,"['<|endoftext|>', 'A', ' form', ' label', ' is']",2,3,accessibility,pythia-1b
form_label,13,2,0.0013,form,label,A form label is,"['<|endoftext|>', 'A', ' form', ' label', ' is']",2,3,accessibility,pythia-1b
form_label,13,3,0.0242,form,label,A form label is,"['<|endoftext|>', 'A', ' form', ' label', ' is']",2,3,accessibility,pythia-1b
form_label,13,4,0.0244,form,label,A form label is,"['<|endoftext|>', 'A', ' form', ' label', ' is']",2,3,accessibility,pythia-1b
form_label,13,5,0.0239,form,label,A form label is,"['<|endoftext|>', 'A', ' form', ' label', ' is']",2,3,accessibility,pythia-1b
form_label,13,6,0.001,form,label,A form label is,"['<|endoftext|>', 'A', ' form', ' label', ' is']",2,3,accessibility,pythia-1b
form_label,13,7,0.0195,form,label,A form label is,"['<|endoftext|>', 'A', ' form', ' label', ' is']",2,3,accessibility,pythia-1b
form_label,14,0,0.0163,form,label,A form label is,"['<|endoftext|>', 'A', ' form', ' label', ' is']",2,3,accessibility,pythia-1b
form_label,14,1,0.0286,form,label,A form label is,"['<|endoftext|>', 'A', ' form', ' label', ' is']",2,3,accessibility,pythia-1b
form_label,14,2,0.0356,form,label,A form label is,"['<|endoftext|>', 'A', ' form', ' label', ' is']",2,3,accessibility,pythia-1b
form_label,14,3,0.085,form,label,A form label is,"['<|endoftext|>', 'A', ' form', ' label', ' is']",2,3,accessibility,pythia-1b
form_label,14,4,0.0198,form,label,A form label is,"['<|endoftext|>', 'A', ' form', ' label', ' is']",2,3,accessibility,pythia-1b
form_label,14,5,0.0096,form,label,A form label is,"['<|endoftext|>', 'A', ' form', ' label', ' is']",2,3,accessibility,pythia-1b
form_label,14,6,0.0072,form,label,A form label is,"['<|endoftext|>', 'A', ' form', ' label', ' is']",2,3,accessibility,pythia-1b
form_label,14,7,0.0088,form,label,A form label is,"['<|endoftext|>', 'A', ' form', ' label', ' is']",2,3,accessibility,pythia-1b
form_label,15,0,0.0422,form,label,A form label is,"['<|endoftext|>', 'A', ' form', ' label', ' is']",2,3,accessibility,pythia-1b
form_label,15,1,0.0048,form,label,A form label is,"['<|endoftext|>', 'A', ' form', ' label', ' is']",2,3,accessibility,pythia-1b
form_label,15,2,0.0572,form,label,A form label is,"['<|endoftext|>', 'A', ' form', ' label', ' is']",2,3,accessibility,pythia-1b
form_label,15,3,0.0124,form,label,A form label is,"['<|endoftext|>', 'A', ' form', ' label', ' is']",2,3,accessibility,pythia-1b
form_label,15,4,0.0288,form,label,A form label is,"['<|endoftext|>', 'A', ' form', ' label', ' is']",2,3,accessibility,pythia-1b
form_label,15,5,0.08,form,label,A form label is,"['<|endoftext|>', 'A', ' form', ' label', ' is']",2,3,accessibility,pythia-1b
form_label,15,6,0.0472,form,label,A form label is,"['<|endoftext|>', 'A', ' form', ' label', ' is']",2,3,accessibility,pythia-1b
form_label,15,7,0.0709,form,label,A form label is,"['<|endoftext|>', 'A', ' form', ' label', ' is']",2,3,accessibility,pythia-1b
link_text,0,0,0.2706,link,text,Link text describes,"['<|endoftext|>', 'Link', ' text', ' describes']",1,2,accessibility,pythia-1b
link_text,0,1,0.5612,link,text,Link text describes,"['<|endoftext|>', 'Link', ' text', ' describes']",1,2,accessibility,pythia-1b
link_text,0,2,0.0,link,text,Link text describes,"['<|endoftext|>', 'Link', ' text', ' describes']",1,2,accessibility,pythia-1b
link_text,0,3,0.7793,link,text,Link text describes,"['<|endoftext|>', 'Link', ' text', ' describes']",1,2,accessibility,pythia-1b
link_text,0,4,0.0409,link,text,Link text describes,"['<|endoftext|>', 'Link', ' text', ' describes']",1,2,accessibility,pythia-1b
link_text,0,5,0.3643,link,text,Link text describes,"['<|endoftext|>', 'Link', ' text', ' describes']",1,2,accessibility,pythia-1b
link_text,0,6,0.0789,link,text,Link text describes,"['<|endoftext|>', 'Link', ' text', ' describes']",1,2,accessibility,pythia-1b
link_text,0,7,0.0071,link,text,Link text describes,"['<|endoftext|>', 'Link', ' text', ' describes']",1,2,accessibility,pythia-1b
link_text,1,0,0.5602,link,text,Link text describes,"['<|endoftext|>', 'Link', ' text', ' describes']",1,2,accessibility,pythia-1b
link_text,1,1,0.1341,link,text,Link text describes,"['<|endoftext|>', 'Link', ' text', ' describes']",1,2,accessibility,pythia-1b
link_text,1,2,0.5628,link,text,Link text describes,"['<|endoftext|>', 'Link', ' text', ' describes']",1,2,accessibility,pythia-1b
link_text,1,3,0.441,link,text,Link text describes,"['<|endoftext|>', 'Link', ' text', ' describes']",1,2,accessibility,pythia-1b
link_text,1,4,0.3735,link,text,Link text describes,"['<|endoftext|>', 'Link', ' text', ' describes']",1,2,accessibility,pythia-1b
link_text,1,5,0.2977,link,text,Link text describes,"['<|endoftext|>', 'Link', ' text', ' describes']",1,2,accessibility,pythia-1b
link_text,1,6,0.3678,link,text,Link text describes,"['<|endoftext|>', 'Link', ' text', ' describes']",1,2,accessibility,pythia-1b
link_text,1,7,0.0005,link,text,Link text describes,"['<|endoftext|>', 'Link', ' text', ' describes']",1,2,accessibility,pythia-1b
link_text,2,0,0.6576,link,text,Link text describes,"['<|endoftext|>', 'Link', ' text', ' describes']",1,2,accessibility,pythia-1b
link_text,2,1,0.4597,link,text,Link text describes,"['<|endoftext|>', 'Link', ' text', ' describes']",1,2,accessibility,pythia-1b
link_text,2,2,0.2896,link,text,Link text describes,"['<|endoftext|>', 'Link', ' text', ' describes']",1,2,accessibility,pythia-1b
link_text,2,3,0.27,link,text,Link text describes,"['<|endoftext|>', 'Link', ' text', ' describes']",1,2,accessibility,pythia-1b
link_text,2,4,0.4509,link,text,Link text describes,"['<|endoftext|>', 'Link', ' text', ' describes']",1,2,accessibility,pythia-1b
link_text,2,5,0.2167,link,text,Link text describes,"['<|endoftext|>', 'Link', ' text', ' describes']",1,2,accessibility,pythia-1b
link_text,2,6,0.3804,link,text,Link text describes,"['<|endoftext|>', 'Link', ' text', ' describes']",1,2,accessibility,pythia-1b
link_text,2,7,0.0857,link,text,Link text describes,"['<|endoftext|>', 'Link', ' text', ' describes']",1,2,accessibility,pythia-1b
link_text,3,0,0.2421,link,text,Link text describes,"['<|endoftext|>', 'Link', ' text', ' describes']",1,2,accessibility,pythia-1b
link_text,3,1,0.5645,link,text,Link text describes,"['<|endoftext|>', 'Link', ' text', ' describes']",1,2,accessibility,pythia-1b
link_text,3,2,0.2259,link,text,Link text describes,"['<|endoftext|>', 'Link', ' text', ' describes']",1,2,accessibility,pythia-1b
link_text,3,3,0.4924,link,text,Link text describes,"['<|endoftext|>', 'Link', ' text', ' describes']",1,2,accessibility,pythia-1b
link_text,3,4,0.2977,link,text,Link text describes,"['<|endoftext|>', 'Link', ' text', ' describes']",1,2,accessibility,pythia-1b
link_text,3,5,0.9997,link,text,Link text describes,"['<|endoftext|>', 'Link', ' text', ' describes']",1,2,accessibility,pythia-1b
link_text,3,6,0.8051,link,text,Link text describes,"['<|endoftext|>', 'Link', ' text', ' describes']",1,2,accessibility,pythia-1b
link_text,3,7,0.1411,link,text,Link text describes,"['<|endoftext|>', 'Link', ' text', ' describes']",1,2,accessibility,pythia-1b
link_text,4,0,0.0809,link,text,Link text describes,"['<|endoftext|>', 'Link', ' text', ' describes']",1,2,accessibility,pythia-1b
link_text,4,1,0.0945,link,text,Link text describes,"['<|endoftext|>', 'Link', ' text', ' describes']",1,2,accessibility,pythia-1b
link_text,4,2,0.0307,link,text,Link text describes,"['<|endoftext|>', 'Link', ' text', ' describes']",1,2,accessibility,pythia-1b
link_text,4,3,0.2236,link,text,Link text describes,"['<|endoftext|>', 'Link', ' text', ' describes']",1,2,accessibility,pythia-1b
link_text,4,4,0.0004,link,text,Link text describes,"['<|endoftext|>', 'Link', ' text', ' describes']",1,2,accessibility,pythia-1b
link_text,4,5,0.0023,link,text,Link text describes,"['<|endoftext|>', 'Link', ' text', ' describes']",1,2,accessibility,pythia-1b
link_text,4,6,0.0611,link,text,Link text describes,"['<|endoftext|>', 'Link', ' text', ' describes']",1,2,accessibility,pythia-1b
link_text,4,7,0.2498,link,text,Link text describes,"['<|endoftext|>', 'Link', ' text', ' describes']",1,2,accessibility,pythia-1b
link_text,5,0,0.4025,link,text,Link text describes,"['<|endoftext|>', 'Link', ' text', ' describes']",1,2,accessibility,pythia-1b
link_text,5,1,0.0001,link,text,Link text describes,"['<|endoftext|>', 'Link', ' text', ' describes']",1,2,accessibility,pythia-1b
link_text,5,2,0.0182,link,text,Link text describes,"['<|endoftext|>', 'Link', ' text', ' describes']",1,2,accessibility,pythia-1b
link_text,5,3,0.0313,link,text,Link text describes,"['<|endoftext|>', 'Link', ' text', ' describes']",1,2,accessibility,pythia-1b
link_text,5,4,0.0232,link,text,Link text describes,"['<|endoftext|>', 'Link', ' text', ' describes']",1,2,accessibility,pythia-1b
link_text,5,5,0.0799,link,text,Link text describes,"['<|endoftext|>', 'Link', ' text', ' describes']",1,2,accessibility,pythia-1b
link_text,5,6,0.0051,link,text,Link text describes,"['<|endoftext|>', 'Link', ' text', ' describes']",1,2,accessibility,pythia-1b
link_text,5,7,0.0011,link,text,Link text describes,"['<|endoftext|>', 'Link', ' text', ' describes']",1,2,accessibility,pythia-1b
link_text,6,0,0.3411,link,text,Link text describes,"['<|endoftext|>', 'Link', ' text', ' describes']",1,2,accessibility,pythia-1b
link_text,6,1,0.0472,link,text,Link text describes,"['<|endoftext|>', 'Link', ' text', ' describes']",1,2,accessibility,pythia-1b
link_text,6,2,0.0047,link,text,Link text describes,"['<|endoftext|>', 'Link', ' text', ' describes']",1,2,accessibility,pythia-1b
link_text,6,3,0.9468,link,text,Link text describes,"['<|endoftext|>', 'Link', ' text', ' describes']",1,2,accessibility,pythia-1b
link_text,6,4,0.0735,link,text,Link text describes,"['<|endoftext|>', 'Link', ' text', ' describes']",1,2,accessibility,pythia-1b
link_text,6,5,0.0915,link,text,Link text describes,"['<|endoftext|>', 'Link', ' text', ' describes']",1,2,accessibility,pythia-1b
link_text,6,6,0.0033,link,text,Link text describes,"['<|endoftext|>', 'Link', ' text', ' describes']",1,2,accessibility,pythia-1b
link_text,6,7,0.0025,link,text,Link text describes,"['<|endoftext|>', 'Link', ' text', ' describes']",1,2,accessibility,pythia-1b
link_text,7,0,0.0005,link,text,Link text describes,"['<|endoftext|>', 'Link', ' text', ' describes']",1,2,accessibility,pythia-1b
link_text,7,1,0.0,link,text,Link text describes,"['<|endoftext|>', 'Link', ' text', ' describes']",1,2,accessibility,pythia-1b
link_text,7,2,0.0009,link,text,Link text describes,"['<|endoftext|>', 'Link', ' text', ' describes']",1,2,accessibility,pythia-1b
link_text,7,3,0.1337,link,text,Link text describes,"['<|endoftext|>', 'Link', ' text', ' describes']",1,2,accessibility,pythia-1b
link_text,7,4,0.1965,link,text,Link text describes,"['<|endoftext|>', 'Link', ' text', ' describes']",1,2,accessibility,pythia-1b
link_text,7,5,0.0248,link,text,Link text describes,"['<|endoftext|>', 'Link', ' text', ' describes']",1,2,accessibility,pythia-1b
link_text,7,6,0.104,link,text,Link text describes,"['<|endoftext|>', 'Link', ' text', ' describes']",1,2,accessibility,pythia-1b
link_text,7,7,0.0288,link,text,Link text describes,"['<|endoftext|>', 'Link', ' text', ' describes']",1,2,accessibility,pythia-1b
link_text,8,0,0.0017,link,text,Link text describes,"['<|endoftext|>', 'Link', ' text', ' describes']",1,2,accessibility,pythia-1b
link_text,8,1,0.0784,link,text,Link text describes,"['<|endoftext|>', 'Link', ' text', ' describes']",1,2,accessibility,pythia-1b
link_text,8,2,0.0087,link,text,Link text describes,"['<|endoftext|>', 'Link', ' text', ' describes']",1,2,accessibility,pythia-1b
link_text,8,3,0.1459,link,text,Link text describes,"['<|endoftext|>', 'Link', ' text', ' describes']",1,2,accessibility,pythia-1b
link_text,8,4,0.0592,link,text,Link text describes,"['<|endoftext|>', 'Link', ' text', ' describes']",1,2,accessibility,pythia-1b
link_text,8,5,0.0007,link,text,Link text describes,"['<|endoftext|>', 'Link', ' text', ' describes']",1,2,accessibility,pythia-1b
link_text,8,6,0.0188,link,text,Link text describes,"['<|endoftext|>', 'Link', ' text', ' describes']",1,2,accessibility,pythia-1b
link_text,8,7,0.0486,link,text,Link text describes,"['<|endoftext|>', 'Link', ' text', ' describes']",1,2,accessibility,pythia-1b
link_text,9,0,0.0687,link,text,Link text describes,"['<|endoftext|>', 'Link', ' text', ' describes']",1,2,accessibility,pythia-1b
link_text,9,1,0.0615,link,text,Link text describes,"['<|endoftext|>', 'Link', ' text', ' describes']",1,2,accessibility,pythia-1b
link_text,9,2,0.132,link,text,Link text describes,"['<|endoftext|>', 'Link', ' text', ' describes']",1,2,accessibility,pythia-1b
link_text,9,3,0.0324,link,text,Link text describes,"['<|endoftext|>', 'Link', ' text', ' describes']",1,2,accessibility,pythia-1b
link_text,9,4,0.0146,link,text,Link text describes,"['<|endoftext|>', 'Link', ' text', ' describes']",1,2,accessibility,pythia-1b
link_text,9,5,0.1295,link,text,Link text describes,"['<|endoftext|>', 'Link', ' text', ' describes']",1,2,accessibility,pythia-1b
link_text,9,6,0.0737,link,text,Link text describes,"['<|endoftext|>', 'Link', ' text', ' describes']",1,2,accessibility,pythia-1b
link_text,9,7,0.1439,link,text,Link text describes,"['<|endoftext|>', 'Link', ' text', ' describes']",1,2,accessibility,pythia-1b
link_text,10,0,0.1143,link,text,Link text describes,"['<|endoftext|>', 'Link', ' text', ' describes']",1,2,accessibility,pythia-1b
link_text,10,1,0.3636,link,text,Link text describes,"['<|endoftext|>', 'Link', ' text', ' describes']",1,2,accessibility,pythia-1b
link_text,10,2,0.0389,link,text,Link text describes,"['<|endoftext|>', 'Link', ' text', ' describes']",1,2,accessibility,pythia-1b
link_text,10,3,0.2461,link,text,Link text describes,"['<|endoftext|>', 'Link', ' text', ' describes']",1,2,accessibility,pythia-1b
link_text,10,4,0.0477,link,text,Link text describes,"['<|endoftext|>', 'Link', ' text', ' describes']",1,2,accessibility,pythia-1b
link_text,10,5,0.0015,link,text,Link text describes,"['<|endoftext|>', 'Link', ' text', ' describes']",1,2,accessibility,pythia-1b
link_text,10,6,0.0001,link,text,Link text describes,"['<|endoftext|>', 'Link', ' text', ' describes']",1,2,accessibility,pythia-1b
link_text,10,7,0.0275,link,text,Link text describes,"['<|endoftext|>', 'Link', ' text', ' describes']",1,2,accessibility,pythia-1b
link_text,11,0,0.0118,link,text,Link text describes,"['<|endoftext|>', 'Link', ' text', ' describes']",1,2,accessibility,pythia-1b
link_text,11,1,0.0173,link,text,Link text describes,"['<|endoftext|>', 'Link', ' text', ' describes']",1,2,accessibility,pythia-1b
link_text,11,2,0.0101,link,text,Link text describes,"['<|endoftext|>', 'Link', ' text', ' describes']",1,2,accessibility,pythia-1b
link_text,11,3,0.0086,link,text,Link text describes,"['<|endoftext|>', 'Link', ' text', ' describes']",1,2,accessibility,pythia-1b
link_text,11,4,0.138,link,text,Link text describes,"['<|endoftext|>', 'Link', ' text', ' describes']",1,2,accessibility,pythia-1b
link_text,11,5,0.0197,link,text,Link text describes,"['<|endoftext|>', 'Link', ' text', ' describes']",1,2,accessibility,pythia-1b
link_text,11,6,0.0028,link,text,Link text describes,"['<|endoftext|>', 'Link', ' text', ' describes']",1,2,accessibility,pythia-1b
link_text,11,7,0.0004,link,text,Link text describes,"['<|endoftext|>', 'Link', ' text', ' describes']",1,2,accessibility,pythia-1b
link_text,12,0,0.0616,link,text,Link text describes,"['<|endoftext|>', 'Link', ' text', ' describes']",1,2,accessibility,pythia-1b
link_text,12,1,0.0037,link,text,Link text describes,"['<|endoftext|>', 'Link', ' text', ' describes']",1,2,accessibility,pythia-1b
link_text,12,2,0.017,link,text,Link text describes,"['<|endoftext|>', 'Link', ' text', ' describes']",1,2,accessibility,pythia-1b
link_text,12,3,0.005,link,text,Link text describes,"['<|endoftext|>', 'Link', ' text', ' describes']",1,2,accessibility,pythia-1b
link_text,12,4,0.0161,link,text,Link text describes,"['<|endoftext|>', 'Link', ' text', ' describes']",1,2,accessibility,pythia-1b
link_text,12,5,0.0155,link,text,Link text describes,"['<|endoftext|>', 'Link', ' text', ' describes']",1,2,accessibility,pythia-1b
link_text,12,6,0.0201,link,text,Link text describes,"['<|endoftext|>', 'Link', ' text', ' describes']",1,2,accessibility,pythia-1b
link_text,12,7,0.0051,link,text,Link text describes,"['<|endoftext|>', 'Link', ' text', ' describes']",1,2,accessibility,pythia-1b
link_text,13,0,0.1519,link,text,Link text describes,"['<|endoftext|>', 'Link', ' text', ' describes']",1,2,accessibility,pythia-1b
link_text,13,1,0.0366,link,text,Link text describes,"['<|endoftext|>', 'Link', ' text', ' describes']",1,2,accessibility,pythia-1b
link_text,13,2,0.0124,link,text,Link text describes,"['<|endoftext|>', 'Link', ' text', ' describes']",1,2,accessibility,pythia-1b
link_text,13,3,0.2446,link,text,Link text describes,"['<|endoftext|>', 'Link', ' text', ' describes']",1,2,accessibility,pythia-1b
link_text,13,4,0.6273,link,text,Link text describes,"['<|endoftext|>', 'Link', ' text', ' describes']",1,2,accessibility,pythia-1b
link_text,13,5,0.0243,link,text,Link text describes,"['<|endoftext|>', 'Link', ' text', ' describes']",1,2,accessibility,pythia-1b
link_text,13,6,0.0025,link,text,Link text describes,"['<|endoftext|>', 'Link', ' text', ' describes']",1,2,accessibility,pythia-1b
link_text,13,7,0.0364,link,text,Link text describes,"['<|endoftext|>', 'Link', ' text', ' describes']",1,2,accessibility,pythia-1b
link_text,14,0,0.0303,link,text,Link text describes,"['<|endoftext|>', 'Link', ' text', ' describes']",1,2,accessibility,pythia-1b
link_text,14,1,0.0488,link,text,Link text describes,"['<|endoftext|>', 'Link', ' text', ' describes']",1,2,accessibility,pythia-1b
link_text,14,2,0.1044,link,text,Link text describes,"['<|endoftext|>', 'Link', ' text', ' describes']",1,2,accessibility,pythia-1b
link_text,14,3,0.0995,link,text,Link text describes,"['<|endoftext|>', 'Link', ' text', ' describes']",1,2,accessibility,pythia-1b
link_text,14,4,0.0378,link,text,Link text describes,"['<|endoftext|>', 'Link', ' text', ' describes']",1,2,accessibility,pythia-1b
link_text,14,5,0.3857,link,text,Link text describes,"['<|endoftext|>', 'Link', ' text', ' describes']",1,2,accessibility,pythia-1b
link_text,14,6,0.0075,link,text,Link text describes,"['<|endoftext|>', 'Link', ' text', ' describes']",1,2,accessibility,pythia-1b
link_text,14,7,0.0024,link,text,Link text describes,"['<|endoftext|>', 'Link', ' text', ' describes']",1,2,accessibility,pythia-1b
link_text,15,0,0.5299,link,text,Link text describes,"['<|endoftext|>', 'Link', ' text', ' describes']",1,2,accessibility,pythia-1b
link_text,15,1,0.0547,link,text,Link text describes,"['<|endoftext|>', 'Link', ' text', ' describes']",1,2,accessibility,pythia-1b
link_text,15,2,0.0989,link,text,Link text describes,"['<|endoftext|>', 'Link', ' text', ' describes']",1,2,accessibility,pythia-1b
link_text,15,3,0.16,link,text,Link text describes,"['<|endoftext|>', 'Link', ' text', ' describes']",1,2,accessibility,pythia-1b
link_text,15,4,0.0345,link,text,Link text describes,"['<|endoftext|>', 'Link', ' text', ' describes']",1,2,accessibility,pythia-1b
link_text,15,5,0.4029,link,text,Link text describes,"['<|endoftext|>', 'Link', ' text', ' describes']",1,2,accessibility,pythia-1b
link_text,15,6,0.0188,link,text,Link text describes,"['<|endoftext|>', 'Link', ' text', ' describes']",1,2,accessibility,pythia-1b
link_text,15,7,0.1231,link,text,Link text describes,"['<|endoftext|>', 'Link', ' text', ' describes']",1,2,accessibility,pythia-1b
page_title,0,0,0.2285,page,title,A page title describes,"['<|endoftext|>', 'A', ' page', ' title', ' describes']",2,3,accessibility,pythia-1b
page_title,0,1,0.5484,page,title,A page title describes,"['<|endoftext|>', 'A', ' page', ' title', ' describes']",2,3,accessibility,pythia-1b
page_title,0,2,0.0,page,title,A page title describes,"['<|endoftext|>', 'A', ' page', ' title', ' describes']",2,3,accessibility,pythia-1b
page_title,0,3,0.5202,page,title,A page title describes,"['<|endoftext|>', 'A', ' page', ' title', ' describes']",2,3,accessibility,pythia-1b
page_title,0,4,0.0704,page,title,A page title describes,"['<|endoftext|>', 'A', ' page', ' title', ' describes']",2,3,accessibility,pythia-1b
page_title,0,5,0.2041,page,title,A page title describes,"['<|endoftext|>', 'A', ' page', ' title', ' describes']",2,3,accessibility,pythia-1b
page_title,0,6,0.0617,page,title,A page title describes,"['<|endoftext|>', 'A', ' page', ' title', ' describes']",2,3,accessibility,pythia-1b
page_title,0,7,0.0806,page,title,A page title describes,"['<|endoftext|>', 'A', ' page', ' title', ' describes']",2,3,accessibility,pythia-1b
page_title,1,0,0.21,page,title,A page title describes,"['<|endoftext|>', 'A', ' page', ' title', ' describes']",2,3,accessibility,pythia-1b
page_title,1,1,0.0937,page,title,A page title describes,"['<|endoftext|>', 'A', ' page', ' title', ' describes']",2,3,accessibility,pythia-1b
page_title,1,2,0.674,page,title,A page title describes,"['<|endoftext|>', 'A', ' page', ' title', ' describes']",2,3,accessibility,pythia-1b
page_title,1,3,0.5083,page,title,A page title describes,"['<|endoftext|>', 'A', ' page', ' title', ' describes']",2,3,accessibility,pythia-1b
page_title,1,4,0.1816,page,title,A page title describes,"['<|endoftext|>', 'A', ' page', ' title', ' describes']",2,3,accessibility,pythia-1b
page_title,1,5,0.6766,page,title,A page title describes,"['<|endoftext|>', 'A', ' page', ' title', ' describes']",2,3,accessibility,pythia-1b
page_title,1,6,0.2247,page,title,A page title describes,"['<|endoftext|>', 'A', ' page', ' title', ' describes']",2,3,accessibility,pythia-1b
page_title,1,7,0.0141,page,title,A page title describes,"['<|endoftext|>', 'A', ' page', ' title', ' describes']",2,3,accessibility,pythia-1b
page_title,2,0,0.6058,page,title,A page title describes,"['<|endoftext|>', 'A', ' page', ' title', ' describes']",2,3,accessibility,pythia-1b
page_title,2,1,0.1624,page,title,A page title describes,"['<|endoftext|>', 'A', ' page', ' title', ' describes']",2,3,accessibility,pythia-1b
page_title,2,2,0.2578,page,title,A page title describes,"['<|endoftext|>', 'A', ' page', ' title', ' describes']",2,3,accessibility,pythia-1b
page_title,2,3,0.2248,page,title,A page title describes,"['<|endoftext|>', 'A', ' page', ' title', ' describes']",2,3,accessibility,pythia-1b
page_title,2,4,0.1842,page,title,A page title describes,"['<|endoftext|>', 'A', ' page', ' title', ' describes']",2,3,accessibility,pythia-1b
page_title,2,5,0.1445,page,title,A page title describes,"['<|endoftext|>', 'A', ' page', ' title', ' describes']",2,3,accessibility,pythia-1b
page_title,2,6,0.7266,page,title,A page title describes,"['<|endoftext|>', 'A', ' page', ' title', ' describes']",2,3,accessibility,pythia-1b
page_title,2,7,0.1676,page,title,A page title describes,"['<|endoftext|>', 'A', ' page', ' title', ' describes']",2,3,accessibility,pythia-1b
page_title,3,0,0.0587,page,title,A page title describes,"['<|endoftext|>', 'A', ' page', ' title', ' describes']",2,3,accessibility,pythia-1b
page_title,3,1,0.3043,page,title,A page title describes,"['<|endoftext|>', 'A', ' page', ' title', ' describes']",2,3,accessibility,pythia-1b
page_title,3,2,0.1928,page,title,A page title describes,"['<|endoftext|>', 'A', ' page', ' title', ' describes']",2,3,accessibility,pythia-1b
page_title,3,3,0.0942,page,title,A page title describes,"['<|endoftext|>', 'A', ' page', ' title', ' describes']",2,3,accessibility,pythia-1b
page_title,3,4,0.0378,page,title,A page title describes,"['<|endoftext|>', 'A', ' page', ' title', ' describes']",2,3,accessibility,pythia-1b
page_title,3,5,0.9931,page,title,A page title describes,"['<|endoftext|>', 'A', ' page', ' title', ' describes']",2,3,accessibility,pythia-1b
page_title,3,6,0.6646,page,title,A page title describes,"['<|endoftext|>', 'A', ' page', ' title', ' describes']",2,3,accessibility,pythia-1b
page_title,3,7,0.1104,page,title,A page title describes,"['<|endoftext|>', 'A', ' page', ' title', ' describes']",2,3,accessibility,pythia-1b
page_title,4,0,0.1749,page,title,A page title describes,"['<|endoftext|>', 'A', ' page', ' title', ' describes']",2,3,accessibility,pythia-1b
page_title,4,1,0.0141,page,title,A page title describes,"['<|endoftext|>', 'A', ' page', ' title', ' describes']",2,3,accessibility,pythia-1b
page_title,4,2,0.0323,page,title,A page title describes,"['<|endoftext|>', 'A', ' page', ' title', ' describes']",2,3,accessibility,pythia-1b
page_title,4,3,0.0099,page,title,A page title describes,"['<|endoftext|>', 'A', ' page', ' title', ' describes']",2,3,accessibility,pythia-1b
page_title,4,4,0.0001,page,title,A page title describes,"['<|endoftext|>', 'A', ' page', ' title', ' describes']",2,3,accessibility,pythia-1b
page_title,4,5,0.001,page,title,A page title describes,"['<|endoftext|>', 'A', ' page', ' title', ' describes']",2,3,accessibility,pythia-1b
page_title,4,6,0.0306,page,title,A page title describes,"['<|endoftext|>', 'A', ' page', ' title', ' describes']",2,3,accessibility,pythia-1b
page_title,4,7,0.0159,page,title,A page title describes,"['<|endoftext|>', 'A', ' page', ' title', ' describes']",2,3,accessibility,pythia-1b
page_title,5,0,0.0694,page,title,A page title describes,"['<|endoftext|>', 'A', ' page', ' title', ' describes']",2,3,accessibility,pythia-1b
page_title,5,1,0.0,page,title,A page title describes,"['<|endoftext|>', 'A', ' page', ' title', ' describes']",2,3,accessibility,pythia-1b
page_title,5,2,0.0229,page,title,A page title describes,"['<|endoftext|>', 'A', ' page', ' title', ' describes']",2,3,accessibility,pythia-1b
page_title,5,3,0.1521,page,title,A page title describes,"['<|endoftext|>', 'A', ' page', ' title', ' describes']",2,3,accessibility,pythia-1b
page_title,5,4,0.0496,page,title,A page title describes,"['<|endoftext|>', 'A', ' page', ' title', ' describes']",2,3,accessibility,pythia-1b
page_title,5,5,0.1905,page,title,A page title describes,"['<|endoftext|>', 'A', ' page', ' title', ' describes']",2,3,accessibility,pythia-1b
page_title,5,6,0.0009,page,title,A page title describes,"['<|endoftext|>', 'A', ' page', ' title', ' describes']",2,3,accessibility,pythia-1b
page_title,5,7,0.0012,page,title,A page title describes,"['<|endoftext|>', 'A', ' page', ' title', ' describes']",2,3,accessibility,pythia-1b
page_title,6,0,0.0222,page,title,A page title describes,"['<|endoftext|>', 'A', ' page', ' title', ' describes']",2,3,accessibility,pythia-1b
page_title,6,1,0.0396,page,title,A page title describes,"['<|endoftext|>', 'A', ' page', ' title', ' describes']",2,3,accessibility,pythia-1b
page_title,6,2,0.0107,page,title,A page title describes,"['<|endoftext|>', 'A', ' page', ' title', ' describes']",2,3,accessibility,pythia-1b
page_title,6,3,0.8427,page,title,A page title describes,"['<|endoftext|>', 'A', ' page', ' title', ' describes']",2,3,accessibility,pythia-1b
page_title,6,4,0.102,page,title,A page title describes,"['<|endoftext|>', 'A', ' page', ' title', ' describes']",2,3,accessibility,pythia-1b
page_title,6,5,0.1261,page,title,A page title describes,"['<|endoftext|>', 'A', ' page', ' title', ' describes']",2,3,accessibility,pythia-1b
page_title,6,6,0.0226,page,title,A page title describes,"['<|endoftext|>', 'A', ' page', ' title', ' describes']",2,3,accessibility,pythia-1b
page_title,6,7,0.0017,page,title,A page title describes,"['<|endoftext|>', 'A', ' page', ' title', ' describes']",2,3,accessibility,pythia-1b
page_title,7,0,0.0015,page,title,A page title describes,"['<|endoftext|>', 'A', ' page', ' title', ' describes']",2,3,accessibility,pythia-1b
page_title,7,1,0.0003,page,title,A page title describes,"['<|endoftext|>', 'A', ' page', ' title', ' describes']",2,3,accessibility,pythia-1b
page_title,7,2,0.0056,page,title,A page title describes,"['<|endoftext|>', 'A', ' page', ' title', ' describes']",2,3,accessibility,pythia-1b
page_title,7,3,0.0336,page,title,A page title describes,"['<|endoftext|>', 'A', ' page', ' title', ' describes']",2,3,accessibility,pythia-1b
page_title,7,4,0.0994,page,title,A page title describes,"['<|endoftext|>', 'A', ' page', ' title', ' describes']",2,3,accessibility,pythia-1b
page_title,7,5,0.028,page,title,A page title describes,"['<|endoftext|>', 'A', ' page', ' title', ' describes']",2,3,accessibility,pythia-1b
page_title,7,6,0.3479,page,title,A page title describes,"['<|endoftext|>', 'A', ' page', ' title', ' describes']",2,3,accessibility,pythia-1b
page_title,7,7,0.0586,page,title,A page title describes,"['<|endoftext|>', 'A', ' page', ' title', ' describes']",2,3,accessibility,pythia-1b
page_title,8,0,0.0068,page,title,A page title describes,"['<|endoftext|>', 'A', ' page', ' title', ' describes']",2,3,accessibility,pythia-1b
page_title,8,1,0.0639,page,title,A page title describes,"['<|endoftext|>', 'A', ' page', ' title', ' describes']",2,3,accessibility,pythia-1b
page_title,8,2,0.0154,page,title,A page title describes,"['<|endoftext|>', 'A', ' page', ' title', ' describes']",2,3,accessibility,pythia-1b
page_title,8,3,0.0697,page,title,A page title describes,"['<|endoftext|>', 'A', ' page', ' title', ' describes']",2,3,accessibility,pythia-1b
page_title,8,4,0.0234,page,title,A page title describes,"['<|endoftext|>', 'A', ' page', ' title', ' describes']",2,3,accessibility,pythia-1b
page_title,8,5,0.0074,page,title,A page title describes,"['<|endoftext|>', 'A', ' page', ' title', ' describes']",2,3,accessibility,pythia-1b
page_title,8,6,0.0027,page,title,A page title describes,"['<|endoftext|>', 'A', ' page', ' title', ' describes']",2,3,accessibility,pythia-1b
page_title,8,7,0.0554,page,title,A page title describes,"['<|endoftext|>', 'A', ' page', ' title', ' describes']",2,3,accessibility,pythia-1b
page_title,9,0,0.0913,page,title,A page title describes,"['<|endoftext|>', 'A', ' page', ' title', ' describes']",2,3,accessibility,pythia-1b
page_title,9,1,0.0238,page,title,A page title describes,"['<|endoftext|>', 'A', ' page', ' title', ' describes']",2,3,accessibility,pythia-1b
page_title,9,2,0.0861,page,title,A page title describes,"['<|endoftext|>', 'A', ' page', ' title', ' describes']",2,3,accessibility,pythia-1b
page_title,9,3,0.111,page,title,A page title describes,"['<|endoftext|>', 'A', ' page', ' title', ' describes']",2,3,accessibility,pythia-1b
page_title,9,4,0.0228,page,title,A page title describes,"['<|endoftext|>', 'A', ' page', ' title', ' describes']",2,3,accessibility,pythia-1b
page_title,9,5,0.0235,page,title,A page title describes,"['<|endoftext|>', 'A', ' page', ' title', ' describes']",2,3,accessibility,pythia-1b
page_title,9,6,0.2062,page,title,A page title describes,"['<|endoftext|>', 'A', ' page', ' title', ' describes']",2,3,accessibility,pythia-1b
page_title,9,7,0.356,page,title,A page title describes,"['<|endoftext|>', 'A', ' page', ' title', ' describes']",2,3,accessibility,pythia-1b
page_title,10,0,0.0088,page,title,A page title describes,"['<|endoftext|>', 'A', ' page', ' title', ' describes']",2,3,accessibility,pythia-1b
page_title,10,1,0.1637,page,title,A page title describes,"['<|endoftext|>', 'A', ' page', ' title', ' describes']",2,3,accessibility,pythia-1b
page_title,10,2,0.0179,page,title,A page title describes,"['<|endoftext|>', 'A', ' page', ' title', ' describes']",2,3,accessibility,pythia-1b
page_title,10,3,0.0866,page,title,A page title describes,"['<|endoftext|>', 'A', ' page', ' title', ' describes']",2,3,accessibility,pythia-1b
page_title,10,4,0.0076,page,title,A page title describes,"['<|endoftext|>', 'A', ' page', ' title', ' describes']",2,3,accessibility,pythia-1b
page_title,10,5,0.0003,page,title,A page title describes,"['<|endoftext|>', 'A', ' page', ' title', ' describes']",2,3,accessibility,pythia-1b
page_title,10,6,0.0001,page,title,A page title describes,"['<|endoftext|>', 'A', ' page', ' title', ' describes']",2,3,accessibility,pythia-1b
page_title,10,7,0.0426,page,title,A page title describes,"['<|endoftext|>', 'A', ' page', ' title', ' describes']",2,3,accessibility,pythia-1b
page_title,11,0,0.0538,page,title,A page title describes,"['<|endoftext|>', 'A', ' page', ' title', ' describes']",2,3,accessibility,pythia-1b
page_title,11,1,0.0647,page,title,A page title describes,"['<|endoftext|>', 'A', ' page', ' title', ' describes']",2,3,accessibility,pythia-1b
page_title,11,2,0.0233,page,title,A page title describes,"['<|endoftext|>', 'A', ' page', ' title', ' describes']",2,3,accessibility,pythia-1b
page_title,11,3,0.008,page,title,A page title describes,"['<|endoftext|>', 'A', ' page', ' title', ' describes']",2,3,accessibility,pythia-1b
page_title,11,4,0.0291,page,title,A page title describes,"['<|endoftext|>', 'A', ' page', ' title', ' describes']",2,3,accessibility,pythia-1b
page_title,11,5,0.0344,page,title,A page title describes,"['<|endoftext|>', 'A', ' page', ' title', ' describes']",2,3,accessibility,pythia-1b
page_title,11,6,0.015,page,title,A page title describes,"['<|endoftext|>', 'A', ' page', ' title', ' describes']",2,3,accessibility,pythia-1b
page_title,11,7,0.0026,page,title,A page title describes,"['<|endoftext|>', 'A', ' page', ' title', ' describes']",2,3,accessibility,pythia-1b
page_title,12,0,0.0128,page,title,A page title describes,"['<|endoftext|>', 'A', ' page', ' title', ' describes']",2,3,accessibility,pythia-1b
page_title,12,1,0.0596,page,title,A page title describes,"['<|endoftext|>', 'A', ' page', ' title', ' describes']",2,3,accessibility,pythia-1b
page_title,12,2,0.0089,page,title,A page title describes,"['<|endoftext|>', 'A', ' page', ' title', ' describes']",2,3,accessibility,pythia-1b
page_title,12,3,0.0102,page,title,A page title describes,"['<|endoftext|>', 'A', ' page', ' title', ' describes']",2,3,accessibility,pythia-1b
page_title,12,4,0.0156,page,title,A page title describes,"['<|endoftext|>', 'A', ' page', ' title', ' describes']",2,3,accessibility,pythia-1b
page_title,12,5,0.0269,page,title,A page title describes,"['<|endoftext|>', 'A', ' page', ' title', ' describes']",2,3,accessibility,pythia-1b
page_title,12,6,0.0274,page,title,A page title describes,"['<|endoftext|>', 'A', ' page', ' title', ' describes']",2,3,accessibility,pythia-1b
page_title,12,7,0.0472,page,title,A page title describes,"['<|endoftext|>', 'A', ' page', ' title', ' describes']",2,3,accessibility,pythia-1b
page_title,13,0,0.1147,page,title,A page title describes,"['<|endoftext|>', 'A', ' page', ' title', ' describes']",2,3,accessibility,pythia-1b
page_title,13,1,0.0264,page,title,A page title describes,"['<|endoftext|>', 'A', ' page', ' title', ' describes']",2,3,accessibility,pythia-1b
page_title,13,2,0.0012,page,title,A page title describes,"['<|endoftext|>', 'A', ' page', ' title', ' describes']",2,3,accessibility,pythia-1b
page_title,13,3,0.0189,page,title,A page title describes,"['<|endoftext|>', 'A', ' page', ' title', ' describes']",2,3,accessibility,pythia-1b
page_title,13,4,0.0937,page,title,A page title describes,"['<|endoftext|>', 'A', ' page', ' title', ' describes']",2,3,accessibility,pythia-1b
page_title,13,5,0.0375,page,title,A page title describes,"['<|endoftext|>', 'A', ' page', ' title', ' describes']",2,3,accessibility,pythia-1b
page_title,13,6,0.0057,page,title,A page title describes,"['<|endoftext|>', 'A', ' page', ' title', ' describes']",2,3,accessibility,pythia-1b
page_title,13,7,0.0574,page,title,A page title describes,"['<|endoftext|>', 'A', ' page', ' title', ' describes']",2,3,accessibility,pythia-1b
page_title,14,0,0.0669,page,title,A page title describes,"['<|endoftext|>', 'A', ' page', ' title', ' describes']",2,3,accessibility,pythia-1b
page_title,14,1,0.0312,page,title,A page title describes,"['<|endoftext|>', 'A', ' page', ' title', ' describes']",2,3,accessibility,pythia-1b
page_title,14,2,0.114,page,title,A page title describes,"['<|endoftext|>', 'A', ' page', ' title', ' describes']",2,3,accessibility,pythia-1b
page_title,14,3,0.1879,page,title,A page title describes,"['<|endoftext|>', 'A', ' page', ' title', ' describes']",2,3,accessibility,pythia-1b
page_title,14,4,0.053,page,title,A page title describes,"['<|endoftext|>', 'A', ' page', ' title', ' describes']",2,3,accessibility,pythia-1b
page_title,14,5,0.0147,page,title,A page title describes,"['<|endoftext|>', 'A', ' page', ' title', ' describes']",2,3,accessibility,pythia-1b
page_title,14,6,0.0125,page,title,A page title describes,"['<|endoftext|>', 'A', ' page', ' title', ' describes']",2,3,accessibility,pythia-1b
page_title,14,7,0.0515,page,title,A page title describes,"['<|endoftext|>', 'A', ' page', ' title', ' describes']",2,3,accessibility,pythia-1b
page_title,15,0,0.134,page,title,A page title describes,"['<|endoftext|>', 'A', ' page', ' title', ' describes']",2,3,accessibility,pythia-1b
page_title,15,1,0.0104,page,title,A page title describes,"['<|endoftext|>', 'A', ' page', ' title', ' describes']",2,3,accessibility,pythia-1b
page_title,15,2,0.0673,page,title,A page title describes,"['<|endoftext|>', 'A', ' page', ' title', ' describes']",2,3,accessibility,pythia-1b
page_title,15,3,0.0208,page,title,A page title describes,"['<|endoftext|>', 'A', ' page', ' title', ' describes']",2,3,accessibility,pythia-1b
page_title,15,4,0.0443,page,title,A page title describes,"['<|endoftext|>', 'A', ' page', ' title', ' describes']",2,3,accessibility,pythia-1b
page_title,15,5,0.1637,page,title,A page title describes,"['<|endoftext|>', 'A', ' page', ' title', ' describes']",2,3,accessibility,pythia-1b
page_title,15,6,0.0194,page,title,A page title describes,"['<|endoftext|>', 'A', ' page', ' title', ' describes']",2,3,accessibility,pythia-1b
page_title,15,7,0.1244,page,title,A page title describes,"['<|endoftext|>', 'A', ' page', ' title', ' describes']",2,3,accessibility,pythia-1b
keyboard_interaction,0,0,0.216,keyboard,interaction,A keyboard interaction is,"['<|endoftext|>', 'A', ' keyboard', ' interaction', ' is']",2,3,accessibility,pythia-1b
keyboard_interaction,0,1,0.237,keyboard,interaction,A keyboard interaction is,"['<|endoftext|>', 'A', ' keyboard', ' interaction', ' is']",2,3,accessibility,pythia-1b
keyboard_interaction,0,2,0.0,keyboard,interaction,A keyboard interaction is,"['<|endoftext|>', 'A', ' keyboard', ' interaction', ' is']",2,3,accessibility,pythia-1b
keyboard_interaction,0,3,0.6249,keyboard,interaction,A keyboard interaction is,"['<|endoftext|>', 'A', ' keyboard', ' interaction', ' is']",2,3,accessibility,pythia-1b
keyboard_interaction,0,4,0.0375,keyboard,interaction,A keyboard interaction is,"['<|endoftext|>', 'A', ' keyboard', ' interaction', ' is']",2,3,accessibility,pythia-1b
keyboard_interaction,0,5,0.3556,keyboard,interaction,A keyboard interaction is,"['<|endoftext|>', 'A', ' keyboard', ' interaction', ' is']",2,3,accessibility,pythia-1b
keyboard_interaction,0,6,0.0893,keyboard,interaction,A keyboard interaction is,"['<|endoftext|>', 'A', ' keyboard', ' interaction', ' is']",2,3,accessibility,pythia-1b
keyboard_interaction,0,7,0.1365,keyboard,interaction,A keyboard interaction is,"['<|endoftext|>', 'A', ' keyboard', ' interaction', ' is']",2,3,accessibility,pythia-1b
keyboard_interaction,1,0,0.4445,keyboard,interaction,A keyboard interaction is,"['<|endoftext|>', 'A', ' keyboard', ' interaction', ' is']",2,3,accessibility,pythia-1b
keyboard_interaction,1,1,0.0445,keyboard,interaction,A keyboard interaction is,"['<|endoftext|>', 'A', ' keyboard', ' interaction', ' is']",2,3,accessibility,pythia-1b
keyboard_interaction,1,2,0.1601,keyboard,interaction,A keyboard interaction is,"['<|endoftext|>', 'A', ' keyboard', ' interaction', ' is']",2,3,accessibility,pythia-1b
keyboard_interaction,1,3,0.6971,keyboard,interaction,A keyboard interaction is,"['<|endoftext|>', 'A', ' keyboard', ' interaction', ' is']",2,3,accessibility,pythia-1b
keyboard_interaction,1,4,0.5096,keyboard,interaction,A keyboard interaction is,"['<|endoftext|>', 'A', ' keyboard', ' interaction', ' is']",2,3,accessibility,pythia-1b
keyboard_interaction,1,5,0.2785,keyboard,interaction,A keyboard interaction is,"['<|endoftext|>', 'A', ' keyboard', ' interaction', ' is']",2,3,accessibility,pythia-1b
keyboard_interaction,1,6,0.2732,keyboard,interaction,A keyboard interaction is,"['<|endoftext|>', 'A', ' keyboard', ' interaction', ' is']",2,3,accessibility,pythia-1b
keyboard_interaction,1,7,0.0004,keyboard,interaction,A keyboard interaction is,"['<|endoftext|>', 'A', ' keyboard', ' interaction', ' is']",2,3,accessibility,pythia-1b
keyboard_interaction,2,0,0.6224,keyboard,interaction,A keyboard interaction is,"['<|endoftext|>', 'A', ' keyboard', ' interaction', ' is']",2,3,accessibility,pythia-1b
keyboard_interaction,2,1,0.4617,keyboard,interaction,A keyboard interaction is,"['<|endoftext|>', 'A', ' keyboard', ' interaction', ' is']",2,3,accessibility,pythia-1b
keyboard_interaction,2,2,0.3873,keyboard,interaction,A keyboard interaction is,"['<|endoftext|>', 'A', ' keyboard', ' interaction', ' is']",2,3,accessibility,pythia-1b
keyboard_interaction,2,3,0.3316,keyboard,interaction,A keyboard interaction is,"['<|endoftext|>', 'A', ' keyboard', ' interaction', ' is']",2,3,accessibility,pythia-1b
keyboard_interaction,2,4,0.2574,keyboard,interaction,A keyboard interaction is,"['<|endoftext|>', 'A', ' keyboard', ' interaction', ' is']",2,3,accessibility,pythia-1b
keyboard_interaction,2,5,0.0826,keyboard,interaction,A keyboard interaction is,"['<|endoftext|>', 'A', ' keyboard', ' interaction', ' is']",2,3,accessibility,pythia-1b
keyboard_interaction,2,6,0.3944,keyboard,interaction,A keyboard interaction is,"['<|endoftext|>', 'A', ' keyboard', ' interaction', ' is']",2,3,accessibility,pythia-1b
keyboard_interaction,2,7,0.041,keyboard,interaction,A keyboard interaction is,"['<|endoftext|>', 'A', ' keyboard', ' interaction', ' is']",2,3,accessibility,pythia-1b
keyboard_interaction,3,0,0.0201,keyboard,interaction,A keyboard interaction is,"['<|endoftext|>', 'A', ' keyboard', ' interaction', ' is']",2,3,accessibility,pythia-1b
keyboard_interaction,3,1,0.0092,keyboard,interaction,A keyboard interaction is,"['<|endoftext|>', 'A', ' keyboard', ' interaction', ' is']",2,3,accessibility,pythia-1b
keyboard_interaction,3,2,0.1662,keyboard,interaction,A keyboard interaction is,"['<|endoftext|>', 'A', ' keyboard', ' interaction', ' is']",2,3,accessibility,pythia-1b
keyboard_interaction,3,3,0.1735,keyboard,interaction,A keyboard interaction is,"['<|endoftext|>', 'A', ' keyboard', ' interaction', ' is']",2,3,accessibility,pythia-1b
keyboard_interaction,3,4,0.072,keyboard,interaction,A keyboard interaction is,"['<|endoftext|>', 'A', ' keyboard', ' interaction', ' is']",2,3,accessibility,pythia-1b
keyboard_interaction,3,5,0.9982,keyboard,interaction,A keyboard interaction is,"['<|endoftext|>', 'A', ' keyboard', ' interaction', ' is']",2,3,accessibility,pythia-1b
keyboard_interaction,3,6,0.7036,keyboard,interaction,A keyboard interaction is,"['<|endoftext|>', 'A', ' keyboard', ' interaction', ' is']",2,3,accessibility,pythia-1b
keyboard_interaction,3,7,0.1192,keyboard,interaction,A keyboard interaction is,"['<|endoftext|>', 'A', ' keyboard', ' interaction', ' is']",2,3,accessibility,pythia-1b
keyboard_interaction,4,0,0.3757,keyboard,interaction,A keyboard interaction is,"['<|endoftext|>', 'A', ' keyboard', ' interaction', ' is']",2,3,accessibility,pythia-1b
keyboard_interaction,4,1,0.0481,keyboard,interaction,A keyboard interaction is,"['<|endoftext|>', 'A', ' keyboard', ' interaction', ' is']",2,3,accessibility,pythia-1b
keyboard_interaction,4,2,0.1798,keyboard,interaction,A keyboard interaction is,"['<|endoftext|>', 'A', ' keyboard', ' interaction', ' is']",2,3,accessibility,pythia-1b
keyboard_interaction,4,3,0.033,keyboard,interaction,A keyboard interaction is,"['<|endoftext|>', 'A', ' keyboard', ' interaction', ' is']",2,3,accessibility,pythia-1b
keyboard_interaction,4,4,0.0005,keyboard,interaction,A keyboard interaction is,"['<|endoftext|>', 'A', ' keyboard', ' interaction', ' is']",2,3,accessibility,pythia-1b
keyboard_interaction,4,5,0.0029,keyboard,interaction,A keyboard interaction is,"['<|endoftext|>', 'A', ' keyboard', ' interaction', ' is']",2,3,accessibility,pythia-1b
keyboard_interaction,4,6,0.0123,keyboard,interaction,A keyboard interaction is,"['<|endoftext|>', 'A', ' keyboard', ' interaction', ' is']",2,3,accessibility,pythia-1b
keyboard_interaction,4,7,0.012,keyboard,interaction,A keyboard interaction is,"['<|endoftext|>', 'A', ' keyboard', ' interaction', ' is']",2,3,accessibility,pythia-1b
keyboard_interaction,5,0,0.0518,keyboard,interaction,A keyboard interaction is,"['<|endoftext|>', 'A', ' keyboard', ' interaction', ' is']",2,3,accessibility,pythia-1b
keyboard_interaction,5,1,0.0001,keyboard,interaction,A keyboard interaction is,"['<|endoftext|>', 'A', ' keyboard', ' interaction', ' is']",2,3,accessibility,pythia-1b
keyboard_interaction,5,2,0.026,keyboard,interaction,A keyboard interaction is,"['<|endoftext|>', 'A', ' keyboard', ' interaction', ' is']",2,3,accessibility,pythia-1b
keyboard_interaction,5,3,0.1609,keyboard,interaction,A keyboard interaction is,"['<|endoftext|>', 'A', ' keyboard', ' interaction', ' is']",2,3,accessibility,pythia-1b
keyboard_interaction,5,4,0.0626,keyboard,interaction,A keyboard interaction is,"['<|endoftext|>', 'A', ' keyboard', ' interaction', ' is']",2,3,accessibility,pythia-1b
keyboard_interaction,5,5,0.388,keyboard,interaction,A keyboard interaction is,"['<|endoftext|>', 'A', ' keyboard', ' interaction', ' is']",2,3,accessibility,pythia-1b
keyboard_interaction,5,6,0.0022,keyboard,interaction,A keyboard interaction is,"['<|endoftext|>', 'A', ' keyboard', ' interaction', ' is']",2,3,accessibility,pythia-1b
keyboard_interaction,5,7,0.0048,keyboard,interaction,A keyboard interaction is,"['<|endoftext|>', 'A', ' keyboard', ' interaction', ' is']",2,3,accessibility,pythia-1b
keyboard_interaction,6,0,0.016,keyboard,interaction,A keyboard interaction is,"['<|endoftext|>', 'A', ' keyboard', ' interaction', ' is']",2,3,accessibility,pythia-1b
keyboard_interaction,6,1,0.0348,keyboard,interaction,A keyboard interaction is,"['<|endoftext|>', 'A', ' keyboard', ' interaction', ' is']",2,3,accessibility,pythia-1b
keyboard_interaction,6,2,0.0234,keyboard,interaction,A keyboard interaction is,"['<|endoftext|>', 'A', ' keyboard', ' interaction', ' is']",2,3,accessibility,pythia-1b
keyboard_interaction,6,3,0.8188,keyboard,interaction,A keyboard interaction is,"['<|endoftext|>', 'A', ' keyboard', ' interaction', ' is']",2,3,accessibility,pythia-1b
keyboard_interaction,6,4,0.1104,keyboard,interaction,A keyboard interaction is,"['<|endoftext|>', 'A', ' keyboard', ' interaction', ' is']",2,3,accessibility,pythia-1b
keyboard_interaction,6,5,0.1139,keyboard,interaction,A keyboard interaction is,"['<|endoftext|>', 'A', ' keyboard', ' interaction', ' is']",2,3,accessibility,pythia-1b
keyboard_interaction,6,6,0.023,keyboard,interaction,A keyboard interaction is,"['<|endoftext|>', 'A', ' keyboard', ' interaction', ' is']",2,3,accessibility,pythia-1b
keyboard_interaction,6,7,0.0027,keyboard,interaction,A keyboard interaction is,"['<|endoftext|>', 'A', ' keyboard', ' interaction', ' is']",2,3,accessibility,pythia-1b
keyboard_interaction,7,0,0.0032,keyboard,interaction,A keyboard interaction is,"['<|endoftext|>', 'A', ' keyboard', ' interaction', ' is']",2,3,accessibility,pythia-1b
keyboard_interaction,7,1,0.0004,keyboard,interaction,A keyboard interaction is,"['<|endoftext|>', 'A', ' keyboard', ' interaction', ' is']",2,3,accessibility,pythia-1b
keyboard_interaction,7,2,0.0074,keyboard,interaction,A keyboard interaction is,"['<|endoftext|>', 'A', ' keyboard', ' interaction', ' is']",2,3,accessibility,pythia-1b
keyboard_interaction,7,3,0.0413,keyboard,interaction,A keyboard interaction is,"['<|endoftext|>', 'A', ' keyboard', ' interaction', ' is']",2,3,accessibility,pythia-1b
keyboard_interaction,7,4,0.128,keyboard,interaction,A keyboard interaction is,"['<|endoftext|>', 'A', ' keyboard', ' interaction', ' is']",2,3,accessibility,pythia-1b
keyboard_interaction,7,5,0.0552,keyboard,interaction,A keyboard interaction is,"['<|endoftext|>', 'A', ' keyboard', ' interaction', ' is']",2,3,accessibility,pythia-1b
keyboard_interaction,7,6,0.2128,keyboard,interaction,A keyboard interaction is,"['<|endoftext|>', 'A', ' keyboard', ' interaction', ' is']",2,3,accessibility,pythia-1b
keyboard_interaction,7,7,0.0278,keyboard,interaction,A keyboard interaction is,"['<|endoftext|>', 'A', ' keyboard', ' interaction', ' is']",2,3,accessibility,pythia-1b
keyboard_interaction,8,0,0.0059,keyboard,interaction,A keyboard interaction is,"['<|endoftext|>', 'A', ' keyboard', ' interaction', ' is']",2,3,accessibility,pythia-1b
keyboard_interaction,8,1,0.0579,keyboard,interaction,A keyboard interaction is,"['<|endoftext|>', 'A', ' keyboard', ' interaction', ' is']",2,3,accessibility,pythia-1b
keyboard_interaction,8,2,0.0458,keyboard,interaction,A keyboard interaction is,"['<|endoftext|>', 'A', ' keyboard', ' interaction', ' is']",2,3,accessibility,pythia-1b
keyboard_interaction,8,3,0.044,keyboard,interaction,A keyboard interaction is,"['<|endoftext|>', 'A', ' keyboard', ' interaction', ' is']",2,3,accessibility,pythia-1b
keyboard_interaction,8,4,0.0057,keyboard,interaction,A keyboard interaction is,"['<|endoftext|>', 'A', ' keyboard', ' interaction', ' is']",2,3,accessibility,pythia-1b
keyboard_interaction,8,5,0.023,keyboard,interaction,A keyboard interaction is,"['<|endoftext|>', 'A', ' keyboard', ' interaction', ' is']",2,3,accessibility,pythia-1b
keyboard_interaction,8,6,0.0053,keyboard,interaction,A keyboard interaction is,"['<|endoftext|>', 'A', ' keyboard', ' interaction', ' is']",2,3,accessibility,pythia-1b
keyboard_interaction,8,7,0.2225,keyboard,interaction,A keyboard interaction is,"['<|endoftext|>', 'A', ' keyboard', ' interaction', ' is']",2,3,accessibility,pythia-1b
keyboard_interaction,9,0,0.0765,keyboard,interaction,A keyboard interaction is,"['<|endoftext|>', 'A', ' keyboard', ' interaction', ' is']",2,3,accessibility,pythia-1b
keyboard_interaction,9,1,0.0281,keyboard,interaction,A keyboard interaction is,"['<|endoftext|>', 'A', ' keyboard', ' interaction', ' is']",2,3,accessibility,pythia-1b
keyboard_interaction,9,2,0.1352,keyboard,interaction,A keyboard interaction is,"['<|endoftext|>', 'A', ' keyboard', ' interaction', ' is']",2,3,accessibility,pythia-1b
keyboard_interaction,9,3,0.1133,keyboard,interaction,A keyboard interaction is,"['<|endoftext|>', 'A', ' keyboard', ' interaction', ' is']",2,3,accessibility,pythia-1b
keyboard_interaction,9,4,0.0289,keyboard,interaction,A keyboard interaction is,"['<|endoftext|>', 'A', ' keyboard', ' interaction', ' is']",2,3,accessibility,pythia-1b
keyboard_interaction,9,5,0.0041,keyboard,interaction,A keyboard interaction is,"['<|endoftext|>', 'A', ' keyboard', ' interaction', ' is']",2,3,accessibility,pythia-1b
keyboard_interaction,9,6,0.15,keyboard,interaction,A keyboard interaction is,"['<|endoftext|>', 'A', ' keyboard', ' interaction', ' is']",2,3,accessibility,pythia-1b
keyboard_interaction,9,7,0.1768,keyboard,interaction,A keyboard interaction is,"['<|endoftext|>', 'A', ' keyboard', ' interaction', ' is']",2,3,accessibility,pythia-1b
keyboard_interaction,10,0,0.0005,keyboard,interaction,A keyboard interaction is,"['<|endoftext|>', 'A', ' keyboard', ' interaction', ' is']",2,3,accessibility,pythia-1b
keyboard_interaction,10,1,0.1419,keyboard,interaction,A keyboard interaction is,"['<|endoftext|>', 'A', ' keyboard', ' interaction', ' is']",2,3,accessibility,pythia-1b
keyboard_interaction,10,2,0.0162,keyboard,interaction,A keyboard interaction is,"['<|endoftext|>', 'A', ' keyboard', ' interaction', ' is']",2,3,accessibility,pythia-1b
keyboard_interaction,10,3,0.1977,keyboard,interaction,A keyboard interaction is,"['<|endoftext|>', 'A', ' keyboard', ' interaction', ' is']",2,3,accessibility,pythia-1b
keyboard_interaction,10,4,0.0101,keyboard,interaction,A keyboard interaction is,"['<|endoftext|>', 'A', ' keyboard', ' interaction', ' is']",2,3,accessibility,pythia-1b
keyboard_interaction,10,5,0.0024,keyboard,interaction,A keyboard interaction is,"['<|endoftext|>', 'A', ' keyboard', ' interaction', ' is']",2,3,accessibility,pythia-1b
keyboard_interaction,10,6,0.0012,keyboard,interaction,A keyboard interaction is,"['<|endoftext|>', 'A', ' keyboard', ' interaction', ' is']",2,3,accessibility,pythia-1b
keyboard_interaction,10,7,0.0647,keyboard,interaction,A keyboard interaction is,"['<|endoftext|>', 'A', ' keyboard', ' interaction', ' is']",2,3,accessibility,pythia-1b
keyboard_interaction,11,0,0.0996,keyboard,interaction,A keyboard interaction is,"['<|endoftext|>', 'A', ' keyboard', ' interaction', ' is']",2,3,accessibility,pythia-1b
keyboard_interaction,11,1,0.0895,keyboard,interaction,A keyboard interaction is,"['<|endoftext|>', 'A', ' keyboard', ' interaction', ' is']",2,3,accessibility,pythia-1b
keyboard_interaction,11,2,0.0489,keyboard,interaction,A keyboard interaction is,"['<|endoftext|>', 'A', ' keyboard', ' interaction', ' is']",2,3,accessibility,pythia-1b
keyboard_interaction,11,3,0.0172,keyboard,interaction,A keyboard interaction is,"['<|endoftext|>', 'A', ' keyboard', ' interaction', ' is']",2,3,accessibility,pythia-1b
keyboard_interaction,11,4,0.1248,keyboard,interaction,A keyboard interaction is,"['<|endoftext|>', 'A', ' keyboard', ' interaction', ' is']",2,3,accessibility,pythia-1b
keyboard_interaction,11,5,0.0293,keyboard,interaction,A keyboard interaction is,"['<|endoftext|>', 'A', ' keyboard', ' interaction', ' is']",2,3,accessibility,pythia-1b
keyboard_interaction,11,6,0.0148,keyboard,interaction,A keyboard interaction is,"['<|endoftext|>', 'A', ' keyboard', ' interaction', ' is']",2,3,accessibility,pythia-1b
keyboard_interaction,11,7,0.0061,keyboard,interaction,A keyboard interaction is,"['<|endoftext|>', 'A', ' keyboard', ' interaction', ' is']",2,3,accessibility,pythia-1b
keyboard_interaction,12,0,0.0139,keyboard,interaction,A keyboard interaction is,"['<|endoftext|>', 'A', ' keyboard', ' interaction', ' is']",2,3,accessibility,pythia-1b
keyboard_interaction,12,1,0.1397,keyboard,interaction,A keyboard interaction is,"['<|endoftext|>', 'A', ' keyboard', ' interaction', ' is']",2,3,accessibility,pythia-1b
keyboard_interaction,12,2,0.0445,keyboard,interaction,A keyboard interaction is,"['<|endoftext|>', 'A', ' keyboard', ' interaction', ' is']",2,3,accessibility,pythia-1b
keyboard_interaction,12,3,0.0085,keyboard,interaction,A keyboard interaction is,"['<|endoftext|>', 'A', ' keyboard', ' interaction', ' is']",2,3,accessibility,pythia-1b
keyboard_interaction,12,4,0.0461,keyboard,interaction,A keyboard interaction is,"['<|endoftext|>', 'A', ' keyboard', ' interaction', ' is']",2,3,accessibility,pythia-1b
keyboard_interaction,12,5,0.0427,keyboard,interaction,A keyboard interaction is,"['<|endoftext|>', 'A', ' keyboard', ' interaction', ' is']",2,3,accessibility,pythia-1b
keyboard_interaction,12,6,0.0013,keyboard,interaction,A keyboard interaction is,"['<|endoftext|>', 'A', ' keyboard', ' interaction', ' is']",2,3,accessibility,pythia-1b
keyboard_interaction,12,7,0.0281,keyboard,interaction,A keyboard interaction is,"['<|endoftext|>', 'A', ' keyboard', ' interaction', ' is']",2,3,accessibility,pythia-1b
keyboard_interaction,13,0,0.2076,keyboard,interaction,A keyboard interaction is,"['<|endoftext|>', 'A', ' keyboard', ' interaction', ' is']",2,3,accessibility,pythia-1b
keyboard_interaction,13,1,0.0725,keyboard,interaction,A keyboard interaction is,"['<|endoftext|>', 'A', ' keyboard', ' interaction', ' is']",2,3,accessibility,pythia-1b
keyboard_interaction,13,2,0.0058,keyboard,interaction,A keyboard interaction is,"['<|endoftext|>', 'A', ' keyboard', ' interaction', ' is']",2,3,accessibility,pythia-1b
keyboard_interaction,13,3,0.0124,keyboard,interaction,A keyboard interaction is,"['<|endoftext|>', 'A', ' keyboard', ' interaction', ' is']",2,3,accessibility,pythia-1b
keyboard_interaction,13,4,0.2389,keyboard,interaction,A keyboard interaction is,"['<|endoftext|>', 'A', ' keyboard', ' interaction', ' is']",2,3,accessibility,pythia-1b
keyboard_interaction,13,5,0.0487,keyboard,interaction,A keyboard interaction is,"['<|endoftext|>', 'A', ' keyboard', ' interaction', ' is']",2,3,accessibility,pythia-1b
keyboard_interaction,13,6,0.0064,keyboard,interaction,A keyboard interaction is,"['<|endoftext|>', 'A', ' keyboard', ' interaction', ' is']",2,3,accessibility,pythia-1b
keyboard_interaction,13,7,0.0571,keyboard,interaction,A keyboard interaction is,"['<|endoftext|>', 'A', ' keyboard', ' interaction', ' is']",2,3,accessibility,pythia-1b
keyboard_interaction,14,0,0.0709,keyboard,interaction,A keyboard interaction is,"['<|endoftext|>', 'A', ' keyboard', ' interaction', ' is']",2,3,accessibility,pythia-1b
keyboard_interaction,14,1,0.0592,keyboard,interaction,A keyboard interaction is,"['<|endoftext|>', 'A', ' keyboard', ' interaction', ' is']",2,3,accessibility,pythia-1b
keyboard_interaction,14,2,0.1645,keyboard,interaction,A keyboard interaction is,"['<|endoftext|>', 'A', ' keyboard', ' interaction', ' is']",2,3,accessibility,pythia-1b
keyboard_interaction,14,3,0.1722,keyboard,interaction,A keyboard interaction is,"['<|endoftext|>', 'A', ' keyboard', ' interaction', ' is']",2,3,accessibility,pythia-1b
keyboard_interaction,14,4,0.0794,keyboard,interaction,A keyboard interaction is,"['<|endoftext|>', 'A', ' keyboard', ' interaction', ' is']",2,3,accessibility,pythia-1b
keyboard_interaction,14,5,0.0973,keyboard,interaction,A keyboard interaction is,"['<|endoftext|>', 'A', ' keyboard', ' interaction', ' is']",2,3,accessibility,pythia-1b
keyboard_interaction,14,6,0.0035,keyboard,interaction,A keyboard interaction is,"['<|endoftext|>', 'A', ' keyboard', ' interaction', ' is']",2,3,accessibility,pythia-1b
keyboard_interaction,14,7,0.0104,keyboard,interaction,A keyboard interaction is,"['<|endoftext|>', 'A', ' keyboard', ' interaction', ' is']",2,3,accessibility,pythia-1b
keyboard_interaction,15,0,0.1578,keyboard,interaction,A keyboard interaction is,"['<|endoftext|>', 'A', ' keyboard', ' interaction', ' is']",2,3,accessibility,pythia-1b
keyboard_interaction,15,1,0.007,keyboard,interaction,A keyboard interaction is,"['<|endoftext|>', 'A', ' keyboard', ' interaction', ' is']",2,3,accessibility,pythia-1b
keyboard_interaction,15,2,0.0748,keyboard,interaction,A keyboard interaction is,"['<|endoftext|>', 'A', ' keyboard', ' interaction', ' is']",2,3,accessibility,pythia-1b
keyboard_interaction,15,3,0.0053,keyboard,interaction,A keyboard interaction is,"['<|endoftext|>', 'A', ' keyboard', ' interaction', ' is']",2,3,accessibility,pythia-1b
keyboard_interaction,15,4,0.0678,keyboard,interaction,A keyboard interaction is,"['<|endoftext|>', 'A', ' keyboard', ' interaction', ' is']",2,3,accessibility,pythia-1b
keyboard_interaction,15,5,0.2987,keyboard,interaction,A keyboard interaction is,"['<|endoftext|>', 'A', ' keyboard', ' interaction', ' is']",2,3,accessibility,pythia-1b
keyboard_interaction,15,6,0.0065,keyboard,interaction,A keyboard interaction is,"['<|endoftext|>', 'A', ' keyboard', ' interaction', ' is']",2,3,accessibility,pythia-1b
keyboard_interaction,15,7,0.1143,keyboard,interaction,A keyboard interaction is,"['<|endoftext|>', 'A', ' keyboard', ' interaction', ' is']",2,3,accessibility,pythia-1b
section_heading,0,0,0.2613,section,heading,A section heading is,"['<|endoftext|>', 'A', ' section', ' heading', ' is']",2,3,accessibility,pythia-1b
section_heading,0,1,0.5329,section,heading,A section heading is,"['<|endoftext|>', 'A', ' section', ' heading', ' is']",2,3,accessibility,pythia-1b
section_heading,0,2,0.0,section,heading,A section heading is,"['<|endoftext|>', 'A', ' section', ' heading', ' is']",2,3,accessibility,pythia-1b
section_heading,0,3,0.1694,section,heading,A section heading is,"['<|endoftext|>', 'A', ' section', ' heading', ' is']",2,3,accessibility,pythia-1b
section_heading,0,4,0.1089,section,heading,A section heading is,"['<|endoftext|>', 'A', ' section', ' heading', ' is']",2,3,accessibility,pythia-1b
section_heading,0,5,0.2533,section,heading,A section heading is,"['<|endoftext|>', 'A', ' section', ' heading', ' is']",2,3,accessibility,pythia-1b
section_heading,0,6,0.0251,section,heading,A section heading is,"['<|endoftext|>', 'A', ' section', ' heading', ' is']",2,3,accessibility,pythia-1b
section_heading,0,7,0.022,section,heading,A section heading is,"['<|endoftext|>', 'A', ' section', ' heading', ' is']",2,3,accessibility,pythia-1b
section_heading,1,0,0.2243,section,heading,A section heading is,"['<|endoftext|>', 'A', ' section', ' heading', ' is']",2,3,accessibility,pythia-1b
section_heading,1,1,0.0811,section,heading,A section heading is,"['<|endoftext|>', 'A', ' section', ' heading', ' is']",2,3,accessibility,pythia-1b
section_heading,1,2,0.5615,section,heading,A section heading is,"['<|endoftext|>', 'A', ' section', ' heading', ' is']",2,3,accessibility,pythia-1b
section_heading,1,3,0.483,section,heading,A section heading is,"['<|endoftext|>', 'A', ' section', ' heading', ' is']",2,3,accessibility,pythia-1b
section_heading,1,4,0.1834,section,heading,A section heading is,"['<|endoftext|>', 'A', ' section', ' heading', ' is']",2,3,accessibility,pythia-1b
section_heading,1,5,0.3214,section,heading,A section heading is,"['<|endoftext|>', 'A', ' section', ' heading', ' is']",2,3,accessibility,pythia-1b
section_heading,1,6,0.25,section,heading,A section heading is,"['<|endoftext|>', 'A', ' section', ' heading', ' is']",2,3,accessibility,pythia-1b
section_heading,1,7,0.0061,section,heading,A section heading is,"['<|endoftext|>', 'A', ' section', ' heading', ' is']",2,3,accessibility,pythia-1b
section_heading,2,0,0.8682,section,heading,A section heading is,"['<|endoftext|>', 'A', ' section', ' heading', ' is']",2,3,accessibility,pythia-1b
section_heading,2,1,0.1539,section,heading,A section heading is,"['<|endoftext|>', 'A', ' section', ' heading', ' is']",2,3,accessibility,pythia-1b
section_heading,2,2,0.1646,section,heading,A section heading is,"['<|endoftext|>', 'A', ' section', ' heading', ' is']",2,3,accessibility,pythia-1b
section_heading,2,3,0.1344,section,heading,A section heading is,"['<|endoftext|>', 'A', ' section', ' heading', ' is']",2,3,accessibility,pythia-1b
section_heading,2,4,0.1714,section,heading,A section heading is,"['<|endoftext|>', 'A', ' section', ' heading', ' is']",2,3,accessibility,pythia-1b
section_heading,2,5,0.1192,section,heading,A section heading is,"['<|endoftext|>', 'A', ' section', ' heading', ' is']",2,3,accessibility,pythia-1b
section_heading,2,6,0.387,section,heading,A section heading is,"['<|endoftext|>', 'A', ' section', ' heading', ' is']",2,3,accessibility,pythia-1b
section_heading,2,7,0.1099,section,heading,A section heading is,"['<|endoftext|>', 'A', ' section', ' heading', ' is']",2,3,accessibility,pythia-1b
section_heading,3,0,0.0299,section,heading,A section heading is,"['<|endoftext|>', 'A', ' section', ' heading', ' is']",2,3,accessibility,pythia-1b
section_heading,3,1,0.2651,section,heading,A section heading is,"['<|endoftext|>', 'A', ' section', ' heading', ' is']",2,3,accessibility,pythia-1b
section_heading,3,2,0.0707,section,heading,A section heading is,"['<|endoftext|>', 'A', ' section', ' heading', ' is']",2,3,accessibility,pythia-1b
section_heading,3,3,0.0255,section,heading,A section heading is,"['<|endoftext|>', 'A', ' section', ' heading', ' is']",2,3,accessibility,pythia-1b
section_heading,3,4,0.2321,section,heading,A section heading is,"['<|endoftext|>', 'A', ' section', ' heading', ' is']",2,3,accessibility,pythia-1b
section_heading,3,5,0.997,section,heading,A section heading is,"['<|endoftext|>', 'A', ' section', ' heading', ' is']",2,3,accessibility,pythia-1b
section_heading,3,6,0.3599,section,heading,A section heading is,"['<|endoftext|>', 'A', ' section', ' heading', ' is']",2,3,accessibility,pythia-1b
section_heading,3,7,0.0569,section,heading,A section heading is,"['<|endoftext|>', 'A', ' section', ' heading', ' is']",2,3,accessibility,pythia-1b
section_heading,4,0,0.2028,section,heading,A section heading is,"['<|endoftext|>', 'A', ' section', ' heading', ' is']",2,3,accessibility,pythia-1b
section_heading,4,1,0.0081,section,heading,A section heading is,"['<|endoftext|>', 'A', ' section', ' heading', ' is']",2,3,accessibility,pythia-1b
section_heading,4,2,0.0186,section,heading,A section heading is,"['<|endoftext|>', 'A', ' section', ' heading', ' is']",2,3,accessibility,pythia-1b
section_heading,4,3,0.1387,section,heading,A section heading is,"['<|endoftext|>', 'A', ' section', ' heading', ' is']",2,3,accessibility,pythia-1b
section_heading,4,4,0.0,section,heading,A section heading is,"['<|endoftext|>', 'A', ' section', ' heading', ' is']",2,3,accessibility,pythia-1b
section_heading,4,5,0.0001,section,heading,A section heading is,"['<|endoftext|>', 'A', ' section', ' heading', ' is']",2,3,accessibility,pythia-1b
section_heading,4,6,0.0297,section,heading,A section heading is,"['<|endoftext|>', 'A', ' section', ' heading', ' is']",2,3,accessibility,pythia-1b
section_heading,4,7,0.0569,section,heading,A section heading is,"['<|endoftext|>', 'A', ' section', ' heading', ' is']",2,3,accessibility,pythia-1b
section_heading,5,0,0.2007,section,heading,A section heading is,"['<|endoftext|>', 'A', ' section', ' heading', ' is']",2,3,accessibility,pythia-1b
section_heading,5,1,0.0,section,heading,A section heading is,"['<|endoftext|>', 'A', ' section', ' heading', ' is']",2,3,accessibility,pythia-1b
section_heading,5,2,0.2155,section,heading,A section heading is,"['<|endoftext|>', 'A', ' section', ' heading', ' is']",2,3,accessibility,pythia-1b
section_heading,5,3,0.1017,section,heading,A section heading is,"['<|endoftext|>', 'A', ' section', ' heading', ' is']",2,3,accessibility,pythia-1b
section_heading,5,4,0.0209,section,heading,A section heading is,"['<|endoftext|>', 'A', ' section', ' heading', ' is']",2,3,accessibility,pythia-1b
section_heading,5,5,0.277,section,heading,A section heading is,"['<|endoftext|>', 'A', ' section', ' heading', ' is']",2,3,accessibility,pythia-1b
section_heading,5,6,0.0012,section,heading,A section heading is,"['<|endoftext|>', 'A', ' section', ' heading', ' is']",2,3,accessibility,pythia-1b
section_heading,5,7,0.0002,section,heading,A section heading is,"['<|endoftext|>', 'A', ' section', ' heading', ' is']",2,3,accessibility,pythia-1b
section_heading,6,0,0.0581,section,heading,A section heading is,"['<|endoftext|>', 'A', ' section', ' heading', ' is']",2,3,accessibility,pythia-1b
section_heading,6,1,0.023,section,heading,A section heading is,"['<|endoftext|>', 'A', ' section', ' heading', ' is']",2,3,accessibility,pythia-1b
section_heading,6,2,0.0025,section,heading,A section heading is,"['<|endoftext|>', 'A', ' section', ' heading', ' is']",2,3,accessibility,pythia-1b
section_heading,6,3,0.922,section,heading,A section heading is,"['<|endoftext|>', 'A', ' section', ' heading', ' is']",2,3,accessibility,pythia-1b
section_heading,6,4,0.0985,section,heading,A section heading is,"['<|endoftext|>', 'A', ' section', ' heading', ' is']",2,3,accessibility,pythia-1b
section_heading,6,5,0.059,section,heading,A section heading is,"['<|endoftext|>', 'A', ' section', ' heading', ' is']",2,3,accessibility,pythia-1b
section_heading,6,6,0.0078,section,heading,A section heading is,"['<|endoftext|>', 'A', ' section', ' heading', ' is']",2,3,accessibility,pythia-1b
section_heading,6,7,0.0004,section,heading,A section heading is,"['<|endoftext|>', 'A', ' section', ' heading', ' is']",2,3,accessibility,pythia-1b
section_heading,7,0,0.0,section,heading,A section heading is,"['<|endoftext|>', 'A', ' section', ' heading', ' is']",2,3,accessibility,pythia-1b
section_heading,7,1,0.0,section,heading,A section heading is,"['<|endoftext|>', 'A', ' section', ' heading', ' is']",2,3,accessibility,pythia-1b
section_heading,7,2,0.0004,section,heading,A section heading is,"['<|endoftext|>', 'A', ' section', ' heading', ' is']",2,3,accessibility,pythia-1b
section_heading,7,3,0.0415,section,heading,A section heading is,"['<|endoftext|>', 'A', ' section', ' heading', ' is']",2,3,accessibility,pythia-1b
section_heading,7,4,0.1311,section,heading,A section heading is,"['<|endoftext|>', 'A', ' section', ' heading', ' is']",2,3,accessibility,pythia-1b
section_heading,7,5,0.0487,section,heading,A section heading is,"['<|endoftext|>', 'A', ' section', ' heading', ' is']",2,3,accessibility,pythia-1b
section_heading,7,6,0.1616,section,heading,A section heading is,"['<|endoftext|>', 'A', ' section', ' heading', ' is']",2,3,accessibility,pythia-1b
section_heading,7,7,0.0327,section,heading,A section heading is,"['<|endoftext|>', 'A', ' section', ' heading', ' is']",2,3,accessibility,pythia-1b
section_heading,8,0,0.0011,section,heading,A section heading is,"['<|endoftext|>', 'A', ' section', ' heading', ' is']",2,3,accessibility,pythia-1b
section_heading,8,1,0.0196,section,heading,A section heading is,"['<|endoftext|>', 'A', ' section', ' heading', ' is']",2,3,accessibility,pythia-1b
section_heading,8,2,0.0186,section,heading,A section heading is,"['<|endoftext|>', 'A', ' section', ' heading', ' is']",2,3,accessibility,pythia-1b
section_heading,8,3,0.0243,section,heading,A section heading is,"['<|endoftext|>', 'A', ' section', ' heading', ' is']",2,3,accessibility,pythia-1b
section_heading,8,4,0.0039,section,heading,A section heading is,"['<|endoftext|>', 'A', ' section', ' heading', ' is']",2,3,accessibility,pythia-1b
section_heading,8,5,0.0015,section,heading,A section heading is,"['<|endoftext|>', 'A', ' section', ' heading', ' is']",2,3,accessibility,pythia-1b
section_heading,8,6,0.001,section,heading,A section heading is,"['<|endoftext|>', 'A', ' section', ' heading', ' is']",2,3,accessibility,pythia-1b
section_heading,8,7,0.0417,section,heading,A section heading is,"['<|endoftext|>', 'A', ' section', ' heading', ' is']",2,3,accessibility,pythia-1b
section_heading,9,0,0.0407,section,heading,A section heading is,"['<|endoftext|>', 'A', ' section', ' heading', ' is']",2,3,accessibility,pythia-1b
section_heading,9,1,0.0052,section,heading,A section heading is,"['<|endoftext|>', 'A', ' section', ' heading', ' is']",2,3,accessibility,pythia-1b
section_heading,9,2,0.0664,section,heading,A section heading is,"['<|endoftext|>', 'A', ' section', ' heading', ' is']",2,3,accessibility,pythia-1b
section_heading,9,3,0.0144,section,heading,A section heading is,"['<|endoftext|>', 'A', ' section', ' heading', ' is']",2,3,accessibility,pythia-1b
section_heading,9,4,0.0032,section,heading,A section heading is,"['<|endoftext|>', 'A', ' section', ' heading', ' is']",2,3,accessibility,pythia-1b
section_heading,9,5,0.03,section,heading,A section heading is,"['<|endoftext|>', 'A', ' section', ' heading', ' is']",2,3,accessibility,pythia-1b
section_heading,9,6,0.0382,section,heading,A section heading is,"['<|endoftext|>', 'A', ' section', ' heading', ' is']",2,3,accessibility,pythia-1b
section_heading,9,7,0.0478,section,heading,A section heading is,"['<|endoftext|>', 'A', ' section', ' heading', ' is']",2,3,accessibility,pythia-1b
section_heading,10,0,0.0098,section,heading,A section heading is,"['<|endoftext|>', 'A', ' section', ' heading', ' is']",2,3,accessibility,pythia-1b
section_heading,10,1,0.1385,section,heading,A section heading is,"['<|endoftext|>', 'A', ' section', ' heading', ' is']",2,3,accessibility,pythia-1b
section_heading,10,2,0.0246,section,heading,A section heading is,"['<|endoftext|>', 'A', ' section', ' heading', ' is']",2,3,accessibility,pythia-1b
section_heading,10,3,0.0953,section,heading,A section heading is,"['<|endoftext|>', 'A', ' section', ' heading', ' is']",2,3,accessibility,pythia-1b
section_heading,10,4,0.0197,section,heading,A section heading is,"['<|endoftext|>', 'A', ' section', ' heading', ' is']",2,3,accessibility,pythia-1b
section_heading,10,5,0.0002,section,heading,A section heading is,"['<|endoftext|>', 'A', ' section', ' heading', ' is']",2,3,accessibility,pythia-1b
section_heading,10,6,0.0,section,heading,A section heading is,"['<|endoftext|>', 'A', ' section', ' heading', ' is']",2,3,accessibility,pythia-1b
section_heading,10,7,0.0333,section,heading,A section heading is,"['<|endoftext|>', 'A', ' section', ' heading', ' is']",2,3,accessibility,pythia-1b
section_heading,11,0,0.0836,section,heading,A section heading is,"['<|endoftext|>', 'A', ' section', ' heading', ' is']",2,3,accessibility,pythia-1b
section_heading,11,1,0.0617,section,heading,A section heading is,"['<|endoftext|>', 'A', ' section', ' heading', ' is']",2,3,accessibility,pythia-1b
section_heading,11,2,0.0023,section,heading,A section heading is,"['<|endoftext|>', 'A', ' section', ' heading', ' is']",2,3,accessibility,pythia-1b
section_heading,11,3,0.0102,section,heading,A section heading is,"['<|endoftext|>', 'A', ' section', ' heading', ' is']",2,3,accessibility,pythia-1b
section_heading,11,4,0.0432,section,heading,A section heading is,"['<|endoftext|>', 'A', ' section', ' heading', ' is']",2,3,accessibility,pythia-1b
section_heading,11,5,0.0098,section,heading,A section heading is,"['<|endoftext|>', 'A', ' section', ' heading', ' is']",2,3,accessibility,pythia-1b
section_heading,11,6,0.0015,section,heading,A section heading is,"['<|endoftext|>', 'A', ' section', ' heading', ' is']",2,3,accessibility,pythia-1b
section_heading,11,7,0.0009,section,heading,A section heading is,"['<|endoftext|>', 'A', ' section', ' heading', ' is']",2,3,accessibility,pythia-1b
section_heading,12,0,0.0372,section,heading,A section heading is,"['<|endoftext|>', 'A', ' section', ' heading', ' is']",2,3,accessibility,pythia-1b
section_heading,12,1,0.0249,section,heading,A section heading is,"['<|endoftext|>', 'A', ' section', ' heading', ' is']",2,3,accessibility,pythia-1b
section_heading,12,2,0.0133,section,heading,A section heading is,"['<|endoftext|>', 'A', ' section', ' heading', ' is']",2,3,accessibility,pythia-1b
section_heading,12,3,0.0264,section,heading,A section heading is,"['<|endoftext|>', 'A', ' section', ' heading', ' is']",2,3,accessibility,pythia-1b
section_heading,12,4,0.0356,section,heading,A section heading is,"['<|endoftext|>', 'A', ' section', ' heading', ' is']",2,3,accessibility,pythia-1b
section_heading,12,5,0.1012,section,heading,A section heading is,"['<|endoftext|>', 'A', ' section', ' heading', ' is']",2,3,accessibility,pythia-1b
section_heading,12,6,0.0225,section,heading,A section heading is,"['<|endoftext|>', 'A', ' section', ' heading', ' is']",2,3,accessibility,pythia-1b
section_heading,12,7,0.1284,section,heading,A section heading is,"['<|endoftext|>', 'A', ' section', ' heading', ' is']",2,3,accessibility,pythia-1b
section_heading,13,0,0.1065,section,heading,A section heading is,"['<|endoftext|>', 'A', ' section', ' heading', ' is']",2,3,accessibility,pythia-1b
section_heading,13,1,0.0065,section,heading,A section heading is,"['<|endoftext|>', 'A', ' section', ' heading', ' is']",2,3,accessibility,pythia-1b
section_heading,13,2,0.0057,section,heading,A section heading is,"['<|endoftext|>', 'A', ' section', ' heading', ' is']",2,3,accessibility,pythia-1b
section_heading,13,3,0.0215,section,heading,A section heading is,"['<|endoftext|>', 'A', ' section', ' heading', ' is']",2,3,accessibility,pythia-1b
section_heading,13,4,0.186,section,heading,A section heading is,"['<|endoftext|>', 'A', ' section', ' heading', ' is']",2,3,accessibility,pythia-1b
section_heading,13,5,0.0917,section,heading,A section heading is,"['<|endoftext|>', 'A', ' section', ' heading', ' is']",2,3,accessibility,pythia-1b
section_heading,13,6,0.0102,section,heading,A section heading is,"['<|endoftext|>', 'A', ' section', ' heading', ' is']",2,3,accessibility,pythia-1b
section_heading,13,7,0.0245,section,heading,A section heading is,"['<|endoftext|>', 'A', ' section', ' heading', ' is']",2,3,accessibility,pythia-1b
section_heading,14,0,0.0608,section,heading,A section heading is,"['<|endoftext|>', 'A', ' section', ' heading', ' is']",2,3,accessibility,pythia-1b
section_heading,14,1,0.1556,section,heading,A section heading is,"['<|endoftext|>', 'A', ' section', ' heading', ' is']",2,3,accessibility,pythia-1b
section_heading,14,2,0.1109,section,heading,A section heading is,"['<|endoftext|>', 'A', ' section', ' heading', ' is']",2,3,accessibility,pythia-1b
section_heading,14,3,0.2045,section,heading,A section heading is,"['<|endoftext|>', 'A', ' section', ' heading', ' is']",2,3,accessibility,pythia-1b
section_heading,14,4,0.0855,section,heading,A section heading is,"['<|endoftext|>', 'A', ' section', ' heading', ' is']",2,3,accessibility,pythia-1b
section_heading,14,5,0.0461,section,heading,A section heading is,"['<|endoftext|>', 'A', ' section', ' heading', ' is']",2,3,accessibility,pythia-1b
section_heading,14,6,0.0449,section,heading,A section heading is,"['<|endoftext|>', 'A', ' section', ' heading', ' is']",2,3,accessibility,pythia-1b
section_heading,14,7,0.0387,section,heading,A section heading is,"['<|endoftext|>', 'A', ' section', ' heading', ' is']",2,3,accessibility,pythia-1b
section_heading,15,0,0.1526,section,heading,A section heading is,"['<|endoftext|>', 'A', ' section', ' heading', ' is']",2,3,accessibility,pythia-1b
section_heading,15,1,0.0567,section,heading,A section heading is,"['<|endoftext|>', 'A', ' section', ' heading', ' is']",2,3,accessibility,pythia-1b
section_heading,15,2,0.1827,section,heading,A section heading is,"['<|endoftext|>', 'A', ' section', ' heading', ' is']",2,3,accessibility,pythia-1b
section_heading,15,3,0.094,section,heading,A section heading is,"['<|endoftext|>', 'A', ' section', ' heading', ' is']",2,3,accessibility,pythia-1b
section_heading,15,4,0.1189,section,heading,A section heading is,"['<|endoftext|>', 'A', ' section', ' heading', ' is']",2,3,accessibility,pythia-1b
section_heading,15,5,0.1276,section,heading,A section heading is,"['<|endoftext|>', 'A', ' section', ' heading', ' is']",2,3,accessibility,pythia-1b
section_heading,15,6,0.0347,section,heading,A section heading is,"['<|endoftext|>', 'A', ' section', ' heading', ' is']",2,3,accessibility,pythia-1b
section_heading,15,7,0.1944,section,heading,A section heading is,"['<|endoftext|>', 'A', ' section', ' heading', ' is']",2,3,accessibility,pythia-1b
text_alternative,0,0,0.2356,text,alternative,A text alternative is,"['<|endoftext|>', 'A', ' text', ' alternative', ' is']",2,3,accessibility,pythia-1b
text_alternative,0,1,0.0801,text,alternative,A text alternative is,"['<|endoftext|>', 'A', ' text', ' alternative', ' is']",2,3,accessibility,pythia-1b
text_alternative,0,2,0.0,text,alternative,A text alternative is,"['<|endoftext|>', 'A', ' text', ' alternative', ' is']",2,3,accessibility,pythia-1b
text_alternative,0,3,0.3026,text,alternative,A text alternative is,"['<|endoftext|>', 'A', ' text', ' alternative', ' is']",2,3,accessibility,pythia-1b
text_alternative,0,4,0.0401,text,alternative,A text alternative is,"['<|endoftext|>', 'A', ' text', ' alternative', ' is']",2,3,accessibility,pythia-1b
text_alternative,0,5,0.3766,text,alternative,A text alternative is,"['<|endoftext|>', 'A', ' text', ' alternative', ' is']",2,3,accessibility,pythia-1b
text_alternative,0,6,0.0248,text,alternative,A text alternative is,"['<|endoftext|>', 'A', ' text', ' alternative', ' is']",2,3,accessibility,pythia-1b
text_alternative,0,7,0.0011,text,alternative,A text alternative is,"['<|endoftext|>', 'A', ' text', ' alternative', ' is']",2,3,accessibility,pythia-1b
text_alternative,1,0,0.4583,text,alternative,A text alternative is,"['<|endoftext|>', 'A', ' text', ' alternative', ' is']",2,3,accessibility,pythia-1b
text_alternative,1,1,0.0682,text,alternative,A text alternative is,"['<|endoftext|>', 'A', ' text', ' alternative', ' is']",2,3,accessibility,pythia-1b
text_alternative,1,2,0.18,text,alternative,A text alternative is,"['<|endoftext|>', 'A', ' text', ' alternative', ' is']",2,3,accessibility,pythia-1b
text_alternative,1,3,0.643,text,alternative,A text alternative is,"['<|endoftext|>', 'A', ' text', ' alternative', ' is']",2,3,accessibility,pythia-1b
text_alternative,1,4,0.1934,text,alternative,A text alternative is,"['<|endoftext|>', 'A', ' text', ' alternative', ' is']",2,3,accessibility,pythia-1b
text_alternative,1,5,0.5407,text,alternative,A text alternative is,"['<|endoftext|>', 'A', ' text', ' alternative', ' is']",2,3,accessibility,pythia-1b
text_alternative,1,6,0.2618,text,alternative,A text alternative is,"['<|endoftext|>', 'A', ' text', ' alternative', ' is']",2,3,accessibility,pythia-1b
text_alternative,1,7,0.0014,text,alternative,A text alternative is,"['<|endoftext|>', 'A', ' text', ' alternative', ' is']",2,3,accessibility,pythia-1b
text_alternative,2,0,0.619,text,alternative,A text alternative is,"['<|endoftext|>', 'A', ' text', ' alternative', ' is']",2,3,accessibility,pythia-1b
text_alternative,2,1,0.2512,text,alternative,A text alternative is,"['<|endoftext|>', 'A', ' text', ' alternative', ' is']",2,3,accessibility,pythia-1b
text_alternative,2,2,0.1247,text,alternative,A text alternative is,"['<|endoftext|>', 'A', ' text', ' alternative', ' is']",2,3,accessibility,pythia-1b
text_alternative,2,3,0.4817,text,alternative,A text alternative is,"['<|endoftext|>', 'A', ' text', ' alternative', ' is']",2,3,accessibility,pythia-1b
text_alternative,2,4,0.4461,text,alternative,A text alternative is,"['<|endoftext|>', 'A', ' text', ' alternative', ' is']",2,3,accessibility,pythia-1b
text_alternative,2,5,0.1057,text,alternative,A text alternative is,"['<|endoftext|>', 'A', ' text', ' alternative', ' is']",2,3,accessibility,pythia-1b
text_alternative,2,6,0.1217,text,alternative,A text alternative is,"['<|endoftext|>', 'A', ' text', ' alternative', ' is']",2,3,accessibility,pythia-1b
text_alternative,2,7,0.0165,text,alternative,A text alternative is,"['<|endoftext|>', 'A', ' text', ' alternative', ' is']",2,3,accessibility,pythia-1b
text_alternative,3,0,0.0374,text,alternative,A text alternative is,"['<|endoftext|>', 'A', ' text', ' alternative', ' is']",2,3,accessibility,pythia-1b
text_alternative,3,1,0.0687,text,alternative,A text alternative is,"['<|endoftext|>', 'A', ' text', ' alternative', ' is']",2,3,accessibility,pythia-1b
text_alternative,3,2,0.1135,text,alternative,A text alternative is,"['<|endoftext|>', 'A', ' text', ' alternative', ' is']",2,3,accessibility,pythia-1b
text_alternative,3,3,0.0612,text,alternative,A text alternative is,"['<|endoftext|>', 'A', ' text', ' alternative', ' is']",2,3,accessibility,pythia-1b
text_alternative,3,4,0.0304,text,alternative,A text alternative is,"['<|endoftext|>', 'A', ' text', ' alternative', ' is']",2,3,accessibility,pythia-1b
text_alternative,3,5,0.9937,text,alternative,A text alternative is,"['<|endoftext|>', 'A', ' text', ' alternative', ' is']",2,3,accessibility,pythia-1b
text_alternative,3,6,0.6144,text,alternative,A text alternative is,"['<|endoftext|>', 'A', ' text', ' alternative', ' is']",2,3,accessibility,pythia-1b
text_alternative,3,7,0.0821,text,alternative,A text alternative is,"['<|endoftext|>', 'A', ' text', ' alternative', ' is']",2,3,accessibility,pythia-1b
text_alternative,4,0,0.0392,text,alternative,A text alternative is,"['<|endoftext|>', 'A', ' text', ' alternative', ' is']",2,3,accessibility,pythia-1b
text_alternative,4,1,0.0309,text,alternative,A text alternative is,"['<|endoftext|>', 'A', ' text', ' alternative', ' is']",2,3,accessibility,pythia-1b
text_alternative,4,2,0.0173,text,alternative,A text alternative is,"['<|endoftext|>', 'A', ' text', ' alternative', ' is']",2,3,accessibility,pythia-1b
text_alternative,4,3,0.0587,text,alternative,A text alternative is,"['<|endoftext|>', 'A', ' text', ' alternative', ' is']",2,3,accessibility,pythia-1b
text_alternative,4,4,0.0,text,alternative,A text alternative is,"['<|endoftext|>', 'A', ' text', ' alternative', ' is']",2,3,accessibility,pythia-1b
text_alternative,4,5,0.0041,text,alternative,A text alternative is,"['<|endoftext|>', 'A', ' text', ' alternative', ' is']",2,3,accessibility,pythia-1b
text_alternative,4,6,0.0588,text,alternative,A text alternative is,"['<|endoftext|>', 'A', ' text', ' alternative', ' is']",2,3,accessibility,pythia-1b
text_alternative,4,7,0.0235,text,alternative,A text alternative is,"['<|endoftext|>', 'A', ' text', ' alternative', ' is']",2,3,accessibility,pythia-1b
text_alternative,5,0,0.0158,text,alternative,A text alternative is,"['<|endoftext|>', 'A', ' text', ' alternative', ' is']",2,3,accessibility,pythia-1b
text_alternative,5,1,0.0,text,alternative,A text alternative is,"['<|endoftext|>', 'A', ' text', ' alternative', ' is']",2,3,accessibility,pythia-1b
text_alternative,5,2,0.0133,text,alternative,A text alternative is,"['<|endoftext|>', 'A', ' text', ' alternative', ' is']",2,3,accessibility,pythia-1b
text_alternative,5,3,0.0628,text,alternative,A text alternative is,"['<|endoftext|>', 'A', ' text', ' alternative', ' is']",2,3,accessibility,pythia-1b
text_alternative,5,4,0.0062,text,alternative,A text alternative is,"['<|endoftext|>', 'A', ' text', ' alternative', ' is']",2,3,accessibility,pythia-1b
text_alternative,5,5,0.1192,text,alternative,A text alternative is,"['<|endoftext|>', 'A', ' text', ' alternative', ' is']",2,3,accessibility,pythia-1b
text_alternative,5,6,0.0056,text,alternative,A text alternative is,"['<|endoftext|>', 'A', ' text', ' alternative', ' is']",2,3,accessibility,pythia-1b
text_alternative,5,7,0.0011,text,alternative,A text alternative is,"['<|endoftext|>', 'A', ' text', ' alternative', ' is']",2,3,accessibility,pythia-1b
text_alternative,6,0,0.0066,text,alternative,A text alternative is,"['<|endoftext|>', 'A', ' text', ' alternative', ' is']",2,3,accessibility,pythia-1b
text_alternative,6,1,0.0053,text,alternative,A text alternative is,"['<|endoftext|>', 'A', ' text', ' alternative', ' is']",2,3,accessibility,pythia-1b
text_alternative,6,2,0.0095,text,alternative,A text alternative is,"['<|endoftext|>', 'A', ' text', ' alternative', ' is']",2,3,accessibility,pythia-1b
text_alternative,6,3,0.9109,text,alternative,A text alternative is,"['<|endoftext|>', 'A', ' text', ' alternative', ' is']",2,3,accessibility,pythia-1b
text_alternative,6,4,0.1316,text,alternative,A text alternative is,"['<|endoftext|>', 'A', ' text', ' alternative', ' is']",2,3,accessibility,pythia-1b
text_alternative,6,5,0.2517,text,alternative,A text alternative is,"['<|endoftext|>', 'A', ' text', ' alternative', ' is']",2,3,accessibility,pythia-1b
text_alternative,6,6,0.0284,text,alternative,A text alternative is,"['<|endoftext|>', 'A', ' text', ' alternative', ' is']",2,3,accessibility,pythia-1b
text_alternative,6,7,0.0302,text,alternative,A text alternative is,"['<|endoftext|>', 'A', ' text', ' alternative', ' is']",2,3,accessibility,pythia-1b
text_alternative,7,0,0.0009,text,alternative,A text alternative is,"['<|endoftext|>', 'A', ' text', ' alternative', ' is']",2,3,accessibility,pythia-1b
text_alternative,7,1,0.0003,text,alternative,A text alternative is,"['<|endoftext|>', 'A', ' text', ' alternative', ' is']",2,3,accessibility,pythia-1b
text_alternative,7,2,0.0008,text,alternative,A text alternative is,"['<|endoftext|>', 'A', ' text', ' alternative', ' is']",2,3,accessibility,pythia-1b
text_alternative,7,3,0.0138,text,alternative,A text alternative is,"['<|endoftext|>', 'A', ' text', ' alternative', ' is']",2,3,accessibility,pythia-1b
text_alternative,7,4,0.0167,text,alternative,A text alternative is,"['<|endoftext|>', 'A', ' text', ' alternative', ' is']",2,3,accessibility,pythia-1b
text_alternative,7,5,0.0487,text,alternative,A text alternative is,"['<|endoftext|>', 'A', ' text', ' alternative', ' is']",2,3,accessibility,pythia-1b
text_alternative,7,6,0.0903,text,alternative,A text alternative is,"['<|endoftext|>', 'A', ' text', ' alternative', ' is']",2,3,accessibility,pythia-1b
text_alternative,7,7,0.0477,text,alternative,A text alternative is,"['<|endoftext|>', 'A', ' text', ' alternative', ' is']",2,3,accessibility,pythia-1b
text_alternative,8,0,0.0017,text,alternative,A text alternative is,"['<|endoftext|>', 'A', ' text', ' alternative', ' is']",2,3,accessibility,pythia-1b
text_alternative,8,1,0.0136,text,alternative,A text alternative is,"['<|endoftext|>', 'A', ' text', ' alternative', ' is']",2,3,accessibility,pythia-1b
text_alternative,8,2,0.0209,text,alternative,A text alternative is,"['<|endoftext|>', 'A', ' text', ' alternative', ' is']",2,3,accessibility,pythia-1b
text_alternative,8,3,0.3677,text,alternative,A text alternative is,"['<|endoftext|>', 'A', ' text', ' alternative', ' is']",2,3,accessibility,pythia-1b
text_alternative,8,4,0.0106,text,alternative,A text alternative is,"['<|endoftext|>', 'A', ' text', ' alternative', ' is']",2,3,accessibility,pythia-1b
text_alternative,8,5,0.0216,text,alternative,A text alternative is,"['<|endoftext|>', 'A', ' text', ' alternative', ' is']",2,3,accessibility,pythia-1b
text_alternative,8,6,0.0014,text,alternative,A text alternative is,"['<|endoftext|>', 'A', ' text', ' alternative', ' is']",2,3,accessibility,pythia-1b
text_alternative,8,7,0.1019,text,alternative,A text alternative is,"['<|endoftext|>', 'A', ' text', ' alternative', ' is']",2,3,accessibility,pythia-1b
text_alternative,9,0,0.0778,text,alternative,A text alternative is,"['<|endoftext|>', 'A', ' text', ' alternative', ' is']",2,3,accessibility,pythia-1b
text_alternative,9,1,0.0493,text,alternative,A text alternative is,"['<|endoftext|>', 'A', ' text', ' alternative', ' is']",2,3,accessibility,pythia-1b
text_alternative,9,2,0.0548,text,alternative,A text alternative is,"['<|endoftext|>', 'A', ' text', ' alternative', ' is']",2,3,accessibility,pythia-1b
text_alternative,9,3,0.024,text,alternative,A text alternative is,"['<|endoftext|>', 'A', ' text', ' alternative', ' is']",2,3,accessibility,pythia-1b
text_alternative,9,4,0.008,text,alternative,A text alternative is,"['<|endoftext|>', 'A', ' text', ' alternative', ' is']",2,3,accessibility,pythia-1b
text_alternative,9,5,0.0057,text,alternative,A text alternative is,"['<|endoftext|>', 'A', ' text', ' alternative', ' is']",2,3,accessibility,pythia-1b
text_alternative,9,6,0.3721,text,alternative,A text alternative is,"['<|endoftext|>', 'A', ' text', ' alternative', ' is']",2,3,accessibility,pythia-1b
text_alternative,9,7,0.2703,text,alternative,A text alternative is,"['<|endoftext|>', 'A', ' text', ' alternative', ' is']",2,3,accessibility,pythia-1b
text_alternative,10,0,0.0011,text,alternative,A text alternative is,"['<|endoftext|>', 'A', ' text', ' alternative', ' is']",2,3,accessibility,pythia-1b
text_alternative,10,1,0.0961,text,alternative,A text alternative is,"['<|endoftext|>', 'A', ' text', ' alternative', ' is']",2,3,accessibility,pythia-1b
text_alternative,10,2,0.0152,text,alternative,A text alternative is,"['<|endoftext|>', 'A', ' text', ' alternative', ' is']",2,3,accessibility,pythia-1b
text_alternative,10,3,0.1812,text,alternative,A text alternative is,"['<|endoftext|>', 'A', ' text', ' alternative', ' is']",2,3,accessibility,pythia-1b
text_alternative,10,4,0.0106,text,alternative,A text alternative is,"['<|endoftext|>', 'A', ' text', ' alternative', ' is']",2,3,accessibility,pythia-1b
text_alternative,10,5,0.0007,text,alternative,A text alternative is,"['<|endoftext|>', 'A', ' text', ' alternative', ' is']",2,3,accessibility,pythia-1b
text_alternative,10,6,0.0002,text,alternative,A text alternative is,"['<|endoftext|>', 'A', ' text', ' alternative', ' is']",2,3,accessibility,pythia-1b
text_alternative,10,7,0.0119,text,alternative,A text alternative is,"['<|endoftext|>', 'A', ' text', ' alternative', ' is']",2,3,accessibility,pythia-1b
text_alternative,11,0,0.0562,text,alternative,A text alternative is,"['<|endoftext|>', 'A', ' text', ' alternative', ' is']",2,3,accessibility,pythia-1b
text_alternative,11,1,0.0126,text,alternative,A text alternative is,"['<|endoftext|>', 'A', ' text', ' alternative', ' is']",2,3,accessibility,pythia-1b
text_alternative,11,2,0.0228,text,alternative,A text alternative is,"['<|endoftext|>', 'A', ' text', ' alternative', ' is']",2,3,accessibility,pythia-1b
text_alternative,11,3,0.0071,text,alternative,A text alternative is,"['<|endoftext|>', 'A', ' text', ' alternative', ' is']",2,3,accessibility,pythia-1b
text_alternative,11,4,0.1128,text,alternative,A text alternative is,"['<|endoftext|>', 'A', ' text', ' alternative', ' is']",2,3,accessibility,pythia-1b
text_alternative,11,5,0.0304,text,alternative,A text alternative is,"['<|endoftext|>', 'A', ' text', ' alternative', ' is']",2,3,accessibility,pythia-1b
text_alternative,11,6,0.006,text,alternative,A text alternative is,"['<|endoftext|>', 'A', ' text', ' alternative', ' is']",2,3,accessibility,pythia-1b
text_alternative,11,7,0.0009,text,alternative,A text alternative is,"['<|endoftext|>', 'A', ' text', ' alternative', ' is']",2,3,accessibility,pythia-1b
text_alternative,12,0,0.0163,text,alternative,A text alternative is,"['<|endoftext|>', 'A', ' text', ' alternative', ' is']",2,3,accessibility,pythia-1b
text_alternative,12,1,0.0397,text,alternative,A text alternative is,"['<|endoftext|>', 'A', ' text', ' alternative', ' is']",2,3,accessibility,pythia-1b
text_alternative,12,2,0.049,text,alternative,A text alternative is,"['<|endoftext|>', 'A', ' text', ' alternative', ' is']",2,3,accessibility,pythia-1b
text_alternative,12,3,0.0045,text,alternative,A text alternative is,"['<|endoftext|>', 'A', ' text', ' alternative', ' is']",2,3,accessibility,pythia-1b
text_alternative,12,4,0.0718,text,alternative,A text alternative is,"['<|endoftext|>', 'A', ' text', ' alternative', ' is']",2,3,accessibility,pythia-1b
text_alternative,12,5,0.0147,text,alternative,A text alternative is,"['<|endoftext|>', 'A', ' text', ' alternative', ' is']",2,3,accessibility,pythia-1b
text_alternative,12,6,0.023,text,alternative,A text alternative is,"['<|endoftext|>', 'A', ' text', ' alternative', ' is']",2,3,accessibility,pythia-1b
text_alternative,12,7,0.0216,text,alternative,A text alternative is,"['<|endoftext|>', 'A', ' text', ' alternative', ' is']",2,3,accessibility,pythia-1b
text_alternative,13,0,0.1937,text,alternative,A text alternative is,"['<|endoftext|>', 'A', ' text', ' alternative', ' is']",2,3,accessibility,pythia-1b
text_alternative,13,1,0.1275,text,alternative,A text alternative is,"['<|endoftext|>', 'A', ' text', ' alternative', ' is']",2,3,accessibility,pythia-1b
text_alternative,13,2,0.0025,text,alternative,A text alternative is,"['<|endoftext|>', 'A', ' text', ' alternative', ' is']",2,3,accessibility,pythia-1b
text_alternative,13,3,0.0136,text,alternative,A text alternative is,"['<|endoftext|>', 'A', ' text', ' alternative', ' is']",2,3,accessibility,pythia-1b
text_alternative,13,4,0.2513,text,alternative,A text alternative is,"['<|endoftext|>', 'A', ' text', ' alternative', ' is']",2,3,accessibility,pythia-1b
text_alternative,13,5,0.0184,text,alternative,A text alternative is,"['<|endoftext|>', 'A', ' text', ' alternative', ' is']",2,3,accessibility,pythia-1b
text_alternative,13,6,0.0132,text,alternative,A text alternative is,"['<|endoftext|>', 'A', ' text', ' alternative', ' is']",2,3,accessibility,pythia-1b
text_alternative,13,7,0.0518,text,alternative,A text alternative is,"['<|endoftext|>', 'A', ' text', ' alternative', ' is']",2,3,accessibility,pythia-1b
text_alternative,14,0,0.0509,text,alternative,A text alternative is,"['<|endoftext|>', 'A', ' text', ' alternative', ' is']",2,3,accessibility,pythia-1b
text_alternative,14,1,0.0411,text,alternative,A text alternative is,"['<|endoftext|>', 'A', ' text', ' alternative', ' is']",2,3,accessibility,pythia-1b
text_alternative,14,2,0.2566,text,alternative,A text alternative is,"['<|endoftext|>', 'A', ' text', ' alternative', ' is']",2,3,accessibility,pythia-1b
text_alternative,14,3,0.2149,text,alternative,A text alternative is,"['<|endoftext|>', 'A', ' text', ' alternative', ' is']",2,3,accessibility,pythia-1b
text_alternative,14,4,0.027,text,alternative,A text alternative is,"['<|endoftext|>', 'A', ' text', ' alternative', ' is']",2,3,accessibility,pythia-1b
text_alternative,14,5,0.0348,text,alternative,A text alternative is,"['<|endoftext|>', 'A', ' text', ' alternative', ' is']",2,3,accessibility,pythia-1b
text_alternative,14,6,0.0096,text,alternative,A text alternative is,"['<|endoftext|>', 'A', ' text', ' alternative', ' is']",2,3,accessibility,pythia-1b
text_alternative,14,7,0.0234,text,alternative,A text alternative is,"['<|endoftext|>', 'A', ' text', ' alternative', ' is']",2,3,accessibility,pythia-1b
text_alternative,15,0,0.0393,text,alternative,A text alternative is,"['<|endoftext|>', 'A', ' text', ' alternative', ' is']",2,3,accessibility,pythia-1b
text_alternative,15,1,0.0138,text,alternative,A text alternative is,"['<|endoftext|>', 'A', ' text', ' alternative', ' is']",2,3,accessibility,pythia-1b
text_alternative,15,2,0.0853,text,alternative,A text alternative is,"['<|endoftext|>', 'A', ' text', ' alternative', ' is']",2,3,accessibility,pythia-1b
text_alternative,15,3,0.0447,text,alternative,A text alternative is,"['<|endoftext|>', 'A', ' text', ' alternative', ' is']",2,3,accessibility,pythia-1b
text_alternative,15,4,0.0331,text,alternative,A text alternative is,"['<|endoftext|>', 'A', ' text', ' alternative', ' is']",2,3,accessibility,pythia-1b
text_alternative,15,5,0.0437,text,alternative,A text alternative is,"['<|endoftext|>', 'A', ' text', ' alternative', ' is']",2,3,accessibility,pythia-1b
text_alternative,15,6,0.0334,text,alternative,A text alternative is,"['<|endoftext|>', 'A', ' text', ' alternative', ' is']",2,3,accessibility,pythia-1b
text_alternative,15,7,0.2413,text,alternative,A text alternative is,"['<|endoftext|>', 'A', ' text', ' alternative', ' is']",2,3,accessibility,pythia-1b
audio_description,0,0,0.2061,audio,description,An audio description is,"['<|endoftext|>', 'An', ' audio', ' description', ' is']",2,3,accessibility,pythia-1b
audio_description,0,1,0.1104,audio,description,An audio description is,"['<|endoftext|>', 'An', ' audio', ' description', ' is']",2,3,accessibility,pythia-1b
audio_description,0,2,0.0,audio,description,An audio description is,"['<|endoftext|>', 'An', ' audio', ' description', ' is']",2,3,accessibility,pythia-1b
audio_description,0,3,0.9435,audio,description,An audio description is,"['<|endoftext|>', 'An', ' audio', ' description', ' is']",2,3,accessibility,pythia-1b
audio_description,0,4,0.0388,audio,description,An audio description is,"['<|endoftext|>', 'An', ' audio', ' description', ' is']",2,3,accessibility,pythia-1b
audio_description,0,5,0.0925,audio,description,An audio description is,"['<|endoftext|>', 'An', ' audio', ' description', ' is']",2,3,accessibility,pythia-1b
audio_description,0,6,0.0627,audio,description,An audio description is,"['<|endoftext|>', 'An', ' audio', ' description', ' is']",2,3,accessibility,pythia-1b
audio_description,0,7,0.0039,audio,description,An audio description is,"['<|endoftext|>', 'An', ' audio', ' description', ' is']",2,3,accessibility,pythia-1b
audio_description,1,0,0.8984,audio,description,An audio description is,"['<|endoftext|>', 'An', ' audio', ' description', ' is']",2,3,accessibility,pythia-1b
audio_description,1,1,0.0966,audio,description,An audio description is,"['<|endoftext|>', 'An', ' audio', ' description', ' is']",2,3,accessibility,pythia-1b
audio_description,1,2,0.2254,audio,description,An audio description is,"['<|endoftext|>', 'An', ' audio', ' description', ' is']",2,3,accessibility,pythia-1b
audio_description,1,3,0.5364,audio,description,An audio description is,"['<|endoftext|>', 'An', ' audio', ' description', ' is']",2,3,accessibility,pythia-1b
audio_description,1,4,0.5373,audio,description,An audio description is,"['<|endoftext|>', 'An', ' audio', ' description', ' is']",2,3,accessibility,pythia-1b
audio_description,1,5,0.7922,audio,description,An audio description is,"['<|endoftext|>', 'An', ' audio', ' description', ' is']",2,3,accessibility,pythia-1b
audio_description,1,6,0.2083,audio,description,An audio description is,"['<|endoftext|>', 'An', ' audio', ' description', ' is']",2,3,accessibility,pythia-1b
audio_description,1,7,0.0036,audio,description,An audio description is,"['<|endoftext|>', 'An', ' audio', ' description', ' is']",2,3,accessibility,pythia-1b
audio_description,2,0,0.6931,audio,description,An audio description is,"['<|endoftext|>', 'An', ' audio', ' description', ' is']",2,3,accessibility,pythia-1b
audio_description,2,1,0.2677,audio,description,An audio description is,"['<|endoftext|>', 'An', ' audio', ' description', ' is']",2,3,accessibility,pythia-1b
audio_description,2,2,0.7591,audio,description,An audio description is,"['<|endoftext|>', 'An', ' audio', ' description', ' is']",2,3,accessibility,pythia-1b
audio_description,2,3,0.2829,audio,description,An audio description is,"['<|endoftext|>', 'An', ' audio', ' description', ' is']",2,3,accessibility,pythia-1b
audio_description,2,4,0.2956,audio,description,An audio description is,"['<|endoftext|>', 'An', ' audio', ' description', ' is']",2,3,accessibility,pythia-1b
audio_description,2,5,0.059,audio,description,An audio description is,"['<|endoftext|>', 'An', ' audio', ' description', ' is']",2,3,accessibility,pythia-1b
audio_description,2,6,0.343,audio,description,An audio description is,"['<|endoftext|>', 'An', ' audio', ' description', ' is']",2,3,accessibility,pythia-1b
audio_description,2,7,0.2304,audio,description,An audio description is,"['<|endoftext|>', 'An', ' audio', ' description', ' is']",2,3,accessibility,pythia-1b
audio_description,3,0,0.0712,audio,description,An audio description is,"['<|endoftext|>', 'An', ' audio', ' description', ' is']",2,3,accessibility,pythia-1b
audio_description,3,1,0.0509,audio,description,An audio description is,"['<|endoftext|>', 'An', ' audio', ' description', ' is']",2,3,accessibility,pythia-1b
audio_description,3,2,0.0711,audio,description,An audio description is,"['<|endoftext|>', 'An', ' audio', ' description', ' is']",2,3,accessibility,pythia-1b
audio_description,3,3,0.4099,audio,description,An audio description is,"['<|endoftext|>', 'An', ' audio', ' description', ' is']",2,3,accessibility,pythia-1b
audio_description,3,4,0.0996,audio,description,An audio description is,"['<|endoftext|>', 'An', ' audio', ' description', ' is']",2,3,accessibility,pythia-1b
audio_description,3,5,0.9987,audio,description,An audio description is,"['<|endoftext|>', 'An', ' audio', ' description', ' is']",2,3,accessibility,pythia-1b
audio_description,3,6,0.6352,audio,description,An audio description is,"['<|endoftext|>', 'An', ' audio', ' description', ' is']",2,3,accessibility,pythia-1b
audio_description,3,7,0.0432,audio,description,An audio description is,"['<|endoftext|>', 'An', ' audio', ' description', ' is']",2,3,accessibility,pythia-1b
audio_description,4,0,0.1411,audio,description,An audio description is,"['<|endoftext|>', 'An', ' audio', ' description', ' is']",2,3,accessibility,pythia-1b
audio_description,4,1,0.0097,audio,description,An audio description is,"['<|endoftext|>', 'An', ' audio', ' description', ' is']",2,3,accessibility,pythia-1b
audio_description,4,2,0.0294,audio,description,An audio description is,"['<|endoftext|>', 'An', ' audio', ' description', ' is']",2,3,accessibility,pythia-1b
audio_description,4,3,0.04,audio,description,An audio description is,"['<|endoftext|>', 'An', ' audio', ' description', ' is']",2,3,accessibility,pythia-1b
audio_description,4,4,0.0,audio,description,An audio description is,"['<|endoftext|>', 'An', ' audio', ' description', ' is']",2,3,accessibility,pythia-1b
audio_description,4,5,0.0006,audio,description,An audio description is,"['<|endoftext|>', 'An', ' audio', ' description', ' is']",2,3,accessibility,pythia-1b
audio_description,4,6,0.0102,audio,description,An audio description is,"['<|endoftext|>', 'An', ' audio', ' description', ' is']",2,3,accessibility,pythia-1b
audio_description,4,7,0.0189,audio,description,An audio description is,"['<|endoftext|>', 'An', ' audio', ' description', ' is']",2,3,accessibility,pythia-1b
audio_description,5,0,0.0527,audio,description,An audio description is,"['<|endoftext|>', 'An', ' audio', ' description', ' is']",2,3,accessibility,pythia-1b
audio_description,5,1,0.0,audio,description,An audio description is,"['<|endoftext|>', 'An', ' audio', ' description', ' is']",2,3,accessibility,pythia-1b
audio_description,5,2,0.0264,audio,description,An audio description is,"['<|endoftext|>', 'An', ' audio', ' description', ' is']",2,3,accessibility,pythia-1b
audio_description,5,3,0.0934,audio,description,An audio description is,"['<|endoftext|>', 'An', ' audio', ' description', ' is']",2,3,accessibility,pythia-1b
audio_description,5,4,0.0024,audio,description,An audio description is,"['<|endoftext|>', 'An', ' audio', ' description', ' is']",2,3,accessibility,pythia-1b
audio_description,5,5,0.2755,audio,description,An audio description is,"['<|endoftext|>', 'An', ' audio', ' description', ' is']",2,3,accessibility,pythia-1b
audio_description,5,6,0.0013,audio,description,An audio description is,"['<|endoftext|>', 'An', ' audio', ' description', ' is']",2,3,accessibility,pythia-1b
audio_description,5,7,0.0012,audio,description,An audio description is,"['<|endoftext|>', 'An', ' audio', ' description', ' is']",2,3,accessibility,pythia-1b
audio_description,6,0,0.0257,audio,description,An audio description is,"['<|endoftext|>', 'An', ' audio', ' description', ' is']",2,3,accessibility,pythia-1b
audio_description,6,1,0.0051,audio,description,An audio description is,"['<|endoftext|>', 'An', ' audio', ' description', ' is']",2,3,accessibility,pythia-1b
audio_description,6,2,0.0032,audio,description,An audio description is,"['<|endoftext|>', 'An', ' audio', ' description', ' is']",2,3,accessibility,pythia-1b
audio_description,6,3,0.9023,audio,description,An audio description is,"['<|endoftext|>', 'An', ' audio', ' description', ' is']",2,3,accessibility,pythia-1b
audio_description,6,4,0.0099,audio,description,An audio description is,"['<|endoftext|>', 'An', ' audio', ' description', ' is']",2,3,accessibility,pythia-1b
audio_description,6,5,0.0863,audio,description,An audio description is,"['<|endoftext|>', 'An', ' audio', ' description', ' is']",2,3,accessibility,pythia-1b
audio_description,6,6,0.0428,audio,description,An audio description is,"['<|endoftext|>', 'An', ' audio', ' description', ' is']",2,3,accessibility,pythia-1b
audio_description,6,7,0.0002,audio,description,An audio description is,"['<|endoftext|>', 'An', ' audio', ' description', ' is']",2,3,accessibility,pythia-1b
audio_description,7,0,0.0025,audio,description,An audio description is,"['<|endoftext|>', 'An', ' audio', ' description', ' is']",2,3,accessibility,pythia-1b
audio_description,7,1,0.0001,audio,description,An audio description is,"['<|endoftext|>', 'An', ' audio', ' description', ' is']",2,3,accessibility,pythia-1b
audio_description,7,2,0.0005,audio,description,An audio description is,"['<|endoftext|>', 'An', ' audio', ' description', ' is']",2,3,accessibility,pythia-1b
audio_description,7,3,0.0672,audio,description,An audio description is,"['<|endoftext|>', 'An', ' audio', ' description', ' is']",2,3,accessibility,pythia-1b
audio_description,7,4,0.0964,audio,description,An audio description is,"['<|endoftext|>', 'An', ' audio', ' description', ' is']",2,3,accessibility,pythia-1b
audio_description,7,5,0.0364,audio,description,An audio description is,"['<|endoftext|>', 'An', ' audio', ' description', ' is']",2,3,accessibility,pythia-1b
audio_description,7,6,0.3524,audio,description,An audio description is,"['<|endoftext|>', 'An', ' audio', ' description', ' is']",2,3,accessibility,pythia-1b
audio_description,7,7,0.0232,audio,description,An audio description is,"['<|endoftext|>', 'An', ' audio', ' description', ' is']",2,3,accessibility,pythia-1b
audio_description,8,0,0.0037,audio,description,An audio description is,"['<|endoftext|>', 'An', ' audio', ' description', ' is']",2,3,accessibility,pythia-1b
audio_description,8,1,0.0501,audio,description,An audio description is,"['<|endoftext|>', 'An', ' audio', ' description', ' is']",2,3,accessibility,pythia-1b
audio_description,8,2,0.0249,audio,description,An audio description is,"['<|endoftext|>', 'An', ' audio', ' description', ' is']",2,3,accessibility,pythia-1b
audio_description,8,3,0.0866,audio,description,An audio description is,"['<|endoftext|>', 'An', ' audio', ' description', ' is']",2,3,accessibility,pythia-1b
audio_description,8,4,0.0123,audio,description,An audio description is,"['<|endoftext|>', 'An', ' audio', ' description', ' is']",2,3,accessibility,pythia-1b
audio_description,8,5,0.0056,audio,description,An audio description is,"['<|endoftext|>', 'An', ' audio', ' description', ' is']",2,3,accessibility,pythia-1b
audio_description,8,6,0.0086,audio,description,An audio description is,"['<|endoftext|>', 'An', ' audio', ' description', ' is']",2,3,accessibility,pythia-1b
audio_description,8,7,0.0759,audio,description,An audio description is,"['<|endoftext|>', 'An', ' audio', ' description', ' is']",2,3,accessibility,pythia-1b
audio_description,9,0,0.0813,audio,description,An audio description is,"['<|endoftext|>', 'An', ' audio', ' description', ' is']",2,3,accessibility,pythia-1b
audio_description,9,1,0.0065,audio,description,An audio description is,"['<|endoftext|>', 'An', ' audio', ' description', ' is']",2,3,accessibility,pythia-1b
audio_description,9,2,0.2875,audio,description,An audio description is,"['<|endoftext|>', 'An', ' audio', ' description', ' is']",2,3,accessibility,pythia-1b
audio_description,9,3,0.068,audio,description,An audio description is,"['<|endoftext|>', 'An', ' audio', ' description', ' is']",2,3,accessibility,pythia-1b
audio_description,9,4,0.0042,audio,description,An audio description is,"['<|endoftext|>', 'An', ' audio', ' description', ' is']",2,3,accessibility,pythia-1b
audio_description,9,5,0.0068,audio,description,An audio description is,"['<|endoftext|>', 'An', ' audio', ' description', ' is']",2,3,accessibility,pythia-1b
audio_description,9,6,0.1647,audio,description,An audio description is,"['<|endoftext|>', 'An', ' audio', ' description', ' is']",2,3,accessibility,pythia-1b
audio_description,9,7,0.0433,audio,description,An audio description is,"['<|endoftext|>', 'An', ' audio', ' description', ' is']",2,3,accessibility,pythia-1b
audio_description,10,0,0.0117,audio,description,An audio description is,"['<|endoftext|>', 'An', ' audio', ' description', ' is']",2,3,accessibility,pythia-1b
audio_description,10,1,0.2705,audio,description,An audio description is,"['<|endoftext|>', 'An', ' audio', ' description', ' is']",2,3,accessibility,pythia-1b
audio_description,10,2,0.0296,audio,description,An audio description is,"['<|endoftext|>', 'An', ' audio', ' description', ' is']",2,3,accessibility,pythia-1b
audio_description,10,3,0.0906,audio,description,An audio description is,"['<|endoftext|>', 'An', ' audio', ' description', ' is']",2,3,accessibility,pythia-1b
audio_description,10,4,0.0122,audio,description,An audio description is,"['<|endoftext|>', 'An', ' audio', ' description', ' is']",2,3,accessibility,pythia-1b
audio_description,10,5,0.0011,audio,description,An audio description is,"['<|endoftext|>', 'An', ' audio', ' description', ' is']",2,3,accessibility,pythia-1b
audio_description,10,6,0.0017,audio,description,An audio description is,"['<|endoftext|>', 'An', ' audio', ' description', ' is']",2,3,accessibility,pythia-1b
audio_description,10,7,0.0134,audio,description,An audio description is,"['<|endoftext|>', 'An', ' audio', ' description', ' is']",2,3,accessibility,pythia-1b
audio_description,11,0,0.17,audio,description,An audio description is,"['<|endoftext|>', 'An', ' audio', ' description', ' is']",2,3,accessibility,pythia-1b
audio_description,11,1,0.0272,audio,description,An audio description is,"['<|endoftext|>', 'An', ' audio', ' description', ' is']",2,3,accessibility,pythia-1b
audio_description,11,2,0.0868,audio,description,An audio description is,"['<|endoftext|>', 'An', ' audio', ' description', ' is']",2,3,accessibility,pythia-1b
audio_description,11,3,0.0087,audio,description,An audio description is,"['<|endoftext|>', 'An', ' audio', ' description', ' is']",2,3,accessibility,pythia-1b
audio_description,11,4,0.1176,audio,description,An audio description is,"['<|endoftext|>', 'An', ' audio', ' description', ' is']",2,3,accessibility,pythia-1b
audio_description,11,5,0.0218,audio,description,An audio description is,"['<|endoftext|>', 'An', ' audio', ' description', ' is']",2,3,accessibility,pythia-1b
audio_description,11,6,0.0093,audio,description,An audio description is,"['<|endoftext|>', 'An', ' audio', ' description', ' is']",2,3,accessibility,pythia-1b
audio_description,11,7,0.0052,audio,description,An audio description is,"['<|endoftext|>', 'An', ' audio', ' description', ' is']",2,3,accessibility,pythia-1b
audio_description,12,0,0.0159,audio,description,An audio description is,"['<|endoftext|>', 'An', ' audio', ' description', ' is']",2,3,accessibility,pythia-1b
audio_description,12,1,0.0947,audio,description,An audio description is,"['<|endoftext|>', 'An', ' audio', ' description', ' is']",2,3,accessibility,pythia-1b
audio_description,12,2,0.1174,audio,description,An audio description is,"['<|endoftext|>', 'An', ' audio', ' description', ' is']",2,3,accessibility,pythia-1b
audio_description,12,3,0.0065,audio,description,An audio description is,"['<|endoftext|>', 'An', ' audio', ' description', ' is']",2,3,accessibility,pythia-1b
audio_description,12,4,0.1048,audio,description,An audio description is,"['<|endoftext|>', 'An', ' audio', ' description', ' is']",2,3,accessibility,pythia-1b
audio_description,12,5,0.0223,audio,description,An audio description is,"['<|endoftext|>', 'An', ' audio', ' description', ' is']",2,3,accessibility,pythia-1b
audio_description,12,6,0.0063,audio,description,An audio description is,"['<|endoftext|>', 'An', ' audio', ' description', ' is']",2,3,accessibility,pythia-1b
audio_description,12,7,0.0156,audio,description,An audio description is,"['<|endoftext|>', 'An', ' audio', ' description', ' is']",2,3,accessibility,pythia-1b
audio_description,13,0,0.1646,audio,description,An audio description is,"['<|endoftext|>', 'An', ' audio', ' description', ' is']",2,3,accessibility,pythia-1b
audio_description,13,1,0.1225,audio,description,An audio description is,"['<|endoftext|>', 'An', ' audio', ' description', ' is']",2,3,accessibility,pythia-1b
audio_description,13,2,0.0069,audio,description,An audio description is,"['<|endoftext|>', 'An', ' audio', ' description', ' is']",2,3,accessibility,pythia-1b
audio_description,13,3,0.0236,audio,description,An audio description is,"['<|endoftext|>', 'An', ' audio', ' description', ' is']",2,3,accessibility,pythia-1b
audio_description,13,4,0.272,audio,description,An audio description is,"['<|endoftext|>', 'An', ' audio', ' description', ' is']",2,3,accessibility,pythia-1b
audio_description,13,5,0.0394,audio,description,An audio description is,"['<|endoftext|>', 'An', ' audio', ' description', ' is']",2,3,accessibility,pythia-1b
audio_description,13,6,0.0028,audio,description,An audio description is,"['<|endoftext|>', 'An', ' audio', ' description', ' is']",2,3,accessibility,pythia-1b
audio_description,13,7,0.0989,audio,description,An audio description is,"['<|endoftext|>', 'An', ' audio', ' description', ' is']",2,3,accessibility,pythia-1b
audio_description,14,0,0.078,audio,description,An audio description is,"['<|endoftext|>', 'An', ' audio', ' description', ' is']",2,3,accessibility,pythia-1b
audio_description,14,1,0.0464,audio,description,An audio description is,"['<|endoftext|>', 'An', ' audio', ' description', ' is']",2,3,accessibility,pythia-1b
audio_description,14,2,0.3557,audio,description,An audio description is,"['<|endoftext|>', 'An', ' audio', ' description', ' is']",2,3,accessibility,pythia-1b
audio_description,14,3,0.1473,audio,description,An audio description is,"['<|endoftext|>', 'An', ' audio', ' description', ' is']",2,3,accessibility,pythia-1b
audio_description,14,4,0.1276,audio,description,An audio description is,"['<|endoftext|>', 'An', ' audio', ' description', ' is']",2,3,accessibility,pythia-1b
audio_description,14,5,0.1547,audio,description,An audio description is,"['<|endoftext|>', 'An', ' audio', ' description', ' is']",2,3,accessibility,pythia-1b
audio_description,14,6,0.0113,audio,description,An audio description is,"['<|endoftext|>', 'An', ' audio', ' description', ' is']",2,3,accessibility,pythia-1b
audio_description,14,7,0.021,audio,description,An audio description is,"['<|endoftext|>', 'An', ' audio', ' description', ' is']",2,3,accessibility,pythia-1b
audio_description,15,0,0.09,audio,description,An audio description is,"['<|endoftext|>', 'An', ' audio', ' description', ' is']",2,3,accessibility,pythia-1b
audio_description,15,1,0.0133,audio,description,An audio description is,"['<|endoftext|>', 'An', ' audio', ' description', ' is']",2,3,accessibility,pythia-1b
audio_description,15,2,0.1084,audio,description,An audio description is,"['<|endoftext|>', 'An', ' audio', ' description', ' is']",2,3,accessibility,pythia-1b
audio_description,15,3,0.0347,audio,description,An audio description is,"['<|endoftext|>', 'An', ' audio', ' description', ' is']",2,3,accessibility,pythia-1b
audio_description,15,4,0.0302,audio,description,An audio description is,"['<|endoftext|>', 'An', ' audio', ' description', ' is']",2,3,accessibility,pythia-1b
audio_description,15,5,0.1586,audio,description,An audio description is,"['<|endoftext|>', 'An', ' audio', ' description', ' is']",2,3,accessibility,pythia-1b
audio_description,15,6,0.0195,audio,description,An audio description is,"['<|endoftext|>', 'An', ' audio', ' description', ' is']",2,3,accessibility,pythia-1b
audio_description,15,7,0.0981,audio,description,An audio description is,"['<|endoftext|>', 'An', ' audio', ' description', ' is']",2,3,accessibility,pythia-1b
sign_language,0,0,0.2257,sign,language,Sign language is,"['<|endoftext|>', 'Sign', ' language', ' is']",1,2,accessibility,pythia-1b
sign_language,0,1,0.382,sign,language,Sign language is,"['<|endoftext|>', 'Sign', ' language', ' is']",1,2,accessibility,pythia-1b
sign_language,0,2,0.0,sign,language,Sign language is,"['<|endoftext|>', 'Sign', ' language', ' is']",1,2,accessibility,pythia-1b
sign_language,0,3,0.9104,sign,language,Sign language is,"['<|endoftext|>', 'Sign', ' language', ' is']",1,2,accessibility,pythia-1b
sign_language,0,4,0.0313,sign,language,Sign language is,"['<|endoftext|>', 'Sign', ' language', ' is']",1,2,accessibility,pythia-1b
sign_language,0,5,0.2912,sign,language,Sign language is,"['<|endoftext|>', 'Sign', ' language', ' is']",1,2,accessibility,pythia-1b
sign_language,0,6,0.0477,sign,language,Sign language is,"['<|endoftext|>', 'Sign', ' language', ' is']",1,2,accessibility,pythia-1b
sign_language,0,7,0.1813,sign,language,Sign language is,"['<|endoftext|>', 'Sign', ' language', ' is']",1,2,accessibility,pythia-1b
sign_language,1,0,0.5382,sign,language,Sign language is,"['<|endoftext|>', 'Sign', ' language', ' is']",1,2,accessibility,pythia-1b
sign_language,1,1,0.1137,sign,language,Sign language is,"['<|endoftext|>', 'Sign', ' language', ' is']",1,2,accessibility,pythia-1b
sign_language,1,2,0.4796,sign,language,Sign language is,"['<|endoftext|>', 'Sign', ' language', ' is']",1,2,accessibility,pythia-1b
sign_language,1,3,0.5612,sign,language,Sign language is,"['<|endoftext|>', 'Sign', ' language', ' is']",1,2,accessibility,pythia-1b
sign_language,1,4,0.9383,sign,language,Sign language is,"['<|endoftext|>', 'Sign', ' language', ' is']",1,2,accessibility,pythia-1b
sign_language,1,5,0.4723,sign,language,Sign language is,"['<|endoftext|>', 'Sign', ' language', ' is']",1,2,accessibility,pythia-1b
sign_language,1,6,0.3343,sign,language,Sign language is,"['<|endoftext|>', 'Sign', ' language', ' is']",1,2,accessibility,pythia-1b
sign_language,1,7,0.0058,sign,language,Sign language is,"['<|endoftext|>', 'Sign', ' language', ' is']",1,2,accessibility,pythia-1b
sign_language,2,0,0.7797,sign,language,Sign language is,"['<|endoftext|>', 'Sign', ' language', ' is']",1,2,accessibility,pythia-1b
sign_language,2,1,0.3994,sign,language,Sign language is,"['<|endoftext|>', 'Sign', ' language', ' is']",1,2,accessibility,pythia-1b
sign_language,2,2,0.2941,sign,language,Sign language is,"['<|endoftext|>', 'Sign', ' language', ' is']",1,2,accessibility,pythia-1b
sign_language,2,3,0.3858,sign,language,Sign language is,"['<|endoftext|>', 'Sign', ' language', ' is']",1,2,accessibility,pythia-1b
sign_language,2,4,0.4387,sign,language,Sign language is,"['<|endoftext|>', 'Sign', ' language', ' is']",1,2,accessibility,pythia-1b
sign_language,2,5,0.1609,sign,language,Sign language is,"['<|endoftext|>', 'Sign', ' language', ' is']",1,2,accessibility,pythia-1b
sign_language,2,6,0.672,sign,language,Sign language is,"['<|endoftext|>', 'Sign', ' language', ' is']",1,2,accessibility,pythia-1b
sign_language,2,7,0.1942,sign,language,Sign language is,"['<|endoftext|>', 'Sign', ' language', ' is']",1,2,accessibility,pythia-1b
sign_language,3,0,0.286,sign,language,Sign language is,"['<|endoftext|>', 'Sign', ' language', ' is']",1,2,accessibility,pythia-1b
sign_language,3,1,0.193,sign,language,Sign language is,"['<|endoftext|>', 'Sign', ' language', ' is']",1,2,accessibility,pythia-1b
sign_language,3,2,0.0287,sign,language,Sign language is,"['<|endoftext|>', 'Sign', ' language', ' is']",1,2,accessibility,pythia-1b
sign_language,3,3,0.0976,sign,language,Sign language is,"['<|endoftext|>', 'Sign', ' language', ' is']",1,2,accessibility,pythia-1b
sign_language,3,4,0.016,sign,language,Sign language is,"['<|endoftext|>', 'Sign', ' language', ' is']",1,2,accessibility,pythia-1b
sign_language,3,5,0.9984,sign,language,Sign language is,"['<|endoftext|>', 'Sign', ' language', ' is']",1,2,accessibility,pythia-1b
sign_language,3,6,0.4317,sign,language,Sign language is,"['<|endoftext|>', 'Sign', ' language', ' is']",1,2,accessibility,pythia-1b
sign_language,3,7,0.1381,sign,language,Sign language is,"['<|endoftext|>', 'Sign', ' language', ' is']",1,2,accessibility,pythia-1b
sign_language,4,0,0.0985,sign,language,Sign language is,"['<|endoftext|>', 'Sign', ' language', ' is']",1,2,accessibility,pythia-1b
sign_language,4,1,0.0531,sign,language,Sign language is,"['<|endoftext|>', 'Sign', ' language', ' is']",1,2,accessibility,pythia-1b
sign_language,4,2,0.0244,sign,language,Sign language is,"['<|endoftext|>', 'Sign', ' language', ' is']",1,2,accessibility,pythia-1b
sign_language,4,3,0.1628,sign,language,Sign language is,"['<|endoftext|>', 'Sign', ' language', ' is']",1,2,accessibility,pythia-1b
sign_language,4,4,0.0008,sign,language,Sign language is,"['<|endoftext|>', 'Sign', ' language', ' is']",1,2,accessibility,pythia-1b
sign_language,4,5,0.0013,sign,language,Sign language is,"['<|endoftext|>', 'Sign', ' language', ' is']",1,2,accessibility,pythia-1b
sign_language,4,6,0.0171,sign,language,Sign language is,"['<|endoftext|>', 'Sign', ' language', ' is']",1,2,accessibility,pythia-1b
sign_language,4,7,0.1334,sign,language,Sign language is,"['<|endoftext|>', 'Sign', ' language', ' is']",1,2,accessibility,pythia-1b
sign_language,5,0,0.1269,sign,language,Sign language is,"['<|endoftext|>', 'Sign', ' language', ' is']",1,2,accessibility,pythia-1b
sign_language,5,1,0.0001,sign,language,Sign language is,"['<|endoftext|>', 'Sign', ' language', ' is']",1,2,accessibility,pythia-1b
sign_language,5,2,0.0037,sign,language,Sign language is,"['<|endoftext|>', 'Sign', ' language', ' is']",1,2,accessibility,pythia-1b
sign_language,5,3,0.3733,sign,language,Sign language is,"['<|endoftext|>', 'Sign', ' language', ' is']",1,2,accessibility,pythia-1b
sign_language,5,4,0.0011,sign,language,Sign language is,"['<|endoftext|>', 'Sign', ' language', ' is']",1,2,accessibility,pythia-1b
sign_language,5,5,0.2803,sign,language,Sign language is,"['<|endoftext|>', 'Sign', ' language', ' is']",1,2,accessibility,pythia-1b
sign_language,5,6,0.0046,sign,language,Sign language is,"['<|endoftext|>', 'Sign', ' language', ' is']",1,2,accessibility,pythia-1b
sign_language,5,7,0.0034,sign,language,Sign language is,"['<|endoftext|>', 'Sign', ' language', ' is']",1,2,accessibility,pythia-1b
sign_language,6,0,0.0072,sign,language,Sign language is,"['<|endoftext|>', 'Sign', ' language', ' is']",1,2,accessibility,pythia-1b
sign_language,6,1,0.0105,sign,language,Sign language is,"['<|endoftext|>', 'Sign', ' language', ' is']",1,2,accessibility,pythia-1b
sign_language,6,2,0.0208,sign,language,Sign language is,"['<|endoftext|>', 'Sign', ' language', ' is']",1,2,accessibility,pythia-1b
sign_language,6,3,0.9234,sign,language,Sign language is,"['<|endoftext|>', 'Sign', ' language', ' is']",1,2,accessibility,pythia-1b
sign_language,6,4,0.0604,sign,language,Sign language is,"['<|endoftext|>', 'Sign', ' language', ' is']",1,2,accessibility,pythia-1b
sign_language,6,5,0.026,sign,language,Sign language is,"['<|endoftext|>', 'Sign', ' language', ' is']",1,2,accessibility,pythia-1b
sign_language,6,6,0.0021,sign,language,Sign language is,"['<|endoftext|>', 'Sign', ' language', ' is']",1,2,accessibility,pythia-1b
sign_language,6,7,0.0001,sign,language,Sign language is,"['<|endoftext|>', 'Sign', ' language', ' is']",1,2,accessibility,pythia-1b
sign_language,7,0,0.0006,sign,language,Sign language is,"['<|endoftext|>', 'Sign', ' language', ' is']",1,2,accessibility,pythia-1b
sign_language,7,1,0.0,sign,language,Sign language is,"['<|endoftext|>', 'Sign', ' language', ' is']",1,2,accessibility,pythia-1b
sign_language,7,2,0.0017,sign,language,Sign language is,"['<|endoftext|>', 'Sign', ' language', ' is']",1,2,accessibility,pythia-1b
sign_language,7,3,0.0057,sign,language,Sign language is,"['<|endoftext|>', 'Sign', ' language', ' is']",1,2,accessibility,pythia-1b
sign_language,7,4,0.0232,sign,language,Sign language is,"['<|endoftext|>', 'Sign', ' language', ' is']",1,2,accessibility,pythia-1b
sign_language,7,5,0.0131,sign,language,Sign language is,"['<|endoftext|>', 'Sign', ' language', ' is']",1,2,accessibility,pythia-1b
sign_language,7,6,0.1659,sign,language,Sign language is,"['<|endoftext|>', 'Sign', ' language', ' is']",1,2,accessibility,pythia-1b
sign_language,7,7,0.0102,sign,language,Sign language is,"['<|endoftext|>', 'Sign', ' language', ' is']",1,2,accessibility,pythia-1b
sign_language,8,0,0.001,sign,language,Sign language is,"['<|endoftext|>', 'Sign', ' language', ' is']",1,2,accessibility,pythia-1b
sign_language,8,1,0.0177,sign,language,Sign language is,"['<|endoftext|>', 'Sign', ' language', ' is']",1,2,accessibility,pythia-1b
sign_language,8,2,0.004,sign,language,Sign language is,"['<|endoftext|>', 'Sign', ' language', ' is']",1,2,accessibility,pythia-1b
sign_language,8,3,0.041,sign,language,Sign language is,"['<|endoftext|>', 'Sign', ' language', ' is']",1,2,accessibility,pythia-1b
sign_language,8,4,0.0056,sign,language,Sign language is,"['<|endoftext|>', 'Sign', ' language', ' is']",1,2,accessibility,pythia-1b
sign_language,8,5,0.0011,sign,language,Sign language is,"['<|endoftext|>', 'Sign', ' language', ' is']",1,2,accessibility,pythia-1b
sign_language,8,6,0.0009,sign,language,Sign language is,"['<|endoftext|>', 'Sign', ' language', ' is']",1,2,accessibility,pythia-1b
sign_language,8,7,0.0703,sign,language,Sign language is,"['<|endoftext|>', 'Sign', ' language', ' is']",1,2,accessibility,pythia-1b
sign_language,9,0,0.0478,sign,language,Sign language is,"['<|endoftext|>', 'Sign', ' language', ' is']",1,2,accessibility,pythia-1b
sign_language,9,1,0.0034,sign,language,Sign language is,"['<|endoftext|>', 'Sign', ' language', ' is']",1,2,accessibility,pythia-1b
sign_language,9,2,0.0812,sign,language,Sign language is,"['<|endoftext|>', 'Sign', ' language', ' is']",1,2,accessibility,pythia-1b
sign_language,9,3,0.0143,sign,language,Sign language is,"['<|endoftext|>', 'Sign', ' language', ' is']",1,2,accessibility,pythia-1b
sign_language,9,4,0.0079,sign,language,Sign language is,"['<|endoftext|>', 'Sign', ' language', ' is']",1,2,accessibility,pythia-1b
sign_language,9,5,0.0347,sign,language,Sign language is,"['<|endoftext|>', 'Sign', ' language', ' is']",1,2,accessibility,pythia-1b
sign_language,9,6,0.1861,sign,language,Sign language is,"['<|endoftext|>', 'Sign', ' language', ' is']",1,2,accessibility,pythia-1b
sign_language,9,7,0.0396,sign,language,Sign language is,"['<|endoftext|>', 'Sign', ' language', ' is']",1,2,accessibility,pythia-1b
sign_language,10,0,0.0044,sign,language,Sign language is,"['<|endoftext|>', 'Sign', ' language', ' is']",1,2,accessibility,pythia-1b
sign_language,10,1,0.0899,sign,language,Sign language is,"['<|endoftext|>', 'Sign', ' language', ' is']",1,2,accessibility,pythia-1b
sign_language,10,2,0.0021,sign,language,Sign language is,"['<|endoftext|>', 'Sign', ' language', ' is']",1,2,accessibility,pythia-1b
sign_language,10,3,0.0818,sign,language,Sign language is,"['<|endoftext|>', 'Sign', ' language', ' is']",1,2,accessibility,pythia-1b
sign_language,10,4,0.0212,sign,language,Sign language is,"['<|endoftext|>', 'Sign', ' language', ' is']",1,2,accessibility,pythia-1b
sign_language,10,5,0.0015,sign,language,Sign language is,"['<|endoftext|>', 'Sign', ' language', ' is']",1,2,accessibility,pythia-1b
sign_language,10,6,0.0001,sign,language,Sign language is,"['<|endoftext|>', 'Sign', ' language', ' is']",1,2,accessibility,pythia-1b
sign_language,10,7,0.0102,sign,language,Sign language is,"['<|endoftext|>', 'Sign', ' language', ' is']",1,2,accessibility,pythia-1b
sign_language,11,0,0.0181,sign,language,Sign language is,"['<|endoftext|>', 'Sign', ' language', ' is']",1,2,accessibility,pythia-1b
sign_language,11,1,0.0056,sign,language,Sign language is,"['<|endoftext|>', 'Sign', ' language', ' is']",1,2,accessibility,pythia-1b
sign_language,11,2,0.04,sign,language,Sign language is,"['<|endoftext|>', 'Sign', ' language', ' is']",1,2,accessibility,pythia-1b
sign_language,11,3,0.0053,sign,language,Sign language is,"['<|endoftext|>', 'Sign', ' language', ' is']",1,2,accessibility,pythia-1b
sign_language,11,4,0.0569,sign,language,Sign language is,"['<|endoftext|>', 'Sign', ' language', ' is']",1,2,accessibility,pythia-1b
sign_language,11,5,0.033,sign,language,Sign language is,"['<|endoftext|>', 'Sign', ' language', ' is']",1,2,accessibility,pythia-1b
sign_language,11,6,0.0024,sign,language,Sign language is,"['<|endoftext|>', 'Sign', ' language', ' is']",1,2,accessibility,pythia-1b
sign_language,11,7,0.0027,sign,language,Sign language is,"['<|endoftext|>', 'Sign', ' language', ' is']",1,2,accessibility,pythia-1b
sign_language,12,0,0.0021,sign,language,Sign language is,"['<|endoftext|>', 'Sign', ' language', ' is']",1,2,accessibility,pythia-1b
sign_language,12,1,0.0549,sign,language,Sign language is,"['<|endoftext|>', 'Sign', ' language', ' is']",1,2,accessibility,pythia-1b
sign_language,12,2,0.0145,sign,language,Sign language is,"['<|endoftext|>', 'Sign', ' language', ' is']",1,2,accessibility,pythia-1b
sign_language,12,3,0.0048,sign,language,Sign language is,"['<|endoftext|>', 'Sign', ' language', ' is']",1,2,accessibility,pythia-1b
sign_language,12,4,0.0134,sign,language,Sign language is,"['<|endoftext|>', 'Sign', ' language', ' is']",1,2,accessibility,pythia-1b
sign_language,12,5,0.0106,sign,language,Sign language is,"['<|endoftext|>', 'Sign', ' language', ' is']",1,2,accessibility,pythia-1b
sign_language,12,6,0.0029,sign,language,Sign language is,"['<|endoftext|>', 'Sign', ' language', ' is']",1,2,accessibility,pythia-1b
sign_language,12,7,0.0079,sign,language,Sign language is,"['<|endoftext|>', 'Sign', ' language', ' is']",1,2,accessibility,pythia-1b
sign_language,13,0,0.1077,sign,language,Sign language is,"['<|endoftext|>', 'Sign', ' language', ' is']",1,2,accessibility,pythia-1b
sign_language,13,1,0.0111,sign,language,Sign language is,"['<|endoftext|>', 'Sign', ' language', ' is']",1,2,accessibility,pythia-1b
sign_language,13,2,0.0023,sign,language,Sign language is,"['<|endoftext|>', 'Sign', ' language', ' is']",1,2,accessibility,pythia-1b
sign_language,13,3,0.0063,sign,language,Sign language is,"['<|endoftext|>', 'Sign', ' language', ' is']",1,2,accessibility,pythia-1b
sign_language,13,4,0.0562,sign,language,Sign language is,"['<|endoftext|>', 'Sign', ' language', ' is']",1,2,accessibility,pythia-1b
sign_language,13,5,0.0159,sign,language,Sign language is,"['<|endoftext|>', 'Sign', ' language', ' is']",1,2,accessibility,pythia-1b
sign_language,13,6,0.0005,sign,language,Sign language is,"['<|endoftext|>', 'Sign', ' language', ' is']",1,2,accessibility,pythia-1b
sign_language,13,7,0.0047,sign,language,Sign language is,"['<|endoftext|>', 'Sign', ' language', ' is']",1,2,accessibility,pythia-1b
sign_language,14,0,0.0089,sign,language,Sign language is,"['<|endoftext|>', 'Sign', ' language', ' is']",1,2,accessibility,pythia-1b
sign_language,14,1,0.0219,sign,language,Sign language is,"['<|endoftext|>', 'Sign', ' language', ' is']",1,2,accessibility,pythia-1b
sign_language,14,2,0.0065,sign,language,Sign language is,"['<|endoftext|>', 'Sign', ' language', ' is']",1,2,accessibility,pythia-1b
sign_language,14,3,0.0674,sign,language,Sign language is,"['<|endoftext|>', 'Sign', ' language', ' is']",1,2,accessibility,pythia-1b
sign_language,14,4,0.0105,sign,language,Sign language is,"['<|endoftext|>', 'Sign', ' language', ' is']",1,2,accessibility,pythia-1b
sign_language,14,5,0.0278,sign,language,Sign language is,"['<|endoftext|>', 'Sign', ' language', ' is']",1,2,accessibility,pythia-1b
sign_language,14,6,0.0022,sign,language,Sign language is,"['<|endoftext|>', 'Sign', ' language', ' is']",1,2,accessibility,pythia-1b
sign_language,14,7,0.0131,sign,language,Sign language is,"['<|endoftext|>', 'Sign', ' language', ' is']",1,2,accessibility,pythia-1b
sign_language,15,0,0.0363,sign,language,Sign language is,"['<|endoftext|>', 'Sign', ' language', ' is']",1,2,accessibility,pythia-1b
sign_language,15,1,0.0075,sign,language,Sign language is,"['<|endoftext|>', 'Sign', ' language', ' is']",1,2,accessibility,pythia-1b
sign_language,15,2,0.0702,sign,language,Sign language is,"['<|endoftext|>', 'Sign', ' language', ' is']",1,2,accessibility,pythia-1b
sign_language,15,3,0.0037,sign,language,Sign language is,"['<|endoftext|>', 'Sign', ' language', ' is']",1,2,accessibility,pythia-1b
sign_language,15,4,0.0068,sign,language,Sign language is,"['<|endoftext|>', 'Sign', ' language', ' is']",1,2,accessibility,pythia-1b
sign_language,15,5,0.0085,sign,language,Sign language is,"['<|endoftext|>', 'Sign', ' language', ' is']",1,2,accessibility,pythia-1b
sign_language,15,6,0.0137,sign,language,Sign language is,"['<|endoftext|>', 'Sign', ' language', ' is']",1,2,accessibility,pythia-1b
sign_language,15,7,0.0948,sign,language,Sign language is,"['<|endoftext|>', 'Sign', ' language', ' is']",1,2,accessibility,pythia-1b
sensory_characteristics,0,0,0.1743,sensory,characteristics,Sensory characteristics are,"['<|endoftext|>', 'S', 'ensory', ' characteristics', ' are']",2,3,accessibility,pythia-1b
sensory_characteristics,0,1,0.4777,sensory,characteristics,Sensory characteristics are,"['<|endoftext|>', 'S', 'ensory', ' characteristics', ' are']",2,3,accessibility,pythia-1b
sensory_characteristics,0,2,0.0,sensory,characteristics,Sensory characteristics are,"['<|endoftext|>', 'S', 'ensory', ' characteristics', ' are']",2,3,accessibility,pythia-1b
sensory_characteristics,0,3,0.8829,sensory,characteristics,Sensory characteristics are,"['<|endoftext|>', 'S', 'ensory', ' characteristics', ' are']",2,3,accessibility,pythia-1b
sensory_characteristics,0,4,0.1154,sensory,characteristics,Sensory characteristics are,"['<|endoftext|>', 'S', 'ensory', ' characteristics', ' are']",2,3,accessibility,pythia-1b
sensory_characteristics,0,5,0.5003,sensory,characteristics,Sensory characteristics are,"['<|endoftext|>', 'S', 'ensory', ' characteristics', ' are']",2,3,accessibility,pythia-1b
sensory_characteristics,0,6,0.0301,sensory,characteristics,Sensory characteristics are,"['<|endoftext|>', 'S', 'ensory', ' characteristics', ' are']",2,3,accessibility,pythia-1b
sensory_characteristics,0,7,0.0181,sensory,characteristics,Sensory characteristics are,"['<|endoftext|>', 'S', 'ensory', ' characteristics', ' are']",2,3,accessibility,pythia-1b
sensory_characteristics,1,0,0.0938,sensory,characteristics,Sensory characteristics are,"['<|endoftext|>', 'S', 'ensory', ' characteristics', ' are']",2,3,accessibility,pythia-1b
sensory_characteristics,1,1,0.0222,sensory,characteristics,Sensory characteristics are,"['<|endoftext|>', 'S', 'ensory', ' characteristics', ' are']",2,3,accessibility,pythia-1b
sensory_characteristics,1,2,0.2272,sensory,characteristics,Sensory characteristics are,"['<|endoftext|>', 'S', 'ensory', ' characteristics', ' are']",2,3,accessibility,pythia-1b
sensory_characteristics,1,3,0.4187,sensory,characteristics,Sensory characteristics are,"['<|endoftext|>', 'S', 'ensory', ' characteristics', ' are']",2,3,accessibility,pythia-1b
sensory_characteristics,1,4,0.6964,sensory,characteristics,Sensory characteristics are,"['<|endoftext|>', 'S', 'ensory', ' characteristics', ' are']",2,3,accessibility,pythia-1b
sensory_characteristics,1,5,0.2857,sensory,characteristics,Sensory characteristics are,"['<|endoftext|>', 'S', 'ensory', ' characteristics', ' are']",2,3,accessibility,pythia-1b
sensory_characteristics,1,6,0.172,sensory,characteristics,Sensory characteristics are,"['<|endoftext|>', 'S', 'ensory', ' characteristics', ' are']",2,3,accessibility,pythia-1b
sensory_characteristics,1,7,0.0005,sensory,characteristics,Sensory characteristics are,"['<|endoftext|>', 'S', 'ensory', ' characteristics', ' are']",2,3,accessibility,pythia-1b
sensory_characteristics,2,0,0.6831,sensory,characteristics,Sensory characteristics are,"['<|endoftext|>', 'S', 'ensory', ' characteristics', ' are']",2,3,accessibility,pythia-1b
sensory_characteristics,2,1,0.1545,sensory,characteristics,Sensory characteristics are,"['<|endoftext|>', 'S', 'ensory', ' characteristics', ' are']",2,3,accessibility,pythia-1b
sensory_characteristics,2,2,0.4758,sensory,characteristics,Sensory characteristics are,"['<|endoftext|>', 'S', 'ensory', ' characteristics', ' are']",2,3,accessibility,pythia-1b
sensory_characteristics,2,3,0.1606,sensory,characteristics,Sensory characteristics are,"['<|endoftext|>', 'S', 'ensory', ' characteristics', ' are']",2,3,accessibility,pythia-1b
sensory_characteristics,2,4,0.2653,sensory,characteristics,Sensory characteristics are,"['<|endoftext|>', 'S', 'ensory', ' characteristics', ' are']",2,3,accessibility,pythia-1b
sensory_characteristics,2,5,0.0637,sensory,characteristics,Sensory characteristics are,"['<|endoftext|>', 'S', 'ensory', ' characteristics', ' are']",2,3,accessibility,pythia-1b
sensory_characteristics,2,6,0.2499,sensory,characteristics,Sensory characteristics are,"['<|endoftext|>', 'S', 'ensory', ' characteristics', ' are']",2,3,accessibility,pythia-1b
sensory_characteristics,2,7,0.0401,sensory,characteristics,Sensory characteristics are,"['<|endoftext|>', 'S', 'ensory', ' characteristics', ' are']",2,3,accessibility,pythia-1b
sensory_characteristics,3,0,0.113,sensory,characteristics,Sensory characteristics are,"['<|endoftext|>', 'S', 'ensory', ' characteristics', ' are']",2,3,accessibility,pythia-1b
sensory_characteristics,3,1,0.2224,sensory,characteristics,Sensory characteristics are,"['<|endoftext|>', 'S', 'ensory', ' characteristics', ' are']",2,3,accessibility,pythia-1b
sensory_characteristics,3,2,0.0323,sensory,characteristics,Sensory characteristics are,"['<|endoftext|>', 'S', 'ensory', ' characteristics', ' are']",2,3,accessibility,pythia-1b
sensory_characteristics,3,3,0.7827,sensory,characteristics,Sensory characteristics are,"['<|endoftext|>', 'S', 'ensory', ' characteristics', ' are']",2,3,accessibility,pythia-1b
sensory_characteristics,3,4,0.0992,sensory,characteristics,Sensory characteristics are,"['<|endoftext|>', 'S', 'ensory', ' characteristics', ' are']",2,3,accessibility,pythia-1b
sensory_characteristics,3,5,0.9998,sensory,characteristics,Sensory characteristics are,"['<|endoftext|>', 'S', 'ensory', ' characteristics', ' are']",2,3,accessibility,pythia-1b
sensory_characteristics,3,6,0.844,sensory,characteristics,Sensory characteristics are,"['<|endoftext|>', 'S', 'ensory', ' characteristics', ' are']",2,3,accessibility,pythia-1b
sensory_characteristics,3,7,0.1068,sensory,characteristics,Sensory characteristics are,"['<|endoftext|>', 'S', 'ensory', ' characteristics', ' are']",2,3,accessibility,pythia-1b
sensory_characteristics,4,0,0.909,sensory,characteristics,Sensory characteristics are,"['<|endoftext|>', 'S', 'ensory', ' characteristics', ' are']",2,3,accessibility,pythia-1b
sensory_characteristics,4,1,0.0497,sensory,characteristics,Sensory characteristics are,"['<|endoftext|>', 'S', 'ensory', ' characteristics', ' are']",2,3,accessibility,pythia-1b
sensory_characteristics,4,2,0.0328,sensory,characteristics,Sensory characteristics are,"['<|endoftext|>', 'S', 'ensory', ' characteristics', ' are']",2,3,accessibility,pythia-1b
sensory_characteristics,4,3,0.4283,sensory,characteristics,Sensory characteristics are,"['<|endoftext|>', 'S', 'ensory', ' characteristics', ' are']",2,3,accessibility,pythia-1b
sensory_characteristics,4,4,0.0004,sensory,characteristics,Sensory characteristics are,"['<|endoftext|>', 'S', 'ensory', ' characteristics', ' are']",2,3,accessibility,pythia-1b
sensory_characteristics,4,5,0.0023,sensory,characteristics,Sensory characteristics are,"['<|endoftext|>', 'S', 'ensory', ' characteristics', ' are']",2,3,accessibility,pythia-1b
sensory_characteristics,4,6,0.011,sensory,characteristics,Sensory characteristics are,"['<|endoftext|>', 'S', 'ensory', ' characteristics', ' are']",2,3,accessibility,pythia-1b
sensory_characteristics,4,7,0.0412,sensory,characteristics,Sensory characteristics are,"['<|endoftext|>', 'S', 'ensory', ' characteristics', ' are']",2,3,accessibility,pythia-1b
sensory_characteristics,5,0,0.019,sensory,characteristics,Sensory characteristics are,"['<|endoftext|>', 'S', 'ensory', ' characteristics', ' are']",2,3,accessibility,pythia-1b
sensory_characteristics,5,1,0.0013,sensory,characteristics,Sensory characteristics are,"['<|endoftext|>', 'S', 'ensory', ' characteristics', ' are']",2,3,accessibility,pythia-1b
sensory_characteristics,5,2,0.0029,sensory,characteristics,Sensory characteristics are,"['<|endoftext|>', 'S', 'ensory', ' characteristics', ' are']",2,3,accessibility,pythia-1b
sensory_characteristics,5,3,0.11,sensory,characteristics,Sensory characteristics are,"['<|endoftext|>', 'S', 'ensory', ' characteristics', ' are']",2,3,accessibility,pythia-1b
sensory_characteristics,5,4,0.0492,sensory,characteristics,Sensory characteristics are,"['<|endoftext|>', 'S', 'ensory', ' characteristics', ' are']",2,3,accessibility,pythia-1b
sensory_characteristics,5,5,0.1624,sensory,characteristics,Sensory characteristics are,"['<|endoftext|>', 'S', 'ensory', ' characteristics', ' are']",2,3,accessibility,pythia-1b
sensory_characteristics,5,6,0.0006,sensory,characteristics,Sensory characteristics are,"['<|endoftext|>', 'S', 'ensory', ' characteristics', ' are']",2,3,accessibility,pythia-1b
sensory_characteristics,5,7,0.0031,sensory,characteristics,Sensory characteristics are,"['<|endoftext|>', 'S', 'ensory', ' characteristics', ' are']",2,3,accessibility,pythia-1b
sensory_characteristics,6,0,0.0067,sensory,characteristics,Sensory characteristics are,"['<|endoftext|>', 'S', 'ensory', ' characteristics', ' are']",2,3,accessibility,pythia-1b
sensory_characteristics,6,1,0.0112,sensory,characteristics,Sensory characteristics are,"['<|endoftext|>', 'S', 'ensory', ' characteristics', ' are']",2,3,accessibility,pythia-1b
sensory_characteristics,6,2,0.0284,sensory,characteristics,Sensory characteristics are,"['<|endoftext|>', 'S', 'ensory', ' characteristics', ' are']",2,3,accessibility,pythia-1b
sensory_characteristics,6,3,0.6838,sensory,characteristics,Sensory characteristics are,"['<|endoftext|>', 'S', 'ensory', ' characteristics', ' are']",2,3,accessibility,pythia-1b
sensory_characteristics,6,4,0.0155,sensory,characteristics,Sensory characteristics are,"['<|endoftext|>', 'S', 'ensory', ' characteristics', ' are']",2,3,accessibility,pythia-1b
sensory_characteristics,6,5,0.0707,sensory,characteristics,Sensory characteristics are,"['<|endoftext|>', 'S', 'ensory', ' characteristics', ' are']",2,3,accessibility,pythia-1b
sensory_characteristics,6,6,0.0617,sensory,characteristics,Sensory characteristics are,"['<|endoftext|>', 'S', 'ensory', ' characteristics', ' are']",2,3,accessibility,pythia-1b
sensory_characteristics,6,7,0.0102,sensory,characteristics,Sensory characteristics are,"['<|endoftext|>', 'S', 'ensory', ' characteristics', ' are']",2,3,accessibility,pythia-1b
sensory_characteristics,7,0,0.0072,sensory,characteristics,Sensory characteristics are,"['<|endoftext|>', 'S', 'ensory', ' characteristics', ' are']",2,3,accessibility,pythia-1b
sensory_characteristics,7,1,0.0005,sensory,characteristics,Sensory characteristics are,"['<|endoftext|>', 'S', 'ensory', ' characteristics', ' are']",2,3,accessibility,pythia-1b
sensory_characteristics,7,2,0.0134,sensory,characteristics,Sensory characteristics are,"['<|endoftext|>', 'S', 'ensory', ' characteristics', ' are']",2,3,accessibility,pythia-1b
sensory_characteristics,7,3,0.024,sensory,characteristics,Sensory characteristics are,"['<|endoftext|>', 'S', 'ensory', ' characteristics', ' are']",2,3,accessibility,pythia-1b
sensory_characteristics,7,4,0.0306,sensory,characteristics,Sensory characteristics are,"['<|endoftext|>', 'S', 'ensory', ' characteristics', ' are']",2,3,accessibility,pythia-1b
sensory_characteristics,7,5,0.0285,sensory,characteristics,Sensory characteristics are,"['<|endoftext|>', 'S', 'ensory', ' characteristics', ' are']",2,3,accessibility,pythia-1b
sensory_characteristics,7,6,0.3317,sensory,characteristics,Sensory characteristics are,"['<|endoftext|>', 'S', 'ensory', ' characteristics', ' are']",2,3,accessibility,pythia-1b
sensory_characteristics,7,7,0.0191,sensory,characteristics,Sensory characteristics are,"['<|endoftext|>', 'S', 'ensory', ' characteristics', ' are']",2,3,accessibility,pythia-1b
sensory_characteristics,8,0,0.0031,sensory,characteristics,Sensory characteristics are,"['<|endoftext|>', 'S', 'ensory', ' characteristics', ' are']",2,3,accessibility,pythia-1b
sensory_characteristics,8,1,0.0616,sensory,characteristics,Sensory characteristics are,"['<|endoftext|>', 'S', 'ensory', ' characteristics', ' are']",2,3,accessibility,pythia-1b
sensory_characteristics,8,2,0.0121,sensory,characteristics,Sensory characteristics are,"['<|endoftext|>', 'S', 'ensory', ' characteristics', ' are']",2,3,accessibility,pythia-1b
sensory_characteristics,8,3,0.1049,sensory,characteristics,Sensory characteristics are,"['<|endoftext|>', 'S', 'ensory', ' characteristics', ' are']",2,3,accessibility,pythia-1b
sensory_characteristics,8,4,0.0144,sensory,characteristics,Sensory characteristics are,"['<|endoftext|>', 'S', 'ensory', ' characteristics', ' are']",2,3,accessibility,pythia-1b
sensory_characteristics,8,5,0.0245,sensory,characteristics,Sensory characteristics are,"['<|endoftext|>', 'S', 'ensory', ' characteristics', ' are']",2,3,accessibility,pythia-1b
sensory_characteristics,8,6,0.0342,sensory,characteristics,Sensory characteristics are,"['<|endoftext|>', 'S', 'ensory', ' characteristics', ' are']",2,3,accessibility,pythia-1b
sensory_characteristics,8,7,0.0301,sensory,characteristics,Sensory characteristics are,"['<|endoftext|>', 'S', 'ensory', ' characteristics', ' are']",2,3,accessibility,pythia-1b
sensory_characteristics,9,0,0.0493,sensory,characteristics,Sensory characteristics are,"['<|endoftext|>', 'S', 'ensory', ' characteristics', ' are']",2,3,accessibility,pythia-1b
sensory_characteristics,9,1,0.0065,sensory,characteristics,Sensory characteristics are,"['<|endoftext|>', 'S', 'ensory', ' characteristics', ' are']",2,3,accessibility,pythia-1b
sensory_characteristics,9,2,0.0525,sensory,characteristics,Sensory characteristics are,"['<|endoftext|>', 'S', 'ensory', ' characteristics', ' are']",2,3,accessibility,pythia-1b
sensory_characteristics,9,3,0.0295,sensory,characteristics,Sensory characteristics are,"['<|endoftext|>', 'S', 'ensory', ' characteristics', ' are']",2,3,accessibility,pythia-1b
sensory_characteristics,9,4,0.0066,sensory,characteristics,Sensory characteristics are,"['<|endoftext|>', 'S', 'ensory', ' characteristics', ' are']",2,3,accessibility,pythia-1b
sensory_characteristics,9,5,0.0208,sensory,characteristics,Sensory characteristics are,"['<|endoftext|>', 'S', 'ensory', ' characteristics', ' are']",2,3,accessibility,pythia-1b
sensory_characteristics,9,6,0.1029,sensory,characteristics,Sensory characteristics are,"['<|endoftext|>', 'S', 'ensory', ' characteristics', ' are']",2,3,accessibility,pythia-1b
sensory_characteristics,9,7,0.1066,sensory,characteristics,Sensory characteristics are,"['<|endoftext|>', 'S', 'ensory', ' characteristics', ' are']",2,3,accessibility,pythia-1b
sensory_characteristics,10,0,0.0015,sensory,characteristics,Sensory characteristics are,"['<|endoftext|>', 'S', 'ensory', ' characteristics', ' are']",2,3,accessibility,pythia-1b
sensory_characteristics,10,1,0.0953,sensory,characteristics,Sensory characteristics are,"['<|endoftext|>', 'S', 'ensory', ' characteristics', ' are']",2,3,accessibility,pythia-1b
sensory_characteristics,10,2,0.0234,sensory,characteristics,Sensory characteristics are,"['<|endoftext|>', 'S', 'ensory', ' characteristics', ' are']",2,3,accessibility,pythia-1b
sensory_characteristics,10,3,0.1122,sensory,characteristics,Sensory characteristics are,"['<|endoftext|>', 'S', 'ensory', ' characteristics', ' are']",2,3,accessibility,pythia-1b
sensory_characteristics,10,4,0.0101,sensory,characteristics,Sensory characteristics are,"['<|endoftext|>', 'S', 'ensory', ' characteristics', ' are']",2,3,accessibility,pythia-1b
sensory_characteristics,10,5,0.0004,sensory,characteristics,Sensory characteristics are,"['<|endoftext|>', 'S', 'ensory', ' characteristics', ' are']",2,3,accessibility,pythia-1b
sensory_characteristics,10,6,0.0013,sensory,characteristics,Sensory characteristics are,"['<|endoftext|>', 'S', 'ensory', ' characteristics', ' are']",2,3,accessibility,pythia-1b
sensory_characteristics,10,7,0.0154,sensory,characteristics,Sensory characteristics are,"['<|endoftext|>', 'S', 'ensory', ' characteristics', ' are']",2,3,accessibility,pythia-1b
sensory_characteristics,11,0,0.0399,sensory,characteristics,Sensory characteristics are,"['<|endoftext|>', 'S', 'ensory', ' characteristics', ' are']",2,3,accessibility,pythia-1b
sensory_characteristics,11,1,0.0046,sensory,characteristics,Sensory characteristics are,"['<|endoftext|>', 'S', 'ensory', ' characteristics', ' are']",2,3,accessibility,pythia-1b
sensory_characteristics,11,2,0.0385,sensory,characteristics,Sensory characteristics are,"['<|endoftext|>', 'S', 'ensory', ' characteristics', ' are']",2,3,accessibility,pythia-1b
sensory_characteristics,11,3,0.0059,sensory,characteristics,Sensory characteristics are,"['<|endoftext|>', 'S', 'ensory', ' characteristics', ' are']",2,3,accessibility,pythia-1b
sensory_characteristics,11,4,0.1229,sensory,characteristics,Sensory characteristics are,"['<|endoftext|>', 'S', 'ensory', ' characteristics', ' are']",2,3,accessibility,pythia-1b
sensory_characteristics,11,5,0.003,sensory,characteristics,Sensory characteristics are,"['<|endoftext|>', 'S', 'ensory', ' characteristics', ' are']",2,3,accessibility,pythia-1b
sensory_characteristics,11,6,0.0016,sensory,characteristics,Sensory characteristics are,"['<|endoftext|>', 'S', 'ensory', ' characteristics', ' are']",2,3,accessibility,pythia-1b
sensory_characteristics,11,7,0.0047,sensory,characteristics,Sensory characteristics are,"['<|endoftext|>', 'S', 'ensory', ' characteristics', ' are']",2,3,accessibility,pythia-1b
sensory_characteristics,12,0,0.0062,sensory,characteristics,Sensory characteristics are,"['<|endoftext|>', 'S', 'ensory', ' characteristics', ' are']",2,3,accessibility,pythia-1b
sensory_characteristics,12,1,0.0165,sensory,characteristics,Sensory characteristics are,"['<|endoftext|>', 'S', 'ensory', ' characteristics', ' are']",2,3,accessibility,pythia-1b
sensory_characteristics,12,2,0.0136,sensory,characteristics,Sensory characteristics are,"['<|endoftext|>', 'S', 'ensory', ' characteristics', ' are']",2,3,accessibility,pythia-1b
sensory_characteristics,12,3,0.0133,sensory,characteristics,Sensory characteristics are,"['<|endoftext|>', 'S', 'ensory', ' characteristics', ' are']",2,3,accessibility,pythia-1b
sensory_characteristics,12,4,0.0065,sensory,characteristics,Sensory characteristics are,"['<|endoftext|>', 'S', 'ensory', ' characteristics', ' are']",2,3,accessibility,pythia-1b
sensory_characteristics,12,5,0.0306,sensory,characteristics,Sensory characteristics are,"['<|endoftext|>', 'S', 'ensory', ' characteristics', ' are']",2,3,accessibility,pythia-1b
sensory_characteristics,12,6,0.0011,sensory,characteristics,Sensory characteristics are,"['<|endoftext|>', 'S', 'ensory', ' characteristics', ' are']",2,3,accessibility,pythia-1b
sensory_characteristics,12,7,0.019,sensory,characteristics,Sensory characteristics are,"['<|endoftext|>', 'S', 'ensory', ' characteristics', ' are']",2,3,accessibility,pythia-1b
sensory_characteristics,13,0,0.2264,sensory,characteristics,Sensory characteristics are,"['<|endoftext|>', 'S', 'ensory', ' characteristics', ' are']",2,3,accessibility,pythia-1b
sensory_characteristics,13,1,0.0318,sensory,characteristics,Sensory characteristics are,"['<|endoftext|>', 'S', 'ensory', ' characteristics', ' are']",2,3,accessibility,pythia-1b
sensory_characteristics,13,2,0.0027,sensory,characteristics,Sensory characteristics are,"['<|endoftext|>', 'S', 'ensory', ' characteristics', ' are']",2,3,accessibility,pythia-1b
sensory_characteristics,13,3,0.0029,sensory,characteristics,Sensory characteristics are,"['<|endoftext|>', 'S', 'ensory', ' characteristics', ' are']",2,3,accessibility,pythia-1b
sensory_characteristics,13,4,0.1356,sensory,characteristics,Sensory characteristics are,"['<|endoftext|>', 'S', 'ensory', ' characteristics', ' are']",2,3,accessibility,pythia-1b
sensory_characteristics,13,5,0.0132,sensory,characteristics,Sensory characteristics are,"['<|endoftext|>', 'S', 'ensory', ' characteristics', ' are']",2,3,accessibility,pythia-1b
sensory_characteristics,13,6,0.0025,sensory,characteristics,Sensory characteristics are,"['<|endoftext|>', 'S', 'ensory', ' characteristics', ' are']",2,3,accessibility,pythia-1b
sensory_characteristics,13,7,0.0359,sensory,characteristics,Sensory characteristics are,"['<|endoftext|>', 'S', 'ensory', ' characteristics', ' are']",2,3,accessibility,pythia-1b
sensory_characteristics,14,0,0.1142,sensory,characteristics,Sensory characteristics are,"['<|endoftext|>', 'S', 'ensory', ' characteristics', ' are']",2,3,accessibility,pythia-1b
sensory_characteristics,14,1,0.0135,sensory,characteristics,Sensory characteristics are,"['<|endoftext|>', 'S', 'ensory', ' characteristics', ' are']",2,3,accessibility,pythia-1b
sensory_characteristics,14,2,0.0806,sensory,characteristics,Sensory characteristics are,"['<|endoftext|>', 'S', 'ensory', ' characteristics', ' are']",2,3,accessibility,pythia-1b
sensory_characteristics,14,3,0.1452,sensory,characteristics,Sensory characteristics are,"['<|endoftext|>', 'S', 'ensory', ' characteristics', ' are']",2,3,accessibility,pythia-1b
sensory_characteristics,14,4,0.0352,sensory,characteristics,Sensory characteristics are,"['<|endoftext|>', 'S', 'ensory', ' characteristics', ' are']",2,3,accessibility,pythia-1b
sensory_characteristics,14,5,0.0149,sensory,characteristics,Sensory characteristics are,"['<|endoftext|>', 'S', 'ensory', ' characteristics', ' are']",2,3,accessibility,pythia-1b
sensory_characteristics,14,6,0.0027,sensory,characteristics,Sensory characteristics are,"['<|endoftext|>', 'S', 'ensory', ' characteristics', ' are']",2,3,accessibility,pythia-1b
sensory_characteristics,14,7,0.0099,sensory,characteristics,Sensory characteristics are,"['<|endoftext|>', 'S', 'ensory', ' characteristics', ' are']",2,3,accessibility,pythia-1b
sensory_characteristics,15,0,0.1854,sensory,characteristics,Sensory characteristics are,"['<|endoftext|>', 'S', 'ensory', ' characteristics', ' are']",2,3,accessibility,pythia-1b
sensory_characteristics,15,1,0.0169,sensory,characteristics,Sensory characteristics are,"['<|endoftext|>', 'S', 'ensory', ' characteristics', ' are']",2,3,accessibility,pythia-1b
sensory_characteristics,15,2,0.0141,sensory,characteristics,Sensory characteristics are,"['<|endoftext|>', 'S', 'ensory', ' characteristics', ' are']",2,3,accessibility,pythia-1b
sensory_characteristics,15,3,0.0086,sensory,characteristics,Sensory characteristics are,"['<|endoftext|>', 'S', 'ensory', ' characteristics', ' are']",2,3,accessibility,pythia-1b
sensory_characteristics,15,4,0.0156,sensory,characteristics,Sensory characteristics are,"['<|endoftext|>', 'S', 'ensory', ' characteristics', ' are']",2,3,accessibility,pythia-1b
sensory_characteristics,15,5,0.0341,sensory,characteristics,Sensory characteristics are,"['<|endoftext|>', 'S', 'ensory', ' characteristics', ' are']",2,3,accessibility,pythia-1b
sensory_characteristics,15,6,0.0314,sensory,characteristics,Sensory characteristics are,"['<|endoftext|>', 'S', 'ensory', ' characteristics', ' are']",2,3,accessibility,pythia-1b
sensory_characteristics,15,7,0.0888,sensory,characteristics,Sensory characteristics are,"['<|endoftext|>', 'S', 'ensory', ' characteristics', ' are']",2,3,accessibility,pythia-1b
input_purpose,0,0,0.274,input,purpose,An input purpose is,"['<|endoftext|>', 'An', ' input', ' purpose', ' is']",2,3,accessibility,pythia-1b
input_purpose,0,1,0.2543,input,purpose,An input purpose is,"['<|endoftext|>', 'An', ' input', ' purpose', ' is']",2,3,accessibility,pythia-1b
input_purpose,0,2,0.0,input,purpose,An input purpose is,"['<|endoftext|>', 'An', ' input', ' purpose', ' is']",2,3,accessibility,pythia-1b
input_purpose,0,3,0.0922,input,purpose,An input purpose is,"['<|endoftext|>', 'An', ' input', ' purpose', ' is']",2,3,accessibility,pythia-1b
input_purpose,0,4,0.0388,input,purpose,An input purpose is,"['<|endoftext|>', 'An', ' input', ' purpose', ' is']",2,3,accessibility,pythia-1b
input_purpose,0,5,0.2268,input,purpose,An input purpose is,"['<|endoftext|>', 'An', ' input', ' purpose', ' is']",2,3,accessibility,pythia-1b
input_purpose,0,6,0.0326,input,purpose,An input purpose is,"['<|endoftext|>', 'An', ' input', ' purpose', ' is']",2,3,accessibility,pythia-1b
input_purpose,0,7,0.0007,input,purpose,An input purpose is,"['<|endoftext|>', 'An', ' input', ' purpose', ' is']",2,3,accessibility,pythia-1b
input_purpose,1,0,0.2951,input,purpose,An input purpose is,"['<|endoftext|>', 'An', ' input', ' purpose', ' is']",2,3,accessibility,pythia-1b
input_purpose,1,1,0.0709,input,purpose,An input purpose is,"['<|endoftext|>', 'An', ' input', ' purpose', ' is']",2,3,accessibility,pythia-1b
input_purpose,1,2,0.1166,input,purpose,An input purpose is,"['<|endoftext|>', 'An', ' input', ' purpose', ' is']",2,3,accessibility,pythia-1b
input_purpose,1,3,0.8341,input,purpose,An input purpose is,"['<|endoftext|>', 'An', ' input', ' purpose', ' is']",2,3,accessibility,pythia-1b
input_purpose,1,4,0.0184,input,purpose,An input purpose is,"['<|endoftext|>', 'An', ' input', ' purpose', ' is']",2,3,accessibility,pythia-1b
input_purpose,1,5,0.3574,input,purpose,An input purpose is,"['<|endoftext|>', 'An', ' input', ' purpose', ' is']",2,3,accessibility,pythia-1b
input_purpose,1,6,0.3108,input,purpose,An input purpose is,"['<|endoftext|>', 'An', ' input', ' purpose', ' is']",2,3,accessibility,pythia-1b
input_purpose,1,7,0.0008,input,purpose,An input purpose is,"['<|endoftext|>', 'An', ' input', ' purpose', ' is']",2,3,accessibility,pythia-1b
input_purpose,2,0,0.6632,input,purpose,An input purpose is,"['<|endoftext|>', 'An', ' input', ' purpose', ' is']",2,3,accessibility,pythia-1b
input_purpose,2,1,0.0733,input,purpose,An input purpose is,"['<|endoftext|>', 'An', ' input', ' purpose', ' is']",2,3,accessibility,pythia-1b
input_purpose,2,2,0.1466,input,purpose,An input purpose is,"['<|endoftext|>', 'An', ' input', ' purpose', ' is']",2,3,accessibility,pythia-1b
input_purpose,2,3,0.5695,input,purpose,An input purpose is,"['<|endoftext|>', 'An', ' input', ' purpose', ' is']",2,3,accessibility,pythia-1b
input_purpose,2,4,0.1413,input,purpose,An input purpose is,"['<|endoftext|>', 'An', ' input', ' purpose', ' is']",2,3,accessibility,pythia-1b
input_purpose,2,5,0.031,input,purpose,An input purpose is,"['<|endoftext|>', 'An', ' input', ' purpose', ' is']",2,3,accessibility,pythia-1b
input_purpose,2,6,0.0647,input,purpose,An input purpose is,"['<|endoftext|>', 'An', ' input', ' purpose', ' is']",2,3,accessibility,pythia-1b
input_purpose,2,7,0.0093,input,purpose,An input purpose is,"['<|endoftext|>', 'An', ' input', ' purpose', ' is']",2,3,accessibility,pythia-1b
input_purpose,3,0,0.1113,input,purpose,An input purpose is,"['<|endoftext|>', 'An', ' input', ' purpose', ' is']",2,3,accessibility,pythia-1b
input_purpose,3,1,0.1813,input,purpose,An input purpose is,"['<|endoftext|>', 'An', ' input', ' purpose', ' is']",2,3,accessibility,pythia-1b
input_purpose,3,2,0.0845,input,purpose,An input purpose is,"['<|endoftext|>', 'An', ' input', ' purpose', ' is']",2,3,accessibility,pythia-1b
input_purpose,3,3,0.0619,input,purpose,An input purpose is,"['<|endoftext|>', 'An', ' input', ' purpose', ' is']",2,3,accessibility,pythia-1b
input_purpose,3,4,0.0119,input,purpose,An input purpose is,"['<|endoftext|>', 'An', ' input', ' purpose', ' is']",2,3,accessibility,pythia-1b
input_purpose,3,5,0.9979,input,purpose,An input purpose is,"['<|endoftext|>', 'An', ' input', ' purpose', ' is']",2,3,accessibility,pythia-1b
input_purpose,3,6,0.7113,input,purpose,An input purpose is,"['<|endoftext|>', 'An', ' input', ' purpose', ' is']",2,3,accessibility,pythia-1b
input_purpose,3,7,0.0641,input,purpose,An input purpose is,"['<|endoftext|>', 'An', ' input', ' purpose', ' is']",2,3,accessibility,pythia-1b
input_purpose,4,0,0.0187,input,purpose,An input purpose is,"['<|endoftext|>', 'An', ' input', ' purpose', ' is']",2,3,accessibility,pythia-1b
input_purpose,4,1,0.0131,input,purpose,An input purpose is,"['<|endoftext|>', 'An', ' input', ' purpose', ' is']",2,3,accessibility,pythia-1b
input_purpose,4,2,0.021,input,purpose,An input purpose is,"['<|endoftext|>', 'An', ' input', ' purpose', ' is']",2,3,accessibility,pythia-1b
input_purpose,4,3,0.0602,input,purpose,An input purpose is,"['<|endoftext|>', 'An', ' input', ' purpose', ' is']",2,3,accessibility,pythia-1b
input_purpose,4,4,0.0,input,purpose,An input purpose is,"['<|endoftext|>', 'An', ' input', ' purpose', ' is']",2,3,accessibility,pythia-1b
input_purpose,4,5,0.0021,input,purpose,An input purpose is,"['<|endoftext|>', 'An', ' input', ' purpose', ' is']",2,3,accessibility,pythia-1b
input_purpose,4,6,0.0215,input,purpose,An input purpose is,"['<|endoftext|>', 'An', ' input', ' purpose', ' is']",2,3,accessibility,pythia-1b
input_purpose,4,7,0.0323,input,purpose,An input purpose is,"['<|endoftext|>', 'An', ' input', ' purpose', ' is']",2,3,accessibility,pythia-1b
input_purpose,5,0,0.035,input,purpose,An input purpose is,"['<|endoftext|>', 'An', ' input', ' purpose', ' is']",2,3,accessibility,pythia-1b
input_purpose,5,1,0.0,input,purpose,An input purpose is,"['<|endoftext|>', 'An', ' input', ' purpose', ' is']",2,3,accessibility,pythia-1b
input_purpose,5,2,0.0712,input,purpose,An input purpose is,"['<|endoftext|>', 'An', ' input', ' purpose', ' is']",2,3,accessibility,pythia-1b
input_purpose,5,3,0.1919,input,purpose,An input purpose is,"['<|endoftext|>', 'An', ' input', ' purpose', ' is']",2,3,accessibility,pythia-1b
input_purpose,5,4,0.0089,input,purpose,An input purpose is,"['<|endoftext|>', 'An', ' input', ' purpose', ' is']",2,3,accessibility,pythia-1b
input_purpose,5,5,0.201,input,purpose,An input purpose is,"['<|endoftext|>', 'An', ' input', ' purpose', ' is']",2,3,accessibility,pythia-1b
input_purpose,5,6,0.004,input,purpose,An input purpose is,"['<|endoftext|>', 'An', ' input', ' purpose', ' is']",2,3,accessibility,pythia-1b
input_purpose,5,7,0.0003,input,purpose,An input purpose is,"['<|endoftext|>', 'An', ' input', ' purpose', ' is']",2,3,accessibility,pythia-1b
input_purpose,6,0,0.0447,input,purpose,An input purpose is,"['<|endoftext|>', 'An', ' input', ' purpose', ' is']",2,3,accessibility,pythia-1b
input_purpose,6,1,0.0068,input,purpose,An input purpose is,"['<|endoftext|>', 'An', ' input', ' purpose', ' is']",2,3,accessibility,pythia-1b
input_purpose,6,2,0.0188,input,purpose,An input purpose is,"['<|endoftext|>', 'An', ' input', ' purpose', ' is']",2,3,accessibility,pythia-1b
input_purpose,6,3,0.9538,input,purpose,An input purpose is,"['<|endoftext|>', 'An', ' input', ' purpose', ' is']",2,3,accessibility,pythia-1b
input_purpose,6,4,0.0391,input,purpose,An input purpose is,"['<|endoftext|>', 'An', ' input', ' purpose', ' is']",2,3,accessibility,pythia-1b
input_purpose,6,5,0.037,input,purpose,An input purpose is,"['<|endoftext|>', 'An', ' input', ' purpose', ' is']",2,3,accessibility,pythia-1b
input_purpose,6,6,0.0199,input,purpose,An input purpose is,"['<|endoftext|>', 'An', ' input', ' purpose', ' is']",2,3,accessibility,pythia-1b
input_purpose,6,7,0.0037,input,purpose,An input purpose is,"['<|endoftext|>', 'An', ' input', ' purpose', ' is']",2,3,accessibility,pythia-1b
input_purpose,7,0,0.0026,input,purpose,An input purpose is,"['<|endoftext|>', 'An', ' input', ' purpose', ' is']",2,3,accessibility,pythia-1b
input_purpose,7,1,0.0001,input,purpose,An input purpose is,"['<|endoftext|>', 'An', ' input', ' purpose', ' is']",2,3,accessibility,pythia-1b
input_purpose,7,2,0.0034,input,purpose,An input purpose is,"['<|endoftext|>', 'An', ' input', ' purpose', ' is']",2,3,accessibility,pythia-1b
input_purpose,7,3,0.0311,input,purpose,An input purpose is,"['<|endoftext|>', 'An', ' input', ' purpose', ' is']",2,3,accessibility,pythia-1b
input_purpose,7,4,0.1829,input,purpose,An input purpose is,"['<|endoftext|>', 'An', ' input', ' purpose', ' is']",2,3,accessibility,pythia-1b
input_purpose,7,5,0.0672,input,purpose,An input purpose is,"['<|endoftext|>', 'An', ' input', ' purpose', ' is']",2,3,accessibility,pythia-1b
input_purpose,7,6,0.0256,input,purpose,An input purpose is,"['<|endoftext|>', 'An', ' input', ' purpose', ' is']",2,3,accessibility,pythia-1b
input_purpose,7,7,0.0601,input,purpose,An input purpose is,"['<|endoftext|>', 'An', ' input', ' purpose', ' is']",2,3,accessibility,pythia-1b
input_purpose,8,0,0.0021,input,purpose,An input purpose is,"['<|endoftext|>', 'An', ' input', ' purpose', ' is']",2,3,accessibility,pythia-1b
input_purpose,8,1,0.0372,input,purpose,An input purpose is,"['<|endoftext|>', 'An', ' input', ' purpose', ' is']",2,3,accessibility,pythia-1b
input_purpose,8,2,0.0103,input,purpose,An input purpose is,"['<|endoftext|>', 'An', ' input', ' purpose', ' is']",2,3,accessibility,pythia-1b
input_purpose,8,3,0.0587,input,purpose,An input purpose is,"['<|endoftext|>', 'An', ' input', ' purpose', ' is']",2,3,accessibility,pythia-1b
input_purpose,8,4,0.013,input,purpose,An input purpose is,"['<|endoftext|>', 'An', ' input', ' purpose', ' is']",2,3,accessibility,pythia-1b
input_purpose,8,5,0.0124,input,purpose,An input purpose is,"['<|endoftext|>', 'An', ' input', ' purpose', ' is']",2,3,accessibility,pythia-1b
input_purpose,8,6,0.0023,input,purpose,An input purpose is,"['<|endoftext|>', 'An', ' input', ' purpose', ' is']",2,3,accessibility,pythia-1b
input_purpose,8,7,0.1482,input,purpose,An input purpose is,"['<|endoftext|>', 'An', ' input', ' purpose', ' is']",2,3,accessibility,pythia-1b
input_purpose,9,0,0.2122,input,purpose,An input purpose is,"['<|endoftext|>', 'An', ' input', ' purpose', ' is']",2,3,accessibility,pythia-1b
input_purpose,9,1,0.0072,input,purpose,An input purpose is,"['<|endoftext|>', 'An', ' input', ' purpose', ' is']",2,3,accessibility,pythia-1b
input_purpose,9,2,0.2534,input,purpose,An input purpose is,"['<|endoftext|>', 'An', ' input', ' purpose', ' is']",2,3,accessibility,pythia-1b
input_purpose,9,3,0.0355,input,purpose,An input purpose is,"['<|endoftext|>', 'An', ' input', ' purpose', ' is']",2,3,accessibility,pythia-1b
input_purpose,9,4,0.0078,input,purpose,An input purpose is,"['<|endoftext|>', 'An', ' input', ' purpose', ' is']",2,3,accessibility,pythia-1b
input_purpose,9,5,0.0038,input,purpose,An input purpose is,"['<|endoftext|>', 'An', ' input', ' purpose', ' is']",2,3,accessibility,pythia-1b
input_purpose,9,6,0.1919,input,purpose,An input purpose is,"['<|endoftext|>', 'An', ' input', ' purpose', ' is']",2,3,accessibility,pythia-1b
input_purpose,9,7,0.1674,input,purpose,An input purpose is,"['<|endoftext|>', 'An', ' input', ' purpose', ' is']",2,3,accessibility,pythia-1b
input_purpose,10,0,0.0048,input,purpose,An input purpose is,"['<|endoftext|>', 'An', ' input', ' purpose', ' is']",2,3,accessibility,pythia-1b
input_purpose,10,1,0.3597,input,purpose,An input purpose is,"['<|endoftext|>', 'An', ' input', ' purpose', ' is']",2,3,accessibility,pythia-1b
input_purpose,10,2,0.0369,input,purpose,An input purpose is,"['<|endoftext|>', 'An', ' input', ' purpose', ' is']",2,3,accessibility,pythia-1b
input_purpose,10,3,0.1846,input,purpose,An input purpose is,"['<|endoftext|>', 'An', ' input', ' purpose', ' is']",2,3,accessibility,pythia-1b
input_purpose,10,4,0.0085,input,purpose,An input purpose is,"['<|endoftext|>', 'An', ' input', ' purpose', ' is']",2,3,accessibility,pythia-1b
input_purpose,10,5,0.001,input,purpose,An input purpose is,"['<|endoftext|>', 'An', ' input', ' purpose', ' is']",2,3,accessibility,pythia-1b
input_purpose,10,6,0.0003,input,purpose,An input purpose is,"['<|endoftext|>', 'An', ' input', ' purpose', ' is']",2,3,accessibility,pythia-1b
input_purpose,10,7,0.0166,input,purpose,An input purpose is,"['<|endoftext|>', 'An', ' input', ' purpose', ' is']",2,3,accessibility,pythia-1b
input_purpose,11,0,0.1386,input,purpose,An input purpose is,"['<|endoftext|>', 'An', ' input', ' purpose', ' is']",2,3,accessibility,pythia-1b
input_purpose,11,1,0.0079,input,purpose,An input purpose is,"['<|endoftext|>', 'An', ' input', ' purpose', ' is']",2,3,accessibility,pythia-1b
input_purpose,11,2,0.0086,input,purpose,An input purpose is,"['<|endoftext|>', 'An', ' input', ' purpose', ' is']",2,3,accessibility,pythia-1b
input_purpose,11,3,0.017,input,purpose,An input purpose is,"['<|endoftext|>', 'An', ' input', ' purpose', ' is']",2,3,accessibility,pythia-1b
input_purpose,11,4,0.1081,input,purpose,An input purpose is,"['<|endoftext|>', 'An', ' input', ' purpose', ' is']",2,3,accessibility,pythia-1b
input_purpose,11,5,0.0181,input,purpose,An input purpose is,"['<|endoftext|>', 'An', ' input', ' purpose', ' is']",2,3,accessibility,pythia-1b
input_purpose,11,6,0.0378,input,purpose,An input purpose is,"['<|endoftext|>', 'An', ' input', ' purpose', ' is']",2,3,accessibility,pythia-1b
input_purpose,11,7,0.0026,input,purpose,An input purpose is,"['<|endoftext|>', 'An', ' input', ' purpose', ' is']",2,3,accessibility,pythia-1b
input_purpose,12,0,0.0051,input,purpose,An input purpose is,"['<|endoftext|>', 'An', ' input', ' purpose', ' is']",2,3,accessibility,pythia-1b
input_purpose,12,1,0.04,input,purpose,An input purpose is,"['<|endoftext|>', 'An', ' input', ' purpose', ' is']",2,3,accessibility,pythia-1b
input_purpose,12,2,0.0556,input,purpose,An input purpose is,"['<|endoftext|>', 'An', ' input', ' purpose', ' is']",2,3,accessibility,pythia-1b
input_purpose,12,3,0.0019,input,purpose,An input purpose is,"['<|endoftext|>', 'An', ' input', ' purpose', ' is']",2,3,accessibility,pythia-1b
input_purpose,12,4,0.0313,input,purpose,An input purpose is,"['<|endoftext|>', 'An', ' input', ' purpose', ' is']",2,3,accessibility,pythia-1b
input_purpose,12,5,0.0735,input,purpose,An input purpose is,"['<|endoftext|>', 'An', ' input', ' purpose', ' is']",2,3,accessibility,pythia-1b
input_purpose,12,6,0.006,input,purpose,An input purpose is,"['<|endoftext|>', 'An', ' input', ' purpose', ' is']",2,3,accessibility,pythia-1b
input_purpose,12,7,0.034,input,purpose,An input purpose is,"['<|endoftext|>', 'An', ' input', ' purpose', ' is']",2,3,accessibility,pythia-1b
input_purpose,13,0,0.1158,input,purpose,An input purpose is,"['<|endoftext|>', 'An', ' input', ' purpose', ' is']",2,3,accessibility,pythia-1b
input_purpose,13,1,0.0388,input,purpose,An input purpose is,"['<|endoftext|>', 'An', ' input', ' purpose', ' is']",2,3,accessibility,pythia-1b
input_purpose,13,2,0.0004,input,purpose,An input purpose is,"['<|endoftext|>', 'An', ' input', ' purpose', ' is']",2,3,accessibility,pythia-1b
input_purpose,13,3,0.054,input,purpose,An input purpose is,"['<|endoftext|>', 'An', ' input', ' purpose', ' is']",2,3,accessibility,pythia-1b
input_purpose,13,4,0.3246,input,purpose,An input purpose is,"['<|endoftext|>', 'An', ' input', ' purpose', ' is']",2,3,accessibility,pythia-1b
input_purpose,13,5,0.1032,input,purpose,An input purpose is,"['<|endoftext|>', 'An', ' input', ' purpose', ' is']",2,3,accessibility,pythia-1b
input_purpose,13,6,0.006,input,purpose,An input purpose is,"['<|endoftext|>', 'An', ' input', ' purpose', ' is']",2,3,accessibility,pythia-1b
input_purpose,13,7,0.0373,input,purpose,An input purpose is,"['<|endoftext|>', 'An', ' input', ' purpose', ' is']",2,3,accessibility,pythia-1b
input_purpose,14,0,0.1908,input,purpose,An input purpose is,"['<|endoftext|>', 'An', ' input', ' purpose', ' is']",2,3,accessibility,pythia-1b
input_purpose,14,1,0.0621,input,purpose,An input purpose is,"['<|endoftext|>', 'An', ' input', ' purpose', ' is']",2,3,accessibility,pythia-1b
input_purpose,14,2,0.0955,input,purpose,An input purpose is,"['<|endoftext|>', 'An', ' input', ' purpose', ' is']",2,3,accessibility,pythia-1b
input_purpose,14,3,0.1283,input,purpose,An input purpose is,"['<|endoftext|>', 'An', ' input', ' purpose', ' is']",2,3,accessibility,pythia-1b
input_purpose,14,4,0.1264,input,purpose,An input purpose is,"['<|endoftext|>', 'An', ' input', ' purpose', ' is']",2,3,accessibility,pythia-1b
input_purpose,14,5,0.0632,input,purpose,An input purpose is,"['<|endoftext|>', 'An', ' input', ' purpose', ' is']",2,3,accessibility,pythia-1b
input_purpose,14,6,0.0146,input,purpose,An input purpose is,"['<|endoftext|>', 'An', ' input', ' purpose', ' is']",2,3,accessibility,pythia-1b
input_purpose,14,7,0.0186,input,purpose,An input purpose is,"['<|endoftext|>', 'An', ' input', ' purpose', ' is']",2,3,accessibility,pythia-1b
input_purpose,15,0,0.1969,input,purpose,An input purpose is,"['<|endoftext|>', 'An', ' input', ' purpose', ' is']",2,3,accessibility,pythia-1b
input_purpose,15,1,0.0259,input,purpose,An input purpose is,"['<|endoftext|>', 'An', ' input', ' purpose', ' is']",2,3,accessibility,pythia-1b
input_purpose,15,2,0.2381,input,purpose,An input purpose is,"['<|endoftext|>', 'An', ' input', ' purpose', ' is']",2,3,accessibility,pythia-1b
input_purpose,15,3,0.0272,input,purpose,An input purpose is,"['<|endoftext|>', 'An', ' input', ' purpose', ' is']",2,3,accessibility,pythia-1b
input_purpose,15,4,0.1599,input,purpose,An input purpose is,"['<|endoftext|>', 'An', ' input', ' purpose', ' is']",2,3,accessibility,pythia-1b
input_purpose,15,5,0.1796,input,purpose,An input purpose is,"['<|endoftext|>', 'An', ' input', ' purpose', ' is']",2,3,accessibility,pythia-1b
input_purpose,15,6,0.0238,input,purpose,An input purpose is,"['<|endoftext|>', 'An', ' input', ' purpose', ' is']",2,3,accessibility,pythia-1b
input_purpose,15,7,0.171,input,purpose,An input purpose is,"['<|endoftext|>', 'An', ' input', ' purpose', ' is']",2,3,accessibility,pythia-1b
target_size,0,0,0.2497,target,size,A target size is,"['<|endoftext|>', 'A', ' target', ' size', ' is']",2,3,accessibility,pythia-1b
target_size,0,1,0.2423,target,size,A target size is,"['<|endoftext|>', 'A', ' target', ' size', ' is']",2,3,accessibility,pythia-1b
target_size,0,2,0.0,target,size,A target size is,"['<|endoftext|>', 'A', ' target', ' size', ' is']",2,3,accessibility,pythia-1b
target_size,0,3,0.6763,target,size,A target size is,"['<|endoftext|>', 'A', ' target', ' size', ' is']",2,3,accessibility,pythia-1b
target_size,0,4,0.0097,target,size,A target size is,"['<|endoftext|>', 'A', ' target', ' size', ' is']",2,3,accessibility,pythia-1b
target_size,0,5,0.456,target,size,A target size is,"['<|endoftext|>', 'A', ' target', ' size', ' is']",2,3,accessibility,pythia-1b
target_size,0,6,0.0314,target,size,A target size is,"['<|endoftext|>', 'A', ' target', ' size', ' is']",2,3,accessibility,pythia-1b
target_size,0,7,0.0735,target,size,A target size is,"['<|endoftext|>', 'A', ' target', ' size', ' is']",2,3,accessibility,pythia-1b
target_size,1,0,0.6403,target,size,A target size is,"['<|endoftext|>', 'A', ' target', ' size', ' is']",2,3,accessibility,pythia-1b
target_size,1,1,0.0846,target,size,A target size is,"['<|endoftext|>', 'A', ' target', ' size', ' is']",2,3,accessibility,pythia-1b
target_size,1,2,0.3467,target,size,A target size is,"['<|endoftext|>', 'A', ' target', ' size', ' is']",2,3,accessibility,pythia-1b
target_size,1,3,0.7668,target,size,A target size is,"['<|endoftext|>', 'A', ' target', ' size', ' is']",2,3,accessibility,pythia-1b
target_size,1,4,0.8264,target,size,A target size is,"['<|endoftext|>', 'A', ' target', ' size', ' is']",2,3,accessibility,pythia-1b
target_size,1,5,0.2882,target,size,A target size is,"['<|endoftext|>', 'A', ' target', ' size', ' is']",2,3,accessibility,pythia-1b
target_size,1,6,0.2814,target,size,A target size is,"['<|endoftext|>', 'A', ' target', ' size', ' is']",2,3,accessibility,pythia-1b
target_size,1,7,0.0011,target,size,A target size is,"['<|endoftext|>', 'A', ' target', ' size', ' is']",2,3,accessibility,pythia-1b
target_size,2,0,0.5618,target,size,A target size is,"['<|endoftext|>', 'A', ' target', ' size', ' is']",2,3,accessibility,pythia-1b
target_size,2,1,0.3617,target,size,A target size is,"['<|endoftext|>', 'A', ' target', ' size', ' is']",2,3,accessibility,pythia-1b
target_size,2,2,0.6892,target,size,A target size is,"['<|endoftext|>', 'A', ' target', ' size', ' is']",2,3,accessibility,pythia-1b
target_size,2,3,0.2797,target,size,A target size is,"['<|endoftext|>', 'A', ' target', ' size', ' is']",2,3,accessibility,pythia-1b
target_size,2,4,0.1234,target,size,A target size is,"['<|endoftext|>', 'A', ' target', ' size', ' is']",2,3,accessibility,pythia-1b
target_size,2,5,0.1499,target,size,A target size is,"['<|endoftext|>', 'A', ' target', ' size', ' is']",2,3,accessibility,pythia-1b
target_size,2,6,0.4691,target,size,A target size is,"['<|endoftext|>', 'A', ' target', ' size', ' is']",2,3,accessibility,pythia-1b
target_size,2,7,0.0992,target,size,A target size is,"['<|endoftext|>', 'A', ' target', ' size', ' is']",2,3,accessibility,pythia-1b
target_size,3,0,0.0173,target,size,A target size is,"['<|endoftext|>', 'A', ' target', ' size', ' is']",2,3,accessibility,pythia-1b
target_size,3,1,0.0691,target,size,A target size is,"['<|endoftext|>', 'A', ' target', ' size', ' is']",2,3,accessibility,pythia-1b
target_size,3,2,0.0763,target,size,A target size is,"['<|endoftext|>', 'A', ' target', ' size', ' is']",2,3,accessibility,pythia-1b
target_size,3,3,0.13,target,size,A target size is,"['<|endoftext|>', 'A', ' target', ' size', ' is']",2,3,accessibility,pythia-1b
target_size,3,4,0.5257,target,size,A target size is,"['<|endoftext|>', 'A', ' target', ' size', ' is']",2,3,accessibility,pythia-1b
target_size,3,5,0.9847,target,size,A target size is,"['<|endoftext|>', 'A', ' target', ' size', ' is']",2,3,accessibility,pythia-1b
target_size,3,6,0.6715,target,size,A target size is,"['<|endoftext|>', 'A', ' target', ' size', ' is']",2,3,accessibility,pythia-1b
target_size,3,7,0.0923,target,size,A target size is,"['<|endoftext|>', 'A', ' target', ' size', ' is']",2,3,accessibility,pythia-1b
target_size,4,0,0.0406,target,size,A target size is,"['<|endoftext|>', 'A', ' target', ' size', ' is']",2,3,accessibility,pythia-1b
target_size,4,1,0.0457,target,size,A target size is,"['<|endoftext|>', 'A', ' target', ' size', ' is']",2,3,accessibility,pythia-1b
target_size,4,2,0.0129,target,size,A target size is,"['<|endoftext|>', 'A', ' target', ' size', ' is']",2,3,accessibility,pythia-1b
target_size,4,3,0.0208,target,size,A target size is,"['<|endoftext|>', 'A', ' target', ' size', ' is']",2,3,accessibility,pythia-1b
target_size,4,4,0.0,target,size,A target size is,"['<|endoftext|>', 'A', ' target', ' size', ' is']",2,3,accessibility,pythia-1b
target_size,4,5,0.0013,target,size,A target size is,"['<|endoftext|>', 'A', ' target', ' size', ' is']",2,3,accessibility,pythia-1b
target_size,4,6,0.0297,target,size,A target size is,"['<|endoftext|>', 'A', ' target', ' size', ' is']",2,3,accessibility,pythia-1b
target_size,4,7,0.0388,target,size,A target size is,"['<|endoftext|>', 'A', ' target', ' size', ' is']",2,3,accessibility,pythia-1b
target_size,5,0,0.1569,target,size,A target size is,"['<|endoftext|>', 'A', ' target', ' size', ' is']",2,3,accessibility,pythia-1b
target_size,5,1,0.0,target,size,A target size is,"['<|endoftext|>', 'A', ' target', ' size', ' is']",2,3,accessibility,pythia-1b
target_size,5,2,0.0183,target,size,A target size is,"['<|endoftext|>', 'A', ' target', ' size', ' is']",2,3,accessibility,pythia-1b
target_size,5,3,0.2589,target,size,A target size is,"['<|endoftext|>', 'A', ' target', ' size', ' is']",2,3,accessibility,pythia-1b
target_size,5,4,0.0052,target,size,A target size is,"['<|endoftext|>', 'A', ' target', ' size', ' is']",2,3,accessibility,pythia-1b
target_size,5,5,0.5153,target,size,A target size is,"['<|endoftext|>', 'A', ' target', ' size', ' is']",2,3,accessibility,pythia-1b
target_size,5,6,0.0041,target,size,A target size is,"['<|endoftext|>', 'A', ' target', ' size', ' is']",2,3,accessibility,pythia-1b
target_size,5,7,0.0006,target,size,A target size is,"['<|endoftext|>', 'A', ' target', ' size', ' is']",2,3,accessibility,pythia-1b
target_size,6,0,0.137,target,size,A target size is,"['<|endoftext|>', 'A', ' target', ' size', ' is']",2,3,accessibility,pythia-1b
target_size,6,1,0.0103,target,size,A target size is,"['<|endoftext|>', 'A', ' target', ' size', ' is']",2,3,accessibility,pythia-1b
target_size,6,2,0.0068,target,size,A target size is,"['<|endoftext|>', 'A', ' target', ' size', ' is']",2,3,accessibility,pythia-1b
target_size,6,3,0.6139,target,size,A target size is,"['<|endoftext|>', 'A', ' target', ' size', ' is']",2,3,accessibility,pythia-1b
target_size,6,4,0.023,target,size,A target size is,"['<|endoftext|>', 'A', ' target', ' size', ' is']",2,3,accessibility,pythia-1b
target_size,6,5,0.0394,target,size,A target size is,"['<|endoftext|>', 'A', ' target', ' size', ' is']",2,3,accessibility,pythia-1b
target_size,6,6,0.0258,target,size,A target size is,"['<|endoftext|>', 'A', ' target', ' size', ' is']",2,3,accessibility,pythia-1b
target_size,6,7,0.0005,target,size,A target size is,"['<|endoftext|>', 'A', ' target', ' size', ' is']",2,3,accessibility,pythia-1b
target_size,7,0,0.0011,target,size,A target size is,"['<|endoftext|>', 'A', ' target', ' size', ' is']",2,3,accessibility,pythia-1b
target_size,7,1,0.0001,target,size,A target size is,"['<|endoftext|>', 'A', ' target', ' size', ' is']",2,3,accessibility,pythia-1b
target_size,7,2,0.0011,target,size,A target size is,"['<|endoftext|>', 'A', ' target', ' size', ' is']",2,3,accessibility,pythia-1b
target_size,7,3,0.0335,target,size,A target size is,"['<|endoftext|>', 'A', ' target', ' size', ' is']",2,3,accessibility,pythia-1b
target_size,7,4,0.0691,target,size,A target size is,"['<|endoftext|>', 'A', ' target', ' size', ' is']",2,3,accessibility,pythia-1b
target_size,7,5,0.0334,target,size,A target size is,"['<|endoftext|>', 'A', ' target', ' size', ' is']",2,3,accessibility,pythia-1b
target_size,7,6,0.4368,target,size,A target size is,"['<|endoftext|>', 'A', ' target', ' size', ' is']",2,3,accessibility,pythia-1b
target_size,7,7,0.0096,target,size,A target size is,"['<|endoftext|>', 'A', ' target', ' size', ' is']",2,3,accessibility,pythia-1b
target_size,8,0,0.0029,target,size,A target size is,"['<|endoftext|>', 'A', ' target', ' size', ' is']",2,3,accessibility,pythia-1b
target_size,8,1,0.0213,target,size,A target size is,"['<|endoftext|>', 'A', ' target', ' size', ' is']",2,3,accessibility,pythia-1b
target_size,8,2,0.0175,target,size,A target size is,"['<|endoftext|>', 'A', ' target', ' size', ' is']",2,3,accessibility,pythia-1b
target_size,8,3,0.1329,target,size,A target size is,"['<|endoftext|>', 'A', ' target', ' size', ' is']",2,3,accessibility,pythia-1b
target_size,8,4,0.0215,target,size,A target size is,"['<|endoftext|>', 'A', ' target', ' size', ' is']",2,3,accessibility,pythia-1b
target_size,8,5,0.0114,target,size,A target size is,"['<|endoftext|>', 'A', ' target', ' size', ' is']",2,3,accessibility,pythia-1b
target_size,8,6,0.0014,target,size,A target size is,"['<|endoftext|>', 'A', ' target', ' size', ' is']",2,3,accessibility,pythia-1b
target_size,8,7,0.1018,target,size,A target size is,"['<|endoftext|>', 'A', ' target', ' size', ' is']",2,3,accessibility,pythia-1b
target_size,9,0,0.0401,target,size,A target size is,"['<|endoftext|>', 'A', ' target', ' size', ' is']",2,3,accessibility,pythia-1b
target_size,9,1,0.0055,target,size,A target size is,"['<|endoftext|>', 'A', ' target', ' size', ' is']",2,3,accessibility,pythia-1b
target_size,9,2,0.0473,target,size,A target size is,"['<|endoftext|>', 'A', ' target', ' size', ' is']",2,3,accessibility,pythia-1b
target_size,9,3,0.0224,target,size,A target size is,"['<|endoftext|>', 'A', ' target', ' size', ' is']",2,3,accessibility,pythia-1b
target_size,9,4,0.0026,target,size,A target size is,"['<|endoftext|>', 'A', ' target', ' size', ' is']",2,3,accessibility,pythia-1b
target_size,9,5,0.0035,target,size,A target size is,"['<|endoftext|>', 'A', ' target', ' size', ' is']",2,3,accessibility,pythia-1b
target_size,9,6,0.0949,target,size,A target size is,"['<|endoftext|>', 'A', ' target', ' size', ' is']",2,3,accessibility,pythia-1b
target_size,9,7,0.0444,target,size,A target size is,"['<|endoftext|>', 'A', ' target', ' size', ' is']",2,3,accessibility,pythia-1b
target_size,10,0,0.0034,target,size,A target size is,"['<|endoftext|>', 'A', ' target', ' size', ' is']",2,3,accessibility,pythia-1b
target_size,10,1,0.0866,target,size,A target size is,"['<|endoftext|>', 'A', ' target', ' size', ' is']",2,3,accessibility,pythia-1b
target_size,10,2,0.0139,target,size,A target size is,"['<|endoftext|>', 'A', ' target', ' size', ' is']",2,3,accessibility,pythia-1b
target_size,10,3,0.1063,target,size,A target size is,"['<|endoftext|>', 'A', ' target', ' size', ' is']",2,3,accessibility,pythia-1b
target_size,10,4,0.0116,target,size,A target size is,"['<|endoftext|>', 'A', ' target', ' size', ' is']",2,3,accessibility,pythia-1b
target_size,10,5,0.0004,target,size,A target size is,"['<|endoftext|>', 'A', ' target', ' size', ' is']",2,3,accessibility,pythia-1b
target_size,10,6,0.0002,target,size,A target size is,"['<|endoftext|>', 'A', ' target', ' size', ' is']",2,3,accessibility,pythia-1b
target_size,10,7,0.012,target,size,A target size is,"['<|endoftext|>', 'A', ' target', ' size', ' is']",2,3,accessibility,pythia-1b
target_size,11,0,0.0691,target,size,A target size is,"['<|endoftext|>', 'A', ' target', ' size', ' is']",2,3,accessibility,pythia-1b
target_size,11,1,0.0146,target,size,A target size is,"['<|endoftext|>', 'A', ' target', ' size', ' is']",2,3,accessibility,pythia-1b
target_size,11,2,0.0499,target,size,A target size is,"['<|endoftext|>', 'A', ' target', ' size', ' is']",2,3,accessibility,pythia-1b
target_size,11,3,0.0089,target,size,A target size is,"['<|endoftext|>', 'A', ' target', ' size', ' is']",2,3,accessibility,pythia-1b
target_size,11,4,0.1903,target,size,A target size is,"['<|endoftext|>', 'A', ' target', ' size', ' is']",2,3,accessibility,pythia-1b
target_size,11,5,0.0247,target,size,A target size is,"['<|endoftext|>', 'A', ' target', ' size', ' is']",2,3,accessibility,pythia-1b
target_size,11,6,0.0067,target,size,A target size is,"['<|endoftext|>', 'A', ' target', ' size', ' is']",2,3,accessibility,pythia-1b
target_size,11,7,0.0019,target,size,A target size is,"['<|endoftext|>', 'A', ' target', ' size', ' is']",2,3,accessibility,pythia-1b
target_size,12,0,0.0095,target,size,A target size is,"['<|endoftext|>', 'A', ' target', ' size', ' is']",2,3,accessibility,pythia-1b
target_size,12,1,0.1041,target,size,A target size is,"['<|endoftext|>', 'A', ' target', ' size', ' is']",2,3,accessibility,pythia-1b
target_size,12,2,0.0214,target,size,A target size is,"['<|endoftext|>', 'A', ' target', ' size', ' is']",2,3,accessibility,pythia-1b
target_size,12,3,0.0042,target,size,A target size is,"['<|endoftext|>', 'A', ' target', ' size', ' is']",2,3,accessibility,pythia-1b
target_size,12,4,0.0094,target,size,A target size is,"['<|endoftext|>', 'A', ' target', ' size', ' is']",2,3,accessibility,pythia-1b
target_size,12,5,0.0621,target,size,A target size is,"['<|endoftext|>', 'A', ' target', ' size', ' is']",2,3,accessibility,pythia-1b
target_size,12,6,0.0027,target,size,A target size is,"['<|endoftext|>', 'A', ' target', ' size', ' is']",2,3,accessibility,pythia-1b
target_size,12,7,0.0307,target,size,A target size is,"['<|endoftext|>', 'A', ' target', ' size', ' is']",2,3,accessibility,pythia-1b
target_size,13,0,0.0778,target,size,A target size is,"['<|endoftext|>', 'A', ' target', ' size', ' is']",2,3,accessibility,pythia-1b
target_size,13,1,0.0296,target,size,A target size is,"['<|endoftext|>', 'A', ' target', ' size', ' is']",2,3,accessibility,pythia-1b
target_size,13,2,0.0005,target,size,A target size is,"['<|endoftext|>', 'A', ' target', ' size', ' is']",2,3,accessibility,pythia-1b
target_size,13,3,0.0267,target,size,A target size is,"['<|endoftext|>', 'A', ' target', ' size', ' is']",2,3,accessibility,pythia-1b
target_size,13,4,0.1554,target,size,A target size is,"['<|endoftext|>', 'A', ' target', ' size', ' is']",2,3,accessibility,pythia-1b
target_size,13,5,0.094,target,size,A target size is,"['<|endoftext|>', 'A', ' target', ' size', ' is']",2,3,accessibility,pythia-1b
target_size,13,6,0.0035,target,size,A target size is,"['<|endoftext|>', 'A', ' target', ' size', ' is']",2,3,accessibility,pythia-1b
target_size,13,7,0.0316,target,size,A target size is,"['<|endoftext|>', 'A', ' target', ' size', ' is']",2,3,accessibility,pythia-1b
target_size,14,0,0.0602,target,size,A target size is,"['<|endoftext|>', 'A', ' target', ' size', ' is']",2,3,accessibility,pythia-1b
target_size,14,1,0.1067,target,size,A target size is,"['<|endoftext|>', 'A', ' target', ' size', ' is']",2,3,accessibility,pythia-1b
target_size,14,2,0.2483,target,size,A target size is,"['<|endoftext|>', 'A', ' target', ' size', ' is']",2,3,accessibility,pythia-1b
target_size,14,3,0.2249,target,size,A target size is,"['<|endoftext|>', 'A', ' target', ' size', ' is']",2,3,accessibility,pythia-1b
target_size,14,4,0.0606,target,size,A target size is,"['<|endoftext|>', 'A', ' target', ' size', ' is']",2,3,accessibility,pythia-1b
target_size,14,5,0.0791,target,size,A target size is,"['<|endoftext|>', 'A', ' target', ' size', ' is']",2,3,accessibility,pythia-1b
target_size,14,6,0.0047,target,size,A target size is,"['<|endoftext|>', 'A', ' target', ' size', ' is']",2,3,accessibility,pythia-1b
target_size,14,7,0.0169,target,size,A target size is,"['<|endoftext|>', 'A', ' target', ' size', ' is']",2,3,accessibility,pythia-1b
target_size,15,0,0.2602,target,size,A target size is,"['<|endoftext|>', 'A', ' target', ' size', ' is']",2,3,accessibility,pythia-1b
target_size,15,1,0.0346,target,size,A target size is,"['<|endoftext|>', 'A', ' target', ' size', ' is']",2,3,accessibility,pythia-1b
target_size,15,2,0.0827,target,size,A target size is,"['<|endoftext|>', 'A', ' target', ' size', ' is']",2,3,accessibility,pythia-1b
target_size,15,3,0.0445,target,size,A target size is,"['<|endoftext|>', 'A', ' target', ' size', ' is']",2,3,accessibility,pythia-1b
target_size,15,4,0.0564,target,size,A target size is,"['<|endoftext|>', 'A', ' target', ' size', ' is']",2,3,accessibility,pythia-1b
target_size,15,5,0.213,target,size,A target size is,"['<|endoftext|>', 'A', ' target', ' size', ' is']",2,3,accessibility,pythia-1b
target_size,15,6,0.0297,target,size,A target size is,"['<|endoftext|>', 'A', ' target', ' size', ' is']",2,3,accessibility,pythia-1b
target_size,15,7,0.3077,target,size,A target size is,"['<|endoftext|>', 'A', ' target', ' size', ' is']",2,3,accessibility,pythia-1b
touch_target,0,0,0.2383,touch,target,A touch target is,"['<|endoftext|>', 'A', ' touch', ' target', ' is']",2,3,accessibility,pythia-1b
touch_target,0,1,0.3328,touch,target,A touch target is,"['<|endoftext|>', 'A', ' touch', ' target', ' is']",2,3,accessibility,pythia-1b
touch_target,0,2,0.0,touch,target,A touch target is,"['<|endoftext|>', 'A', ' touch', ' target', ' is']",2,3,accessibility,pythia-1b
touch_target,0,3,0.8068,touch,target,A touch target is,"['<|endoftext|>', 'A', ' touch', ' target', ' is']",2,3,accessibility,pythia-1b
touch_target,0,4,0.0224,touch,target,A touch target is,"['<|endoftext|>', 'A', ' touch', ' target', ' is']",2,3,accessibility,pythia-1b
touch_target,0,5,0.1667,touch,target,A touch target is,"['<|endoftext|>', 'A', ' touch', ' target', ' is']",2,3,accessibility,pythia-1b
touch_target,0,6,0.0359,touch,target,A touch target is,"['<|endoftext|>', 'A', ' touch', ' target', ' is']",2,3,accessibility,pythia-1b
touch_target,0,7,0.0214,touch,target,A touch target is,"['<|endoftext|>', 'A', ' touch', ' target', ' is']",2,3,accessibility,pythia-1b
touch_target,1,0,0.7009,touch,target,A touch target is,"['<|endoftext|>', 'A', ' touch', ' target', ' is']",2,3,accessibility,pythia-1b
touch_target,1,1,0.0619,touch,target,A touch target is,"['<|endoftext|>', 'A', ' touch', ' target', ' is']",2,3,accessibility,pythia-1b
touch_target,1,2,0.7187,touch,target,A touch target is,"['<|endoftext|>', 'A', ' touch', ' target', ' is']",2,3,accessibility,pythia-1b
touch_target,1,3,0.6717,touch,target,A touch target is,"['<|endoftext|>', 'A', ' touch', ' target', ' is']",2,3,accessibility,pythia-1b
touch_target,1,4,0.1099,touch,target,A touch target is,"['<|endoftext|>', 'A', ' touch', ' target', ' is']",2,3,accessibility,pythia-1b
touch_target,1,5,0.834,touch,target,A touch target is,"['<|endoftext|>', 'A', ' touch', ' target', ' is']",2,3,accessibility,pythia-1b
touch_target,1,6,0.2829,touch,target,A touch target is,"['<|endoftext|>', 'A', ' touch', ' target', ' is']",2,3,accessibility,pythia-1b
touch_target,1,7,0.0024,touch,target,A touch target is,"['<|endoftext|>', 'A', ' touch', ' target', ' is']",2,3,accessibility,pythia-1b
touch_target,2,0,0.4474,touch,target,A touch target is,"['<|endoftext|>', 'A', ' touch', ' target', ' is']",2,3,accessibility,pythia-1b
touch_target,2,1,0.2125,touch,target,A touch target is,"['<|endoftext|>', 'A', ' touch', ' target', ' is']",2,3,accessibility,pythia-1b
touch_target,2,2,0.299,touch,target,A touch target is,"['<|endoftext|>', 'A', ' touch', ' target', ' is']",2,3,accessibility,pythia-1b
touch_target,2,3,0.1713,touch,target,A touch target is,"['<|endoftext|>', 'A', ' touch', ' target', ' is']",2,3,accessibility,pythia-1b
touch_target,2,4,0.1322,touch,target,A touch target is,"['<|endoftext|>', 'A', ' touch', ' target', ' is']",2,3,accessibility,pythia-1b
touch_target,2,5,0.111,touch,target,A touch target is,"['<|endoftext|>', 'A', ' touch', ' target', ' is']",2,3,accessibility,pythia-1b
touch_target,2,6,0.343,touch,target,A touch target is,"['<|endoftext|>', 'A', ' touch', ' target', ' is']",2,3,accessibility,pythia-1b
touch_target,2,7,0.0623,touch,target,A touch target is,"['<|endoftext|>', 'A', ' touch', ' target', ' is']",2,3,accessibility,pythia-1b
touch_target,3,0,0.0807,touch,target,A touch target is,"['<|endoftext|>', 'A', ' touch', ' target', ' is']",2,3,accessibility,pythia-1b
touch_target,3,1,0.0962,touch,target,A touch target is,"['<|endoftext|>', 'A', ' touch', ' target', ' is']",2,3,accessibility,pythia-1b
touch_target,3,2,0.2173,touch,target,A touch target is,"['<|endoftext|>', 'A', ' touch', ' target', ' is']",2,3,accessibility,pythia-1b
touch_target,3,3,0.0415,touch,target,A touch target is,"['<|endoftext|>', 'A', ' touch', ' target', ' is']",2,3,accessibility,pythia-1b
touch_target,3,4,0.0446,touch,target,A touch target is,"['<|endoftext|>', 'A', ' touch', ' target', ' is']",2,3,accessibility,pythia-1b
touch_target,3,5,0.9777,touch,target,A touch target is,"['<|endoftext|>', 'A', ' touch', ' target', ' is']",2,3,accessibility,pythia-1b
touch_target,3,6,0.608,touch,target,A touch target is,"['<|endoftext|>', 'A', ' touch', ' target', ' is']",2,3,accessibility,pythia-1b
touch_target,3,7,0.1908,touch,target,A touch target is,"['<|endoftext|>', 'A', ' touch', ' target', ' is']",2,3,accessibility,pythia-1b
touch_target,4,0,0.4895,touch,target,A touch target is,"['<|endoftext|>', 'A', ' touch', ' target', ' is']",2,3,accessibility,pythia-1b
touch_target,4,1,0.0129,touch,target,A touch target is,"['<|endoftext|>', 'A', ' touch', ' target', ' is']",2,3,accessibility,pythia-1b
touch_target,4,2,0.0494,touch,target,A touch target is,"['<|endoftext|>', 'A', ' touch', ' target', ' is']",2,3,accessibility,pythia-1b
touch_target,4,3,0.0065,touch,target,A touch target is,"['<|endoftext|>', 'A', ' touch', ' target', ' is']",2,3,accessibility,pythia-1b
touch_target,4,4,0.0,touch,target,A touch target is,"['<|endoftext|>', 'A', ' touch', ' target', ' is']",2,3,accessibility,pythia-1b
touch_target,4,5,0.0027,touch,target,A touch target is,"['<|endoftext|>', 'A', ' touch', ' target', ' is']",2,3,accessibility,pythia-1b
touch_target,4,6,0.0816,touch,target,A touch target is,"['<|endoftext|>', 'A', ' touch', ' target', ' is']",2,3,accessibility,pythia-1b
touch_target,4,7,0.0178,touch,target,A touch target is,"['<|endoftext|>', 'A', ' touch', ' target', ' is']",2,3,accessibility,pythia-1b
touch_target,5,0,0.0411,touch,target,A touch target is,"['<|endoftext|>', 'A', ' touch', ' target', ' is']",2,3,accessibility,pythia-1b
touch_target,5,1,0.0,touch,target,A touch target is,"['<|endoftext|>', 'A', ' touch', ' target', ' is']",2,3,accessibility,pythia-1b
touch_target,5,2,0.0959,touch,target,A touch target is,"['<|endoftext|>', 'A', ' touch', ' target', ' is']",2,3,accessibility,pythia-1b
touch_target,5,3,0.1108,touch,target,A touch target is,"['<|endoftext|>', 'A', ' touch', ' target', ' is']",2,3,accessibility,pythia-1b
touch_target,5,4,0.0637,touch,target,A touch target is,"['<|endoftext|>', 'A', ' touch', ' target', ' is']",2,3,accessibility,pythia-1b
touch_target,5,5,0.3989,touch,target,A touch target is,"['<|endoftext|>', 'A', ' touch', ' target', ' is']",2,3,accessibility,pythia-1b
touch_target,5,6,0.0022,touch,target,A touch target is,"['<|endoftext|>', 'A', ' touch', ' target', ' is']",2,3,accessibility,pythia-1b
touch_target,5,7,0.0003,touch,target,A touch target is,"['<|endoftext|>', 'A', ' touch', ' target', ' is']",2,3,accessibility,pythia-1b
touch_target,6,0,0.026,touch,target,A touch target is,"['<|endoftext|>', 'A', ' touch', ' target', ' is']",2,3,accessibility,pythia-1b
touch_target,6,1,0.0498,touch,target,A touch target is,"['<|endoftext|>', 'A', ' touch', ' target', ' is']",2,3,accessibility,pythia-1b
touch_target,6,2,0.038,touch,target,A touch target is,"['<|endoftext|>', 'A', ' touch', ' target', ' is']",2,3,accessibility,pythia-1b
touch_target,6,3,0.6548,touch,target,A touch target is,"['<|endoftext|>', 'A', ' touch', ' target', ' is']",2,3,accessibility,pythia-1b
touch_target,6,4,0.1813,touch,target,A touch target is,"['<|endoftext|>', 'A', ' touch', ' target', ' is']",2,3,accessibility,pythia-1b
touch_target,6,5,0.1,touch,target,A touch target is,"['<|endoftext|>', 'A', ' touch', ' target', ' is']",2,3,accessibility,pythia-1b
touch_target,6,6,0.0259,touch,target,A touch target is,"['<|endoftext|>', 'A', ' touch', ' target', ' is']",2,3,accessibility,pythia-1b
touch_target,6,7,0.0016,touch,target,A touch target is,"['<|endoftext|>', 'A', ' touch', ' target', ' is']",2,3,accessibility,pythia-1b
touch_target,7,0,0.0018,touch,target,A touch target is,"['<|endoftext|>', 'A', ' touch', ' target', ' is']",2,3,accessibility,pythia-1b
touch_target,7,1,0.0002,touch,target,A touch target is,"['<|endoftext|>', 'A', ' touch', ' target', ' is']",2,3,accessibility,pythia-1b
touch_target,7,2,0.0029,touch,target,A touch target is,"['<|endoftext|>', 'A', ' touch', ' target', ' is']",2,3,accessibility,pythia-1b
touch_target,7,3,0.0379,touch,target,A touch target is,"['<|endoftext|>', 'A', ' touch', ' target', ' is']",2,3,accessibility,pythia-1b
touch_target,7,4,0.0471,touch,target,A touch target is,"['<|endoftext|>', 'A', ' touch', ' target', ' is']",2,3,accessibility,pythia-1b
touch_target,7,5,0.0313,touch,target,A touch target is,"['<|endoftext|>', 'A', ' touch', ' target', ' is']",2,3,accessibility,pythia-1b
touch_target,7,6,0.2532,touch,target,A touch target is,"['<|endoftext|>', 'A', ' touch', ' target', ' is']",2,3,accessibility,pythia-1b
touch_target,7,7,0.0685,touch,target,A touch target is,"['<|endoftext|>', 'A', ' touch', ' target', ' is']",2,3,accessibility,pythia-1b
touch_target,8,0,0.0022,touch,target,A touch target is,"['<|endoftext|>', 'A', ' touch', ' target', ' is']",2,3,accessibility,pythia-1b
touch_target,8,1,0.0866,touch,target,A touch target is,"['<|endoftext|>', 'A', ' touch', ' target', ' is']",2,3,accessibility,pythia-1b
touch_target,8,2,0.0316,touch,target,A touch target is,"['<|endoftext|>', 'A', ' touch', ' target', ' is']",2,3,accessibility,pythia-1b
touch_target,8,3,0.367,touch,target,A touch target is,"['<|endoftext|>', 'A', ' touch', ' target', ' is']",2,3,accessibility,pythia-1b
touch_target,8,4,0.0256,touch,target,A touch target is,"['<|endoftext|>', 'A', ' touch', ' target', ' is']",2,3,accessibility,pythia-1b
touch_target,8,5,0.0049,touch,target,A touch target is,"['<|endoftext|>', 'A', ' touch', ' target', ' is']",2,3,accessibility,pythia-1b
touch_target,8,6,0.0241,touch,target,A touch target is,"['<|endoftext|>', 'A', ' touch', ' target', ' is']",2,3,accessibility,pythia-1b
touch_target,8,7,0.1513,touch,target,A touch target is,"['<|endoftext|>', 'A', ' touch', ' target', ' is']",2,3,accessibility,pythia-1b
touch_target,9,0,0.0603,touch,target,A touch target is,"['<|endoftext|>', 'A', ' touch', ' target', ' is']",2,3,accessibility,pythia-1b
touch_target,9,1,0.0227,touch,target,A touch target is,"['<|endoftext|>', 'A', ' touch', ' target', ' is']",2,3,accessibility,pythia-1b
touch_target,9,2,0.1358,touch,target,A touch target is,"['<|endoftext|>', 'A', ' touch', ' target', ' is']",2,3,accessibility,pythia-1b
touch_target,9,3,0.0527,touch,target,A touch target is,"['<|endoftext|>', 'A', ' touch', ' target', ' is']",2,3,accessibility,pythia-1b
touch_target,9,4,0.0276,touch,target,A touch target is,"['<|endoftext|>', 'A', ' touch', ' target', ' is']",2,3,accessibility,pythia-1b
touch_target,9,5,0.004,touch,target,A touch target is,"['<|endoftext|>', 'A', ' touch', ' target', ' is']",2,3,accessibility,pythia-1b
touch_target,9,6,0.2375,touch,target,A touch target is,"['<|endoftext|>', 'A', ' touch', ' target', ' is']",2,3,accessibility,pythia-1b
touch_target,9,7,0.3518,touch,target,A touch target is,"['<|endoftext|>', 'A', ' touch', ' target', ' is']",2,3,accessibility,pythia-1b
touch_target,10,0,0.0029,touch,target,A touch target is,"['<|endoftext|>', 'A', ' touch', ' target', ' is']",2,3,accessibility,pythia-1b
touch_target,10,1,0.1564,touch,target,A touch target is,"['<|endoftext|>', 'A', ' touch', ' target', ' is']",2,3,accessibility,pythia-1b
touch_target,10,2,0.0304,touch,target,A touch target is,"['<|endoftext|>', 'A', ' touch', ' target', ' is']",2,3,accessibility,pythia-1b
touch_target,10,3,0.225,touch,target,A touch target is,"['<|endoftext|>', 'A', ' touch', ' target', ' is']",2,3,accessibility,pythia-1b
touch_target,10,4,0.0363,touch,target,A touch target is,"['<|endoftext|>', 'A', ' touch', ' target', ' is']",2,3,accessibility,pythia-1b
touch_target,10,5,0.0029,touch,target,A touch target is,"['<|endoftext|>', 'A', ' touch', ' target', ' is']",2,3,accessibility,pythia-1b
touch_target,10,6,0.0007,touch,target,A touch target is,"['<|endoftext|>', 'A', ' touch', ' target', ' is']",2,3,accessibility,pythia-1b
touch_target,10,7,0.057,touch,target,A touch target is,"['<|endoftext|>', 'A', ' touch', ' target', ' is']",2,3,accessibility,pythia-1b
touch_target,11,0,0.1307,touch,target,A touch target is,"['<|endoftext|>', 'A', ' touch', ' target', ' is']",2,3,accessibility,pythia-1b
touch_target,11,1,0.0282,touch,target,A touch target is,"['<|endoftext|>', 'A', ' touch', ' target', ' is']",2,3,accessibility,pythia-1b
touch_target,11,2,0.1354,touch,target,A touch target is,"['<|endoftext|>', 'A', ' touch', ' target', ' is']",2,3,accessibility,pythia-1b
touch_target,11,3,0.0225,touch,target,A touch target is,"['<|endoftext|>', 'A', ' touch', ' target', ' is']",2,3,accessibility,pythia-1b
touch_target,11,4,0.2154,touch,target,A touch target is,"['<|endoftext|>', 'A', ' touch', ' target', ' is']",2,3,accessibility,pythia-1b
touch_target,11,5,0.0047,touch,target,A touch target is,"['<|endoftext|>', 'A', ' touch', ' target', ' is']",2,3,accessibility,pythia-1b
touch_target,11,6,0.0155,touch,target,A touch target is,"['<|endoftext|>', 'A', ' touch', ' target', ' is']",2,3,accessibility,pythia-1b
touch_target,11,7,0.0036,touch,target,A touch target is,"['<|endoftext|>', 'A', ' touch', ' target', ' is']",2,3,accessibility,pythia-1b
touch_target,12,0,0.0147,touch,target,A touch target is,"['<|endoftext|>', 'A', ' touch', ' target', ' is']",2,3,accessibility,pythia-1b
touch_target,12,1,0.0941,touch,target,A touch target is,"['<|endoftext|>', 'A', ' touch', ' target', ' is']",2,3,accessibility,pythia-1b
touch_target,12,2,0.0325,touch,target,A touch target is,"['<|endoftext|>', 'A', ' touch', ' target', ' is']",2,3,accessibility,pythia-1b
touch_target,12,3,0.0099,touch,target,A touch target is,"['<|endoftext|>', 'A', ' touch', ' target', ' is']",2,3,accessibility,pythia-1b
touch_target,12,4,0.0333,touch,target,A touch target is,"['<|endoftext|>', 'A', ' touch', ' target', ' is']",2,3,accessibility,pythia-1b
touch_target,12,5,0.1349,touch,target,A touch target is,"['<|endoftext|>', 'A', ' touch', ' target', ' is']",2,3,accessibility,pythia-1b
touch_target,12,6,0.0094,touch,target,A touch target is,"['<|endoftext|>', 'A', ' touch', ' target', ' is']",2,3,accessibility,pythia-1b
touch_target,12,7,0.0197,touch,target,A touch target is,"['<|endoftext|>', 'A', ' touch', ' target', ' is']",2,3,accessibility,pythia-1b
touch_target,13,0,0.2141,touch,target,A touch target is,"['<|endoftext|>', 'A', ' touch', ' target', ' is']",2,3,accessibility,pythia-1b
touch_target,13,1,0.0715,touch,target,A touch target is,"['<|endoftext|>', 'A', ' touch', ' target', ' is']",2,3,accessibility,pythia-1b
touch_target,13,2,0.0129,touch,target,A touch target is,"['<|endoftext|>', 'A', ' touch', ' target', ' is']",2,3,accessibility,pythia-1b
touch_target,13,3,0.0152,touch,target,A touch target is,"['<|endoftext|>', 'A', ' touch', ' target', ' is']",2,3,accessibility,pythia-1b
touch_target,13,4,0.3419,touch,target,A touch target is,"['<|endoftext|>', 'A', ' touch', ' target', ' is']",2,3,accessibility,pythia-1b
touch_target,13,5,0.1142,touch,target,A touch target is,"['<|endoftext|>', 'A', ' touch', ' target', ' is']",2,3,accessibility,pythia-1b
touch_target,13,6,0.0035,touch,target,A touch target is,"['<|endoftext|>', 'A', ' touch', ' target', ' is']",2,3,accessibility,pythia-1b
touch_target,13,7,0.0657,touch,target,A touch target is,"['<|endoftext|>', 'A', ' touch', ' target', ' is']",2,3,accessibility,pythia-1b
touch_target,14,0,0.0273,touch,target,A touch target is,"['<|endoftext|>', 'A', ' touch', ' target', ' is']",2,3,accessibility,pythia-1b
touch_target,14,1,0.03,touch,target,A touch target is,"['<|endoftext|>', 'A', ' touch', ' target', ' is']",2,3,accessibility,pythia-1b
touch_target,14,2,0.2581,touch,target,A touch target is,"['<|endoftext|>', 'A', ' touch', ' target', ' is']",2,3,accessibility,pythia-1b
touch_target,14,3,0.1276,touch,target,A touch target is,"['<|endoftext|>', 'A', ' touch', ' target', ' is']",2,3,accessibility,pythia-1b
touch_target,14,4,0.044,touch,target,A touch target is,"['<|endoftext|>', 'A', ' touch', ' target', ' is']",2,3,accessibility,pythia-1b
touch_target,14,5,0.0235,touch,target,A touch target is,"['<|endoftext|>', 'A', ' touch', ' target', ' is']",2,3,accessibility,pythia-1b
touch_target,14,6,0.0021,touch,target,A touch target is,"['<|endoftext|>', 'A', ' touch', ' target', ' is']",2,3,accessibility,pythia-1b
touch_target,14,7,0.0062,touch,target,A touch target is,"['<|endoftext|>', 'A', ' touch', ' target', ' is']",2,3,accessibility,pythia-1b
touch_target,15,0,0.0531,touch,target,A touch target is,"['<|endoftext|>', 'A', ' touch', ' target', ' is']",2,3,accessibility,pythia-1b
touch_target,15,1,0.0133,touch,target,A touch target is,"['<|endoftext|>', 'A', ' touch', ' target', ' is']",2,3,accessibility,pythia-1b
touch_target,15,2,0.0433,touch,target,A touch target is,"['<|endoftext|>', 'A', ' touch', ' target', ' is']",2,3,accessibility,pythia-1b
touch_target,15,3,0.0163,touch,target,A touch target is,"['<|endoftext|>', 'A', ' touch', ' target', ' is']",2,3,accessibility,pythia-1b
touch_target,15,4,0.0625,touch,target,A touch target is,"['<|endoftext|>', 'A', ' touch', ' target', ' is']",2,3,accessibility,pythia-1b
touch_target,15,5,0.035,touch,target,A touch target is,"['<|endoftext|>', 'A', ' touch', ' target', ' is']",2,3,accessibility,pythia-1b
touch_target,15,6,0.023,touch,target,A touch target is,"['<|endoftext|>', 'A', ' touch', ' target', ' is']",2,3,accessibility,pythia-1b
touch_target,15,7,0.067,touch,target,A touch target is,"['<|endoftext|>', 'A', ' touch', ' target', ' is']",2,3,accessibility,pythia-1b
drag_movement,0,0,0.2371,drag,movement,A drag movement is,"['<|endoftext|>', 'A', ' drag', ' movement', ' is']",2,3,accessibility,pythia-1b
drag_movement,0,1,0.4123,drag,movement,A drag movement is,"['<|endoftext|>', 'A', ' drag', ' movement', ' is']",2,3,accessibility,pythia-1b
drag_movement,0,2,0.0,drag,movement,A drag movement is,"['<|endoftext|>', 'A', ' drag', ' movement', ' is']",2,3,accessibility,pythia-1b
drag_movement,0,3,0.7108,drag,movement,A drag movement is,"['<|endoftext|>', 'A', ' drag', ' movement', ' is']",2,3,accessibility,pythia-1b
drag_movement,0,4,0.0452,drag,movement,A drag movement is,"['<|endoftext|>', 'A', ' drag', ' movement', ' is']",2,3,accessibility,pythia-1b
drag_movement,0,5,0.4415,drag,movement,A drag movement is,"['<|endoftext|>', 'A', ' drag', ' movement', ' is']",2,3,accessibility,pythia-1b
drag_movement,0,6,0.0256,drag,movement,A drag movement is,"['<|endoftext|>', 'A', ' drag', ' movement', ' is']",2,3,accessibility,pythia-1b
drag_movement,0,7,0.2938,drag,movement,A drag movement is,"['<|endoftext|>', 'A', ' drag', ' movement', ' is']",2,3,accessibility,pythia-1b
drag_movement,1,0,0.1683,drag,movement,A drag movement is,"['<|endoftext|>', 'A', ' drag', ' movement', ' is']",2,3,accessibility,pythia-1b
drag_movement,1,1,0.0421,drag,movement,A drag movement is,"['<|endoftext|>', 'A', ' drag', ' movement', ' is']",2,3,accessibility,pythia-1b
drag_movement,1,2,0.3858,drag,movement,A drag movement is,"['<|endoftext|>', 'A', ' drag', ' movement', ' is']",2,3,accessibility,pythia-1b
drag_movement,1,3,0.7109,drag,movement,A drag movement is,"['<|endoftext|>', 'A', ' drag', ' movement', ' is']",2,3,accessibility,pythia-1b
drag_movement,1,4,0.1518,drag,movement,A drag movement is,"['<|endoftext|>', 'A', ' drag', ' movement', ' is']",2,3,accessibility,pythia-1b
drag_movement,1,5,0.2715,drag,movement,A drag movement is,"['<|endoftext|>', 'A', ' drag', ' movement', ' is']",2,3,accessibility,pythia-1b
drag_movement,1,6,0.2585,drag,movement,A drag movement is,"['<|endoftext|>', 'A', ' drag', ' movement', ' is']",2,3,accessibility,pythia-1b
drag_movement,1,7,0.0024,drag,movement,A drag movement is,"['<|endoftext|>', 'A', ' drag', ' movement', ' is']",2,3,accessibility,pythia-1b
drag_movement,2,0,0.0885,drag,movement,A drag movement is,"['<|endoftext|>', 'A', ' drag', ' movement', ' is']",2,3,accessibility,pythia-1b
drag_movement,2,1,0.1781,drag,movement,A drag movement is,"['<|endoftext|>', 'A', ' drag', ' movement', ' is']",2,3,accessibility,pythia-1b
drag_movement,2,2,0.1708,drag,movement,A drag movement is,"['<|endoftext|>', 'A', ' drag', ' movement', ' is']",2,3,accessibility,pythia-1b
drag_movement,2,3,0.2076,drag,movement,A drag movement is,"['<|endoftext|>', 'A', ' drag', ' movement', ' is']",2,3,accessibility,pythia-1b
drag_movement,2,4,0.0974,drag,movement,A drag movement is,"['<|endoftext|>', 'A', ' drag', ' movement', ' is']",2,3,accessibility,pythia-1b
drag_movement,2,5,0.0542,drag,movement,A drag movement is,"['<|endoftext|>', 'A', ' drag', ' movement', ' is']",2,3,accessibility,pythia-1b
drag_movement,2,6,0.2766,drag,movement,A drag movement is,"['<|endoftext|>', 'A', ' drag', ' movement', ' is']",2,3,accessibility,pythia-1b
drag_movement,2,7,0.1999,drag,movement,A drag movement is,"['<|endoftext|>', 'A', ' drag', ' movement', ' is']",2,3,accessibility,pythia-1b
drag_movement,3,0,0.017,drag,movement,A drag movement is,"['<|endoftext|>', 'A', ' drag', ' movement', ' is']",2,3,accessibility,pythia-1b
drag_movement,3,1,0.0237,drag,movement,A drag movement is,"['<|endoftext|>', 'A', ' drag', ' movement', ' is']",2,3,accessibility,pythia-1b
drag_movement,3,2,0.0987,drag,movement,A drag movement is,"['<|endoftext|>', 'A', ' drag', ' movement', ' is']",2,3,accessibility,pythia-1b
drag_movement,3,3,0.0157,drag,movement,A drag movement is,"['<|endoftext|>', 'A', ' drag', ' movement', ' is']",2,3,accessibility,pythia-1b
drag_movement,3,4,0.0903,drag,movement,A drag movement is,"['<|endoftext|>', 'A', ' drag', ' movement', ' is']",2,3,accessibility,pythia-1b
drag_movement,3,5,0.9832,drag,movement,A drag movement is,"['<|endoftext|>', 'A', ' drag', ' movement', ' is']",2,3,accessibility,pythia-1b
drag_movement,3,6,0.6609,drag,movement,A drag movement is,"['<|endoftext|>', 'A', ' drag', ' movement', ' is']",2,3,accessibility,pythia-1b
drag_movement,3,7,0.0157,drag,movement,A drag movement is,"['<|endoftext|>', 'A', ' drag', ' movement', ' is']",2,3,accessibility,pythia-1b
drag_movement,4,0,0.7268,drag,movement,A drag movement is,"['<|endoftext|>', 'A', ' drag', ' movement', ' is']",2,3,accessibility,pythia-1b
drag_movement,4,1,0.016,drag,movement,A drag movement is,"['<|endoftext|>', 'A', ' drag', ' movement', ' is']",2,3,accessibility,pythia-1b
drag_movement,4,2,0.0333,drag,movement,A drag movement is,"['<|endoftext|>', 'A', ' drag', ' movement', ' is']",2,3,accessibility,pythia-1b
drag_movement,4,3,0.1106,drag,movement,A drag movement is,"['<|endoftext|>', 'A', ' drag', ' movement', ' is']",2,3,accessibility,pythia-1b
drag_movement,4,4,0.0001,drag,movement,A drag movement is,"['<|endoftext|>', 'A', ' drag', ' movement', ' is']",2,3,accessibility,pythia-1b
drag_movement,4,5,0.0073,drag,movement,A drag movement is,"['<|endoftext|>', 'A', ' drag', ' movement', ' is']",2,3,accessibility,pythia-1b
drag_movement,4,6,0.037,drag,movement,A drag movement is,"['<|endoftext|>', 'A', ' drag', ' movement', ' is']",2,3,accessibility,pythia-1b
drag_movement,4,7,0.0207,drag,movement,A drag movement is,"['<|endoftext|>', 'A', ' drag', ' movement', ' is']",2,3,accessibility,pythia-1b
drag_movement,5,0,0.0553,drag,movement,A drag movement is,"['<|endoftext|>', 'A', ' drag', ' movement', ' is']",2,3,accessibility,pythia-1b
drag_movement,5,1,0.0002,drag,movement,A drag movement is,"['<|endoftext|>', 'A', ' drag', ' movement', ' is']",2,3,accessibility,pythia-1b
drag_movement,5,2,0.0375,drag,movement,A drag movement is,"['<|endoftext|>', 'A', ' drag', ' movement', ' is']",2,3,accessibility,pythia-1b
drag_movement,5,3,0.337,drag,movement,A drag movement is,"['<|endoftext|>', 'A', ' drag', ' movement', ' is']",2,3,accessibility,pythia-1b
drag_movement,5,4,0.0149,drag,movement,A drag movement is,"['<|endoftext|>', 'A', ' drag', ' movement', ' is']",2,3,accessibility,pythia-1b
drag_movement,5,5,0.2174,drag,movement,A drag movement is,"['<|endoftext|>', 'A', ' drag', ' movement', ' is']",2,3,accessibility,pythia-1b
drag_movement,5,6,0.0005,drag,movement,A drag movement is,"['<|endoftext|>', 'A', ' drag', ' movement', ' is']",2,3,accessibility,pythia-1b
drag_movement,5,7,0.0031,drag,movement,A drag movement is,"['<|endoftext|>', 'A', ' drag', ' movement', ' is']",2,3,accessibility,pythia-1b
drag_movement,6,0,0.0363,drag,movement,A drag movement is,"['<|endoftext|>', 'A', ' drag', ' movement', ' is']",2,3,accessibility,pythia-1b
drag_movement,6,1,0.017,drag,movement,A drag movement is,"['<|endoftext|>', 'A', ' drag', ' movement', ' is']",2,3,accessibility,pythia-1b
drag_movement,6,2,0.0155,drag,movement,A drag movement is,"['<|endoftext|>', 'A', ' drag', ' movement', ' is']",2,3,accessibility,pythia-1b
drag_movement,6,3,0.8315,drag,movement,A drag movement is,"['<|endoftext|>', 'A', ' drag', ' movement', ' is']",2,3,accessibility,pythia-1b
drag_movement,6,4,0.2047,drag,movement,A drag movement is,"['<|endoftext|>', 'A', ' drag', ' movement', ' is']",2,3,accessibility,pythia-1b
drag_movement,6,5,0.1577,drag,movement,A drag movement is,"['<|endoftext|>', 'A', ' drag', ' movement', ' is']",2,3,accessibility,pythia-1b
drag_movement,6,6,0.03,drag,movement,A drag movement is,"['<|endoftext|>', 'A', ' drag', ' movement', ' is']",2,3,accessibility,pythia-1b
drag_movement,6,7,0.0293,drag,movement,A drag movement is,"['<|endoftext|>', 'A', ' drag', ' movement', ' is']",2,3,accessibility,pythia-1b
drag_movement,7,0,0.0047,drag,movement,A drag movement is,"['<|endoftext|>', 'A', ' drag', ' movement', ' is']",2,3,accessibility,pythia-1b
drag_movement,7,1,0.0017,drag,movement,A drag movement is,"['<|endoftext|>', 'A', ' drag', ' movement', ' is']",2,3,accessibility,pythia-1b
drag_movement,7,2,0.0019,drag,movement,A drag movement is,"['<|endoftext|>', 'A', ' drag', ' movement', ' is']",2,3,accessibility,pythia-1b
drag_movement,7,3,0.0577,drag,movement,A drag movement is,"['<|endoftext|>', 'A', ' drag', ' movement', ' is']",2,3,accessibility,pythia-1b
drag_movement,7,4,0.0639,drag,movement,A drag movement is,"['<|endoftext|>', 'A', ' drag', ' movement', ' is']",2,3,accessibility,pythia-1b
drag_movement,7,5,0.0568,drag,movement,A drag movement is,"['<|endoftext|>', 'A', ' drag', ' movement', ' is']",2,3,accessibility,pythia-1b
drag_movement,7,6,0.2179,drag,movement,A drag movement is,"['<|endoftext|>', 'A', ' drag', ' movement', ' is']",2,3,accessibility,pythia-1b
drag_movement,7,7,0.0467,drag,movement,A drag movement is,"['<|endoftext|>', 'A', ' drag', ' movement', ' is']",2,3,accessibility,pythia-1b
drag_movement,8,0,0.0034,drag,movement,A drag movement is,"['<|endoftext|>', 'A', ' drag', ' movement', ' is']",2,3,accessibility,pythia-1b
drag_movement,8,1,0.0462,drag,movement,A drag movement is,"['<|endoftext|>', 'A', ' drag', ' movement', ' is']",2,3,accessibility,pythia-1b
drag_movement,8,2,0.04,drag,movement,A drag movement is,"['<|endoftext|>', 'A', ' drag', ' movement', ' is']",2,3,accessibility,pythia-1b
drag_movement,8,3,0.0548,drag,movement,A drag movement is,"['<|endoftext|>', 'A', ' drag', ' movement', ' is']",2,3,accessibility,pythia-1b
drag_movement,8,4,0.0038,drag,movement,A drag movement is,"['<|endoftext|>', 'A', ' drag', ' movement', ' is']",2,3,accessibility,pythia-1b
drag_movement,8,5,0.0354,drag,movement,A drag movement is,"['<|endoftext|>', 'A', ' drag', ' movement', ' is']",2,3,accessibility,pythia-1b
drag_movement,8,6,0.0097,drag,movement,A drag movement is,"['<|endoftext|>', 'A', ' drag', ' movement', ' is']",2,3,accessibility,pythia-1b
drag_movement,8,7,0.0605,drag,movement,A drag movement is,"['<|endoftext|>', 'A', ' drag', ' movement', ' is']",2,3,accessibility,pythia-1b
drag_movement,9,0,0.1202,drag,movement,A drag movement is,"['<|endoftext|>', 'A', ' drag', ' movement', ' is']",2,3,accessibility,pythia-1b
drag_movement,9,1,0.0051,drag,movement,A drag movement is,"['<|endoftext|>', 'A', ' drag', ' movement', ' is']",2,3,accessibility,pythia-1b
drag_movement,9,2,0.0913,drag,movement,A drag movement is,"['<|endoftext|>', 'A', ' drag', ' movement', ' is']",2,3,accessibility,pythia-1b
drag_movement,9,3,0.0702,drag,movement,A drag movement is,"['<|endoftext|>', 'A', ' drag', ' movement', ' is']",2,3,accessibility,pythia-1b
drag_movement,9,4,0.0217,drag,movement,A drag movement is,"['<|endoftext|>', 'A', ' drag', ' movement', ' is']",2,3,accessibility,pythia-1b
drag_movement,9,5,0.0075,drag,movement,A drag movement is,"['<|endoftext|>', 'A', ' drag', ' movement', ' is']",2,3,accessibility,pythia-1b
drag_movement,9,6,0.48,drag,movement,A drag movement is,"['<|endoftext|>', 'A', ' drag', ' movement', ' is']",2,3,accessibility,pythia-1b
drag_movement,9,7,0.2595,drag,movement,A drag movement is,"['<|endoftext|>', 'A', ' drag', ' movement', ' is']",2,3,accessibility,pythia-1b
drag_movement,10,0,0.0006,drag,movement,A drag movement is,"['<|endoftext|>', 'A', ' drag', ' movement', ' is']",2,3,accessibility,pythia-1b
drag_movement,10,1,0.267,drag,movement,A drag movement is,"['<|endoftext|>', 'A', ' drag', ' movement', ' is']",2,3,accessibility,pythia-1b
drag_movement,10,2,0.0127,drag,movement,A drag movement is,"['<|endoftext|>', 'A', ' drag', ' movement', ' is']",2,3,accessibility,pythia-1b
drag_movement,10,3,0.1948,drag,movement,A drag movement is,"['<|endoftext|>', 'A', ' drag', ' movement', ' is']",2,3,accessibility,pythia-1b
drag_movement,10,4,0.0281,drag,movement,A drag movement is,"['<|endoftext|>', 'A', ' drag', ' movement', ' is']",2,3,accessibility,pythia-1b
drag_movement,10,5,0.0028,drag,movement,A drag movement is,"['<|endoftext|>', 'A', ' drag', ' movement', ' is']",2,3,accessibility,pythia-1b
drag_movement,10,6,0.0002,drag,movement,A drag movement is,"['<|endoftext|>', 'A', ' drag', ' movement', ' is']",2,3,accessibility,pythia-1b
drag_movement,10,7,0.0142,drag,movement,A drag movement is,"['<|endoftext|>', 'A', ' drag', ' movement', ' is']",2,3,accessibility,pythia-1b
drag_movement,11,0,0.0683,drag,movement,A drag movement is,"['<|endoftext|>', 'A', ' drag', ' movement', ' is']",2,3,accessibility,pythia-1b
drag_movement,11,1,0.0275,drag,movement,A drag movement is,"['<|endoftext|>', 'A', ' drag', ' movement', ' is']",2,3,accessibility,pythia-1b
drag_movement,11,2,0.2283,drag,movement,A drag movement is,"['<|endoftext|>', 'A', ' drag', ' movement', ' is']",2,3,accessibility,pythia-1b
drag_movement,11,3,0.0165,drag,movement,A drag movement is,"['<|endoftext|>', 'A', ' drag', ' movement', ' is']",2,3,accessibility,pythia-1b
drag_movement,11,4,0.1091,drag,movement,A drag movement is,"['<|endoftext|>', 'A', ' drag', ' movement', ' is']",2,3,accessibility,pythia-1b
drag_movement,11,5,0.0075,drag,movement,A drag movement is,"['<|endoftext|>', 'A', ' drag', ' movement', ' is']",2,3,accessibility,pythia-1b
drag_movement,11,6,0.0065,drag,movement,A drag movement is,"['<|endoftext|>', 'A', ' drag', ' movement', ' is']",2,3,accessibility,pythia-1b
drag_movement,11,7,0.0053,drag,movement,A drag movement is,"['<|endoftext|>', 'A', ' drag', ' movement', ' is']",2,3,accessibility,pythia-1b
drag_movement,12,0,0.0273,drag,movement,A drag movement is,"['<|endoftext|>', 'A', ' drag', ' movement', ' is']",2,3,accessibility,pythia-1b
drag_movement,12,1,0.0639,drag,movement,A drag movement is,"['<|endoftext|>', 'A', ' drag', ' movement', ' is']",2,3,accessibility,pythia-1b
drag_movement,12,2,0.0264,drag,movement,A drag movement is,"['<|endoftext|>', 'A', ' drag', ' movement', ' is']",2,3,accessibility,pythia-1b
drag_movement,12,3,0.0241,drag,movement,A drag movement is,"['<|endoftext|>', 'A', ' drag', ' movement', ' is']",2,3,accessibility,pythia-1b
drag_movement,12,4,0.0132,drag,movement,A drag movement is,"['<|endoftext|>', 'A', ' drag', ' movement', ' is']",2,3,accessibility,pythia-1b
drag_movement,12,5,0.0891,drag,movement,A drag movement is,"['<|endoftext|>', 'A', ' drag', ' movement', ' is']",2,3,accessibility,pythia-1b
drag_movement,12,6,0.0104,drag,movement,A drag movement is,"['<|endoftext|>', 'A', ' drag', ' movement', ' is']",2,3,accessibility,pythia-1b
drag_movement,12,7,0.0069,drag,movement,A drag movement is,"['<|endoftext|>', 'A', ' drag', ' movement', ' is']",2,3,accessibility,pythia-1b
drag_movement,13,0,0.1165,drag,movement,A drag movement is,"['<|endoftext|>', 'A', ' drag', ' movement', ' is']",2,3,accessibility,pythia-1b
drag_movement,13,1,0.08,drag,movement,A drag movement is,"['<|endoftext|>', 'A', ' drag', ' movement', ' is']",2,3,accessibility,pythia-1b
drag_movement,13,2,0.057,drag,movement,A drag movement is,"['<|endoftext|>', 'A', ' drag', ' movement', ' is']",2,3,accessibility,pythia-1b
drag_movement,13,3,0.0223,drag,movement,A drag movement is,"['<|endoftext|>', 'A', ' drag', ' movement', ' is']",2,3,accessibility,pythia-1b
drag_movement,13,4,0.2923,drag,movement,A drag movement is,"['<|endoftext|>', 'A', ' drag', ' movement', ' is']",2,3,accessibility,pythia-1b
drag_movement,13,5,0.0696,drag,movement,A drag movement is,"['<|endoftext|>', 'A', ' drag', ' movement', ' is']",2,3,accessibility,pythia-1b
drag_movement,13,6,0.0015,drag,movement,A drag movement is,"['<|endoftext|>', 'A', ' drag', ' movement', ' is']",2,3,accessibility,pythia-1b
drag_movement,13,7,0.0292,drag,movement,A drag movement is,"['<|endoftext|>', 'A', ' drag', ' movement', ' is']",2,3,accessibility,pythia-1b
drag_movement,14,0,0.0482,drag,movement,A drag movement is,"['<|endoftext|>', 'A', ' drag', ' movement', ' is']",2,3,accessibility,pythia-1b
drag_movement,14,1,0.021,drag,movement,A drag movement is,"['<|endoftext|>', 'A', ' drag', ' movement', ' is']",2,3,accessibility,pythia-1b
drag_movement,14,2,0.4198,drag,movement,A drag movement is,"['<|endoftext|>', 'A', ' drag', ' movement', ' is']",2,3,accessibility,pythia-1b
drag_movement,14,3,0.051,drag,movement,A drag movement is,"['<|endoftext|>', 'A', ' drag', ' movement', ' is']",2,3,accessibility,pythia-1b
drag_movement,14,4,0.056,drag,movement,A drag movement is,"['<|endoftext|>', 'A', ' drag', ' movement', ' is']",2,3,accessibility,pythia-1b
drag_movement,14,5,0.0106,drag,movement,A drag movement is,"['<|endoftext|>', 'A', ' drag', ' movement', ' is']",2,3,accessibility,pythia-1b
drag_movement,14,6,0.0023,drag,movement,A drag movement is,"['<|endoftext|>', 'A', ' drag', ' movement', ' is']",2,3,accessibility,pythia-1b
drag_movement,14,7,0.0304,drag,movement,A drag movement is,"['<|endoftext|>', 'A', ' drag', ' movement', ' is']",2,3,accessibility,pythia-1b
drag_movement,15,0,0.1478,drag,movement,A drag movement is,"['<|endoftext|>', 'A', ' drag', ' movement', ' is']",2,3,accessibility,pythia-1b
drag_movement,15,1,0.032,drag,movement,A drag movement is,"['<|endoftext|>', 'A', ' drag', ' movement', ' is']",2,3,accessibility,pythia-1b
drag_movement,15,2,0.0345,drag,movement,A drag movement is,"['<|endoftext|>', 'A', ' drag', ' movement', ' is']",2,3,accessibility,pythia-1b
drag_movement,15,3,0.0468,drag,movement,A drag movement is,"['<|endoftext|>', 'A', ' drag', ' movement', ' is']",2,3,accessibility,pythia-1b
drag_movement,15,4,0.0566,drag,movement,A drag movement is,"['<|endoftext|>', 'A', ' drag', ' movement', ' is']",2,3,accessibility,pythia-1b
drag_movement,15,5,0.053,drag,movement,A drag movement is,"['<|endoftext|>', 'A', ' drag', ' movement', ' is']",2,3,accessibility,pythia-1b
drag_movement,15,6,0.0328,drag,movement,A drag movement is,"['<|endoftext|>', 'A', ' drag', ' movement', ' is']",2,3,accessibility,pythia-1b
drag_movement,15,7,0.0544,drag,movement,A drag movement is,"['<|endoftext|>', 'A', ' drag', ' movement', ' is']",2,3,accessibility,pythia-1b
focus_appearance,0,0,0.2718,focus,appearance,A focus appearance is,"['<|endoftext|>', 'A', ' focus', ' appearance', ' is']",2,3,accessibility,pythia-1b
focus_appearance,0,1,0.1175,focus,appearance,A focus appearance is,"['<|endoftext|>', 'A', ' focus', ' appearance', ' is']",2,3,accessibility,pythia-1b
focus_appearance,0,2,0.0,focus,appearance,A focus appearance is,"['<|endoftext|>', 'A', ' focus', ' appearance', ' is']",2,3,accessibility,pythia-1b
focus_appearance,0,3,0.1796,focus,appearance,A focus appearance is,"['<|endoftext|>', 'A', ' focus', ' appearance', ' is']",2,3,accessibility,pythia-1b
focus_appearance,0,4,0.031,focus,appearance,A focus appearance is,"['<|endoftext|>', 'A', ' focus', ' appearance', ' is']",2,3,accessibility,pythia-1b
focus_appearance,0,5,0.193,focus,appearance,A focus appearance is,"['<|endoftext|>', 'A', ' focus', ' appearance', ' is']",2,3,accessibility,pythia-1b
focus_appearance,0,6,0.0451,focus,appearance,A focus appearance is,"['<|endoftext|>', 'A', ' focus', ' appearance', ' is']",2,3,accessibility,pythia-1b
focus_appearance,0,7,0.0279,focus,appearance,A focus appearance is,"['<|endoftext|>', 'A', ' focus', ' appearance', ' is']",2,3,accessibility,pythia-1b
focus_appearance,1,0,0.1273,focus,appearance,A focus appearance is,"['<|endoftext|>', 'A', ' focus', ' appearance', ' is']",2,3,accessibility,pythia-1b
focus_appearance,1,1,0.11,focus,appearance,A focus appearance is,"['<|endoftext|>', 'A', ' focus', ' appearance', ' is']",2,3,accessibility,pythia-1b
focus_appearance,1,2,0.0638,focus,appearance,A focus appearance is,"['<|endoftext|>', 'A', ' focus', ' appearance', ' is']",2,3,accessibility,pythia-1b
focus_appearance,1,3,0.756,focus,appearance,A focus appearance is,"['<|endoftext|>', 'A', ' focus', ' appearance', ' is']",2,3,accessibility,pythia-1b
focus_appearance,1,4,0.067,focus,appearance,A focus appearance is,"['<|endoftext|>', 'A', ' focus', ' appearance', ' is']",2,3,accessibility,pythia-1b
focus_appearance,1,5,0.2848,focus,appearance,A focus appearance is,"['<|endoftext|>', 'A', ' focus', ' appearance', ' is']",2,3,accessibility,pythia-1b
focus_appearance,1,6,0.2736,focus,appearance,A focus appearance is,"['<|endoftext|>', 'A', ' focus', ' appearance', ' is']",2,3,accessibility,pythia-1b
focus_appearance,1,7,0.0025,focus,appearance,A focus appearance is,"['<|endoftext|>', 'A', ' focus', ' appearance', ' is']",2,3,accessibility,pythia-1b
focus_appearance,2,0,0.2297,focus,appearance,A focus appearance is,"['<|endoftext|>', 'A', ' focus', ' appearance', ' is']",2,3,accessibility,pythia-1b
focus_appearance,2,1,0.1293,focus,appearance,A focus appearance is,"['<|endoftext|>', 'A', ' focus', ' appearance', ' is']",2,3,accessibility,pythia-1b
focus_appearance,2,2,0.2126,focus,appearance,A focus appearance is,"['<|endoftext|>', 'A', ' focus', ' appearance', ' is']",2,3,accessibility,pythia-1b
focus_appearance,2,3,0.555,focus,appearance,A focus appearance is,"['<|endoftext|>', 'A', ' focus', ' appearance', ' is']",2,3,accessibility,pythia-1b
focus_appearance,2,4,0.2217,focus,appearance,A focus appearance is,"['<|endoftext|>', 'A', ' focus', ' appearance', ' is']",2,3,accessibility,pythia-1b
focus_appearance,2,5,0.0915,focus,appearance,A focus appearance is,"['<|endoftext|>', 'A', ' focus', ' appearance', ' is']",2,3,accessibility,pythia-1b
focus_appearance,2,6,0.28,focus,appearance,A focus appearance is,"['<|endoftext|>', 'A', ' focus', ' appearance', ' is']",2,3,accessibility,pythia-1b
focus_appearance,2,7,0.0319,focus,appearance,A focus appearance is,"['<|endoftext|>', 'A', ' focus', ' appearance', ' is']",2,3,accessibility,pythia-1b
focus_appearance,3,0,0.0246,focus,appearance,A focus appearance is,"['<|endoftext|>', 'A', ' focus', ' appearance', ' is']",2,3,accessibility,pythia-1b
focus_appearance,3,1,0.0466,focus,appearance,A focus appearance is,"['<|endoftext|>', 'A', ' focus', ' appearance', ' is']",2,3,accessibility,pythia-1b
focus_appearance,3,2,0.1339,focus,appearance,A focus appearance is,"['<|endoftext|>', 'A', ' focus', ' appearance', ' is']",2,3,accessibility,pythia-1b
focus_appearance,3,3,0.0074,focus,appearance,A focus appearance is,"['<|endoftext|>', 'A', ' focus', ' appearance', ' is']",2,3,accessibility,pythia-1b
focus_appearance,3,4,0.0535,focus,appearance,A focus appearance is,"['<|endoftext|>', 'A', ' focus', ' appearance', ' is']",2,3,accessibility,pythia-1b
focus_appearance,3,5,0.9799,focus,appearance,A focus appearance is,"['<|endoftext|>', 'A', ' focus', ' appearance', ' is']",2,3,accessibility,pythia-1b
focus_appearance,3,6,0.7682,focus,appearance,A focus appearance is,"['<|endoftext|>', 'A', ' focus', ' appearance', ' is']",2,3,accessibility,pythia-1b
focus_appearance,3,7,0.05,focus,appearance,A focus appearance is,"['<|endoftext|>', 'A', ' focus', ' appearance', ' is']",2,3,accessibility,pythia-1b
focus_appearance,4,0,0.073,focus,appearance,A focus appearance is,"['<|endoftext|>', 'A', ' focus', ' appearance', ' is']",2,3,accessibility,pythia-1b
focus_appearance,4,1,0.0173,focus,appearance,A focus appearance is,"['<|endoftext|>', 'A', ' focus', ' appearance', ' is']",2,3,accessibility,pythia-1b
focus_appearance,4,2,0.0373,focus,appearance,A focus appearance is,"['<|endoftext|>', 'A', ' focus', ' appearance', ' is']",2,3,accessibility,pythia-1b
focus_appearance,4,3,0.1511,focus,appearance,A focus appearance is,"['<|endoftext|>', 'A', ' focus', ' appearance', ' is']",2,3,accessibility,pythia-1b
focus_appearance,4,4,0.0001,focus,appearance,A focus appearance is,"['<|endoftext|>', 'A', ' focus', ' appearance', ' is']",2,3,accessibility,pythia-1b
focus_appearance,4,5,0.0018,focus,appearance,A focus appearance is,"['<|endoftext|>', 'A', ' focus', ' appearance', ' is']",2,3,accessibility,pythia-1b
focus_appearance,4,6,0.1256,focus,appearance,A focus appearance is,"['<|endoftext|>', 'A', ' focus', ' appearance', ' is']",2,3,accessibility,pythia-1b
focus_appearance,4,7,0.0096,focus,appearance,A focus appearance is,"['<|endoftext|>', 'A', ' focus', ' appearance', ' is']",2,3,accessibility,pythia-1b
focus_appearance,5,0,0.1186,focus,appearance,A focus appearance is,"['<|endoftext|>', 'A', ' focus', ' appearance', ' is']",2,3,accessibility,pythia-1b
focus_appearance,5,1,0.0,focus,appearance,A focus appearance is,"['<|endoftext|>', 'A', ' focus', ' appearance', ' is']",2,3,accessibility,pythia-1b
focus_appearance,5,2,0.0427,focus,appearance,A focus appearance is,"['<|endoftext|>', 'A', ' focus', ' appearance', ' is']",2,3,accessibility,pythia-1b
focus_appearance,5,3,0.1966,focus,appearance,A focus appearance is,"['<|endoftext|>', 'A', ' focus', ' appearance', ' is']",2,3,accessibility,pythia-1b
focus_appearance,5,4,0.0076,focus,appearance,A focus appearance is,"['<|endoftext|>', 'A', ' focus', ' appearance', ' is']",2,3,accessibility,pythia-1b
focus_appearance,5,5,0.3152,focus,appearance,A focus appearance is,"['<|endoftext|>', 'A', ' focus', ' appearance', ' is']",2,3,accessibility,pythia-1b
focus_appearance,5,6,0.0009,focus,appearance,A focus appearance is,"['<|endoftext|>', 'A', ' focus', ' appearance', ' is']",2,3,accessibility,pythia-1b
focus_appearance,5,7,0.0003,focus,appearance,A focus appearance is,"['<|endoftext|>', 'A', ' focus', ' appearance', ' is']",2,3,accessibility,pythia-1b
focus_appearance,6,0,0.0367,focus,appearance,A focus appearance is,"['<|endoftext|>', 'A', ' focus', ' appearance', ' is']",2,3,accessibility,pythia-1b
focus_appearance,6,1,0.0038,focus,appearance,A focus appearance is,"['<|endoftext|>', 'A', ' focus', ' appearance', ' is']",2,3,accessibility,pythia-1b
focus_appearance,6,2,0.0211,focus,appearance,A focus appearance is,"['<|endoftext|>', 'A', ' focus', ' appearance', ' is']",2,3,accessibility,pythia-1b
focus_appearance,6,3,0.9385,focus,appearance,A focus appearance is,"['<|endoftext|>', 'A', ' focus', ' appearance', ' is']",2,3,accessibility,pythia-1b
focus_appearance,6,4,0.0651,focus,appearance,A focus appearance is,"['<|endoftext|>', 'A', ' focus', ' appearance', ' is']",2,3,accessibility,pythia-1b
focus_appearance,6,5,0.2717,focus,appearance,A focus appearance is,"['<|endoftext|>', 'A', ' focus', ' appearance', ' is']",2,3,accessibility,pythia-1b
focus_appearance,6,6,0.0177,focus,appearance,A focus appearance is,"['<|endoftext|>', 'A', ' focus', ' appearance', ' is']",2,3,accessibility,pythia-1b
focus_appearance,6,7,0.0041,focus,appearance,A focus appearance is,"['<|endoftext|>', 'A', ' focus', ' appearance', ' is']",2,3,accessibility,pythia-1b
focus_appearance,7,0,0.0006,focus,appearance,A focus appearance is,"['<|endoftext|>', 'A', ' focus', ' appearance', ' is']",2,3,accessibility,pythia-1b
focus_appearance,7,1,0.0001,focus,appearance,A focus appearance is,"['<|endoftext|>', 'A', ' focus', ' appearance', ' is']",2,3,accessibility,pythia-1b
focus_appearance,7,2,0.0004,focus,appearance,A focus appearance is,"['<|endoftext|>', 'A', ' focus', ' appearance', ' is']",2,3,accessibility,pythia-1b
focus_appearance,7,3,0.1126,focus,appearance,A focus appearance is,"['<|endoftext|>', 'A', ' focus', ' appearance', ' is']",2,3,accessibility,pythia-1b
focus_appearance,7,4,0.0827,focus,appearance,A focus appearance is,"['<|endoftext|>', 'A', ' focus', ' appearance', ' is']",2,3,accessibility,pythia-1b
focus_appearance,7,5,0.0712,focus,appearance,A focus appearance is,"['<|endoftext|>', 'A', ' focus', ' appearance', ' is']",2,3,accessibility,pythia-1b
focus_appearance,7,6,0.2314,focus,appearance,A focus appearance is,"['<|endoftext|>', 'A', ' focus', ' appearance', ' is']",2,3,accessibility,pythia-1b
focus_appearance,7,7,0.0841,focus,appearance,A focus appearance is,"['<|endoftext|>', 'A', ' focus', ' appearance', ' is']",2,3,accessibility,pythia-1b
focus_appearance,8,0,0.0004,focus,appearance,A focus appearance is,"['<|endoftext|>', 'A', ' focus', ' appearance', ' is']",2,3,accessibility,pythia-1b
focus_appearance,8,1,0.0164,focus,appearance,A focus appearance is,"['<|endoftext|>', 'A', ' focus', ' appearance', ' is']",2,3,accessibility,pythia-1b
focus_appearance,8,2,0.0709,focus,appearance,A focus appearance is,"['<|endoftext|>', 'A', ' focus', ' appearance', ' is']",2,3,accessibility,pythia-1b
focus_appearance,8,3,0.278,focus,appearance,A focus appearance is,"['<|endoftext|>', 'A', ' focus', ' appearance', ' is']",2,3,accessibility,pythia-1b
focus_appearance,8,4,0.0318,focus,appearance,A focus appearance is,"['<|endoftext|>', 'A', ' focus', ' appearance', ' is']",2,3,accessibility,pythia-1b
focus_appearance,8,5,0.0163,focus,appearance,A focus appearance is,"['<|endoftext|>', 'A', ' focus', ' appearance', ' is']",2,3,accessibility,pythia-1b
focus_appearance,8,6,0.0007,focus,appearance,A focus appearance is,"['<|endoftext|>', 'A', ' focus', ' appearance', ' is']",2,3,accessibility,pythia-1b
focus_appearance,8,7,0.0946,focus,appearance,A focus appearance is,"['<|endoftext|>', 'A', ' focus', ' appearance', ' is']",2,3,accessibility,pythia-1b
focus_appearance,9,0,0.0522,focus,appearance,A focus appearance is,"['<|endoftext|>', 'A', ' focus', ' appearance', ' is']",2,3,accessibility,pythia-1b
focus_appearance,9,1,0.0051,focus,appearance,A focus appearance is,"['<|endoftext|>', 'A', ' focus', ' appearance', ' is']",2,3,accessibility,pythia-1b
focus_appearance,9,2,0.1385,focus,appearance,A focus appearance is,"['<|endoftext|>', 'A', ' focus', ' appearance', ' is']",2,3,accessibility,pythia-1b
focus_appearance,9,3,0.0184,focus,appearance,A focus appearance is,"['<|endoftext|>', 'A', ' focus', ' appearance', ' is']",2,3,accessibility,pythia-1b
focus_appearance,9,4,0.0035,focus,appearance,A focus appearance is,"['<|endoftext|>', 'A', ' focus', ' appearance', ' is']",2,3,accessibility,pythia-1b
focus_appearance,9,5,0.0082,focus,appearance,A focus appearance is,"['<|endoftext|>', 'A', ' focus', ' appearance', ' is']",2,3,accessibility,pythia-1b
focus_appearance,9,6,0.045,focus,appearance,A focus appearance is,"['<|endoftext|>', 'A', ' focus', ' appearance', ' is']",2,3,accessibility,pythia-1b
focus_appearance,9,7,0.4948,focus,appearance,A focus appearance is,"['<|endoftext|>', 'A', ' focus', ' appearance', ' is']",2,3,accessibility,pythia-1b
focus_appearance,10,0,0.008,focus,appearance,A focus appearance is,"['<|endoftext|>', 'A', ' focus', ' appearance', ' is']",2,3,accessibility,pythia-1b
focus_appearance,10,1,0.4627,focus,appearance,A focus appearance is,"['<|endoftext|>', 'A', ' focus', ' appearance', ' is']",2,3,accessibility,pythia-1b
focus_appearance,10,2,0.0107,focus,appearance,A focus appearance is,"['<|endoftext|>', 'A', ' focus', ' appearance', ' is']",2,3,accessibility,pythia-1b
focus_appearance,10,3,0.0752,focus,appearance,A focus appearance is,"['<|endoftext|>', 'A', ' focus', ' appearance', ' is']",2,3,accessibility,pythia-1b
focus_appearance,10,4,0.0111,focus,appearance,A focus appearance is,"['<|endoftext|>', 'A', ' focus', ' appearance', ' is']",2,3,accessibility,pythia-1b
focus_appearance,10,5,0.007,focus,appearance,A focus appearance is,"['<|endoftext|>', 'A', ' focus', ' appearance', ' is']",2,3,accessibility,pythia-1b
focus_appearance,10,6,0.0001,focus,appearance,A focus appearance is,"['<|endoftext|>', 'A', ' focus', ' appearance', ' is']",2,3,accessibility,pythia-1b
focus_appearance,10,7,0.016,focus,appearance,A focus appearance is,"['<|endoftext|>', 'A', ' focus', ' appearance', ' is']",2,3,accessibility,pythia-1b
focus_appearance,11,0,0.0573,focus,appearance,A focus appearance is,"['<|endoftext|>', 'A', ' focus', ' appearance', ' is']",2,3,accessibility,pythia-1b
focus_appearance,11,1,0.0348,focus,appearance,A focus appearance is,"['<|endoftext|>', 'A', ' focus', ' appearance', ' is']",2,3,accessibility,pythia-1b
focus_appearance,11,2,0.0214,focus,appearance,A focus appearance is,"['<|endoftext|>', 'A', ' focus', ' appearance', ' is']",2,3,accessibility,pythia-1b
focus_appearance,11,3,0.0099,focus,appearance,A focus appearance is,"['<|endoftext|>', 'A', ' focus', ' appearance', ' is']",2,3,accessibility,pythia-1b
focus_appearance,11,4,0.0734,focus,appearance,A focus appearance is,"['<|endoftext|>', 'A', ' focus', ' appearance', ' is']",2,3,accessibility,pythia-1b
focus_appearance,11,5,0.0159,focus,appearance,A focus appearance is,"['<|endoftext|>', 'A', ' focus', ' appearance', ' is']",2,3,accessibility,pythia-1b
focus_appearance,11,6,0.0028,focus,appearance,A focus appearance is,"['<|endoftext|>', 'A', ' focus', ' appearance', ' is']",2,3,accessibility,pythia-1b
focus_appearance,11,7,0.0009,focus,appearance,A focus appearance is,"['<|endoftext|>', 'A', ' focus', ' appearance', ' is']",2,3,accessibility,pythia-1b
focus_appearance,12,0,0.0042,focus,appearance,A focus appearance is,"['<|endoftext|>', 'A', ' focus', ' appearance', ' is']",2,3,accessibility,pythia-1b
focus_appearance,12,1,0.0336,focus,appearance,A focus appearance is,"['<|endoftext|>', 'A', ' focus', ' appearance', ' is']",2,3,accessibility,pythia-1b
focus_appearance,12,2,0.0313,focus,appearance,A focus appearance is,"['<|endoftext|>', 'A', ' focus', ' appearance', ' is']",2,3,accessibility,pythia-1b
focus_appearance,12,3,0.0027,focus,appearance,A focus appearance is,"['<|endoftext|>', 'A', ' focus', ' appearance', ' is']",2,3,accessibility,pythia-1b
focus_appearance,12,4,0.0111,focus,appearance,A focus appearance is,"['<|endoftext|>', 'A', ' focus', ' appearance', ' is']",2,3,accessibility,pythia-1b
focus_appearance,12,5,0.088,focus,appearance,A focus appearance is,"['<|endoftext|>', 'A', ' focus', ' appearance', ' is']",2,3,accessibility,pythia-1b
focus_appearance,12,6,0.002,focus,appearance,A focus appearance is,"['<|endoftext|>', 'A', ' focus', ' appearance', ' is']",2,3,accessibility,pythia-1b
focus_appearance,12,7,0.0124,focus,appearance,A focus appearance is,"['<|endoftext|>', 'A', ' focus', ' appearance', ' is']",2,3,accessibility,pythia-1b
focus_appearance,13,0,0.1136,focus,appearance,A focus appearance is,"['<|endoftext|>', 'A', ' focus', ' appearance', ' is']",2,3,accessibility,pythia-1b
focus_appearance,13,1,0.0143,focus,appearance,A focus appearance is,"['<|endoftext|>', 'A', ' focus', ' appearance', ' is']",2,3,accessibility,pythia-1b
focus_appearance,13,2,0.0024,focus,appearance,A focus appearance is,"['<|endoftext|>', 'A', ' focus', ' appearance', ' is']",2,3,accessibility,pythia-1b
focus_appearance,13,3,0.0078,focus,appearance,A focus appearance is,"['<|endoftext|>', 'A', ' focus', ' appearance', ' is']",2,3,accessibility,pythia-1b
focus_appearance,13,4,0.4022,focus,appearance,A focus appearance is,"['<|endoftext|>', 'A', ' focus', ' appearance', ' is']",2,3,accessibility,pythia-1b
focus_appearance,13,5,0.024,focus,appearance,A focus appearance is,"['<|endoftext|>', 'A', ' focus', ' appearance', ' is']",2,3,accessibility,pythia-1b
focus_appearance,13,6,0.0018,focus,appearance,A focus appearance is,"['<|endoftext|>', 'A', ' focus', ' appearance', ' is']",2,3,accessibility,pythia-1b
focus_appearance,13,7,0.0361,focus,appearance,A focus appearance is,"['<|endoftext|>', 'A', ' focus', ' appearance', ' is']",2,3,accessibility,pythia-1b
focus_appearance,14,0,0.0596,focus,appearance,A focus appearance is,"['<|endoftext|>', 'A', ' focus', ' appearance', ' is']",2,3,accessibility,pythia-1b
focus_appearance,14,1,0.0369,focus,appearance,A focus appearance is,"['<|endoftext|>', 'A', ' focus', ' appearance', ' is']",2,3,accessibility,pythia-1b
focus_appearance,14,2,0.2332,focus,appearance,A focus appearance is,"['<|endoftext|>', 'A', ' focus', ' appearance', ' is']",2,3,accessibility,pythia-1b
focus_appearance,14,3,0.0615,focus,appearance,A focus appearance is,"['<|endoftext|>', 'A', ' focus', ' appearance', ' is']",2,3,accessibility,pythia-1b
focus_appearance,14,4,0.0247,focus,appearance,A focus appearance is,"['<|endoftext|>', 'A', ' focus', ' appearance', ' is']",2,3,accessibility,pythia-1b
focus_appearance,14,5,0.0335,focus,appearance,A focus appearance is,"['<|endoftext|>', 'A', ' focus', ' appearance', ' is']",2,3,accessibility,pythia-1b
focus_appearance,14,6,0.0069,focus,appearance,A focus appearance is,"['<|endoftext|>', 'A', ' focus', ' appearance', ' is']",2,3,accessibility,pythia-1b
focus_appearance,14,7,0.0096,focus,appearance,A focus appearance is,"['<|endoftext|>', 'A', ' focus', ' appearance', ' is']",2,3,accessibility,pythia-1b
focus_appearance,15,0,0.1532,focus,appearance,A focus appearance is,"['<|endoftext|>', 'A', ' focus', ' appearance', ' is']",2,3,accessibility,pythia-1b
focus_appearance,15,1,0.0411,focus,appearance,A focus appearance is,"['<|endoftext|>', 'A', ' focus', ' appearance', ' is']",2,3,accessibility,pythia-1b
focus_appearance,15,2,0.1829,focus,appearance,A focus appearance is,"['<|endoftext|>', 'A', ' focus', ' appearance', ' is']",2,3,accessibility,pythia-1b
focus_appearance,15,3,0.0227,focus,appearance,A focus appearance is,"['<|endoftext|>', 'A', ' focus', ' appearance', ' is']",2,3,accessibility,pythia-1b
focus_appearance,15,4,0.0485,focus,appearance,A focus appearance is,"['<|endoftext|>', 'A', ' focus', ' appearance', ' is']",2,3,accessibility,pythia-1b
focus_appearance,15,5,0.0745,focus,appearance,A focus appearance is,"['<|endoftext|>', 'A', ' focus', ' appearance', ' is']",2,3,accessibility,pythia-1b
focus_appearance,15,6,0.0347,focus,appearance,A focus appearance is,"['<|endoftext|>', 'A', ' focus', ' appearance', ' is']",2,3,accessibility,pythia-1b
focus_appearance,15,7,0.1907,focus,appearance,A focus appearance is,"['<|endoftext|>', 'A', ' focus', ' appearance', ' is']",2,3,accessibility,pythia-1b
consistent_help,0,0,0.2179,consistent,help,Consistent help is,"['<|endoftext|>', 'Cons', 'istent', ' help', ' is']",2,3,accessibility,pythia-1b
consistent_help,0,1,0.2728,consistent,help,Consistent help is,"['<|endoftext|>', 'Cons', 'istent', ' help', ' is']",2,3,accessibility,pythia-1b
consistent_help,0,2,0.0,consistent,help,Consistent help is,"['<|endoftext|>', 'Cons', 'istent', ' help', ' is']",2,3,accessibility,pythia-1b
consistent_help,0,3,0.0713,consistent,help,Consistent help is,"['<|endoftext|>', 'Cons', 'istent', ' help', ' is']",2,3,accessibility,pythia-1b
consistent_help,0,4,0.0094,consistent,help,Consistent help is,"['<|endoftext|>', 'Cons', 'istent', ' help', ' is']",2,3,accessibility,pythia-1b
consistent_help,0,5,0.0592,consistent,help,Consistent help is,"['<|endoftext|>', 'Cons', 'istent', ' help', ' is']",2,3,accessibility,pythia-1b
consistent_help,0,6,0.0185,consistent,help,Consistent help is,"['<|endoftext|>', 'Cons', 'istent', ' help', ' is']",2,3,accessibility,pythia-1b
consistent_help,0,7,0.0038,consistent,help,Consistent help is,"['<|endoftext|>', 'Cons', 'istent', ' help', ' is']",2,3,accessibility,pythia-1b
consistent_help,1,0,0.2629,consistent,help,Consistent help is,"['<|endoftext|>', 'Cons', 'istent', ' help', ' is']",2,3,accessibility,pythia-1b
consistent_help,1,1,0.0546,consistent,help,Consistent help is,"['<|endoftext|>', 'Cons', 'istent', ' help', ' is']",2,3,accessibility,pythia-1b
consistent_help,1,2,0.036,consistent,help,Consistent help is,"['<|endoftext|>', 'Cons', 'istent', ' help', ' is']",2,3,accessibility,pythia-1b
consistent_help,1,3,0.6143,consistent,help,Consistent help is,"['<|endoftext|>', 'Cons', 'istent', ' help', ' is']",2,3,accessibility,pythia-1b
consistent_help,1,4,0.1425,consistent,help,Consistent help is,"['<|endoftext|>', 'Cons', 'istent', ' help', ' is']",2,3,accessibility,pythia-1b
consistent_help,1,5,0.2053,consistent,help,Consistent help is,"['<|endoftext|>', 'Cons', 'istent', ' help', ' is']",2,3,accessibility,pythia-1b
consistent_help,1,6,0.1195,consistent,help,Consistent help is,"['<|endoftext|>', 'Cons', 'istent', ' help', ' is']",2,3,accessibility,pythia-1b
consistent_help,1,7,0.0008,consistent,help,Consistent help is,"['<|endoftext|>', 'Cons', 'istent', ' help', ' is']",2,3,accessibility,pythia-1b
consistent_help,2,0,0.185,consistent,help,Consistent help is,"['<|endoftext|>', 'Cons', 'istent', ' help', ' is']",2,3,accessibility,pythia-1b
consistent_help,2,1,0.133,consistent,help,Consistent help is,"['<|endoftext|>', 'Cons', 'istent', ' help', ' is']",2,3,accessibility,pythia-1b
consistent_help,2,2,0.4368,consistent,help,Consistent help is,"['<|endoftext|>', 'Cons', 'istent', ' help', ' is']",2,3,accessibility,pythia-1b
consistent_help,2,3,0.5482,consistent,help,Consistent help is,"['<|endoftext|>', 'Cons', 'istent', ' help', ' is']",2,3,accessibility,pythia-1b
consistent_help,2,4,0.1844,consistent,help,Consistent help is,"['<|endoftext|>', 'Cons', 'istent', ' help', ' is']",2,3,accessibility,pythia-1b
consistent_help,2,5,0.0333,consistent,help,Consistent help is,"['<|endoftext|>', 'Cons', 'istent', ' help', ' is']",2,3,accessibility,pythia-1b
consistent_help,2,6,0.3691,consistent,help,Consistent help is,"['<|endoftext|>', 'Cons', 'istent', ' help', ' is']",2,3,accessibility,pythia-1b
consistent_help,2,7,0.0042,consistent,help,Consistent help is,"['<|endoftext|>', 'Cons', 'istent', ' help', ' is']",2,3,accessibility,pythia-1b
consistent_help,3,0,0.0464,consistent,help,Consistent help is,"['<|endoftext|>', 'Cons', 'istent', ' help', ' is']",2,3,accessibility,pythia-1b
consistent_help,3,1,0.0455,consistent,help,Consistent help is,"['<|endoftext|>', 'Cons', 'istent', ' help', ' is']",2,3,accessibility,pythia-1b
consistent_help,3,2,0.132,consistent,help,Consistent help is,"['<|endoftext|>', 'Cons', 'istent', ' help', ' is']",2,3,accessibility,pythia-1b
consistent_help,3,3,0.0397,consistent,help,Consistent help is,"['<|endoftext|>', 'Cons', 'istent', ' help', ' is']",2,3,accessibility,pythia-1b
consistent_help,3,4,0.1273,consistent,help,Consistent help is,"['<|endoftext|>', 'Cons', 'istent', ' help', ' is']",2,3,accessibility,pythia-1b
consistent_help,3,5,0.9989,consistent,help,Consistent help is,"['<|endoftext|>', 'Cons', 'istent', ' help', ' is']",2,3,accessibility,pythia-1b
consistent_help,3,6,0.5019,consistent,help,Consistent help is,"['<|endoftext|>', 'Cons', 'istent', ' help', ' is']",2,3,accessibility,pythia-1b
consistent_help,3,7,0.0144,consistent,help,Consistent help is,"['<|endoftext|>', 'Cons', 'istent', ' help', ' is']",2,3,accessibility,pythia-1b
consistent_help,4,0,0.0649,consistent,help,Consistent help is,"['<|endoftext|>', 'Cons', 'istent', ' help', ' is']",2,3,accessibility,pythia-1b
consistent_help,4,1,0.0095,consistent,help,Consistent help is,"['<|endoftext|>', 'Cons', 'istent', ' help', ' is']",2,3,accessibility,pythia-1b
consistent_help,4,2,0.0134,consistent,help,Consistent help is,"['<|endoftext|>', 'Cons', 'istent', ' help', ' is']",2,3,accessibility,pythia-1b
consistent_help,4,3,0.0136,consistent,help,Consistent help is,"['<|endoftext|>', 'Cons', 'istent', ' help', ' is']",2,3,accessibility,pythia-1b
consistent_help,4,4,0.0,consistent,help,Consistent help is,"['<|endoftext|>', 'Cons', 'istent', ' help', ' is']",2,3,accessibility,pythia-1b
consistent_help,4,5,0.0009,consistent,help,Consistent help is,"['<|endoftext|>', 'Cons', 'istent', ' help', ' is']",2,3,accessibility,pythia-1b
consistent_help,4,6,0.0448,consistent,help,Consistent help is,"['<|endoftext|>', 'Cons', 'istent', ' help', ' is']",2,3,accessibility,pythia-1b
consistent_help,4,7,0.0563,consistent,help,Consistent help is,"['<|endoftext|>', 'Cons', 'istent', ' help', ' is']",2,3,accessibility,pythia-1b
consistent_help,5,0,0.1704,consistent,help,Consistent help is,"['<|endoftext|>', 'Cons', 'istent', ' help', ' is']",2,3,accessibility,pythia-1b
consistent_help,5,1,0.0,consistent,help,Consistent help is,"['<|endoftext|>', 'Cons', 'istent', ' help', ' is']",2,3,accessibility,pythia-1b
consistent_help,5,2,0.1029,consistent,help,Consistent help is,"['<|endoftext|>', 'Cons', 'istent', ' help', ' is']",2,3,accessibility,pythia-1b
consistent_help,5,3,0.0375,consistent,help,Consistent help is,"['<|endoftext|>', 'Cons', 'istent', ' help', ' is']",2,3,accessibility,pythia-1b
consistent_help,5,4,0.0102,consistent,help,Consistent help is,"['<|endoftext|>', 'Cons', 'istent', ' help', ' is']",2,3,accessibility,pythia-1b
consistent_help,5,5,0.7651,consistent,help,Consistent help is,"['<|endoftext|>', 'Cons', 'istent', ' help', ' is']",2,3,accessibility,pythia-1b
consistent_help,5,6,0.0006,consistent,help,Consistent help is,"['<|endoftext|>', 'Cons', 'istent', ' help', ' is']",2,3,accessibility,pythia-1b
consistent_help,5,7,0.0002,consistent,help,Consistent help is,"['<|endoftext|>', 'Cons', 'istent', ' help', ' is']",2,3,accessibility,pythia-1b
consistent_help,6,0,0.2478,consistent,help,Consistent help is,"['<|endoftext|>', 'Cons', 'istent', ' help', ' is']",2,3,accessibility,pythia-1b
consistent_help,6,1,0.0045,consistent,help,Consistent help is,"['<|endoftext|>', 'Cons', 'istent', ' help', ' is']",2,3,accessibility,pythia-1b
consistent_help,6,2,0.0157,consistent,help,Consistent help is,"['<|endoftext|>', 'Cons', 'istent', ' help', ' is']",2,3,accessibility,pythia-1b
consistent_help,6,3,0.9526,consistent,help,Consistent help is,"['<|endoftext|>', 'Cons', 'istent', ' help', ' is']",2,3,accessibility,pythia-1b
consistent_help,6,4,0.024,consistent,help,Consistent help is,"['<|endoftext|>', 'Cons', 'istent', ' help', ' is']",2,3,accessibility,pythia-1b
consistent_help,6,5,0.0977,consistent,help,Consistent help is,"['<|endoftext|>', 'Cons', 'istent', ' help', ' is']",2,3,accessibility,pythia-1b
consistent_help,6,6,0.0311,consistent,help,Consistent help is,"['<|endoftext|>', 'Cons', 'istent', ' help', ' is']",2,3,accessibility,pythia-1b
consistent_help,6,7,0.0003,consistent,help,Consistent help is,"['<|endoftext|>', 'Cons', 'istent', ' help', ' is']",2,3,accessibility,pythia-1b
consistent_help,7,0,0.0002,consistent,help,Consistent help is,"['<|endoftext|>', 'Cons', 'istent', ' help', ' is']",2,3,accessibility,pythia-1b
consistent_help,7,1,0.0,consistent,help,Consistent help is,"['<|endoftext|>', 'Cons', 'istent', ' help', ' is']",2,3,accessibility,pythia-1b
consistent_help,7,2,0.0006,consistent,help,Consistent help is,"['<|endoftext|>', 'Cons', 'istent', ' help', ' is']",2,3,accessibility,pythia-1b
consistent_help,7,3,0.0634,consistent,help,Consistent help is,"['<|endoftext|>', 'Cons', 'istent', ' help', ' is']",2,3,accessibility,pythia-1b
consistent_help,7,4,0.0195,consistent,help,Consistent help is,"['<|endoftext|>', 'Cons', 'istent', ' help', ' is']",2,3,accessibility,pythia-1b
consistent_help,7,5,0.1525,consistent,help,Consistent help is,"['<|endoftext|>', 'Cons', 'istent', ' help', ' is']",2,3,accessibility,pythia-1b
consistent_help,7,6,0.0573,consistent,help,Consistent help is,"['<|endoftext|>', 'Cons', 'istent', ' help', ' is']",2,3,accessibility,pythia-1b
consistent_help,7,7,0.0349,consistent,help,Consistent help is,"['<|endoftext|>', 'Cons', 'istent', ' help', ' is']",2,3,accessibility,pythia-1b
consistent_help,8,0,0.0006,consistent,help,Consistent help is,"['<|endoftext|>', 'Cons', 'istent', ' help', ' is']",2,3,accessibility,pythia-1b
consistent_help,8,1,0.0245,consistent,help,Consistent help is,"['<|endoftext|>', 'Cons', 'istent', ' help', ' is']",2,3,accessibility,pythia-1b
consistent_help,8,2,0.0794,consistent,help,Consistent help is,"['<|endoftext|>', 'Cons', 'istent', ' help', ' is']",2,3,accessibility,pythia-1b
consistent_help,8,3,0.5469,consistent,help,Consistent help is,"['<|endoftext|>', 'Cons', 'istent', ' help', ' is']",2,3,accessibility,pythia-1b
consistent_help,8,4,0.0511,consistent,help,Consistent help is,"['<|endoftext|>', 'Cons', 'istent', ' help', ' is']",2,3,accessibility,pythia-1b
consistent_help,8,5,0.0012,consistent,help,Consistent help is,"['<|endoftext|>', 'Cons', 'istent', ' help', ' is']",2,3,accessibility,pythia-1b
consistent_help,8,6,0.0001,consistent,help,Consistent help is,"['<|endoftext|>', 'Cons', 'istent', ' help', ' is']",2,3,accessibility,pythia-1b
consistent_help,8,7,0.043,consistent,help,Consistent help is,"['<|endoftext|>', 'Cons', 'istent', ' help', ' is']",2,3,accessibility,pythia-1b
consistent_help,9,0,0.1815,consistent,help,Consistent help is,"['<|endoftext|>', 'Cons', 'istent', ' help', ' is']",2,3,accessibility,pythia-1b
consistent_help,9,1,0.0089,consistent,help,Consistent help is,"['<|endoftext|>', 'Cons', 'istent', ' help', ' is']",2,3,accessibility,pythia-1b
consistent_help,9,2,0.3519,consistent,help,Consistent help is,"['<|endoftext|>', 'Cons', 'istent', ' help', ' is']",2,3,accessibility,pythia-1b
consistent_help,9,3,0.0648,consistent,help,Consistent help is,"['<|endoftext|>', 'Cons', 'istent', ' help', ' is']",2,3,accessibility,pythia-1b
consistent_help,9,4,0.0136,consistent,help,Consistent help is,"['<|endoftext|>', 'Cons', 'istent', ' help', ' is']",2,3,accessibility,pythia-1b
consistent_help,9,5,0.0259,consistent,help,Consistent help is,"['<|endoftext|>', 'Cons', 'istent', ' help', ' is']",2,3,accessibility,pythia-1b
consistent_help,9,6,0.163,consistent,help,Consistent help is,"['<|endoftext|>', 'Cons', 'istent', ' help', ' is']",2,3,accessibility,pythia-1b
consistent_help,9,7,0.1408,consistent,help,Consistent help is,"['<|endoftext|>', 'Cons', 'istent', ' help', ' is']",2,3,accessibility,pythia-1b
consistent_help,10,0,0.0047,consistent,help,Consistent help is,"['<|endoftext|>', 'Cons', 'istent', ' help', ' is']",2,3,accessibility,pythia-1b
consistent_help,10,1,0.2812,consistent,help,Consistent help is,"['<|endoftext|>', 'Cons', 'istent', ' help', ' is']",2,3,accessibility,pythia-1b
consistent_help,10,2,0.0164,consistent,help,Consistent help is,"['<|endoftext|>', 'Cons', 'istent', ' help', ' is']",2,3,accessibility,pythia-1b
consistent_help,10,3,0.1233,consistent,help,Consistent help is,"['<|endoftext|>', 'Cons', 'istent', ' help', ' is']",2,3,accessibility,pythia-1b
consistent_help,10,4,0.0047,consistent,help,Consistent help is,"['<|endoftext|>', 'Cons', 'istent', ' help', ' is']",2,3,accessibility,pythia-1b
consistent_help,10,5,0.0035,consistent,help,Consistent help is,"['<|endoftext|>', 'Cons', 'istent', ' help', ' is']",2,3,accessibility,pythia-1b
consistent_help,10,6,0.0006,consistent,help,Consistent help is,"['<|endoftext|>', 'Cons', 'istent', ' help', ' is']",2,3,accessibility,pythia-1b
consistent_help,10,7,0.0211,consistent,help,Consistent help is,"['<|endoftext|>', 'Cons', 'istent', ' help', ' is']",2,3,accessibility,pythia-1b
consistent_help,11,0,0.0713,consistent,help,Consistent help is,"['<|endoftext|>', 'Cons', 'istent', ' help', ' is']",2,3,accessibility,pythia-1b
consistent_help,11,1,0.0367,consistent,help,Consistent help is,"['<|endoftext|>', 'Cons', 'istent', ' help', ' is']",2,3,accessibility,pythia-1b
consistent_help,11,2,0.0078,consistent,help,Consistent help is,"['<|endoftext|>', 'Cons', 'istent', ' help', ' is']",2,3,accessibility,pythia-1b
consistent_help,11,3,0.0033,consistent,help,Consistent help is,"['<|endoftext|>', 'Cons', 'istent', ' help', ' is']",2,3,accessibility,pythia-1b
consistent_help,11,4,0.039,consistent,help,Consistent help is,"['<|endoftext|>', 'Cons', 'istent', ' help', ' is']",2,3,accessibility,pythia-1b
consistent_help,11,5,0.0042,consistent,help,Consistent help is,"['<|endoftext|>', 'Cons', 'istent', ' help', ' is']",2,3,accessibility,pythia-1b
consistent_help,11,6,0.0101,consistent,help,Consistent help is,"['<|endoftext|>', 'Cons', 'istent', ' help', ' is']",2,3,accessibility,pythia-1b
consistent_help,11,7,0.0005,consistent,help,Consistent help is,"['<|endoftext|>', 'Cons', 'istent', ' help', ' is']",2,3,accessibility,pythia-1b
consistent_help,12,0,0.0049,consistent,help,Consistent help is,"['<|endoftext|>', 'Cons', 'istent', ' help', ' is']",2,3,accessibility,pythia-1b
consistent_help,12,1,0.0504,consistent,help,Consistent help is,"['<|endoftext|>', 'Cons', 'istent', ' help', ' is']",2,3,accessibility,pythia-1b
consistent_help,12,2,0.2701,consistent,help,Consistent help is,"['<|endoftext|>', 'Cons', 'istent', ' help', ' is']",2,3,accessibility,pythia-1b
consistent_help,12,3,0.0053,consistent,help,Consistent help is,"['<|endoftext|>', 'Cons', 'istent', ' help', ' is']",2,3,accessibility,pythia-1b
consistent_help,12,4,0.0462,consistent,help,Consistent help is,"['<|endoftext|>', 'Cons', 'istent', ' help', ' is']",2,3,accessibility,pythia-1b
consistent_help,12,5,0.0125,consistent,help,Consistent help is,"['<|endoftext|>', 'Cons', 'istent', ' help', ' is']",2,3,accessibility,pythia-1b
consistent_help,12,6,0.0012,consistent,help,Consistent help is,"['<|endoftext|>', 'Cons', 'istent', ' help', ' is']",2,3,accessibility,pythia-1b
consistent_help,12,7,0.0403,consistent,help,Consistent help is,"['<|endoftext|>', 'Cons', 'istent', ' help', ' is']",2,3,accessibility,pythia-1b
consistent_help,13,0,0.3772,consistent,help,Consistent help is,"['<|endoftext|>', 'Cons', 'istent', ' help', ' is']",2,3,accessibility,pythia-1b
consistent_help,13,1,0.0586,consistent,help,Consistent help is,"['<|endoftext|>', 'Cons', 'istent', ' help', ' is']",2,3,accessibility,pythia-1b
consistent_help,13,2,0.0106,consistent,help,Consistent help is,"['<|endoftext|>', 'Cons', 'istent', ' help', ' is']",2,3,accessibility,pythia-1b
consistent_help,13,3,0.0273,consistent,help,Consistent help is,"['<|endoftext|>', 'Cons', 'istent', ' help', ' is']",2,3,accessibility,pythia-1b
consistent_help,13,4,0.5454,consistent,help,Consistent help is,"['<|endoftext|>', 'Cons', 'istent', ' help', ' is']",2,3,accessibility,pythia-1b
consistent_help,13,5,0.0613,consistent,help,Consistent help is,"['<|endoftext|>', 'Cons', 'istent', ' help', ' is']",2,3,accessibility,pythia-1b
consistent_help,13,6,0.0059,consistent,help,Consistent help is,"['<|endoftext|>', 'Cons', 'istent', ' help', ' is']",2,3,accessibility,pythia-1b
consistent_help,13,7,0.3154,consistent,help,Consistent help is,"['<|endoftext|>', 'Cons', 'istent', ' help', ' is']",2,3,accessibility,pythia-1b
consistent_help,14,0,0.0743,consistent,help,Consistent help is,"['<|endoftext|>', 'Cons', 'istent', ' help', ' is']",2,3,accessibility,pythia-1b
consistent_help,14,1,0.1007,consistent,help,Consistent help is,"['<|endoftext|>', 'Cons', 'istent', ' help', ' is']",2,3,accessibility,pythia-1b
consistent_help,14,2,0.054,consistent,help,Consistent help is,"['<|endoftext|>', 'Cons', 'istent', ' help', ' is']",2,3,accessibility,pythia-1b
consistent_help,14,3,0.237,consistent,help,Consistent help is,"['<|endoftext|>', 'Cons', 'istent', ' help', ' is']",2,3,accessibility,pythia-1b
consistent_help,14,4,0.051,consistent,help,Consistent help is,"['<|endoftext|>', 'Cons', 'istent', ' help', ' is']",2,3,accessibility,pythia-1b
consistent_help,14,5,0.3835,consistent,help,Consistent help is,"['<|endoftext|>', 'Cons', 'istent', ' help', ' is']",2,3,accessibility,pythia-1b
consistent_help,14,6,0.0131,consistent,help,Consistent help is,"['<|endoftext|>', 'Cons', 'istent', ' help', ' is']",2,3,accessibility,pythia-1b
consistent_help,14,7,0.0275,consistent,help,Consistent help is,"['<|endoftext|>', 'Cons', 'istent', ' help', ' is']",2,3,accessibility,pythia-1b
consistent_help,15,0,0.0323,consistent,help,Consistent help is,"['<|endoftext|>', 'Cons', 'istent', ' help', ' is']",2,3,accessibility,pythia-1b
consistent_help,15,1,0.0421,consistent,help,Consistent help is,"['<|endoftext|>', 'Cons', 'istent', ' help', ' is']",2,3,accessibility,pythia-1b
consistent_help,15,2,0.0845,consistent,help,Consistent help is,"['<|endoftext|>', 'Cons', 'istent', ' help', ' is']",2,3,accessibility,pythia-1b
consistent_help,15,3,0.0265,consistent,help,Consistent help is,"['<|endoftext|>', 'Cons', 'istent', ' help', ' is']",2,3,accessibility,pythia-1b
consistent_help,15,4,0.0337,consistent,help,Consistent help is,"['<|endoftext|>', 'Cons', 'istent', ' help', ' is']",2,3,accessibility,pythia-1b
consistent_help,15,5,0.0579,consistent,help,Consistent help is,"['<|endoftext|>', 'Cons', 'istent', ' help', ' is']",2,3,accessibility,pythia-1b
consistent_help,15,6,0.0097,consistent,help,Consistent help is,"['<|endoftext|>', 'Cons', 'istent', ' help', ' is']",2,3,accessibility,pythia-1b
consistent_help,15,7,0.1555,consistent,help,Consistent help is,"['<|endoftext|>', 'Cons', 'istent', ' help', ' is']",2,3,accessibility,pythia-1b
redundant_entry,0,0,0.2526,redundant,entry,A redundant entry is,"['<|endoftext|>', 'A', ' redundant', ' entry', ' is']",2,3,accessibility,pythia-1b
redundant_entry,0,1,0.3652,redundant,entry,A redundant entry is,"['<|endoftext|>', 'A', ' redundant', ' entry', ' is']",2,3,accessibility,pythia-1b
redundant_entry,0,2,0.0,redundant,entry,A redundant entry is,"['<|endoftext|>', 'A', ' redundant', ' entry', ' is']",2,3,accessibility,pythia-1b
redundant_entry,0,3,0.7789,redundant,entry,A redundant entry is,"['<|endoftext|>', 'A', ' redundant', ' entry', ' is']",2,3,accessibility,pythia-1b
redundant_entry,0,4,0.0567,redundant,entry,A redundant entry is,"['<|endoftext|>', 'A', ' redundant', ' entry', ' is']",2,3,accessibility,pythia-1b
redundant_entry,0,5,0.2194,redundant,entry,A redundant entry is,"['<|endoftext|>', 'A', ' redundant', ' entry', ' is']",2,3,accessibility,pythia-1b
redundant_entry,0,6,0.0484,redundant,entry,A redundant entry is,"['<|endoftext|>', 'A', ' redundant', ' entry', ' is']",2,3,accessibility,pythia-1b
redundant_entry,0,7,0.0246,redundant,entry,A redundant entry is,"['<|endoftext|>', 'A', ' redundant', ' entry', ' is']",2,3,accessibility,pythia-1b
redundant_entry,1,0,0.2878,redundant,entry,A redundant entry is,"['<|endoftext|>', 'A', ' redundant', ' entry', ' is']",2,3,accessibility,pythia-1b
redundant_entry,1,1,0.0449,redundant,entry,A redundant entry is,"['<|endoftext|>', 'A', ' redundant', ' entry', ' is']",2,3,accessibility,pythia-1b
redundant_entry,1,2,0.3394,redundant,entry,A redundant entry is,"['<|endoftext|>', 'A', ' redundant', ' entry', ' is']",2,3,accessibility,pythia-1b
redundant_entry,1,3,0.4414,redundant,entry,A redundant entry is,"['<|endoftext|>', 'A', ' redundant', ' entry', ' is']",2,3,accessibility,pythia-1b
redundant_entry,1,4,0.1468,redundant,entry,A redundant entry is,"['<|endoftext|>', 'A', ' redundant', ' entry', ' is']",2,3,accessibility,pythia-1b
redundant_entry,1,5,0.246,redundant,entry,A redundant entry is,"['<|endoftext|>', 'A', ' redundant', ' entry', ' is']",2,3,accessibility,pythia-1b
redundant_entry,1,6,0.212,redundant,entry,A redundant entry is,"['<|endoftext|>', 'A', ' redundant', ' entry', ' is']",2,3,accessibility,pythia-1b
redundant_entry,1,7,0.0006,redundant,entry,A redundant entry is,"['<|endoftext|>', 'A', ' redundant', ' entry', ' is']",2,3,accessibility,pythia-1b
redundant_entry,2,0,0.2949,redundant,entry,A redundant entry is,"['<|endoftext|>', 'A', ' redundant', ' entry', ' is']",2,3,accessibility,pythia-1b
redundant_entry,2,1,0.2281,redundant,entry,A redundant entry is,"['<|endoftext|>', 'A', ' redundant', ' entry', ' is']",2,3,accessibility,pythia-1b
redundant_entry,2,2,0.4973,redundant,entry,A redundant entry is,"['<|endoftext|>', 'A', ' redundant', ' entry', ' is']",2,3,accessibility,pythia-1b
redundant_entry,2,3,0.2906,redundant,entry,A redundant entry is,"['<|endoftext|>', 'A', ' redundant', ' entry', ' is']",2,3,accessibility,pythia-1b
redundant_entry,2,4,0.0987,redundant,entry,A redundant entry is,"['<|endoftext|>', 'A', ' redundant', ' entry', ' is']",2,3,accessibility,pythia-1b
redundant_entry,2,5,0.1192,redundant,entry,A redundant entry is,"['<|endoftext|>', 'A', ' redundant', ' entry', ' is']",2,3,accessibility,pythia-1b
redundant_entry,2,6,0.1375,redundant,entry,A redundant entry is,"['<|endoftext|>', 'A', ' redundant', ' entry', ' is']",2,3,accessibility,pythia-1b
redundant_entry,2,7,0.0495,redundant,entry,A redundant entry is,"['<|endoftext|>', 'A', ' redundant', ' entry', ' is']",2,3,accessibility,pythia-1b
redundant_entry,3,0,0.0179,redundant,entry,A redundant entry is,"['<|endoftext|>', 'A', ' redundant', ' entry', ' is']",2,3,accessibility,pythia-1b
redundant_entry,3,1,0.1856,redundant,entry,A redundant entry is,"['<|endoftext|>', 'A', ' redundant', ' entry', ' is']",2,3,accessibility,pythia-1b
redundant_entry,3,2,0.2592,redundant,entry,A redundant entry is,"['<|endoftext|>', 'A', ' redundant', ' entry', ' is']",2,3,accessibility,pythia-1b
redundant_entry,3,3,0.4389,redundant,entry,A redundant entry is,"['<|endoftext|>', 'A', ' redundant', ' entry', ' is']",2,3,accessibility,pythia-1b
redundant_entry,3,4,0.1868,redundant,entry,A redundant entry is,"['<|endoftext|>', 'A', ' redundant', ' entry', ' is']",2,3,accessibility,pythia-1b
redundant_entry,3,5,0.9998,redundant,entry,A redundant entry is,"['<|endoftext|>', 'A', ' redundant', ' entry', ' is']",2,3,accessibility,pythia-1b
redundant_entry,3,6,0.8171,redundant,entry,A redundant entry is,"['<|endoftext|>', 'A', ' redundant', ' entry', ' is']",2,3,accessibility,pythia-1b
redundant_entry,3,7,0.0372,redundant,entry,A redundant entry is,"['<|endoftext|>', 'A', ' redundant', ' entry', ' is']",2,3,accessibility,pythia-1b
redundant_entry,4,0,0.4231,redundant,entry,A redundant entry is,"['<|endoftext|>', 'A', ' redundant', ' entry', ' is']",2,3,accessibility,pythia-1b
redundant_entry,4,1,0.0152,redundant,entry,A redundant entry is,"['<|endoftext|>', 'A', ' redundant', ' entry', ' is']",2,3,accessibility,pythia-1b
redundant_entry,4,2,0.0641,redundant,entry,A redundant entry is,"['<|endoftext|>', 'A', ' redundant', ' entry', ' is']",2,3,accessibility,pythia-1b
redundant_entry,4,3,0.0313,redundant,entry,A redundant entry is,"['<|endoftext|>', 'A', ' redundant', ' entry', ' is']",2,3,accessibility,pythia-1b
redundant_entry,4,4,0.0002,redundant,entry,A redundant entry is,"['<|endoftext|>', 'A', ' redundant', ' entry', ' is']",2,3,accessibility,pythia-1b
redundant_entry,4,5,0.0011,redundant,entry,A redundant entry is,"['<|endoftext|>', 'A', ' redundant', ' entry', ' is']",2,3,accessibility,pythia-1b
redundant_entry,4,6,0.0362,redundant,entry,A redundant entry is,"['<|endoftext|>', 'A', ' redundant', ' entry', ' is']",2,3,accessibility,pythia-1b
redundant_entry,4,7,0.0088,redundant,entry,A redundant entry is,"['<|endoftext|>', 'A', ' redundant', ' entry', ' is']",2,3,accessibility,pythia-1b
redundant_entry,5,0,0.0978,redundant,entry,A redundant entry is,"['<|endoftext|>', 'A', ' redundant', ' entry', ' is']",2,3,accessibility,pythia-1b
redundant_entry,5,1,0.0001,redundant,entry,A redundant entry is,"['<|endoftext|>', 'A', ' redundant', ' entry', ' is']",2,3,accessibility,pythia-1b
redundant_entry,5,2,0.0464,redundant,entry,A redundant entry is,"['<|endoftext|>', 'A', ' redundant', ' entry', ' is']",2,3,accessibility,pythia-1b
redundant_entry,5,3,0.0648,redundant,entry,A redundant entry is,"['<|endoftext|>', 'A', ' redundant', ' entry', ' is']",2,3,accessibility,pythia-1b
redundant_entry,5,4,0.0139,redundant,entry,A redundant entry is,"['<|endoftext|>', 'A', ' redundant', ' entry', ' is']",2,3,accessibility,pythia-1b
redundant_entry,5,5,0.4399,redundant,entry,A redundant entry is,"['<|endoftext|>', 'A', ' redundant', ' entry', ' is']",2,3,accessibility,pythia-1b
redundant_entry,5,6,0.0006,redundant,entry,A redundant entry is,"['<|endoftext|>', 'A', ' redundant', ' entry', ' is']",2,3,accessibility,pythia-1b
redundant_entry,5,7,0.0067,redundant,entry,A redundant entry is,"['<|endoftext|>', 'A', ' redundant', ' entry', ' is']",2,3,accessibility,pythia-1b
redundant_entry,6,0,0.1424,redundant,entry,A redundant entry is,"['<|endoftext|>', 'A', ' redundant', ' entry', ' is']",2,3,accessibility,pythia-1b
redundant_entry,6,1,0.013,redundant,entry,A redundant entry is,"['<|endoftext|>', 'A', ' redundant', ' entry', ' is']",2,3,accessibility,pythia-1b
redundant_entry,6,2,0.0029,redundant,entry,A redundant entry is,"['<|endoftext|>', 'A', ' redundant', ' entry', ' is']",2,3,accessibility,pythia-1b
redundant_entry,6,3,0.767,redundant,entry,A redundant entry is,"['<|endoftext|>', 'A', ' redundant', ' entry', ' is']",2,3,accessibility,pythia-1b
redundant_entry,6,4,0.0217,redundant,entry,A redundant entry is,"['<|endoftext|>', 'A', ' redundant', ' entry', ' is']",2,3,accessibility,pythia-1b
redundant_entry,6,5,0.0944,redundant,entry,A redundant entry is,"['<|endoftext|>', 'A', ' redundant', ' entry', ' is']",2,3,accessibility,pythia-1b
redundant_entry,6,6,0.0434,redundant,entry,A redundant entry is,"['<|endoftext|>', 'A', ' redundant', ' entry', ' is']",2,3,accessibility,pythia-1b
redundant_entry,6,7,0.0015,redundant,entry,A redundant entry is,"['<|endoftext|>', 'A', ' redundant', ' entry', ' is']",2,3,accessibility,pythia-1b
redundant_entry,7,0,0.0014,redundant,entry,A redundant entry is,"['<|endoftext|>', 'A', ' redundant', ' entry', ' is']",2,3,accessibility,pythia-1b
redundant_entry,7,1,0.0006,redundant,entry,A redundant entry is,"['<|endoftext|>', 'A', ' redundant', ' entry', ' is']",2,3,accessibility,pythia-1b
redundant_entry,7,2,0.0034,redundant,entry,A redundant entry is,"['<|endoftext|>', 'A', ' redundant', ' entry', ' is']",2,3,accessibility,pythia-1b
redundant_entry,7,3,0.0568,redundant,entry,A redundant entry is,"['<|endoftext|>', 'A', ' redundant', ' entry', ' is']",2,3,accessibility,pythia-1b
redundant_entry,7,4,0.0651,redundant,entry,A redundant entry is,"['<|endoftext|>', 'A', ' redundant', ' entry', ' is']",2,3,accessibility,pythia-1b
redundant_entry,7,5,0.0421,redundant,entry,A redundant entry is,"['<|endoftext|>', 'A', ' redundant', ' entry', ' is']",2,3,accessibility,pythia-1b
redundant_entry,7,6,0.2048,redundant,entry,A redundant entry is,"['<|endoftext|>', 'A', ' redundant', ' entry', ' is']",2,3,accessibility,pythia-1b
redundant_entry,7,7,0.0124,redundant,entry,A redundant entry is,"['<|endoftext|>', 'A', ' redundant', ' entry', ' is']",2,3,accessibility,pythia-1b
redundant_entry,8,0,0.0018,redundant,entry,A redundant entry is,"['<|endoftext|>', 'A', ' redundant', ' entry', ' is']",2,3,accessibility,pythia-1b
redundant_entry,8,1,0.0462,redundant,entry,A redundant entry is,"['<|endoftext|>', 'A', ' redundant', ' entry', ' is']",2,3,accessibility,pythia-1b
redundant_entry,8,2,0.045,redundant,entry,A redundant entry is,"['<|endoftext|>', 'A', ' redundant', ' entry', ' is']",2,3,accessibility,pythia-1b
redundant_entry,8,3,0.3318,redundant,entry,A redundant entry is,"['<|endoftext|>', 'A', ' redundant', ' entry', ' is']",2,3,accessibility,pythia-1b
redundant_entry,8,4,0.0335,redundant,entry,A redundant entry is,"['<|endoftext|>', 'A', ' redundant', ' entry', ' is']",2,3,accessibility,pythia-1b
redundant_entry,8,5,0.0048,redundant,entry,A redundant entry is,"['<|endoftext|>', 'A', ' redundant', ' entry', ' is']",2,3,accessibility,pythia-1b
redundant_entry,8,6,0.0123,redundant,entry,A redundant entry is,"['<|endoftext|>', 'A', ' redundant', ' entry', ' is']",2,3,accessibility,pythia-1b
redundant_entry,8,7,0.1957,redundant,entry,A redundant entry is,"['<|endoftext|>', 'A', ' redundant', ' entry', ' is']",2,3,accessibility,pythia-1b
redundant_entry,9,0,0.0306,redundant,entry,A redundant entry is,"['<|endoftext|>', 'A', ' redundant', ' entry', ' is']",2,3,accessibility,pythia-1b
redundant_entry,9,1,0.0187,redundant,entry,A redundant entry is,"['<|endoftext|>', 'A', ' redundant', ' entry', ' is']",2,3,accessibility,pythia-1b
redundant_entry,9,2,0.2512,redundant,entry,A redundant entry is,"['<|endoftext|>', 'A', ' redundant', ' entry', ' is']",2,3,accessibility,pythia-1b
redundant_entry,9,3,0.0544,redundant,entry,A redundant entry is,"['<|endoftext|>', 'A', ' redundant', ' entry', ' is']",2,3,accessibility,pythia-1b
redundant_entry,9,4,0.0192,redundant,entry,A redundant entry is,"['<|endoftext|>', 'A', ' redundant', ' entry', ' is']",2,3,accessibility,pythia-1b
redundant_entry,9,5,0.0082,redundant,entry,A redundant entry is,"['<|endoftext|>', 'A', ' redundant', ' entry', ' is']",2,3,accessibility,pythia-1b
redundant_entry,9,6,0.2074,redundant,entry,A redundant entry is,"['<|endoftext|>', 'A', ' redundant', ' entry', ' is']",2,3,accessibility,pythia-1b
redundant_entry,9,7,0.1725,redundant,entry,A redundant entry is,"['<|endoftext|>', 'A', ' redundant', ' entry', ' is']",2,3,accessibility,pythia-1b
redundant_entry,10,0,0.0212,redundant,entry,A redundant entry is,"['<|endoftext|>', 'A', ' redundant', ' entry', ' is']",2,3,accessibility,pythia-1b
redundant_entry,10,1,0.3097,redundant,entry,A redundant entry is,"['<|endoftext|>', 'A', ' redundant', ' entry', ' is']",2,3,accessibility,pythia-1b
redundant_entry,10,2,0.0099,redundant,entry,A redundant entry is,"['<|endoftext|>', 'A', ' redundant', ' entry', ' is']",2,3,accessibility,pythia-1b
redundant_entry,10,3,0.154,redundant,entry,A redundant entry is,"['<|endoftext|>', 'A', ' redundant', ' entry', ' is']",2,3,accessibility,pythia-1b
redundant_entry,10,4,0.0081,redundant,entry,A redundant entry is,"['<|endoftext|>', 'A', ' redundant', ' entry', ' is']",2,3,accessibility,pythia-1b
redundant_entry,10,5,0.004,redundant,entry,A redundant entry is,"['<|endoftext|>', 'A', ' redundant', ' entry', ' is']",2,3,accessibility,pythia-1b
redundant_entry,10,6,0.0004,redundant,entry,A redundant entry is,"['<|endoftext|>', 'A', ' redundant', ' entry', ' is']",2,3,accessibility,pythia-1b
redundant_entry,10,7,0.0567,redundant,entry,A redundant entry is,"['<|endoftext|>', 'A', ' redundant', ' entry', ' is']",2,3,accessibility,pythia-1b
redundant_entry,11,0,0.0997,redundant,entry,A redundant entry is,"['<|endoftext|>', 'A', ' redundant', ' entry', ' is']",2,3,accessibility,pythia-1b
redundant_entry,11,1,0.0165,redundant,entry,A redundant entry is,"['<|endoftext|>', 'A', ' redundant', ' entry', ' is']",2,3,accessibility,pythia-1b
redundant_entry,11,2,0.0282,redundant,entry,A redundant entry is,"['<|endoftext|>', 'A', ' redundant', ' entry', ' is']",2,3,accessibility,pythia-1b
redundant_entry,11,3,0.0031,redundant,entry,A redundant entry is,"['<|endoftext|>', 'A', ' redundant', ' entry', ' is']",2,3,accessibility,pythia-1b
redundant_entry,11,4,0.1129,redundant,entry,A redundant entry is,"['<|endoftext|>', 'A', ' redundant', ' entry', ' is']",2,3,accessibility,pythia-1b
redundant_entry,11,5,0.0012,redundant,entry,A redundant entry is,"['<|endoftext|>', 'A', ' redundant', ' entry', ' is']",2,3,accessibility,pythia-1b
redundant_entry,11,6,0.0053,redundant,entry,A redundant entry is,"['<|endoftext|>', 'A', ' redundant', ' entry', ' is']",2,3,accessibility,pythia-1b
redundant_entry,11,7,0.0014,redundant,entry,A redundant entry is,"['<|endoftext|>', 'A', ' redundant', ' entry', ' is']",2,3,accessibility,pythia-1b
redundant_entry,12,0,0.0047,redundant,entry,A redundant entry is,"['<|endoftext|>', 'A', ' redundant', ' entry', ' is']",2,3,accessibility,pythia-1b
redundant_entry,12,1,0.0528,redundant,entry,A redundant entry is,"['<|endoftext|>', 'A', ' redundant', ' entry', ' is']",2,3,accessibility,pythia-1b
redundant_entry,12,2,0.1714,redundant,entry,A redundant entry is,"['<|endoftext|>', 'A', ' redundant', ' entry', ' is']",2,3,accessibility,pythia-1b
redundant_entry,12,3,0.0102,redundant,entry,A redundant entry is,"['<|endoftext|>', 'A', ' redundant', ' entry', ' is']",2,3,accessibility,pythia-1b
redundant_entry,12,4,0.0197,redundant,entry,A redundant entry is,"['<|endoftext|>', 'A', ' redundant', ' entry', ' is']",2,3,accessibility,pythia-1b
redundant_entry,12,5,0.055,redundant,entry,A redundant entry is,"['<|endoftext|>', 'A', ' redundant', ' entry', ' is']",2,3,accessibility,pythia-1b
redundant_entry,12,6,0.0053,redundant,entry,A redundant entry is,"['<|endoftext|>', 'A', ' redundant', ' entry', ' is']",2,3,accessibility,pythia-1b
redundant_entry,12,7,0.014,redundant,entry,A redundant entry is,"['<|endoftext|>', 'A', ' redundant', ' entry', ' is']",2,3,accessibility,pythia-1b
redundant_entry,13,0,0.1664,redundant,entry,A redundant entry is,"['<|endoftext|>', 'A', ' redundant', ' entry', ' is']",2,3,accessibility,pythia-1b
redundant_entry,13,1,0.1285,redundant,entry,A redundant entry is,"['<|endoftext|>', 'A', ' redundant', ' entry', ' is']",2,3,accessibility,pythia-1b
redundant_entry,13,2,0.0374,redundant,entry,A redundant entry is,"['<|endoftext|>', 'A', ' redundant', ' entry', ' is']",2,3,accessibility,pythia-1b
redundant_entry,13,3,0.0361,redundant,entry,A redundant entry is,"['<|endoftext|>', 'A', ' redundant', ' entry', ' is']",2,3,accessibility,pythia-1b
redundant_entry,13,4,0.4055,redundant,entry,A redundant entry is,"['<|endoftext|>', 'A', ' redundant', ' entry', ' is']",2,3,accessibility,pythia-1b
redundant_entry,13,5,0.0468,redundant,entry,A redundant entry is,"['<|endoftext|>', 'A', ' redundant', ' entry', ' is']",2,3,accessibility,pythia-1b
redundant_entry,13,6,0.0071,redundant,entry,A redundant entry is,"['<|endoftext|>', 'A', ' redundant', ' entry', ' is']",2,3,accessibility,pythia-1b
redundant_entry,13,7,0.0523,redundant,entry,A redundant entry is,"['<|endoftext|>', 'A', ' redundant', ' entry', ' is']",2,3,accessibility,pythia-1b
redundant_entry,14,0,0.0654,redundant,entry,A redundant entry is,"['<|endoftext|>', 'A', ' redundant', ' entry', ' is']",2,3,accessibility,pythia-1b
redundant_entry,14,1,0.0657,redundant,entry,A redundant entry is,"['<|endoftext|>', 'A', ' redundant', ' entry', ' is']",2,3,accessibility,pythia-1b
redundant_entry,14,2,0.1046,redundant,entry,A redundant entry is,"['<|endoftext|>', 'A', ' redundant', ' entry', ' is']",2,3,accessibility,pythia-1b
redundant_entry,14,3,0.0902,redundant,entry,A redundant entry is,"['<|endoftext|>', 'A', ' redundant', ' entry', ' is']",2,3,accessibility,pythia-1b
redundant_entry,14,4,0.0461,redundant,entry,A redundant entry is,"['<|endoftext|>', 'A', ' redundant', ' entry', ' is']",2,3,accessibility,pythia-1b
redundant_entry,14,5,0.1993,redundant,entry,A redundant entry is,"['<|endoftext|>', 'A', ' redundant', ' entry', ' is']",2,3,accessibility,pythia-1b
redundant_entry,14,6,0.0118,redundant,entry,A redundant entry is,"['<|endoftext|>', 'A', ' redundant', ' entry', ' is']",2,3,accessibility,pythia-1b
redundant_entry,14,7,0.0179,redundant,entry,A redundant entry is,"['<|endoftext|>', 'A', ' redundant', ' entry', ' is']",2,3,accessibility,pythia-1b
redundant_entry,15,0,0.0427,redundant,entry,A redundant entry is,"['<|endoftext|>', 'A', ' redundant', ' entry', ' is']",2,3,accessibility,pythia-1b
redundant_entry,15,1,0.0082,redundant,entry,A redundant entry is,"['<|endoftext|>', 'A', ' redundant', ' entry', ' is']",2,3,accessibility,pythia-1b
redundant_entry,15,2,0.1853,redundant,entry,A redundant entry is,"['<|endoftext|>', 'A', ' redundant', ' entry', ' is']",2,3,accessibility,pythia-1b
redundant_entry,15,3,0.0251,redundant,entry,A redundant entry is,"['<|endoftext|>', 'A', ' redundant', ' entry', ' is']",2,3,accessibility,pythia-1b
redundant_entry,15,4,0.0638,redundant,entry,A redundant entry is,"['<|endoftext|>', 'A', ' redundant', ' entry', ' is']",2,3,accessibility,pythia-1b
redundant_entry,15,5,0.0927,redundant,entry,A redundant entry is,"['<|endoftext|>', 'A', ' redundant', ' entry', ' is']",2,3,accessibility,pythia-1b
redundant_entry,15,6,0.0134,redundant,entry,A redundant entry is,"['<|endoftext|>', 'A', ' redundant', ' entry', ' is']",2,3,accessibility,pythia-1b
redundant_entry,15,7,0.163,redundant,entry,A redundant entry is,"['<|endoftext|>', 'A', ' redundant', ' entry', ' is']",2,3,accessibility,pythia-1b
accessible_authentication,0,0,0.1502,accessible,authentication,Accessible authentication is,"['<|endoftext|>', 'Access', 'ible', ' authentication', ' is']",2,3,accessibility,pythia-1b
accessible_authentication,0,1,0.0285,accessible,authentication,Accessible authentication is,"['<|endoftext|>', 'Access', 'ible', ' authentication', ' is']",2,3,accessibility,pythia-1b
accessible_authentication,0,2,0.0,accessible,authentication,Accessible authentication is,"['<|endoftext|>', 'Access', 'ible', ' authentication', ' is']",2,3,accessibility,pythia-1b
accessible_authentication,0,3,0.6962,accessible,authentication,Accessible authentication is,"['<|endoftext|>', 'Access', 'ible', ' authentication', ' is']",2,3,accessibility,pythia-1b
accessible_authentication,0,4,0.0073,accessible,authentication,Accessible authentication is,"['<|endoftext|>', 'Access', 'ible', ' authentication', ' is']",2,3,accessibility,pythia-1b
accessible_authentication,0,5,0.1691,accessible,authentication,Accessible authentication is,"['<|endoftext|>', 'Access', 'ible', ' authentication', ' is']",2,3,accessibility,pythia-1b
accessible_authentication,0,6,0.018,accessible,authentication,Accessible authentication is,"['<|endoftext|>', 'Access', 'ible', ' authentication', ' is']",2,3,accessibility,pythia-1b
accessible_authentication,0,7,0.046,accessible,authentication,Accessible authentication is,"['<|endoftext|>', 'Access', 'ible', ' authentication', ' is']",2,3,accessibility,pythia-1b
accessible_authentication,1,0,0.159,accessible,authentication,Accessible authentication is,"['<|endoftext|>', 'Access', 'ible', ' authentication', ' is']",2,3,accessibility,pythia-1b
accessible_authentication,1,1,0.0318,accessible,authentication,Accessible authentication is,"['<|endoftext|>', 'Access', 'ible', ' authentication', ' is']",2,3,accessibility,pythia-1b
accessible_authentication,1,2,0.0475,accessible,authentication,Accessible authentication is,"['<|endoftext|>', 'Access', 'ible', ' authentication', ' is']",2,3,accessibility,pythia-1b
accessible_authentication,1,3,0.4599,accessible,authentication,Accessible authentication is,"['<|endoftext|>', 'Access', 'ible', ' authentication', ' is']",2,3,accessibility,pythia-1b
accessible_authentication,1,4,0.4544,accessible,authentication,Accessible authentication is,"['<|endoftext|>', 'Access', 'ible', ' authentication', ' is']",2,3,accessibility,pythia-1b
accessible_authentication,1,5,0.4403,accessible,authentication,Accessible authentication is,"['<|endoftext|>', 'Access', 'ible', ' authentication', ' is']",2,3,accessibility,pythia-1b
accessible_authentication,1,6,0.1401,accessible,authentication,Accessible authentication is,"['<|endoftext|>', 'Access', 'ible', ' authentication', ' is']",2,3,accessibility,pythia-1b
accessible_authentication,1,7,0.0037,accessible,authentication,Accessible authentication is,"['<|endoftext|>', 'Access', 'ible', ' authentication', ' is']",2,3,accessibility,pythia-1b
accessible_authentication,2,0,0.3407,accessible,authentication,Accessible authentication is,"['<|endoftext|>', 'Access', 'ible', ' authentication', ' is']",2,3,accessibility,pythia-1b
accessible_authentication,2,1,0.247,accessible,authentication,Accessible authentication is,"['<|endoftext|>', 'Access', 'ible', ' authentication', ' is']",2,3,accessibility,pythia-1b
accessible_authentication,2,2,0.2417,accessible,authentication,Accessible authentication is,"['<|endoftext|>', 'Access', 'ible', ' authentication', ' is']",2,3,accessibility,pythia-1b
accessible_authentication,2,3,0.5235,accessible,authentication,Accessible authentication is,"['<|endoftext|>', 'Access', 'ible', ' authentication', ' is']",2,3,accessibility,pythia-1b
accessible_authentication,2,4,0.3661,accessible,authentication,Accessible authentication is,"['<|endoftext|>', 'Access', 'ible', ' authentication', ' is']",2,3,accessibility,pythia-1b
accessible_authentication,2,5,0.0474,accessible,authentication,Accessible authentication is,"['<|endoftext|>', 'Access', 'ible', ' authentication', ' is']",2,3,accessibility,pythia-1b
accessible_authentication,2,6,0.1789,accessible,authentication,Accessible authentication is,"['<|endoftext|>', 'Access', 'ible', ' authentication', ' is']",2,3,accessibility,pythia-1b
accessible_authentication,2,7,0.0388,accessible,authentication,Accessible authentication is,"['<|endoftext|>', 'Access', 'ible', ' authentication', ' is']",2,3,accessibility,pythia-1b
accessible_authentication,3,0,0.0164,accessible,authentication,Accessible authentication is,"['<|endoftext|>', 'Access', 'ible', ' authentication', ' is']",2,3,accessibility,pythia-1b
accessible_authentication,3,1,0.053,accessible,authentication,Accessible authentication is,"['<|endoftext|>', 'Access', 'ible', ' authentication', ' is']",2,3,accessibility,pythia-1b
accessible_authentication,3,2,0.1244,accessible,authentication,Accessible authentication is,"['<|endoftext|>', 'Access', 'ible', ' authentication', ' is']",2,3,accessibility,pythia-1b
accessible_authentication,3,3,0.2688,accessible,authentication,Accessible authentication is,"['<|endoftext|>', 'Access', 'ible', ' authentication', ' is']",2,3,accessibility,pythia-1b
accessible_authentication,3,4,0.0864,accessible,authentication,Accessible authentication is,"['<|endoftext|>', 'Access', 'ible', ' authentication', ' is']",2,3,accessibility,pythia-1b
accessible_authentication,3,5,0.9886,accessible,authentication,Accessible authentication is,"['<|endoftext|>', 'Access', 'ible', ' authentication', ' is']",2,3,accessibility,pythia-1b
accessible_authentication,3,6,0.6088,accessible,authentication,Accessible authentication is,"['<|endoftext|>', 'Access', 'ible', ' authentication', ' is']",2,3,accessibility,pythia-1b
accessible_authentication,3,7,0.1939,accessible,authentication,Accessible authentication is,"['<|endoftext|>', 'Access', 'ible', ' authentication', ' is']",2,3,accessibility,pythia-1b
accessible_authentication,4,0,0.0472,accessible,authentication,Accessible authentication is,"['<|endoftext|>', 'Access', 'ible', ' authentication', ' is']",2,3,accessibility,pythia-1b
accessible_authentication,4,1,0.0417,accessible,authentication,Accessible authentication is,"['<|endoftext|>', 'Access', 'ible', ' authentication', ' is']",2,3,accessibility,pythia-1b
accessible_authentication,4,2,0.0295,accessible,authentication,Accessible authentication is,"['<|endoftext|>', 'Access', 'ible', ' authentication', ' is']",2,3,accessibility,pythia-1b
accessible_authentication,4,3,0.0015,accessible,authentication,Accessible authentication is,"['<|endoftext|>', 'Access', 'ible', ' authentication', ' is']",2,3,accessibility,pythia-1b
accessible_authentication,4,4,0.0,accessible,authentication,Accessible authentication is,"['<|endoftext|>', 'Access', 'ible', ' authentication', ' is']",2,3,accessibility,pythia-1b
accessible_authentication,4,5,0.0024,accessible,authentication,Accessible authentication is,"['<|endoftext|>', 'Access', 'ible', ' authentication', ' is']",2,3,accessibility,pythia-1b
accessible_authentication,4,6,0.1632,accessible,authentication,Accessible authentication is,"['<|endoftext|>', 'Access', 'ible', ' authentication', ' is']",2,3,accessibility,pythia-1b
accessible_authentication,4,7,0.029,accessible,authentication,Accessible authentication is,"['<|endoftext|>', 'Access', 'ible', ' authentication', ' is']",2,3,accessibility,pythia-1b
accessible_authentication,5,0,0.0327,accessible,authentication,Accessible authentication is,"['<|endoftext|>', 'Access', 'ible', ' authentication', ' is']",2,3,accessibility,pythia-1b
accessible_authentication,5,1,0.0,accessible,authentication,Accessible authentication is,"['<|endoftext|>', 'Access', 'ible', ' authentication', ' is']",2,3,accessibility,pythia-1b
accessible_authentication,5,2,0.0887,accessible,authentication,Accessible authentication is,"['<|endoftext|>', 'Access', 'ible', ' authentication', ' is']",2,3,accessibility,pythia-1b
accessible_authentication,5,3,0.0945,accessible,authentication,Accessible authentication is,"['<|endoftext|>', 'Access', 'ible', ' authentication', ' is']",2,3,accessibility,pythia-1b
accessible_authentication,5,4,0.1596,accessible,authentication,Accessible authentication is,"['<|endoftext|>', 'Access', 'ible', ' authentication', ' is']",2,3,accessibility,pythia-1b
accessible_authentication,5,5,0.0956,accessible,authentication,Accessible authentication is,"['<|endoftext|>', 'Access', 'ible', ' authentication', ' is']",2,3,accessibility,pythia-1b
accessible_authentication,5,6,0.0016,accessible,authentication,Accessible authentication is,"['<|endoftext|>', 'Access', 'ible', ' authentication', ' is']",2,3,accessibility,pythia-1b
accessible_authentication,5,7,0.0002,accessible,authentication,Accessible authentication is,"['<|endoftext|>', 'Access', 'ible', ' authentication', ' is']",2,3,accessibility,pythia-1b
accessible_authentication,6,0,0.3218,accessible,authentication,Accessible authentication is,"['<|endoftext|>', 'Access', 'ible', ' authentication', ' is']",2,3,accessibility,pythia-1b
accessible_authentication,6,1,0.006,accessible,authentication,Accessible authentication is,"['<|endoftext|>', 'Access', 'ible', ' authentication', ' is']",2,3,accessibility,pythia-1b
accessible_authentication,6,2,0.099,accessible,authentication,Accessible authentication is,"['<|endoftext|>', 'Access', 'ible', ' authentication', ' is']",2,3,accessibility,pythia-1b
accessible_authentication,6,3,0.8305,accessible,authentication,Accessible authentication is,"['<|endoftext|>', 'Access', 'ible', ' authentication', ' is']",2,3,accessibility,pythia-1b
accessible_authentication,6,4,0.0582,accessible,authentication,Accessible authentication is,"['<|endoftext|>', 'Access', 'ible', ' authentication', ' is']",2,3,accessibility,pythia-1b
accessible_authentication,6,5,0.1182,accessible,authentication,Accessible authentication is,"['<|endoftext|>', 'Access', 'ible', ' authentication', ' is']",2,3,accessibility,pythia-1b
accessible_authentication,6,6,0.0195,accessible,authentication,Accessible authentication is,"['<|endoftext|>', 'Access', 'ible', ' authentication', ' is']",2,3,accessibility,pythia-1b
accessible_authentication,6,7,0.0007,accessible,authentication,Accessible authentication is,"['<|endoftext|>', 'Access', 'ible', ' authentication', ' is']",2,3,accessibility,pythia-1b
accessible_authentication,7,0,0.0113,accessible,authentication,Accessible authentication is,"['<|endoftext|>', 'Access', 'ible', ' authentication', ' is']",2,3,accessibility,pythia-1b
accessible_authentication,7,1,0.0,accessible,authentication,Accessible authentication is,"['<|endoftext|>', 'Access', 'ible', ' authentication', ' is']",2,3,accessibility,pythia-1b
accessible_authentication,7,2,0.005,accessible,authentication,Accessible authentication is,"['<|endoftext|>', 'Access', 'ible', ' authentication', ' is']",2,3,accessibility,pythia-1b
accessible_authentication,7,3,0.0653,accessible,authentication,Accessible authentication is,"['<|endoftext|>', 'Access', 'ible', ' authentication', ' is']",2,3,accessibility,pythia-1b
accessible_authentication,7,4,0.0287,accessible,authentication,Accessible authentication is,"['<|endoftext|>', 'Access', 'ible', ' authentication', ' is']",2,3,accessibility,pythia-1b
accessible_authentication,7,5,0.1882,accessible,authentication,Accessible authentication is,"['<|endoftext|>', 'Access', 'ible', ' authentication', ' is']",2,3,accessibility,pythia-1b
accessible_authentication,7,6,0.0718,accessible,authentication,Accessible authentication is,"['<|endoftext|>', 'Access', 'ible', ' authentication', ' is']",2,3,accessibility,pythia-1b
accessible_authentication,7,7,0.0746,accessible,authentication,Accessible authentication is,"['<|endoftext|>', 'Access', 'ible', ' authentication', ' is']",2,3,accessibility,pythia-1b
accessible_authentication,8,0,0.001,accessible,authentication,Accessible authentication is,"['<|endoftext|>', 'Access', 'ible', ' authentication', ' is']",2,3,accessibility,pythia-1b
accessible_authentication,8,1,0.0428,accessible,authentication,Accessible authentication is,"['<|endoftext|>', 'Access', 'ible', ' authentication', ' is']",2,3,accessibility,pythia-1b
accessible_authentication,8,2,0.035,accessible,authentication,Accessible authentication is,"['<|endoftext|>', 'Access', 'ible', ' authentication', ' is']",2,3,accessibility,pythia-1b
accessible_authentication,8,3,0.1014,accessible,authentication,Accessible authentication is,"['<|endoftext|>', 'Access', 'ible', ' authentication', ' is']",2,3,accessibility,pythia-1b
accessible_authentication,8,4,0.0184,accessible,authentication,Accessible authentication is,"['<|endoftext|>', 'Access', 'ible', ' authentication', ' is']",2,3,accessibility,pythia-1b
accessible_authentication,8,5,0.0034,accessible,authentication,Accessible authentication is,"['<|endoftext|>', 'Access', 'ible', ' authentication', ' is']",2,3,accessibility,pythia-1b
accessible_authentication,8,6,0.0001,accessible,authentication,Accessible authentication is,"['<|endoftext|>', 'Access', 'ible', ' authentication', ' is']",2,3,accessibility,pythia-1b
accessible_authentication,8,7,0.0322,accessible,authentication,Accessible authentication is,"['<|endoftext|>', 'Access', 'ible', ' authentication', ' is']",2,3,accessibility,pythia-1b
accessible_authentication,9,0,0.0591,accessible,authentication,Accessible authentication is,"['<|endoftext|>', 'Access', 'ible', ' authentication', ' is']",2,3,accessibility,pythia-1b
accessible_authentication,9,1,0.0128,accessible,authentication,Accessible authentication is,"['<|endoftext|>', 'Access', 'ible', ' authentication', ' is']",2,3,accessibility,pythia-1b
accessible_authentication,9,2,0.2353,accessible,authentication,Accessible authentication is,"['<|endoftext|>', 'Access', 'ible', ' authentication', ' is']",2,3,accessibility,pythia-1b
accessible_authentication,9,3,0.0931,accessible,authentication,Accessible authentication is,"['<|endoftext|>', 'Access', 'ible', ' authentication', ' is']",2,3,accessibility,pythia-1b
accessible_authentication,9,4,0.0034,accessible,authentication,Accessible authentication is,"['<|endoftext|>', 'Access', 'ible', ' authentication', ' is']",2,3,accessibility,pythia-1b
accessible_authentication,9,5,0.0277,accessible,authentication,Accessible authentication is,"['<|endoftext|>', 'Access', 'ible', ' authentication', ' is']",2,3,accessibility,pythia-1b
accessible_authentication,9,6,0.1044,accessible,authentication,Accessible authentication is,"['<|endoftext|>', 'Access', 'ible', ' authentication', ' is']",2,3,accessibility,pythia-1b
accessible_authentication,9,7,0.0982,accessible,authentication,Accessible authentication is,"['<|endoftext|>', 'Access', 'ible', ' authentication', ' is']",2,3,accessibility,pythia-1b
accessible_authentication,10,0,0.0115,accessible,authentication,Accessible authentication is,"['<|endoftext|>', 'Access', 'ible', ' authentication', ' is']",2,3,accessibility,pythia-1b
accessible_authentication,10,1,0.2682,accessible,authentication,Accessible authentication is,"['<|endoftext|>', 'Access', 'ible', ' authentication', ' is']",2,3,accessibility,pythia-1b
accessible_authentication,10,2,0.0172,accessible,authentication,Accessible authentication is,"['<|endoftext|>', 'Access', 'ible', ' authentication', ' is']",2,3,accessibility,pythia-1b
accessible_authentication,10,3,0.0375,accessible,authentication,Accessible authentication is,"['<|endoftext|>', 'Access', 'ible', ' authentication', ' is']",2,3,accessibility,pythia-1b
accessible_authentication,10,4,0.006,accessible,authentication,Accessible authentication is,"['<|endoftext|>', 'Access', 'ible', ' authentication', ' is']",2,3,accessibility,pythia-1b
accessible_authentication,10,5,0.0022,accessible,authentication,Accessible authentication is,"['<|endoftext|>', 'Access', 'ible', ' authentication', ' is']",2,3,accessibility,pythia-1b
accessible_authentication,10,6,0.0026,accessible,authentication,Accessible authentication is,"['<|endoftext|>', 'Access', 'ible', ' authentication', ' is']",2,3,accessibility,pythia-1b
accessible_authentication,10,7,0.0352,accessible,authentication,Accessible authentication is,"['<|endoftext|>', 'Access', 'ible', ' authentication', ' is']",2,3,accessibility,pythia-1b
accessible_authentication,11,0,0.0832,accessible,authentication,Accessible authentication is,"['<|endoftext|>', 'Access', 'ible', ' authentication', ' is']",2,3,accessibility,pythia-1b
accessible_authentication,11,1,0.0153,accessible,authentication,Accessible authentication is,"['<|endoftext|>', 'Access', 'ible', ' authentication', ' is']",2,3,accessibility,pythia-1b
accessible_authentication,11,2,0.0537,accessible,authentication,Accessible authentication is,"['<|endoftext|>', 'Access', 'ible', ' authentication', ' is']",2,3,accessibility,pythia-1b
accessible_authentication,11,3,0.004,accessible,authentication,Accessible authentication is,"['<|endoftext|>', 'Access', 'ible', ' authentication', ' is']",2,3,accessibility,pythia-1b
accessible_authentication,11,4,0.0144,accessible,authentication,Accessible authentication is,"['<|endoftext|>', 'Access', 'ible', ' authentication', ' is']",2,3,accessibility,pythia-1b
accessible_authentication,11,5,0.0062,accessible,authentication,Accessible authentication is,"['<|endoftext|>', 'Access', 'ible', ' authentication', ' is']",2,3,accessibility,pythia-1b
accessible_authentication,11,6,0.0142,accessible,authentication,Accessible authentication is,"['<|endoftext|>', 'Access', 'ible', ' authentication', ' is']",2,3,accessibility,pythia-1b
accessible_authentication,11,7,0.0013,accessible,authentication,Accessible authentication is,"['<|endoftext|>', 'Access', 'ible', ' authentication', ' is']",2,3,accessibility,pythia-1b
accessible_authentication,12,0,0.0101,accessible,authentication,Accessible authentication is,"['<|endoftext|>', 'Access', 'ible', ' authentication', ' is']",2,3,accessibility,pythia-1b
accessible_authentication,12,1,0.0092,accessible,authentication,Accessible authentication is,"['<|endoftext|>', 'Access', 'ible', ' authentication', ' is']",2,3,accessibility,pythia-1b
accessible_authentication,12,2,0.1955,accessible,authentication,Accessible authentication is,"['<|endoftext|>', 'Access', 'ible', ' authentication', ' is']",2,3,accessibility,pythia-1b
accessible_authentication,12,3,0.0098,accessible,authentication,Accessible authentication is,"['<|endoftext|>', 'Access', 'ible', ' authentication', ' is']",2,3,accessibility,pythia-1b
accessible_authentication,12,4,0.0053,accessible,authentication,Accessible authentication is,"['<|endoftext|>', 'Access', 'ible', ' authentication', ' is']",2,3,accessibility,pythia-1b
accessible_authentication,12,5,0.0161,accessible,authentication,Accessible authentication is,"['<|endoftext|>', 'Access', 'ible', ' authentication', ' is']",2,3,accessibility,pythia-1b
accessible_authentication,12,6,0.0019,accessible,authentication,Accessible authentication is,"['<|endoftext|>', 'Access', 'ible', ' authentication', ' is']",2,3,accessibility,pythia-1b
accessible_authentication,12,7,0.1239,accessible,authentication,Accessible authentication is,"['<|endoftext|>', 'Access', 'ible', ' authentication', ' is']",2,3,accessibility,pythia-1b
accessible_authentication,13,0,0.2182,accessible,authentication,Accessible authentication is,"['<|endoftext|>', 'Access', 'ible', ' authentication', ' is']",2,3,accessibility,pythia-1b
accessible_authentication,13,1,0.0047,accessible,authentication,Accessible authentication is,"['<|endoftext|>', 'Access', 'ible', ' authentication', ' is']",2,3,accessibility,pythia-1b
accessible_authentication,13,2,0.0062,accessible,authentication,Accessible authentication is,"['<|endoftext|>', 'Access', 'ible', ' authentication', ' is']",2,3,accessibility,pythia-1b
accessible_authentication,13,3,0.0497,accessible,authentication,Accessible authentication is,"['<|endoftext|>', 'Access', 'ible', ' authentication', ' is']",2,3,accessibility,pythia-1b
accessible_authentication,13,4,0.2693,accessible,authentication,Accessible authentication is,"['<|endoftext|>', 'Access', 'ible', ' authentication', ' is']",2,3,accessibility,pythia-1b
accessible_authentication,13,5,0.0242,accessible,authentication,Accessible authentication is,"['<|endoftext|>', 'Access', 'ible', ' authentication', ' is']",2,3,accessibility,pythia-1b
accessible_authentication,13,6,0.0054,accessible,authentication,Accessible authentication is,"['<|endoftext|>', 'Access', 'ible', ' authentication', ' is']",2,3,accessibility,pythia-1b
accessible_authentication,13,7,0.1131,accessible,authentication,Accessible authentication is,"['<|endoftext|>', 'Access', 'ible', ' authentication', ' is']",2,3,accessibility,pythia-1b
accessible_authentication,14,0,0.0718,accessible,authentication,Accessible authentication is,"['<|endoftext|>', 'Access', 'ible', ' authentication', ' is']",2,3,accessibility,pythia-1b
accessible_authentication,14,1,0.075,accessible,authentication,Accessible authentication is,"['<|endoftext|>', 'Access', 'ible', ' authentication', ' is']",2,3,accessibility,pythia-1b
accessible_authentication,14,2,0.0996,accessible,authentication,Accessible authentication is,"['<|endoftext|>', 'Access', 'ible', ' authentication', ' is']",2,3,accessibility,pythia-1b
accessible_authentication,14,3,0.0821,accessible,authentication,Accessible authentication is,"['<|endoftext|>', 'Access', 'ible', ' authentication', ' is']",2,3,accessibility,pythia-1b
accessible_authentication,14,4,0.1029,accessible,authentication,Accessible authentication is,"['<|endoftext|>', 'Access', 'ible', ' authentication', ' is']",2,3,accessibility,pythia-1b
accessible_authentication,14,5,0.2845,accessible,authentication,Accessible authentication is,"['<|endoftext|>', 'Access', 'ible', ' authentication', ' is']",2,3,accessibility,pythia-1b
accessible_authentication,14,6,0.0035,accessible,authentication,Accessible authentication is,"['<|endoftext|>', 'Access', 'ible', ' authentication', ' is']",2,3,accessibility,pythia-1b
accessible_authentication,14,7,0.0314,accessible,authentication,Accessible authentication is,"['<|endoftext|>', 'Access', 'ible', ' authentication', ' is']",2,3,accessibility,pythia-1b
accessible_authentication,15,0,0.0295,accessible,authentication,Accessible authentication is,"['<|endoftext|>', 'Access', 'ible', ' authentication', ' is']",2,3,accessibility,pythia-1b
accessible_authentication,15,1,0.0037,accessible,authentication,Accessible authentication is,"['<|endoftext|>', 'Access', 'ible', ' authentication', ' is']",2,3,accessibility,pythia-1b
accessible_authentication,15,2,0.0351,accessible,authentication,Accessible authentication is,"['<|endoftext|>', 'Access', 'ible', ' authentication', ' is']",2,3,accessibility,pythia-1b
accessible_authentication,15,3,0.0111,accessible,authentication,Accessible authentication is,"['<|endoftext|>', 'Access', 'ible', ' authentication', ' is']",2,3,accessibility,pythia-1b
accessible_authentication,15,4,0.0322,accessible,authentication,Accessible authentication is,"['<|endoftext|>', 'Access', 'ible', ' authentication', ' is']",2,3,accessibility,pythia-1b
accessible_authentication,15,5,0.0607,accessible,authentication,Accessible authentication is,"['<|endoftext|>', 'Access', 'ible', ' authentication', ' is']",2,3,accessibility,pythia-1b
accessible_authentication,15,6,0.0364,accessible,authentication,Accessible authentication is,"['<|endoftext|>', 'Access', 'ible', ' authentication', ' is']",2,3,accessibility,pythia-1b
accessible_authentication,15,7,0.1082,accessible,authentication,Accessible authentication is,"['<|endoftext|>', 'Access', 'ible', ' authentication', ' is']",2,3,accessibility,pythia-1b
text_spacing,0,0,0.1883,text,spacing,Text spacing is,"['<|endoftext|>', 'Text', ' spacing', ' is']",1,2,accessibility,pythia-1b
text_spacing,0,1,0.3098,text,spacing,Text spacing is,"['<|endoftext|>', 'Text', ' spacing', ' is']",1,2,accessibility,pythia-1b
text_spacing,0,2,0.0,text,spacing,Text spacing is,"['<|endoftext|>', 'Text', ' spacing', ' is']",1,2,accessibility,pythia-1b
text_spacing,0,3,0.2731,text,spacing,Text spacing is,"['<|endoftext|>', 'Text', ' spacing', ' is']",1,2,accessibility,pythia-1b
text_spacing,0,4,0.0833,text,spacing,Text spacing is,"['<|endoftext|>', 'Text', ' spacing', ' is']",1,2,accessibility,pythia-1b
text_spacing,0,5,0.3387,text,spacing,Text spacing is,"['<|endoftext|>', 'Text', ' spacing', ' is']",1,2,accessibility,pythia-1b
text_spacing,0,6,0.0336,text,spacing,Text spacing is,"['<|endoftext|>', 'Text', ' spacing', ' is']",1,2,accessibility,pythia-1b
text_spacing,0,7,0.0937,text,spacing,Text spacing is,"['<|endoftext|>', 'Text', ' spacing', ' is']",1,2,accessibility,pythia-1b
text_spacing,1,0,0.4648,text,spacing,Text spacing is,"['<|endoftext|>', 'Text', ' spacing', ' is']",1,2,accessibility,pythia-1b
text_spacing,1,1,0.0859,text,spacing,Text spacing is,"['<|endoftext|>', 'Text', ' spacing', ' is']",1,2,accessibility,pythia-1b
text_spacing,1,2,0.9094,text,spacing,Text spacing is,"['<|endoftext|>', 'Text', ' spacing', ' is']",1,2,accessibility,pythia-1b
text_spacing,1,3,0.8263,text,spacing,Text spacing is,"['<|endoftext|>', 'Text', ' spacing', ' is']",1,2,accessibility,pythia-1b
text_spacing,1,4,0.495,text,spacing,Text spacing is,"['<|endoftext|>', 'Text', ' spacing', ' is']",1,2,accessibility,pythia-1b
text_spacing,1,5,0.8337,text,spacing,Text spacing is,"['<|endoftext|>', 'Text', ' spacing', ' is']",1,2,accessibility,pythia-1b
text_spacing,1,6,0.4175,text,spacing,Text spacing is,"['<|endoftext|>', 'Text', ' spacing', ' is']",1,2,accessibility,pythia-1b
text_spacing,1,7,0.0025,text,spacing,Text spacing is,"['<|endoftext|>', 'Text', ' spacing', ' is']",1,2,accessibility,pythia-1b
text_spacing,2,0,0.7234,text,spacing,Text spacing is,"['<|endoftext|>', 'Text', ' spacing', ' is']",1,2,accessibility,pythia-1b
text_spacing,2,1,0.1634,text,spacing,Text spacing is,"['<|endoftext|>', 'Text', ' spacing', ' is']",1,2,accessibility,pythia-1b
text_spacing,2,2,0.5952,text,spacing,Text spacing is,"['<|endoftext|>', 'Text', ' spacing', ' is']",1,2,accessibility,pythia-1b
text_spacing,2,3,0.4502,text,spacing,Text spacing is,"['<|endoftext|>', 'Text', ' spacing', ' is']",1,2,accessibility,pythia-1b
text_spacing,2,4,0.6169,text,spacing,Text spacing is,"['<|endoftext|>', 'Text', ' spacing', ' is']",1,2,accessibility,pythia-1b
text_spacing,2,5,0.1853,text,spacing,Text spacing is,"['<|endoftext|>', 'Text', ' spacing', ' is']",1,2,accessibility,pythia-1b
text_spacing,2,6,0.5199,text,spacing,Text spacing is,"['<|endoftext|>', 'Text', ' spacing', ' is']",1,2,accessibility,pythia-1b
text_spacing,2,7,0.1127,text,spacing,Text spacing is,"['<|endoftext|>', 'Text', ' spacing', ' is']",1,2,accessibility,pythia-1b
text_spacing,3,0,0.0262,text,spacing,Text spacing is,"['<|endoftext|>', 'Text', ' spacing', ' is']",1,2,accessibility,pythia-1b
text_spacing,3,1,0.2725,text,spacing,Text spacing is,"['<|endoftext|>', 'Text', ' spacing', ' is']",1,2,accessibility,pythia-1b
text_spacing,3,2,0.07,text,spacing,Text spacing is,"['<|endoftext|>', 'Text', ' spacing', ' is']",1,2,accessibility,pythia-1b
text_spacing,3,3,0.1092,text,spacing,Text spacing is,"['<|endoftext|>', 'Text', ' spacing', ' is']",1,2,accessibility,pythia-1b
text_spacing,3,4,0.014,text,spacing,Text spacing is,"['<|endoftext|>', 'Text', ' spacing', ' is']",1,2,accessibility,pythia-1b
text_spacing,3,5,0.9914,text,spacing,Text spacing is,"['<|endoftext|>', 'Text', ' spacing', ' is']",1,2,accessibility,pythia-1b
text_spacing,3,6,0.7653,text,spacing,Text spacing is,"['<|endoftext|>', 'Text', ' spacing', ' is']",1,2,accessibility,pythia-1b
text_spacing,3,7,0.5198,text,spacing,Text spacing is,"['<|endoftext|>', 'Text', ' spacing', ' is']",1,2,accessibility,pythia-1b
text_spacing,4,0,0.4,text,spacing,Text spacing is,"['<|endoftext|>', 'Text', ' spacing', ' is']",1,2,accessibility,pythia-1b
text_spacing,4,1,0.0543,text,spacing,Text spacing is,"['<|endoftext|>', 'Text', ' spacing', ' is']",1,2,accessibility,pythia-1b
text_spacing,4,2,0.0353,text,spacing,Text spacing is,"['<|endoftext|>', 'Text', ' spacing', ' is']",1,2,accessibility,pythia-1b
text_spacing,4,3,0.122,text,spacing,Text spacing is,"['<|endoftext|>', 'Text', ' spacing', ' is']",1,2,accessibility,pythia-1b
text_spacing,4,4,0.0001,text,spacing,Text spacing is,"['<|endoftext|>', 'Text', ' spacing', ' is']",1,2,accessibility,pythia-1b
text_spacing,4,5,0.0066,text,spacing,Text spacing is,"['<|endoftext|>', 'Text', ' spacing', ' is']",1,2,accessibility,pythia-1b
text_spacing,4,6,0.0427,text,spacing,Text spacing is,"['<|endoftext|>', 'Text', ' spacing', ' is']",1,2,accessibility,pythia-1b
text_spacing,4,7,0.1769,text,spacing,Text spacing is,"['<|endoftext|>', 'Text', ' spacing', ' is']",1,2,accessibility,pythia-1b
text_spacing,5,0,0.224,text,spacing,Text spacing is,"['<|endoftext|>', 'Text', ' spacing', ' is']",1,2,accessibility,pythia-1b
text_spacing,5,1,0.0001,text,spacing,Text spacing is,"['<|endoftext|>', 'Text', ' spacing', ' is']",1,2,accessibility,pythia-1b
text_spacing,5,2,0.052,text,spacing,Text spacing is,"['<|endoftext|>', 'Text', ' spacing', ' is']",1,2,accessibility,pythia-1b
text_spacing,5,3,0.0142,text,spacing,Text spacing is,"['<|endoftext|>', 'Text', ' spacing', ' is']",1,2,accessibility,pythia-1b
text_spacing,5,4,0.0117,text,spacing,Text spacing is,"['<|endoftext|>', 'Text', ' spacing', ' is']",1,2,accessibility,pythia-1b
text_spacing,5,5,0.2425,text,spacing,Text spacing is,"['<|endoftext|>', 'Text', ' spacing', ' is']",1,2,accessibility,pythia-1b
text_spacing,5,6,0.0349,text,spacing,Text spacing is,"['<|endoftext|>', 'Text', ' spacing', ' is']",1,2,accessibility,pythia-1b
text_spacing,5,7,0.0004,text,spacing,Text spacing is,"['<|endoftext|>', 'Text', ' spacing', ' is']",1,2,accessibility,pythia-1b
text_spacing,6,0,0.0029,text,spacing,Text spacing is,"['<|endoftext|>', 'Text', ' spacing', ' is']",1,2,accessibility,pythia-1b
text_spacing,6,1,0.0105,text,spacing,Text spacing is,"['<|endoftext|>', 'Text', ' spacing', ' is']",1,2,accessibility,pythia-1b
text_spacing,6,2,0.0065,text,spacing,Text spacing is,"['<|endoftext|>', 'Text', ' spacing', ' is']",1,2,accessibility,pythia-1b
text_spacing,6,3,0.9558,text,spacing,Text spacing is,"['<|endoftext|>', 'Text', ' spacing', ' is']",1,2,accessibility,pythia-1b
text_spacing,6,4,0.0642,text,spacing,Text spacing is,"['<|endoftext|>', 'Text', ' spacing', ' is']",1,2,accessibility,pythia-1b
text_spacing,6,5,0.0264,text,spacing,Text spacing is,"['<|endoftext|>', 'Text', ' spacing', ' is']",1,2,accessibility,pythia-1b
text_spacing,6,6,0.0017,text,spacing,Text spacing is,"['<|endoftext|>', 'Text', ' spacing', ' is']",1,2,accessibility,pythia-1b
text_spacing,6,7,0.0006,text,spacing,Text spacing is,"['<|endoftext|>', 'Text', ' spacing', ' is']",1,2,accessibility,pythia-1b
text_spacing,7,0,0.0003,text,spacing,Text spacing is,"['<|endoftext|>', 'Text', ' spacing', ' is']",1,2,accessibility,pythia-1b
text_spacing,7,1,0.0,text,spacing,Text spacing is,"['<|endoftext|>', 'Text', ' spacing', ' is']",1,2,accessibility,pythia-1b
text_spacing,7,2,0.0017,text,spacing,Text spacing is,"['<|endoftext|>', 'Text', ' spacing', ' is']",1,2,accessibility,pythia-1b
text_spacing,7,3,0.0077,text,spacing,Text spacing is,"['<|endoftext|>', 'Text', ' spacing', ' is']",1,2,accessibility,pythia-1b
text_spacing,7,4,0.1246,text,spacing,Text spacing is,"['<|endoftext|>', 'Text', ' spacing', ' is']",1,2,accessibility,pythia-1b
text_spacing,7,5,0.0097,text,spacing,Text spacing is,"['<|endoftext|>', 'Text', ' spacing', ' is']",1,2,accessibility,pythia-1b
text_spacing,7,6,0.1015,text,spacing,Text spacing is,"['<|endoftext|>', 'Text', ' spacing', ' is']",1,2,accessibility,pythia-1b
text_spacing,7,7,0.0044,text,spacing,Text spacing is,"['<|endoftext|>', 'Text', ' spacing', ' is']",1,2,accessibility,pythia-1b
text_spacing,8,0,0.0012,text,spacing,Text spacing is,"['<|endoftext|>', 'Text', ' spacing', ' is']",1,2,accessibility,pythia-1b
text_spacing,8,1,0.0118,text,spacing,Text spacing is,"['<|endoftext|>', 'Text', ' spacing', ' is']",1,2,accessibility,pythia-1b
text_spacing,8,2,0.003,text,spacing,Text spacing is,"['<|endoftext|>', 'Text', ' spacing', ' is']",1,2,accessibility,pythia-1b
text_spacing,8,3,0.006,text,spacing,Text spacing is,"['<|endoftext|>', 'Text', ' spacing', ' is']",1,2,accessibility,pythia-1b
text_spacing,8,4,0.002,text,spacing,Text spacing is,"['<|endoftext|>', 'Text', ' spacing', ' is']",1,2,accessibility,pythia-1b
text_spacing,8,5,0.0008,text,spacing,Text spacing is,"['<|endoftext|>', 'Text', ' spacing', ' is']",1,2,accessibility,pythia-1b
text_spacing,8,6,0.0044,text,spacing,Text spacing is,"['<|endoftext|>', 'Text', ' spacing', ' is']",1,2,accessibility,pythia-1b
text_spacing,8,7,0.0847,text,spacing,Text spacing is,"['<|endoftext|>', 'Text', ' spacing', ' is']",1,2,accessibility,pythia-1b
text_spacing,9,0,0.0969,text,spacing,Text spacing is,"['<|endoftext|>', 'Text', ' spacing', ' is']",1,2,accessibility,pythia-1b
text_spacing,9,1,0.0036,text,spacing,Text spacing is,"['<|endoftext|>', 'Text', ' spacing', ' is']",1,2,accessibility,pythia-1b
text_spacing,9,2,0.0333,text,spacing,Text spacing is,"['<|endoftext|>', 'Text', ' spacing', ' is']",1,2,accessibility,pythia-1b
text_spacing,9,3,0.0523,text,spacing,Text spacing is,"['<|endoftext|>', 'Text', ' spacing', ' is']",1,2,accessibility,pythia-1b
text_spacing,9,4,0.0153,text,spacing,Text spacing is,"['<|endoftext|>', 'Text', ' spacing', ' is']",1,2,accessibility,pythia-1b
text_spacing,9,5,0.0126,text,spacing,Text spacing is,"['<|endoftext|>', 'Text', ' spacing', ' is']",1,2,accessibility,pythia-1b
text_spacing,9,6,0.096,text,spacing,Text spacing is,"['<|endoftext|>', 'Text', ' spacing', ' is']",1,2,accessibility,pythia-1b
text_spacing,9,7,0.0208,text,spacing,Text spacing is,"['<|endoftext|>', 'Text', ' spacing', ' is']",1,2,accessibility,pythia-1b
text_spacing,10,0,0.0043,text,spacing,Text spacing is,"['<|endoftext|>', 'Text', ' spacing', ' is']",1,2,accessibility,pythia-1b
text_spacing,10,1,0.0745,text,spacing,Text spacing is,"['<|endoftext|>', 'Text', ' spacing', ' is']",1,2,accessibility,pythia-1b
text_spacing,10,2,0.0152,text,spacing,Text spacing is,"['<|endoftext|>', 'Text', ' spacing', ' is']",1,2,accessibility,pythia-1b
text_spacing,10,3,0.0462,text,spacing,Text spacing is,"['<|endoftext|>', 'Text', ' spacing', ' is']",1,2,accessibility,pythia-1b
text_spacing,10,4,0.0223,text,spacing,Text spacing is,"['<|endoftext|>', 'Text', ' spacing', ' is']",1,2,accessibility,pythia-1b
text_spacing,10,5,0.0005,text,spacing,Text spacing is,"['<|endoftext|>', 'Text', ' spacing', ' is']",1,2,accessibility,pythia-1b
text_spacing,10,6,0.0,text,spacing,Text spacing is,"['<|endoftext|>', 'Text', ' spacing', ' is']",1,2,accessibility,pythia-1b
text_spacing,10,7,0.0506,text,spacing,Text spacing is,"['<|endoftext|>', 'Text', ' spacing', ' is']",1,2,accessibility,pythia-1b
text_spacing,11,0,0.0093,text,spacing,Text spacing is,"['<|endoftext|>', 'Text', ' spacing', ' is']",1,2,accessibility,pythia-1b
text_spacing,11,1,0.0082,text,spacing,Text spacing is,"['<|endoftext|>', 'Text', ' spacing', ' is']",1,2,accessibility,pythia-1b
text_spacing,11,2,0.0055,text,spacing,Text spacing is,"['<|endoftext|>', 'Text', ' spacing', ' is']",1,2,accessibility,pythia-1b
text_spacing,11,3,0.0354,text,spacing,Text spacing is,"['<|endoftext|>', 'Text', ' spacing', ' is']",1,2,accessibility,pythia-1b
text_spacing,11,4,0.0116,text,spacing,Text spacing is,"['<|endoftext|>', 'Text', ' spacing', ' is']",1,2,accessibility,pythia-1b
text_spacing,11,5,0.005,text,spacing,Text spacing is,"['<|endoftext|>', 'Text', ' spacing', ' is']",1,2,accessibility,pythia-1b
text_spacing,11,6,0.0016,text,spacing,Text spacing is,"['<|endoftext|>', 'Text', ' spacing', ' is']",1,2,accessibility,pythia-1b
text_spacing,11,7,0.0003,text,spacing,Text spacing is,"['<|endoftext|>', 'Text', ' spacing', ' is']",1,2,accessibility,pythia-1b
text_spacing,12,0,0.0082,text,spacing,Text spacing is,"['<|endoftext|>', 'Text', ' spacing', ' is']",1,2,accessibility,pythia-1b
text_spacing,12,1,0.0177,text,spacing,Text spacing is,"['<|endoftext|>', 'Text', ' spacing', ' is']",1,2,accessibility,pythia-1b
text_spacing,12,2,0.004,text,spacing,Text spacing is,"['<|endoftext|>', 'Text', ' spacing', ' is']",1,2,accessibility,pythia-1b
text_spacing,12,3,0.0206,text,spacing,Text spacing is,"['<|endoftext|>', 'Text', ' spacing', ' is']",1,2,accessibility,pythia-1b
text_spacing,12,4,0.0186,text,spacing,Text spacing is,"['<|endoftext|>', 'Text', ' spacing', ' is']",1,2,accessibility,pythia-1b
text_spacing,12,5,0.0751,text,spacing,Text spacing is,"['<|endoftext|>', 'Text', ' spacing', ' is']",1,2,accessibility,pythia-1b
text_spacing,12,6,0.0408,text,spacing,Text spacing is,"['<|endoftext|>', 'Text', ' spacing', ' is']",1,2,accessibility,pythia-1b
text_spacing,12,7,0.0222,text,spacing,Text spacing is,"['<|endoftext|>', 'Text', ' spacing', ' is']",1,2,accessibility,pythia-1b
text_spacing,13,0,0.0775,text,spacing,Text spacing is,"['<|endoftext|>', 'Text', ' spacing', ' is']",1,2,accessibility,pythia-1b
text_spacing,13,1,0.0039,text,spacing,Text spacing is,"['<|endoftext|>', 'Text', ' spacing', ' is']",1,2,accessibility,pythia-1b
text_spacing,13,2,0.0011,text,spacing,Text spacing is,"['<|endoftext|>', 'Text', ' spacing', ' is']",1,2,accessibility,pythia-1b
text_spacing,13,3,0.0041,text,spacing,Text spacing is,"['<|endoftext|>', 'Text', ' spacing', ' is']",1,2,accessibility,pythia-1b
text_spacing,13,4,0.2062,text,spacing,Text spacing is,"['<|endoftext|>', 'Text', ' spacing', ' is']",1,2,accessibility,pythia-1b
text_spacing,13,5,0.0417,text,spacing,Text spacing is,"['<|endoftext|>', 'Text', ' spacing', ' is']",1,2,accessibility,pythia-1b
text_spacing,13,6,0.0076,text,spacing,Text spacing is,"['<|endoftext|>', 'Text', ' spacing', ' is']",1,2,accessibility,pythia-1b
text_spacing,13,7,0.0044,text,spacing,Text spacing is,"['<|endoftext|>', 'Text', ' spacing', ' is']",1,2,accessibility,pythia-1b
text_spacing,14,0,0.0315,text,spacing,Text spacing is,"['<|endoftext|>', 'Text', ' spacing', ' is']",1,2,accessibility,pythia-1b
text_spacing,14,1,0.0645,text,spacing,Text spacing is,"['<|endoftext|>', 'Text', ' spacing', ' is']",1,2,accessibility,pythia-1b
text_spacing,14,2,0.015,text,spacing,Text spacing is,"['<|endoftext|>', 'Text', ' spacing', ' is']",1,2,accessibility,pythia-1b
text_spacing,14,3,0.1248,text,spacing,Text spacing is,"['<|endoftext|>', 'Text', ' spacing', ' is']",1,2,accessibility,pythia-1b
text_spacing,14,4,0.0152,text,spacing,Text spacing is,"['<|endoftext|>', 'Text', ' spacing', ' is']",1,2,accessibility,pythia-1b
text_spacing,14,5,0.0135,text,spacing,Text spacing is,"['<|endoftext|>', 'Text', ' spacing', ' is']",1,2,accessibility,pythia-1b
text_spacing,14,6,0.0183,text,spacing,Text spacing is,"['<|endoftext|>', 'Text', ' spacing', ' is']",1,2,accessibility,pythia-1b
text_spacing,14,7,0.0104,text,spacing,Text spacing is,"['<|endoftext|>', 'Text', ' spacing', ' is']",1,2,accessibility,pythia-1b
text_spacing,15,0,0.0493,text,spacing,Text spacing is,"['<|endoftext|>', 'Text', ' spacing', ' is']",1,2,accessibility,pythia-1b
text_spacing,15,1,0.0452,text,spacing,Text spacing is,"['<|endoftext|>', 'Text', ' spacing', ' is']",1,2,accessibility,pythia-1b
text_spacing,15,2,0.1115,text,spacing,Text spacing is,"['<|endoftext|>', 'Text', ' spacing', ' is']",1,2,accessibility,pythia-1b
text_spacing,15,3,0.0359,text,spacing,Text spacing is,"['<|endoftext|>', 'Text', ' spacing', ' is']",1,2,accessibility,pythia-1b
text_spacing,15,4,0.1149,text,spacing,Text spacing is,"['<|endoftext|>', 'Text', ' spacing', ' is']",1,2,accessibility,pythia-1b
text_spacing,15,5,0.0617,text,spacing,Text spacing is,"['<|endoftext|>', 'Text', ' spacing', ' is']",1,2,accessibility,pythia-1b
text_spacing,15,6,0.0365,text,spacing,Text spacing is,"['<|endoftext|>', 'Text', ' spacing', ' is']",1,2,accessibility,pythia-1b
text_spacing,15,7,0.1344,text,spacing,Text spacing is,"['<|endoftext|>', 'Text', ' spacing', ' is']",1,2,accessibility,pythia-1b
status_message,0,0,0.2296,status,message,A status message is,"['<|endoftext|>', 'A', ' status', ' message', ' is']",2,3,accessibility,pythia-1b
status_message,0,1,0.4333,status,message,A status message is,"['<|endoftext|>', 'A', ' status', ' message', ' is']",2,3,accessibility,pythia-1b
status_message,0,2,0.0,status,message,A status message is,"['<|endoftext|>', 'A', ' status', ' message', ' is']",2,3,accessibility,pythia-1b
status_message,0,3,0.8752,status,message,A status message is,"['<|endoftext|>', 'A', ' status', ' message', ' is']",2,3,accessibility,pythia-1b
status_message,0,4,0.0156,status,message,A status message is,"['<|endoftext|>', 'A', ' status', ' message', ' is']",2,3,accessibility,pythia-1b
status_message,0,5,0.3264,status,message,A status message is,"['<|endoftext|>', 'A', ' status', ' message', ' is']",2,3,accessibility,pythia-1b
status_message,0,6,0.0319,status,message,A status message is,"['<|endoftext|>', 'A', ' status', ' message', ' is']",2,3,accessibility,pythia-1b
status_message,0,7,0.0241,status,message,A status message is,"['<|endoftext|>', 'A', ' status', ' message', ' is']",2,3,accessibility,pythia-1b
status_message,1,0,0.7182,status,message,A status message is,"['<|endoftext|>', 'A', ' status', ' message', ' is']",2,3,accessibility,pythia-1b
status_message,1,1,0.0527,status,message,A status message is,"['<|endoftext|>', 'A', ' status', ' message', ' is']",2,3,accessibility,pythia-1b
status_message,1,2,0.6158,status,message,A status message is,"['<|endoftext|>', 'A', ' status', ' message', ' is']",2,3,accessibility,pythia-1b
status_message,1,3,0.6218,status,message,A status message is,"['<|endoftext|>', 'A', ' status', ' message', ' is']",2,3,accessibility,pythia-1b
status_message,1,4,0.8899,status,message,A status message is,"['<|endoftext|>', 'A', ' status', ' message', ' is']",2,3,accessibility,pythia-1b
status_message,1,5,0.3502,status,message,A status message is,"['<|endoftext|>', 'A', ' status', ' message', ' is']",2,3,accessibility,pythia-1b
status_message,1,6,0.3016,status,message,A status message is,"['<|endoftext|>', 'A', ' status', ' message', ' is']",2,3,accessibility,pythia-1b
status_message,1,7,0.0055,status,message,A status message is,"['<|endoftext|>', 'A', ' status', ' message', ' is']",2,3,accessibility,pythia-1b
status_message,2,0,0.9095,status,message,A status message is,"['<|endoftext|>', 'A', ' status', ' message', ' is']",2,3,accessibility,pythia-1b
status_message,2,1,0.2902,status,message,A status message is,"['<|endoftext|>', 'A', ' status', ' message', ' is']",2,3,accessibility,pythia-1b
status_message,2,2,0.589,status,message,A status message is,"['<|endoftext|>', 'A', ' status', ' message', ' is']",2,3,accessibility,pythia-1b
status_message,2,3,0.2224,status,message,A status message is,"['<|endoftext|>', 'A', ' status', ' message', ' is']",2,3,accessibility,pythia-1b
status_message,2,4,0.2184,status,message,A status message is,"['<|endoftext|>', 'A', ' status', ' message', ' is']",2,3,accessibility,pythia-1b
status_message,2,5,0.0879,status,message,A status message is,"['<|endoftext|>', 'A', ' status', ' message', ' is']",2,3,accessibility,pythia-1b
status_message,2,6,0.3303,status,message,A status message is,"['<|endoftext|>', 'A', ' status', ' message', ' is']",2,3,accessibility,pythia-1b
status_message,2,7,0.1384,status,message,A status message is,"['<|endoftext|>', 'A', ' status', ' message', ' is']",2,3,accessibility,pythia-1b
status_message,3,0,0.133,status,message,A status message is,"['<|endoftext|>', 'A', ' status', ' message', ' is']",2,3,accessibility,pythia-1b
status_message,3,1,0.0281,status,message,A status message is,"['<|endoftext|>', 'A', ' status', ' message', ' is']",2,3,accessibility,pythia-1b
status_message,3,2,0.1323,status,message,A status message is,"['<|endoftext|>', 'A', ' status', ' message', ' is']",2,3,accessibility,pythia-1b
status_message,3,3,0.2232,status,message,A status message is,"['<|endoftext|>', 'A', ' status', ' message', ' is']",2,3,accessibility,pythia-1b
status_message,3,4,0.0268,status,message,A status message is,"['<|endoftext|>', 'A', ' status', ' message', ' is']",2,3,accessibility,pythia-1b
status_message,3,5,0.8384,status,message,A status message is,"['<|endoftext|>', 'A', ' status', ' message', ' is']",2,3,accessibility,pythia-1b
status_message,3,6,0.5884,status,message,A status message is,"['<|endoftext|>', 'A', ' status', ' message', ' is']",2,3,accessibility,pythia-1b
status_message,3,7,0.0495,status,message,A status message is,"['<|endoftext|>', 'A', ' status', ' message', ' is']",2,3,accessibility,pythia-1b
status_message,4,0,0.0035,status,message,A status message is,"['<|endoftext|>', 'A', ' status', ' message', ' is']",2,3,accessibility,pythia-1b
status_message,4,1,0.0235,status,message,A status message is,"['<|endoftext|>', 'A', ' status', ' message', ' is']",2,3,accessibility,pythia-1b
status_message,4,2,0.0138,status,message,A status message is,"['<|endoftext|>', 'A', ' status', ' message', ' is']",2,3,accessibility,pythia-1b
status_message,4,3,0.0005,status,message,A status message is,"['<|endoftext|>', 'A', ' status', ' message', ' is']",2,3,accessibility,pythia-1b
status_message,4,4,0.0,status,message,A status message is,"['<|endoftext|>', 'A', ' status', ' message', ' is']",2,3,accessibility,pythia-1b
status_message,4,5,0.0017,status,message,A status message is,"['<|endoftext|>', 'A', ' status', ' message', ' is']",2,3,accessibility,pythia-1b
status_message,4,6,0.1244,status,message,A status message is,"['<|endoftext|>', 'A', ' status', ' message', ' is']",2,3,accessibility,pythia-1b
status_message,4,7,0.0055,status,message,A status message is,"['<|endoftext|>', 'A', ' status', ' message', ' is']",2,3,accessibility,pythia-1b
status_message,5,0,0.0115,status,message,A status message is,"['<|endoftext|>', 'A', ' status', ' message', ' is']",2,3,accessibility,pythia-1b
status_message,5,1,0.0,status,message,A status message is,"['<|endoftext|>', 'A', ' status', ' message', ' is']",2,3,accessibility,pythia-1b
status_message,5,2,0.0125,status,message,A status message is,"['<|endoftext|>', 'A', ' status', ' message', ' is']",2,3,accessibility,pythia-1b
status_message,5,3,0.0728,status,message,A status message is,"['<|endoftext|>', 'A', ' status', ' message', ' is']",2,3,accessibility,pythia-1b
status_message,5,4,0.0041,status,message,A status message is,"['<|endoftext|>', 'A', ' status', ' message', ' is']",2,3,accessibility,pythia-1b
status_message,5,5,0.143,status,message,A status message is,"['<|endoftext|>', 'A', ' status', ' message', ' is']",2,3,accessibility,pythia-1b
status_message,5,6,0.0009,status,message,A status message is,"['<|endoftext|>', 'A', ' status', ' message', ' is']",2,3,accessibility,pythia-1b
status_message,5,7,0.0002,status,message,A status message is,"['<|endoftext|>', 'A', ' status', ' message', ' is']",2,3,accessibility,pythia-1b
status_message,6,0,0.0273,status,message,A status message is,"['<|endoftext|>', 'A', ' status', ' message', ' is']",2,3,accessibility,pythia-1b
status_message,6,1,0.0021,status,message,A status message is,"['<|endoftext|>', 'A', ' status', ' message', ' is']",2,3,accessibility,pythia-1b
status_message,6,2,0.0065,status,message,A status message is,"['<|endoftext|>', 'A', ' status', ' message', ' is']",2,3,accessibility,pythia-1b
status_message,6,3,0.6208,status,message,A status message is,"['<|endoftext|>', 'A', ' status', ' message', ' is']",2,3,accessibility,pythia-1b
status_message,6,4,0.035,status,message,A status message is,"['<|endoftext|>', 'A', ' status', ' message', ' is']",2,3,accessibility,pythia-1b
status_message,6,5,0.0578,status,message,A status message is,"['<|endoftext|>', 'A', ' status', ' message', ' is']",2,3,accessibility,pythia-1b
status_message,6,6,0.0053,status,message,A status message is,"['<|endoftext|>', 'A', ' status', ' message', ' is']",2,3,accessibility,pythia-1b
status_message,6,7,0.0028,status,message,A status message is,"['<|endoftext|>', 'A', ' status', ' message', ' is']",2,3,accessibility,pythia-1b
status_message,7,0,0.0002,status,message,A status message is,"['<|endoftext|>', 'A', ' status', ' message', ' is']",2,3,accessibility,pythia-1b
status_message,7,1,0.0001,status,message,A status message is,"['<|endoftext|>', 'A', ' status', ' message', ' is']",2,3,accessibility,pythia-1b
status_message,7,2,0.0009,status,message,A status message is,"['<|endoftext|>', 'A', ' status', ' message', ' is']",2,3,accessibility,pythia-1b
status_message,7,3,0.013,status,message,A status message is,"['<|endoftext|>', 'A', ' status', ' message', ' is']",2,3,accessibility,pythia-1b
status_message,7,4,0.0592,status,message,A status message is,"['<|endoftext|>', 'A', ' status', ' message', ' is']",2,3,accessibility,pythia-1b
status_message,7,5,0.0412,status,message,A status message is,"['<|endoftext|>', 'A', ' status', ' message', ' is']",2,3,accessibility,pythia-1b
status_message,7,6,0.0949,status,message,A status message is,"['<|endoftext|>', 'A', ' status', ' message', ' is']",2,3,accessibility,pythia-1b
status_message,7,7,0.0244,status,message,A status message is,"['<|endoftext|>', 'A', ' status', ' message', ' is']",2,3,accessibility,pythia-1b
status_message,8,0,0.0016,status,message,A status message is,"['<|endoftext|>', 'A', ' status', ' message', ' is']",2,3,accessibility,pythia-1b
status_message,8,1,0.0147,status,message,A status message is,"['<|endoftext|>', 'A', ' status', ' message', ' is']",2,3,accessibility,pythia-1b
status_message,8,2,0.0229,status,message,A status message is,"['<|endoftext|>', 'A', ' status', ' message', ' is']",2,3,accessibility,pythia-1b
status_message,8,3,0.2569,status,message,A status message is,"['<|endoftext|>', 'A', ' status', ' message', ' is']",2,3,accessibility,pythia-1b
status_message,8,4,0.0049,status,message,A status message is,"['<|endoftext|>', 'A', ' status', ' message', ' is']",2,3,accessibility,pythia-1b
status_message,8,5,0.0021,status,message,A status message is,"['<|endoftext|>', 'A', ' status', ' message', ' is']",2,3,accessibility,pythia-1b
status_message,8,6,0.0032,status,message,A status message is,"['<|endoftext|>', 'A', ' status', ' message', ' is']",2,3,accessibility,pythia-1b
status_message,8,7,0.0666,status,message,A status message is,"['<|endoftext|>', 'A', ' status', ' message', ' is']",2,3,accessibility,pythia-1b
status_message,9,0,0.0416,status,message,A status message is,"['<|endoftext|>', 'A', ' status', ' message', ' is']",2,3,accessibility,pythia-1b
status_message,9,1,0.003,status,message,A status message is,"['<|endoftext|>', 'A', ' status', ' message', ' is']",2,3,accessibility,pythia-1b
status_message,9,2,0.1047,status,message,A status message is,"['<|endoftext|>', 'A', ' status', ' message', ' is']",2,3,accessibility,pythia-1b
status_message,9,3,0.1031,status,message,A status message is,"['<|endoftext|>', 'A', ' status', ' message', ' is']",2,3,accessibility,pythia-1b
status_message,9,4,0.0015,status,message,A status message is,"['<|endoftext|>', 'A', ' status', ' message', ' is']",2,3,accessibility,pythia-1b
status_message,9,5,0.0034,status,message,A status message is,"['<|endoftext|>', 'A', ' status', ' message', ' is']",2,3,accessibility,pythia-1b
status_message,9,6,0.2607,status,message,A status message is,"['<|endoftext|>', 'A', ' status', ' message', ' is']",2,3,accessibility,pythia-1b
status_message,9,7,0.1124,status,message,A status message is,"['<|endoftext|>', 'A', ' status', ' message', ' is']",2,3,accessibility,pythia-1b
status_message,10,0,0.0012,status,message,A status message is,"['<|endoftext|>', 'A', ' status', ' message', ' is']",2,3,accessibility,pythia-1b
status_message,10,1,0.1167,status,message,A status message is,"['<|endoftext|>', 'A', ' status', ' message', ' is']",2,3,accessibility,pythia-1b
status_message,10,2,0.0111,status,message,A status message is,"['<|endoftext|>', 'A', ' status', ' message', ' is']",2,3,accessibility,pythia-1b
status_message,10,3,0.0568,status,message,A status message is,"['<|endoftext|>', 'A', ' status', ' message', ' is']",2,3,accessibility,pythia-1b
status_message,10,4,0.0191,status,message,A status message is,"['<|endoftext|>', 'A', ' status', ' message', ' is']",2,3,accessibility,pythia-1b
status_message,10,5,0.0009,status,message,A status message is,"['<|endoftext|>', 'A', ' status', ' message', ' is']",2,3,accessibility,pythia-1b
status_message,10,6,0.0001,status,message,A status message is,"['<|endoftext|>', 'A', ' status', ' message', ' is']",2,3,accessibility,pythia-1b
status_message,10,7,0.0171,status,message,A status message is,"['<|endoftext|>', 'A', ' status', ' message', ' is']",2,3,accessibility,pythia-1b
status_message,11,0,0.0568,status,message,A status message is,"['<|endoftext|>', 'A', ' status', ' message', ' is']",2,3,accessibility,pythia-1b
status_message,11,1,0.0169,status,message,A status message is,"['<|endoftext|>', 'A', ' status', ' message', ' is']",2,3,accessibility,pythia-1b
status_message,11,2,0.0271,status,message,A status message is,"['<|endoftext|>', 'A', ' status', ' message', ' is']",2,3,accessibility,pythia-1b
status_message,11,3,0.012,status,message,A status message is,"['<|endoftext|>', 'A', ' status', ' message', ' is']",2,3,accessibility,pythia-1b
status_message,11,4,0.1683,status,message,A status message is,"['<|endoftext|>', 'A', ' status', ' message', ' is']",2,3,accessibility,pythia-1b
status_message,11,5,0.0094,status,message,A status message is,"['<|endoftext|>', 'A', ' status', ' message', ' is']",2,3,accessibility,pythia-1b
status_message,11,6,0.0002,status,message,A status message is,"['<|endoftext|>', 'A', ' status', ' message', ' is']",2,3,accessibility,pythia-1b
status_message,11,7,0.0047,status,message,A status message is,"['<|endoftext|>', 'A', ' status', ' message', ' is']",2,3,accessibility,pythia-1b
status_message,12,0,0.0044,status,message,A status message is,"['<|endoftext|>', 'A', ' status', ' message', ' is']",2,3,accessibility,pythia-1b
status_message,12,1,0.0431,status,message,A status message is,"['<|endoftext|>', 'A', ' status', ' message', ' is']",2,3,accessibility,pythia-1b
status_message,12,2,0.0137,status,message,A status message is,"['<|endoftext|>', 'A', ' status', ' message', ' is']",2,3,accessibility,pythia-1b
status_message,12,3,0.0045,status,message,A status message is,"['<|endoftext|>', 'A', ' status', ' message', ' is']",2,3,accessibility,pythia-1b
status_message,12,4,0.0234,status,message,A status message is,"['<|endoftext|>', 'A', ' status', ' message', ' is']",2,3,accessibility,pythia-1b
status_message,12,5,0.0543,status,message,A status message is,"['<|endoftext|>', 'A', ' status', ' message', ' is']",2,3,accessibility,pythia-1b
status_message,12,6,0.0013,status,message,A status message is,"['<|endoftext|>', 'A', ' status', ' message', ' is']",2,3,accessibility,pythia-1b
status_message,12,7,0.0125,status,message,A status message is,"['<|endoftext|>', 'A', ' status', ' message', ' is']",2,3,accessibility,pythia-1b
status_message,13,0,0.1333,status,message,A status message is,"['<|endoftext|>', 'A', ' status', ' message', ' is']",2,3,accessibility,pythia-1b
status_message,13,1,0.0052,status,message,A status message is,"['<|endoftext|>', 'A', ' status', ' message', ' is']",2,3,accessibility,pythia-1b
status_message,13,2,0.001,status,message,A status message is,"['<|endoftext|>', 'A', ' status', ' message', ' is']",2,3,accessibility,pythia-1b
status_message,13,3,0.0241,status,message,A status message is,"['<|endoftext|>', 'A', ' status', ' message', ' is']",2,3,accessibility,pythia-1b
status_message,13,4,0.2969,status,message,A status message is,"['<|endoftext|>', 'A', ' status', ' message', ' is']",2,3,accessibility,pythia-1b
status_message,13,5,0.0098,status,message,A status message is,"['<|endoftext|>', 'A', ' status', ' message', ' is']",2,3,accessibility,pythia-1b
status_message,13,6,0.0052,status,message,A status message is,"['<|endoftext|>', 'A', ' status', ' message', ' is']",2,3,accessibility,pythia-1b
status_message,13,7,0.0528,status,message,A status message is,"['<|endoftext|>', 'A', ' status', ' message', ' is']",2,3,accessibility,pythia-1b
status_message,14,0,0.0799,status,message,A status message is,"['<|endoftext|>', 'A', ' status', ' message', ' is']",2,3,accessibility,pythia-1b
status_message,14,1,0.0618,status,message,A status message is,"['<|endoftext|>', 'A', ' status', ' message', ' is']",2,3,accessibility,pythia-1b
status_message,14,2,0.0977,status,message,A status message is,"['<|endoftext|>', 'A', ' status', ' message', ' is']",2,3,accessibility,pythia-1b
status_message,14,3,0.1702,status,message,A status message is,"['<|endoftext|>', 'A', ' status', ' message', ' is']",2,3,accessibility,pythia-1b
status_message,14,4,0.0078,status,message,A status message is,"['<|endoftext|>', 'A', ' status', ' message', ' is']",2,3,accessibility,pythia-1b
status_message,14,5,0.0362,status,message,A status message is,"['<|endoftext|>', 'A', ' status', ' message', ' is']",2,3,accessibility,pythia-1b
status_message,14,6,0.0045,status,message,A status message is,"['<|endoftext|>', 'A', ' status', ' message', ' is']",2,3,accessibility,pythia-1b
status_message,14,7,0.0118,status,message,A status message is,"['<|endoftext|>', 'A', ' status', ' message', ' is']",2,3,accessibility,pythia-1b
status_message,15,0,0.1182,status,message,A status message is,"['<|endoftext|>', 'A', ' status', ' message', ' is']",2,3,accessibility,pythia-1b
status_message,15,1,0.0174,status,message,A status message is,"['<|endoftext|>', 'A', ' status', ' message', ' is']",2,3,accessibility,pythia-1b
status_message,15,2,0.1048,status,message,A status message is,"['<|endoftext|>', 'A', ' status', ' message', ' is']",2,3,accessibility,pythia-1b
status_message,15,3,0.038,status,message,A status message is,"['<|endoftext|>', 'A', ' status', ' message', ' is']",2,3,accessibility,pythia-1b
status_message,15,4,0.0331,status,message,A status message is,"['<|endoftext|>', 'A', ' status', ' message', ' is']",2,3,accessibility,pythia-1b
status_message,15,5,0.1085,status,message,A status message is,"['<|endoftext|>', 'A', ' status', ' message', ' is']",2,3,accessibility,pythia-1b
status_message,15,6,0.005,status,message,A status message is,"['<|endoftext|>', 'A', ' status', ' message', ' is']",2,3,accessibility,pythia-1b
status_message,15,7,0.0769,status,message,A status message is,"['<|endoftext|>', 'A', ' status', ' message', ' is']",2,3,accessibility,pythia-1b
error_identification,0,0,0.2052,error,identification,Error identification is,"['<|endoftext|>', 'Error', ' identification', ' is']",1,2,accessibility,pythia-1b
error_identification,0,1,0.0898,error,identification,Error identification is,"['<|endoftext|>', 'Error', ' identification', ' is']",1,2,accessibility,pythia-1b
error_identification,0,2,0.0,error,identification,Error identification is,"['<|endoftext|>', 'Error', ' identification', ' is']",1,2,accessibility,pythia-1b
error_identification,0,3,0.1852,error,identification,Error identification is,"['<|endoftext|>', 'Error', ' identification', ' is']",1,2,accessibility,pythia-1b
error_identification,0,4,0.0298,error,identification,Error identification is,"['<|endoftext|>', 'Error', ' identification', ' is']",1,2,accessibility,pythia-1b
error_identification,0,5,0.2313,error,identification,Error identification is,"['<|endoftext|>', 'Error', ' identification', ' is']",1,2,accessibility,pythia-1b
error_identification,0,6,0.1249,error,identification,Error identification is,"['<|endoftext|>', 'Error', ' identification', ' is']",1,2,accessibility,pythia-1b
error_identification,0,7,0.0955,error,identification,Error identification is,"['<|endoftext|>', 'Error', ' identification', ' is']",1,2,accessibility,pythia-1b
error_identification,1,0,0.7687,error,identification,Error identification is,"['<|endoftext|>', 'Error', ' identification', ' is']",1,2,accessibility,pythia-1b
error_identification,1,1,0.1833,error,identification,Error identification is,"['<|endoftext|>', 'Error', ' identification', ' is']",1,2,accessibility,pythia-1b
error_identification,1,2,0.0509,error,identification,Error identification is,"['<|endoftext|>', 'Error', ' identification', ' is']",1,2,accessibility,pythia-1b
error_identification,1,3,0.6379,error,identification,Error identification is,"['<|endoftext|>', 'Error', ' identification', ' is']",1,2,accessibility,pythia-1b
error_identification,1,4,0.4868,error,identification,Error identification is,"['<|endoftext|>', 'Error', ' identification', ' is']",1,2,accessibility,pythia-1b
error_identification,1,5,0.4947,error,identification,Error identification is,"['<|endoftext|>', 'Error', ' identification', ' is']",1,2,accessibility,pythia-1b
error_identification,1,6,0.4189,error,identification,Error identification is,"['<|endoftext|>', 'Error', ' identification', ' is']",1,2,accessibility,pythia-1b
error_identification,1,7,0.0013,error,identification,Error identification is,"['<|endoftext|>', 'Error', ' identification', ' is']",1,2,accessibility,pythia-1b
error_identification,2,0,0.8357,error,identification,Error identification is,"['<|endoftext|>', 'Error', ' identification', ' is']",1,2,accessibility,pythia-1b
error_identification,2,1,0.7403,error,identification,Error identification is,"['<|endoftext|>', 'Error', ' identification', ' is']",1,2,accessibility,pythia-1b
error_identification,2,2,0.8505,error,identification,Error identification is,"['<|endoftext|>', 'Error', ' identification', ' is']",1,2,accessibility,pythia-1b
error_identification,2,3,0.5971,error,identification,Error identification is,"['<|endoftext|>', 'Error', ' identification', ' is']",1,2,accessibility,pythia-1b
error_identification,2,4,0.5611,error,identification,Error identification is,"['<|endoftext|>', 'Error', ' identification', ' is']",1,2,accessibility,pythia-1b
error_identification,2,5,0.3677,error,identification,Error identification is,"['<|endoftext|>', 'Error', ' identification', ' is']",1,2,accessibility,pythia-1b
error_identification,2,6,0.8147,error,identification,Error identification is,"['<|endoftext|>', 'Error', ' identification', ' is']",1,2,accessibility,pythia-1b
error_identification,2,7,0.1046,error,identification,Error identification is,"['<|endoftext|>', 'Error', ' identification', ' is']",1,2,accessibility,pythia-1b
error_identification,3,0,0.2694,error,identification,Error identification is,"['<|endoftext|>', 'Error', ' identification', ' is']",1,2,accessibility,pythia-1b
error_identification,3,1,0.2877,error,identification,Error identification is,"['<|endoftext|>', 'Error', ' identification', ' is']",1,2,accessibility,pythia-1b
error_identification,3,2,0.2328,error,identification,Error identification is,"['<|endoftext|>', 'Error', ' identification', ' is']",1,2,accessibility,pythia-1b
error_identification,3,3,0.1275,error,identification,Error identification is,"['<|endoftext|>', 'Error', ' identification', ' is']",1,2,accessibility,pythia-1b
error_identification,3,4,0.0412,error,identification,Error identification is,"['<|endoftext|>', 'Error', ' identification', ' is']",1,2,accessibility,pythia-1b
error_identification,3,5,1.0,error,identification,Error identification is,"['<|endoftext|>', 'Error', ' identification', ' is']",1,2,accessibility,pythia-1b
error_identification,3,6,0.9548,error,identification,Error identification is,"['<|endoftext|>', 'Error', ' identification', ' is']",1,2,accessibility,pythia-1b
error_identification,3,7,0.4129,error,identification,Error identification is,"['<|endoftext|>', 'Error', ' identification', ' is']",1,2,accessibility,pythia-1b
error_identification,4,0,0.5345,error,identification,Error identification is,"['<|endoftext|>', 'Error', ' identification', ' is']",1,2,accessibility,pythia-1b
error_identification,4,1,0.0397,error,identification,Error identification is,"['<|endoftext|>', 'Error', ' identification', ' is']",1,2,accessibility,pythia-1b
error_identification,4,2,0.0388,error,identification,Error identification is,"['<|endoftext|>', 'Error', ' identification', ' is']",1,2,accessibility,pythia-1b
error_identification,4,3,0.1096,error,identification,Error identification is,"['<|endoftext|>', 'Error', ' identification', ' is']",1,2,accessibility,pythia-1b
error_identification,4,4,0.0013,error,identification,Error identification is,"['<|endoftext|>', 'Error', ' identification', ' is']",1,2,accessibility,pythia-1b
error_identification,4,5,0.0013,error,identification,Error identification is,"['<|endoftext|>', 'Error', ' identification', ' is']",1,2,accessibility,pythia-1b
error_identification,4,6,0.0601,error,identification,Error identification is,"['<|endoftext|>', 'Error', ' identification', ' is']",1,2,accessibility,pythia-1b
error_identification,4,7,0.1245,error,identification,Error identification is,"['<|endoftext|>', 'Error', ' identification', ' is']",1,2,accessibility,pythia-1b
error_identification,5,0,0.0734,error,identification,Error identification is,"['<|endoftext|>', 'Error', ' identification', ' is']",1,2,accessibility,pythia-1b
error_identification,5,1,0.0,error,identification,Error identification is,"['<|endoftext|>', 'Error', ' identification', ' is']",1,2,accessibility,pythia-1b
error_identification,5,2,0.0203,error,identification,Error identification is,"['<|endoftext|>', 'Error', ' identification', ' is']",1,2,accessibility,pythia-1b
error_identification,5,3,0.1247,error,identification,Error identification is,"['<|endoftext|>', 'Error', ' identification', ' is']",1,2,accessibility,pythia-1b
error_identification,5,4,0.0232,error,identification,Error identification is,"['<|endoftext|>', 'Error', ' identification', ' is']",1,2,accessibility,pythia-1b
error_identification,5,5,0.6123,error,identification,Error identification is,"['<|endoftext|>', 'Error', ' identification', ' is']",1,2,accessibility,pythia-1b
error_identification,5,6,0.0021,error,identification,Error identification is,"['<|endoftext|>', 'Error', ' identification', ' is']",1,2,accessibility,pythia-1b
error_identification,5,7,0.0008,error,identification,Error identification is,"['<|endoftext|>', 'Error', ' identification', ' is']",1,2,accessibility,pythia-1b
error_identification,6,0,0.0224,error,identification,Error identification is,"['<|endoftext|>', 'Error', ' identification', ' is']",1,2,accessibility,pythia-1b
error_identification,6,1,0.0122,error,identification,Error identification is,"['<|endoftext|>', 'Error', ' identification', ' is']",1,2,accessibility,pythia-1b
error_identification,6,2,0.0069,error,identification,Error identification is,"['<|endoftext|>', 'Error', ' identification', ' is']",1,2,accessibility,pythia-1b
error_identification,6,3,0.9607,error,identification,Error identification is,"['<|endoftext|>', 'Error', ' identification', ' is']",1,2,accessibility,pythia-1b
error_identification,6,4,0.254,error,identification,Error identification is,"['<|endoftext|>', 'Error', ' identification', ' is']",1,2,accessibility,pythia-1b
error_identification,6,5,0.1847,error,identification,Error identification is,"['<|endoftext|>', 'Error', ' identification', ' is']",1,2,accessibility,pythia-1b
error_identification,6,6,0.0105,error,identification,Error identification is,"['<|endoftext|>', 'Error', ' identification', ' is']",1,2,accessibility,pythia-1b
error_identification,6,7,0.0004,error,identification,Error identification is,"['<|endoftext|>', 'Error', ' identification', ' is']",1,2,accessibility,pythia-1b
error_identification,7,0,0.0035,error,identification,Error identification is,"['<|endoftext|>', 'Error', ' identification', ' is']",1,2,accessibility,pythia-1b
error_identification,7,1,0.0001,error,identification,Error identification is,"['<|endoftext|>', 'Error', ' identification', ' is']",1,2,accessibility,pythia-1b
error_identification,7,2,0.0068,error,identification,Error identification is,"['<|endoftext|>', 'Error', ' identification', ' is']",1,2,accessibility,pythia-1b
error_identification,7,3,0.0681,error,identification,Error identification is,"['<|endoftext|>', 'Error', ' identification', ' is']",1,2,accessibility,pythia-1b
error_identification,7,4,0.0725,error,identification,Error identification is,"['<|endoftext|>', 'Error', ' identification', ' is']",1,2,accessibility,pythia-1b
error_identification,7,5,0.0225,error,identification,Error identification is,"['<|endoftext|>', 'Error', ' identification', ' is']",1,2,accessibility,pythia-1b
error_identification,7,6,0.1955,error,identification,Error identification is,"['<|endoftext|>', 'Error', ' identification', ' is']",1,2,accessibility,pythia-1b
error_identification,7,7,0.0456,error,identification,Error identification is,"['<|endoftext|>', 'Error', ' identification', ' is']",1,2,accessibility,pythia-1b
error_identification,8,0,0.0082,error,identification,Error identification is,"['<|endoftext|>', 'Error', ' identification', ' is']",1,2,accessibility,pythia-1b
error_identification,8,1,0.0702,error,identification,Error identification is,"['<|endoftext|>', 'Error', ' identification', ' is']",1,2,accessibility,pythia-1b
error_identification,8,2,0.0088,error,identification,Error identification is,"['<|endoftext|>', 'Error', ' identification', ' is']",1,2,accessibility,pythia-1b
error_identification,8,3,0.1414,error,identification,Error identification is,"['<|endoftext|>', 'Error', ' identification', ' is']",1,2,accessibility,pythia-1b
error_identification,8,4,0.0471,error,identification,Error identification is,"['<|endoftext|>', 'Error', ' identification', ' is']",1,2,accessibility,pythia-1b
error_identification,8,5,0.021,error,identification,Error identification is,"['<|endoftext|>', 'Error', ' identification', ' is']",1,2,accessibility,pythia-1b
error_identification,8,6,0.0205,error,identification,Error identification is,"['<|endoftext|>', 'Error', ' identification', ' is']",1,2,accessibility,pythia-1b
error_identification,8,7,0.1132,error,identification,Error identification is,"['<|endoftext|>', 'Error', ' identification', ' is']",1,2,accessibility,pythia-1b
error_identification,9,0,0.0344,error,identification,Error identification is,"['<|endoftext|>', 'Error', ' identification', ' is']",1,2,accessibility,pythia-1b
error_identification,9,1,0.011,error,identification,Error identification is,"['<|endoftext|>', 'Error', ' identification', ' is']",1,2,accessibility,pythia-1b
error_identification,9,2,0.2299,error,identification,Error identification is,"['<|endoftext|>', 'Error', ' identification', ' is']",1,2,accessibility,pythia-1b
error_identification,9,3,0.0888,error,identification,Error identification is,"['<|endoftext|>', 'Error', ' identification', ' is']",1,2,accessibility,pythia-1b
error_identification,9,4,0.0055,error,identification,Error identification is,"['<|endoftext|>', 'Error', ' identification', ' is']",1,2,accessibility,pythia-1b
error_identification,9,5,0.0141,error,identification,Error identification is,"['<|endoftext|>', 'Error', ' identification', ' is']",1,2,accessibility,pythia-1b
error_identification,9,6,0.7203,error,identification,Error identification is,"['<|endoftext|>', 'Error', ' identification', ' is']",1,2,accessibility,pythia-1b
error_identification,9,7,0.2027,error,identification,Error identification is,"['<|endoftext|>', 'Error', ' identification', ' is']",1,2,accessibility,pythia-1b
error_identification,10,0,0.0058,error,identification,Error identification is,"['<|endoftext|>', 'Error', ' identification', ' is']",1,2,accessibility,pythia-1b
error_identification,10,1,0.1535,error,identification,Error identification is,"['<|endoftext|>', 'Error', ' identification', ' is']",1,2,accessibility,pythia-1b
error_identification,10,2,0.0061,error,identification,Error identification is,"['<|endoftext|>', 'Error', ' identification', ' is']",1,2,accessibility,pythia-1b
error_identification,10,3,0.1469,error,identification,Error identification is,"['<|endoftext|>', 'Error', ' identification', ' is']",1,2,accessibility,pythia-1b
error_identification,10,4,0.0298,error,identification,Error identification is,"['<|endoftext|>', 'Error', ' identification', ' is']",1,2,accessibility,pythia-1b
error_identification,10,5,0.0033,error,identification,Error identification is,"['<|endoftext|>', 'Error', ' identification', ' is']",1,2,accessibility,pythia-1b
error_identification,10,6,0.0004,error,identification,Error identification is,"['<|endoftext|>', 'Error', ' identification', ' is']",1,2,accessibility,pythia-1b
error_identification,10,7,0.0265,error,identification,Error identification is,"['<|endoftext|>', 'Error', ' identification', ' is']",1,2,accessibility,pythia-1b
error_identification,11,0,0.0589,error,identification,Error identification is,"['<|endoftext|>', 'Error', ' identification', ' is']",1,2,accessibility,pythia-1b
error_identification,11,1,0.0446,error,identification,Error identification is,"['<|endoftext|>', 'Error', ' identification', ' is']",1,2,accessibility,pythia-1b
error_identification,11,2,0.0089,error,identification,Error identification is,"['<|endoftext|>', 'Error', ' identification', ' is']",1,2,accessibility,pythia-1b
error_identification,11,3,0.0097,error,identification,Error identification is,"['<|endoftext|>', 'Error', ' identification', ' is']",1,2,accessibility,pythia-1b
error_identification,11,4,0.0849,error,identification,Error identification is,"['<|endoftext|>', 'Error', ' identification', ' is']",1,2,accessibility,pythia-1b
error_identification,11,5,0.0024,error,identification,Error identification is,"['<|endoftext|>', 'Error', ' identification', ' is']",1,2,accessibility,pythia-1b
error_identification,11,6,0.0029,error,identification,Error identification is,"['<|endoftext|>', 'Error', ' identification', ' is']",1,2,accessibility,pythia-1b
error_identification,11,7,0.0041,error,identification,Error identification is,"['<|endoftext|>', 'Error', ' identification', ' is']",1,2,accessibility,pythia-1b
error_identification,12,0,0.0062,error,identification,Error identification is,"['<|endoftext|>', 'Error', ' identification', ' is']",1,2,accessibility,pythia-1b
error_identification,12,1,0.0231,error,identification,Error identification is,"['<|endoftext|>', 'Error', ' identification', ' is']",1,2,accessibility,pythia-1b
error_identification,12,2,0.0113,error,identification,Error identification is,"['<|endoftext|>', 'Error', ' identification', ' is']",1,2,accessibility,pythia-1b
error_identification,12,3,0.0026,error,identification,Error identification is,"['<|endoftext|>', 'Error', ' identification', ' is']",1,2,accessibility,pythia-1b
error_identification,12,4,0.0043,error,identification,Error identification is,"['<|endoftext|>', 'Error', ' identification', ' is']",1,2,accessibility,pythia-1b
error_identification,12,5,0.0549,error,identification,Error identification is,"['<|endoftext|>', 'Error', ' identification', ' is']",1,2,accessibility,pythia-1b
error_identification,12,6,0.0068,error,identification,Error identification is,"['<|endoftext|>', 'Error', ' identification', ' is']",1,2,accessibility,pythia-1b
error_identification,12,7,0.0287,error,identification,Error identification is,"['<|endoftext|>', 'Error', ' identification', ' is']",1,2,accessibility,pythia-1b
error_identification,13,0,0.1111,error,identification,Error identification is,"['<|endoftext|>', 'Error', ' identification', ' is']",1,2,accessibility,pythia-1b
error_identification,13,1,0.0452,error,identification,Error identification is,"['<|endoftext|>', 'Error', ' identification', ' is']",1,2,accessibility,pythia-1b
error_identification,13,2,0.0034,error,identification,Error identification is,"['<|endoftext|>', 'Error', ' identification', ' is']",1,2,accessibility,pythia-1b
error_identification,13,3,0.0135,error,identification,Error identification is,"['<|endoftext|>', 'Error', ' identification', ' is']",1,2,accessibility,pythia-1b
error_identification,13,4,0.657,error,identification,Error identification is,"['<|endoftext|>', 'Error', ' identification', ' is']",1,2,accessibility,pythia-1b
error_identification,13,5,0.0591,error,identification,Error identification is,"['<|endoftext|>', 'Error', ' identification', ' is']",1,2,accessibility,pythia-1b
error_identification,13,6,0.004,error,identification,Error identification is,"['<|endoftext|>', 'Error', ' identification', ' is']",1,2,accessibility,pythia-1b
error_identification,13,7,0.0308,error,identification,Error identification is,"['<|endoftext|>', 'Error', ' identification', ' is']",1,2,accessibility,pythia-1b
error_identification,14,0,0.0372,error,identification,Error identification is,"['<|endoftext|>', 'Error', ' identification', ' is']",1,2,accessibility,pythia-1b
error_identification,14,1,0.0463,error,identification,Error identification is,"['<|endoftext|>', 'Error', ' identification', ' is']",1,2,accessibility,pythia-1b
error_identification,14,2,0.268,error,identification,Error identification is,"['<|endoftext|>', 'Error', ' identification', ' is']",1,2,accessibility,pythia-1b
error_identification,14,3,0.2767,error,identification,Error identification is,"['<|endoftext|>', 'Error', ' identification', ' is']",1,2,accessibility,pythia-1b
error_identification,14,4,0.0311,error,identification,Error identification is,"['<|endoftext|>', 'Error', ' identification', ' is']",1,2,accessibility,pythia-1b
error_identification,14,5,0.0344,error,identification,Error identification is,"['<|endoftext|>', 'Error', ' identification', ' is']",1,2,accessibility,pythia-1b
error_identification,14,6,0.0033,error,identification,Error identification is,"['<|endoftext|>', 'Error', ' identification', ' is']",1,2,accessibility,pythia-1b
error_identification,14,7,0.0223,error,identification,Error identification is,"['<|endoftext|>', 'Error', ' identification', ' is']",1,2,accessibility,pythia-1b
error_identification,15,0,0.1119,error,identification,Error identification is,"['<|endoftext|>', 'Error', ' identification', ' is']",1,2,accessibility,pythia-1b
error_identification,15,1,0.0139,error,identification,Error identification is,"['<|endoftext|>', 'Error', ' identification', ' is']",1,2,accessibility,pythia-1b
error_identification,15,2,0.1164,error,identification,Error identification is,"['<|endoftext|>', 'Error', ' identification', ' is']",1,2,accessibility,pythia-1b
error_identification,15,3,0.0761,error,identification,Error identification is,"['<|endoftext|>', 'Error', ' identification', ' is']",1,2,accessibility,pythia-1b
error_identification,15,4,0.0169,error,identification,Error identification is,"['<|endoftext|>', 'Error', ' identification', ' is']",1,2,accessibility,pythia-1b
error_identification,15,5,0.1817,error,identification,Error identification is,"['<|endoftext|>', 'Error', ' identification', ' is']",1,2,accessibility,pythia-1b
error_identification,15,6,0.0385,error,identification,Error identification is,"['<|endoftext|>', 'Error', ' identification', ' is']",1,2,accessibility,pythia-1b
error_identification,15,7,0.1232,error,identification,Error identification is,"['<|endoftext|>', 'Error', ' identification', ' is']",1,2,accessibility,pythia-1b
pointer_cancellation,0,0,0.2171,pointer,cancellation,Pointer cancellation is,"['<|endoftext|>', 'Pointer', ' cancellation', ' is']",1,2,accessibility,pythia-1b
pointer_cancellation,0,1,0.0572,pointer,cancellation,Pointer cancellation is,"['<|endoftext|>', 'Pointer', ' cancellation', ' is']",1,2,accessibility,pythia-1b
pointer_cancellation,0,2,0.0,pointer,cancellation,Pointer cancellation is,"['<|endoftext|>', 'Pointer', ' cancellation', ' is']",1,2,accessibility,pythia-1b
pointer_cancellation,0,3,0.4641,pointer,cancellation,Pointer cancellation is,"['<|endoftext|>', 'Pointer', ' cancellation', ' is']",1,2,accessibility,pythia-1b
pointer_cancellation,0,4,0.0981,pointer,cancellation,Pointer cancellation is,"['<|endoftext|>', 'Pointer', ' cancellation', ' is']",1,2,accessibility,pythia-1b
pointer_cancellation,0,5,0.249,pointer,cancellation,Pointer cancellation is,"['<|endoftext|>', 'Pointer', ' cancellation', ' is']",1,2,accessibility,pythia-1b
pointer_cancellation,0,6,0.0356,pointer,cancellation,Pointer cancellation is,"['<|endoftext|>', 'Pointer', ' cancellation', ' is']",1,2,accessibility,pythia-1b
pointer_cancellation,0,7,0.0885,pointer,cancellation,Pointer cancellation is,"['<|endoftext|>', 'Pointer', ' cancellation', ' is']",1,2,accessibility,pythia-1b
pointer_cancellation,1,0,0.441,pointer,cancellation,Pointer cancellation is,"['<|endoftext|>', 'Pointer', ' cancellation', ' is']",1,2,accessibility,pythia-1b
pointer_cancellation,1,1,0.1004,pointer,cancellation,Pointer cancellation is,"['<|endoftext|>', 'Pointer', ' cancellation', ' is']",1,2,accessibility,pythia-1b
pointer_cancellation,1,2,0.3411,pointer,cancellation,Pointer cancellation is,"['<|endoftext|>', 'Pointer', ' cancellation', ' is']",1,2,accessibility,pythia-1b
pointer_cancellation,1,3,0.7535,pointer,cancellation,Pointer cancellation is,"['<|endoftext|>', 'Pointer', ' cancellation', ' is']",1,2,accessibility,pythia-1b
pointer_cancellation,1,4,0.2468,pointer,cancellation,Pointer cancellation is,"['<|endoftext|>', 'Pointer', ' cancellation', ' is']",1,2,accessibility,pythia-1b
pointer_cancellation,1,5,0.9491,pointer,cancellation,Pointer cancellation is,"['<|endoftext|>', 'Pointer', ' cancellation', ' is']",1,2,accessibility,pythia-1b
pointer_cancellation,1,6,0.2802,pointer,cancellation,Pointer cancellation is,"['<|endoftext|>', 'Pointer', ' cancellation', ' is']",1,2,accessibility,pythia-1b
pointer_cancellation,1,7,0.0003,pointer,cancellation,Pointer cancellation is,"['<|endoftext|>', 'Pointer', ' cancellation', ' is']",1,2,accessibility,pythia-1b
pointer_cancellation,2,0,0.5371,pointer,cancellation,Pointer cancellation is,"['<|endoftext|>', 'Pointer', ' cancellation', ' is']",1,2,accessibility,pythia-1b
pointer_cancellation,2,1,0.291,pointer,cancellation,Pointer cancellation is,"['<|endoftext|>', 'Pointer', ' cancellation', ' is']",1,2,accessibility,pythia-1b
pointer_cancellation,2,2,0.2158,pointer,cancellation,Pointer cancellation is,"['<|endoftext|>', 'Pointer', ' cancellation', ' is']",1,2,accessibility,pythia-1b
pointer_cancellation,2,3,0.5073,pointer,cancellation,Pointer cancellation is,"['<|endoftext|>', 'Pointer', ' cancellation', ' is']",1,2,accessibility,pythia-1b
pointer_cancellation,2,4,0.2777,pointer,cancellation,Pointer cancellation is,"['<|endoftext|>', 'Pointer', ' cancellation', ' is']",1,2,accessibility,pythia-1b
pointer_cancellation,2,5,0.2212,pointer,cancellation,Pointer cancellation is,"['<|endoftext|>', 'Pointer', ' cancellation', ' is']",1,2,accessibility,pythia-1b
pointer_cancellation,2,6,0.1558,pointer,cancellation,Pointer cancellation is,"['<|endoftext|>', 'Pointer', ' cancellation', ' is']",1,2,accessibility,pythia-1b
pointer_cancellation,2,7,0.1311,pointer,cancellation,Pointer cancellation is,"['<|endoftext|>', 'Pointer', ' cancellation', ' is']",1,2,accessibility,pythia-1b
pointer_cancellation,3,0,0.0919,pointer,cancellation,Pointer cancellation is,"['<|endoftext|>', 'Pointer', ' cancellation', ' is']",1,2,accessibility,pythia-1b
pointer_cancellation,3,1,0.2484,pointer,cancellation,Pointer cancellation is,"['<|endoftext|>', 'Pointer', ' cancellation', ' is']",1,2,accessibility,pythia-1b
pointer_cancellation,3,2,0.1107,pointer,cancellation,Pointer cancellation is,"['<|endoftext|>', 'Pointer', ' cancellation', ' is']",1,2,accessibility,pythia-1b
pointer_cancellation,3,3,0.0291,pointer,cancellation,Pointer cancellation is,"['<|endoftext|>', 'Pointer', ' cancellation', ' is']",1,2,accessibility,pythia-1b
pointer_cancellation,3,4,0.0479,pointer,cancellation,Pointer cancellation is,"['<|endoftext|>', 'Pointer', ' cancellation', ' is']",1,2,accessibility,pythia-1b
pointer_cancellation,3,5,0.9849,pointer,cancellation,Pointer cancellation is,"['<|endoftext|>', 'Pointer', ' cancellation', ' is']",1,2,accessibility,pythia-1b
pointer_cancellation,3,6,0.45,pointer,cancellation,Pointer cancellation is,"['<|endoftext|>', 'Pointer', ' cancellation', ' is']",1,2,accessibility,pythia-1b
pointer_cancellation,3,7,0.0363,pointer,cancellation,Pointer cancellation is,"['<|endoftext|>', 'Pointer', ' cancellation', ' is']",1,2,accessibility,pythia-1b
pointer_cancellation,4,0,0.2636,pointer,cancellation,Pointer cancellation is,"['<|endoftext|>', 'Pointer', ' cancellation', ' is']",1,2,accessibility,pythia-1b
pointer_cancellation,4,1,0.0241,pointer,cancellation,Pointer cancellation is,"['<|endoftext|>', 'Pointer', ' cancellation', ' is']",1,2,accessibility,pythia-1b
pointer_cancellation,4,2,0.0476,pointer,cancellation,Pointer cancellation is,"['<|endoftext|>', 'Pointer', ' cancellation', ' is']",1,2,accessibility,pythia-1b
pointer_cancellation,4,3,0.0682,pointer,cancellation,Pointer cancellation is,"['<|endoftext|>', 'Pointer', ' cancellation', ' is']",1,2,accessibility,pythia-1b
pointer_cancellation,4,4,0.0007,pointer,cancellation,Pointer cancellation is,"['<|endoftext|>', 'Pointer', ' cancellation', ' is']",1,2,accessibility,pythia-1b
pointer_cancellation,4,5,0.0068,pointer,cancellation,Pointer cancellation is,"['<|endoftext|>', 'Pointer', ' cancellation', ' is']",1,2,accessibility,pythia-1b
pointer_cancellation,4,6,0.1402,pointer,cancellation,Pointer cancellation is,"['<|endoftext|>', 'Pointer', ' cancellation', ' is']",1,2,accessibility,pythia-1b
pointer_cancellation,4,7,0.3128,pointer,cancellation,Pointer cancellation is,"['<|endoftext|>', 'Pointer', ' cancellation', ' is']",1,2,accessibility,pythia-1b
pointer_cancellation,5,0,0.2065,pointer,cancellation,Pointer cancellation is,"['<|endoftext|>', 'Pointer', ' cancellation', ' is']",1,2,accessibility,pythia-1b
pointer_cancellation,5,1,0.0,pointer,cancellation,Pointer cancellation is,"['<|endoftext|>', 'Pointer', ' cancellation', ' is']",1,2,accessibility,pythia-1b
pointer_cancellation,5,2,0.0341,pointer,cancellation,Pointer cancellation is,"['<|endoftext|>', 'Pointer', ' cancellation', ' is']",1,2,accessibility,pythia-1b
pointer_cancellation,5,3,0.1862,pointer,cancellation,Pointer cancellation is,"['<|endoftext|>', 'Pointer', ' cancellation', ' is']",1,2,accessibility,pythia-1b
pointer_cancellation,5,4,0.0118,pointer,cancellation,Pointer cancellation is,"['<|endoftext|>', 'Pointer', ' cancellation', ' is']",1,2,accessibility,pythia-1b
pointer_cancellation,5,5,0.2669,pointer,cancellation,Pointer cancellation is,"['<|endoftext|>', 'Pointer', ' cancellation', ' is']",1,2,accessibility,pythia-1b
pointer_cancellation,5,6,0.0029,pointer,cancellation,Pointer cancellation is,"['<|endoftext|>', 'Pointer', ' cancellation', ' is']",1,2,accessibility,pythia-1b
pointer_cancellation,5,7,0.0002,pointer,cancellation,Pointer cancellation is,"['<|endoftext|>', 'Pointer', ' cancellation', ' is']",1,2,accessibility,pythia-1b
pointer_cancellation,6,0,0.0505,pointer,cancellation,Pointer cancellation is,"['<|endoftext|>', 'Pointer', ' cancellation', ' is']",1,2,accessibility,pythia-1b
pointer_cancellation,6,1,0.0978,pointer,cancellation,Pointer cancellation is,"['<|endoftext|>', 'Pointer', ' cancellation', ' is']",1,2,accessibility,pythia-1b
pointer_cancellation,6,2,0.0729,pointer,cancellation,Pointer cancellation is,"['<|endoftext|>', 'Pointer', ' cancellation', ' is']",1,2,accessibility,pythia-1b
pointer_cancellation,6,3,0.9045,pointer,cancellation,Pointer cancellation is,"['<|endoftext|>', 'Pointer', ' cancellation', ' is']",1,2,accessibility,pythia-1b
pointer_cancellation,6,4,0.176,pointer,cancellation,Pointer cancellation is,"['<|endoftext|>', 'Pointer', ' cancellation', ' is']",1,2,accessibility,pythia-1b
pointer_cancellation,6,5,0.2537,pointer,cancellation,Pointer cancellation is,"['<|endoftext|>', 'Pointer', ' cancellation', ' is']",1,2,accessibility,pythia-1b
pointer_cancellation,6,6,0.0655,pointer,cancellation,Pointer cancellation is,"['<|endoftext|>', 'Pointer', ' cancellation', ' is']",1,2,accessibility,pythia-1b
pointer_cancellation,6,7,0.0027,pointer,cancellation,Pointer cancellation is,"['<|endoftext|>', 'Pointer', ' cancellation', ' is']",1,2,accessibility,pythia-1b
pointer_cancellation,7,0,0.0028,pointer,cancellation,Pointer cancellation is,"['<|endoftext|>', 'Pointer', ' cancellation', ' is']",1,2,accessibility,pythia-1b
pointer_cancellation,7,1,0.0001,pointer,cancellation,Pointer cancellation is,"['<|endoftext|>', 'Pointer', ' cancellation', ' is']",1,2,accessibility,pythia-1b
pointer_cancellation,7,2,0.016,pointer,cancellation,Pointer cancellation is,"['<|endoftext|>', 'Pointer', ' cancellation', ' is']",1,2,accessibility,pythia-1b
pointer_cancellation,7,3,0.0921,pointer,cancellation,Pointer cancellation is,"['<|endoftext|>', 'Pointer', ' cancellation', ' is']",1,2,accessibility,pythia-1b
pointer_cancellation,7,4,0.2507,pointer,cancellation,Pointer cancellation is,"['<|endoftext|>', 'Pointer', ' cancellation', ' is']",1,2,accessibility,pythia-1b
pointer_cancellation,7,5,0.1819,pointer,cancellation,Pointer cancellation is,"['<|endoftext|>', 'Pointer', ' cancellation', ' is']",1,2,accessibility,pythia-1b
pointer_cancellation,7,6,0.3282,pointer,cancellation,Pointer cancellation is,"['<|endoftext|>', 'Pointer', ' cancellation', ' is']",1,2,accessibility,pythia-1b
pointer_cancellation,7,7,0.1395,pointer,cancellation,Pointer cancellation is,"['<|endoftext|>', 'Pointer', ' cancellation', ' is']",1,2,accessibility,pythia-1b
pointer_cancellation,8,0,0.0157,pointer,cancellation,Pointer cancellation is,"['<|endoftext|>', 'Pointer', ' cancellation', ' is']",1,2,accessibility,pythia-1b
pointer_cancellation,8,1,0.0896,pointer,cancellation,Pointer cancellation is,"['<|endoftext|>', 'Pointer', ' cancellation', ' is']",1,2,accessibility,pythia-1b
pointer_cancellation,8,2,0.0488,pointer,cancellation,Pointer cancellation is,"['<|endoftext|>', 'Pointer', ' cancellation', ' is']",1,2,accessibility,pythia-1b
pointer_cancellation,8,3,0.0623,pointer,cancellation,Pointer cancellation is,"['<|endoftext|>', 'Pointer', ' cancellation', ' is']",1,2,accessibility,pythia-1b
pointer_cancellation,8,4,0.0424,pointer,cancellation,Pointer cancellation is,"['<|endoftext|>', 'Pointer', ' cancellation', ' is']",1,2,accessibility,pythia-1b
pointer_cancellation,8,5,0.028,pointer,cancellation,Pointer cancellation is,"['<|endoftext|>', 'Pointer', ' cancellation', ' is']",1,2,accessibility,pythia-1b
pointer_cancellation,8,6,0.0016,pointer,cancellation,Pointer cancellation is,"['<|endoftext|>', 'Pointer', ' cancellation', ' is']",1,2,accessibility,pythia-1b
pointer_cancellation,8,7,0.1535,pointer,cancellation,Pointer cancellation is,"['<|endoftext|>', 'Pointer', ' cancellation', ' is']",1,2,accessibility,pythia-1b
pointer_cancellation,9,0,0.0828,pointer,cancellation,Pointer cancellation is,"['<|endoftext|>', 'Pointer', ' cancellation', ' is']",1,2,accessibility,pythia-1b
pointer_cancellation,9,1,0.0168,pointer,cancellation,Pointer cancellation is,"['<|endoftext|>', 'Pointer', ' cancellation', ' is']",1,2,accessibility,pythia-1b
pointer_cancellation,9,2,0.2866,pointer,cancellation,Pointer cancellation is,"['<|endoftext|>', 'Pointer', ' cancellation', ' is']",1,2,accessibility,pythia-1b
pointer_cancellation,9,3,0.0634,pointer,cancellation,Pointer cancellation is,"['<|endoftext|>', 'Pointer', ' cancellation', ' is']",1,2,accessibility,pythia-1b
pointer_cancellation,9,4,0.0172,pointer,cancellation,Pointer cancellation is,"['<|endoftext|>', 'Pointer', ' cancellation', ' is']",1,2,accessibility,pythia-1b
pointer_cancellation,9,5,0.0276,pointer,cancellation,Pointer cancellation is,"['<|endoftext|>', 'Pointer', ' cancellation', ' is']",1,2,accessibility,pythia-1b
pointer_cancellation,9,6,0.209,pointer,cancellation,Pointer cancellation is,"['<|endoftext|>', 'Pointer', ' cancellation', ' is']",1,2,accessibility,pythia-1b
pointer_cancellation,9,7,0.5749,pointer,cancellation,Pointer cancellation is,"['<|endoftext|>', 'Pointer', ' cancellation', ' is']",1,2,accessibility,pythia-1b
pointer_cancellation,10,0,0.0112,pointer,cancellation,Pointer cancellation is,"['<|endoftext|>', 'Pointer', ' cancellation', ' is']",1,2,accessibility,pythia-1b
pointer_cancellation,10,1,0.1649,pointer,cancellation,Pointer cancellation is,"['<|endoftext|>', 'Pointer', ' cancellation', ' is']",1,2,accessibility,pythia-1b
pointer_cancellation,10,2,0.0081,pointer,cancellation,Pointer cancellation is,"['<|endoftext|>', 'Pointer', ' cancellation', ' is']",1,2,accessibility,pythia-1b
pointer_cancellation,10,3,0.2114,pointer,cancellation,Pointer cancellation is,"['<|endoftext|>', 'Pointer', ' cancellation', ' is']",1,2,accessibility,pythia-1b
pointer_cancellation,10,4,0.0378,pointer,cancellation,Pointer cancellation is,"['<|endoftext|>', 'Pointer', ' cancellation', ' is']",1,2,accessibility,pythia-1b
pointer_cancellation,10,5,0.0058,pointer,cancellation,Pointer cancellation is,"['<|endoftext|>', 'Pointer', ' cancellation', ' is']",1,2,accessibility,pythia-1b
pointer_cancellation,10,6,0.0007,pointer,cancellation,Pointer cancellation is,"['<|endoftext|>', 'Pointer', ' cancellation', ' is']",1,2,accessibility,pythia-1b
pointer_cancellation,10,7,0.0897,pointer,cancellation,Pointer cancellation is,"['<|endoftext|>', 'Pointer', ' cancellation', ' is']",1,2,accessibility,pythia-1b
pointer_cancellation,11,0,0.0425,pointer,cancellation,Pointer cancellation is,"['<|endoftext|>', 'Pointer', ' cancellation', ' is']",1,2,accessibility,pythia-1b
pointer_cancellation,11,1,0.0281,pointer,cancellation,Pointer cancellation is,"['<|endoftext|>', 'Pointer', ' cancellation', ' is']",1,2,accessibility,pythia-1b
pointer_cancellation,11,2,0.0467,pointer,cancellation,Pointer cancellation is,"['<|endoftext|>', 'Pointer', ' cancellation', ' is']",1,2,accessibility,pythia-1b
pointer_cancellation,11,3,0.0206,pointer,cancellation,Pointer cancellation is,"['<|endoftext|>', 'Pointer', ' cancellation', ' is']",1,2,accessibility,pythia-1b
pointer_cancellation,11,4,0.0624,pointer,cancellation,Pointer cancellation is,"['<|endoftext|>', 'Pointer', ' cancellation', ' is']",1,2,accessibility,pythia-1b
pointer_cancellation,11,5,0.0423,pointer,cancellation,Pointer cancellation is,"['<|endoftext|>', 'Pointer', ' cancellation', ' is']",1,2,accessibility,pythia-1b
pointer_cancellation,11,6,0.016,pointer,cancellation,Pointer cancellation is,"['<|endoftext|>', 'Pointer', ' cancellation', ' is']",1,2,accessibility,pythia-1b
pointer_cancellation,11,7,0.0065,pointer,cancellation,Pointer cancellation is,"['<|endoftext|>', 'Pointer', ' cancellation', ' is']",1,2,accessibility,pythia-1b
pointer_cancellation,12,0,0.0246,pointer,cancellation,Pointer cancellation is,"['<|endoftext|>', 'Pointer', ' cancellation', ' is']",1,2,accessibility,pythia-1b
pointer_cancellation,12,1,0.0298,pointer,cancellation,Pointer cancellation is,"['<|endoftext|>', 'Pointer', ' cancellation', ' is']",1,2,accessibility,pythia-1b
pointer_cancellation,12,2,0.0272,pointer,cancellation,Pointer cancellation is,"['<|endoftext|>', 'Pointer', ' cancellation', ' is']",1,2,accessibility,pythia-1b
pointer_cancellation,12,3,0.0203,pointer,cancellation,Pointer cancellation is,"['<|endoftext|>', 'Pointer', ' cancellation', ' is']",1,2,accessibility,pythia-1b
pointer_cancellation,12,4,0.0187,pointer,cancellation,Pointer cancellation is,"['<|endoftext|>', 'Pointer', ' cancellation', ' is']",1,2,accessibility,pythia-1b
pointer_cancellation,12,5,0.0638,pointer,cancellation,Pointer cancellation is,"['<|endoftext|>', 'Pointer', ' cancellation', ' is']",1,2,accessibility,pythia-1b
pointer_cancellation,12,6,0.0064,pointer,cancellation,Pointer cancellation is,"['<|endoftext|>', 'Pointer', ' cancellation', ' is']",1,2,accessibility,pythia-1b
pointer_cancellation,12,7,0.0404,pointer,cancellation,Pointer cancellation is,"['<|endoftext|>', 'Pointer', ' cancellation', ' is']",1,2,accessibility,pythia-1b
pointer_cancellation,13,0,0.3202,pointer,cancellation,Pointer cancellation is,"['<|endoftext|>', 'Pointer', ' cancellation', ' is']",1,2,accessibility,pythia-1b
pointer_cancellation,13,1,0.0859,pointer,cancellation,Pointer cancellation is,"['<|endoftext|>', 'Pointer', ' cancellation', ' is']",1,2,accessibility,pythia-1b
pointer_cancellation,13,2,0.0464,pointer,cancellation,Pointer cancellation is,"['<|endoftext|>', 'Pointer', ' cancellation', ' is']",1,2,accessibility,pythia-1b
pointer_cancellation,13,3,0.0378,pointer,cancellation,Pointer cancellation is,"['<|endoftext|>', 'Pointer', ' cancellation', ' is']",1,2,accessibility,pythia-1b
pointer_cancellation,13,4,0.3222,pointer,cancellation,Pointer cancellation is,"['<|endoftext|>', 'Pointer', ' cancellation', ' is']",1,2,accessibility,pythia-1b
pointer_cancellation,13,5,0.0463,pointer,cancellation,Pointer cancellation is,"['<|endoftext|>', 'Pointer', ' cancellation', ' is']",1,2,accessibility,pythia-1b
pointer_cancellation,13,6,0.0041,pointer,cancellation,Pointer cancellation is,"['<|endoftext|>', 'Pointer', ' cancellation', ' is']",1,2,accessibility,pythia-1b
pointer_cancellation,13,7,0.0719,pointer,cancellation,Pointer cancellation is,"['<|endoftext|>', 'Pointer', ' cancellation', ' is']",1,2,accessibility,pythia-1b
pointer_cancellation,14,0,0.072,pointer,cancellation,Pointer cancellation is,"['<|endoftext|>', 'Pointer', ' cancellation', ' is']",1,2,accessibility,pythia-1b
pointer_cancellation,14,1,0.0485,pointer,cancellation,Pointer cancellation is,"['<|endoftext|>', 'Pointer', ' cancellation', ' is']",1,2,accessibility,pythia-1b
pointer_cancellation,14,2,0.2197,pointer,cancellation,Pointer cancellation is,"['<|endoftext|>', 'Pointer', ' cancellation', ' is']",1,2,accessibility,pythia-1b
pointer_cancellation,14,3,0.1052,pointer,cancellation,Pointer cancellation is,"['<|endoftext|>', 'Pointer', ' cancellation', ' is']",1,2,accessibility,pythia-1b
pointer_cancellation,14,4,0.1505,pointer,cancellation,Pointer cancellation is,"['<|endoftext|>', 'Pointer', ' cancellation', ' is']",1,2,accessibility,pythia-1b
pointer_cancellation,14,5,0.0441,pointer,cancellation,Pointer cancellation is,"['<|endoftext|>', 'Pointer', ' cancellation', ' is']",1,2,accessibility,pythia-1b
pointer_cancellation,14,6,0.0143,pointer,cancellation,Pointer cancellation is,"['<|endoftext|>', 'Pointer', ' cancellation', ' is']",1,2,accessibility,pythia-1b
pointer_cancellation,14,7,0.0542,pointer,cancellation,Pointer cancellation is,"['<|endoftext|>', 'Pointer', ' cancellation', ' is']",1,2,accessibility,pythia-1b
pointer_cancellation,15,0,0.0655,pointer,cancellation,Pointer cancellation is,"['<|endoftext|>', 'Pointer', ' cancellation', ' is']",1,2,accessibility,pythia-1b
pointer_cancellation,15,1,0.0352,pointer,cancellation,Pointer cancellation is,"['<|endoftext|>', 'Pointer', ' cancellation', ' is']",1,2,accessibility,pythia-1b
pointer_cancellation,15,2,0.0703,pointer,cancellation,Pointer cancellation is,"['<|endoftext|>', 'Pointer', ' cancellation', ' is']",1,2,accessibility,pythia-1b
pointer_cancellation,15,3,0.0619,pointer,cancellation,Pointer cancellation is,"['<|endoftext|>', 'Pointer', ' cancellation', ' is']",1,2,accessibility,pythia-1b
pointer_cancellation,15,4,0.0494,pointer,cancellation,Pointer cancellation is,"['<|endoftext|>', 'Pointer', ' cancellation', ' is']",1,2,accessibility,pythia-1b
pointer_cancellation,15,5,0.1453,pointer,cancellation,Pointer cancellation is,"['<|endoftext|>', 'Pointer', ' cancellation', ' is']",1,2,accessibility,pythia-1b
pointer_cancellation,15,6,0.0753,pointer,cancellation,Pointer cancellation is,"['<|endoftext|>', 'Pointer', ' cancellation', ' is']",1,2,accessibility,pythia-1b
pointer_cancellation,15,7,0.1236,pointer,cancellation,Pointer cancellation is,"['<|endoftext|>', 'Pointer', ' cancellation', ' is']",1,2,accessibility,pythia-1b
character_key,0,0,0.282,character,key,A character key is,"['<|endoftext|>', 'A', ' character', ' key', ' is']",2,3,accessibility,pythia-1b
character_key,0,1,0.0379,character,key,A character key is,"['<|endoftext|>', 'A', ' character', ' key', ' is']",2,3,accessibility,pythia-1b
character_key,0,2,0.0,character,key,A character key is,"['<|endoftext|>', 'A', ' character', ' key', ' is']",2,3,accessibility,pythia-1b
character_key,0,3,0.3947,character,key,A character key is,"['<|endoftext|>', 'A', ' character', ' key', ' is']",2,3,accessibility,pythia-1b
character_key,0,4,0.0199,character,key,A character key is,"['<|endoftext|>', 'A', ' character', ' key', ' is']",2,3,accessibility,pythia-1b
character_key,0,5,0.1143,character,key,A character key is,"['<|endoftext|>', 'A', ' character', ' key', ' is']",2,3,accessibility,pythia-1b
character_key,0,6,0.0525,character,key,A character key is,"['<|endoftext|>', 'A', ' character', ' key', ' is']",2,3,accessibility,pythia-1b
character_key,0,7,0.093,character,key,A character key is,"['<|endoftext|>', 'A', ' character', ' key', ' is']",2,3,accessibility,pythia-1b
character_key,1,0,0.2707,character,key,A character key is,"['<|endoftext|>', 'A', ' character', ' key', ' is']",2,3,accessibility,pythia-1b
character_key,1,1,0.0919,character,key,A character key is,"['<|endoftext|>', 'A', ' character', ' key', ' is']",2,3,accessibility,pythia-1b
character_key,1,2,0.2037,character,key,A character key is,"['<|endoftext|>', 'A', ' character', ' key', ' is']",2,3,accessibility,pythia-1b
character_key,1,3,0.6064,character,key,A character key is,"['<|endoftext|>', 'A', ' character', ' key', ' is']",2,3,accessibility,pythia-1b
character_key,1,4,0.1027,character,key,A character key is,"['<|endoftext|>', 'A', ' character', ' key', ' is']",2,3,accessibility,pythia-1b
character_key,1,5,0.343,character,key,A character key is,"['<|endoftext|>', 'A', ' character', ' key', ' is']",2,3,accessibility,pythia-1b
character_key,1,6,0.2822,character,key,A character key is,"['<|endoftext|>', 'A', ' character', ' key', ' is']",2,3,accessibility,pythia-1b
character_key,1,7,0.0081,character,key,A character key is,"['<|endoftext|>', 'A', ' character', ' key', ' is']",2,3,accessibility,pythia-1b
character_key,2,0,0.3634,character,key,A character key is,"['<|endoftext|>', 'A', ' character', ' key', ' is']",2,3,accessibility,pythia-1b
character_key,2,1,0.3191,character,key,A character key is,"['<|endoftext|>', 'A', ' character', ' key', ' is']",2,3,accessibility,pythia-1b
character_key,2,2,0.0934,character,key,A character key is,"['<|endoftext|>', 'A', ' character', ' key', ' is']",2,3,accessibility,pythia-1b
character_key,2,3,0.4582,character,key,A character key is,"['<|endoftext|>', 'A', ' character', ' key', ' is']",2,3,accessibility,pythia-1b
character_key,2,4,0.6436,character,key,A character key is,"['<|endoftext|>', 'A', ' character', ' key', ' is']",2,3,accessibility,pythia-1b
character_key,2,5,0.246,character,key,A character key is,"['<|endoftext|>', 'A', ' character', ' key', ' is']",2,3,accessibility,pythia-1b
character_key,2,6,0.4253,character,key,A character key is,"['<|endoftext|>', 'A', ' character', ' key', ' is']",2,3,accessibility,pythia-1b
character_key,2,7,0.0756,character,key,A character key is,"['<|endoftext|>', 'A', ' character', ' key', ' is']",2,3,accessibility,pythia-1b
character_key,3,0,0.0313,character,key,A character key is,"['<|endoftext|>', 'A', ' character', ' key', ' is']",2,3,accessibility,pythia-1b
character_key,3,1,0.1089,character,key,A character key is,"['<|endoftext|>', 'A', ' character', ' key', ' is']",2,3,accessibility,pythia-1b
character_key,3,2,0.1637,character,key,A character key is,"['<|endoftext|>', 'A', ' character', ' key', ' is']",2,3,accessibility,pythia-1b
character_key,3,3,0.0206,character,key,A character key is,"['<|endoftext|>', 'A', ' character', ' key', ' is']",2,3,accessibility,pythia-1b
character_key,3,4,0.0814,character,key,A character key is,"['<|endoftext|>', 'A', ' character', ' key', ' is']",2,3,accessibility,pythia-1b
character_key,3,5,0.9712,character,key,A character key is,"['<|endoftext|>', 'A', ' character', ' key', ' is']",2,3,accessibility,pythia-1b
character_key,3,6,0.4583,character,key,A character key is,"['<|endoftext|>', 'A', ' character', ' key', ' is']",2,3,accessibility,pythia-1b
character_key,3,7,0.0927,character,key,A character key is,"['<|endoftext|>', 'A', ' character', ' key', ' is']",2,3,accessibility,pythia-1b
character_key,4,0,0.2531,character,key,A character key is,"['<|endoftext|>', 'A', ' character', ' key', ' is']",2,3,accessibility,pythia-1b
character_key,4,1,0.0165,character,key,A character key is,"['<|endoftext|>', 'A', ' character', ' key', ' is']",2,3,accessibility,pythia-1b
character_key,4,2,0.0084,character,key,A character key is,"['<|endoftext|>', 'A', ' character', ' key', ' is']",2,3,accessibility,pythia-1b
character_key,4,3,0.0366,character,key,A character key is,"['<|endoftext|>', 'A', ' character', ' key', ' is']",2,3,accessibility,pythia-1b
character_key,4,4,0.0,character,key,A character key is,"['<|endoftext|>', 'A', ' character', ' key', ' is']",2,3,accessibility,pythia-1b
character_key,4,5,0.0017,character,key,A character key is,"['<|endoftext|>', 'A', ' character', ' key', ' is']",2,3,accessibility,pythia-1b
character_key,4,6,0.0647,character,key,A character key is,"['<|endoftext|>', 'A', ' character', ' key', ' is']",2,3,accessibility,pythia-1b
character_key,4,7,0.1117,character,key,A character key is,"['<|endoftext|>', 'A', ' character', ' key', ' is']",2,3,accessibility,pythia-1b
character_key,5,0,0.0643,character,key,A character key is,"['<|endoftext|>', 'A', ' character', ' key', ' is']",2,3,accessibility,pythia-1b
character_key,5,1,0.0001,character,key,A character key is,"['<|endoftext|>', 'A', ' character', ' key', ' is']",2,3,accessibility,pythia-1b
character_key,5,2,0.0493,character,key,A character key is,"['<|endoftext|>', 'A', ' character', ' key', ' is']",2,3,accessibility,pythia-1b
character_key,5,3,0.108,character,key,A character key is,"['<|endoftext|>', 'A', ' character', ' key', ' is']",2,3,accessibility,pythia-1b
character_key,5,4,0.041,character,key,A character key is,"['<|endoftext|>', 'A', ' character', ' key', ' is']",2,3,accessibility,pythia-1b
character_key,5,5,0.2694,character,key,A character key is,"['<|endoftext|>', 'A', ' character', ' key', ' is']",2,3,accessibility,pythia-1b
character_key,5,6,0.0016,character,key,A character key is,"['<|endoftext|>', 'A', ' character', ' key', ' is']",2,3,accessibility,pythia-1b
character_key,5,7,0.0001,character,key,A character key is,"['<|endoftext|>', 'A', ' character', ' key', ' is']",2,3,accessibility,pythia-1b
character_key,6,0,0.0418,character,key,A character key is,"['<|endoftext|>', 'A', ' character', ' key', ' is']",2,3,accessibility,pythia-1b
character_key,6,1,0.031,character,key,A character key is,"['<|endoftext|>', 'A', ' character', ' key', ' is']",2,3,accessibility,pythia-1b
character_key,6,2,0.0084,character,key,A character key is,"['<|endoftext|>', 'A', ' character', ' key', ' is']",2,3,accessibility,pythia-1b
character_key,6,3,0.9242,character,key,A character key is,"['<|endoftext|>', 'A', ' character', ' key', ' is']",2,3,accessibility,pythia-1b
character_key,6,4,0.0801,character,key,A character key is,"['<|endoftext|>', 'A', ' character', ' key', ' is']",2,3,accessibility,pythia-1b
character_key,6,5,0.1755,character,key,A character key is,"['<|endoftext|>', 'A', ' character', ' key', ' is']",2,3,accessibility,pythia-1b
character_key,6,6,0.0128,character,key,A character key is,"['<|endoftext|>', 'A', ' character', ' key', ' is']",2,3,accessibility,pythia-1b
character_key,6,7,0.002,character,key,A character key is,"['<|endoftext|>', 'A', ' character', ' key', ' is']",2,3,accessibility,pythia-1b
character_key,7,0,0.0008,character,key,A character key is,"['<|endoftext|>', 'A', ' character', ' key', ' is']",2,3,accessibility,pythia-1b
character_key,7,1,0.0,character,key,A character key is,"['<|endoftext|>', 'A', ' character', ' key', ' is']",2,3,accessibility,pythia-1b
character_key,7,2,0.0003,character,key,A character key is,"['<|endoftext|>', 'A', ' character', ' key', ' is']",2,3,accessibility,pythia-1b
character_key,7,3,0.1022,character,key,A character key is,"['<|endoftext|>', 'A', ' character', ' key', ' is']",2,3,accessibility,pythia-1b
character_key,7,4,0.1287,character,key,A character key is,"['<|endoftext|>', 'A', ' character', ' key', ' is']",2,3,accessibility,pythia-1b
character_key,7,5,0.0569,character,key,A character key is,"['<|endoftext|>', 'A', ' character', ' key', ' is']",2,3,accessibility,pythia-1b
character_key,7,6,0.1394,character,key,A character key is,"['<|endoftext|>', 'A', ' character', ' key', ' is']",2,3,accessibility,pythia-1b
character_key,7,7,0.0909,character,key,A character key is,"['<|endoftext|>', 'A', ' character', ' key', ' is']",2,3,accessibility,pythia-1b
character_key,8,0,0.0023,character,key,A character key is,"['<|endoftext|>', 'A', ' character', ' key', ' is']",2,3,accessibility,pythia-1b
character_key,8,1,0.0656,character,key,A character key is,"['<|endoftext|>', 'A', ' character', ' key', ' is']",2,3,accessibility,pythia-1b
character_key,8,2,0.0352,character,key,A character key is,"['<|endoftext|>', 'A', ' character', ' key', ' is']",2,3,accessibility,pythia-1b
character_key,8,3,0.1832,character,key,A character key is,"['<|endoftext|>', 'A', ' character', ' key', ' is']",2,3,accessibility,pythia-1b
character_key,8,4,0.0045,character,key,A character key is,"['<|endoftext|>', 'A', ' character', ' key', ' is']",2,3,accessibility,pythia-1b
character_key,8,5,0.0081,character,key,A character key is,"['<|endoftext|>', 'A', ' character', ' key', ' is']",2,3,accessibility,pythia-1b
character_key,8,6,0.0019,character,key,A character key is,"['<|endoftext|>', 'A', ' character', ' key', ' is']",2,3,accessibility,pythia-1b
character_key,8,7,0.0872,character,key,A character key is,"['<|endoftext|>', 'A', ' character', ' key', ' is']",2,3,accessibility,pythia-1b
character_key,9,0,0.1017,character,key,A character key is,"['<|endoftext|>', 'A', ' character', ' key', ' is']",2,3,accessibility,pythia-1b
character_key,9,1,0.0089,character,key,A character key is,"['<|endoftext|>', 'A', ' character', ' key', ' is']",2,3,accessibility,pythia-1b
character_key,9,2,0.3469,character,key,A character key is,"['<|endoftext|>', 'A', ' character', ' key', ' is']",2,3,accessibility,pythia-1b
character_key,9,3,0.1001,character,key,A character key is,"['<|endoftext|>', 'A', ' character', ' key', ' is']",2,3,accessibility,pythia-1b
character_key,9,4,0.0199,character,key,A character key is,"['<|endoftext|>', 'A', ' character', ' key', ' is']",2,3,accessibility,pythia-1b
character_key,9,5,0.0127,character,key,A character key is,"['<|endoftext|>', 'A', ' character', ' key', ' is']",2,3,accessibility,pythia-1b
character_key,9,6,0.215,character,key,A character key is,"['<|endoftext|>', 'A', ' character', ' key', ' is']",2,3,accessibility,pythia-1b
character_key,9,7,0.3128,character,key,A character key is,"['<|endoftext|>', 'A', ' character', ' key', ' is']",2,3,accessibility,pythia-1b
character_key,10,0,0.0045,character,key,A character key is,"['<|endoftext|>', 'A', ' character', ' key', ' is']",2,3,accessibility,pythia-1b
character_key,10,1,0.309,character,key,A character key is,"['<|endoftext|>', 'A', ' character', ' key', ' is']",2,3,accessibility,pythia-1b
character_key,10,2,0.0261,character,key,A character key is,"['<|endoftext|>', 'A', ' character', ' key', ' is']",2,3,accessibility,pythia-1b
character_key,10,3,0.1798,character,key,A character key is,"['<|endoftext|>', 'A', ' character', ' key', ' is']",2,3,accessibility,pythia-1b
character_key,10,4,0.0213,character,key,A character key is,"['<|endoftext|>', 'A', ' character', ' key', ' is']",2,3,accessibility,pythia-1b
character_key,10,5,0.0009,character,key,A character key is,"['<|endoftext|>', 'A', ' character', ' key', ' is']",2,3,accessibility,pythia-1b
character_key,10,6,0.0013,character,key,A character key is,"['<|endoftext|>', 'A', ' character', ' key', ' is']",2,3,accessibility,pythia-1b
character_key,10,7,0.0566,character,key,A character key is,"['<|endoftext|>', 'A', ' character', ' key', ' is']",2,3,accessibility,pythia-1b
character_key,11,0,0.0511,character,key,A character key is,"['<|endoftext|>', 'A', ' character', ' key', ' is']",2,3,accessibility,pythia-1b
character_key,11,1,0.0626,character,key,A character key is,"['<|endoftext|>', 'A', ' character', ' key', ' is']",2,3,accessibility,pythia-1b
character_key,11,2,0.0095,character,key,A character key is,"['<|endoftext|>', 'A', ' character', ' key', ' is']",2,3,accessibility,pythia-1b
character_key,11,3,0.0188,character,key,A character key is,"['<|endoftext|>', 'A', ' character', ' key', ' is']",2,3,accessibility,pythia-1b
character_key,11,4,0.1141,character,key,A character key is,"['<|endoftext|>', 'A', ' character', ' key', ' is']",2,3,accessibility,pythia-1b
character_key,11,5,0.0155,character,key,A character key is,"['<|endoftext|>', 'A', ' character', ' key', ' is']",2,3,accessibility,pythia-1b
character_key,11,6,0.0051,character,key,A character key is,"['<|endoftext|>', 'A', ' character', ' key', ' is']",2,3,accessibility,pythia-1b
character_key,11,7,0.0039,character,key,A character key is,"['<|endoftext|>', 'A', ' character', ' key', ' is']",2,3,accessibility,pythia-1b
character_key,12,0,0.0101,character,key,A character key is,"['<|endoftext|>', 'A', ' character', ' key', ' is']",2,3,accessibility,pythia-1b
character_key,12,1,0.1445,character,key,A character key is,"['<|endoftext|>', 'A', ' character', ' key', ' is']",2,3,accessibility,pythia-1b
character_key,12,2,0.0456,character,key,A character key is,"['<|endoftext|>', 'A', ' character', ' key', ' is']",2,3,accessibility,pythia-1b
character_key,12,3,0.0043,character,key,A character key is,"['<|endoftext|>', 'A', ' character', ' key', ' is']",2,3,accessibility,pythia-1b
character_key,12,4,0.0953,character,key,A character key is,"['<|endoftext|>', 'A', ' character', ' key', ' is']",2,3,accessibility,pythia-1b
character_key,12,5,0.0292,character,key,A character key is,"['<|endoftext|>', 'A', ' character', ' key', ' is']",2,3,accessibility,pythia-1b
character_key,12,6,0.0072,character,key,A character key is,"['<|endoftext|>', 'A', ' character', ' key', ' is']",2,3,accessibility,pythia-1b
character_key,12,7,0.0199,character,key,A character key is,"['<|endoftext|>', 'A', ' character', ' key', ' is']",2,3,accessibility,pythia-1b
character_key,13,0,0.1689,character,key,A character key is,"['<|endoftext|>', 'A', ' character', ' key', ' is']",2,3,accessibility,pythia-1b
character_key,13,1,0.0843,character,key,A character key is,"['<|endoftext|>', 'A', ' character', ' key', ' is']",2,3,accessibility,pythia-1b
character_key,13,2,0.0067,character,key,A character key is,"['<|endoftext|>', 'A', ' character', ' key', ' is']",2,3,accessibility,pythia-1b
character_key,13,3,0.0207,character,key,A character key is,"['<|endoftext|>', 'A', ' character', ' key', ' is']",2,3,accessibility,pythia-1b
character_key,13,4,0.3084,character,key,A character key is,"['<|endoftext|>', 'A', ' character', ' key', ' is']",2,3,accessibility,pythia-1b
character_key,13,5,0.0369,character,key,A character key is,"['<|endoftext|>', 'A', ' character', ' key', ' is']",2,3,accessibility,pythia-1b
character_key,13,6,0.005,character,key,A character key is,"['<|endoftext|>', 'A', ' character', ' key', ' is']",2,3,accessibility,pythia-1b
character_key,13,7,0.0744,character,key,A character key is,"['<|endoftext|>', 'A', ' character', ' key', ' is']",2,3,accessibility,pythia-1b
character_key,14,0,0.0617,character,key,A character key is,"['<|endoftext|>', 'A', ' character', ' key', ' is']",2,3,accessibility,pythia-1b
character_key,14,1,0.0772,character,key,A character key is,"['<|endoftext|>', 'A', ' character', ' key', ' is']",2,3,accessibility,pythia-1b
character_key,14,2,0.0799,character,key,A character key is,"['<|endoftext|>', 'A', ' character', ' key', ' is']",2,3,accessibility,pythia-1b
character_key,14,3,0.1484,character,key,A character key is,"['<|endoftext|>', 'A', ' character', ' key', ' is']",2,3,accessibility,pythia-1b
character_key,14,4,0.0716,character,key,A character key is,"['<|endoftext|>', 'A', ' character', ' key', ' is']",2,3,accessibility,pythia-1b
character_key,14,5,0.1227,character,key,A character key is,"['<|endoftext|>', 'A', ' character', ' key', ' is']",2,3,accessibility,pythia-1b
character_key,14,6,0.0119,character,key,A character key is,"['<|endoftext|>', 'A', ' character', ' key', ' is']",2,3,accessibility,pythia-1b
character_key,14,7,0.034,character,key,A character key is,"['<|endoftext|>', 'A', ' character', ' key', ' is']",2,3,accessibility,pythia-1b
character_key,15,0,0.1248,character,key,A character key is,"['<|endoftext|>', 'A', ' character', ' key', ' is']",2,3,accessibility,pythia-1b
character_key,15,1,0.0346,character,key,A character key is,"['<|endoftext|>', 'A', ' character', ' key', ' is']",2,3,accessibility,pythia-1b
character_key,15,2,0.1899,character,key,A character key is,"['<|endoftext|>', 'A', ' character', ' key', ' is']",2,3,accessibility,pythia-1b
character_key,15,3,0.0195,character,key,A character key is,"['<|endoftext|>', 'A', ' character', ' key', ' is']",2,3,accessibility,pythia-1b
character_key,15,4,0.0392,character,key,A character key is,"['<|endoftext|>', 'A', ' character', ' key', ' is']",2,3,accessibility,pythia-1b
character_key,15,5,0.2066,character,key,A character key is,"['<|endoftext|>', 'A', ' character', ' key', ' is']",2,3,accessibility,pythia-1b
character_key,15,6,0.011,character,key,A character key is,"['<|endoftext|>', 'A', ' character', ' key', ' is']",2,3,accessibility,pythia-1b
character_key,15,7,0.2141,character,key,A character key is,"['<|endoftext|>', 'A', ' character', ' key', ' is']",2,3,accessibility,pythia-1b
accessibility_tree,0,0,0.2931,accessibility,tree,An accessibility tree is,"['<|endoftext|>', 'An', ' accessibility', ' tree', ' is']",2,3,accessibility,pythia-1b
accessibility_tree,0,1,0.5126,accessibility,tree,An accessibility tree is,"['<|endoftext|>', 'An', ' accessibility', ' tree', ' is']",2,3,accessibility,pythia-1b
accessibility_tree,0,2,0.0,accessibility,tree,An accessibility tree is,"['<|endoftext|>', 'An', ' accessibility', ' tree', ' is']",2,3,accessibility,pythia-1b
accessibility_tree,0,3,0.5515,accessibility,tree,An accessibility tree is,"['<|endoftext|>', 'An', ' accessibility', ' tree', ' is']",2,3,accessibility,pythia-1b
accessibility_tree,0,4,0.035,accessibility,tree,An accessibility tree is,"['<|endoftext|>', 'An', ' accessibility', ' tree', ' is']",2,3,accessibility,pythia-1b
accessibility_tree,0,5,0.1707,accessibility,tree,An accessibility tree is,"['<|endoftext|>', 'An', ' accessibility', ' tree', ' is']",2,3,accessibility,pythia-1b
accessibility_tree,0,6,0.0446,accessibility,tree,An accessibility tree is,"['<|endoftext|>', 'An', ' accessibility', ' tree', ' is']",2,3,accessibility,pythia-1b
accessibility_tree,0,7,0.0205,accessibility,tree,An accessibility tree is,"['<|endoftext|>', 'An', ' accessibility', ' tree', ' is']",2,3,accessibility,pythia-1b
accessibility_tree,1,0,0.2466,accessibility,tree,An accessibility tree is,"['<|endoftext|>', 'An', ' accessibility', ' tree', ' is']",2,3,accessibility,pythia-1b
accessibility_tree,1,1,0.0643,accessibility,tree,An accessibility tree is,"['<|endoftext|>', 'An', ' accessibility', ' tree', ' is']",2,3,accessibility,pythia-1b
accessibility_tree,1,2,0.2496,accessibility,tree,An accessibility tree is,"['<|endoftext|>', 'An', ' accessibility', ' tree', ' is']",2,3,accessibility,pythia-1b
accessibility_tree,1,3,0.5247,accessibility,tree,An accessibility tree is,"['<|endoftext|>', 'An', ' accessibility', ' tree', ' is']",2,3,accessibility,pythia-1b
accessibility_tree,1,4,0.2473,accessibility,tree,An accessibility tree is,"['<|endoftext|>', 'An', ' accessibility', ' tree', ' is']",2,3,accessibility,pythia-1b
accessibility_tree,1,5,0.2514,accessibility,tree,An accessibility tree is,"['<|endoftext|>', 'An', ' accessibility', ' tree', ' is']",2,3,accessibility,pythia-1b
accessibility_tree,1,6,0.1875,accessibility,tree,An accessibility tree is,"['<|endoftext|>', 'An', ' accessibility', ' tree', ' is']",2,3,accessibility,pythia-1b
accessibility_tree,1,7,0.0002,accessibility,tree,An accessibility tree is,"['<|endoftext|>', 'An', ' accessibility', ' tree', ' is']",2,3,accessibility,pythia-1b
accessibility_tree,2,0,0.095,accessibility,tree,An accessibility tree is,"['<|endoftext|>', 'An', ' accessibility', ' tree', ' is']",2,3,accessibility,pythia-1b
accessibility_tree,2,1,0.1337,accessibility,tree,An accessibility tree is,"['<|endoftext|>', 'An', ' accessibility', ' tree', ' is']",2,3,accessibility,pythia-1b
accessibility_tree,2,2,0.0567,accessibility,tree,An accessibility tree is,"['<|endoftext|>', 'An', ' accessibility', ' tree', ' is']",2,3,accessibility,pythia-1b
accessibility_tree,2,3,0.4215,accessibility,tree,An accessibility tree is,"['<|endoftext|>', 'An', ' accessibility', ' tree', ' is']",2,3,accessibility,pythia-1b
accessibility_tree,2,4,0.2196,accessibility,tree,An accessibility tree is,"['<|endoftext|>', 'An', ' accessibility', ' tree', ' is']",2,3,accessibility,pythia-1b
accessibility_tree,2,5,0.0849,accessibility,tree,An accessibility tree is,"['<|endoftext|>', 'An', ' accessibility', ' tree', ' is']",2,3,accessibility,pythia-1b
accessibility_tree,2,6,0.214,accessibility,tree,An accessibility tree is,"['<|endoftext|>', 'An', ' accessibility', ' tree', ' is']",2,3,accessibility,pythia-1b
accessibility_tree,2,7,0.0151,accessibility,tree,An accessibility tree is,"['<|endoftext|>', 'An', ' accessibility', ' tree', ' is']",2,3,accessibility,pythia-1b
accessibility_tree,3,0,0.0962,accessibility,tree,An accessibility tree is,"['<|endoftext|>', 'An', ' accessibility', ' tree', ' is']",2,3,accessibility,pythia-1b
accessibility_tree,3,1,0.1503,accessibility,tree,An accessibility tree is,"['<|endoftext|>', 'An', ' accessibility', ' tree', ' is']",2,3,accessibility,pythia-1b
accessibility_tree,3,2,0.058,accessibility,tree,An accessibility tree is,"['<|endoftext|>', 'An', ' accessibility', ' tree', ' is']",2,3,accessibility,pythia-1b
accessibility_tree,3,3,0.0341,accessibility,tree,An accessibility tree is,"['<|endoftext|>', 'An', ' accessibility', ' tree', ' is']",2,3,accessibility,pythia-1b
accessibility_tree,3,4,0.0358,accessibility,tree,An accessibility tree is,"['<|endoftext|>', 'An', ' accessibility', ' tree', ' is']",2,3,accessibility,pythia-1b
accessibility_tree,3,5,0.9998,accessibility,tree,An accessibility tree is,"['<|endoftext|>', 'An', ' accessibility', ' tree', ' is']",2,3,accessibility,pythia-1b
accessibility_tree,3,6,0.6024,accessibility,tree,An accessibility tree is,"['<|endoftext|>', 'An', ' accessibility', ' tree', ' is']",2,3,accessibility,pythia-1b
accessibility_tree,3,7,0.0114,accessibility,tree,An accessibility tree is,"['<|endoftext|>', 'An', ' accessibility', ' tree', ' is']",2,3,accessibility,pythia-1b
accessibility_tree,4,0,0.0953,accessibility,tree,An accessibility tree is,"['<|endoftext|>', 'An', ' accessibility', ' tree', ' is']",2,3,accessibility,pythia-1b
accessibility_tree,4,1,0.0208,accessibility,tree,An accessibility tree is,"['<|endoftext|>', 'An', ' accessibility', ' tree', ' is']",2,3,accessibility,pythia-1b
accessibility_tree,4,2,0.0088,accessibility,tree,An accessibility tree is,"['<|endoftext|>', 'An', ' accessibility', ' tree', ' is']",2,3,accessibility,pythia-1b
accessibility_tree,4,3,0.0032,accessibility,tree,An accessibility tree is,"['<|endoftext|>', 'An', ' accessibility', ' tree', ' is']",2,3,accessibility,pythia-1b
accessibility_tree,4,4,0.0,accessibility,tree,An accessibility tree is,"['<|endoftext|>', 'An', ' accessibility', ' tree', ' is']",2,3,accessibility,pythia-1b
accessibility_tree,4,5,0.001,accessibility,tree,An accessibility tree is,"['<|endoftext|>', 'An', ' accessibility', ' tree', ' is']",2,3,accessibility,pythia-1b
accessibility_tree,4,6,0.0486,accessibility,tree,An accessibility tree is,"['<|endoftext|>', 'An', ' accessibility', ' tree', ' is']",2,3,accessibility,pythia-1b
accessibility_tree,4,7,0.0207,accessibility,tree,An accessibility tree is,"['<|endoftext|>', 'An', ' accessibility', ' tree', ' is']",2,3,accessibility,pythia-1b
accessibility_tree,5,0,0.0339,accessibility,tree,An accessibility tree is,"['<|endoftext|>', 'An', ' accessibility', ' tree', ' is']",2,3,accessibility,pythia-1b
accessibility_tree,5,1,0.0,accessibility,tree,An accessibility tree is,"['<|endoftext|>', 'An', ' accessibility', ' tree', ' is']",2,3,accessibility,pythia-1b
accessibility_tree,5,2,0.1544,accessibility,tree,An accessibility tree is,"['<|endoftext|>', 'An', ' accessibility', ' tree', ' is']",2,3,accessibility,pythia-1b
accessibility_tree,5,3,0.1841,accessibility,tree,An accessibility tree is,"['<|endoftext|>', 'An', ' accessibility', ' tree', ' is']",2,3,accessibility,pythia-1b
accessibility_tree,5,4,0.0212,accessibility,tree,An accessibility tree is,"['<|endoftext|>', 'An', ' accessibility', ' tree', ' is']",2,3,accessibility,pythia-1b
accessibility_tree,5,5,0.1558,accessibility,tree,An accessibility tree is,"['<|endoftext|>', 'An', ' accessibility', ' tree', ' is']",2,3,accessibility,pythia-1b
accessibility_tree,5,6,0.0003,accessibility,tree,An accessibility tree is,"['<|endoftext|>', 'An', ' accessibility', ' tree', ' is']",2,3,accessibility,pythia-1b
accessibility_tree,5,7,0.0003,accessibility,tree,An accessibility tree is,"['<|endoftext|>', 'An', ' accessibility', ' tree', ' is']",2,3,accessibility,pythia-1b
accessibility_tree,6,0,0.0275,accessibility,tree,An accessibility tree is,"['<|endoftext|>', 'An', ' accessibility', ' tree', ' is']",2,3,accessibility,pythia-1b
accessibility_tree,6,1,0.0112,accessibility,tree,An accessibility tree is,"['<|endoftext|>', 'An', ' accessibility', ' tree', ' is']",2,3,accessibility,pythia-1b
accessibility_tree,6,2,0.0466,accessibility,tree,An accessibility tree is,"['<|endoftext|>', 'An', ' accessibility', ' tree', ' is']",2,3,accessibility,pythia-1b
accessibility_tree,6,3,0.8694,accessibility,tree,An accessibility tree is,"['<|endoftext|>', 'An', ' accessibility', ' tree', ' is']",2,3,accessibility,pythia-1b
accessibility_tree,6,4,0.0808,accessibility,tree,An accessibility tree is,"['<|endoftext|>', 'An', ' accessibility', ' tree', ' is']",2,3,accessibility,pythia-1b
accessibility_tree,6,5,0.087,accessibility,tree,An accessibility tree is,"['<|endoftext|>', 'An', ' accessibility', ' tree', ' is']",2,3,accessibility,pythia-1b
accessibility_tree,6,6,0.0107,accessibility,tree,An accessibility tree is,"['<|endoftext|>', 'An', ' accessibility', ' tree', ' is']",2,3,accessibility,pythia-1b
accessibility_tree,6,7,0.0001,accessibility,tree,An accessibility tree is,"['<|endoftext|>', 'An', ' accessibility', ' tree', ' is']",2,3,accessibility,pythia-1b
accessibility_tree,7,0,0.0021,accessibility,tree,An accessibility tree is,"['<|endoftext|>', 'An', ' accessibility', ' tree', ' is']",2,3,accessibility,pythia-1b
accessibility_tree,7,1,0.0002,accessibility,tree,An accessibility tree is,"['<|endoftext|>', 'An', ' accessibility', ' tree', ' is']",2,3,accessibility,pythia-1b
accessibility_tree,7,2,0.0012,accessibility,tree,An accessibility tree is,"['<|endoftext|>', 'An', ' accessibility', ' tree', ' is']",2,3,accessibility,pythia-1b
accessibility_tree,7,3,0.0577,accessibility,tree,An accessibility tree is,"['<|endoftext|>', 'An', ' accessibility', ' tree', ' is']",2,3,accessibility,pythia-1b
accessibility_tree,7,4,0.1696,accessibility,tree,An accessibility tree is,"['<|endoftext|>', 'An', ' accessibility', ' tree', ' is']",2,3,accessibility,pythia-1b
accessibility_tree,7,5,0.0672,accessibility,tree,An accessibility tree is,"['<|endoftext|>', 'An', ' accessibility', ' tree', ' is']",2,3,accessibility,pythia-1b
accessibility_tree,7,6,0.1108,accessibility,tree,An accessibility tree is,"['<|endoftext|>', 'An', ' accessibility', ' tree', ' is']",2,3,accessibility,pythia-1b
accessibility_tree,7,7,0.1678,accessibility,tree,An accessibility tree is,"['<|endoftext|>', 'An', ' accessibility', ' tree', ' is']",2,3,accessibility,pythia-1b
accessibility_tree,8,0,0.004,accessibility,tree,An accessibility tree is,"['<|endoftext|>', 'An', ' accessibility', ' tree', ' is']",2,3,accessibility,pythia-1b
accessibility_tree,8,1,0.0398,accessibility,tree,An accessibility tree is,"['<|endoftext|>', 'An', ' accessibility', ' tree', ' is']",2,3,accessibility,pythia-1b
accessibility_tree,8,2,0.0353,accessibility,tree,An accessibility tree is,"['<|endoftext|>', 'An', ' accessibility', ' tree', ' is']",2,3,accessibility,pythia-1b
accessibility_tree,8,3,0.0588,accessibility,tree,An accessibility tree is,"['<|endoftext|>', 'An', ' accessibility', ' tree', ' is']",2,3,accessibility,pythia-1b
accessibility_tree,8,4,0.0128,accessibility,tree,An accessibility tree is,"['<|endoftext|>', 'An', ' accessibility', ' tree', ' is']",2,3,accessibility,pythia-1b
accessibility_tree,8,5,0.0062,accessibility,tree,An accessibility tree is,"['<|endoftext|>', 'An', ' accessibility', ' tree', ' is']",2,3,accessibility,pythia-1b
accessibility_tree,8,6,0.0005,accessibility,tree,An accessibility tree is,"['<|endoftext|>', 'An', ' accessibility', ' tree', ' is']",2,3,accessibility,pythia-1b
accessibility_tree,8,7,0.0726,accessibility,tree,An accessibility tree is,"['<|endoftext|>', 'An', ' accessibility', ' tree', ' is']",2,3,accessibility,pythia-1b
accessibility_tree,9,0,0.1497,accessibility,tree,An accessibility tree is,"['<|endoftext|>', 'An', ' accessibility', ' tree', ' is']",2,3,accessibility,pythia-1b
accessibility_tree,9,1,0.0224,accessibility,tree,An accessibility tree is,"['<|endoftext|>', 'An', ' accessibility', ' tree', ' is']",2,3,accessibility,pythia-1b
accessibility_tree,9,2,0.1789,accessibility,tree,An accessibility tree is,"['<|endoftext|>', 'An', ' accessibility', ' tree', ' is']",2,3,accessibility,pythia-1b
accessibility_tree,9,3,0.0862,accessibility,tree,An accessibility tree is,"['<|endoftext|>', 'An', ' accessibility', ' tree', ' is']",2,3,accessibility,pythia-1b
accessibility_tree,9,4,0.0219,accessibility,tree,An accessibility tree is,"['<|endoftext|>', 'An', ' accessibility', ' tree', ' is']",2,3,accessibility,pythia-1b
accessibility_tree,9,5,0.0136,accessibility,tree,An accessibility tree is,"['<|endoftext|>', 'An', ' accessibility', ' tree', ' is']",2,3,accessibility,pythia-1b
accessibility_tree,9,6,0.1506,accessibility,tree,An accessibility tree is,"['<|endoftext|>', 'An', ' accessibility', ' tree', ' is']",2,3,accessibility,pythia-1b
accessibility_tree,9,7,0.2384,accessibility,tree,An accessibility tree is,"['<|endoftext|>', 'An', ' accessibility', ' tree', ' is']",2,3,accessibility,pythia-1b
accessibility_tree,10,0,0.0042,accessibility,tree,An accessibility tree is,"['<|endoftext|>', 'An', ' accessibility', ' tree', ' is']",2,3,accessibility,pythia-1b
accessibility_tree,10,1,0.3378,accessibility,tree,An accessibility tree is,"['<|endoftext|>', 'An', ' accessibility', ' tree', ' is']",2,3,accessibility,pythia-1b
accessibility_tree,10,2,0.0109,accessibility,tree,An accessibility tree is,"['<|endoftext|>', 'An', ' accessibility', ' tree', ' is']",2,3,accessibility,pythia-1b
accessibility_tree,10,3,0.0874,accessibility,tree,An accessibility tree is,"['<|endoftext|>', 'An', ' accessibility', ' tree', ' is']",2,3,accessibility,pythia-1b
accessibility_tree,10,4,0.0288,accessibility,tree,An accessibility tree is,"['<|endoftext|>', 'An', ' accessibility', ' tree', ' is']",2,3,accessibility,pythia-1b
accessibility_tree,10,5,0.0096,accessibility,tree,An accessibility tree is,"['<|endoftext|>', 'An', ' accessibility', ' tree', ' is']",2,3,accessibility,pythia-1b
accessibility_tree,10,6,0.0008,accessibility,tree,An accessibility tree is,"['<|endoftext|>', 'An', ' accessibility', ' tree', ' is']",2,3,accessibility,pythia-1b
accessibility_tree,10,7,0.0454,accessibility,tree,An accessibility tree is,"['<|endoftext|>', 'An', ' accessibility', ' tree', ' is']",2,3,accessibility,pythia-1b
accessibility_tree,11,0,0.1213,accessibility,tree,An accessibility tree is,"['<|endoftext|>', 'An', ' accessibility', ' tree', ' is']",2,3,accessibility,pythia-1b
accessibility_tree,11,1,0.0359,accessibility,tree,An accessibility tree is,"['<|endoftext|>', 'An', ' accessibility', ' tree', ' is']",2,3,accessibility,pythia-1b
accessibility_tree,11,2,0.1041,accessibility,tree,An accessibility tree is,"['<|endoftext|>', 'An', ' accessibility', ' tree', ' is']",2,3,accessibility,pythia-1b
accessibility_tree,11,3,0.0235,accessibility,tree,An accessibility tree is,"['<|endoftext|>', 'An', ' accessibility', ' tree', ' is']",2,3,accessibility,pythia-1b
accessibility_tree,11,4,0.0847,accessibility,tree,An accessibility tree is,"['<|endoftext|>', 'An', ' accessibility', ' tree', ' is']",2,3,accessibility,pythia-1b
accessibility_tree,11,5,0.0096,accessibility,tree,An accessibility tree is,"['<|endoftext|>', 'An', ' accessibility', ' tree', ' is']",2,3,accessibility,pythia-1b
accessibility_tree,11,6,0.0084,accessibility,tree,An accessibility tree is,"['<|endoftext|>', 'An', ' accessibility', ' tree', ' is']",2,3,accessibility,pythia-1b
accessibility_tree,11,7,0.0117,accessibility,tree,An accessibility tree is,"['<|endoftext|>', 'An', ' accessibility', ' tree', ' is']",2,3,accessibility,pythia-1b
accessibility_tree,12,0,0.0109,accessibility,tree,An accessibility tree is,"['<|endoftext|>', 'An', ' accessibility', ' tree', ' is']",2,3,accessibility,pythia-1b
accessibility_tree,12,1,0.0233,accessibility,tree,An accessibility tree is,"['<|endoftext|>', 'An', ' accessibility', ' tree', ' is']",2,3,accessibility,pythia-1b
accessibility_tree,12,2,0.0448,accessibility,tree,An accessibility tree is,"['<|endoftext|>', 'An', ' accessibility', ' tree', ' is']",2,3,accessibility,pythia-1b
accessibility_tree,12,3,0.0137,accessibility,tree,An accessibility tree is,"['<|endoftext|>', 'An', ' accessibility', ' tree', ' is']",2,3,accessibility,pythia-1b
accessibility_tree,12,4,0.045,accessibility,tree,An accessibility tree is,"['<|endoftext|>', 'An', ' accessibility', ' tree', ' is']",2,3,accessibility,pythia-1b
accessibility_tree,12,5,0.0219,accessibility,tree,An accessibility tree is,"['<|endoftext|>', 'An', ' accessibility', ' tree', ' is']",2,3,accessibility,pythia-1b
accessibility_tree,12,6,0.0034,accessibility,tree,An accessibility tree is,"['<|endoftext|>', 'An', ' accessibility', ' tree', ' is']",2,3,accessibility,pythia-1b
accessibility_tree,12,7,0.0569,accessibility,tree,An accessibility tree is,"['<|endoftext|>', 'An', ' accessibility', ' tree', ' is']",2,3,accessibility,pythia-1b
accessibility_tree,13,0,0.1266,accessibility,tree,An accessibility tree is,"['<|endoftext|>', 'An', ' accessibility', ' tree', ' is']",2,3,accessibility,pythia-1b
accessibility_tree,13,1,0.0587,accessibility,tree,An accessibility tree is,"['<|endoftext|>', 'An', ' accessibility', ' tree', ' is']",2,3,accessibility,pythia-1b
accessibility_tree,13,2,0.0298,accessibility,tree,An accessibility tree is,"['<|endoftext|>', 'An', ' accessibility', ' tree', ' is']",2,3,accessibility,pythia-1b
accessibility_tree,13,3,0.0704,accessibility,tree,An accessibility tree is,"['<|endoftext|>', 'An', ' accessibility', ' tree', ' is']",2,3,accessibility,pythia-1b
accessibility_tree,13,4,0.2597,accessibility,tree,An accessibility tree is,"['<|endoftext|>', 'An', ' accessibility', ' tree', ' is']",2,3,accessibility,pythia-1b
accessibility_tree,13,5,0.0412,accessibility,tree,An accessibility tree is,"['<|endoftext|>', 'An', ' accessibility', ' tree', ' is']",2,3,accessibility,pythia-1b
accessibility_tree,13,6,0.0054,accessibility,tree,An accessibility tree is,"['<|endoftext|>', 'An', ' accessibility', ' tree', ' is']",2,3,accessibility,pythia-1b
accessibility_tree,13,7,0.0443,accessibility,tree,An accessibility tree is,"['<|endoftext|>', 'An', ' accessibility', ' tree', ' is']",2,3,accessibility,pythia-1b
accessibility_tree,14,0,0.0781,accessibility,tree,An accessibility tree is,"['<|endoftext|>', 'An', ' accessibility', ' tree', ' is']",2,3,accessibility,pythia-1b
accessibility_tree,14,1,0.0344,accessibility,tree,An accessibility tree is,"['<|endoftext|>', 'An', ' accessibility', ' tree', ' is']",2,3,accessibility,pythia-1b
accessibility_tree,14,2,0.1063,accessibility,tree,An accessibility tree is,"['<|endoftext|>', 'An', ' accessibility', ' tree', ' is']",2,3,accessibility,pythia-1b
accessibility_tree,14,3,0.0937,accessibility,tree,An accessibility tree is,"['<|endoftext|>', 'An', ' accessibility', ' tree', ' is']",2,3,accessibility,pythia-1b
accessibility_tree,14,4,0.1685,accessibility,tree,An accessibility tree is,"['<|endoftext|>', 'An', ' accessibility', ' tree', ' is']",2,3,accessibility,pythia-1b
accessibility_tree,14,5,0.0984,accessibility,tree,An accessibility tree is,"['<|endoftext|>', 'An', ' accessibility', ' tree', ' is']",2,3,accessibility,pythia-1b
accessibility_tree,14,6,0.0035,accessibility,tree,An accessibility tree is,"['<|endoftext|>', 'An', ' accessibility', ' tree', ' is']",2,3,accessibility,pythia-1b
accessibility_tree,14,7,0.0278,accessibility,tree,An accessibility tree is,"['<|endoftext|>', 'An', ' accessibility', ' tree', ' is']",2,3,accessibility,pythia-1b
accessibility_tree,15,0,0.0821,accessibility,tree,An accessibility tree is,"['<|endoftext|>', 'An', ' accessibility', ' tree', ' is']",2,3,accessibility,pythia-1b
accessibility_tree,15,1,0.0074,accessibility,tree,An accessibility tree is,"['<|endoftext|>', 'An', ' accessibility', ' tree', ' is']",2,3,accessibility,pythia-1b
accessibility_tree,15,2,0.0424,accessibility,tree,An accessibility tree is,"['<|endoftext|>', 'An', ' accessibility', ' tree', ' is']",2,3,accessibility,pythia-1b
accessibility_tree,15,3,0.0647,accessibility,tree,An accessibility tree is,"['<|endoftext|>', 'An', ' accessibility', ' tree', ' is']",2,3,accessibility,pythia-1b
accessibility_tree,15,4,0.0268,accessibility,tree,An accessibility tree is,"['<|endoftext|>', 'An', ' accessibility', ' tree', ' is']",2,3,accessibility,pythia-1b
accessibility_tree,15,5,0.1726,accessibility,tree,An accessibility tree is,"['<|endoftext|>', 'An', ' accessibility', ' tree', ' is']",2,3,accessibility,pythia-1b
accessibility_tree,15,6,0.0554,accessibility,tree,An accessibility tree is,"['<|endoftext|>', 'An', ' accessibility', ' tree', ' is']",2,3,accessibility,pythia-1b
accessibility_tree,15,7,0.1165,accessibility,tree,An accessibility tree is,"['<|endoftext|>', 'An', ' accessibility', ' tree', ' is']",2,3,accessibility,pythia-1b
accessible_name,0,0,0.2733,accessible,name,An accessible name is,"['<|endoftext|>', 'An', ' accessible', ' name', ' is']",2,3,accessibility,pythia-1b
accessible_name,0,1,0.1252,accessible,name,An accessible name is,"['<|endoftext|>', 'An', ' accessible', ' name', ' is']",2,3,accessibility,pythia-1b
accessible_name,0,2,0.0,accessible,name,An accessible name is,"['<|endoftext|>', 'An', ' accessible', ' name', ' is']",2,3,accessibility,pythia-1b
accessible_name,0,3,0.4959,accessible,name,An accessible name is,"['<|endoftext|>', 'An', ' accessible', ' name', ' is']",2,3,accessibility,pythia-1b
accessible_name,0,4,0.0224,accessible,name,An accessible name is,"['<|endoftext|>', 'An', ' accessible', ' name', ' is']",2,3,accessibility,pythia-1b
accessible_name,0,5,0.06,accessible,name,An accessible name is,"['<|endoftext|>', 'An', ' accessible', ' name', ' is']",2,3,accessibility,pythia-1b
accessible_name,0,6,0.0485,accessible,name,An accessible name is,"['<|endoftext|>', 'An', ' accessible', ' name', ' is']",2,3,accessibility,pythia-1b
accessible_name,0,7,0.0191,accessible,name,An accessible name is,"['<|endoftext|>', 'An', ' accessible', ' name', ' is']",2,3,accessibility,pythia-1b
accessible_name,1,0,0.1453,accessible,name,An accessible name is,"['<|endoftext|>', 'An', ' accessible', ' name', ' is']",2,3,accessibility,pythia-1b
accessible_name,1,1,0.088,accessible,name,An accessible name is,"['<|endoftext|>', 'An', ' accessible', ' name', ' is']",2,3,accessibility,pythia-1b
accessible_name,1,2,0.2261,accessible,name,An accessible name is,"['<|endoftext|>', 'An', ' accessible', ' name', ' is']",2,3,accessibility,pythia-1b
accessible_name,1,3,0.5582,accessible,name,An accessible name is,"['<|endoftext|>', 'An', ' accessible', ' name', ' is']",2,3,accessibility,pythia-1b
accessible_name,1,4,0.1763,accessible,name,An accessible name is,"['<|endoftext|>', 'An', ' accessible', ' name', ' is']",2,3,accessibility,pythia-1b
accessible_name,1,5,0.4952,accessible,name,An accessible name is,"['<|endoftext|>', 'An', ' accessible', ' name', ' is']",2,3,accessibility,pythia-1b
accessible_name,1,6,0.1909,accessible,name,An accessible name is,"['<|endoftext|>', 'An', ' accessible', ' name', ' is']",2,3,accessibility,pythia-1b
accessible_name,1,7,0.0011,accessible,name,An accessible name is,"['<|endoftext|>', 'An', ' accessible', ' name', ' is']",2,3,accessibility,pythia-1b
accessible_name,2,0,0.2891,accessible,name,An accessible name is,"['<|endoftext|>', 'An', ' accessible', ' name', ' is']",2,3,accessibility,pythia-1b
accessible_name,2,1,0.1269,accessible,name,An accessible name is,"['<|endoftext|>', 'An', ' accessible', ' name', ' is']",2,3,accessibility,pythia-1b
accessible_name,2,2,0.1144,accessible,name,An accessible name is,"['<|endoftext|>', 'An', ' accessible', ' name', ' is']",2,3,accessibility,pythia-1b
accessible_name,2,3,0.5468,accessible,name,An accessible name is,"['<|endoftext|>', 'An', ' accessible', ' name', ' is']",2,3,accessibility,pythia-1b
accessible_name,2,4,0.1411,accessible,name,An accessible name is,"['<|endoftext|>', 'An', ' accessible', ' name', ' is']",2,3,accessibility,pythia-1b
accessible_name,2,5,0.1282,accessible,name,An accessible name is,"['<|endoftext|>', 'An', ' accessible', ' name', ' is']",2,3,accessibility,pythia-1b
accessible_name,2,6,0.0433,accessible,name,An accessible name is,"['<|endoftext|>', 'An', ' accessible', ' name', ' is']",2,3,accessibility,pythia-1b
accessible_name,2,7,0.0194,accessible,name,An accessible name is,"['<|endoftext|>', 'An', ' accessible', ' name', ' is']",2,3,accessibility,pythia-1b
accessible_name,3,0,0.0217,accessible,name,An accessible name is,"['<|endoftext|>', 'An', ' accessible', ' name', ' is']",2,3,accessibility,pythia-1b
accessible_name,3,1,0.2151,accessible,name,An accessible name is,"['<|endoftext|>', 'An', ' accessible', ' name', ' is']",2,3,accessibility,pythia-1b
accessible_name,3,2,0.1247,accessible,name,An accessible name is,"['<|endoftext|>', 'An', ' accessible', ' name', ' is']",2,3,accessibility,pythia-1b
accessible_name,3,3,0.1461,accessible,name,An accessible name is,"['<|endoftext|>', 'An', ' accessible', ' name', ' is']",2,3,accessibility,pythia-1b
accessible_name,3,4,0.0794,accessible,name,An accessible name is,"['<|endoftext|>', 'An', ' accessible', ' name', ' is']",2,3,accessibility,pythia-1b
accessible_name,3,5,0.9981,accessible,name,An accessible name is,"['<|endoftext|>', 'An', ' accessible', ' name', ' is']",2,3,accessibility,pythia-1b
accessible_name,3,6,0.8156,accessible,name,An accessible name is,"['<|endoftext|>', 'An', ' accessible', ' name', ' is']",2,3,accessibility,pythia-1b
accessible_name,3,7,0.0301,accessible,name,An accessible name is,"['<|endoftext|>', 'An', ' accessible', ' name', ' is']",2,3,accessibility,pythia-1b
accessible_name,4,0,0.1894,accessible,name,An accessible name is,"['<|endoftext|>', 'An', ' accessible', ' name', ' is']",2,3,accessibility,pythia-1b
accessible_name,4,1,0.0068,accessible,name,An accessible name is,"['<|endoftext|>', 'An', ' accessible', ' name', ' is']",2,3,accessibility,pythia-1b
accessible_name,4,2,0.0293,accessible,name,An accessible name is,"['<|endoftext|>', 'An', ' accessible', ' name', ' is']",2,3,accessibility,pythia-1b
accessible_name,4,3,0.03,accessible,name,An accessible name is,"['<|endoftext|>', 'An', ' accessible', ' name', ' is']",2,3,accessibility,pythia-1b
accessible_name,4,4,0.0,accessible,name,An accessible name is,"['<|endoftext|>', 'An', ' accessible', ' name', ' is']",2,3,accessibility,pythia-1b
accessible_name,4,5,0.0012,accessible,name,An accessible name is,"['<|endoftext|>', 'An', ' accessible', ' name', ' is']",2,3,accessibility,pythia-1b
accessible_name,4,6,0.0745,accessible,name,An accessible name is,"['<|endoftext|>', 'An', ' accessible', ' name', ' is']",2,3,accessibility,pythia-1b
accessible_name,4,7,0.0133,accessible,name,An accessible name is,"['<|endoftext|>', 'An', ' accessible', ' name', ' is']",2,3,accessibility,pythia-1b
accessible_name,5,0,0.0955,accessible,name,An accessible name is,"['<|endoftext|>', 'An', ' accessible', ' name', ' is']",2,3,accessibility,pythia-1b
accessible_name,5,1,0.0,accessible,name,An accessible name is,"['<|endoftext|>', 'An', ' accessible', ' name', ' is']",2,3,accessibility,pythia-1b
accessible_name,5,2,0.2621,accessible,name,An accessible name is,"['<|endoftext|>', 'An', ' accessible', ' name', ' is']",2,3,accessibility,pythia-1b
accessible_name,5,3,0.0576,accessible,name,An accessible name is,"['<|endoftext|>', 'An', ' accessible', ' name', ' is']",2,3,accessibility,pythia-1b
accessible_name,5,4,0.0073,accessible,name,An accessible name is,"['<|endoftext|>', 'An', ' accessible', ' name', ' is']",2,3,accessibility,pythia-1b
accessible_name,5,5,0.3103,accessible,name,An accessible name is,"['<|endoftext|>', 'An', ' accessible', ' name', ' is']",2,3,accessibility,pythia-1b
accessible_name,5,6,0.0039,accessible,name,An accessible name is,"['<|endoftext|>', 'An', ' accessible', ' name', ' is']",2,3,accessibility,pythia-1b
accessible_name,5,7,0.0005,accessible,name,An accessible name is,"['<|endoftext|>', 'An', ' accessible', ' name', ' is']",2,3,accessibility,pythia-1b
accessible_name,6,0,0.1668,accessible,name,An accessible name is,"['<|endoftext|>', 'An', ' accessible', ' name', ' is']",2,3,accessibility,pythia-1b
accessible_name,6,1,0.0088,accessible,name,An accessible name is,"['<|endoftext|>', 'An', ' accessible', ' name', ' is']",2,3,accessibility,pythia-1b
accessible_name,6,2,0.0412,accessible,name,An accessible name is,"['<|endoftext|>', 'An', ' accessible', ' name', ' is']",2,3,accessibility,pythia-1b
accessible_name,6,3,0.8582,accessible,name,An accessible name is,"['<|endoftext|>', 'An', ' accessible', ' name', ' is']",2,3,accessibility,pythia-1b
accessible_name,6,4,0.0643,accessible,name,An accessible name is,"['<|endoftext|>', 'An', ' accessible', ' name', ' is']",2,3,accessibility,pythia-1b
accessible_name,6,5,0.0701,accessible,name,An accessible name is,"['<|endoftext|>', 'An', ' accessible', ' name', ' is']",2,3,accessibility,pythia-1b
accessible_name,6,6,0.0142,accessible,name,An accessible name is,"['<|endoftext|>', 'An', ' accessible', ' name', ' is']",2,3,accessibility,pythia-1b
accessible_name,6,7,0.0009,accessible,name,An accessible name is,"['<|endoftext|>', 'An', ' accessible', ' name', ' is']",2,3,accessibility,pythia-1b
accessible_name,7,0,0.0011,accessible,name,An accessible name is,"['<|endoftext|>', 'An', ' accessible', ' name', ' is']",2,3,accessibility,pythia-1b
accessible_name,7,1,0.0003,accessible,name,An accessible name is,"['<|endoftext|>', 'An', ' accessible', ' name', ' is']",2,3,accessibility,pythia-1b
accessible_name,7,2,0.003,accessible,name,An accessible name is,"['<|endoftext|>', 'An', ' accessible', ' name', ' is']",2,3,accessibility,pythia-1b
accessible_name,7,3,0.036,accessible,name,An accessible name is,"['<|endoftext|>', 'An', ' accessible', ' name', ' is']",2,3,accessibility,pythia-1b
accessible_name,7,4,0.2686,accessible,name,An accessible name is,"['<|endoftext|>', 'An', ' accessible', ' name', ' is']",2,3,accessibility,pythia-1b
accessible_name,7,5,0.1676,accessible,name,An accessible name is,"['<|endoftext|>', 'An', ' accessible', ' name', ' is']",2,3,accessibility,pythia-1b
accessible_name,7,6,0.1627,accessible,name,An accessible name is,"['<|endoftext|>', 'An', ' accessible', ' name', ' is']",2,3,accessibility,pythia-1b
accessible_name,7,7,0.0706,accessible,name,An accessible name is,"['<|endoftext|>', 'An', ' accessible', ' name', ' is']",2,3,accessibility,pythia-1b
accessible_name,8,0,0.0037,accessible,name,An accessible name is,"['<|endoftext|>', 'An', ' accessible', ' name', ' is']",2,3,accessibility,pythia-1b
accessible_name,8,1,0.045,accessible,name,An accessible name is,"['<|endoftext|>', 'An', ' accessible', ' name', ' is']",2,3,accessibility,pythia-1b
accessible_name,8,2,0.0703,accessible,name,An accessible name is,"['<|endoftext|>', 'An', ' accessible', ' name', ' is']",2,3,accessibility,pythia-1b
accessible_name,8,3,0.1395,accessible,name,An accessible name is,"['<|endoftext|>', 'An', ' accessible', ' name', ' is']",2,3,accessibility,pythia-1b
accessible_name,8,4,0.0443,accessible,name,An accessible name is,"['<|endoftext|>', 'An', ' accessible', ' name', ' is']",2,3,accessibility,pythia-1b
accessible_name,8,5,0.0046,accessible,name,An accessible name is,"['<|endoftext|>', 'An', ' accessible', ' name', ' is']",2,3,accessibility,pythia-1b
accessible_name,8,6,0.001,accessible,name,An accessible name is,"['<|endoftext|>', 'An', ' accessible', ' name', ' is']",2,3,accessibility,pythia-1b
accessible_name,8,7,0.1336,accessible,name,An accessible name is,"['<|endoftext|>', 'An', ' accessible', ' name', ' is']",2,3,accessibility,pythia-1b
accessible_name,9,0,0.0796,accessible,name,An accessible name is,"['<|endoftext|>', 'An', ' accessible', ' name', ' is']",2,3,accessibility,pythia-1b
accessible_name,9,1,0.0311,accessible,name,An accessible name is,"['<|endoftext|>', 'An', ' accessible', ' name', ' is']",2,3,accessibility,pythia-1b
accessible_name,9,2,0.2323,accessible,name,An accessible name is,"['<|endoftext|>', 'An', ' accessible', ' name', ' is']",2,3,accessibility,pythia-1b
accessible_name,9,3,0.0839,accessible,name,An accessible name is,"['<|endoftext|>', 'An', ' accessible', ' name', ' is']",2,3,accessibility,pythia-1b
accessible_name,9,4,0.0076,accessible,name,An accessible name is,"['<|endoftext|>', 'An', ' accessible', ' name', ' is']",2,3,accessibility,pythia-1b
accessible_name,9,5,0.0179,accessible,name,An accessible name is,"['<|endoftext|>', 'An', ' accessible', ' name', ' is']",2,3,accessibility,pythia-1b
accessible_name,9,6,0.2914,accessible,name,An accessible name is,"['<|endoftext|>', 'An', ' accessible', ' name', ' is']",2,3,accessibility,pythia-1b
accessible_name,9,7,0.2129,accessible,name,An accessible name is,"['<|endoftext|>', 'An', ' accessible', ' name', ' is']",2,3,accessibility,pythia-1b
accessible_name,10,0,0.038,accessible,name,An accessible name is,"['<|endoftext|>', 'An', ' accessible', ' name', ' is']",2,3,accessibility,pythia-1b
accessible_name,10,1,0.4101,accessible,name,An accessible name is,"['<|endoftext|>', 'An', ' accessible', ' name', ' is']",2,3,accessibility,pythia-1b
accessible_name,10,2,0.0107,accessible,name,An accessible name is,"['<|endoftext|>', 'An', ' accessible', ' name', ' is']",2,3,accessibility,pythia-1b
accessible_name,10,3,0.0951,accessible,name,An accessible name is,"['<|endoftext|>', 'An', ' accessible', ' name', ' is']",2,3,accessibility,pythia-1b
accessible_name,10,4,0.0144,accessible,name,An accessible name is,"['<|endoftext|>', 'An', ' accessible', ' name', ' is']",2,3,accessibility,pythia-1b
accessible_name,10,5,0.0264,accessible,name,An accessible name is,"['<|endoftext|>', 'An', ' accessible', ' name', ' is']",2,3,accessibility,pythia-1b
accessible_name,10,6,0.0017,accessible,name,An accessible name is,"['<|endoftext|>', 'An', ' accessible', ' name', ' is']",2,3,accessibility,pythia-1b
accessible_name,10,7,0.0799,accessible,name,An accessible name is,"['<|endoftext|>', 'An', ' accessible', ' name', ' is']",2,3,accessibility,pythia-1b
accessible_name,11,0,0.0917,accessible,name,An accessible name is,"['<|endoftext|>', 'An', ' accessible', ' name', ' is']",2,3,accessibility,pythia-1b
accessible_name,11,1,0.0327,accessible,name,An accessible name is,"['<|endoftext|>', 'An', ' accessible', ' name', ' is']",2,3,accessibility,pythia-1b
accessible_name,11,2,0.0793,accessible,name,An accessible name is,"['<|endoftext|>', 'An', ' accessible', ' name', ' is']",2,3,accessibility,pythia-1b
accessible_name,11,3,0.0028,accessible,name,An accessible name is,"['<|endoftext|>', 'An', ' accessible', ' name', ' is']",2,3,accessibility,pythia-1b
accessible_name,11,4,0.0525,accessible,name,An accessible name is,"['<|endoftext|>', 'An', ' accessible', ' name', ' is']",2,3,accessibility,pythia-1b
accessible_name,11,5,0.0096,accessible,name,An accessible name is,"['<|endoftext|>', 'An', ' accessible', ' name', ' is']",2,3,accessibility,pythia-1b
accessible_name,11,6,0.0231,accessible,name,An accessible name is,"['<|endoftext|>', 'An', ' accessible', ' name', ' is']",2,3,accessibility,pythia-1b
accessible_name,11,7,0.0006,accessible,name,An accessible name is,"['<|endoftext|>', 'An', ' accessible', ' name', ' is']",2,3,accessibility,pythia-1b
accessible_name,12,0,0.0115,accessible,name,An accessible name is,"['<|endoftext|>', 'An', ' accessible', ' name', ' is']",2,3,accessibility,pythia-1b
accessible_name,12,1,0.0458,accessible,name,An accessible name is,"['<|endoftext|>', 'An', ' accessible', ' name', ' is']",2,3,accessibility,pythia-1b
accessible_name,12,2,0.224,accessible,name,An accessible name is,"['<|endoftext|>', 'An', ' accessible', ' name', ' is']",2,3,accessibility,pythia-1b
accessible_name,12,3,0.0063,accessible,name,An accessible name is,"['<|endoftext|>', 'An', ' accessible', ' name', ' is']",2,3,accessibility,pythia-1b
accessible_name,12,4,0.0284,accessible,name,An accessible name is,"['<|endoftext|>', 'An', ' accessible', ' name', ' is']",2,3,accessibility,pythia-1b
accessible_name,12,5,0.0198,accessible,name,An accessible name is,"['<|endoftext|>', 'An', ' accessible', ' name', ' is']",2,3,accessibility,pythia-1b
accessible_name,12,6,0.0032,accessible,name,An accessible name is,"['<|endoftext|>', 'An', ' accessible', ' name', ' is']",2,3,accessibility,pythia-1b
accessible_name,12,7,0.0565,accessible,name,An accessible name is,"['<|endoftext|>', 'An', ' accessible', ' name', ' is']",2,3,accessibility,pythia-1b
accessible_name,13,0,0.1792,accessible,name,An accessible name is,"['<|endoftext|>', 'An', ' accessible', ' name', ' is']",2,3,accessibility,pythia-1b
accessible_name,13,1,0.1207,accessible,name,An accessible name is,"['<|endoftext|>', 'An', ' accessible', ' name', ' is']",2,3,accessibility,pythia-1b
accessible_name,13,2,0.009,accessible,name,An accessible name is,"['<|endoftext|>', 'An', ' accessible', ' name', ' is']",2,3,accessibility,pythia-1b
accessible_name,13,3,0.0513,accessible,name,An accessible name is,"['<|endoftext|>', 'An', ' accessible', ' name', ' is']",2,3,accessibility,pythia-1b
accessible_name,13,4,0.4023,accessible,name,An accessible name is,"['<|endoftext|>', 'An', ' accessible', ' name', ' is']",2,3,accessibility,pythia-1b
accessible_name,13,5,0.0472,accessible,name,An accessible name is,"['<|endoftext|>', 'An', ' accessible', ' name', ' is']",2,3,accessibility,pythia-1b
accessible_name,13,6,0.0024,accessible,name,An accessible name is,"['<|endoftext|>', 'An', ' accessible', ' name', ' is']",2,3,accessibility,pythia-1b
accessible_name,13,7,0.1034,accessible,name,An accessible name is,"['<|endoftext|>', 'An', ' accessible', ' name', ' is']",2,3,accessibility,pythia-1b
accessible_name,14,0,0.161,accessible,name,An accessible name is,"['<|endoftext|>', 'An', ' accessible', ' name', ' is']",2,3,accessibility,pythia-1b
accessible_name,14,1,0.0651,accessible,name,An accessible name is,"['<|endoftext|>', 'An', ' accessible', ' name', ' is']",2,3,accessibility,pythia-1b
accessible_name,14,2,0.1257,accessible,name,An accessible name is,"['<|endoftext|>', 'An', ' accessible', ' name', ' is']",2,3,accessibility,pythia-1b
accessible_name,14,3,0.1129,accessible,name,An accessible name is,"['<|endoftext|>', 'An', ' accessible', ' name', ' is']",2,3,accessibility,pythia-1b
accessible_name,14,4,0.118,accessible,name,An accessible name is,"['<|endoftext|>', 'An', ' accessible', ' name', ' is']",2,3,accessibility,pythia-1b
accessible_name,14,5,0.2362,accessible,name,An accessible name is,"['<|endoftext|>', 'An', ' accessible', ' name', ' is']",2,3,accessibility,pythia-1b
accessible_name,14,6,0.0061,accessible,name,An accessible name is,"['<|endoftext|>', 'An', ' accessible', ' name', ' is']",2,3,accessibility,pythia-1b
accessible_name,14,7,0.045,accessible,name,An accessible name is,"['<|endoftext|>', 'An', ' accessible', ' name', ' is']",2,3,accessibility,pythia-1b
accessible_name,15,0,0.0473,accessible,name,An accessible name is,"['<|endoftext|>', 'An', ' accessible', ' name', ' is']",2,3,accessibility,pythia-1b
accessible_name,15,1,0.0135,accessible,name,An accessible name is,"['<|endoftext|>', 'An', ' accessible', ' name', ' is']",2,3,accessibility,pythia-1b
accessible_name,15,2,0.0989,accessible,name,An accessible name is,"['<|endoftext|>', 'An', ' accessible', ' name', ' is']",2,3,accessibility,pythia-1b
accessible_name,15,3,0.0592,accessible,name,An accessible name is,"['<|endoftext|>', 'An', ' accessible', ' name', ' is']",2,3,accessibility,pythia-1b
accessible_name,15,4,0.0778,accessible,name,An accessible name is,"['<|endoftext|>', 'An', ' accessible', ' name', ' is']",2,3,accessibility,pythia-1b
accessible_name,15,5,0.1475,accessible,name,An accessible name is,"['<|endoftext|>', 'An', ' accessible', ' name', ' is']",2,3,accessibility,pythia-1b
accessible_name,15,6,0.0556,accessible,name,An accessible name is,"['<|endoftext|>', 'An', ' accessible', ' name', ' is']",2,3,accessibility,pythia-1b
accessible_name,15,7,0.1241,accessible,name,An accessible name is,"['<|endoftext|>', 'An', ' accessible', ' name', ' is']",2,3,accessibility,pythia-1b
accessible_description,0,0,0.2466,accessible,description,An accessible description is,"['<|endoftext|>', 'An', ' accessible', ' description', ' is']",2,3,accessibility,pythia-1b
accessible_description,0,1,0.1081,accessible,description,An accessible description is,"['<|endoftext|>', 'An', ' accessible', ' description', ' is']",2,3,accessibility,pythia-1b
accessible_description,0,2,0.0,accessible,description,An accessible description is,"['<|endoftext|>', 'An', ' accessible', ' description', ' is']",2,3,accessibility,pythia-1b
accessible_description,0,3,0.6314,accessible,description,An accessible description is,"['<|endoftext|>', 'An', ' accessible', ' description', ' is']",2,3,accessibility,pythia-1b
accessible_description,0,4,0.0158,accessible,description,An accessible description is,"['<|endoftext|>', 'An', ' accessible', ' description', ' is']",2,3,accessibility,pythia-1b
accessible_description,0,5,0.0597,accessible,description,An accessible description is,"['<|endoftext|>', 'An', ' accessible', ' description', ' is']",2,3,accessibility,pythia-1b
accessible_description,0,6,0.0477,accessible,description,An accessible description is,"['<|endoftext|>', 'An', ' accessible', ' description', ' is']",2,3,accessibility,pythia-1b
accessible_description,0,7,0.0013,accessible,description,An accessible description is,"['<|endoftext|>', 'An', ' accessible', ' description', ' is']",2,3,accessibility,pythia-1b
accessible_description,1,0,0.4398,accessible,description,An accessible description is,"['<|endoftext|>', 'An', ' accessible', ' description', ' is']",2,3,accessibility,pythia-1b
accessible_description,1,1,0.1273,accessible,description,An accessible description is,"['<|endoftext|>', 'An', ' accessible', ' description', ' is']",2,3,accessibility,pythia-1b
accessible_description,1,2,0.3076,accessible,description,An accessible description is,"['<|endoftext|>', 'An', ' accessible', ' description', ' is']",2,3,accessibility,pythia-1b
accessible_description,1,3,0.5126,accessible,description,An accessible description is,"['<|endoftext|>', 'An', ' accessible', ' description', ' is']",2,3,accessibility,pythia-1b
accessible_description,1,4,0.4912,accessible,description,An accessible description is,"['<|endoftext|>', 'An', ' accessible', ' description', ' is']",2,3,accessibility,pythia-1b
accessible_description,1,5,0.7456,accessible,description,An accessible description is,"['<|endoftext|>', 'An', ' accessible', ' description', ' is']",2,3,accessibility,pythia-1b
accessible_description,1,6,0.2058,accessible,description,An accessible description is,"['<|endoftext|>', 'An', ' accessible', ' description', ' is']",2,3,accessibility,pythia-1b
accessible_description,1,7,0.0016,accessible,description,An accessible description is,"['<|endoftext|>', 'An', ' accessible', ' description', ' is']",2,3,accessibility,pythia-1b
accessible_description,2,0,0.4746,accessible,description,An accessible description is,"['<|endoftext|>', 'An', ' accessible', ' description', ' is']",2,3,accessibility,pythia-1b
accessible_description,2,1,0.2951,accessible,description,An accessible description is,"['<|endoftext|>', 'An', ' accessible', ' description', ' is']",2,3,accessibility,pythia-1b
accessible_description,2,2,0.5543,accessible,description,An accessible description is,"['<|endoftext|>', 'An', ' accessible', ' description', ' is']",2,3,accessibility,pythia-1b
accessible_description,2,3,0.7237,accessible,description,An accessible description is,"['<|endoftext|>', 'An', ' accessible', ' description', ' is']",2,3,accessibility,pythia-1b
accessible_description,2,4,0.3112,accessible,description,An accessible description is,"['<|endoftext|>', 'An', ' accessible', ' description', ' is']",2,3,accessibility,pythia-1b
accessible_description,2,5,0.0977,accessible,description,An accessible description is,"['<|endoftext|>', 'An', ' accessible', ' description', ' is']",2,3,accessibility,pythia-1b
accessible_description,2,6,0.4181,accessible,description,An accessible description is,"['<|endoftext|>', 'An', ' accessible', ' description', ' is']",2,3,accessibility,pythia-1b
accessible_description,2,7,0.0934,accessible,description,An accessible description is,"['<|endoftext|>', 'An', ' accessible', ' description', ' is']",2,3,accessibility,pythia-1b
accessible_description,3,0,0.3405,accessible,description,An accessible description is,"['<|endoftext|>', 'An', ' accessible', ' description', ' is']",2,3,accessibility,pythia-1b
accessible_description,3,1,0.4954,accessible,description,An accessible description is,"['<|endoftext|>', 'An', ' accessible', ' description', ' is']",2,3,accessibility,pythia-1b
accessible_description,3,2,0.1218,accessible,description,An accessible description is,"['<|endoftext|>', 'An', ' accessible', ' description', ' is']",2,3,accessibility,pythia-1b
accessible_description,3,3,0.0805,accessible,description,An accessible description is,"['<|endoftext|>', 'An', ' accessible', ' description', ' is']",2,3,accessibility,pythia-1b
accessible_description,3,4,0.8449,accessible,description,An accessible description is,"['<|endoftext|>', 'An', ' accessible', ' description', ' is']",2,3,accessibility,pythia-1b
accessible_description,3,5,0.9979,accessible,description,An accessible description is,"['<|endoftext|>', 'An', ' accessible', ' description', ' is']",2,3,accessibility,pythia-1b
accessible_description,3,6,0.7284,accessible,description,An accessible description is,"['<|endoftext|>', 'An', ' accessible', ' description', ' is']",2,3,accessibility,pythia-1b
accessible_description,3,7,0.1558,accessible,description,An accessible description is,"['<|endoftext|>', 'An', ' accessible', ' description', ' is']",2,3,accessibility,pythia-1b
accessible_description,4,0,0.0448,accessible,description,An accessible description is,"['<|endoftext|>', 'An', ' accessible', ' description', ' is']",2,3,accessibility,pythia-1b
accessible_description,4,1,0.0041,accessible,description,An accessible description is,"['<|endoftext|>', 'An', ' accessible', ' description', ' is']",2,3,accessibility,pythia-1b
accessible_description,4,2,0.0437,accessible,description,An accessible description is,"['<|endoftext|>', 'An', ' accessible', ' description', ' is']",2,3,accessibility,pythia-1b
accessible_description,4,3,0.0272,accessible,description,An accessible description is,"['<|endoftext|>', 'An', ' accessible', ' description', ' is']",2,3,accessibility,pythia-1b
accessible_description,4,4,0.0,accessible,description,An accessible description is,"['<|endoftext|>', 'An', ' accessible', ' description', ' is']",2,3,accessibility,pythia-1b
accessible_description,4,5,0.0015,accessible,description,An accessible description is,"['<|endoftext|>', 'An', ' accessible', ' description', ' is']",2,3,accessibility,pythia-1b
accessible_description,4,6,0.115,accessible,description,An accessible description is,"['<|endoftext|>', 'An', ' accessible', ' description', ' is']",2,3,accessibility,pythia-1b
accessible_description,4,7,0.0141,accessible,description,An accessible description is,"['<|endoftext|>', 'An', ' accessible', ' description', ' is']",2,3,accessibility,pythia-1b
accessible_description,5,0,0.0866,accessible,description,An accessible description is,"['<|endoftext|>', 'An', ' accessible', ' description', ' is']",2,3,accessibility,pythia-1b
accessible_description,5,1,0.0,accessible,description,An accessible description is,"['<|endoftext|>', 'An', ' accessible', ' description', ' is']",2,3,accessibility,pythia-1b
accessible_description,5,2,0.1192,accessible,description,An accessible description is,"['<|endoftext|>', 'An', ' accessible', ' description', ' is']",2,3,accessibility,pythia-1b
accessible_description,5,3,0.0162,accessible,description,An accessible description is,"['<|endoftext|>', 'An', ' accessible', ' description', ' is']",2,3,accessibility,pythia-1b
accessible_description,5,4,0.0145,accessible,description,An accessible description is,"['<|endoftext|>', 'An', ' accessible', ' description', ' is']",2,3,accessibility,pythia-1b
accessible_description,5,5,0.2403,accessible,description,An accessible description is,"['<|endoftext|>', 'An', ' accessible', ' description', ' is']",2,3,accessibility,pythia-1b
accessible_description,5,6,0.0035,accessible,description,An accessible description is,"['<|endoftext|>', 'An', ' accessible', ' description', ' is']",2,3,accessibility,pythia-1b
accessible_description,5,7,0.0001,accessible,description,An accessible description is,"['<|endoftext|>', 'An', ' accessible', ' description', ' is']",2,3,accessibility,pythia-1b
accessible_description,6,0,0.1908,accessible,description,An accessible description is,"['<|endoftext|>', 'An', ' accessible', ' description', ' is']",2,3,accessibility,pythia-1b
accessible_description,6,1,0.0046,accessible,description,An accessible description is,"['<|endoftext|>', 'An', ' accessible', ' description', ' is']",2,3,accessibility,pythia-1b
accessible_description,6,2,0.0121,accessible,description,An accessible description is,"['<|endoftext|>', 'An', ' accessible', ' description', ' is']",2,3,accessibility,pythia-1b
accessible_description,6,3,0.8136,accessible,description,An accessible description is,"['<|endoftext|>', 'An', ' accessible', ' description', ' is']",2,3,accessibility,pythia-1b
accessible_description,6,4,0.02,accessible,description,An accessible description is,"['<|endoftext|>', 'An', ' accessible', ' description', ' is']",2,3,accessibility,pythia-1b
accessible_description,6,5,0.0622,accessible,description,An accessible description is,"['<|endoftext|>', 'An', ' accessible', ' description', ' is']",2,3,accessibility,pythia-1b
accessible_description,6,6,0.0075,accessible,description,An accessible description is,"['<|endoftext|>', 'An', ' accessible', ' description', ' is']",2,3,accessibility,pythia-1b
accessible_description,6,7,0.0001,accessible,description,An accessible description is,"['<|endoftext|>', 'An', ' accessible', ' description', ' is']",2,3,accessibility,pythia-1b
accessible_description,7,0,0.0027,accessible,description,An accessible description is,"['<|endoftext|>', 'An', ' accessible', ' description', ' is']",2,3,accessibility,pythia-1b
accessible_description,7,1,0.0,accessible,description,An accessible description is,"['<|endoftext|>', 'An', ' accessible', ' description', ' is']",2,3,accessibility,pythia-1b
accessible_description,7,2,0.0016,accessible,description,An accessible description is,"['<|endoftext|>', 'An', ' accessible', ' description', ' is']",2,3,accessibility,pythia-1b
accessible_description,7,3,0.0538,accessible,description,An accessible description is,"['<|endoftext|>', 'An', ' accessible', ' description', ' is']",2,3,accessibility,pythia-1b
accessible_description,7,4,0.2513,accessible,description,An accessible description is,"['<|endoftext|>', 'An', ' accessible', ' description', ' is']",2,3,accessibility,pythia-1b
accessible_description,7,5,0.1294,accessible,description,An accessible description is,"['<|endoftext|>', 'An', ' accessible', ' description', ' is']",2,3,accessibility,pythia-1b
accessible_description,7,6,0.1311,accessible,description,An accessible description is,"['<|endoftext|>', 'An', ' accessible', ' description', ' is']",2,3,accessibility,pythia-1b
accessible_description,7,7,0.0509,accessible,description,An accessible description is,"['<|endoftext|>', 'An', ' accessible', ' description', ' is']",2,3,accessibility,pythia-1b
accessible_description,8,0,0.0012,accessible,description,An accessible description is,"['<|endoftext|>', 'An', ' accessible', ' description', ' is']",2,3,accessibility,pythia-1b
accessible_description,8,1,0.0164,accessible,description,An accessible description is,"['<|endoftext|>', 'An', ' accessible', ' description', ' is']",2,3,accessibility,pythia-1b
accessible_description,8,2,0.048,accessible,description,An accessible description is,"['<|endoftext|>', 'An', ' accessible', ' description', ' is']",2,3,accessibility,pythia-1b
accessible_description,8,3,0.3178,accessible,description,An accessible description is,"['<|endoftext|>', 'An', ' accessible', ' description', ' is']",2,3,accessibility,pythia-1b
accessible_description,8,4,0.0267,accessible,description,An accessible description is,"['<|endoftext|>', 'An', ' accessible', ' description', ' is']",2,3,accessibility,pythia-1b
accessible_description,8,5,0.0044,accessible,description,An accessible description is,"['<|endoftext|>', 'An', ' accessible', ' description', ' is']",2,3,accessibility,pythia-1b
accessible_description,8,6,0.0012,accessible,description,An accessible description is,"['<|endoftext|>', 'An', ' accessible', ' description', ' is']",2,3,accessibility,pythia-1b
accessible_description,8,7,0.0319,accessible,description,An accessible description is,"['<|endoftext|>', 'An', ' accessible', ' description', ' is']",2,3,accessibility,pythia-1b
accessible_description,9,0,0.1072,accessible,description,An accessible description is,"['<|endoftext|>', 'An', ' accessible', ' description', ' is']",2,3,accessibility,pythia-1b
accessible_description,9,1,0.0055,accessible,description,An accessible description is,"['<|endoftext|>', 'An', ' accessible', ' description', ' is']",2,3,accessibility,pythia-1b
accessible_description,9,2,0.2087,accessible,description,An accessible description is,"['<|endoftext|>', 'An', ' accessible', ' description', ' is']",2,3,accessibility,pythia-1b
accessible_description,9,3,0.022,accessible,description,An accessible description is,"['<|endoftext|>', 'An', ' accessible', ' description', ' is']",2,3,accessibility,pythia-1b
accessible_description,9,4,0.0022,accessible,description,An accessible description is,"['<|endoftext|>', 'An', ' accessible', ' description', ' is']",2,3,accessibility,pythia-1b
accessible_description,9,5,0.0395,accessible,description,An accessible description is,"['<|endoftext|>', 'An', ' accessible', ' description', ' is']",2,3,accessibility,pythia-1b
accessible_description,9,6,0.1831,accessible,description,An accessible description is,"['<|endoftext|>', 'An', ' accessible', ' description', ' is']",2,3,accessibility,pythia-1b
accessible_description,9,7,0.0431,accessible,description,An accessible description is,"['<|endoftext|>', 'An', ' accessible', ' description', ' is']",2,3,accessibility,pythia-1b
accessible_description,10,0,0.0188,accessible,description,An accessible description is,"['<|endoftext|>', 'An', ' accessible', ' description', ' is']",2,3,accessibility,pythia-1b
accessible_description,10,1,0.4046,accessible,description,An accessible description is,"['<|endoftext|>', 'An', ' accessible', ' description', ' is']",2,3,accessibility,pythia-1b
accessible_description,10,2,0.0134,accessible,description,An accessible description is,"['<|endoftext|>', 'An', ' accessible', ' description', ' is']",2,3,accessibility,pythia-1b
accessible_description,10,3,0.0342,accessible,description,An accessible description is,"['<|endoftext|>', 'An', ' accessible', ' description', ' is']",2,3,accessibility,pythia-1b
accessible_description,10,4,0.0169,accessible,description,An accessible description is,"['<|endoftext|>', 'An', ' accessible', ' description', ' is']",2,3,accessibility,pythia-1b
accessible_description,10,5,0.004,accessible,description,An accessible description is,"['<|endoftext|>', 'An', ' accessible', ' description', ' is']",2,3,accessibility,pythia-1b
accessible_description,10,6,0.0016,accessible,description,An accessible description is,"['<|endoftext|>', 'An', ' accessible', ' description', ' is']",2,3,accessibility,pythia-1b
accessible_description,10,7,0.0291,accessible,description,An accessible description is,"['<|endoftext|>', 'An', ' accessible', ' description', ' is']",2,3,accessibility,pythia-1b
accessible_description,11,0,0.1162,accessible,description,An accessible description is,"['<|endoftext|>', 'An', ' accessible', ' description', ' is']",2,3,accessibility,pythia-1b
accessible_description,11,1,0.0126,accessible,description,An accessible description is,"['<|endoftext|>', 'An', ' accessible', ' description', ' is']",2,3,accessibility,pythia-1b
accessible_description,11,2,0.0452,accessible,description,An accessible description is,"['<|endoftext|>', 'An', ' accessible', ' description', ' is']",2,3,accessibility,pythia-1b
accessible_description,11,3,0.0094,accessible,description,An accessible description is,"['<|endoftext|>', 'An', ' accessible', ' description', ' is']",2,3,accessibility,pythia-1b
accessible_description,11,4,0.1297,accessible,description,An accessible description is,"['<|endoftext|>', 'An', ' accessible', ' description', ' is']",2,3,accessibility,pythia-1b
accessible_description,11,5,0.0041,accessible,description,An accessible description is,"['<|endoftext|>', 'An', ' accessible', ' description', ' is']",2,3,accessibility,pythia-1b
accessible_description,11,6,0.0187,accessible,description,An accessible description is,"['<|endoftext|>', 'An', ' accessible', ' description', ' is']",2,3,accessibility,pythia-1b
accessible_description,11,7,0.0004,accessible,description,An accessible description is,"['<|endoftext|>', 'An', ' accessible', ' description', ' is']",2,3,accessibility,pythia-1b
accessible_description,12,0,0.0107,accessible,description,An accessible description is,"['<|endoftext|>', 'An', ' accessible', ' description', ' is']",2,3,accessibility,pythia-1b
accessible_description,12,1,0.0329,accessible,description,An accessible description is,"['<|endoftext|>', 'An', ' accessible', ' description', ' is']",2,3,accessibility,pythia-1b
accessible_description,12,2,0.1337,accessible,description,An accessible description is,"['<|endoftext|>', 'An', ' accessible', ' description', ' is']",2,3,accessibility,pythia-1b
accessible_description,12,3,0.0083,accessible,description,An accessible description is,"['<|endoftext|>', 'An', ' accessible', ' description', ' is']",2,3,accessibility,pythia-1b
accessible_description,12,4,0.0192,accessible,description,An accessible description is,"['<|endoftext|>', 'An', ' accessible', ' description', ' is']",2,3,accessibility,pythia-1b
accessible_description,12,5,0.0455,accessible,description,An accessible description is,"['<|endoftext|>', 'An', ' accessible', ' description', ' is']",2,3,accessibility,pythia-1b
accessible_description,12,6,0.0029,accessible,description,An accessible description is,"['<|endoftext|>', 'An', ' accessible', ' description', ' is']",2,3,accessibility,pythia-1b
accessible_description,12,7,0.0318,accessible,description,An accessible description is,"['<|endoftext|>', 'An', ' accessible', ' description', ' is']",2,3,accessibility,pythia-1b
accessible_description,13,0,0.2264,accessible,description,An accessible description is,"['<|endoftext|>', 'An', ' accessible', ' description', ' is']",2,3,accessibility,pythia-1b
accessible_description,13,1,0.1105,accessible,description,An accessible description is,"['<|endoftext|>', 'An', ' accessible', ' description', ' is']",2,3,accessibility,pythia-1b
accessible_description,13,2,0.0057,accessible,description,An accessible description is,"['<|endoftext|>', 'An', ' accessible', ' description', ' is']",2,3,accessibility,pythia-1b
accessible_description,13,3,0.0348,accessible,description,An accessible description is,"['<|endoftext|>', 'An', ' accessible', ' description', ' is']",2,3,accessibility,pythia-1b
accessible_description,13,4,0.2223,accessible,description,An accessible description is,"['<|endoftext|>', 'An', ' accessible', ' description', ' is']",2,3,accessibility,pythia-1b
accessible_description,13,5,0.0469,accessible,description,An accessible description is,"['<|endoftext|>', 'An', ' accessible', ' description', ' is']",2,3,accessibility,pythia-1b
accessible_description,13,6,0.0062,accessible,description,An accessible description is,"['<|endoftext|>', 'An', ' accessible', ' description', ' is']",2,3,accessibility,pythia-1b
accessible_description,13,7,0.1761,accessible,description,An accessible description is,"['<|endoftext|>', 'An', ' accessible', ' description', ' is']",2,3,accessibility,pythia-1b
accessible_description,14,0,0.0732,accessible,description,An accessible description is,"['<|endoftext|>', 'An', ' accessible', ' description', ' is']",2,3,accessibility,pythia-1b
accessible_description,14,1,0.039,accessible,description,An accessible description is,"['<|endoftext|>', 'An', ' accessible', ' description', ' is']",2,3,accessibility,pythia-1b
accessible_description,14,2,0.1471,accessible,description,An accessible description is,"['<|endoftext|>', 'An', ' accessible', ' description', ' is']",2,3,accessibility,pythia-1b
accessible_description,14,3,0.1344,accessible,description,An accessible description is,"['<|endoftext|>', 'An', ' accessible', ' description', ' is']",2,3,accessibility,pythia-1b
accessible_description,14,4,0.2262,accessible,description,An accessible description is,"['<|endoftext|>', 'An', ' accessible', ' description', ' is']",2,3,accessibility,pythia-1b
accessible_description,14,5,0.2548,accessible,description,An accessible description is,"['<|endoftext|>', 'An', ' accessible', ' description', ' is']",2,3,accessibility,pythia-1b
accessible_description,14,6,0.0187,accessible,description,An accessible description is,"['<|endoftext|>', 'An', ' accessible', ' description', ' is']",2,3,accessibility,pythia-1b
accessible_description,14,7,0.0774,accessible,description,An accessible description is,"['<|endoftext|>', 'An', ' accessible', ' description', ' is']",2,3,accessibility,pythia-1b
accessible_description,15,0,0.0667,accessible,description,An accessible description is,"['<|endoftext|>', 'An', ' accessible', ' description', ' is']",2,3,accessibility,pythia-1b
accessible_description,15,1,0.0758,accessible,description,An accessible description is,"['<|endoftext|>', 'An', ' accessible', ' description', ' is']",2,3,accessibility,pythia-1b
accessible_description,15,2,0.1572,accessible,description,An accessible description is,"['<|endoftext|>', 'An', ' accessible', ' description', ' is']",2,3,accessibility,pythia-1b
accessible_description,15,3,0.1649,accessible,description,An accessible description is,"['<|endoftext|>', 'An', ' accessible', ' description', ' is']",2,3,accessibility,pythia-1b
accessible_description,15,4,0.0379,accessible,description,An accessible description is,"['<|endoftext|>', 'An', ' accessible', ' description', ' is']",2,3,accessibility,pythia-1b
accessible_description,15,5,0.1831,accessible,description,An accessible description is,"['<|endoftext|>', 'An', ' accessible', ' description', ' is']",2,3,accessibility,pythia-1b
accessible_description,15,6,0.0971,accessible,description,An accessible description is,"['<|endoftext|>', 'An', ' accessible', ' description', ' is']",2,3,accessibility,pythia-1b
accessible_description,15,7,0.0847,accessible,description,An accessible description is,"['<|endoftext|>', 'An', ' accessible', ' description', ' is']",2,3,accessibility,pythia-1b
live_region,0,0,0.2499,live,region,A live region is,"['<|endoftext|>', 'A', ' live', ' region', ' is']",2,3,accessibility,pythia-1b
live_region,0,1,0.346,live,region,A live region is,"['<|endoftext|>', 'A', ' live', ' region', ' is']",2,3,accessibility,pythia-1b
live_region,0,2,0.0,live,region,A live region is,"['<|endoftext|>', 'A', ' live', ' region', ' is']",2,3,accessibility,pythia-1b
live_region,0,3,0.2069,live,region,A live region is,"['<|endoftext|>', 'A', ' live', ' region', ' is']",2,3,accessibility,pythia-1b
live_region,0,4,0.0204,live,region,A live region is,"['<|endoftext|>', 'A', ' live', ' region', ' is']",2,3,accessibility,pythia-1b
live_region,0,5,0.1765,live,region,A live region is,"['<|endoftext|>', 'A', ' live', ' region', ' is']",2,3,accessibility,pythia-1b
live_region,0,6,0.0495,live,region,A live region is,"['<|endoftext|>', 'A', ' live', ' region', ' is']",2,3,accessibility,pythia-1b
live_region,0,7,0.0528,live,region,A live region is,"['<|endoftext|>', 'A', ' live', ' region', ' is']",2,3,accessibility,pythia-1b
live_region,1,0,0.2062,live,region,A live region is,"['<|endoftext|>', 'A', ' live', ' region', ' is']",2,3,accessibility,pythia-1b
live_region,1,1,0.1132,live,region,A live region is,"['<|endoftext|>', 'A', ' live', ' region', ' is']",2,3,accessibility,pythia-1b
live_region,1,2,0.0538,live,region,A live region is,"['<|endoftext|>', 'A', ' live', ' region', ' is']",2,3,accessibility,pythia-1b
live_region,1,3,0.544,live,region,A live region is,"['<|endoftext|>', 'A', ' live', ' region', ' is']",2,3,accessibility,pythia-1b
live_region,1,4,0.0276,live,region,A live region is,"['<|endoftext|>', 'A', ' live', ' region', ' is']",2,3,accessibility,pythia-1b
live_region,1,5,0.6174,live,region,A live region is,"['<|endoftext|>', 'A', ' live', ' region', ' is']",2,3,accessibility,pythia-1b
live_region,1,6,0.2097,live,region,A live region is,"['<|endoftext|>', 'A', ' live', ' region', ' is']",2,3,accessibility,pythia-1b
live_region,1,7,0.0014,live,region,A live region is,"['<|endoftext|>', 'A', ' live', ' region', ' is']",2,3,accessibility,pythia-1b
live_region,2,0,0.4092,live,region,A live region is,"['<|endoftext|>', 'A', ' live', ' region', ' is']",2,3,accessibility,pythia-1b
live_region,2,1,0.1728,live,region,A live region is,"['<|endoftext|>', 'A', ' live', ' region', ' is']",2,3,accessibility,pythia-1b
live_region,2,2,0.1895,live,region,A live region is,"['<|endoftext|>', 'A', ' live', ' region', ' is']",2,3,accessibility,pythia-1b
live_region,2,3,0.1896,live,region,A live region is,"['<|endoftext|>', 'A', ' live', ' region', ' is']",2,3,accessibility,pythia-1b
live_region,2,4,0.0986,live,region,A live region is,"['<|endoftext|>', 'A', ' live', ' region', ' is']",2,3,accessibility,pythia-1b
live_region,2,5,0.0945,live,region,A live region is,"['<|endoftext|>', 'A', ' live', ' region', ' is']",2,3,accessibility,pythia-1b
live_region,2,6,0.1972,live,region,A live region is,"['<|endoftext|>', 'A', ' live', ' region', ' is']",2,3,accessibility,pythia-1b
live_region,2,7,0.0141,live,region,A live region is,"['<|endoftext|>', 'A', ' live', ' region', ' is']",2,3,accessibility,pythia-1b
live_region,3,0,0.0285,live,region,A live region is,"['<|endoftext|>', 'A', ' live', ' region', ' is']",2,3,accessibility,pythia-1b
live_region,3,1,0.0205,live,region,A live region is,"['<|endoftext|>', 'A', ' live', ' region', ' is']",2,3,accessibility,pythia-1b
live_region,3,2,0.1865,live,region,A live region is,"['<|endoftext|>', 'A', ' live', ' region', ' is']",2,3,accessibility,pythia-1b
live_region,3,3,0.0433,live,region,A live region is,"['<|endoftext|>', 'A', ' live', ' region', ' is']",2,3,accessibility,pythia-1b
live_region,3,4,0.0658,live,region,A live region is,"['<|endoftext|>', 'A', ' live', ' region', ' is']",2,3,accessibility,pythia-1b
live_region,3,5,0.9986,live,region,A live region is,"['<|endoftext|>', 'A', ' live', ' region', ' is']",2,3,accessibility,pythia-1b
live_region,3,6,0.8409,live,region,A live region is,"['<|endoftext|>', 'A', ' live', ' region', ' is']",2,3,accessibility,pythia-1b
live_region,3,7,0.0456,live,region,A live region is,"['<|endoftext|>', 'A', ' live', ' region', ' is']",2,3,accessibility,pythia-1b
live_region,4,0,0.4578,live,region,A live region is,"['<|endoftext|>', 'A', ' live', ' region', ' is']",2,3,accessibility,pythia-1b
live_region,4,1,0.0087,live,region,A live region is,"['<|endoftext|>', 'A', ' live', ' region', ' is']",2,3,accessibility,pythia-1b
live_region,4,2,0.0191,live,region,A live region is,"['<|endoftext|>', 'A', ' live', ' region', ' is']",2,3,accessibility,pythia-1b
live_region,4,3,0.0139,live,region,A live region is,"['<|endoftext|>', 'A', ' live', ' region', ' is']",2,3,accessibility,pythia-1b
live_region,4,4,0.0,live,region,A live region is,"['<|endoftext|>', 'A', ' live', ' region', ' is']",2,3,accessibility,pythia-1b
live_region,4,5,0.0007,live,region,A live region is,"['<|endoftext|>', 'A', ' live', ' region', ' is']",2,3,accessibility,pythia-1b
live_region,4,6,0.0658,live,region,A live region is,"['<|endoftext|>', 'A', ' live', ' region', ' is']",2,3,accessibility,pythia-1b
live_region,4,7,0.0235,live,region,A live region is,"['<|endoftext|>', 'A', ' live', ' region', ' is']",2,3,accessibility,pythia-1b
live_region,5,0,0.2946,live,region,A live region is,"['<|endoftext|>', 'A', ' live', ' region', ' is']",2,3,accessibility,pythia-1b
live_region,5,1,0.0,live,region,A live region is,"['<|endoftext|>', 'A', ' live', ' region', ' is']",2,3,accessibility,pythia-1b
live_region,5,2,0.0643,live,region,A live region is,"['<|endoftext|>', 'A', ' live', ' region', ' is']",2,3,accessibility,pythia-1b
live_region,5,3,0.0888,live,region,A live region is,"['<|endoftext|>', 'A', ' live', ' region', ' is']",2,3,accessibility,pythia-1b
live_region,5,4,0.0114,live,region,A live region is,"['<|endoftext|>', 'A', ' live', ' region', ' is']",2,3,accessibility,pythia-1b
live_region,5,5,0.1256,live,region,A live region is,"['<|endoftext|>', 'A', ' live', ' region', ' is']",2,3,accessibility,pythia-1b
live_region,5,6,0.0009,live,region,A live region is,"['<|endoftext|>', 'A', ' live', ' region', ' is']",2,3,accessibility,pythia-1b
live_region,5,7,0.0017,live,region,A live region is,"['<|endoftext|>', 'A', ' live', ' region', ' is']",2,3,accessibility,pythia-1b
live_region,6,0,0.2298,live,region,A live region is,"['<|endoftext|>', 'A', ' live', ' region', ' is']",2,3,accessibility,pythia-1b
live_region,6,1,0.0027,live,region,A live region is,"['<|endoftext|>', 'A', ' live', ' region', ' is']",2,3,accessibility,pythia-1b
live_region,6,2,0.0336,live,region,A live region is,"['<|endoftext|>', 'A', ' live', ' region', ' is']",2,3,accessibility,pythia-1b
live_region,6,3,0.8706,live,region,A live region is,"['<|endoftext|>', 'A', ' live', ' region', ' is']",2,3,accessibility,pythia-1b
live_region,6,4,0.0243,live,region,A live region is,"['<|endoftext|>', 'A', ' live', ' region', ' is']",2,3,accessibility,pythia-1b
live_region,6,5,0.1127,live,region,A live region is,"['<|endoftext|>', 'A', ' live', ' region', ' is']",2,3,accessibility,pythia-1b
live_region,6,6,0.0742,live,region,A live region is,"['<|endoftext|>', 'A', ' live', ' region', ' is']",2,3,accessibility,pythia-1b
live_region,6,7,0.0004,live,region,A live region is,"['<|endoftext|>', 'A', ' live', ' region', ' is']",2,3,accessibility,pythia-1b
live_region,7,0,0.0001,live,region,A live region is,"['<|endoftext|>', 'A', ' live', ' region', ' is']",2,3,accessibility,pythia-1b
live_region,7,1,0.0,live,region,A live region is,"['<|endoftext|>', 'A', ' live', ' region', ' is']",2,3,accessibility,pythia-1b
live_region,7,2,0.0007,live,region,A live region is,"['<|endoftext|>', 'A', ' live', ' region', ' is']",2,3,accessibility,pythia-1b
live_region,7,3,0.0667,live,region,A live region is,"['<|endoftext|>', 'A', ' live', ' region', ' is']",2,3,accessibility,pythia-1b
live_region,7,4,0.1411,live,region,A live region is,"['<|endoftext|>', 'A', ' live', ' region', ' is']",2,3,accessibility,pythia-1b
live_region,7,5,0.1429,live,region,A live region is,"['<|endoftext|>', 'A', ' live', ' region', ' is']",2,3,accessibility,pythia-1b
live_region,7,6,0.187,live,region,A live region is,"['<|endoftext|>', 'A', ' live', ' region', ' is']",2,3,accessibility,pythia-1b
live_region,7,7,0.0381,live,region,A live region is,"['<|endoftext|>', 'A', ' live', ' region', ' is']",2,3,accessibility,pythia-1b
live_region,8,0,0.0023,live,region,A live region is,"['<|endoftext|>', 'A', ' live', ' region', ' is']",2,3,accessibility,pythia-1b
live_region,8,1,0.0264,live,region,A live region is,"['<|endoftext|>', 'A', ' live', ' region', ' is']",2,3,accessibility,pythia-1b
live_region,8,2,0.0295,live,region,A live region is,"['<|endoftext|>', 'A', ' live', ' region', ' is']",2,3,accessibility,pythia-1b
live_region,8,3,0.4069,live,region,A live region is,"['<|endoftext|>', 'A', ' live', ' region', ' is']",2,3,accessibility,pythia-1b
live_region,8,4,0.0081,live,region,A live region is,"['<|endoftext|>', 'A', ' live', ' region', ' is']",2,3,accessibility,pythia-1b
live_region,8,5,0.0148,live,region,A live region is,"['<|endoftext|>', 'A', ' live', ' region', ' is']",2,3,accessibility,pythia-1b
live_region,8,6,0.0009,live,region,A live region is,"['<|endoftext|>', 'A', ' live', ' region', ' is']",2,3,accessibility,pythia-1b
live_region,8,7,0.1067,live,region,A live region is,"['<|endoftext|>', 'A', ' live', ' region', ' is']",2,3,accessibility,pythia-1b
live_region,9,0,0.0452,live,region,A live region is,"['<|endoftext|>', 'A', ' live', ' region', ' is']",2,3,accessibility,pythia-1b
live_region,9,1,0.0075,live,region,A live region is,"['<|endoftext|>', 'A', ' live', ' region', ' is']",2,3,accessibility,pythia-1b
live_region,9,2,0.1923,live,region,A live region is,"['<|endoftext|>', 'A', ' live', ' region', ' is']",2,3,accessibility,pythia-1b
live_region,9,3,0.1169,live,region,A live region is,"['<|endoftext|>', 'A', ' live', ' region', ' is']",2,3,accessibility,pythia-1b
live_region,9,4,0.0039,live,region,A live region is,"['<|endoftext|>', 'A', ' live', ' region', ' is']",2,3,accessibility,pythia-1b
live_region,9,5,0.0036,live,region,A live region is,"['<|endoftext|>', 'A', ' live', ' region', ' is']",2,3,accessibility,pythia-1b
live_region,9,6,0.1747,live,region,A live region is,"['<|endoftext|>', 'A', ' live', ' region', ' is']",2,3,accessibility,pythia-1b
live_region,9,7,0.1099,live,region,A live region is,"['<|endoftext|>', 'A', ' live', ' region', ' is']",2,3,accessibility,pythia-1b
live_region,10,0,0.0057,live,region,A live region is,"['<|endoftext|>', 'A', ' live', ' region', ' is']",2,3,accessibility,pythia-1b
live_region,10,1,0.2688,live,region,A live region is,"['<|endoftext|>', 'A', ' live', ' region', ' is']",2,3,accessibility,pythia-1b
live_region,10,2,0.012,live,region,A live region is,"['<|endoftext|>', 'A', ' live', ' region', ' is']",2,3,accessibility,pythia-1b
live_region,10,3,0.086,live,region,A live region is,"['<|endoftext|>', 'A', ' live', ' region', ' is']",2,3,accessibility,pythia-1b
live_region,10,4,0.014,live,region,A live region is,"['<|endoftext|>', 'A', ' live', ' region', ' is']",2,3,accessibility,pythia-1b
live_region,10,5,0.0007,live,region,A live region is,"['<|endoftext|>', 'A', ' live', ' region', ' is']",2,3,accessibility,pythia-1b
live_region,10,6,0.0007,live,region,A live region is,"['<|endoftext|>', 'A', ' live', ' region', ' is']",2,3,accessibility,pythia-1b
live_region,10,7,0.0456,live,region,A live region is,"['<|endoftext|>', 'A', ' live', ' region', ' is']",2,3,accessibility,pythia-1b
live_region,11,0,0.0292,live,region,A live region is,"['<|endoftext|>', 'A', ' live', ' region', ' is']",2,3,accessibility,pythia-1b
live_region,11,1,0.0051,live,region,A live region is,"['<|endoftext|>', 'A', ' live', ' region', ' is']",2,3,accessibility,pythia-1b
live_region,11,2,0.0566,live,region,A live region is,"['<|endoftext|>', 'A', ' live', ' region', ' is']",2,3,accessibility,pythia-1b
live_region,11,3,0.0037,live,region,A live region is,"['<|endoftext|>', 'A', ' live', ' region', ' is']",2,3,accessibility,pythia-1b
live_region,11,4,0.077,live,region,A live region is,"['<|endoftext|>', 'A', ' live', ' region', ' is']",2,3,accessibility,pythia-1b
live_region,11,5,0.0073,live,region,A live region is,"['<|endoftext|>', 'A', ' live', ' region', ' is']",2,3,accessibility,pythia-1b
live_region,11,6,0.0044,live,region,A live region is,"['<|endoftext|>', 'A', ' live', ' region', ' is']",2,3,accessibility,pythia-1b
live_region,11,7,0.0023,live,region,A live region is,"['<|endoftext|>', 'A', ' live', ' region', ' is']",2,3,accessibility,pythia-1b
live_region,12,0,0.0052,live,region,A live region is,"['<|endoftext|>', 'A', ' live', ' region', ' is']",2,3,accessibility,pythia-1b
live_region,12,1,0.0131,live,region,A live region is,"['<|endoftext|>', 'A', ' live', ' region', ' is']",2,3,accessibility,pythia-1b
live_region,12,2,0.0515,live,region,A live region is,"['<|endoftext|>', 'A', ' live', ' region', ' is']",2,3,accessibility,pythia-1b
live_region,12,3,0.0093,live,region,A live region is,"['<|endoftext|>', 'A', ' live', ' region', ' is']",2,3,accessibility,pythia-1b
live_region,12,4,0.0132,live,region,A live region is,"['<|endoftext|>', 'A', ' live', ' region', ' is']",2,3,accessibility,pythia-1b
live_region,12,5,0.048,live,region,A live region is,"['<|endoftext|>', 'A', ' live', ' region', ' is']",2,3,accessibility,pythia-1b
live_region,12,6,0.0086,live,region,A live region is,"['<|endoftext|>', 'A', ' live', ' region', ' is']",2,3,accessibility,pythia-1b
live_region,12,7,0.0228,live,region,A live region is,"['<|endoftext|>', 'A', ' live', ' region', ' is']",2,3,accessibility,pythia-1b
live_region,13,0,0.1662,live,region,A live region is,"['<|endoftext|>', 'A', ' live', ' region', ' is']",2,3,accessibility,pythia-1b
live_region,13,1,0.0286,live,region,A live region is,"['<|endoftext|>', 'A', ' live', ' region', ' is']",2,3,accessibility,pythia-1b
live_region,13,2,0.0035,live,region,A live region is,"['<|endoftext|>', 'A', ' live', ' region', ' is']",2,3,accessibility,pythia-1b
live_region,13,3,0.0492,live,region,A live region is,"['<|endoftext|>', 'A', ' live', ' region', ' is']",2,3,accessibility,pythia-1b
live_region,13,4,0.3996,live,region,A live region is,"['<|endoftext|>', 'A', ' live', ' region', ' is']",2,3,accessibility,pythia-1b
live_region,13,5,0.021,live,region,A live region is,"['<|endoftext|>', 'A', ' live', ' region', ' is']",2,3,accessibility,pythia-1b
live_region,13,6,0.0026,live,region,A live region is,"['<|endoftext|>', 'A', ' live', ' region', ' is']",2,3,accessibility,pythia-1b
live_region,13,7,0.0499,live,region,A live region is,"['<|endoftext|>', 'A', ' live', ' region', ' is']",2,3,accessibility,pythia-1b
live_region,14,0,0.0232,live,region,A live region is,"['<|endoftext|>', 'A', ' live', ' region', ' is']",2,3,accessibility,pythia-1b
live_region,14,1,0.0761,live,region,A live region is,"['<|endoftext|>', 'A', ' live', ' region', ' is']",2,3,accessibility,pythia-1b
live_region,14,2,0.1813,live,region,A live region is,"['<|endoftext|>', 'A', ' live', ' region', ' is']",2,3,accessibility,pythia-1b
live_region,14,3,0.1448,live,region,A live region is,"['<|endoftext|>', 'A', ' live', ' region', ' is']",2,3,accessibility,pythia-1b
live_region,14,4,0.0873,live,region,A live region is,"['<|endoftext|>', 'A', ' live', ' region', ' is']",2,3,accessibility,pythia-1b
live_region,14,5,0.1128,live,region,A live region is,"['<|endoftext|>', 'A', ' live', ' region', ' is']",2,3,accessibility,pythia-1b
live_region,14,6,0.006,live,region,A live region is,"['<|endoftext|>', 'A', ' live', ' region', ' is']",2,3,accessibility,pythia-1b
live_region,14,7,0.0113,live,region,A live region is,"['<|endoftext|>', 'A', ' live', ' region', ' is']",2,3,accessibility,pythia-1b
live_region,15,0,0.1142,live,region,A live region is,"['<|endoftext|>', 'A', ' live', ' region', ' is']",2,3,accessibility,pythia-1b
live_region,15,1,0.0061,live,region,A live region is,"['<|endoftext|>', 'A', ' live', ' region', ' is']",2,3,accessibility,pythia-1b
live_region,15,2,0.0959,live,region,A live region is,"['<|endoftext|>', 'A', ' live', ' region', ' is']",2,3,accessibility,pythia-1b
live_region,15,3,0.027,live,region,A live region is,"['<|endoftext|>', 'A', ' live', ' region', ' is']",2,3,accessibility,pythia-1b
live_region,15,4,0.0536,live,region,A live region is,"['<|endoftext|>', 'A', ' live', ' region', ' is']",2,3,accessibility,pythia-1b
live_region,15,5,0.083,live,region,A live region is,"['<|endoftext|>', 'A', ' live', ' region', ' is']",2,3,accessibility,pythia-1b
live_region,15,6,0.0427,live,region,A live region is,"['<|endoftext|>', 'A', ' live', ' region', ' is']",2,3,accessibility,pythia-1b
live_region,15,7,0.1143,live,region,A live region is,"['<|endoftext|>', 'A', ' live', ' region', ' is']",2,3,accessibility,pythia-1b
tab_panel,0,0,0.2272,tab,panel,A tab panel is,"['<|endoftext|>', 'A', ' tab', ' panel', ' is']",2,3,accessibility,pythia-1b
tab_panel,0,1,0.3008,tab,panel,A tab panel is,"['<|endoftext|>', 'A', ' tab', ' panel', ' is']",2,3,accessibility,pythia-1b
tab_panel,0,2,0.0,tab,panel,A tab panel is,"['<|endoftext|>', 'A', ' tab', ' panel', ' is']",2,3,accessibility,pythia-1b
tab_panel,0,3,0.4305,tab,panel,A tab panel is,"['<|endoftext|>', 'A', ' tab', ' panel', ' is']",2,3,accessibility,pythia-1b
tab_panel,0,4,0.1142,tab,panel,A tab panel is,"['<|endoftext|>', 'A', ' tab', ' panel', ' is']",2,3,accessibility,pythia-1b
tab_panel,0,5,0.263,tab,panel,A tab panel is,"['<|endoftext|>', 'A', ' tab', ' panel', ' is']",2,3,accessibility,pythia-1b
tab_panel,0,6,0.0232,tab,panel,A tab panel is,"['<|endoftext|>', 'A', ' tab', ' panel', ' is']",2,3,accessibility,pythia-1b
tab_panel,0,7,0.0738,tab,panel,A tab panel is,"['<|endoftext|>', 'A', ' tab', ' panel', ' is']",2,3,accessibility,pythia-1b
tab_panel,1,0,0.4851,tab,panel,A tab panel is,"['<|endoftext|>', 'A', ' tab', ' panel', ' is']",2,3,accessibility,pythia-1b
tab_panel,1,1,0.077,tab,panel,A tab panel is,"['<|endoftext|>', 'A', ' tab', ' panel', ' is']",2,3,accessibility,pythia-1b
tab_panel,1,2,0.3537,tab,panel,A tab panel is,"['<|endoftext|>', 'A', ' tab', ' panel', ' is']",2,3,accessibility,pythia-1b
tab_panel,1,3,0.5266,tab,panel,A tab panel is,"['<|endoftext|>', 'A', ' tab', ' panel', ' is']",2,3,accessibility,pythia-1b
tab_panel,1,4,0.3399,tab,panel,A tab panel is,"['<|endoftext|>', 'A', ' tab', ' panel', ' is']",2,3,accessibility,pythia-1b
tab_panel,1,5,0.6937,tab,panel,A tab panel is,"['<|endoftext|>', 'A', ' tab', ' panel', ' is']",2,3,accessibility,pythia-1b
tab_panel,1,6,0.2048,tab,panel,A tab panel is,"['<|endoftext|>', 'A', ' tab', ' panel', ' is']",2,3,accessibility,pythia-1b
tab_panel,1,7,0.0083,tab,panel,A tab panel is,"['<|endoftext|>', 'A', ' tab', ' panel', ' is']",2,3,accessibility,pythia-1b
tab_panel,2,0,0.6599,tab,panel,A tab panel is,"['<|endoftext|>', 'A', ' tab', ' panel', ' is']",2,3,accessibility,pythia-1b
tab_panel,2,1,0.1493,tab,panel,A tab panel is,"['<|endoftext|>', 'A', ' tab', ' panel', ' is']",2,3,accessibility,pythia-1b
tab_panel,2,2,0.1766,tab,panel,A tab panel is,"['<|endoftext|>', 'A', ' tab', ' panel', ' is']",2,3,accessibility,pythia-1b
tab_panel,2,3,0.3102,tab,panel,A tab panel is,"['<|endoftext|>', 'A', ' tab', ' panel', ' is']",2,3,accessibility,pythia-1b
tab_panel,2,4,0.0929,tab,panel,A tab panel is,"['<|endoftext|>', 'A', ' tab', ' panel', ' is']",2,3,accessibility,pythia-1b
tab_panel,2,5,0.1077,tab,panel,A tab panel is,"['<|endoftext|>', 'A', ' tab', ' panel', ' is']",2,3,accessibility,pythia-1b
tab_panel,2,6,0.5058,tab,panel,A tab panel is,"['<|endoftext|>', 'A', ' tab', ' panel', ' is']",2,3,accessibility,pythia-1b
tab_panel,2,7,0.1019,tab,panel,A tab panel is,"['<|endoftext|>', 'A', ' tab', ' panel', ' is']",2,3,accessibility,pythia-1b
tab_panel,3,0,0.036,tab,panel,A tab panel is,"['<|endoftext|>', 'A', ' tab', ' panel', ' is']",2,3,accessibility,pythia-1b
tab_panel,3,1,0.0459,tab,panel,A tab panel is,"['<|endoftext|>', 'A', ' tab', ' panel', ' is']",2,3,accessibility,pythia-1b
tab_panel,3,2,0.1754,tab,panel,A tab panel is,"['<|endoftext|>', 'A', ' tab', ' panel', ' is']",2,3,accessibility,pythia-1b
tab_panel,3,3,0.2374,tab,panel,A tab panel is,"['<|endoftext|>', 'A', ' tab', ' panel', ' is']",2,3,accessibility,pythia-1b
tab_panel,3,4,0.0097,tab,panel,A tab panel is,"['<|endoftext|>', 'A', ' tab', ' panel', ' is']",2,3,accessibility,pythia-1b
tab_panel,3,5,0.989,tab,panel,A tab panel is,"['<|endoftext|>', 'A', ' tab', ' panel', ' is']",2,3,accessibility,pythia-1b
tab_panel,3,6,0.8537,tab,panel,A tab panel is,"['<|endoftext|>', 'A', ' tab', ' panel', ' is']",2,3,accessibility,pythia-1b
tab_panel,3,7,0.0674,tab,panel,A tab panel is,"['<|endoftext|>', 'A', ' tab', ' panel', ' is']",2,3,accessibility,pythia-1b
tab_panel,4,0,0.4661,tab,panel,A tab panel is,"['<|endoftext|>', 'A', ' tab', ' panel', ' is']",2,3,accessibility,pythia-1b
tab_panel,4,1,0.0206,tab,panel,A tab panel is,"['<|endoftext|>', 'A', ' tab', ' panel', ' is']",2,3,accessibility,pythia-1b
tab_panel,4,2,0.0559,tab,panel,A tab panel is,"['<|endoftext|>', 'A', ' tab', ' panel', ' is']",2,3,accessibility,pythia-1b
tab_panel,4,3,0.0375,tab,panel,A tab panel is,"['<|endoftext|>', 'A', ' tab', ' panel', ' is']",2,3,accessibility,pythia-1b
tab_panel,4,4,0.0,tab,panel,A tab panel is,"['<|endoftext|>', 'A', ' tab', ' panel', ' is']",2,3,accessibility,pythia-1b
tab_panel,4,5,0.0002,tab,panel,A tab panel is,"['<|endoftext|>', 'A', ' tab', ' panel', ' is']",2,3,accessibility,pythia-1b
tab_panel,4,6,0.1067,tab,panel,A tab panel is,"['<|endoftext|>', 'A', ' tab', ' panel', ' is']",2,3,accessibility,pythia-1b
tab_panel,4,7,0.0023,tab,panel,A tab panel is,"['<|endoftext|>', 'A', ' tab', ' panel', ' is']",2,3,accessibility,pythia-1b
tab_panel,5,0,0.0142,tab,panel,A tab panel is,"['<|endoftext|>', 'A', ' tab', ' panel', ' is']",2,3,accessibility,pythia-1b
tab_panel,5,1,0.0,tab,panel,A tab panel is,"['<|endoftext|>', 'A', ' tab', ' panel', ' is']",2,3,accessibility,pythia-1b
tab_panel,5,2,0.0194,tab,panel,A tab panel is,"['<|endoftext|>', 'A', ' tab', ' panel', ' is']",2,3,accessibility,pythia-1b
tab_panel,5,3,0.0904,tab,panel,A tab panel is,"['<|endoftext|>', 'A', ' tab', ' panel', ' is']",2,3,accessibility,pythia-1b
tab_panel,5,4,0.0399,tab,panel,A tab panel is,"['<|endoftext|>', 'A', ' tab', ' panel', ' is']",2,3,accessibility,pythia-1b
tab_panel,5,5,0.2234,tab,panel,A tab panel is,"['<|endoftext|>', 'A', ' tab', ' panel', ' is']",2,3,accessibility,pythia-1b
tab_panel,5,6,0.0013,tab,panel,A tab panel is,"['<|endoftext|>', 'A', ' tab', ' panel', ' is']",2,3,accessibility,pythia-1b
tab_panel,5,7,0.0005,tab,panel,A tab panel is,"['<|endoftext|>', 'A', ' tab', ' panel', ' is']",2,3,accessibility,pythia-1b
tab_panel,6,0,0.0127,tab,panel,A tab panel is,"['<|endoftext|>', 'A', ' tab', ' panel', ' is']",2,3,accessibility,pythia-1b
tab_panel,6,1,0.0131,tab,panel,A tab panel is,"['<|endoftext|>', 'A', ' tab', ' panel', ' is']",2,3,accessibility,pythia-1b
tab_panel,6,2,0.0034,tab,panel,A tab panel is,"['<|endoftext|>', 'A', ' tab', ' panel', ' is']",2,3,accessibility,pythia-1b
tab_panel,6,3,0.5973,tab,panel,A tab panel is,"['<|endoftext|>', 'A', ' tab', ' panel', ' is']",2,3,accessibility,pythia-1b
tab_panel,6,4,0.1681,tab,panel,A tab panel is,"['<|endoftext|>', 'A', ' tab', ' panel', ' is']",2,3,accessibility,pythia-1b
tab_panel,6,5,0.1162,tab,panel,A tab panel is,"['<|endoftext|>', 'A', ' tab', ' panel', ' is']",2,3,accessibility,pythia-1b
tab_panel,6,6,0.002,tab,panel,A tab panel is,"['<|endoftext|>', 'A', ' tab', ' panel', ' is']",2,3,accessibility,pythia-1b
tab_panel,6,7,0.0017,tab,panel,A tab panel is,"['<|endoftext|>', 'A', ' tab', ' panel', ' is']",2,3,accessibility,pythia-1b
tab_panel,7,0,0.0006,tab,panel,A tab panel is,"['<|endoftext|>', 'A', ' tab', ' panel', ' is']",2,3,accessibility,pythia-1b
tab_panel,7,1,0.0,tab,panel,A tab panel is,"['<|endoftext|>', 'A', ' tab', ' panel', ' is']",2,3,accessibility,pythia-1b
tab_panel,7,2,0.0005,tab,panel,A tab panel is,"['<|endoftext|>', 'A', ' tab', ' panel', ' is']",2,3,accessibility,pythia-1b
tab_panel,7,3,0.0208,tab,panel,A tab panel is,"['<|endoftext|>', 'A', ' tab', ' panel', ' is']",2,3,accessibility,pythia-1b
tab_panel,7,4,0.0662,tab,panel,A tab panel is,"['<|endoftext|>', 'A', ' tab', ' panel', ' is']",2,3,accessibility,pythia-1b
tab_panel,7,5,0.0264,tab,panel,A tab panel is,"['<|endoftext|>', 'A', ' tab', ' panel', ' is']",2,3,accessibility,pythia-1b
tab_panel,7,6,0.1675,tab,panel,A tab panel is,"['<|endoftext|>', 'A', ' tab', ' panel', ' is']",2,3,accessibility,pythia-1b
tab_panel,7,7,0.0237,tab,panel,A tab panel is,"['<|endoftext|>', 'A', ' tab', ' panel', ' is']",2,3,accessibility,pythia-1b
tab_panel,8,0,0.0024,tab,panel,A tab panel is,"['<|endoftext|>', 'A', ' tab', ' panel', ' is']",2,3,accessibility,pythia-1b
tab_panel,8,1,0.0238,tab,panel,A tab panel is,"['<|endoftext|>', 'A', ' tab', ' panel', ' is']",2,3,accessibility,pythia-1b
tab_panel,8,2,0.0091,tab,panel,A tab panel is,"['<|endoftext|>', 'A', ' tab', ' panel', ' is']",2,3,accessibility,pythia-1b
tab_panel,8,3,0.2485,tab,panel,A tab panel is,"['<|endoftext|>', 'A', ' tab', ' panel', ' is']",2,3,accessibility,pythia-1b
tab_panel,8,4,0.0094,tab,panel,A tab panel is,"['<|endoftext|>', 'A', ' tab', ' panel', ' is']",2,3,accessibility,pythia-1b
tab_panel,8,5,0.0016,tab,panel,A tab panel is,"['<|endoftext|>', 'A', ' tab', ' panel', ' is']",2,3,accessibility,pythia-1b
tab_panel,8,6,0.0035,tab,panel,A tab panel is,"['<|endoftext|>', 'A', ' tab', ' panel', ' is']",2,3,accessibility,pythia-1b
tab_panel,8,7,0.081,tab,panel,A tab panel is,"['<|endoftext|>', 'A', ' tab', ' panel', ' is']",2,3,accessibility,pythia-1b
tab_panel,9,0,0.0747,tab,panel,A tab panel is,"['<|endoftext|>', 'A', ' tab', ' panel', ' is']",2,3,accessibility,pythia-1b
tab_panel,9,1,0.0133,tab,panel,A tab panel is,"['<|endoftext|>', 'A', ' tab', ' panel', ' is']",2,3,accessibility,pythia-1b
tab_panel,9,2,0.0551,tab,panel,A tab panel is,"['<|endoftext|>', 'A', ' tab', ' panel', ' is']",2,3,accessibility,pythia-1b
tab_panel,9,3,0.0143,tab,panel,A tab panel is,"['<|endoftext|>', 'A', ' tab', ' panel', ' is']",2,3,accessibility,pythia-1b
tab_panel,9,4,0.0035,tab,panel,A tab panel is,"['<|endoftext|>', 'A', ' tab', ' panel', ' is']",2,3,accessibility,pythia-1b
tab_panel,9,5,0.0077,tab,panel,A tab panel is,"['<|endoftext|>', 'A', ' tab', ' panel', ' is']",2,3,accessibility,pythia-1b
tab_panel,9,6,0.1239,tab,panel,A tab panel is,"['<|endoftext|>', 'A', ' tab', ' panel', ' is']",2,3,accessibility,pythia-1b
tab_panel,9,7,0.3965,tab,panel,A tab panel is,"['<|endoftext|>', 'A', ' tab', ' panel', ' is']",2,3,accessibility,pythia-1b
tab_panel,10,0,0.0005,tab,panel,A tab panel is,"['<|endoftext|>', 'A', ' tab', ' panel', ' is']",2,3,accessibility,pythia-1b
tab_panel,10,1,0.1728,tab,panel,A tab panel is,"['<|endoftext|>', 'A', ' tab', ' panel', ' is']",2,3,accessibility,pythia-1b
tab_panel,10,2,0.0235,tab,panel,A tab panel is,"['<|endoftext|>', 'A', ' tab', ' panel', ' is']",2,3,accessibility,pythia-1b
tab_panel,10,3,0.0568,tab,panel,A tab panel is,"['<|endoftext|>', 'A', ' tab', ' panel', ' is']",2,3,accessibility,pythia-1b
tab_panel,10,4,0.0153,tab,panel,A tab panel is,"['<|endoftext|>', 'A', ' tab', ' panel', ' is']",2,3,accessibility,pythia-1b
tab_panel,10,5,0.0019,tab,panel,A tab panel is,"['<|endoftext|>', 'A', ' tab', ' panel', ' is']",2,3,accessibility,pythia-1b
tab_panel,10,6,0.0,tab,panel,A tab panel is,"['<|endoftext|>', 'A', ' tab', ' panel', ' is']",2,3,accessibility,pythia-1b
tab_panel,10,7,0.0204,tab,panel,A tab panel is,"['<|endoftext|>', 'A', ' tab', ' panel', ' is']",2,3,accessibility,pythia-1b
tab_panel,11,0,0.0478,tab,panel,A tab panel is,"['<|endoftext|>', 'A', ' tab', ' panel', ' is']",2,3,accessibility,pythia-1b
tab_panel,11,1,0.0177,tab,panel,A tab panel is,"['<|endoftext|>', 'A', ' tab', ' panel', ' is']",2,3,accessibility,pythia-1b
tab_panel,11,2,0.0495,tab,panel,A tab panel is,"['<|endoftext|>', 'A', ' tab', ' panel', ' is']",2,3,accessibility,pythia-1b
tab_panel,11,3,0.0065,tab,panel,A tab panel is,"['<|endoftext|>', 'A', ' tab', ' panel', ' is']",2,3,accessibility,pythia-1b
tab_panel,11,4,0.0481,tab,panel,A tab panel is,"['<|endoftext|>', 'A', ' tab', ' panel', ' is']",2,3,accessibility,pythia-1b
tab_panel,11,5,0.0464,tab,panel,A tab panel is,"['<|endoftext|>', 'A', ' tab', ' panel', ' is']",2,3,accessibility,pythia-1b
tab_panel,11,6,0.0057,tab,panel,A tab panel is,"['<|endoftext|>', 'A', ' tab', ' panel', ' is']",2,3,accessibility,pythia-1b
tab_panel,11,7,0.0018,tab,panel,A tab panel is,"['<|endoftext|>', 'A', ' tab', ' panel', ' is']",2,3,accessibility,pythia-1b
tab_panel,12,0,0.0131,tab,panel,A tab panel is,"['<|endoftext|>', 'A', ' tab', ' panel', ' is']",2,3,accessibility,pythia-1b
tab_panel,12,1,0.03,tab,panel,A tab panel is,"['<|endoftext|>', 'A', ' tab', ' panel', ' is']",2,3,accessibility,pythia-1b
tab_panel,12,2,0.0146,tab,panel,A tab panel is,"['<|endoftext|>', 'A', ' tab', ' panel', ' is']",2,3,accessibility,pythia-1b
tab_panel,12,3,0.0051,tab,panel,A tab panel is,"['<|endoftext|>', 'A', ' tab', ' panel', ' is']",2,3,accessibility,pythia-1b
tab_panel,12,4,0.0175,tab,panel,A tab panel is,"['<|endoftext|>', 'A', ' tab', ' panel', ' is']",2,3,accessibility,pythia-1b
tab_panel,12,5,0.0251,tab,panel,A tab panel is,"['<|endoftext|>', 'A', ' tab', ' panel', ' is']",2,3,accessibility,pythia-1b
tab_panel,12,6,0.0293,tab,panel,A tab panel is,"['<|endoftext|>', 'A', ' tab', ' panel', ' is']",2,3,accessibility,pythia-1b
tab_panel,12,7,0.0312,tab,panel,A tab panel is,"['<|endoftext|>', 'A', ' tab', ' panel', ' is']",2,3,accessibility,pythia-1b
tab_panel,13,0,0.0496,tab,panel,A tab panel is,"['<|endoftext|>', 'A', ' tab', ' panel', ' is']",2,3,accessibility,pythia-1b
tab_panel,13,1,0.0226,tab,panel,A tab panel is,"['<|endoftext|>', 'A', ' tab', ' panel', ' is']",2,3,accessibility,pythia-1b
tab_panel,13,2,0.0277,tab,panel,A tab panel is,"['<|endoftext|>', 'A', ' tab', ' panel', ' is']",2,3,accessibility,pythia-1b
tab_panel,13,3,0.0101,tab,panel,A tab panel is,"['<|endoftext|>', 'A', ' tab', ' panel', ' is']",2,3,accessibility,pythia-1b
tab_panel,13,4,0.0894,tab,panel,A tab panel is,"['<|endoftext|>', 'A', ' tab', ' panel', ' is']",2,3,accessibility,pythia-1b
tab_panel,13,5,0.0229,tab,panel,A tab panel is,"['<|endoftext|>', 'A', ' tab', ' panel', ' is']",2,3,accessibility,pythia-1b
tab_panel,13,6,0.0017,tab,panel,A tab panel is,"['<|endoftext|>', 'A', ' tab', ' panel', ' is']",2,3,accessibility,pythia-1b
tab_panel,13,7,0.0116,tab,panel,A tab panel is,"['<|endoftext|>', 'A', ' tab', ' panel', ' is']",2,3,accessibility,pythia-1b
tab_panel,14,0,0.0143,tab,panel,A tab panel is,"['<|endoftext|>', 'A', ' tab', ' panel', ' is']",2,3,accessibility,pythia-1b
tab_panel,14,1,0.0065,tab,panel,A tab panel is,"['<|endoftext|>', 'A', ' tab', ' panel', ' is']",2,3,accessibility,pythia-1b
tab_panel,14,2,0.0377,tab,panel,A tab panel is,"['<|endoftext|>', 'A', ' tab', ' panel', ' is']",2,3,accessibility,pythia-1b
tab_panel,14,3,0.1246,tab,panel,A tab panel is,"['<|endoftext|>', 'A', ' tab', ' panel', ' is']",2,3,accessibility,pythia-1b
tab_panel,14,4,0.0043,tab,panel,A tab panel is,"['<|endoftext|>', 'A', ' tab', ' panel', ' is']",2,3,accessibility,pythia-1b
tab_panel,14,5,0.007,tab,panel,A tab panel is,"['<|endoftext|>', 'A', ' tab', ' panel', ' is']",2,3,accessibility,pythia-1b
tab_panel,14,6,0.0089,tab,panel,A tab panel is,"['<|endoftext|>', 'A', ' tab', ' panel', ' is']",2,3,accessibility,pythia-1b
tab_panel,14,7,0.0035,tab,panel,A tab panel is,"['<|endoftext|>', 'A', ' tab', ' panel', ' is']",2,3,accessibility,pythia-1b
tab_panel,15,0,0.0298,tab,panel,A tab panel is,"['<|endoftext|>', 'A', ' tab', ' panel', ' is']",2,3,accessibility,pythia-1b
tab_panel,15,1,0.005,tab,panel,A tab panel is,"['<|endoftext|>', 'A', ' tab', ' panel', ' is']",2,3,accessibility,pythia-1b
tab_panel,15,2,0.0217,tab,panel,A tab panel is,"['<|endoftext|>', 'A', ' tab', ' panel', ' is']",2,3,accessibility,pythia-1b
tab_panel,15,3,0.0114,tab,panel,A tab panel is,"['<|endoftext|>', 'A', ' tab', ' panel', ' is']",2,3,accessibility,pythia-1b
tab_panel,15,4,0.0404,tab,panel,A tab panel is,"['<|endoftext|>', 'A', ' tab', ' panel', ' is']",2,3,accessibility,pythia-1b
tab_panel,15,5,0.1292,tab,panel,A tab panel is,"['<|endoftext|>', 'A', ' tab', ' panel', ' is']",2,3,accessibility,pythia-1b
tab_panel,15,6,0.0221,tab,panel,A tab panel is,"['<|endoftext|>', 'A', ' tab', ' panel', ' is']",2,3,accessibility,pythia-1b
tab_panel,15,7,0.0559,tab,panel,A tab panel is,"['<|endoftext|>', 'A', ' tab', ' panel', ' is']",2,3,accessibility,pythia-1b
radio_group,0,0,0.2353,radio,group,A radio group is,"['<|endoftext|>', 'A', ' radio', ' group', ' is']",2,3,accessibility,pythia-1b
radio_group,0,1,0.2996,radio,group,A radio group is,"['<|endoftext|>', 'A', ' radio', ' group', ' is']",2,3,accessibility,pythia-1b
radio_group,0,2,0.0,radio,group,A radio group is,"['<|endoftext|>', 'A', ' radio', ' group', ' is']",2,3,accessibility,pythia-1b
radio_group,0,3,0.5971,radio,group,A radio group is,"['<|endoftext|>', 'A', ' radio', ' group', ' is']",2,3,accessibility,pythia-1b
radio_group,0,4,0.0102,radio,group,A radio group is,"['<|endoftext|>', 'A', ' radio', ' group', ' is']",2,3,accessibility,pythia-1b
radio_group,0,5,0.3725,radio,group,A radio group is,"['<|endoftext|>', 'A', ' radio', ' group', ' is']",2,3,accessibility,pythia-1b
radio_group,0,6,0.0624,radio,group,A radio group is,"['<|endoftext|>', 'A', ' radio', ' group', ' is']",2,3,accessibility,pythia-1b
radio_group,0,7,0.2726,radio,group,A radio group is,"['<|endoftext|>', 'A', ' radio', ' group', ' is']",2,3,accessibility,pythia-1b
radio_group,1,0,0.6587,radio,group,A radio group is,"['<|endoftext|>', 'A', ' radio', ' group', ' is']",2,3,accessibility,pythia-1b
radio_group,1,1,0.0849,radio,group,A radio group is,"['<|endoftext|>', 'A', ' radio', ' group', ' is']",2,3,accessibility,pythia-1b
radio_group,1,2,0.2356,radio,group,A radio group is,"['<|endoftext|>', 'A', ' radio', ' group', ' is']",2,3,accessibility,pythia-1b
radio_group,1,3,0.7651,radio,group,A radio group is,"['<|endoftext|>', 'A', ' radio', ' group', ' is']",2,3,accessibility,pythia-1b
radio_group,1,4,0.917,radio,group,A radio group is,"['<|endoftext|>', 'A', ' radio', ' group', ' is']",2,3,accessibility,pythia-1b
radio_group,1,5,0.1731,radio,group,A radio group is,"['<|endoftext|>', 'A', ' radio', ' group', ' is']",2,3,accessibility,pythia-1b
radio_group,1,6,0.3404,radio,group,A radio group is,"['<|endoftext|>', 'A', ' radio', ' group', ' is']",2,3,accessibility,pythia-1b
radio_group,1,7,0.0014,radio,group,A radio group is,"['<|endoftext|>', 'A', ' radio', ' group', ' is']",2,3,accessibility,pythia-1b
radio_group,2,0,0.5516,radio,group,A radio group is,"['<|endoftext|>', 'A', ' radio', ' group', ' is']",2,3,accessibility,pythia-1b
radio_group,2,1,0.1957,radio,group,A radio group is,"['<|endoftext|>', 'A', ' radio', ' group', ' is']",2,3,accessibility,pythia-1b
radio_group,2,2,0.3204,radio,group,A radio group is,"['<|endoftext|>', 'A', ' radio', ' group', ' is']",2,3,accessibility,pythia-1b
radio_group,2,3,0.0845,radio,group,A radio group is,"['<|endoftext|>', 'A', ' radio', ' group', ' is']",2,3,accessibility,pythia-1b
radio_group,2,4,0.1849,radio,group,A radio group is,"['<|endoftext|>', 'A', ' radio', ' group', ' is']",2,3,accessibility,pythia-1b
radio_group,2,5,0.0851,radio,group,A radio group is,"['<|endoftext|>', 'A', ' radio', ' group', ' is']",2,3,accessibility,pythia-1b
radio_group,2,6,0.4161,radio,group,A radio group is,"['<|endoftext|>', 'A', ' radio', ' group', ' is']",2,3,accessibility,pythia-1b
radio_group,2,7,0.059,radio,group,A radio group is,"['<|endoftext|>', 'A', ' radio', ' group', ' is']",2,3,accessibility,pythia-1b
radio_group,3,0,0.0123,radio,group,A radio group is,"['<|endoftext|>', 'A', ' radio', ' group', ' is']",2,3,accessibility,pythia-1b
radio_group,3,1,0.218,radio,group,A radio group is,"['<|endoftext|>', 'A', ' radio', ' group', ' is']",2,3,accessibility,pythia-1b
radio_group,3,2,0.0448,radio,group,A radio group is,"['<|endoftext|>', 'A', ' radio', ' group', ' is']",2,3,accessibility,pythia-1b
radio_group,3,3,0.0293,radio,group,A radio group is,"['<|endoftext|>', 'A', ' radio', ' group', ' is']",2,3,accessibility,pythia-1b
radio_group,3,4,0.1931,radio,group,A radio group is,"['<|endoftext|>', 'A', ' radio', ' group', ' is']",2,3,accessibility,pythia-1b
radio_group,3,5,0.9994,radio,group,A radio group is,"['<|endoftext|>', 'A', ' radio', ' group', ' is']",2,3,accessibility,pythia-1b
radio_group,3,6,0.6668,radio,group,A radio group is,"['<|endoftext|>', 'A', ' radio', ' group', ' is']",2,3,accessibility,pythia-1b
radio_group,3,7,0.185,radio,group,A radio group is,"['<|endoftext|>', 'A', ' radio', ' group', ' is']",2,3,accessibility,pythia-1b
radio_group,4,0,0.0951,radio,group,A radio group is,"['<|endoftext|>', 'A', ' radio', ' group', ' is']",2,3,accessibility,pythia-1b
radio_group,4,1,0.0289,radio,group,A radio group is,"['<|endoftext|>', 'A', ' radio', ' group', ' is']",2,3,accessibility,pythia-1b
radio_group,4,2,0.0203,radio,group,A radio group is,"['<|endoftext|>', 'A', ' radio', ' group', ' is']",2,3,accessibility,pythia-1b
radio_group,4,3,0.049,radio,group,A radio group is,"['<|endoftext|>', 'A', ' radio', ' group', ' is']",2,3,accessibility,pythia-1b
radio_group,4,4,0.0001,radio,group,A radio group is,"['<|endoftext|>', 'A', ' radio', ' group', ' is']",2,3,accessibility,pythia-1b
radio_group,4,5,0.0008,radio,group,A radio group is,"['<|endoftext|>', 'A', ' radio', ' group', ' is']",2,3,accessibility,pythia-1b
radio_group,4,6,0.0323,radio,group,A radio group is,"['<|endoftext|>', 'A', ' radio', ' group', ' is']",2,3,accessibility,pythia-1b
radio_group,4,7,0.0223,radio,group,A radio group is,"['<|endoftext|>', 'A', ' radio', ' group', ' is']",2,3,accessibility,pythia-1b
radio_group,5,0,0.0831,radio,group,A radio group is,"['<|endoftext|>', 'A', ' radio', ' group', ' is']",2,3,accessibility,pythia-1b
radio_group,5,1,0.0,radio,group,A radio group is,"['<|endoftext|>', 'A', ' radio', ' group', ' is']",2,3,accessibility,pythia-1b
radio_group,5,2,0.0369,radio,group,A radio group is,"['<|endoftext|>', 'A', ' radio', ' group', ' is']",2,3,accessibility,pythia-1b
radio_group,5,3,0.1766,radio,group,A radio group is,"['<|endoftext|>', 'A', ' radio', ' group', ' is']",2,3,accessibility,pythia-1b
radio_group,5,4,0.0207,radio,group,A radio group is,"['<|endoftext|>', 'A', ' radio', ' group', ' is']",2,3,accessibility,pythia-1b
radio_group,5,5,0.0379,radio,group,A radio group is,"['<|endoftext|>', 'A', ' radio', ' group', ' is']",2,3,accessibility,pythia-1b
radio_group,5,6,0.0018,radio,group,A radio group is,"['<|endoftext|>', 'A', ' radio', ' group', ' is']",2,3,accessibility,pythia-1b
radio_group,5,7,0.0006,radio,group,A radio group is,"['<|endoftext|>', 'A', ' radio', ' group', ' is']",2,3,accessibility,pythia-1b
radio_group,6,0,0.0385,radio,group,A radio group is,"['<|endoftext|>', 'A', ' radio', ' group', ' is']",2,3,accessibility,pythia-1b
radio_group,6,1,0.0034,radio,group,A radio group is,"['<|endoftext|>', 'A', ' radio', ' group', ' is']",2,3,accessibility,pythia-1b
radio_group,6,2,0.0129,radio,group,A radio group is,"['<|endoftext|>', 'A', ' radio', ' group', ' is']",2,3,accessibility,pythia-1b
radio_group,6,3,0.5524,radio,group,A radio group is,"['<|endoftext|>', 'A', ' radio', ' group', ' is']",2,3,accessibility,pythia-1b
radio_group,6,4,0.0084,radio,group,A radio group is,"['<|endoftext|>', 'A', ' radio', ' group', ' is']",2,3,accessibility,pythia-1b
radio_group,6,5,0.0337,radio,group,A radio group is,"['<|endoftext|>', 'A', ' radio', ' group', ' is']",2,3,accessibility,pythia-1b
radio_group,6,6,0.0109,radio,group,A radio group is,"['<|endoftext|>', 'A', ' radio', ' group', ' is']",2,3,accessibility,pythia-1b
radio_group,6,7,0.0016,radio,group,A radio group is,"['<|endoftext|>', 'A', ' radio', ' group', ' is']",2,3,accessibility,pythia-1b
radio_group,7,0,0.0004,radio,group,A radio group is,"['<|endoftext|>', 'A', ' radio', ' group', ' is']",2,3,accessibility,pythia-1b
radio_group,7,1,0.0,radio,group,A radio group is,"['<|endoftext|>', 'A', ' radio', ' group', ' is']",2,3,accessibility,pythia-1b
radio_group,7,2,0.0013,radio,group,A radio group is,"['<|endoftext|>', 'A', ' radio', ' group', ' is']",2,3,accessibility,pythia-1b
radio_group,7,3,0.051,radio,group,A radio group is,"['<|endoftext|>', 'A', ' radio', ' group', ' is']",2,3,accessibility,pythia-1b
radio_group,7,4,0.0455,radio,group,A radio group is,"['<|endoftext|>', 'A', ' radio', ' group', ' is']",2,3,accessibility,pythia-1b
radio_group,7,5,0.0146,radio,group,A radio group is,"['<|endoftext|>', 'A', ' radio', ' group', ' is']",2,3,accessibility,pythia-1b
radio_group,7,6,0.1167,radio,group,A radio group is,"['<|endoftext|>', 'A', ' radio', ' group', ' is']",2,3,accessibility,pythia-1b
radio_group,7,7,0.0054,radio,group,A radio group is,"['<|endoftext|>', 'A', ' radio', ' group', ' is']",2,3,accessibility,pythia-1b
radio_group,8,0,0.004,radio,group,A radio group is,"['<|endoftext|>', 'A', ' radio', ' group', ' is']",2,3,accessibility,pythia-1b
radio_group,8,1,0.0172,radio,group,A radio group is,"['<|endoftext|>', 'A', ' radio', ' group', ' is']",2,3,accessibility,pythia-1b
radio_group,8,2,0.0217,radio,group,A radio group is,"['<|endoftext|>', 'A', ' radio', ' group', ' is']",2,3,accessibility,pythia-1b
radio_group,8,3,0.043,radio,group,A radio group is,"['<|endoftext|>', 'A', ' radio', ' group', ' is']",2,3,accessibility,pythia-1b
radio_group,8,4,0.0071,radio,group,A radio group is,"['<|endoftext|>', 'A', ' radio', ' group', ' is']",2,3,accessibility,pythia-1b
radio_group,8,5,0.0053,radio,group,A radio group is,"['<|endoftext|>', 'A', ' radio', ' group', ' is']",2,3,accessibility,pythia-1b
radio_group,8,6,0.0026,radio,group,A radio group is,"['<|endoftext|>', 'A', ' radio', ' group', ' is']",2,3,accessibility,pythia-1b
radio_group,8,7,0.0278,radio,group,A radio group is,"['<|endoftext|>', 'A', ' radio', ' group', ' is']",2,3,accessibility,pythia-1b
radio_group,9,0,0.0964,radio,group,A radio group is,"['<|endoftext|>', 'A', ' radio', ' group', ' is']",2,3,accessibility,pythia-1b
radio_group,9,1,0.0054,radio,group,A radio group is,"['<|endoftext|>', 'A', ' radio', ' group', ' is']",2,3,accessibility,pythia-1b
radio_group,9,2,0.0742,radio,group,A radio group is,"['<|endoftext|>', 'A', ' radio', ' group', ' is']",2,3,accessibility,pythia-1b
radio_group,9,3,0.0221,radio,group,A radio group is,"['<|endoftext|>', 'A', ' radio', ' group', ' is']",2,3,accessibility,pythia-1b
radio_group,9,4,0.0174,radio,group,A radio group is,"['<|endoftext|>', 'A', ' radio', ' group', ' is']",2,3,accessibility,pythia-1b
radio_group,9,5,0.0117,radio,group,A radio group is,"['<|endoftext|>', 'A', ' radio', ' group', ' is']",2,3,accessibility,pythia-1b
radio_group,9,6,0.0946,radio,group,A radio group is,"['<|endoftext|>', 'A', ' radio', ' group', ' is']",2,3,accessibility,pythia-1b
radio_group,9,7,0.2245,radio,group,A radio group is,"['<|endoftext|>', 'A', ' radio', ' group', ' is']",2,3,accessibility,pythia-1b
radio_group,10,0,0.0054,radio,group,A radio group is,"['<|endoftext|>', 'A', ' radio', ' group', ' is']",2,3,accessibility,pythia-1b
radio_group,10,1,0.1562,radio,group,A radio group is,"['<|endoftext|>', 'A', ' radio', ' group', ' is']",2,3,accessibility,pythia-1b
radio_group,10,2,0.0106,radio,group,A radio group is,"['<|endoftext|>', 'A', ' radio', ' group', ' is']",2,3,accessibility,pythia-1b
radio_group,10,3,0.0574,radio,group,A radio group is,"['<|endoftext|>', 'A', ' radio', ' group', ' is']",2,3,accessibility,pythia-1b
radio_group,10,4,0.0376,radio,group,A radio group is,"['<|endoftext|>', 'A', ' radio', ' group', ' is']",2,3,accessibility,pythia-1b
radio_group,10,5,0.0005,radio,group,A radio group is,"['<|endoftext|>', 'A', ' radio', ' group', ' is']",2,3,accessibility,pythia-1b
radio_group,10,6,0.0009,radio,group,A radio group is,"['<|endoftext|>', 'A', ' radio', ' group', ' is']",2,3,accessibility,pythia-1b
radio_group,10,7,0.0118,radio,group,A radio group is,"['<|endoftext|>', 'A', ' radio', ' group', ' is']",2,3,accessibility,pythia-1b
radio_group,11,0,0.069,radio,group,A radio group is,"['<|endoftext|>', 'A', ' radio', ' group', ' is']",2,3,accessibility,pythia-1b
radio_group,11,1,0.034,radio,group,A radio group is,"['<|endoftext|>', 'A', ' radio', ' group', ' is']",2,3,accessibility,pythia-1b
radio_group,11,2,0.0325,radio,group,A radio group is,"['<|endoftext|>', 'A', ' radio', ' group', ' is']",2,3,accessibility,pythia-1b
radio_group,11,3,0.0158,radio,group,A radio group is,"['<|endoftext|>', 'A', ' radio', ' group', ' is']",2,3,accessibility,pythia-1b
radio_group,11,4,0.1559,radio,group,A radio group is,"['<|endoftext|>', 'A', ' radio', ' group', ' is']",2,3,accessibility,pythia-1b
radio_group,11,5,0.0192,radio,group,A radio group is,"['<|endoftext|>', 'A', ' radio', ' group', ' is']",2,3,accessibility,pythia-1b
radio_group,11,6,0.0104,radio,group,A radio group is,"['<|endoftext|>', 'A', ' radio', ' group', ' is']",2,3,accessibility,pythia-1b
radio_group,11,7,0.0049,radio,group,A radio group is,"['<|endoftext|>', 'A', ' radio', ' group', ' is']",2,3,accessibility,pythia-1b
radio_group,12,0,0.0126,radio,group,A radio group is,"['<|endoftext|>', 'A', ' radio', ' group', ' is']",2,3,accessibility,pythia-1b
radio_group,12,1,0.0284,radio,group,A radio group is,"['<|endoftext|>', 'A', ' radio', ' group', ' is']",2,3,accessibility,pythia-1b
radio_group,12,2,0.0247,radio,group,A radio group is,"['<|endoftext|>', 'A', ' radio', ' group', ' is']",2,3,accessibility,pythia-1b
radio_group,12,3,0.0109,radio,group,A radio group is,"['<|endoftext|>', 'A', ' radio', ' group', ' is']",2,3,accessibility,pythia-1b
radio_group,12,4,0.0807,radio,group,A radio group is,"['<|endoftext|>', 'A', ' radio', ' group', ' is']",2,3,accessibility,pythia-1b
radio_group,12,5,0.0361,radio,group,A radio group is,"['<|endoftext|>', 'A', ' radio', ' group', ' is']",2,3,accessibility,pythia-1b
radio_group,12,6,0.0091,radio,group,A radio group is,"['<|endoftext|>', 'A', ' radio', ' group', ' is']",2,3,accessibility,pythia-1b
radio_group,12,7,0.0066,radio,group,A radio group is,"['<|endoftext|>', 'A', ' radio', ' group', ' is']",2,3,accessibility,pythia-1b
radio_group,13,0,0.115,radio,group,A radio group is,"['<|endoftext|>', 'A', ' radio', ' group', ' is']",2,3,accessibility,pythia-1b
radio_group,13,1,0.0266,radio,group,A radio group is,"['<|endoftext|>', 'A', ' radio', ' group', ' is']",2,3,accessibility,pythia-1b
radio_group,13,2,0.0049,radio,group,A radio group is,"['<|endoftext|>', 'A', ' radio', ' group', ' is']",2,3,accessibility,pythia-1b
radio_group,13,3,0.0139,radio,group,A radio group is,"['<|endoftext|>', 'A', ' radio', ' group', ' is']",2,3,accessibility,pythia-1b
radio_group,13,4,0.0804,radio,group,A radio group is,"['<|endoftext|>', 'A', ' radio', ' group', ' is']",2,3,accessibility,pythia-1b
radio_group,13,5,0.0267,radio,group,A radio group is,"['<|endoftext|>', 'A', ' radio', ' group', ' is']",2,3,accessibility,pythia-1b
radio_group,13,6,0.0013,radio,group,A radio group is,"['<|endoftext|>', 'A', ' radio', ' group', ' is']",2,3,accessibility,pythia-1b
radio_group,13,7,0.0288,radio,group,A radio group is,"['<|endoftext|>', 'A', ' radio', ' group', ' is']",2,3,accessibility,pythia-1b
radio_group,14,0,0.0373,radio,group,A radio group is,"['<|endoftext|>', 'A', ' radio', ' group', ' is']",2,3,accessibility,pythia-1b
radio_group,14,1,0.018,radio,group,A radio group is,"['<|endoftext|>', 'A', ' radio', ' group', ' is']",2,3,accessibility,pythia-1b
radio_group,14,2,0.0535,radio,group,A radio group is,"['<|endoftext|>', 'A', ' radio', ' group', ' is']",2,3,accessibility,pythia-1b
radio_group,14,3,0.0835,radio,group,A radio group is,"['<|endoftext|>', 'A', ' radio', ' group', ' is']",2,3,accessibility,pythia-1b
radio_group,14,4,0.0345,radio,group,A radio group is,"['<|endoftext|>', 'A', ' radio', ' group', ' is']",2,3,accessibility,pythia-1b
radio_group,14,5,0.0737,radio,group,A radio group is,"['<|endoftext|>', 'A', ' radio', ' group', ' is']",2,3,accessibility,pythia-1b
radio_group,14,6,0.0031,radio,group,A radio group is,"['<|endoftext|>', 'A', ' radio', ' group', ' is']",2,3,accessibility,pythia-1b
radio_group,14,7,0.0321,radio,group,A radio group is,"['<|endoftext|>', 'A', ' radio', ' group', ' is']",2,3,accessibility,pythia-1b
radio_group,15,0,0.0362,radio,group,A radio group is,"['<|endoftext|>', 'A', ' radio', ' group', ' is']",2,3,accessibility,pythia-1b
radio_group,15,1,0.0082,radio,group,A radio group is,"['<|endoftext|>', 'A', ' radio', ' group', ' is']",2,3,accessibility,pythia-1b
radio_group,15,2,0.0631,radio,group,A radio group is,"['<|endoftext|>', 'A', ' radio', ' group', ' is']",2,3,accessibility,pythia-1b
radio_group,15,3,0.0244,radio,group,A radio group is,"['<|endoftext|>', 'A', ' radio', ' group', ' is']",2,3,accessibility,pythia-1b
radio_group,15,4,0.0317,radio,group,A radio group is,"['<|endoftext|>', 'A', ' radio', ' group', ' is']",2,3,accessibility,pythia-1b
radio_group,15,5,0.1147,radio,group,A radio group is,"['<|endoftext|>', 'A', ' radio', ' group', ' is']",2,3,accessibility,pythia-1b
radio_group,15,6,0.0161,radio,group,A radio group is,"['<|endoftext|>', 'A', ' radio', ' group', ' is']",2,3,accessibility,pythia-1b
radio_group,15,7,0.0727,radio,group,A radio group is,"['<|endoftext|>', 'A', ' radio', ' group', ' is']",2,3,accessibility,pythia-1b
tree_grid,0,0,0.2,tree,grid,A tree grid is,"['<|endoftext|>', 'A', ' tree', ' grid', ' is']",2,3,accessibility,pythia-1b
tree_grid,0,1,0.1361,tree,grid,A tree grid is,"['<|endoftext|>', 'A', ' tree', ' grid', ' is']",2,3,accessibility,pythia-1b
tree_grid,0,2,0.0,tree,grid,A tree grid is,"['<|endoftext|>', 'A', ' tree', ' grid', ' is']",2,3,accessibility,pythia-1b
tree_grid,0,3,0.8355,tree,grid,A tree grid is,"['<|endoftext|>', 'A', ' tree', ' grid', ' is']",2,3,accessibility,pythia-1b
tree_grid,0,4,0.0162,tree,grid,A tree grid is,"['<|endoftext|>', 'A', ' tree', ' grid', ' is']",2,3,accessibility,pythia-1b
tree_grid,0,5,0.3704,tree,grid,A tree grid is,"['<|endoftext|>', 'A', ' tree', ' grid', ' is']",2,3,accessibility,pythia-1b
tree_grid,0,6,0.0444,tree,grid,A tree grid is,"['<|endoftext|>', 'A', ' tree', ' grid', ' is']",2,3,accessibility,pythia-1b
tree_grid,0,7,0.0867,tree,grid,A tree grid is,"['<|endoftext|>', 'A', ' tree', ' grid', ' is']",2,3,accessibility,pythia-1b
tree_grid,1,0,0.5354,tree,grid,A tree grid is,"['<|endoftext|>', 'A', ' tree', ' grid', ' is']",2,3,accessibility,pythia-1b
tree_grid,1,1,0.0398,tree,grid,A tree grid is,"['<|endoftext|>', 'A', ' tree', ' grid', ' is']",2,3,accessibility,pythia-1b
tree_grid,1,2,0.1496,tree,grid,A tree grid is,"['<|endoftext|>', 'A', ' tree', ' grid', ' is']",2,3,accessibility,pythia-1b
tree_grid,1,3,0.449,tree,grid,A tree grid is,"['<|endoftext|>', 'A', ' tree', ' grid', ' is']",2,3,accessibility,pythia-1b
tree_grid,1,4,0.5453,tree,grid,A tree grid is,"['<|endoftext|>', 'A', ' tree', ' grid', ' is']",2,3,accessibility,pythia-1b
tree_grid,1,5,0.5763,tree,grid,A tree grid is,"['<|endoftext|>', 'A', ' tree', ' grid', ' is']",2,3,accessibility,pythia-1b
tree_grid,1,6,0.2866,tree,grid,A tree grid is,"['<|endoftext|>', 'A', ' tree', ' grid', ' is']",2,3,accessibility,pythia-1b
tree_grid,1,7,0.0016,tree,grid,A tree grid is,"['<|endoftext|>', 'A', ' tree', ' grid', ' is']",2,3,accessibility,pythia-1b
tree_grid,2,0,0.2996,tree,grid,A tree grid is,"['<|endoftext|>', 'A', ' tree', ' grid', ' is']",2,3,accessibility,pythia-1b
tree_grid,2,1,0.2882,tree,grid,A tree grid is,"['<|endoftext|>', 'A', ' tree', ' grid', ' is']",2,3,accessibility,pythia-1b
tree_grid,2,2,0.3461,tree,grid,A tree grid is,"['<|endoftext|>', 'A', ' tree', ' grid', ' is']",2,3,accessibility,pythia-1b
tree_grid,2,3,0.2124,tree,grid,A tree grid is,"['<|endoftext|>', 'A', ' tree', ' grid', ' is']",2,3,accessibility,pythia-1b
tree_grid,2,4,0.1681,tree,grid,A tree grid is,"['<|endoftext|>', 'A', ' tree', ' grid', ' is']",2,3,accessibility,pythia-1b
tree_grid,2,5,0.1496,tree,grid,A tree grid is,"['<|endoftext|>', 'A', ' tree', ' grid', ' is']",2,3,accessibility,pythia-1b
tree_grid,2,6,0.3618,tree,grid,A tree grid is,"['<|endoftext|>', 'A', ' tree', ' grid', ' is']",2,3,accessibility,pythia-1b
tree_grid,2,7,0.126,tree,grid,A tree grid is,"['<|endoftext|>', 'A', ' tree', ' grid', ' is']",2,3,accessibility,pythia-1b
tree_grid,3,0,0.1335,tree,grid,A tree grid is,"['<|endoftext|>', 'A', ' tree', ' grid', ' is']",2,3,accessibility,pythia-1b
tree_grid,3,1,0.0103,tree,grid,A tree grid is,"['<|endoftext|>', 'A', ' tree', ' grid', ' is']",2,3,accessibility,pythia-1b
tree_grid,3,2,0.1963,tree,grid,A tree grid is,"['<|endoftext|>', 'A', ' tree', ' grid', ' is']",2,3,accessibility,pythia-1b
tree_grid,3,3,0.2229,tree,grid,A tree grid is,"['<|endoftext|>', 'A', ' tree', ' grid', ' is']",2,3,accessibility,pythia-1b
tree_grid,3,4,0.09,tree,grid,A tree grid is,"['<|endoftext|>', 'A', ' tree', ' grid', ' is']",2,3,accessibility,pythia-1b
tree_grid,3,5,0.7642,tree,grid,A tree grid is,"['<|endoftext|>', 'A', ' tree', ' grid', ' is']",2,3,accessibility,pythia-1b
tree_grid,3,6,0.6857,tree,grid,A tree grid is,"['<|endoftext|>', 'A', ' tree', ' grid', ' is']",2,3,accessibility,pythia-1b
tree_grid,3,7,0.3541,tree,grid,A tree grid is,"['<|endoftext|>', 'A', ' tree', ' grid', ' is']",2,3,accessibility,pythia-1b
tree_grid,4,0,0.0841,tree,grid,A tree grid is,"['<|endoftext|>', 'A', ' tree', ' grid', ' is']",2,3,accessibility,pythia-1b
tree_grid,4,1,0.0275,tree,grid,A tree grid is,"['<|endoftext|>', 'A', ' tree', ' grid', ' is']",2,3,accessibility,pythia-1b
tree_grid,4,2,0.0776,tree,grid,A tree grid is,"['<|endoftext|>', 'A', ' tree', ' grid', ' is']",2,3,accessibility,pythia-1b
tree_grid,4,3,0.0096,tree,grid,A tree grid is,"['<|endoftext|>', 'A', ' tree', ' grid', ' is']",2,3,accessibility,pythia-1b
tree_grid,4,4,0.0,tree,grid,A tree grid is,"['<|endoftext|>', 'A', ' tree', ' grid', ' is']",2,3,accessibility,pythia-1b
tree_grid,4,5,0.0022,tree,grid,A tree grid is,"['<|endoftext|>', 'A', ' tree', ' grid', ' is']",2,3,accessibility,pythia-1b
tree_grid,4,6,0.0434,tree,grid,A tree grid is,"['<|endoftext|>', 'A', ' tree', ' grid', ' is']",2,3,accessibility,pythia-1b
tree_grid,4,7,0.0436,tree,grid,A tree grid is,"['<|endoftext|>', 'A', ' tree', ' grid', ' is']",2,3,accessibility,pythia-1b
tree_grid,5,0,0.0731,tree,grid,A tree grid is,"['<|endoftext|>', 'A', ' tree', ' grid', ' is']",2,3,accessibility,pythia-1b
tree_grid,5,1,0.0001,tree,grid,A tree grid is,"['<|endoftext|>', 'A', ' tree', ' grid', ' is']",2,3,accessibility,pythia-1b
tree_grid,5,2,0.1049,tree,grid,A tree grid is,"['<|endoftext|>', 'A', ' tree', ' grid', ' is']",2,3,accessibility,pythia-1b
tree_grid,5,3,0.2594,tree,grid,A tree grid is,"['<|endoftext|>', 'A', ' tree', ' grid', ' is']",2,3,accessibility,pythia-1b
tree_grid,5,4,0.0526,tree,grid,A tree grid is,"['<|endoftext|>', 'A', ' tree', ' grid', ' is']",2,3,accessibility,pythia-1b
tree_grid,5,5,0.3002,tree,grid,A tree grid is,"['<|endoftext|>', 'A', ' tree', ' grid', ' is']",2,3,accessibility,pythia-1b
tree_grid,5,6,0.0018,tree,grid,A tree grid is,"['<|endoftext|>', 'A', ' tree', ' grid', ' is']",2,3,accessibility,pythia-1b
tree_grid,5,7,0.0016,tree,grid,A tree grid is,"['<|endoftext|>', 'A', ' tree', ' grid', ' is']",2,3,accessibility,pythia-1b
tree_grid,6,0,0.0108,tree,grid,A tree grid is,"['<|endoftext|>', 'A', ' tree', ' grid', ' is']",2,3,accessibility,pythia-1b
tree_grid,6,1,0.0212,tree,grid,A tree grid is,"['<|endoftext|>', 'A', ' tree', ' grid', ' is']",2,3,accessibility,pythia-1b
tree_grid,6,2,0.0175,tree,grid,A tree grid is,"['<|endoftext|>', 'A', ' tree', ' grid', ' is']",2,3,accessibility,pythia-1b
tree_grid,6,3,0.5601,tree,grid,A tree grid is,"['<|endoftext|>', 'A', ' tree', ' grid', ' is']",2,3,accessibility,pythia-1b
tree_grid,6,4,0.0407,tree,grid,A tree grid is,"['<|endoftext|>', 'A', ' tree', ' grid', ' is']",2,3,accessibility,pythia-1b
tree_grid,6,5,0.0482,tree,grid,A tree grid is,"['<|endoftext|>', 'A', ' tree', ' grid', ' is']",2,3,accessibility,pythia-1b
tree_grid,6,6,0.0117,tree,grid,A tree grid is,"['<|endoftext|>', 'A', ' tree', ' grid', ' is']",2,3,accessibility,pythia-1b
tree_grid,6,7,0.0078,tree,grid,A tree grid is,"['<|endoftext|>', 'A', ' tree', ' grid', ' is']",2,3,accessibility,pythia-1b
tree_grid,7,0,0.0027,tree,grid,A tree grid is,"['<|endoftext|>', 'A', ' tree', ' grid', ' is']",2,3,accessibility,pythia-1b
tree_grid,7,1,0.0001,tree,grid,A tree grid is,"['<|endoftext|>', 'A', ' tree', ' grid', ' is']",2,3,accessibility,pythia-1b
tree_grid,7,2,0.0021,tree,grid,A tree grid is,"['<|endoftext|>', 'A', ' tree', ' grid', ' is']",2,3,accessibility,pythia-1b
tree_grid,7,3,0.0588,tree,grid,A tree grid is,"['<|endoftext|>', 'A', ' tree', ' grid', ' is']",2,3,accessibility,pythia-1b
tree_grid,7,4,0.0923,tree,grid,A tree grid is,"['<|endoftext|>', 'A', ' tree', ' grid', ' is']",2,3,accessibility,pythia-1b
tree_grid,7,5,0.0106,tree,grid,A tree grid is,"['<|endoftext|>', 'A', ' tree', ' grid', ' is']",2,3,accessibility,pythia-1b
tree_grid,7,6,0.2457,tree,grid,A tree grid is,"['<|endoftext|>', 'A', ' tree', ' grid', ' is']",2,3,accessibility,pythia-1b
tree_grid,7,7,0.0307,tree,grid,A tree grid is,"['<|endoftext|>', 'A', ' tree', ' grid', ' is']",2,3,accessibility,pythia-1b
tree_grid,8,0,0.0028,tree,grid,A tree grid is,"['<|endoftext|>', 'A', ' tree', ' grid', ' is']",2,3,accessibility,pythia-1b
tree_grid,8,1,0.0586,tree,grid,A tree grid is,"['<|endoftext|>', 'A', ' tree', ' grid', ' is']",2,3,accessibility,pythia-1b
tree_grid,8,2,0.0174,tree,grid,A tree grid is,"['<|endoftext|>', 'A', ' tree', ' grid', ' is']",2,3,accessibility,pythia-1b
tree_grid,8,3,0.0581,tree,grid,A tree grid is,"['<|endoftext|>', 'A', ' tree', ' grid', ' is']",2,3,accessibility,pythia-1b
tree_grid,8,4,0.0096,tree,grid,A tree grid is,"['<|endoftext|>', 'A', ' tree', ' grid', ' is']",2,3,accessibility,pythia-1b
tree_grid,8,5,0.0052,tree,grid,A tree grid is,"['<|endoftext|>', 'A', ' tree', ' grid', ' is']",2,3,accessibility,pythia-1b
tree_grid,8,6,0.0013,tree,grid,A tree grid is,"['<|endoftext|>', 'A', ' tree', ' grid', ' is']",2,3,accessibility,pythia-1b
tree_grid,8,7,0.0586,tree,grid,A tree grid is,"['<|endoftext|>', 'A', ' tree', ' grid', ' is']",2,3,accessibility,pythia-1b
tree_grid,9,0,0.0773,tree,grid,A tree grid is,"['<|endoftext|>', 'A', ' tree', ' grid', ' is']",2,3,accessibility,pythia-1b
tree_grid,9,1,0.0119,tree,grid,A tree grid is,"['<|endoftext|>', 'A', ' tree', ' grid', ' is']",2,3,accessibility,pythia-1b
tree_grid,9,2,0.114,tree,grid,A tree grid is,"['<|endoftext|>', 'A', ' tree', ' grid', ' is']",2,3,accessibility,pythia-1b
tree_grid,9,3,0.0503,tree,grid,A tree grid is,"['<|endoftext|>', 'A', ' tree', ' grid', ' is']",2,3,accessibility,pythia-1b
tree_grid,9,4,0.0042,tree,grid,A tree grid is,"['<|endoftext|>', 'A', ' tree', ' grid', ' is']",2,3,accessibility,pythia-1b
tree_grid,9,5,0.0133,tree,grid,A tree grid is,"['<|endoftext|>', 'A', ' tree', ' grid', ' is']",2,3,accessibility,pythia-1b
tree_grid,9,6,0.1206,tree,grid,A tree grid is,"['<|endoftext|>', 'A', ' tree', ' grid', ' is']",2,3,accessibility,pythia-1b
tree_grid,9,7,0.0835,tree,grid,A tree grid is,"['<|endoftext|>', 'A', ' tree', ' grid', ' is']",2,3,accessibility,pythia-1b
tree_grid,10,0,0.0033,tree,grid,A tree grid is,"['<|endoftext|>', 'A', ' tree', ' grid', ' is']",2,3,accessibility,pythia-1b
tree_grid,10,1,0.0965,tree,grid,A tree grid is,"['<|endoftext|>', 'A', ' tree', ' grid', ' is']",2,3,accessibility,pythia-1b
tree_grid,10,2,0.0425,tree,grid,A tree grid is,"['<|endoftext|>', 'A', ' tree', ' grid', ' is']",2,3,accessibility,pythia-1b
tree_grid,10,3,0.1234,tree,grid,A tree grid is,"['<|endoftext|>', 'A', ' tree', ' grid', ' is']",2,3,accessibility,pythia-1b
tree_grid,10,4,0.0161,tree,grid,A tree grid is,"['<|endoftext|>', 'A', ' tree', ' grid', ' is']",2,3,accessibility,pythia-1b
tree_grid,10,5,0.0005,tree,grid,A tree grid is,"['<|endoftext|>', 'A', ' tree', ' grid', ' is']",2,3,accessibility,pythia-1b
tree_grid,10,6,0.0004,tree,grid,A tree grid is,"['<|endoftext|>', 'A', ' tree', ' grid', ' is']",2,3,accessibility,pythia-1b
tree_grid,10,7,0.0426,tree,grid,A tree grid is,"['<|endoftext|>', 'A', ' tree', ' grid', ' is']",2,3,accessibility,pythia-1b
tree_grid,11,0,0.0516,tree,grid,A tree grid is,"['<|endoftext|>', 'A', ' tree', ' grid', ' is']",2,3,accessibility,pythia-1b
tree_grid,11,1,0.0693,tree,grid,A tree grid is,"['<|endoftext|>', 'A', ' tree', ' grid', ' is']",2,3,accessibility,pythia-1b
tree_grid,11,2,0.0408,tree,grid,A tree grid is,"['<|endoftext|>', 'A', ' tree', ' grid', ' is']",2,3,accessibility,pythia-1b
tree_grid,11,3,0.0184,tree,grid,A tree grid is,"['<|endoftext|>', 'A', ' tree', ' grid', ' is']",2,3,accessibility,pythia-1b
tree_grid,11,4,0.0556,tree,grid,A tree grid is,"['<|endoftext|>', 'A', ' tree', ' grid', ' is']",2,3,accessibility,pythia-1b
tree_grid,11,5,0.007,tree,grid,A tree grid is,"['<|endoftext|>', 'A', ' tree', ' grid', ' is']",2,3,accessibility,pythia-1b
tree_grid,11,6,0.0084,tree,grid,A tree grid is,"['<|endoftext|>', 'A', ' tree', ' grid', ' is']",2,3,accessibility,pythia-1b
tree_grid,11,7,0.0018,tree,grid,A tree grid is,"['<|endoftext|>', 'A', ' tree', ' grid', ' is']",2,3,accessibility,pythia-1b
tree_grid,12,0,0.0106,tree,grid,A tree grid is,"['<|endoftext|>', 'A', ' tree', ' grid', ' is']",2,3,accessibility,pythia-1b
tree_grid,12,1,0.0426,tree,grid,A tree grid is,"['<|endoftext|>', 'A', ' tree', ' grid', ' is']",2,3,accessibility,pythia-1b
tree_grid,12,2,0.0127,tree,grid,A tree grid is,"['<|endoftext|>', 'A', ' tree', ' grid', ' is']",2,3,accessibility,pythia-1b
tree_grid,12,3,0.0146,tree,grid,A tree grid is,"['<|endoftext|>', 'A', ' tree', ' grid', ' is']",2,3,accessibility,pythia-1b
tree_grid,12,4,0.0253,tree,grid,A tree grid is,"['<|endoftext|>', 'A', ' tree', ' grid', ' is']",2,3,accessibility,pythia-1b
tree_grid,12,5,0.1226,tree,grid,A tree grid is,"['<|endoftext|>', 'A', ' tree', ' grid', ' is']",2,3,accessibility,pythia-1b
tree_grid,12,6,0.0085,tree,grid,A tree grid is,"['<|endoftext|>', 'A', ' tree', ' grid', ' is']",2,3,accessibility,pythia-1b
tree_grid,12,7,0.0131,tree,grid,A tree grid is,"['<|endoftext|>', 'A', ' tree', ' grid', ' is']",2,3,accessibility,pythia-1b
tree_grid,13,0,0.1554,tree,grid,A tree grid is,"['<|endoftext|>', 'A', ' tree', ' grid', ' is']",2,3,accessibility,pythia-1b
tree_grid,13,1,0.0522,tree,grid,A tree grid is,"['<|endoftext|>', 'A', ' tree', ' grid', ' is']",2,3,accessibility,pythia-1b
tree_grid,13,2,0.004,tree,grid,A tree grid is,"['<|endoftext|>', 'A', ' tree', ' grid', ' is']",2,3,accessibility,pythia-1b
tree_grid,13,3,0.0276,tree,grid,A tree grid is,"['<|endoftext|>', 'A', ' tree', ' grid', ' is']",2,3,accessibility,pythia-1b
tree_grid,13,4,0.2349,tree,grid,A tree grid is,"['<|endoftext|>', 'A', ' tree', ' grid', ' is']",2,3,accessibility,pythia-1b
tree_grid,13,5,0.0429,tree,grid,A tree grid is,"['<|endoftext|>', 'A', ' tree', ' grid', ' is']",2,3,accessibility,pythia-1b
tree_grid,13,6,0.0085,tree,grid,A tree grid is,"['<|endoftext|>', 'A', ' tree', ' grid', ' is']",2,3,accessibility,pythia-1b
tree_grid,13,7,0.0719,tree,grid,A tree grid is,"['<|endoftext|>', 'A', ' tree', ' grid', ' is']",2,3,accessibility,pythia-1b
tree_grid,14,0,0.0494,tree,grid,A tree grid is,"['<|endoftext|>', 'A', ' tree', ' grid', ' is']",2,3,accessibility,pythia-1b
tree_grid,14,1,0.0287,tree,grid,A tree grid is,"['<|endoftext|>', 'A', ' tree', ' grid', ' is']",2,3,accessibility,pythia-1b
tree_grid,14,2,0.0882,tree,grid,A tree grid is,"['<|endoftext|>', 'A', ' tree', ' grid', ' is']",2,3,accessibility,pythia-1b
tree_grid,14,3,0.2012,tree,grid,A tree grid is,"['<|endoftext|>', 'A', ' tree', ' grid', ' is']",2,3,accessibility,pythia-1b
tree_grid,14,4,0.0588,tree,grid,A tree grid is,"['<|endoftext|>', 'A', ' tree', ' grid', ' is']",2,3,accessibility,pythia-1b
tree_grid,14,5,0.0155,tree,grid,A tree grid is,"['<|endoftext|>', 'A', ' tree', ' grid', ' is']",2,3,accessibility,pythia-1b
tree_grid,14,6,0.0054,tree,grid,A tree grid is,"['<|endoftext|>', 'A', ' tree', ' grid', ' is']",2,3,accessibility,pythia-1b
tree_grid,14,7,0.0138,tree,grid,A tree grid is,"['<|endoftext|>', 'A', ' tree', ' grid', ' is']",2,3,accessibility,pythia-1b
tree_grid,15,0,0.1178,tree,grid,A tree grid is,"['<|endoftext|>', 'A', ' tree', ' grid', ' is']",2,3,accessibility,pythia-1b
tree_grid,15,1,0.0195,tree,grid,A tree grid is,"['<|endoftext|>', 'A', ' tree', ' grid', ' is']",2,3,accessibility,pythia-1b
tree_grid,15,2,0.0775,tree,grid,A tree grid is,"['<|endoftext|>', 'A', ' tree', ' grid', ' is']",2,3,accessibility,pythia-1b
tree_grid,15,3,0.0124,tree,grid,A tree grid is,"['<|endoftext|>', 'A', ' tree', ' grid', ' is']",2,3,accessibility,pythia-1b
tree_grid,15,4,0.058,tree,grid,A tree grid is,"['<|endoftext|>', 'A', ' tree', ' grid', ' is']",2,3,accessibility,pythia-1b
tree_grid,15,5,0.0947,tree,grid,A tree grid is,"['<|endoftext|>', 'A', ' tree', ' grid', ' is']",2,3,accessibility,pythia-1b
tree_grid,15,6,0.0178,tree,grid,A tree grid is,"['<|endoftext|>', 'A', ' tree', ' grid', ' is']",2,3,accessibility,pythia-1b
tree_grid,15,7,0.1244,tree,grid,A tree grid is,"['<|endoftext|>', 'A', ' tree', ' grid', ' is']",2,3,accessibility,pythia-1b
menu_bar,0,0,0.2495,menu,bar,A menu bar is,"['<|endoftext|>', 'A', ' menu', ' bar', ' is']",2,3,accessibility,pythia-1b
menu_bar,0,1,0.1983,menu,bar,A menu bar is,"['<|endoftext|>', 'A', ' menu', ' bar', ' is']",2,3,accessibility,pythia-1b
menu_bar,0,2,0.0,menu,bar,A menu bar is,"['<|endoftext|>', 'A', ' menu', ' bar', ' is']",2,3,accessibility,pythia-1b
menu_bar,0,3,0.9152,menu,bar,A menu bar is,"['<|endoftext|>', 'A', ' menu', ' bar', ' is']",2,3,accessibility,pythia-1b
menu_bar,0,4,0.1821,menu,bar,A menu bar is,"['<|endoftext|>', 'A', ' menu', ' bar', ' is']",2,3,accessibility,pythia-1b
menu_bar,0,5,0.383,menu,bar,A menu bar is,"['<|endoftext|>', 'A', ' menu', ' bar', ' is']",2,3,accessibility,pythia-1b
menu_bar,0,6,0.0326,menu,bar,A menu bar is,"['<|endoftext|>', 'A', ' menu', ' bar', ' is']",2,3,accessibility,pythia-1b
menu_bar,0,7,0.1444,menu,bar,A menu bar is,"['<|endoftext|>', 'A', ' menu', ' bar', ' is']",2,3,accessibility,pythia-1b
menu_bar,1,0,0.4528,menu,bar,A menu bar is,"['<|endoftext|>', 'A', ' menu', ' bar', ' is']",2,3,accessibility,pythia-1b
menu_bar,1,1,0.0813,menu,bar,A menu bar is,"['<|endoftext|>', 'A', ' menu', ' bar', ' is']",2,3,accessibility,pythia-1b
menu_bar,1,2,0.4621,menu,bar,A menu bar is,"['<|endoftext|>', 'A', ' menu', ' bar', ' is']",2,3,accessibility,pythia-1b
menu_bar,1,3,0.4662,menu,bar,A menu bar is,"['<|endoftext|>', 'A', ' menu', ' bar', ' is']",2,3,accessibility,pythia-1b
menu_bar,1,4,0.697,menu,bar,A menu bar is,"['<|endoftext|>', 'A', ' menu', ' bar', ' is']",2,3,accessibility,pythia-1b
menu_bar,1,5,0.1572,menu,bar,A menu bar is,"['<|endoftext|>', 'A', ' menu', ' bar', ' is']",2,3,accessibility,pythia-1b
menu_bar,1,6,0.18,menu,bar,A menu bar is,"['<|endoftext|>', 'A', ' menu', ' bar', ' is']",2,3,accessibility,pythia-1b
menu_bar,1,7,0.0029,menu,bar,A menu bar is,"['<|endoftext|>', 'A', ' menu', ' bar', ' is']",2,3,accessibility,pythia-1b
menu_bar,2,0,0.1345,menu,bar,A menu bar is,"['<|endoftext|>', 'A', ' menu', ' bar', ' is']",2,3,accessibility,pythia-1b
menu_bar,2,1,0.0775,menu,bar,A menu bar is,"['<|endoftext|>', 'A', ' menu', ' bar', ' is']",2,3,accessibility,pythia-1b
menu_bar,2,2,0.0604,menu,bar,A menu bar is,"['<|endoftext|>', 'A', ' menu', ' bar', ' is']",2,3,accessibility,pythia-1b
menu_bar,2,3,0.0395,menu,bar,A menu bar is,"['<|endoftext|>', 'A', ' menu', ' bar', ' is']",2,3,accessibility,pythia-1b
menu_bar,2,4,0.0659,menu,bar,A menu bar is,"['<|endoftext|>', 'A', ' menu', ' bar', ' is']",2,3,accessibility,pythia-1b
menu_bar,2,5,0.0956,menu,bar,A menu bar is,"['<|endoftext|>', 'A', ' menu', ' bar', ' is']",2,3,accessibility,pythia-1b
menu_bar,2,6,0.2179,menu,bar,A menu bar is,"['<|endoftext|>', 'A', ' menu', ' bar', ' is']",2,3,accessibility,pythia-1b
menu_bar,2,7,0.1109,menu,bar,A menu bar is,"['<|endoftext|>', 'A', ' menu', ' bar', ' is']",2,3,accessibility,pythia-1b
menu_bar,3,0,0.0089,menu,bar,A menu bar is,"['<|endoftext|>', 'A', ' menu', ' bar', ' is']",2,3,accessibility,pythia-1b
menu_bar,3,1,0.0143,menu,bar,A menu bar is,"['<|endoftext|>', 'A', ' menu', ' bar', ' is']",2,3,accessibility,pythia-1b
menu_bar,3,2,0.0763,menu,bar,A menu bar is,"['<|endoftext|>', 'A', ' menu', ' bar', ' is']",2,3,accessibility,pythia-1b
menu_bar,3,3,0.0504,menu,bar,A menu bar is,"['<|endoftext|>', 'A', ' menu', ' bar', ' is']",2,3,accessibility,pythia-1b
menu_bar,3,4,0.0224,menu,bar,A menu bar is,"['<|endoftext|>', 'A', ' menu', ' bar', ' is']",2,3,accessibility,pythia-1b
menu_bar,3,5,0.9681,menu,bar,A menu bar is,"['<|endoftext|>', 'A', ' menu', ' bar', ' is']",2,3,accessibility,pythia-1b
menu_bar,3,6,0.6676,menu,bar,A menu bar is,"['<|endoftext|>', 'A', ' menu', ' bar', ' is']",2,3,accessibility,pythia-1b
menu_bar,3,7,0.0186,menu,bar,A menu bar is,"['<|endoftext|>', 'A', ' menu', ' bar', ' is']",2,3,accessibility,pythia-1b
menu_bar,4,0,0.126,menu,bar,A menu bar is,"['<|endoftext|>', 'A', ' menu', ' bar', ' is']",2,3,accessibility,pythia-1b
menu_bar,4,1,0.0142,menu,bar,A menu bar is,"['<|endoftext|>', 'A', ' menu', ' bar', ' is']",2,3,accessibility,pythia-1b
menu_bar,4,2,0.0233,menu,bar,A menu bar is,"['<|endoftext|>', 'A', ' menu', ' bar', ' is']",2,3,accessibility,pythia-1b
menu_bar,4,3,0.0277,menu,bar,A menu bar is,"['<|endoftext|>', 'A', ' menu', ' bar', ' is']",2,3,accessibility,pythia-1b
menu_bar,4,4,0.0,menu,bar,A menu bar is,"['<|endoftext|>', 'A', ' menu', ' bar', ' is']",2,3,accessibility,pythia-1b
menu_bar,4,5,0.0011,menu,bar,A menu bar is,"['<|endoftext|>', 'A', ' menu', ' bar', ' is']",2,3,accessibility,pythia-1b
menu_bar,4,6,0.0066,menu,bar,A menu bar is,"['<|endoftext|>', 'A', ' menu', ' bar', ' is']",2,3,accessibility,pythia-1b
menu_bar,4,7,0.0302,menu,bar,A menu bar is,"['<|endoftext|>', 'A', ' menu', ' bar', ' is']",2,3,accessibility,pythia-1b
menu_bar,5,0,0.1754,menu,bar,A menu bar is,"['<|endoftext|>', 'A', ' menu', ' bar', ' is']",2,3,accessibility,pythia-1b
menu_bar,5,1,0.0001,menu,bar,A menu bar is,"['<|endoftext|>', 'A', ' menu', ' bar', ' is']",2,3,accessibility,pythia-1b
menu_bar,5,2,0.0458,menu,bar,A menu bar is,"['<|endoftext|>', 'A', ' menu', ' bar', ' is']",2,3,accessibility,pythia-1b
menu_bar,5,3,0.1928,menu,bar,A menu bar is,"['<|endoftext|>', 'A', ' menu', ' bar', ' is']",2,3,accessibility,pythia-1b
menu_bar,5,4,0.0125,menu,bar,A menu bar is,"['<|endoftext|>', 'A', ' menu', ' bar', ' is']",2,3,accessibility,pythia-1b
menu_bar,5,5,0.1703,menu,bar,A menu bar is,"['<|endoftext|>', 'A', ' menu', ' bar', ' is']",2,3,accessibility,pythia-1b
menu_bar,5,6,0.0021,menu,bar,A menu bar is,"['<|endoftext|>', 'A', ' menu', ' bar', ' is']",2,3,accessibility,pythia-1b
menu_bar,5,7,0.0012,menu,bar,A menu bar is,"['<|endoftext|>', 'A', ' menu', ' bar', ' is']",2,3,accessibility,pythia-1b
menu_bar,6,0,0.0139,menu,bar,A menu bar is,"['<|endoftext|>', 'A', ' menu', ' bar', ' is']",2,3,accessibility,pythia-1b
menu_bar,6,1,0.0119,menu,bar,A menu bar is,"['<|endoftext|>', 'A', ' menu', ' bar', ' is']",2,3,accessibility,pythia-1b
menu_bar,6,2,0.0068,menu,bar,A menu bar is,"['<|endoftext|>', 'A', ' menu', ' bar', ' is']",2,3,accessibility,pythia-1b
menu_bar,6,3,0.6391,menu,bar,A menu bar is,"['<|endoftext|>', 'A', ' menu', ' bar', ' is']",2,3,accessibility,pythia-1b
menu_bar,6,4,0.1716,menu,bar,A menu bar is,"['<|endoftext|>', 'A', ' menu', ' bar', ' is']",2,3,accessibility,pythia-1b
menu_bar,6,5,0.0669,menu,bar,A menu bar is,"['<|endoftext|>', 'A', ' menu', ' bar', ' is']",2,3,accessibility,pythia-1b
menu_bar,6,6,0.0126,menu,bar,A menu bar is,"['<|endoftext|>', 'A', ' menu', ' bar', ' is']",2,3,accessibility,pythia-1b
menu_bar,6,7,0.0053,menu,bar,A menu bar is,"['<|endoftext|>', 'A', ' menu', ' bar', ' is']",2,3,accessibility,pythia-1b
menu_bar,7,0,0.0003,menu,bar,A menu bar is,"['<|endoftext|>', 'A', ' menu', ' bar', ' is']",2,3,accessibility,pythia-1b
menu_bar,7,1,0.0,menu,bar,A menu bar is,"['<|endoftext|>', 'A', ' menu', ' bar', ' is']",2,3,accessibility,pythia-1b
menu_bar,7,2,0.0006,menu,bar,A menu bar is,"['<|endoftext|>', 'A', ' menu', ' bar', ' is']",2,3,accessibility,pythia-1b
menu_bar,7,3,0.1008,menu,bar,A menu bar is,"['<|endoftext|>', 'A', ' menu', ' bar', ' is']",2,3,accessibility,pythia-1b
menu_bar,7,4,0.0904,menu,bar,A menu bar is,"['<|endoftext|>', 'A', ' menu', ' bar', ' is']",2,3,accessibility,pythia-1b
menu_bar,7,5,0.0171,menu,bar,A menu bar is,"['<|endoftext|>', 'A', ' menu', ' bar', ' is']",2,3,accessibility,pythia-1b
menu_bar,7,6,0.2658,menu,bar,A menu bar is,"['<|endoftext|>', 'A', ' menu', ' bar', ' is']",2,3,accessibility,pythia-1b
menu_bar,7,7,0.0194,menu,bar,A menu bar is,"['<|endoftext|>', 'A', ' menu', ' bar', ' is']",2,3,accessibility,pythia-1b
menu_bar,8,0,0.0064,menu,bar,A menu bar is,"['<|endoftext|>', 'A', ' menu', ' bar', ' is']",2,3,accessibility,pythia-1b
menu_bar,8,1,0.0621,menu,bar,A menu bar is,"['<|endoftext|>', 'A', ' menu', ' bar', ' is']",2,3,accessibility,pythia-1b
menu_bar,8,2,0.0163,menu,bar,A menu bar is,"['<|endoftext|>', 'A', ' menu', ' bar', ' is']",2,3,accessibility,pythia-1b
menu_bar,8,3,0.0753,menu,bar,A menu bar is,"['<|endoftext|>', 'A', ' menu', ' bar', ' is']",2,3,accessibility,pythia-1b
menu_bar,8,4,0.0035,menu,bar,A menu bar is,"['<|endoftext|>', 'A', ' menu', ' bar', ' is']",2,3,accessibility,pythia-1b
menu_bar,8,5,0.0271,menu,bar,A menu bar is,"['<|endoftext|>', 'A', ' menu', ' bar', ' is']",2,3,accessibility,pythia-1b
menu_bar,8,6,0.0033,menu,bar,A menu bar is,"['<|endoftext|>', 'A', ' menu', ' bar', ' is']",2,3,accessibility,pythia-1b
menu_bar,8,7,0.0834,menu,bar,A menu bar is,"['<|endoftext|>', 'A', ' menu', ' bar', ' is']",2,3,accessibility,pythia-1b
menu_bar,9,0,0.0535,menu,bar,A menu bar is,"['<|endoftext|>', 'A', ' menu', ' bar', ' is']",2,3,accessibility,pythia-1b
menu_bar,9,1,0.0071,menu,bar,A menu bar is,"['<|endoftext|>', 'A', ' menu', ' bar', ' is']",2,3,accessibility,pythia-1b
menu_bar,9,2,0.0842,menu,bar,A menu bar is,"['<|endoftext|>', 'A', ' menu', ' bar', ' is']",2,3,accessibility,pythia-1b
menu_bar,9,3,0.039,menu,bar,A menu bar is,"['<|endoftext|>', 'A', ' menu', ' bar', ' is']",2,3,accessibility,pythia-1b
menu_bar,9,4,0.0035,menu,bar,A menu bar is,"['<|endoftext|>', 'A', ' menu', ' bar', ' is']",2,3,accessibility,pythia-1b
menu_bar,9,5,0.0054,menu,bar,A menu bar is,"['<|endoftext|>', 'A', ' menu', ' bar', ' is']",2,3,accessibility,pythia-1b
menu_bar,9,6,0.1089,menu,bar,A menu bar is,"['<|endoftext|>', 'A', ' menu', ' bar', ' is']",2,3,accessibility,pythia-1b
menu_bar,9,7,0.0294,menu,bar,A menu bar is,"['<|endoftext|>', 'A', ' menu', ' bar', ' is']",2,3,accessibility,pythia-1b
menu_bar,10,0,0.0041,menu,bar,A menu bar is,"['<|endoftext|>', 'A', ' menu', ' bar', ' is']",2,3,accessibility,pythia-1b
menu_bar,10,1,0.0703,menu,bar,A menu bar is,"['<|endoftext|>', 'A', ' menu', ' bar', ' is']",2,3,accessibility,pythia-1b
menu_bar,10,2,0.0173,menu,bar,A menu bar is,"['<|endoftext|>', 'A', ' menu', ' bar', ' is']",2,3,accessibility,pythia-1b
menu_bar,10,3,0.0408,menu,bar,A menu bar is,"['<|endoftext|>', 'A', ' menu', ' bar', ' is']",2,3,accessibility,pythia-1b
menu_bar,10,4,0.0026,menu,bar,A menu bar is,"['<|endoftext|>', 'A', ' menu', ' bar', ' is']",2,3,accessibility,pythia-1b
menu_bar,10,5,0.0002,menu,bar,A menu bar is,"['<|endoftext|>', 'A', ' menu', ' bar', ' is']",2,3,accessibility,pythia-1b
menu_bar,10,6,0.0005,menu,bar,A menu bar is,"['<|endoftext|>', 'A', ' menu', ' bar', ' is']",2,3,accessibility,pythia-1b
menu_bar,10,7,0.0192,menu,bar,A menu bar is,"['<|endoftext|>', 'A', ' menu', ' bar', ' is']",2,3,accessibility,pythia-1b
menu_bar,11,0,0.0544,menu,bar,A menu bar is,"['<|endoftext|>', 'A', ' menu', ' bar', ' is']",2,3,accessibility,pythia-1b
menu_bar,11,1,0.0246,menu,bar,A menu bar is,"['<|endoftext|>', 'A', ' menu', ' bar', ' is']",2,3,accessibility,pythia-1b
menu_bar,11,2,0.0336,menu,bar,A menu bar is,"['<|endoftext|>', 'A', ' menu', ' bar', ' is']",2,3,accessibility,pythia-1b
menu_bar,11,3,0.0089,menu,bar,A menu bar is,"['<|endoftext|>', 'A', ' menu', ' bar', ' is']",2,3,accessibility,pythia-1b
menu_bar,11,4,0.1317,menu,bar,A menu bar is,"['<|endoftext|>', 'A', ' menu', ' bar', ' is']",2,3,accessibility,pythia-1b
menu_bar,11,5,0.0159,menu,bar,A menu bar is,"['<|endoftext|>', 'A', ' menu', ' bar', ' is']",2,3,accessibility,pythia-1b
menu_bar,11,6,0.0052,menu,bar,A menu bar is,"['<|endoftext|>', 'A', ' menu', ' bar', ' is']",2,3,accessibility,pythia-1b
menu_bar,11,7,0.0054,menu,bar,A menu bar is,"['<|endoftext|>', 'A', ' menu', ' bar', ' is']",2,3,accessibility,pythia-1b
menu_bar,12,0,0.0071,menu,bar,A menu bar is,"['<|endoftext|>', 'A', ' menu', ' bar', ' is']",2,3,accessibility,pythia-1b
menu_bar,12,1,0.047,menu,bar,A menu bar is,"['<|endoftext|>', 'A', ' menu', ' bar', ' is']",2,3,accessibility,pythia-1b
menu_bar,12,2,0.0552,menu,bar,A menu bar is,"['<|endoftext|>', 'A', ' menu', ' bar', ' is']",2,3,accessibility,pythia-1b
menu_bar,12,3,0.007,menu,bar,A menu bar is,"['<|endoftext|>', 'A', ' menu', ' bar', ' is']",2,3,accessibility,pythia-1b
menu_bar,12,4,0.0158,menu,bar,A menu bar is,"['<|endoftext|>', 'A', ' menu', ' bar', ' is']",2,3,accessibility,pythia-1b
menu_bar,12,5,0.0188,menu,bar,A menu bar is,"['<|endoftext|>', 'A', ' menu', ' bar', ' is']",2,3,accessibility,pythia-1b
menu_bar,12,6,0.0106,menu,bar,A menu bar is,"['<|endoftext|>', 'A', ' menu', ' bar', ' is']",2,3,accessibility,pythia-1b
menu_bar,12,7,0.0206,menu,bar,A menu bar is,"['<|endoftext|>', 'A', ' menu', ' bar', ' is']",2,3,accessibility,pythia-1b
menu_bar,13,0,0.1108,menu,bar,A menu bar is,"['<|endoftext|>', 'A', ' menu', ' bar', ' is']",2,3,accessibility,pythia-1b
menu_bar,13,1,0.0271,menu,bar,A menu bar is,"['<|endoftext|>', 'A', ' menu', ' bar', ' is']",2,3,accessibility,pythia-1b
menu_bar,13,2,0.0029,menu,bar,A menu bar is,"['<|endoftext|>', 'A', ' menu', ' bar', ' is']",2,3,accessibility,pythia-1b
menu_bar,13,3,0.0308,menu,bar,A menu bar is,"['<|endoftext|>', 'A', ' menu', ' bar', ' is']",2,3,accessibility,pythia-1b
menu_bar,13,4,0.2252,menu,bar,A menu bar is,"['<|endoftext|>', 'A', ' menu', ' bar', ' is']",2,3,accessibility,pythia-1b
menu_bar,13,5,0.0118,menu,bar,A menu bar is,"['<|endoftext|>', 'A', ' menu', ' bar', ' is']",2,3,accessibility,pythia-1b
menu_bar,13,6,0.0062,menu,bar,A menu bar is,"['<|endoftext|>', 'A', ' menu', ' bar', ' is']",2,3,accessibility,pythia-1b
menu_bar,13,7,0.0372,menu,bar,A menu bar is,"['<|endoftext|>', 'A', ' menu', ' bar', ' is']",2,3,accessibility,pythia-1b
menu_bar,14,0,0.0346,menu,bar,A menu bar is,"['<|endoftext|>', 'A', ' menu', ' bar', ' is']",2,3,accessibility,pythia-1b
menu_bar,14,1,0.0341,menu,bar,A menu bar is,"['<|endoftext|>', 'A', ' menu', ' bar', ' is']",2,3,accessibility,pythia-1b
menu_bar,14,2,0.2246,menu,bar,A menu bar is,"['<|endoftext|>', 'A', ' menu', ' bar', ' is']",2,3,accessibility,pythia-1b
menu_bar,14,3,0.1237,menu,bar,A menu bar is,"['<|endoftext|>', 'A', ' menu', ' bar', ' is']",2,3,accessibility,pythia-1b
menu_bar,14,4,0.0429,menu,bar,A menu bar is,"['<|endoftext|>', 'A', ' menu', ' bar', ' is']",2,3,accessibility,pythia-1b
menu_bar,14,5,0.0184,menu,bar,A menu bar is,"['<|endoftext|>', 'A', ' menu', ' bar', ' is']",2,3,accessibility,pythia-1b
menu_bar,14,6,0.014,menu,bar,A menu bar is,"['<|endoftext|>', 'A', ' menu', ' bar', ' is']",2,3,accessibility,pythia-1b
menu_bar,14,7,0.0181,menu,bar,A menu bar is,"['<|endoftext|>', 'A', ' menu', ' bar', ' is']",2,3,accessibility,pythia-1b
menu_bar,15,0,0.1907,menu,bar,A menu bar is,"['<|endoftext|>', 'A', ' menu', ' bar', ' is']",2,3,accessibility,pythia-1b
menu_bar,15,1,0.0269,menu,bar,A menu bar is,"['<|endoftext|>', 'A', ' menu', ' bar', ' is']",2,3,accessibility,pythia-1b
menu_bar,15,2,0.0579,menu,bar,A menu bar is,"['<|endoftext|>', 'A', ' menu', ' bar', ' is']",2,3,accessibility,pythia-1b
menu_bar,15,3,0.0262,menu,bar,A menu bar is,"['<|endoftext|>', 'A', ' menu', ' bar', ' is']",2,3,accessibility,pythia-1b
menu_bar,15,4,0.0576,menu,bar,A menu bar is,"['<|endoftext|>', 'A', ' menu', ' bar', ' is']",2,3,accessibility,pythia-1b
menu_bar,15,5,0.1202,menu,bar,A menu bar is,"['<|endoftext|>', 'A', ' menu', ' bar', ' is']",2,3,accessibility,pythia-1b
menu_bar,15,6,0.0121,menu,bar,A menu bar is,"['<|endoftext|>', 'A', ' menu', ' bar', ' is']",2,3,accessibility,pythia-1b
menu_bar,15,7,0.1024,menu,bar,A menu bar is,"['<|endoftext|>', 'A', ' menu', ' bar', ' is']",2,3,accessibility,pythia-1b
tool_tip,0,0,0.2344,tool,tip,A tool tip is,"['<|endoftext|>', 'A', ' tool', ' tip', ' is']",2,3,accessibility,pythia-1b
tool_tip,0,1,0.8252,tool,tip,A tool tip is,"['<|endoftext|>', 'A', ' tool', ' tip', ' is']",2,3,accessibility,pythia-1b
tool_tip,0,2,0.0,tool,tip,A tool tip is,"['<|endoftext|>', 'A', ' tool', ' tip', ' is']",2,3,accessibility,pythia-1b
tool_tip,0,3,0.3037,tool,tip,A tool tip is,"['<|endoftext|>', 'A', ' tool', ' tip', ' is']",2,3,accessibility,pythia-1b
tool_tip,0,4,0.0555,tool,tip,A tool tip is,"['<|endoftext|>', 'A', ' tool', ' tip', ' is']",2,3,accessibility,pythia-1b
tool_tip,0,5,0.096,tool,tip,A tool tip is,"['<|endoftext|>', 'A', ' tool', ' tip', ' is']",2,3,accessibility,pythia-1b
tool_tip,0,6,0.022,tool,tip,A tool tip is,"['<|endoftext|>', 'A', ' tool', ' tip', ' is']",2,3,accessibility,pythia-1b
tool_tip,0,7,0.075,tool,tip,A tool tip is,"['<|endoftext|>', 'A', ' tool', ' tip', ' is']",2,3,accessibility,pythia-1b
tool_tip,1,0,0.775,tool,tip,A tool tip is,"['<|endoftext|>', 'A', ' tool', ' tip', ' is']",2,3,accessibility,pythia-1b
tool_tip,1,1,0.05,tool,tip,A tool tip is,"['<|endoftext|>', 'A', ' tool', ' tip', ' is']",2,3,accessibility,pythia-1b
tool_tip,1,2,0.1604,tool,tip,A tool tip is,"['<|endoftext|>', 'A', ' tool', ' tip', ' is']",2,3,accessibility,pythia-1b
tool_tip,1,3,0.7304,tool,tip,A tool tip is,"['<|endoftext|>', 'A', ' tool', ' tip', ' is']",2,3,accessibility,pythia-1b
tool_tip,1,4,0.9151,tool,tip,A tool tip is,"['<|endoftext|>', 'A', ' tool', ' tip', ' is']",2,3,accessibility,pythia-1b
tool_tip,1,5,0.63,tool,tip,A tool tip is,"['<|endoftext|>', 'A', ' tool', ' tip', ' is']",2,3,accessibility,pythia-1b
tool_tip,1,6,0.2422,tool,tip,A tool tip is,"['<|endoftext|>', 'A', ' tool', ' tip', ' is']",2,3,accessibility,pythia-1b
tool_tip,1,7,0.0094,tool,tip,A tool tip is,"['<|endoftext|>', 'A', ' tool', ' tip', ' is']",2,3,accessibility,pythia-1b
tool_tip,2,0,0.3705,tool,tip,A tool tip is,"['<|endoftext|>', 'A', ' tool', ' tip', ' is']",2,3,accessibility,pythia-1b
tool_tip,2,1,0.1931,tool,tip,A tool tip is,"['<|endoftext|>', 'A', ' tool', ' tip', ' is']",2,3,accessibility,pythia-1b
tool_tip,2,2,0.1325,tool,tip,A tool tip is,"['<|endoftext|>', 'A', ' tool', ' tip', ' is']",2,3,accessibility,pythia-1b
tool_tip,2,3,0.209,tool,tip,A tool tip is,"['<|endoftext|>', 'A', ' tool', ' tip', ' is']",2,3,accessibility,pythia-1b
tool_tip,2,4,0.0584,tool,tip,A tool tip is,"['<|endoftext|>', 'A', ' tool', ' tip', ' is']",2,3,accessibility,pythia-1b
tool_tip,2,5,0.152,tool,tip,A tool tip is,"['<|endoftext|>', 'A', ' tool', ' tip', ' is']",2,3,accessibility,pythia-1b
tool_tip,2,6,0.7537,tool,tip,A tool tip is,"['<|endoftext|>', 'A', ' tool', ' tip', ' is']",2,3,accessibility,pythia-1b
tool_tip,2,7,0.306,tool,tip,A tool tip is,"['<|endoftext|>', 'A', ' tool', ' tip', ' is']",2,3,accessibility,pythia-1b
tool_tip,3,0,0.0665,tool,tip,A tool tip is,"['<|endoftext|>', 'A', ' tool', ' tip', ' is']",2,3,accessibility,pythia-1b
tool_tip,3,1,0.0344,tool,tip,A tool tip is,"['<|endoftext|>', 'A', ' tool', ' tip', ' is']",2,3,accessibility,pythia-1b
tool_tip,3,2,0.3803,tool,tip,A tool tip is,"['<|endoftext|>', 'A', ' tool', ' tip', ' is']",2,3,accessibility,pythia-1b
tool_tip,3,3,0.0524,tool,tip,A tool tip is,"['<|endoftext|>', 'A', ' tool', ' tip', ' is']",2,3,accessibility,pythia-1b
tool_tip,3,4,0.0756,tool,tip,A tool tip is,"['<|endoftext|>', 'A', ' tool', ' tip', ' is']",2,3,accessibility,pythia-1b
tool_tip,3,5,0.9835,tool,tip,A tool tip is,"['<|endoftext|>', 'A', ' tool', ' tip', ' is']",2,3,accessibility,pythia-1b
tool_tip,3,6,0.8947,tool,tip,A tool tip is,"['<|endoftext|>', 'A', ' tool', ' tip', ' is']",2,3,accessibility,pythia-1b
tool_tip,3,7,0.2536,tool,tip,A tool tip is,"['<|endoftext|>', 'A', ' tool', ' tip', ' is']",2,3,accessibility,pythia-1b
tool_tip,4,0,0.0132,tool,tip,A tool tip is,"['<|endoftext|>', 'A', ' tool', ' tip', ' is']",2,3,accessibility,pythia-1b
tool_tip,4,1,0.0093,tool,tip,A tool tip is,"['<|endoftext|>', 'A', ' tool', ' tip', ' is']",2,3,accessibility,pythia-1b
tool_tip,4,2,0.0261,tool,tip,A tool tip is,"['<|endoftext|>', 'A', ' tool', ' tip', ' is']",2,3,accessibility,pythia-1b
tool_tip,4,3,0.0089,tool,tip,A tool tip is,"['<|endoftext|>', 'A', ' tool', ' tip', ' is']",2,3,accessibility,pythia-1b
tool_tip,4,4,0.0,tool,tip,A tool tip is,"['<|endoftext|>', 'A', ' tool', ' tip', ' is']",2,3,accessibility,pythia-1b
tool_tip,4,5,0.0002,tool,tip,A tool tip is,"['<|endoftext|>', 'A', ' tool', ' tip', ' is']",2,3,accessibility,pythia-1b
tool_tip,4,6,0.0232,tool,tip,A tool tip is,"['<|endoftext|>', 'A', ' tool', ' tip', ' is']",2,3,accessibility,pythia-1b
tool_tip,4,7,0.1542,tool,tip,A tool tip is,"['<|endoftext|>', 'A', ' tool', ' tip', ' is']",2,3,accessibility,pythia-1b
tool_tip,5,0,0.0768,tool,tip,A tool tip is,"['<|endoftext|>', 'A', ' tool', ' tip', ' is']",2,3,accessibility,pythia-1b
tool_tip,5,1,0.0,tool,tip,A tool tip is,"['<|endoftext|>', 'A', ' tool', ' tip', ' is']",2,3,accessibility,pythia-1b
tool_tip,5,2,0.0579,tool,tip,A tool tip is,"['<|endoftext|>', 'A', ' tool', ' tip', ' is']",2,3,accessibility,pythia-1b
tool_tip,5,3,0.0292,tool,tip,A tool tip is,"['<|endoftext|>', 'A', ' tool', ' tip', ' is']",2,3,accessibility,pythia-1b
tool_tip,5,4,0.0051,tool,tip,A tool tip is,"['<|endoftext|>', 'A', ' tool', ' tip', ' is']",2,3,accessibility,pythia-1b
tool_tip,5,5,0.0863,tool,tip,A tool tip is,"['<|endoftext|>', 'A', ' tool', ' tip', ' is']",2,3,accessibility,pythia-1b
tool_tip,5,6,0.0018,tool,tip,A tool tip is,"['<|endoftext|>', 'A', ' tool', ' tip', ' is']",2,3,accessibility,pythia-1b
tool_tip,5,7,0.0006,tool,tip,A tool tip is,"['<|endoftext|>', 'A', ' tool', ' tip', ' is']",2,3,accessibility,pythia-1b
tool_tip,6,0,0.1276,tool,tip,A tool tip is,"['<|endoftext|>', 'A', ' tool', ' tip', ' is']",2,3,accessibility,pythia-1b
tool_tip,6,1,0.0058,tool,tip,A tool tip is,"['<|endoftext|>', 'A', ' tool', ' tip', ' is']",2,3,accessibility,pythia-1b
tool_tip,6,2,0.0084,tool,tip,A tool tip is,"['<|endoftext|>', 'A', ' tool', ' tip', ' is']",2,3,accessibility,pythia-1b
tool_tip,6,3,0.82,tool,tip,A tool tip is,"['<|endoftext|>', 'A', ' tool', ' tip', ' is']",2,3,accessibility,pythia-1b
tool_tip,6,4,0.0237,tool,tip,A tool tip is,"['<|endoftext|>', 'A', ' tool', ' tip', ' is']",2,3,accessibility,pythia-1b
tool_tip,6,5,0.0558,tool,tip,A tool tip is,"['<|endoftext|>', 'A', ' tool', ' tip', ' is']",2,3,accessibility,pythia-1b
tool_tip,6,6,0.0482,tool,tip,A tool tip is,"['<|endoftext|>', 'A', ' tool', ' tip', ' is']",2,3,accessibility,pythia-1b
tool_tip,6,7,0.001,tool,tip,A tool tip is,"['<|endoftext|>', 'A', ' tool', ' tip', ' is']",2,3,accessibility,pythia-1b
tool_tip,7,0,0.0005,tool,tip,A tool tip is,"['<|endoftext|>', 'A', ' tool', ' tip', ' is']",2,3,accessibility,pythia-1b
tool_tip,7,1,0.0,tool,tip,A tool tip is,"['<|endoftext|>', 'A', ' tool', ' tip', ' is']",2,3,accessibility,pythia-1b
tool_tip,7,2,0.0009,tool,tip,A tool tip is,"['<|endoftext|>', 'A', ' tool', ' tip', ' is']",2,3,accessibility,pythia-1b
tool_tip,7,3,0.0568,tool,tip,A tool tip is,"['<|endoftext|>', 'A', ' tool', ' tip', ' is']",2,3,accessibility,pythia-1b
tool_tip,7,4,0.2288,tool,tip,A tool tip is,"['<|endoftext|>', 'A', ' tool', ' tip', ' is']",2,3,accessibility,pythia-1b
tool_tip,7,5,0.023,tool,tip,A tool tip is,"['<|endoftext|>', 'A', ' tool', ' tip', ' is']",2,3,accessibility,pythia-1b
tool_tip,7,6,0.2018,tool,tip,A tool tip is,"['<|endoftext|>', 'A', ' tool', ' tip', ' is']",2,3,accessibility,pythia-1b
tool_tip,7,7,0.0268,tool,tip,A tool tip is,"['<|endoftext|>', 'A', ' tool', ' tip', ' is']",2,3,accessibility,pythia-1b
tool_tip,8,0,0.0056,tool,tip,A tool tip is,"['<|endoftext|>', 'A', ' tool', ' tip', ' is']",2,3,accessibility,pythia-1b
tool_tip,8,1,0.0851,tool,tip,A tool tip is,"['<|endoftext|>', 'A', ' tool', ' tip', ' is']",2,3,accessibility,pythia-1b
tool_tip,8,2,0.0155,tool,tip,A tool tip is,"['<|endoftext|>', 'A', ' tool', ' tip', ' is']",2,3,accessibility,pythia-1b
tool_tip,8,3,0.1789,tool,tip,A tool tip is,"['<|endoftext|>', 'A', ' tool', ' tip', ' is']",2,3,accessibility,pythia-1b
tool_tip,8,4,0.0628,tool,tip,A tool tip is,"['<|endoftext|>', 'A', ' tool', ' tip', ' is']",2,3,accessibility,pythia-1b
tool_tip,8,5,0.0066,tool,tip,A tool tip is,"['<|endoftext|>', 'A', ' tool', ' tip', ' is']",2,3,accessibility,pythia-1b
tool_tip,8,6,0.0015,tool,tip,A tool tip is,"['<|endoftext|>', 'A', ' tool', ' tip', ' is']",2,3,accessibility,pythia-1b
tool_tip,8,7,0.1899,tool,tip,A tool tip is,"['<|endoftext|>', 'A', ' tool', ' tip', ' is']",2,3,accessibility,pythia-1b
tool_tip,9,0,0.0418,tool,tip,A tool tip is,"['<|endoftext|>', 'A', ' tool', ' tip', ' is']",2,3,accessibility,pythia-1b
tool_tip,9,1,0.0117,tool,tip,A tool tip is,"['<|endoftext|>', 'A', ' tool', ' tip', ' is']",2,3,accessibility,pythia-1b
tool_tip,9,2,0.167,tool,tip,A tool tip is,"['<|endoftext|>', 'A', ' tool', ' tip', ' is']",2,3,accessibility,pythia-1b
tool_tip,9,3,0.053,tool,tip,A tool tip is,"['<|endoftext|>', 'A', ' tool', ' tip', ' is']",2,3,accessibility,pythia-1b
tool_tip,9,4,0.0061,tool,tip,A tool tip is,"['<|endoftext|>', 'A', ' tool', ' tip', ' is']",2,3,accessibility,pythia-1b
tool_tip,9,5,0.0256,tool,tip,A tool tip is,"['<|endoftext|>', 'A', ' tool', ' tip', ' is']",2,3,accessibility,pythia-1b
tool_tip,9,6,0.0461,tool,tip,A tool tip is,"['<|endoftext|>', 'A', ' tool', ' tip', ' is']",2,3,accessibility,pythia-1b
tool_tip,9,7,0.1067,tool,tip,A tool tip is,"['<|endoftext|>', 'A', ' tool', ' tip', ' is']",2,3,accessibility,pythia-1b
tool_tip,10,0,0.0051,tool,tip,A tool tip is,"['<|endoftext|>', 'A', ' tool', ' tip', ' is']",2,3,accessibility,pythia-1b
tool_tip,10,1,0.2004,tool,tip,A tool tip is,"['<|endoftext|>', 'A', ' tool', ' tip', ' is']",2,3,accessibility,pythia-1b
tool_tip,10,2,0.0383,tool,tip,A tool tip is,"['<|endoftext|>', 'A', ' tool', ' tip', ' is']",2,3,accessibility,pythia-1b
tool_tip,10,3,0.1701,tool,tip,A tool tip is,"['<|endoftext|>', 'A', ' tool', ' tip', ' is']",2,3,accessibility,pythia-1b
tool_tip,10,4,0.0249,tool,tip,A tool tip is,"['<|endoftext|>', 'A', ' tool', ' tip', ' is']",2,3,accessibility,pythia-1b
tool_tip,10,5,0.0004,tool,tip,A tool tip is,"['<|endoftext|>', 'A', ' tool', ' tip', ' is']",2,3,accessibility,pythia-1b
tool_tip,10,6,0.0004,tool,tip,A tool tip is,"['<|endoftext|>', 'A', ' tool', ' tip', ' is']",2,3,accessibility,pythia-1b
tool_tip,10,7,0.0317,tool,tip,A tool tip is,"['<|endoftext|>', 'A', ' tool', ' tip', ' is']",2,3,accessibility,pythia-1b
tool_tip,11,0,0.1342,tool,tip,A tool tip is,"['<|endoftext|>', 'A', ' tool', ' tip', ' is']",2,3,accessibility,pythia-1b
tool_tip,11,1,0.0476,tool,tip,A tool tip is,"['<|endoftext|>', 'A', ' tool', ' tip', ' is']",2,3,accessibility,pythia-1b
tool_tip,11,2,0.0191,tool,tip,A tool tip is,"['<|endoftext|>', 'A', ' tool', ' tip', ' is']",2,3,accessibility,pythia-1b
tool_tip,11,3,0.0151,tool,tip,A tool tip is,"['<|endoftext|>', 'A', ' tool', ' tip', ' is']",2,3,accessibility,pythia-1b
tool_tip,11,4,0.0482,tool,tip,A tool tip is,"['<|endoftext|>', 'A', ' tool', ' tip', ' is']",2,3,accessibility,pythia-1b
tool_tip,11,5,0.0099,tool,tip,A tool tip is,"['<|endoftext|>', 'A', ' tool', ' tip', ' is']",2,3,accessibility,pythia-1b
tool_tip,11,6,0.0359,tool,tip,A tool tip is,"['<|endoftext|>', 'A', ' tool', ' tip', ' is']",2,3,accessibility,pythia-1b
tool_tip,11,7,0.0033,tool,tip,A tool tip is,"['<|endoftext|>', 'A', ' tool', ' tip', ' is']",2,3,accessibility,pythia-1b
tool_tip,12,0,0.0043,tool,tip,A tool tip is,"['<|endoftext|>', 'A', ' tool', ' tip', ' is']",2,3,accessibility,pythia-1b
tool_tip,12,1,0.0804,tool,tip,A tool tip is,"['<|endoftext|>', 'A', ' tool', ' tip', ' is']",2,3,accessibility,pythia-1b
tool_tip,12,2,0.0242,tool,tip,A tool tip is,"['<|endoftext|>', 'A', ' tool', ' tip', ' is']",2,3,accessibility,pythia-1b
tool_tip,12,3,0.0007,tool,tip,A tool tip is,"['<|endoftext|>', 'A', ' tool', ' tip', ' is']",2,3,accessibility,pythia-1b
tool_tip,12,4,0.0351,tool,tip,A tool tip is,"['<|endoftext|>', 'A', ' tool', ' tip', ' is']",2,3,accessibility,pythia-1b
tool_tip,12,5,0.0807,tool,tip,A tool tip is,"['<|endoftext|>', 'A', ' tool', ' tip', ' is']",2,3,accessibility,pythia-1b
tool_tip,12,6,0.0017,tool,tip,A tool tip is,"['<|endoftext|>', 'A', ' tool', ' tip', ' is']",2,3,accessibility,pythia-1b
tool_tip,12,7,0.0403,tool,tip,A tool tip is,"['<|endoftext|>', 'A', ' tool', ' tip', ' is']",2,3,accessibility,pythia-1b
tool_tip,13,0,0.0982,tool,tip,A tool tip is,"['<|endoftext|>', 'A', ' tool', ' tip', ' is']",2,3,accessibility,pythia-1b
tool_tip,13,1,0.0379,tool,tip,A tool tip is,"['<|endoftext|>', 'A', ' tool', ' tip', ' is']",2,3,accessibility,pythia-1b
tool_tip,13,2,0.0007,tool,tip,A tool tip is,"['<|endoftext|>', 'A', ' tool', ' tip', ' is']",2,3,accessibility,pythia-1b
tool_tip,13,3,0.0255,tool,tip,A tool tip is,"['<|endoftext|>', 'A', ' tool', ' tip', ' is']",2,3,accessibility,pythia-1b
tool_tip,13,4,0.1703,tool,tip,A tool tip is,"['<|endoftext|>', 'A', ' tool', ' tip', ' is']",2,3,accessibility,pythia-1b
tool_tip,13,5,0.0191,tool,tip,A tool tip is,"['<|endoftext|>', 'A', ' tool', ' tip', ' is']",2,3,accessibility,pythia-1b
tool_tip,13,6,0.0046,tool,tip,A tool tip is,"['<|endoftext|>', 'A', ' tool', ' tip', ' is']",2,3,accessibility,pythia-1b
tool_tip,13,7,0.0749,tool,tip,A tool tip is,"['<|endoftext|>', 'A', ' tool', ' tip', ' is']",2,3,accessibility,pythia-1b
tool_tip,14,0,0.1793,tool,tip,A tool tip is,"['<|endoftext|>', 'A', ' tool', ' tip', ' is']",2,3,accessibility,pythia-1b
tool_tip,14,1,0.0837,tool,tip,A tool tip is,"['<|endoftext|>', 'A', ' tool', ' tip', ' is']",2,3,accessibility,pythia-1b
tool_tip,14,2,0.1179,tool,tip,A tool tip is,"['<|endoftext|>', 'A', ' tool', ' tip', ' is']",2,3,accessibility,pythia-1b
tool_tip,14,3,0.0954,tool,tip,A tool tip is,"['<|endoftext|>', 'A', ' tool', ' tip', ' is']",2,3,accessibility,pythia-1b
tool_tip,14,4,0.016,tool,tip,A tool tip is,"['<|endoftext|>', 'A', ' tool', ' tip', ' is']",2,3,accessibility,pythia-1b
tool_tip,14,5,0.0487,tool,tip,A tool tip is,"['<|endoftext|>', 'A', ' tool', ' tip', ' is']",2,3,accessibility,pythia-1b
tool_tip,14,6,0.0148,tool,tip,A tool tip is,"['<|endoftext|>', 'A', ' tool', ' tip', ' is']",2,3,accessibility,pythia-1b
tool_tip,14,7,0.0167,tool,tip,A tool tip is,"['<|endoftext|>', 'A', ' tool', ' tip', ' is']",2,3,accessibility,pythia-1b
tool_tip,15,0,0.2944,tool,tip,A tool tip is,"['<|endoftext|>', 'A', ' tool', ' tip', ' is']",2,3,accessibility,pythia-1b
tool_tip,15,1,0.0089,tool,tip,A tool tip is,"['<|endoftext|>', 'A', ' tool', ' tip', ' is']",2,3,accessibility,pythia-1b
tool_tip,15,2,0.2077,tool,tip,A tool tip is,"['<|endoftext|>', 'A', ' tool', ' tip', ' is']",2,3,accessibility,pythia-1b
tool_tip,15,3,0.0113,tool,tip,A tool tip is,"['<|endoftext|>', 'A', ' tool', ' tip', ' is']",2,3,accessibility,pythia-1b
tool_tip,15,4,0.0559,tool,tip,A tool tip is,"['<|endoftext|>', 'A', ' tool', ' tip', ' is']",2,3,accessibility,pythia-1b
tool_tip,15,5,0.2221,tool,tip,A tool tip is,"['<|endoftext|>', 'A', ' tool', ' tip', ' is']",2,3,accessibility,pythia-1b
tool_tip,15,6,0.0177,tool,tip,A tool tip is,"['<|endoftext|>', 'A', ' tool', ' tip', ' is']",2,3,accessibility,pythia-1b
tool_tip,15,7,0.1033,tool,tip,A tool tip is,"['<|endoftext|>', 'A', ' tool', ' tip', ' is']",2,3,accessibility,pythia-1b
combo_box,0,0,0.2641,combo,box,A combo box is,"['<|endoftext|>', 'A', ' combo', ' box', ' is']",2,3,accessibility,pythia-1b
combo_box,0,1,0.9794,combo,box,A combo box is,"['<|endoftext|>', 'A', ' combo', ' box', ' is']",2,3,accessibility,pythia-1b
combo_box,0,2,0.0,combo,box,A combo box is,"['<|endoftext|>', 'A', ' combo', ' box', ' is']",2,3,accessibility,pythia-1b
combo_box,0,3,0.9896,combo,box,A combo box is,"['<|endoftext|>', 'A', ' combo', ' box', ' is']",2,3,accessibility,pythia-1b
combo_box,0,4,0.0425,combo,box,A combo box is,"['<|endoftext|>', 'A', ' combo', ' box', ' is']",2,3,accessibility,pythia-1b
combo_box,0,5,0.3539,combo,box,A combo box is,"['<|endoftext|>', 'A', ' combo', ' box', ' is']",2,3,accessibility,pythia-1b
combo_box,0,6,0.0451,combo,box,A combo box is,"['<|endoftext|>', 'A', ' combo', ' box', ' is']",2,3,accessibility,pythia-1b
combo_box,0,7,0.5002,combo,box,A combo box is,"['<|endoftext|>', 'A', ' combo', ' box', ' is']",2,3,accessibility,pythia-1b
combo_box,1,0,0.4836,combo,box,A combo box is,"['<|endoftext|>', 'A', ' combo', ' box', ' is']",2,3,accessibility,pythia-1b
combo_box,1,1,0.0861,combo,box,A combo box is,"['<|endoftext|>', 'A', ' combo', ' box', ' is']",2,3,accessibility,pythia-1b
combo_box,1,2,0.3886,combo,box,A combo box is,"['<|endoftext|>', 'A', ' combo', ' box', ' is']",2,3,accessibility,pythia-1b
combo_box,1,3,0.3444,combo,box,A combo box is,"['<|endoftext|>', 'A', ' combo', ' box', ' is']",2,3,accessibility,pythia-1b
combo_box,1,4,0.7246,combo,box,A combo box is,"['<|endoftext|>', 'A', ' combo', ' box', ' is']",2,3,accessibility,pythia-1b
combo_box,1,5,0.5049,combo,box,A combo box is,"['<|endoftext|>', 'A', ' combo', ' box', ' is']",2,3,accessibility,pythia-1b
combo_box,1,6,0.2429,combo,box,A combo box is,"['<|endoftext|>', 'A', ' combo', ' box', ' is']",2,3,accessibility,pythia-1b
combo_box,1,7,0.001,combo,box,A combo box is,"['<|endoftext|>', 'A', ' combo', ' box', ' is']",2,3,accessibility,pythia-1b
combo_box,2,0,0.5724,combo,box,A combo box is,"['<|endoftext|>', 'A', ' combo', ' box', ' is']",2,3,accessibility,pythia-1b
combo_box,2,1,0.2454,combo,box,A combo box is,"['<|endoftext|>', 'A', ' combo', ' box', ' is']",2,3,accessibility,pythia-1b
combo_box,2,2,0.2025,combo,box,A combo box is,"['<|endoftext|>', 'A', ' combo', ' box', ' is']",2,3,accessibility,pythia-1b
combo_box,2,3,0.112,combo,box,A combo box is,"['<|endoftext|>', 'A', ' combo', ' box', ' is']",2,3,accessibility,pythia-1b
combo_box,2,4,0.2184,combo,box,A combo box is,"['<|endoftext|>', 'A', ' combo', ' box', ' is']",2,3,accessibility,pythia-1b
combo_box,2,5,0.1414,combo,box,A combo box is,"['<|endoftext|>', 'A', ' combo', ' box', ' is']",2,3,accessibility,pythia-1b
combo_box,2,6,0.5779,combo,box,A combo box is,"['<|endoftext|>', 'A', ' combo', ' box', ' is']",2,3,accessibility,pythia-1b
combo_box,2,7,0.1004,combo,box,A combo box is,"['<|endoftext|>', 'A', ' combo', ' box', ' is']",2,3,accessibility,pythia-1b
combo_box,3,0,0.0222,combo,box,A combo box is,"['<|endoftext|>', 'A', ' combo', ' box', ' is']",2,3,accessibility,pythia-1b
combo_box,3,1,0.0163,combo,box,A combo box is,"['<|endoftext|>', 'A', ' combo', ' box', ' is']",2,3,accessibility,pythia-1b
combo_box,3,2,0.1121,combo,box,A combo box is,"['<|endoftext|>', 'A', ' combo', ' box', ' is']",2,3,accessibility,pythia-1b
combo_box,3,3,0.0054,combo,box,A combo box is,"['<|endoftext|>', 'A', ' combo', ' box', ' is']",2,3,accessibility,pythia-1b
combo_box,3,4,0.0139,combo,box,A combo box is,"['<|endoftext|>', 'A', ' combo', ' box', ' is']",2,3,accessibility,pythia-1b
combo_box,3,5,0.9923,combo,box,A combo box is,"['<|endoftext|>', 'A', ' combo', ' box', ' is']",2,3,accessibility,pythia-1b
combo_box,3,6,0.8656,combo,box,A combo box is,"['<|endoftext|>', 'A', ' combo', ' box', ' is']",2,3,accessibility,pythia-1b
combo_box,3,7,0.1638,combo,box,A combo box is,"['<|endoftext|>', 'A', ' combo', ' box', ' is']",2,3,accessibility,pythia-1b
combo_box,4,0,0.1048,combo,box,A combo box is,"['<|endoftext|>', 'A', ' combo', ' box', ' is']",2,3,accessibility,pythia-1b
combo_box,4,1,0.0294,combo,box,A combo box is,"['<|endoftext|>', 'A', ' combo', ' box', ' is']",2,3,accessibility,pythia-1b
combo_box,4,2,0.0147,combo,box,A combo box is,"['<|endoftext|>', 'A', ' combo', ' box', ' is']",2,3,accessibility,pythia-1b
combo_box,4,3,0.005,combo,box,A combo box is,"['<|endoftext|>', 'A', ' combo', ' box', ' is']",2,3,accessibility,pythia-1b
combo_box,4,4,0.0002,combo,box,A combo box is,"['<|endoftext|>', 'A', ' combo', ' box', ' is']",2,3,accessibility,pythia-1b
combo_box,4,5,0.0086,combo,box,A combo box is,"['<|endoftext|>', 'A', ' combo', ' box', ' is']",2,3,accessibility,pythia-1b
combo_box,4,6,0.0134,combo,box,A combo box is,"['<|endoftext|>', 'A', ' combo', ' box', ' is']",2,3,accessibility,pythia-1b
combo_box,4,7,0.0157,combo,box,A combo box is,"['<|endoftext|>', 'A', ' combo', ' box', ' is']",2,3,accessibility,pythia-1b
combo_box,5,0,0.0241,combo,box,A combo box is,"['<|endoftext|>', 'A', ' combo', ' box', ' is']",2,3,accessibility,pythia-1b
combo_box,5,1,0.0004,combo,box,A combo box is,"['<|endoftext|>', 'A', ' combo', ' box', ' is']",2,3,accessibility,pythia-1b
combo_box,5,2,0.0464,combo,box,A combo box is,"['<|endoftext|>', 'A', ' combo', ' box', ' is']",2,3,accessibility,pythia-1b
combo_box,5,3,0.0414,combo,box,A combo box is,"['<|endoftext|>', 'A', ' combo', ' box', ' is']",2,3,accessibility,pythia-1b
combo_box,5,4,0.0055,combo,box,A combo box is,"['<|endoftext|>', 'A', ' combo', ' box', ' is']",2,3,accessibility,pythia-1b
combo_box,5,5,0.2184,combo,box,A combo box is,"['<|endoftext|>', 'A', ' combo', ' box', ' is']",2,3,accessibility,pythia-1b
combo_box,5,6,0.0016,combo,box,A combo box is,"['<|endoftext|>', 'A', ' combo', ' box', ' is']",2,3,accessibility,pythia-1b
combo_box,5,7,0.0004,combo,box,A combo box is,"['<|endoftext|>', 'A', ' combo', ' box', ' is']",2,3,accessibility,pythia-1b
combo_box,6,0,0.0372,combo,box,A combo box is,"['<|endoftext|>', 'A', ' combo', ' box', ' is']",2,3,accessibility,pythia-1b
combo_box,6,1,0.0132,combo,box,A combo box is,"['<|endoftext|>', 'A', ' combo', ' box', ' is']",2,3,accessibility,pythia-1b
combo_box,6,2,0.0036,combo,box,A combo box is,"['<|endoftext|>', 'A', ' combo', ' box', ' is']",2,3,accessibility,pythia-1b
combo_box,6,3,0.4872,combo,box,A combo box is,"['<|endoftext|>', 'A', ' combo', ' box', ' is']",2,3,accessibility,pythia-1b
combo_box,6,4,0.0346,combo,box,A combo box is,"['<|endoftext|>', 'A', ' combo', ' box', ' is']",2,3,accessibility,pythia-1b
combo_box,6,5,0.0295,combo,box,A combo box is,"['<|endoftext|>', 'A', ' combo', ' box', ' is']",2,3,accessibility,pythia-1b
combo_box,6,6,0.0057,combo,box,A combo box is,"['<|endoftext|>', 'A', ' combo', ' box', ' is']",2,3,accessibility,pythia-1b
combo_box,6,7,0.001,combo,box,A combo box is,"['<|endoftext|>', 'A', ' combo', ' box', ' is']",2,3,accessibility,pythia-1b
combo_box,7,0,0.0069,combo,box,A combo box is,"['<|endoftext|>', 'A', ' combo', ' box', ' is']",2,3,accessibility,pythia-1b
combo_box,7,1,0.0001,combo,box,A combo box is,"['<|endoftext|>', 'A', ' combo', ' box', ' is']",2,3,accessibility,pythia-1b
combo_box,7,2,0.0024,combo,box,A combo box is,"['<|endoftext|>', 'A', ' combo', ' box', ' is']",2,3,accessibility,pythia-1b
combo_box,7,3,0.2549,combo,box,A combo box is,"['<|endoftext|>', 'A', ' combo', ' box', ' is']",2,3,accessibility,pythia-1b
combo_box,7,4,0.0645,combo,box,A combo box is,"['<|endoftext|>', 'A', ' combo', ' box', ' is']",2,3,accessibility,pythia-1b
combo_box,7,5,0.025,combo,box,A combo box is,"['<|endoftext|>', 'A', ' combo', ' box', ' is']",2,3,accessibility,pythia-1b
combo_box,7,6,0.364,combo,box,A combo box is,"['<|endoftext|>', 'A', ' combo', ' box', ' is']",2,3,accessibility,pythia-1b
combo_box,7,7,0.0201,combo,box,A combo box is,"['<|endoftext|>', 'A', ' combo', ' box', ' is']",2,3,accessibility,pythia-1b
combo_box,8,0,0.0017,combo,box,A combo box is,"['<|endoftext|>', 'A', ' combo', ' box', ' is']",2,3,accessibility,pythia-1b
combo_box,8,1,0.0517,combo,box,A combo box is,"['<|endoftext|>', 'A', ' combo', ' box', ' is']",2,3,accessibility,pythia-1b
combo_box,8,2,0.0324,combo,box,A combo box is,"['<|endoftext|>', 'A', ' combo', ' box', ' is']",2,3,accessibility,pythia-1b
combo_box,8,3,0.1859,combo,box,A combo box is,"['<|endoftext|>', 'A', ' combo', ' box', ' is']",2,3,accessibility,pythia-1b
combo_box,8,4,0.0134,combo,box,A combo box is,"['<|endoftext|>', 'A', ' combo', ' box', ' is']",2,3,accessibility,pythia-1b
combo_box,8,5,0.002,combo,box,A combo box is,"['<|endoftext|>', 'A', ' combo', ' box', ' is']",2,3,accessibility,pythia-1b
combo_box,8,6,0.0019,combo,box,A combo box is,"['<|endoftext|>', 'A', ' combo', ' box', ' is']",2,3,accessibility,pythia-1b
combo_box,8,7,0.0217,combo,box,A combo box is,"['<|endoftext|>', 'A', ' combo', ' box', ' is']",2,3,accessibility,pythia-1b
combo_box,9,0,0.0947,combo,box,A combo box is,"['<|endoftext|>', 'A', ' combo', ' box', ' is']",2,3,accessibility,pythia-1b
combo_box,9,1,0.0052,combo,box,A combo box is,"['<|endoftext|>', 'A', ' combo', ' box', ' is']",2,3,accessibility,pythia-1b
combo_box,9,2,0.1392,combo,box,A combo box is,"['<|endoftext|>', 'A', ' combo', ' box', ' is']",2,3,accessibility,pythia-1b
combo_box,9,3,0.01,combo,box,A combo box is,"['<|endoftext|>', 'A', ' combo', ' box', ' is']",2,3,accessibility,pythia-1b
combo_box,9,4,0.0095,combo,box,A combo box is,"['<|endoftext|>', 'A', ' combo', ' box', ' is']",2,3,accessibility,pythia-1b
combo_box,9,5,0.0159,combo,box,A combo box is,"['<|endoftext|>', 'A', ' combo', ' box', ' is']",2,3,accessibility,pythia-1b
combo_box,9,6,0.0985,combo,box,A combo box is,"['<|endoftext|>', 'A', ' combo', ' box', ' is']",2,3,accessibility,pythia-1b
combo_box,9,7,0.0723,combo,box,A combo box is,"['<|endoftext|>', 'A', ' combo', ' box', ' is']",2,3,accessibility,pythia-1b
combo_box,10,0,0.0012,combo,box,A combo box is,"['<|endoftext|>', 'A', ' combo', ' box', ' is']",2,3,accessibility,pythia-1b
combo_box,10,1,0.0274,combo,box,A combo box is,"['<|endoftext|>', 'A', ' combo', ' box', ' is']",2,3,accessibility,pythia-1b
combo_box,10,2,0.0077,combo,box,A combo box is,"['<|endoftext|>', 'A', ' combo', ' box', ' is']",2,3,accessibility,pythia-1b
combo_box,10,3,0.057,combo,box,A combo box is,"['<|endoftext|>', 'A', ' combo', ' box', ' is']",2,3,accessibility,pythia-1b
combo_box,10,4,0.0141,combo,box,A combo box is,"['<|endoftext|>', 'A', ' combo', ' box', ' is']",2,3,accessibility,pythia-1b
combo_box,10,5,0.0178,combo,box,A combo box is,"['<|endoftext|>', 'A', ' combo', ' box', ' is']",2,3,accessibility,pythia-1b
combo_box,10,6,0.0011,combo,box,A combo box is,"['<|endoftext|>', 'A', ' combo', ' box', ' is']",2,3,accessibility,pythia-1b
combo_box,10,7,0.021,combo,box,A combo box is,"['<|endoftext|>', 'A', ' combo', ' box', ' is']",2,3,accessibility,pythia-1b
combo_box,11,0,0.0313,combo,box,A combo box is,"['<|endoftext|>', 'A', ' combo', ' box', ' is']",2,3,accessibility,pythia-1b
combo_box,11,1,0.0062,combo,box,A combo box is,"['<|endoftext|>', 'A', ' combo', ' box', ' is']",2,3,accessibility,pythia-1b
combo_box,11,2,0.0225,combo,box,A combo box is,"['<|endoftext|>', 'A', ' combo', ' box', ' is']",2,3,accessibility,pythia-1b
combo_box,11,3,0.0079,combo,box,A combo box is,"['<|endoftext|>', 'A', ' combo', ' box', ' is']",2,3,accessibility,pythia-1b
combo_box,11,4,0.0606,combo,box,A combo box is,"['<|endoftext|>', 'A', ' combo', ' box', ' is']",2,3,accessibility,pythia-1b
combo_box,11,5,0.0057,combo,box,A combo box is,"['<|endoftext|>', 'A', ' combo', ' box', ' is']",2,3,accessibility,pythia-1b
combo_box,11,6,0.0106,combo,box,A combo box is,"['<|endoftext|>', 'A', ' combo', ' box', ' is']",2,3,accessibility,pythia-1b
combo_box,11,7,0.0045,combo,box,A combo box is,"['<|endoftext|>', 'A', ' combo', ' box', ' is']",2,3,accessibility,pythia-1b
combo_box,12,0,0.0066,combo,box,A combo box is,"['<|endoftext|>', 'A', ' combo', ' box', ' is']",2,3,accessibility,pythia-1b
combo_box,12,1,0.057,combo,box,A combo box is,"['<|endoftext|>', 'A', ' combo', ' box', ' is']",2,3,accessibility,pythia-1b
combo_box,12,2,0.0377,combo,box,A combo box is,"['<|endoftext|>', 'A', ' combo', ' box', ' is']",2,3,accessibility,pythia-1b
combo_box,12,3,0.0201,combo,box,A combo box is,"['<|endoftext|>', 'A', ' combo', ' box', ' is']",2,3,accessibility,pythia-1b
combo_box,12,4,0.0345,combo,box,A combo box is,"['<|endoftext|>', 'A', ' combo', ' box', ' is']",2,3,accessibility,pythia-1b
combo_box,12,5,0.0172,combo,box,A combo box is,"['<|endoftext|>', 'A', ' combo', ' box', ' is']",2,3,accessibility,pythia-1b
combo_box,12,6,0.0034,combo,box,A combo box is,"['<|endoftext|>', 'A', ' combo', ' box', ' is']",2,3,accessibility,pythia-1b
combo_box,12,7,0.0243,combo,box,A combo box is,"['<|endoftext|>', 'A', ' combo', ' box', ' is']",2,3,accessibility,pythia-1b
combo_box,13,0,0.1009,combo,box,A combo box is,"['<|endoftext|>', 'A', ' combo', ' box', ' is']",2,3,accessibility,pythia-1b
combo_box,13,1,0.0535,combo,box,A combo box is,"['<|endoftext|>', 'A', ' combo', ' box', ' is']",2,3,accessibility,pythia-1b
combo_box,13,2,0.0277,combo,box,A combo box is,"['<|endoftext|>', 'A', ' combo', ' box', ' is']",2,3,accessibility,pythia-1b
combo_box,13,3,0.0121,combo,box,A combo box is,"['<|endoftext|>', 'A', ' combo', ' box', ' is']",2,3,accessibility,pythia-1b
combo_box,13,4,0.2063,combo,box,A combo box is,"['<|endoftext|>', 'A', ' combo', ' box', ' is']",2,3,accessibility,pythia-1b
combo_box,13,5,0.0132,combo,box,A combo box is,"['<|endoftext|>', 'A', ' combo', ' box', ' is']",2,3,accessibility,pythia-1b
combo_box,13,6,0.0041,combo,box,A combo box is,"['<|endoftext|>', 'A', ' combo', ' box', ' is']",2,3,accessibility,pythia-1b
combo_box,13,7,0.0517,combo,box,A combo box is,"['<|endoftext|>', 'A', ' combo', ' box', ' is']",2,3,accessibility,pythia-1b
combo_box,14,0,0.0623,combo,box,A combo box is,"['<|endoftext|>', 'A', ' combo', ' box', ' is']",2,3,accessibility,pythia-1b
combo_box,14,1,0.0257,combo,box,A combo box is,"['<|endoftext|>', 'A', ' combo', ' box', ' is']",2,3,accessibility,pythia-1b
combo_box,14,2,0.0508,combo,box,A combo box is,"['<|endoftext|>', 'A', ' combo', ' box', ' is']",2,3,accessibility,pythia-1b
combo_box,14,3,0.1053,combo,box,A combo box is,"['<|endoftext|>', 'A', ' combo', ' box', ' is']",2,3,accessibility,pythia-1b
combo_box,14,4,0.0191,combo,box,A combo box is,"['<|endoftext|>', 'A', ' combo', ' box', ' is']",2,3,accessibility,pythia-1b
combo_box,14,5,0.1307,combo,box,A combo box is,"['<|endoftext|>', 'A', ' combo', ' box', ' is']",2,3,accessibility,pythia-1b
combo_box,14,6,0.0093,combo,box,A combo box is,"['<|endoftext|>', 'A', ' combo', ' box', ' is']",2,3,accessibility,pythia-1b
combo_box,14,7,0.0217,combo,box,A combo box is,"['<|endoftext|>', 'A', ' combo', ' box', ' is']",2,3,accessibility,pythia-1b
combo_box,15,0,0.0788,combo,box,A combo box is,"['<|endoftext|>', 'A', ' combo', ' box', ' is']",2,3,accessibility,pythia-1b
combo_box,15,1,0.0026,combo,box,A combo box is,"['<|endoftext|>', 'A', ' combo', ' box', ' is']",2,3,accessibility,pythia-1b
combo_box,15,2,0.0607,combo,box,A combo box is,"['<|endoftext|>', 'A', ' combo', ' box', ' is']",2,3,accessibility,pythia-1b
combo_box,15,3,0.0154,combo,box,A combo box is,"['<|endoftext|>', 'A', ' combo', ' box', ' is']",2,3,accessibility,pythia-1b
combo_box,15,4,0.0222,combo,box,A combo box is,"['<|endoftext|>', 'A', ' combo', ' box', ' is']",2,3,accessibility,pythia-1b
combo_box,15,5,0.0688,combo,box,A combo box is,"['<|endoftext|>', 'A', ' combo', ' box', ' is']",2,3,accessibility,pythia-1b
combo_box,15,6,0.0039,combo,box,A combo box is,"['<|endoftext|>', 'A', ' combo', ' box', ' is']",2,3,accessibility,pythia-1b
combo_box,15,7,0.0308,combo,box,A combo box is,"['<|endoftext|>', 'A', ' combo', ' box', ' is']",2,3,accessibility,pythia-1b
semantic_markup,0,0,0.1775,semantic,markup,Semantic markup is,"['<|endoftext|>', 'Sem', 'antic', ' markup', ' is']",2,3,accessibility,pythia-1b
semantic_markup,0,1,0.1737,semantic,markup,Semantic markup is,"['<|endoftext|>', 'Sem', 'antic', ' markup', ' is']",2,3,accessibility,pythia-1b
semantic_markup,0,2,0.0,semantic,markup,Semantic markup is,"['<|endoftext|>', 'Sem', 'antic', ' markup', ' is']",2,3,accessibility,pythia-1b
semantic_markup,0,3,0.181,semantic,markup,Semantic markup is,"['<|endoftext|>', 'Sem', 'antic', ' markup', ' is']",2,3,accessibility,pythia-1b
semantic_markup,0,4,0.0289,semantic,markup,Semantic markup is,"['<|endoftext|>', 'Sem', 'antic', ' markup', ' is']",2,3,accessibility,pythia-1b
semantic_markup,0,5,0.1053,semantic,markup,Semantic markup is,"['<|endoftext|>', 'Sem', 'antic', ' markup', ' is']",2,3,accessibility,pythia-1b
semantic_markup,0,6,0.0398,semantic,markup,Semantic markup is,"['<|endoftext|>', 'Sem', 'antic', ' markup', ' is']",2,3,accessibility,pythia-1b
semantic_markup,0,7,0.0905,semantic,markup,Semantic markup is,"['<|endoftext|>', 'Sem', 'antic', ' markup', ' is']",2,3,accessibility,pythia-1b
semantic_markup,1,0,0.0749,semantic,markup,Semantic markup is,"['<|endoftext|>', 'Sem', 'antic', ' markup', ' is']",2,3,accessibility,pythia-1b
semantic_markup,1,1,0.0758,semantic,markup,Semantic markup is,"['<|endoftext|>', 'Sem', 'antic', ' markup', ' is']",2,3,accessibility,pythia-1b
semantic_markup,1,2,0.0536,semantic,markup,Semantic markup is,"['<|endoftext|>', 'Sem', 'antic', ' markup', ' is']",2,3,accessibility,pythia-1b
semantic_markup,1,3,0.4702,semantic,markup,Semantic markup is,"['<|endoftext|>', 'Sem', 'antic', ' markup', ' is']",2,3,accessibility,pythia-1b
semantic_markup,1,4,0.4972,semantic,markup,Semantic markup is,"['<|endoftext|>', 'Sem', 'antic', ' markup', ' is']",2,3,accessibility,pythia-1b
semantic_markup,1,5,0.3291,semantic,markup,Semantic markup is,"['<|endoftext|>', 'Sem', 'antic', ' markup', ' is']",2,3,accessibility,pythia-1b
semantic_markup,1,6,0.1899,semantic,markup,Semantic markup is,"['<|endoftext|>', 'Sem', 'antic', ' markup', ' is']",2,3,accessibility,pythia-1b
semantic_markup,1,7,0.0107,semantic,markup,Semantic markup is,"['<|endoftext|>', 'Sem', 'antic', ' markup', ' is']",2,3,accessibility,pythia-1b
semantic_markup,2,0,0.2469,semantic,markup,Semantic markup is,"['<|endoftext|>', 'Sem', 'antic', ' markup', ' is']",2,3,accessibility,pythia-1b
semantic_markup,2,1,0.0417,semantic,markup,Semantic markup is,"['<|endoftext|>', 'Sem', 'antic', ' markup', ' is']",2,3,accessibility,pythia-1b
semantic_markup,2,2,0.3618,semantic,markup,Semantic markup is,"['<|endoftext|>', 'Sem', 'antic', ' markup', ' is']",2,3,accessibility,pythia-1b
semantic_markup,2,3,0.3843,semantic,markup,Semantic markup is,"['<|endoftext|>', 'Sem', 'antic', ' markup', ' is']",2,3,accessibility,pythia-1b
semantic_markup,2,4,0.7702,semantic,markup,Semantic markup is,"['<|endoftext|>', 'Sem', 'antic', ' markup', ' is']",2,3,accessibility,pythia-1b
semantic_markup,2,5,0.0207,semantic,markup,Semantic markup is,"['<|endoftext|>', 'Sem', 'antic', ' markup', ' is']",2,3,accessibility,pythia-1b
semantic_markup,2,6,0.1572,semantic,markup,Semantic markup is,"['<|endoftext|>', 'Sem', 'antic', ' markup', ' is']",2,3,accessibility,pythia-1b
semantic_markup,2,7,0.0291,semantic,markup,Semantic markup is,"['<|endoftext|>', 'Sem', 'antic', ' markup', ' is']",2,3,accessibility,pythia-1b
semantic_markup,3,0,0.0799,semantic,markup,Semantic markup is,"['<|endoftext|>', 'Sem', 'antic', ' markup', ' is']",2,3,accessibility,pythia-1b
semantic_markup,3,1,0.0191,semantic,markup,Semantic markup is,"['<|endoftext|>', 'Sem', 'antic', ' markup', ' is']",2,3,accessibility,pythia-1b
semantic_markup,3,2,0.11,semantic,markup,Semantic markup is,"['<|endoftext|>', 'Sem', 'antic', ' markup', ' is']",2,3,accessibility,pythia-1b
semantic_markup,3,3,0.3256,semantic,markup,Semantic markup is,"['<|endoftext|>', 'Sem', 'antic', ' markup', ' is']",2,3,accessibility,pythia-1b
semantic_markup,3,4,0.0415,semantic,markup,Semantic markup is,"['<|endoftext|>', 'Sem', 'antic', ' markup', ' is']",2,3,accessibility,pythia-1b
semantic_markup,3,5,0.9983,semantic,markup,Semantic markup is,"['<|endoftext|>', 'Sem', 'antic', ' markup', ' is']",2,3,accessibility,pythia-1b
semantic_markup,3,6,0.1897,semantic,markup,Semantic markup is,"['<|endoftext|>', 'Sem', 'antic', ' markup', ' is']",2,3,accessibility,pythia-1b
semantic_markup,3,7,0.469,semantic,markup,Semantic markup is,"['<|endoftext|>', 'Sem', 'antic', ' markup', ' is']",2,3,accessibility,pythia-1b
semantic_markup,4,0,0.0518,semantic,markup,Semantic markup is,"['<|endoftext|>', 'Sem', 'antic', ' markup', ' is']",2,3,accessibility,pythia-1b
semantic_markup,4,1,0.0078,semantic,markup,Semantic markup is,"['<|endoftext|>', 'Sem', 'antic', ' markup', ' is']",2,3,accessibility,pythia-1b
semantic_markup,4,2,0.0181,semantic,markup,Semantic markup is,"['<|endoftext|>', 'Sem', 'antic', ' markup', ' is']",2,3,accessibility,pythia-1b
semantic_markup,4,3,0.0507,semantic,markup,Semantic markup is,"['<|endoftext|>', 'Sem', 'antic', ' markup', ' is']",2,3,accessibility,pythia-1b
semantic_markup,4,4,0.0,semantic,markup,Semantic markup is,"['<|endoftext|>', 'Sem', 'antic', ' markup', ' is']",2,3,accessibility,pythia-1b
semantic_markup,4,5,0.0004,semantic,markup,Semantic markup is,"['<|endoftext|>', 'Sem', 'antic', ' markup', ' is']",2,3,accessibility,pythia-1b
semantic_markup,4,6,0.0169,semantic,markup,Semantic markup is,"['<|endoftext|>', 'Sem', 'antic', ' markup', ' is']",2,3,accessibility,pythia-1b
semantic_markup,4,7,0.0536,semantic,markup,Semantic markup is,"['<|endoftext|>', 'Sem', 'antic', ' markup', ' is']",2,3,accessibility,pythia-1b
semantic_markup,5,0,0.0512,semantic,markup,Semantic markup is,"['<|endoftext|>', 'Sem', 'antic', ' markup', ' is']",2,3,accessibility,pythia-1b
semantic_markup,5,1,0.0,semantic,markup,Semantic markup is,"['<|endoftext|>', 'Sem', 'antic', ' markup', ' is']",2,3,accessibility,pythia-1b
semantic_markup,5,2,0.1683,semantic,markup,Semantic markup is,"['<|endoftext|>', 'Sem', 'antic', ' markup', ' is']",2,3,accessibility,pythia-1b
semantic_markup,5,3,0.0387,semantic,markup,Semantic markup is,"['<|endoftext|>', 'Sem', 'antic', ' markup', ' is']",2,3,accessibility,pythia-1b
semantic_markup,5,4,0.0421,semantic,markup,Semantic markup is,"['<|endoftext|>', 'Sem', 'antic', ' markup', ' is']",2,3,accessibility,pythia-1b
semantic_markup,5,5,0.232,semantic,markup,Semantic markup is,"['<|endoftext|>', 'Sem', 'antic', ' markup', ' is']",2,3,accessibility,pythia-1b
semantic_markup,5,6,0.0,semantic,markup,Semantic markup is,"['<|endoftext|>', 'Sem', 'antic', ' markup', ' is']",2,3,accessibility,pythia-1b
semantic_markup,5,7,0.0018,semantic,markup,Semantic markup is,"['<|endoftext|>', 'Sem', 'antic', ' markup', ' is']",2,3,accessibility,pythia-1b
semantic_markup,6,0,0.1346,semantic,markup,Semantic markup is,"['<|endoftext|>', 'Sem', 'antic', ' markup', ' is']",2,3,accessibility,pythia-1b
semantic_markup,6,1,0.0043,semantic,markup,Semantic markup is,"['<|endoftext|>', 'Sem', 'antic', ' markup', ' is']",2,3,accessibility,pythia-1b
semantic_markup,6,2,0.0142,semantic,markup,Semantic markup is,"['<|endoftext|>', 'Sem', 'antic', ' markup', ' is']",2,3,accessibility,pythia-1b
semantic_markup,6,3,0.9644,semantic,markup,Semantic markup is,"['<|endoftext|>', 'Sem', 'antic', ' markup', ' is']",2,3,accessibility,pythia-1b
semantic_markup,6,4,0.0474,semantic,markup,Semantic markup is,"['<|endoftext|>', 'Sem', 'antic', ' markup', ' is']",2,3,accessibility,pythia-1b
semantic_markup,6,5,0.1586,semantic,markup,Semantic markup is,"['<|endoftext|>', 'Sem', 'antic', ' markup', ' is']",2,3,accessibility,pythia-1b
semantic_markup,6,6,0.0112,semantic,markup,Semantic markup is,"['<|endoftext|>', 'Sem', 'antic', ' markup', ' is']",2,3,accessibility,pythia-1b
semantic_markup,6,7,0.0002,semantic,markup,Semantic markup is,"['<|endoftext|>', 'Sem', 'antic', ' markup', ' is']",2,3,accessibility,pythia-1b
semantic_markup,7,0,0.0008,semantic,markup,Semantic markup is,"['<|endoftext|>', 'Sem', 'antic', ' markup', ' is']",2,3,accessibility,pythia-1b
semantic_markup,7,1,0.0,semantic,markup,Semantic markup is,"['<|endoftext|>', 'Sem', 'antic', ' markup', ' is']",2,3,accessibility,pythia-1b
semantic_markup,7,2,0.0006,semantic,markup,Semantic markup is,"['<|endoftext|>', 'Sem', 'antic', ' markup', ' is']",2,3,accessibility,pythia-1b
semantic_markup,7,3,0.0422,semantic,markup,Semantic markup is,"['<|endoftext|>', 'Sem', 'antic', ' markup', ' is']",2,3,accessibility,pythia-1b
semantic_markup,7,4,0.0512,semantic,markup,Semantic markup is,"['<|endoftext|>', 'Sem', 'antic', ' markup', ' is']",2,3,accessibility,pythia-1b
semantic_markup,7,5,0.0265,semantic,markup,Semantic markup is,"['<|endoftext|>', 'Sem', 'antic', ' markup', ' is']",2,3,accessibility,pythia-1b
semantic_markup,7,6,0.0916,semantic,markup,Semantic markup is,"['<|endoftext|>', 'Sem', 'antic', ' markup', ' is']",2,3,accessibility,pythia-1b
semantic_markup,7,7,0.0164,semantic,markup,Semantic markup is,"['<|endoftext|>', 'Sem', 'antic', ' markup', ' is']",2,3,accessibility,pythia-1b
semantic_markup,8,0,0.0006,semantic,markup,Semantic markup is,"['<|endoftext|>', 'Sem', 'antic', ' markup', ' is']",2,3,accessibility,pythia-1b
semantic_markup,8,1,0.0353,semantic,markup,Semantic markup is,"['<|endoftext|>', 'Sem', 'antic', ' markup', ' is']",2,3,accessibility,pythia-1b
semantic_markup,8,2,0.0126,semantic,markup,Semantic markup is,"['<|endoftext|>', 'Sem', 'antic', ' markup', ' is']",2,3,accessibility,pythia-1b
semantic_markup,8,3,0.0619,semantic,markup,Semantic markup is,"['<|endoftext|>', 'Sem', 'antic', ' markup', ' is']",2,3,accessibility,pythia-1b
semantic_markup,8,4,0.0025,semantic,markup,Semantic markup is,"['<|endoftext|>', 'Sem', 'antic', ' markup', ' is']",2,3,accessibility,pythia-1b
semantic_markup,8,5,0.0022,semantic,markup,Semantic markup is,"['<|endoftext|>', 'Sem', 'antic', ' markup', ' is']",2,3,accessibility,pythia-1b
semantic_markup,8,6,0.0025,semantic,markup,Semantic markup is,"['<|endoftext|>', 'Sem', 'antic', ' markup', ' is']",2,3,accessibility,pythia-1b
semantic_markup,8,7,0.1527,semantic,markup,Semantic markup is,"['<|endoftext|>', 'Sem', 'antic', ' markup', ' is']",2,3,accessibility,pythia-1b
semantic_markup,9,0,0.022,semantic,markup,Semantic markup is,"['<|endoftext|>', 'Sem', 'antic', ' markup', ' is']",2,3,accessibility,pythia-1b
semantic_markup,9,1,0.006,semantic,markup,Semantic markup is,"['<|endoftext|>', 'Sem', 'antic', ' markup', ' is']",2,3,accessibility,pythia-1b
semantic_markup,9,2,0.1884,semantic,markup,Semantic markup is,"['<|endoftext|>', 'Sem', 'antic', ' markup', ' is']",2,3,accessibility,pythia-1b
semantic_markup,9,3,0.0093,semantic,markup,Semantic markup is,"['<|endoftext|>', 'Sem', 'antic', ' markup', ' is']",2,3,accessibility,pythia-1b
semantic_markup,9,4,0.0057,semantic,markup,Semantic markup is,"['<|endoftext|>', 'Sem', 'antic', ' markup', ' is']",2,3,accessibility,pythia-1b
semantic_markup,9,5,0.0072,semantic,markup,Semantic markup is,"['<|endoftext|>', 'Sem', 'antic', ' markup', ' is']",2,3,accessibility,pythia-1b
semantic_markup,9,6,0.1252,semantic,markup,Semantic markup is,"['<|endoftext|>', 'Sem', 'antic', ' markup', ' is']",2,3,accessibility,pythia-1b
semantic_markup,9,7,0.1055,semantic,markup,Semantic markup is,"['<|endoftext|>', 'Sem', 'antic', ' markup', ' is']",2,3,accessibility,pythia-1b
semantic_markup,10,0,0.004,semantic,markup,Semantic markup is,"['<|endoftext|>', 'Sem', 'antic', ' markup', ' is']",2,3,accessibility,pythia-1b
semantic_markup,10,1,0.0744,semantic,markup,Semantic markup is,"['<|endoftext|>', 'Sem', 'antic', ' markup', ' is']",2,3,accessibility,pythia-1b
semantic_markup,10,2,0.0362,semantic,markup,Semantic markup is,"['<|endoftext|>', 'Sem', 'antic', ' markup', ' is']",2,3,accessibility,pythia-1b
semantic_markup,10,3,0.115,semantic,markup,Semantic markup is,"['<|endoftext|>', 'Sem', 'antic', ' markup', ' is']",2,3,accessibility,pythia-1b
semantic_markup,10,4,0.0044,semantic,markup,Semantic markup is,"['<|endoftext|>', 'Sem', 'antic', ' markup', ' is']",2,3,accessibility,pythia-1b
semantic_markup,10,5,0.0033,semantic,markup,Semantic markup is,"['<|endoftext|>', 'Sem', 'antic', ' markup', ' is']",2,3,accessibility,pythia-1b
semantic_markup,10,6,0.0008,semantic,markup,Semantic markup is,"['<|endoftext|>', 'Sem', 'antic', ' markup', ' is']",2,3,accessibility,pythia-1b
semantic_markup,10,7,0.0644,semantic,markup,Semantic markup is,"['<|endoftext|>', 'Sem', 'antic', ' markup', ' is']",2,3,accessibility,pythia-1b
semantic_markup,11,0,0.0499,semantic,markup,Semantic markup is,"['<|endoftext|>', 'Sem', 'antic', ' markup', ' is']",2,3,accessibility,pythia-1b
semantic_markup,11,1,0.0216,semantic,markup,Semantic markup is,"['<|endoftext|>', 'Sem', 'antic', ' markup', ' is']",2,3,accessibility,pythia-1b
semantic_markup,11,2,0.0151,semantic,markup,Semantic markup is,"['<|endoftext|>', 'Sem', 'antic', ' markup', ' is']",2,3,accessibility,pythia-1b
semantic_markup,11,3,0.0152,semantic,markup,Semantic markup is,"['<|endoftext|>', 'Sem', 'antic', ' markup', ' is']",2,3,accessibility,pythia-1b
semantic_markup,11,4,0.0506,semantic,markup,Semantic markup is,"['<|endoftext|>', 'Sem', 'antic', ' markup', ' is']",2,3,accessibility,pythia-1b
semantic_markup,11,5,0.0021,semantic,markup,Semantic markup is,"['<|endoftext|>', 'Sem', 'antic', ' markup', ' is']",2,3,accessibility,pythia-1b
semantic_markup,11,6,0.0028,semantic,markup,Semantic markup is,"['<|endoftext|>', 'Sem', 'antic', ' markup', ' is']",2,3,accessibility,pythia-1b
semantic_markup,11,7,0.0002,semantic,markup,Semantic markup is,"['<|endoftext|>', 'Sem', 'antic', ' markup', ' is']",2,3,accessibility,pythia-1b
semantic_markup,12,0,0.0013,semantic,markup,Semantic markup is,"['<|endoftext|>', 'Sem', 'antic', ' markup', ' is']",2,3,accessibility,pythia-1b
semantic_markup,12,1,0.0459,semantic,markup,Semantic markup is,"['<|endoftext|>', 'Sem', 'antic', ' markup', ' is']",2,3,accessibility,pythia-1b
semantic_markup,12,2,0.005,semantic,markup,Semantic markup is,"['<|endoftext|>', 'Sem', 'antic', ' markup', ' is']",2,3,accessibility,pythia-1b
semantic_markup,12,3,0.0015,semantic,markup,Semantic markup is,"['<|endoftext|>', 'Sem', 'antic', ' markup', ' is']",2,3,accessibility,pythia-1b
semantic_markup,12,4,0.0086,semantic,markup,Semantic markup is,"['<|endoftext|>', 'Sem', 'antic', ' markup', ' is']",2,3,accessibility,pythia-1b
semantic_markup,12,5,0.0297,semantic,markup,Semantic markup is,"['<|endoftext|>', 'Sem', 'antic', ' markup', ' is']",2,3,accessibility,pythia-1b
semantic_markup,12,6,0.0007,semantic,markup,Semantic markup is,"['<|endoftext|>', 'Sem', 'antic', ' markup', ' is']",2,3,accessibility,pythia-1b
semantic_markup,12,7,0.0253,semantic,markup,Semantic markup is,"['<|endoftext|>', 'Sem', 'antic', ' markup', ' is']",2,3,accessibility,pythia-1b
semantic_markup,13,0,0.1125,semantic,markup,Semantic markup is,"['<|endoftext|>', 'Sem', 'antic', ' markup', ' is']",2,3,accessibility,pythia-1b
semantic_markup,13,1,0.021,semantic,markup,Semantic markup is,"['<|endoftext|>', 'Sem', 'antic', ' markup', ' is']",2,3,accessibility,pythia-1b
semantic_markup,13,2,0.0027,semantic,markup,Semantic markup is,"['<|endoftext|>', 'Sem', 'antic', ' markup', ' is']",2,3,accessibility,pythia-1b
semantic_markup,13,3,0.0656,semantic,markup,Semantic markup is,"['<|endoftext|>', 'Sem', 'antic', ' markup', ' is']",2,3,accessibility,pythia-1b
semantic_markup,13,4,0.1383,semantic,markup,Semantic markup is,"['<|endoftext|>', 'Sem', 'antic', ' markup', ' is']",2,3,accessibility,pythia-1b
semantic_markup,13,5,0.0271,semantic,markup,Semantic markup is,"['<|endoftext|>', 'Sem', 'antic', ' markup', ' is']",2,3,accessibility,pythia-1b
semantic_markup,13,6,0.0061,semantic,markup,Semantic markup is,"['<|endoftext|>', 'Sem', 'antic', ' markup', ' is']",2,3,accessibility,pythia-1b
semantic_markup,13,7,0.0314,semantic,markup,Semantic markup is,"['<|endoftext|>', 'Sem', 'antic', ' markup', ' is']",2,3,accessibility,pythia-1b
semantic_markup,14,0,0.029,semantic,markup,Semantic markup is,"['<|endoftext|>', 'Sem', 'antic', ' markup', ' is']",2,3,accessibility,pythia-1b
semantic_markup,14,1,0.0802,semantic,markup,Semantic markup is,"['<|endoftext|>', 'Sem', 'antic', ' markup', ' is']",2,3,accessibility,pythia-1b
semantic_markup,14,2,0.0299,semantic,markup,Semantic markup is,"['<|endoftext|>', 'Sem', 'antic', ' markup', ' is']",2,3,accessibility,pythia-1b
semantic_markup,14,3,0.1457,semantic,markup,Semantic markup is,"['<|endoftext|>', 'Sem', 'antic', ' markup', ' is']",2,3,accessibility,pythia-1b
semantic_markup,14,4,0.0635,semantic,markup,Semantic markup is,"['<|endoftext|>', 'Sem', 'antic', ' markup', ' is']",2,3,accessibility,pythia-1b
semantic_markup,14,5,0.0649,semantic,markup,Semantic markup is,"['<|endoftext|>', 'Sem', 'antic', ' markup', ' is']",2,3,accessibility,pythia-1b
semantic_markup,14,6,0.006,semantic,markup,Semantic markup is,"['<|endoftext|>', 'Sem', 'antic', ' markup', ' is']",2,3,accessibility,pythia-1b
semantic_markup,14,7,0.0228,semantic,markup,Semantic markup is,"['<|endoftext|>', 'Sem', 'antic', ' markup', ' is']",2,3,accessibility,pythia-1b
semantic_markup,15,0,0.0461,semantic,markup,Semantic markup is,"['<|endoftext|>', 'Sem', 'antic', ' markup', ' is']",2,3,accessibility,pythia-1b
semantic_markup,15,1,0.0027,semantic,markup,Semantic markup is,"['<|endoftext|>', 'Sem', 'antic', ' markup', ' is']",2,3,accessibility,pythia-1b
semantic_markup,15,2,0.1486,semantic,markup,Semantic markup is,"['<|endoftext|>', 'Sem', 'antic', ' markup', ' is']",2,3,accessibility,pythia-1b
semantic_markup,15,3,0.0071,semantic,markup,Semantic markup is,"['<|endoftext|>', 'Sem', 'antic', ' markup', ' is']",2,3,accessibility,pythia-1b
semantic_markup,15,4,0.0614,semantic,markup,Semantic markup is,"['<|endoftext|>', 'Sem', 'antic', ' markup', ' is']",2,3,accessibility,pythia-1b
semantic_markup,15,5,0.0766,semantic,markup,Semantic markup is,"['<|endoftext|>', 'Sem', 'antic', ' markup', ' is']",2,3,accessibility,pythia-1b
semantic_markup,15,6,0.0145,semantic,markup,Semantic markup is,"['<|endoftext|>', 'Sem', 'antic', ' markup', ' is']",2,3,accessibility,pythia-1b
semantic_markup,15,7,0.069,semantic,markup,Semantic markup is,"['<|endoftext|>', 'Sem', 'antic', ' markup', ' is']",2,3,accessibility,pythia-1b
focus_management,0,0,0.2212,focus,management,Focus management is,"['<|endoftext|>', 'Focus', ' management', ' is']",1,2,accessibility,pythia-1b
focus_management,0,1,0.3318,focus,management,Focus management is,"['<|endoftext|>', 'Focus', ' management', ' is']",1,2,accessibility,pythia-1b
focus_management,0,2,0.0,focus,management,Focus management is,"['<|endoftext|>', 'Focus', ' management', ' is']",1,2,accessibility,pythia-1b
focus_management,0,3,0.8625,focus,management,Focus management is,"['<|endoftext|>', 'Focus', ' management', ' is']",1,2,accessibility,pythia-1b
focus_management,0,4,0.0729,focus,management,Focus management is,"['<|endoftext|>', 'Focus', ' management', ' is']",1,2,accessibility,pythia-1b
focus_management,0,5,0.6037,focus,management,Focus management is,"['<|endoftext|>', 'Focus', ' management', ' is']",1,2,accessibility,pythia-1b
focus_management,0,6,0.0458,focus,management,Focus management is,"['<|endoftext|>', 'Focus', ' management', ' is']",1,2,accessibility,pythia-1b
focus_management,0,7,0.0092,focus,management,Focus management is,"['<|endoftext|>', 'Focus', ' management', ' is']",1,2,accessibility,pythia-1b
focus_management,1,0,0.2907,focus,management,Focus management is,"['<|endoftext|>', 'Focus', ' management', ' is']",1,2,accessibility,pythia-1b
focus_management,1,1,0.1405,focus,management,Focus management is,"['<|endoftext|>', 'Focus', ' management', ' is']",1,2,accessibility,pythia-1b
focus_management,1,2,0.5146,focus,management,Focus management is,"['<|endoftext|>', 'Focus', ' management', ' is']",1,2,accessibility,pythia-1b
focus_management,1,3,0.6351,focus,management,Focus management is,"['<|endoftext|>', 'Focus', ' management', ' is']",1,2,accessibility,pythia-1b
focus_management,1,4,0.4539,focus,management,Focus management is,"['<|endoftext|>', 'Focus', ' management', ' is']",1,2,accessibility,pythia-1b
focus_management,1,5,0.2785,focus,management,Focus management is,"['<|endoftext|>', 'Focus', ' management', ' is']",1,2,accessibility,pythia-1b
focus_management,1,6,0.3804,focus,management,Focus management is,"['<|endoftext|>', 'Focus', ' management', ' is']",1,2,accessibility,pythia-1b
focus_management,1,7,0.0019,focus,management,Focus management is,"['<|endoftext|>', 'Focus', ' management', ' is']",1,2,accessibility,pythia-1b
focus_management,2,0,0.8742,focus,management,Focus management is,"['<|endoftext|>', 'Focus', ' management', ' is']",1,2,accessibility,pythia-1b
focus_management,2,1,0.3869,focus,management,Focus management is,"['<|endoftext|>', 'Focus', ' management', ' is']",1,2,accessibility,pythia-1b
focus_management,2,2,0.2375,focus,management,Focus management is,"['<|endoftext|>', 'Focus', ' management', ' is']",1,2,accessibility,pythia-1b
focus_management,2,3,0.4143,focus,management,Focus management is,"['<|endoftext|>', 'Focus', ' management', ' is']",1,2,accessibility,pythia-1b
focus_management,2,4,0.2626,focus,management,Focus management is,"['<|endoftext|>', 'Focus', ' management', ' is']",1,2,accessibility,pythia-1b
focus_management,2,5,0.1497,focus,management,Focus management is,"['<|endoftext|>', 'Focus', ' management', ' is']",1,2,accessibility,pythia-1b
focus_management,2,6,0.4639,focus,management,Focus management is,"['<|endoftext|>', 'Focus', ' management', ' is']",1,2,accessibility,pythia-1b
focus_management,2,7,0.056,focus,management,Focus management is,"['<|endoftext|>', 'Focus', ' management', ' is']",1,2,accessibility,pythia-1b
focus_management,3,0,0.066,focus,management,Focus management is,"['<|endoftext|>', 'Focus', ' management', ' is']",1,2,accessibility,pythia-1b
focus_management,3,1,0.0176,focus,management,Focus management is,"['<|endoftext|>', 'Focus', ' management', ' is']",1,2,accessibility,pythia-1b
focus_management,3,2,0.0527,focus,management,Focus management is,"['<|endoftext|>', 'Focus', ' management', ' is']",1,2,accessibility,pythia-1b
focus_management,3,3,0.0986,focus,management,Focus management is,"['<|endoftext|>', 'Focus', ' management', ' is']",1,2,accessibility,pythia-1b
focus_management,3,4,0.0439,focus,management,Focus management is,"['<|endoftext|>', 'Focus', ' management', ' is']",1,2,accessibility,pythia-1b
focus_management,3,5,0.9996,focus,management,Focus management is,"['<|endoftext|>', 'Focus', ' management', ' is']",1,2,accessibility,pythia-1b
focus_management,3,6,0.844,focus,management,Focus management is,"['<|endoftext|>', 'Focus', ' management', ' is']",1,2,accessibility,pythia-1b
focus_management,3,7,0.5169,focus,management,Focus management is,"['<|endoftext|>', 'Focus', ' management', ' is']",1,2,accessibility,pythia-1b
focus_management,4,0,0.6595,focus,management,Focus management is,"['<|endoftext|>', 'Focus', ' management', ' is']",1,2,accessibility,pythia-1b
focus_management,4,1,0.0683,focus,management,Focus management is,"['<|endoftext|>', 'Focus', ' management', ' is']",1,2,accessibility,pythia-1b
focus_management,4,2,0.0735,focus,management,Focus management is,"['<|endoftext|>', 'Focus', ' management', ' is']",1,2,accessibility,pythia-1b
focus_management,4,3,0.255,focus,management,Focus management is,"['<|endoftext|>', 'Focus', ' management', ' is']",1,2,accessibility,pythia-1b
focus_management,4,4,0.0001,focus,management,Focus management is,"['<|endoftext|>', 'Focus', ' management', ' is']",1,2,accessibility,pythia-1b
focus_management,4,5,0.0011,focus,management,Focus management is,"['<|endoftext|>', 'Focus', ' management', ' is']",1,2,accessibility,pythia-1b
focus_management,4,6,0.0249,focus,management,Focus management is,"['<|endoftext|>', 'Focus', ' management', ' is']",1,2,accessibility,pythia-1b
focus_management,4,7,0.0392,focus,management,Focus management is,"['<|endoftext|>', 'Focus', ' management', ' is']",1,2,accessibility,pythia-1b
focus_management,5,0,0.0484,focus,management,Focus management is,"['<|endoftext|>', 'Focus', ' management', ' is']",1,2,accessibility,pythia-1b
focus_management,5,1,0.0,focus,management,Focus management is,"['<|endoftext|>', 'Focus', ' management', ' is']",1,2,accessibility,pythia-1b
focus_management,5,2,0.0018,focus,management,Focus management is,"['<|endoftext|>', 'Focus', ' management', ' is']",1,2,accessibility,pythia-1b
focus_management,5,3,0.1732,focus,management,Focus management is,"['<|endoftext|>', 'Focus', ' management', ' is']",1,2,accessibility,pythia-1b
focus_management,5,4,0.0025,focus,management,Focus management is,"['<|endoftext|>', 'Focus', ' management', ' is']",1,2,accessibility,pythia-1b
focus_management,5,5,0.2276,focus,management,Focus management is,"['<|endoftext|>', 'Focus', ' management', ' is']",1,2,accessibility,pythia-1b
focus_management,5,6,0.003,focus,management,Focus management is,"['<|endoftext|>', 'Focus', ' management', ' is']",1,2,accessibility,pythia-1b
focus_management,5,7,0.0004,focus,management,Focus management is,"['<|endoftext|>', 'Focus', ' management', ' is']",1,2,accessibility,pythia-1b
focus_management,6,0,0.0054,focus,management,Focus management is,"['<|endoftext|>', 'Focus', ' management', ' is']",1,2,accessibility,pythia-1b
focus_management,6,1,0.0094,focus,management,Focus management is,"['<|endoftext|>', 'Focus', ' management', ' is']",1,2,accessibility,pythia-1b
focus_management,6,2,0.0094,focus,management,Focus management is,"['<|endoftext|>', 'Focus', ' management', ' is']",1,2,accessibility,pythia-1b
focus_management,6,3,0.9452,focus,management,Focus management is,"['<|endoftext|>', 'Focus', ' management', ' is']",1,2,accessibility,pythia-1b
focus_management,6,4,0.1191,focus,management,Focus management is,"['<|endoftext|>', 'Focus', ' management', ' is']",1,2,accessibility,pythia-1b
focus_management,6,5,0.1282,focus,management,Focus management is,"['<|endoftext|>', 'Focus', ' management', ' is']",1,2,accessibility,pythia-1b
focus_management,6,6,0.0019,focus,management,Focus management is,"['<|endoftext|>', 'Focus', ' management', ' is']",1,2,accessibility,pythia-1b
focus_management,6,7,0.0072,focus,management,Focus management is,"['<|endoftext|>', 'Focus', ' management', ' is']",1,2,accessibility,pythia-1b
focus_management,7,0,0.0013,focus,management,Focus management is,"['<|endoftext|>', 'Focus', ' management', ' is']",1,2,accessibility,pythia-1b
focus_management,7,1,0.0001,focus,management,Focus management is,"['<|endoftext|>', 'Focus', ' management', ' is']",1,2,accessibility,pythia-1b
focus_management,7,2,0.0039,focus,management,Focus management is,"['<|endoftext|>', 'Focus', ' management', ' is']",1,2,accessibility,pythia-1b
focus_management,7,3,0.0214,focus,management,Focus management is,"['<|endoftext|>', 'Focus', ' management', ' is']",1,2,accessibility,pythia-1b
focus_management,7,4,0.0747,focus,management,Focus management is,"['<|endoftext|>', 'Focus', ' management', ' is']",1,2,accessibility,pythia-1b
focus_management,7,5,0.0204,focus,management,Focus management is,"['<|endoftext|>', 'Focus', ' management', ' is']",1,2,accessibility,pythia-1b
focus_management,7,6,0.1235,focus,management,Focus management is,"['<|endoftext|>', 'Focus', ' management', ' is']",1,2,accessibility,pythia-1b
focus_management,7,7,0.0406,focus,management,Focus management is,"['<|endoftext|>', 'Focus', ' management', ' is']",1,2,accessibility,pythia-1b
focus_management,8,0,0.001,focus,management,Focus management is,"['<|endoftext|>', 'Focus', ' management', ' is']",1,2,accessibility,pythia-1b
focus_management,8,1,0.0354,focus,management,Focus management is,"['<|endoftext|>', 'Focus', ' management', ' is']",1,2,accessibility,pythia-1b
focus_management,8,2,0.0077,focus,management,Focus management is,"['<|endoftext|>', 'Focus', ' management', ' is']",1,2,accessibility,pythia-1b
focus_management,8,3,0.0609,focus,management,Focus management is,"['<|endoftext|>', 'Focus', ' management', ' is']",1,2,accessibility,pythia-1b
focus_management,8,4,0.0087,focus,management,Focus management is,"['<|endoftext|>', 'Focus', ' management', ' is']",1,2,accessibility,pythia-1b
focus_management,8,5,0.0144,focus,management,Focus management is,"['<|endoftext|>', 'Focus', ' management', ' is']",1,2,accessibility,pythia-1b
focus_management,8,6,0.0116,focus,management,Focus management is,"['<|endoftext|>', 'Focus', ' management', ' is']",1,2,accessibility,pythia-1b
focus_management,8,7,0.1796,focus,management,Focus management is,"['<|endoftext|>', 'Focus', ' management', ' is']",1,2,accessibility,pythia-1b
focus_management,9,0,0.0174,focus,management,Focus management is,"['<|endoftext|>', 'Focus', ' management', ' is']",1,2,accessibility,pythia-1b
focus_management,9,1,0.0084,focus,management,Focus management is,"['<|endoftext|>', 'Focus', ' management', ' is']",1,2,accessibility,pythia-1b
focus_management,9,2,0.1433,focus,management,Focus management is,"['<|endoftext|>', 'Focus', ' management', ' is']",1,2,accessibility,pythia-1b
focus_management,9,3,0.0164,focus,management,Focus management is,"['<|endoftext|>', 'Focus', ' management', ' is']",1,2,accessibility,pythia-1b
focus_management,9,4,0.0042,focus,management,Focus management is,"['<|endoftext|>', 'Focus', ' management', ' is']",1,2,accessibility,pythia-1b
focus_management,9,5,0.0053,focus,management,Focus management is,"['<|endoftext|>', 'Focus', ' management', ' is']",1,2,accessibility,pythia-1b
focus_management,9,6,0.2087,focus,management,Focus management is,"['<|endoftext|>', 'Focus', ' management', ' is']",1,2,accessibility,pythia-1b
focus_management,9,7,0.2199,focus,management,Focus management is,"['<|endoftext|>', 'Focus', ' management', ' is']",1,2,accessibility,pythia-1b
focus_management,10,0,0.002,focus,management,Focus management is,"['<|endoftext|>', 'Focus', ' management', ' is']",1,2,accessibility,pythia-1b
focus_management,10,1,0.1682,focus,management,Focus management is,"['<|endoftext|>', 'Focus', ' management', ' is']",1,2,accessibility,pythia-1b
focus_management,10,2,0.0157,focus,management,Focus management is,"['<|endoftext|>', 'Focus', ' management', ' is']",1,2,accessibility,pythia-1b
focus_management,10,3,0.1427,focus,management,Focus management is,"['<|endoftext|>', 'Focus', ' management', ' is']",1,2,accessibility,pythia-1b
focus_management,10,4,0.0565,focus,management,Focus management is,"['<|endoftext|>', 'Focus', ' management', ' is']",1,2,accessibility,pythia-1b
focus_management,10,5,0.0193,focus,management,Focus management is,"['<|endoftext|>', 'Focus', ' management', ' is']",1,2,accessibility,pythia-1b
focus_management,10,6,0.0007,focus,management,Focus management is,"['<|endoftext|>', 'Focus', ' management', ' is']",1,2,accessibility,pythia-1b
focus_management,10,7,0.033,focus,management,Focus management is,"['<|endoftext|>', 'Focus', ' management', ' is']",1,2,accessibility,pythia-1b
focus_management,11,0,0.0424,focus,management,Focus management is,"['<|endoftext|>', 'Focus', ' management', ' is']",1,2,accessibility,pythia-1b
focus_management,11,1,0.0379,focus,management,Focus management is,"['<|endoftext|>', 'Focus', ' management', ' is']",1,2,accessibility,pythia-1b
focus_management,11,2,0.0331,focus,management,Focus management is,"['<|endoftext|>', 'Focus', ' management', ' is']",1,2,accessibility,pythia-1b
focus_management,11,3,0.0229,focus,management,Focus management is,"['<|endoftext|>', 'Focus', ' management', ' is']",1,2,accessibility,pythia-1b
focus_management,11,4,0.1874,focus,management,Focus management is,"['<|endoftext|>', 'Focus', ' management', ' is']",1,2,accessibility,pythia-1b
focus_management,11,5,0.0259,focus,management,Focus management is,"['<|endoftext|>', 'Focus', ' management', ' is']",1,2,accessibility,pythia-1b
focus_management,11,6,0.0026,focus,management,Focus management is,"['<|endoftext|>', 'Focus', ' management', ' is']",1,2,accessibility,pythia-1b
focus_management,11,7,0.0007,focus,management,Focus management is,"['<|endoftext|>', 'Focus', ' management', ' is']",1,2,accessibility,pythia-1b
focus_management,12,0,0.0072,focus,management,Focus management is,"['<|endoftext|>', 'Focus', ' management', ' is']",1,2,accessibility,pythia-1b
focus_management,12,1,0.0519,focus,management,Focus management is,"['<|endoftext|>', 'Focus', ' management', ' is']",1,2,accessibility,pythia-1b
focus_management,12,2,0.0244,focus,management,Focus management is,"['<|endoftext|>', 'Focus', ' management', ' is']",1,2,accessibility,pythia-1b
focus_management,12,3,0.009,focus,management,Focus management is,"['<|endoftext|>', 'Focus', ' management', ' is']",1,2,accessibility,pythia-1b
focus_management,12,4,0.0065,focus,management,Focus management is,"['<|endoftext|>', 'Focus', ' management', ' is']",1,2,accessibility,pythia-1b
focus_management,12,5,0.0865,focus,management,Focus management is,"['<|endoftext|>', 'Focus', ' management', ' is']",1,2,accessibility,pythia-1b
focus_management,12,6,0.0055,focus,management,Focus management is,"['<|endoftext|>', 'Focus', ' management', ' is']",1,2,accessibility,pythia-1b
focus_management,12,7,0.0125,focus,management,Focus management is,"['<|endoftext|>', 'Focus', ' management', ' is']",1,2,accessibility,pythia-1b
focus_management,13,0,0.0647,focus,management,Focus management is,"['<|endoftext|>', 'Focus', ' management', ' is']",1,2,accessibility,pythia-1b
focus_management,13,1,0.0349,focus,management,Focus management is,"['<|endoftext|>', 'Focus', ' management', ' is']",1,2,accessibility,pythia-1b
focus_management,13,2,0.0105,focus,management,Focus management is,"['<|endoftext|>', 'Focus', ' management', ' is']",1,2,accessibility,pythia-1b
focus_management,13,3,0.0248,focus,management,Focus management is,"['<|endoftext|>', 'Focus', ' management', ' is']",1,2,accessibility,pythia-1b
focus_management,13,4,0.1845,focus,management,Focus management is,"['<|endoftext|>', 'Focus', ' management', ' is']",1,2,accessibility,pythia-1b
focus_management,13,5,0.0879,focus,management,Focus management is,"['<|endoftext|>', 'Focus', ' management', ' is']",1,2,accessibility,pythia-1b
focus_management,13,6,0.002,focus,management,Focus management is,"['<|endoftext|>', 'Focus', ' management', ' is']",1,2,accessibility,pythia-1b
focus_management,13,7,0.0255,focus,management,Focus management is,"['<|endoftext|>', 'Focus', ' management', ' is']",1,2,accessibility,pythia-1b
focus_management,14,0,0.0314,focus,management,Focus management is,"['<|endoftext|>', 'Focus', ' management', ' is']",1,2,accessibility,pythia-1b
focus_management,14,1,0.0341,focus,management,Focus management is,"['<|endoftext|>', 'Focus', ' management', ' is']",1,2,accessibility,pythia-1b
focus_management,14,2,0.078,focus,management,Focus management is,"['<|endoftext|>', 'Focus', ' management', ' is']",1,2,accessibility,pythia-1b
focus_management,14,3,0.1448,focus,management,Focus management is,"['<|endoftext|>', 'Focus', ' management', ' is']",1,2,accessibility,pythia-1b
focus_management,14,4,0.059,focus,management,Focus management is,"['<|endoftext|>', 'Focus', ' management', ' is']",1,2,accessibility,pythia-1b
focus_management,14,5,0.0336,focus,management,Focus management is,"['<|endoftext|>', 'Focus', ' management', ' is']",1,2,accessibility,pythia-1b
focus_management,14,6,0.0084,focus,management,Focus management is,"['<|endoftext|>', 'Focus', ' management', ' is']",1,2,accessibility,pythia-1b
focus_management,14,7,0.0308,focus,management,Focus management is,"['<|endoftext|>', 'Focus', ' management', ' is']",1,2,accessibility,pythia-1b
focus_management,15,0,0.048,focus,management,Focus management is,"['<|endoftext|>', 'Focus', ' management', ' is']",1,2,accessibility,pythia-1b
focus_management,15,1,0.0831,focus,management,Focus management is,"['<|endoftext|>', 'Focus', ' management', ' is']",1,2,accessibility,pythia-1b
focus_management,15,2,0.068,focus,management,Focus management is,"['<|endoftext|>', 'Focus', ' management', ' is']",1,2,accessibility,pythia-1b
focus_management,15,3,0.0237,focus,management,Focus management is,"['<|endoftext|>', 'Focus', ' management', ' is']",1,2,accessibility,pythia-1b
focus_management,15,4,0.0801,focus,management,Focus management is,"['<|endoftext|>', 'Focus', ' management', ' is']",1,2,accessibility,pythia-1b
focus_management,15,5,0.0401,focus,management,Focus management is,"['<|endoftext|>', 'Focus', ' management', ' is']",1,2,accessibility,pythia-1b
focus_management,15,6,0.0434,focus,management,Focus management is,"['<|endoftext|>', 'Focus', ' management', ' is']",1,2,accessibility,pythia-1b
focus_management,15,7,0.11,focus,management,Focus management is,"['<|endoftext|>', 'Focus', ' management', ' is']",1,2,accessibility,pythia-1b
reading_order,0,0,0.2633,reading,order,Reading order is,"['<|endoftext|>', 'Reading', ' order', ' is']",1,2,accessibility,pythia-1b
reading_order,0,1,0.1946,reading,order,Reading order is,"['<|endoftext|>', 'Reading', ' order', ' is']",1,2,accessibility,pythia-1b
reading_order,0,2,0.0,reading,order,Reading order is,"['<|endoftext|>', 'Reading', ' order', ' is']",1,2,accessibility,pythia-1b
reading_order,0,3,0.836,reading,order,Reading order is,"['<|endoftext|>', 'Reading', ' order', ' is']",1,2,accessibility,pythia-1b
reading_order,0,4,0.0455,reading,order,Reading order is,"['<|endoftext|>', 'Reading', ' order', ' is']",1,2,accessibility,pythia-1b
reading_order,0,5,0.131,reading,order,Reading order is,"['<|endoftext|>', 'Reading', ' order', ' is']",1,2,accessibility,pythia-1b
reading_order,0,6,0.0392,reading,order,Reading order is,"['<|endoftext|>', 'Reading', ' order', ' is']",1,2,accessibility,pythia-1b
reading_order,0,7,0.2709,reading,order,Reading order is,"['<|endoftext|>', 'Reading', ' order', ' is']",1,2,accessibility,pythia-1b
reading_order,1,0,0.3396,reading,order,Reading order is,"['<|endoftext|>', 'Reading', ' order', ' is']",1,2,accessibility,pythia-1b
reading_order,1,1,0.1144,reading,order,Reading order is,"['<|endoftext|>', 'Reading', ' order', ' is']",1,2,accessibility,pythia-1b
reading_order,1,2,0.2534,reading,order,Reading order is,"['<|endoftext|>', 'Reading', ' order', ' is']",1,2,accessibility,pythia-1b
reading_order,1,3,0.6872,reading,order,Reading order is,"['<|endoftext|>', 'Reading', ' order', ' is']",1,2,accessibility,pythia-1b
reading_order,1,4,0.783,reading,order,Reading order is,"['<|endoftext|>', 'Reading', ' order', ' is']",1,2,accessibility,pythia-1b
reading_order,1,5,0.2415,reading,order,Reading order is,"['<|endoftext|>', 'Reading', ' order', ' is']",1,2,accessibility,pythia-1b
reading_order,1,6,0.3508,reading,order,Reading order is,"['<|endoftext|>', 'Reading', ' order', ' is']",1,2,accessibility,pythia-1b
reading_order,1,7,0.0002,reading,order,Reading order is,"['<|endoftext|>', 'Reading', ' order', ' is']",1,2,accessibility,pythia-1b
reading_order,2,0,0.8797,reading,order,Reading order is,"['<|endoftext|>', 'Reading', ' order', ' is']",1,2,accessibility,pythia-1b
reading_order,2,1,0.4819,reading,order,Reading order is,"['<|endoftext|>', 'Reading', ' order', ' is']",1,2,accessibility,pythia-1b
reading_order,2,2,0.5173,reading,order,Reading order is,"['<|endoftext|>', 'Reading', ' order', ' is']",1,2,accessibility,pythia-1b
reading_order,2,3,0.3782,reading,order,Reading order is,"['<|endoftext|>', 'Reading', ' order', ' is']",1,2,accessibility,pythia-1b
reading_order,2,4,0.1894,reading,order,Reading order is,"['<|endoftext|>', 'Reading', ' order', ' is']",1,2,accessibility,pythia-1b
reading_order,2,5,0.1841,reading,order,Reading order is,"['<|endoftext|>', 'Reading', ' order', ' is']",1,2,accessibility,pythia-1b
reading_order,2,6,0.481,reading,order,Reading order is,"['<|endoftext|>', 'Reading', ' order', ' is']",1,2,accessibility,pythia-1b
reading_order,2,7,0.0161,reading,order,Reading order is,"['<|endoftext|>', 'Reading', ' order', ' is']",1,2,accessibility,pythia-1b
reading_order,3,0,0.0926,reading,order,Reading order is,"['<|endoftext|>', 'Reading', ' order', ' is']",1,2,accessibility,pythia-1b
reading_order,3,1,0.3321,reading,order,Reading order is,"['<|endoftext|>', 'Reading', ' order', ' is']",1,2,accessibility,pythia-1b
reading_order,3,2,0.0859,reading,order,Reading order is,"['<|endoftext|>', 'Reading', ' order', ' is']",1,2,accessibility,pythia-1b
reading_order,3,3,0.3108,reading,order,Reading order is,"['<|endoftext|>', 'Reading', ' order', ' is']",1,2,accessibility,pythia-1b
reading_order,3,4,0.035,reading,order,Reading order is,"['<|endoftext|>', 'Reading', ' order', ' is']",1,2,accessibility,pythia-1b
reading_order,3,5,1.0,reading,order,Reading order is,"['<|endoftext|>', 'Reading', ' order', ' is']",1,2,accessibility,pythia-1b
reading_order,3,6,0.8153,reading,order,Reading order is,"['<|endoftext|>', 'Reading', ' order', ' is']",1,2,accessibility,pythia-1b
reading_order,3,7,0.1402,reading,order,Reading order is,"['<|endoftext|>', 'Reading', ' order', ' is']",1,2,accessibility,pythia-1b
reading_order,4,0,0.0388,reading,order,Reading order is,"['<|endoftext|>', 'Reading', ' order', ' is']",1,2,accessibility,pythia-1b
reading_order,4,1,0.0234,reading,order,Reading order is,"['<|endoftext|>', 'Reading', ' order', ' is']",1,2,accessibility,pythia-1b
reading_order,4,2,0.0193,reading,order,Reading order is,"['<|endoftext|>', 'Reading', ' order', ' is']",1,2,accessibility,pythia-1b
reading_order,4,3,0.067,reading,order,Reading order is,"['<|endoftext|>', 'Reading', ' order', ' is']",1,2,accessibility,pythia-1b
reading_order,4,4,0.0001,reading,order,Reading order is,"['<|endoftext|>', 'Reading', ' order', ' is']",1,2,accessibility,pythia-1b
reading_order,4,5,0.0021,reading,order,Reading order is,"['<|endoftext|>', 'Reading', ' order', ' is']",1,2,accessibility,pythia-1b
reading_order,4,6,0.0249,reading,order,Reading order is,"['<|endoftext|>', 'Reading', ' order', ' is']",1,2,accessibility,pythia-1b
reading_order,4,7,0.1495,reading,order,Reading order is,"['<|endoftext|>', 'Reading', ' order', ' is']",1,2,accessibility,pythia-1b
reading_order,5,0,0.0652,reading,order,Reading order is,"['<|endoftext|>', 'Reading', ' order', ' is']",1,2,accessibility,pythia-1b
reading_order,5,1,0.0,reading,order,Reading order is,"['<|endoftext|>', 'Reading', ' order', ' is']",1,2,accessibility,pythia-1b
reading_order,5,2,0.0352,reading,order,Reading order is,"['<|endoftext|>', 'Reading', ' order', ' is']",1,2,accessibility,pythia-1b
reading_order,5,3,0.053,reading,order,Reading order is,"['<|endoftext|>', 'Reading', ' order', ' is']",1,2,accessibility,pythia-1b
reading_order,5,4,0.0058,reading,order,Reading order is,"['<|endoftext|>', 'Reading', ' order', ' is']",1,2,accessibility,pythia-1b
reading_order,5,5,0.0712,reading,order,Reading order is,"['<|endoftext|>', 'Reading', ' order', ' is']",1,2,accessibility,pythia-1b
reading_order,5,6,0.03,reading,order,Reading order is,"['<|endoftext|>', 'Reading', ' order', ' is']",1,2,accessibility,pythia-1b
reading_order,5,7,0.0002,reading,order,Reading order is,"['<|endoftext|>', 'Reading', ' order', ' is']",1,2,accessibility,pythia-1b
reading_order,6,0,0.0077,reading,order,Reading order is,"['<|endoftext|>', 'Reading', ' order', ' is']",1,2,accessibility,pythia-1b
reading_order,6,1,0.004,reading,order,Reading order is,"['<|endoftext|>', 'Reading', ' order', ' is']",1,2,accessibility,pythia-1b
reading_order,6,2,0.0214,reading,order,Reading order is,"['<|endoftext|>', 'Reading', ' order', ' is']",1,2,accessibility,pythia-1b
reading_order,6,3,0.9665,reading,order,Reading order is,"['<|endoftext|>', 'Reading', ' order', ' is']",1,2,accessibility,pythia-1b
reading_order,6,4,0.0412,reading,order,Reading order is,"['<|endoftext|>', 'Reading', ' order', ' is']",1,2,accessibility,pythia-1b
reading_order,6,5,0.0114,reading,order,Reading order is,"['<|endoftext|>', 'Reading', ' order', ' is']",1,2,accessibility,pythia-1b
reading_order,6,6,0.0015,reading,order,Reading order is,"['<|endoftext|>', 'Reading', ' order', ' is']",1,2,accessibility,pythia-1b
reading_order,6,7,0.0027,reading,order,Reading order is,"['<|endoftext|>', 'Reading', ' order', ' is']",1,2,accessibility,pythia-1b
reading_order,7,0,0.0025,reading,order,Reading order is,"['<|endoftext|>', 'Reading', ' order', ' is']",1,2,accessibility,pythia-1b
reading_order,7,1,0.0001,reading,order,Reading order is,"['<|endoftext|>', 'Reading', ' order', ' is']",1,2,accessibility,pythia-1b
reading_order,7,2,0.0042,reading,order,Reading order is,"['<|endoftext|>', 'Reading', ' order', ' is']",1,2,accessibility,pythia-1b
reading_order,7,3,0.0658,reading,order,Reading order is,"['<|endoftext|>', 'Reading', ' order', ' is']",1,2,accessibility,pythia-1b
reading_order,7,4,0.0523,reading,order,Reading order is,"['<|endoftext|>', 'Reading', ' order', ' is']",1,2,accessibility,pythia-1b
reading_order,7,5,0.0734,reading,order,Reading order is,"['<|endoftext|>', 'Reading', ' order', ' is']",1,2,accessibility,pythia-1b
reading_order,7,6,0.0533,reading,order,Reading order is,"['<|endoftext|>', 'Reading', ' order', ' is']",1,2,accessibility,pythia-1b
reading_order,7,7,0.0087,reading,order,Reading order is,"['<|endoftext|>', 'Reading', ' order', ' is']",1,2,accessibility,pythia-1b
reading_order,8,0,0.0003,reading,order,Reading order is,"['<|endoftext|>', 'Reading', ' order', ' is']",1,2,accessibility,pythia-1b
reading_order,8,1,0.0076,reading,order,Reading order is,"['<|endoftext|>', 'Reading', ' order', ' is']",1,2,accessibility,pythia-1b
reading_order,8,2,0.0071,reading,order,Reading order is,"['<|endoftext|>', 'Reading', ' order', ' is']",1,2,accessibility,pythia-1b
reading_order,8,3,0.0457,reading,order,Reading order is,"['<|endoftext|>', 'Reading', ' order', ' is']",1,2,accessibility,pythia-1b
reading_order,8,4,0.0033,reading,order,Reading order is,"['<|endoftext|>', 'Reading', ' order', ' is']",1,2,accessibility,pythia-1b
reading_order,8,5,0.0011,reading,order,Reading order is,"['<|endoftext|>', 'Reading', ' order', ' is']",1,2,accessibility,pythia-1b
reading_order,8,6,0.0038,reading,order,Reading order is,"['<|endoftext|>', 'Reading', ' order', ' is']",1,2,accessibility,pythia-1b
reading_order,8,7,0.0565,reading,order,Reading order is,"['<|endoftext|>', 'Reading', ' order', ' is']",1,2,accessibility,pythia-1b
reading_order,9,0,0.0389,reading,order,Reading order is,"['<|endoftext|>', 'Reading', ' order', ' is']",1,2,accessibility,pythia-1b
reading_order,9,1,0.0006,reading,order,Reading order is,"['<|endoftext|>', 'Reading', ' order', ' is']",1,2,accessibility,pythia-1b
reading_order,9,2,0.0394,reading,order,Reading order is,"['<|endoftext|>', 'Reading', ' order', ' is']",1,2,accessibility,pythia-1b
reading_order,9,3,0.0065,reading,order,Reading order is,"['<|endoftext|>', 'Reading', ' order', ' is']",1,2,accessibility,pythia-1b
reading_order,9,4,0.0031,reading,order,Reading order is,"['<|endoftext|>', 'Reading', ' order', ' is']",1,2,accessibility,pythia-1b
reading_order,9,5,0.0623,reading,order,Reading order is,"['<|endoftext|>', 'Reading', ' order', ' is']",1,2,accessibility,pythia-1b
reading_order,9,6,0.0293,reading,order,Reading order is,"['<|endoftext|>', 'Reading', ' order', ' is']",1,2,accessibility,pythia-1b
reading_order,9,7,0.0257,reading,order,Reading order is,"['<|endoftext|>', 'Reading', ' order', ' is']",1,2,accessibility,pythia-1b
reading_order,10,0,0.0077,reading,order,Reading order is,"['<|endoftext|>', 'Reading', ' order', ' is']",1,2,accessibility,pythia-1b
reading_order,10,1,0.0891,reading,order,Reading order is,"['<|endoftext|>', 'Reading', ' order', ' is']",1,2,accessibility,pythia-1b
reading_order,10,2,0.0046,reading,order,Reading order is,"['<|endoftext|>', 'Reading', ' order', ' is']",1,2,accessibility,pythia-1b
reading_order,10,3,0.0262,reading,order,Reading order is,"['<|endoftext|>', 'Reading', ' order', ' is']",1,2,accessibility,pythia-1b
reading_order,10,4,0.0055,reading,order,Reading order is,"['<|endoftext|>', 'Reading', ' order', ' is']",1,2,accessibility,pythia-1b
reading_order,10,5,0.0002,reading,order,Reading order is,"['<|endoftext|>', 'Reading', ' order', ' is']",1,2,accessibility,pythia-1b
reading_order,10,6,0.0001,reading,order,Reading order is,"['<|endoftext|>', 'Reading', ' order', ' is']",1,2,accessibility,pythia-1b
reading_order,10,7,0.0153,reading,order,Reading order is,"['<|endoftext|>', 'Reading', ' order', ' is']",1,2,accessibility,pythia-1b
reading_order,11,0,0.016,reading,order,Reading order is,"['<|endoftext|>', 'Reading', ' order', ' is']",1,2,accessibility,pythia-1b
reading_order,11,1,0.0117,reading,order,Reading order is,"['<|endoftext|>', 'Reading', ' order', ' is']",1,2,accessibility,pythia-1b
reading_order,11,2,0.0042,reading,order,Reading order is,"['<|endoftext|>', 'Reading', ' order', ' is']",1,2,accessibility,pythia-1b
reading_order,11,3,0.1046,reading,order,Reading order is,"['<|endoftext|>', 'Reading', ' order', ' is']",1,2,accessibility,pythia-1b
reading_order,11,4,0.0103,reading,order,Reading order is,"['<|endoftext|>', 'Reading', ' order', ' is']",1,2,accessibility,pythia-1b
reading_order,11,5,0.007,reading,order,Reading order is,"['<|endoftext|>', 'Reading', ' order', ' is']",1,2,accessibility,pythia-1b
reading_order,11,6,0.001,reading,order,Reading order is,"['<|endoftext|>', 'Reading', ' order', ' is']",1,2,accessibility,pythia-1b
reading_order,11,7,0.0002,reading,order,Reading order is,"['<|endoftext|>', 'Reading', ' order', ' is']",1,2,accessibility,pythia-1b
reading_order,12,0,0.0005,reading,order,Reading order is,"['<|endoftext|>', 'Reading', ' order', ' is']",1,2,accessibility,pythia-1b
reading_order,12,1,0.0035,reading,order,Reading order is,"['<|endoftext|>', 'Reading', ' order', ' is']",1,2,accessibility,pythia-1b
reading_order,12,2,0.0907,reading,order,Reading order is,"['<|endoftext|>', 'Reading', ' order', ' is']",1,2,accessibility,pythia-1b
reading_order,12,3,0.0005,reading,order,Reading order is,"['<|endoftext|>', 'Reading', ' order', ' is']",1,2,accessibility,pythia-1b
reading_order,12,4,0.0045,reading,order,Reading order is,"['<|endoftext|>', 'Reading', ' order', ' is']",1,2,accessibility,pythia-1b
reading_order,12,5,0.0946,reading,order,Reading order is,"['<|endoftext|>', 'Reading', ' order', ' is']",1,2,accessibility,pythia-1b
reading_order,12,6,0.0016,reading,order,Reading order is,"['<|endoftext|>', 'Reading', ' order', ' is']",1,2,accessibility,pythia-1b
reading_order,12,7,0.0103,reading,order,Reading order is,"['<|endoftext|>', 'Reading', ' order', ' is']",1,2,accessibility,pythia-1b
reading_order,13,0,0.0155,reading,order,Reading order is,"['<|endoftext|>', 'Reading', ' order', ' is']",1,2,accessibility,pythia-1b
reading_order,13,1,0.0001,reading,order,Reading order is,"['<|endoftext|>', 'Reading', ' order', ' is']",1,2,accessibility,pythia-1b
reading_order,13,2,0.0014,reading,order,Reading order is,"['<|endoftext|>', 'Reading', ' order', ' is']",1,2,accessibility,pythia-1b
reading_order,13,3,0.0083,reading,order,Reading order is,"['<|endoftext|>', 'Reading', ' order', ' is']",1,2,accessibility,pythia-1b
reading_order,13,4,0.0182,reading,order,Reading order is,"['<|endoftext|>', 'Reading', ' order', ' is']",1,2,accessibility,pythia-1b
reading_order,13,5,0.0299,reading,order,Reading order is,"['<|endoftext|>', 'Reading', ' order', ' is']",1,2,accessibility,pythia-1b
reading_order,13,6,0.0225,reading,order,Reading order is,"['<|endoftext|>', 'Reading', ' order', ' is']",1,2,accessibility,pythia-1b
reading_order,13,7,0.0043,reading,order,Reading order is,"['<|endoftext|>', 'Reading', ' order', ' is']",1,2,accessibility,pythia-1b
reading_order,14,0,0.0334,reading,order,Reading order is,"['<|endoftext|>', 'Reading', ' order', ' is']",1,2,accessibility,pythia-1b
reading_order,14,1,0.0035,reading,order,Reading order is,"['<|endoftext|>', 'Reading', ' order', ' is']",1,2,accessibility,pythia-1b
reading_order,14,2,0.0008,reading,order,Reading order is,"['<|endoftext|>', 'Reading', ' order', ' is']",1,2,accessibility,pythia-1b
reading_order,14,3,0.013,reading,order,Reading order is,"['<|endoftext|>', 'Reading', ' order', ' is']",1,2,accessibility,pythia-1b
reading_order,14,4,0.0307,reading,order,Reading order is,"['<|endoftext|>', 'Reading', ' order', ' is']",1,2,accessibility,pythia-1b
reading_order,14,5,0.1994,reading,order,Reading order is,"['<|endoftext|>', 'Reading', ' order', ' is']",1,2,accessibility,pythia-1b
reading_order,14,6,0.007,reading,order,Reading order is,"['<|endoftext|>', 'Reading', ' order', ' is']",1,2,accessibility,pythia-1b
reading_order,14,7,0.004,reading,order,Reading order is,"['<|endoftext|>', 'Reading', ' order', ' is']",1,2,accessibility,pythia-1b
reading_order,15,0,0.0815,reading,order,Reading order is,"['<|endoftext|>', 'Reading', ' order', ' is']",1,2,accessibility,pythia-1b
reading_order,15,1,0.0408,reading,order,Reading order is,"['<|endoftext|>', 'Reading', ' order', ' is']",1,2,accessibility,pythia-1b
reading_order,15,2,0.1473,reading,order,Reading order is,"['<|endoftext|>', 'Reading', ' order', ' is']",1,2,accessibility,pythia-1b
reading_order,15,3,0.0185,reading,order,Reading order is,"['<|endoftext|>', 'Reading', ' order', ' is']",1,2,accessibility,pythia-1b
reading_order,15,4,0.0719,reading,order,Reading order is,"['<|endoftext|>', 'Reading', ' order', ' is']",1,2,accessibility,pythia-1b
reading_order,15,5,0.0855,reading,order,Reading order is,"['<|endoftext|>', 'Reading', ' order', ' is']",1,2,accessibility,pythia-1b
reading_order,15,6,0.0148,reading,order,Reading order is,"['<|endoftext|>', 'Reading', ' order', ' is']",1,2,accessibility,pythia-1b
reading_order,15,7,0.0318,reading,order,Reading order is,"['<|endoftext|>', 'Reading', ' order', ' is']",1,2,accessibility,pythia-1b
text_formatting,0,0,0.2127,text,formatting,Text formatting is,"['<|endoftext|>', 'Text', ' formatting', ' is']",1,2,accessibility,pythia-1b
text_formatting,0,1,0.6613,text,formatting,Text formatting is,"['<|endoftext|>', 'Text', ' formatting', ' is']",1,2,accessibility,pythia-1b
text_formatting,0,2,0.0,text,formatting,Text formatting is,"['<|endoftext|>', 'Text', ' formatting', ' is']",1,2,accessibility,pythia-1b
text_formatting,0,3,0.7774,text,formatting,Text formatting is,"['<|endoftext|>', 'Text', ' formatting', ' is']",1,2,accessibility,pythia-1b
text_formatting,0,4,0.0991,text,formatting,Text formatting is,"['<|endoftext|>', 'Text', ' formatting', ' is']",1,2,accessibility,pythia-1b
text_formatting,0,5,0.2932,text,formatting,Text formatting is,"['<|endoftext|>', 'Text', ' formatting', ' is']",1,2,accessibility,pythia-1b
text_formatting,0,6,0.0435,text,formatting,Text formatting is,"['<|endoftext|>', 'Text', ' formatting', ' is']",1,2,accessibility,pythia-1b
text_formatting,0,7,0.2264,text,formatting,Text formatting is,"['<|endoftext|>', 'Text', ' formatting', ' is']",1,2,accessibility,pythia-1b
text_formatting,1,0,0.6351,text,formatting,Text formatting is,"['<|endoftext|>', 'Text', ' formatting', ' is']",1,2,accessibility,pythia-1b
text_formatting,1,1,0.0835,text,formatting,Text formatting is,"['<|endoftext|>', 'Text', ' formatting', ' is']",1,2,accessibility,pythia-1b
text_formatting,1,2,0.8475,text,formatting,Text formatting is,"['<|endoftext|>', 'Text', ' formatting', ' is']",1,2,accessibility,pythia-1b
text_formatting,1,3,0.7023,text,formatting,Text formatting is,"['<|endoftext|>', 'Text', ' formatting', ' is']",1,2,accessibility,pythia-1b
text_formatting,1,4,0.4076,text,formatting,Text formatting is,"['<|endoftext|>', 'Text', ' formatting', ' is']",1,2,accessibility,pythia-1b
text_formatting,1,5,0.6556,text,formatting,Text formatting is,"['<|endoftext|>', 'Text', ' formatting', ' is']",1,2,accessibility,pythia-1b
text_formatting,1,6,0.4058,text,formatting,Text formatting is,"['<|endoftext|>', 'Text', ' formatting', ' is']",1,2,accessibility,pythia-1b
text_formatting,1,7,0.0115,text,formatting,Text formatting is,"['<|endoftext|>', 'Text', ' formatting', ' is']",1,2,accessibility,pythia-1b
text_formatting,2,0,0.8443,text,formatting,Text formatting is,"['<|endoftext|>', 'Text', ' formatting', ' is']",1,2,accessibility,pythia-1b
text_formatting,2,1,0.266,text,formatting,Text formatting is,"['<|endoftext|>', 'Text', ' formatting', ' is']",1,2,accessibility,pythia-1b
text_formatting,2,2,0.6254,text,formatting,Text formatting is,"['<|endoftext|>', 'Text', ' formatting', ' is']",1,2,accessibility,pythia-1b
text_formatting,2,3,0.1937,text,formatting,Text formatting is,"['<|endoftext|>', 'Text', ' formatting', ' is']",1,2,accessibility,pythia-1b
text_formatting,2,4,0.3738,text,formatting,Text formatting is,"['<|endoftext|>', 'Text', ' formatting', ' is']",1,2,accessibility,pythia-1b
text_formatting,2,5,0.1871,text,formatting,Text formatting is,"['<|endoftext|>', 'Text', ' formatting', ' is']",1,2,accessibility,pythia-1b
text_formatting,2,6,0.6471,text,formatting,Text formatting is,"['<|endoftext|>', 'Text', ' formatting', ' is']",1,2,accessibility,pythia-1b
text_formatting,2,7,0.3532,text,formatting,Text formatting is,"['<|endoftext|>', 'Text', ' formatting', ' is']",1,2,accessibility,pythia-1b
text_formatting,3,0,0.0493,text,formatting,Text formatting is,"['<|endoftext|>', 'Text', ' formatting', ' is']",1,2,accessibility,pythia-1b
text_formatting,3,1,0.1232,text,formatting,Text formatting is,"['<|endoftext|>', 'Text', ' formatting', ' is']",1,2,accessibility,pythia-1b
text_formatting,3,2,0.086,text,formatting,Text formatting is,"['<|endoftext|>', 'Text', ' formatting', ' is']",1,2,accessibility,pythia-1b
text_formatting,3,3,0.1102,text,formatting,Text formatting is,"['<|endoftext|>', 'Text', ' formatting', ' is']",1,2,accessibility,pythia-1b
text_formatting,3,4,0.0272,text,formatting,Text formatting is,"['<|endoftext|>', 'Text', ' formatting', ' is']",1,2,accessibility,pythia-1b
text_formatting,3,5,0.953,text,formatting,Text formatting is,"['<|endoftext|>', 'Text', ' formatting', ' is']",1,2,accessibility,pythia-1b
text_formatting,3,6,0.5184,text,formatting,Text formatting is,"['<|endoftext|>', 'Text', ' formatting', ' is']",1,2,accessibility,pythia-1b
text_formatting,3,7,0.0795,text,formatting,Text formatting is,"['<|endoftext|>', 'Text', ' formatting', ' is']",1,2,accessibility,pythia-1b
text_formatting,4,0,0.1995,text,formatting,Text formatting is,"['<|endoftext|>', 'Text', ' formatting', ' is']",1,2,accessibility,pythia-1b
text_formatting,4,1,0.0534,text,formatting,Text formatting is,"['<|endoftext|>', 'Text', ' formatting', ' is']",1,2,accessibility,pythia-1b
text_formatting,4,2,0.0368,text,formatting,Text formatting is,"['<|endoftext|>', 'Text', ' formatting', ' is']",1,2,accessibility,pythia-1b
text_formatting,4,3,0.0766,text,formatting,Text formatting is,"['<|endoftext|>', 'Text', ' formatting', ' is']",1,2,accessibility,pythia-1b
text_formatting,4,4,0.0004,text,formatting,Text formatting is,"['<|endoftext|>', 'Text', ' formatting', ' is']",1,2,accessibility,pythia-1b
text_formatting,4,5,0.0039,text,formatting,Text formatting is,"['<|endoftext|>', 'Text', ' formatting', ' is']",1,2,accessibility,pythia-1b
text_formatting,4,6,0.0691,text,formatting,Text formatting is,"['<|endoftext|>', 'Text', ' formatting', ' is']",1,2,accessibility,pythia-1b
text_formatting,4,7,0.1462,text,formatting,Text formatting is,"['<|endoftext|>', 'Text', ' formatting', ' is']",1,2,accessibility,pythia-1b
text_formatting,5,0,0.1728,text,formatting,Text formatting is,"['<|endoftext|>', 'Text', ' formatting', ' is']",1,2,accessibility,pythia-1b
text_formatting,5,1,0.0,text,formatting,Text formatting is,"['<|endoftext|>', 'Text', ' formatting', ' is']",1,2,accessibility,pythia-1b
text_formatting,5,2,0.0197,text,formatting,Text formatting is,"['<|endoftext|>', 'Text', ' formatting', ' is']",1,2,accessibility,pythia-1b
text_formatting,5,3,0.0529,text,formatting,Text formatting is,"['<|endoftext|>', 'Text', ' formatting', ' is']",1,2,accessibility,pythia-1b
text_formatting,5,4,0.0164,text,formatting,Text formatting is,"['<|endoftext|>', 'Text', ' formatting', ' is']",1,2,accessibility,pythia-1b
text_formatting,5,5,0.4927,text,formatting,Text formatting is,"['<|endoftext|>', 'Text', ' formatting', ' is']",1,2,accessibility,pythia-1b
text_formatting,5,6,0.0475,text,formatting,Text formatting is,"['<|endoftext|>', 'Text', ' formatting', ' is']",1,2,accessibility,pythia-1b
text_formatting,5,7,0.0013,text,formatting,Text formatting is,"['<|endoftext|>', 'Text', ' formatting', ' is']",1,2,accessibility,pythia-1b
text_formatting,6,0,0.008,text,formatting,Text formatting is,"['<|endoftext|>', 'Text', ' formatting', ' is']",1,2,accessibility,pythia-1b
text_formatting,6,1,0.0297,text,formatting,Text formatting is,"['<|endoftext|>', 'Text', ' formatting', ' is']",1,2,accessibility,pythia-1b
text_formatting,6,2,0.0194,text,formatting,Text formatting is,"['<|endoftext|>', 'Text', ' formatting', ' is']",1,2,accessibility,pythia-1b
text_formatting,6,3,0.9354,text,formatting,Text formatting is,"['<|endoftext|>', 'Text', ' formatting', ' is']",1,2,accessibility,pythia-1b
text_formatting,6,4,0.0978,text,formatting,Text formatting is,"['<|endoftext|>', 'Text', ' formatting', ' is']",1,2,accessibility,pythia-1b
text_formatting,6,5,0.0424,text,formatting,Text formatting is,"['<|endoftext|>', 'Text', ' formatting', ' is']",1,2,accessibility,pythia-1b
text_formatting,6,6,0.0081,text,formatting,Text formatting is,"['<|endoftext|>', 'Text', ' formatting', ' is']",1,2,accessibility,pythia-1b
text_formatting,6,7,0.0005,text,formatting,Text formatting is,"['<|endoftext|>', 'Text', ' formatting', ' is']",1,2,accessibility,pythia-1b
text_formatting,7,0,0.0014,text,formatting,Text formatting is,"['<|endoftext|>', 'Text', ' formatting', ' is']",1,2,accessibility,pythia-1b
text_formatting,7,1,0.0001,text,formatting,Text formatting is,"['<|endoftext|>', 'Text', ' formatting', ' is']",1,2,accessibility,pythia-1b
text_formatting,7,2,0.0066,text,formatting,Text formatting is,"['<|endoftext|>', 'Text', ' formatting', ' is']",1,2,accessibility,pythia-1b
text_formatting,7,3,0.0194,text,formatting,Text formatting is,"['<|endoftext|>', 'Text', ' formatting', ' is']",1,2,accessibility,pythia-1b
text_formatting,7,4,0.1037,text,formatting,Text formatting is,"['<|endoftext|>', 'Text', ' formatting', ' is']",1,2,accessibility,pythia-1b
text_formatting,7,5,0.0204,text,formatting,Text formatting is,"['<|endoftext|>', 'Text', ' formatting', ' is']",1,2,accessibility,pythia-1b
text_formatting,7,6,0.1048,text,formatting,Text formatting is,"['<|endoftext|>', 'Text', ' formatting', ' is']",1,2,accessibility,pythia-1b
text_formatting,7,7,0.0044,text,formatting,Text formatting is,"['<|endoftext|>', 'Text', ' formatting', ' is']",1,2,accessibility,pythia-1b
text_formatting,8,0,0.0081,text,formatting,Text formatting is,"['<|endoftext|>', 'Text', ' formatting', ' is']",1,2,accessibility,pythia-1b
text_formatting,8,1,0.0324,text,formatting,Text formatting is,"['<|endoftext|>', 'Text', ' formatting', ' is']",1,2,accessibility,pythia-1b
text_formatting,8,2,0.0039,text,formatting,Text formatting is,"['<|endoftext|>', 'Text', ' formatting', ' is']",1,2,accessibility,pythia-1b
text_formatting,8,3,0.0391,text,formatting,Text formatting is,"['<|endoftext|>', 'Text', ' formatting', ' is']",1,2,accessibility,pythia-1b
text_formatting,8,4,0.0037,text,formatting,Text formatting is,"['<|endoftext|>', 'Text', ' formatting', ' is']",1,2,accessibility,pythia-1b
text_formatting,8,5,0.0042,text,formatting,Text formatting is,"['<|endoftext|>', 'Text', ' formatting', ' is']",1,2,accessibility,pythia-1b
text_formatting,8,6,0.0059,text,formatting,Text formatting is,"['<|endoftext|>', 'Text', ' formatting', ' is']",1,2,accessibility,pythia-1b
text_formatting,8,7,0.1116,text,formatting,Text formatting is,"['<|endoftext|>', 'Text', ' formatting', ' is']",1,2,accessibility,pythia-1b
text_formatting,9,0,0.0606,text,formatting,Text formatting is,"['<|endoftext|>', 'Text', ' formatting', ' is']",1,2,accessibility,pythia-1b
text_formatting,9,1,0.0106,text,formatting,Text formatting is,"['<|endoftext|>', 'Text', ' formatting', ' is']",1,2,accessibility,pythia-1b
text_formatting,9,2,0.0639,text,formatting,Text formatting is,"['<|endoftext|>', 'Text', ' formatting', ' is']",1,2,accessibility,pythia-1b
text_formatting,9,3,0.0264,text,formatting,Text formatting is,"['<|endoftext|>', 'Text', ' formatting', ' is']",1,2,accessibility,pythia-1b
text_formatting,9,4,0.018,text,formatting,Text formatting is,"['<|endoftext|>', 'Text', ' formatting', ' is']",1,2,accessibility,pythia-1b
text_formatting,9,5,0.0232,text,formatting,Text formatting is,"['<|endoftext|>', 'Text', ' formatting', ' is']",1,2,accessibility,pythia-1b
text_formatting,9,6,0.2757,text,formatting,Text formatting is,"['<|endoftext|>', 'Text', ' formatting', ' is']",1,2,accessibility,pythia-1b
text_formatting,9,7,0.0833,text,formatting,Text formatting is,"['<|endoftext|>', 'Text', ' formatting', ' is']",1,2,accessibility,pythia-1b
text_formatting,10,0,0.0211,text,formatting,Text formatting is,"['<|endoftext|>', 'Text', ' formatting', ' is']",1,2,accessibility,pythia-1b
text_formatting,10,1,0.044,text,formatting,Text formatting is,"['<|endoftext|>', 'Text', ' formatting', ' is']",1,2,accessibility,pythia-1b
text_formatting,10,2,0.0247,text,formatting,Text formatting is,"['<|endoftext|>', 'Text', ' formatting', ' is']",1,2,accessibility,pythia-1b
text_formatting,10,3,0.0829,text,formatting,Text formatting is,"['<|endoftext|>', 'Text', ' formatting', ' is']",1,2,accessibility,pythia-1b
text_formatting,10,4,0.0229,text,formatting,Text formatting is,"['<|endoftext|>', 'Text', ' formatting', ' is']",1,2,accessibility,pythia-1b
text_formatting,10,5,0.0018,text,formatting,Text formatting is,"['<|endoftext|>', 'Text', ' formatting', ' is']",1,2,accessibility,pythia-1b
text_formatting,10,6,0.0002,text,formatting,Text formatting is,"['<|endoftext|>', 'Text', ' formatting', ' is']",1,2,accessibility,pythia-1b
text_formatting,10,7,0.0356,text,formatting,Text formatting is,"['<|endoftext|>', 'Text', ' formatting', ' is']",1,2,accessibility,pythia-1b
text_formatting,11,0,0.0134,text,formatting,Text formatting is,"['<|endoftext|>', 'Text', ' formatting', ' is']",1,2,accessibility,pythia-1b
text_formatting,11,1,0.0094,text,formatting,Text formatting is,"['<|endoftext|>', 'Text', ' formatting', ' is']",1,2,accessibility,pythia-1b
text_formatting,11,2,0.0057,text,formatting,Text formatting is,"['<|endoftext|>', 'Text', ' formatting', ' is']",1,2,accessibility,pythia-1b
text_formatting,11,3,0.0266,text,formatting,Text formatting is,"['<|endoftext|>', 'Text', ' formatting', ' is']",1,2,accessibility,pythia-1b
text_formatting,11,4,0.0113,text,formatting,Text formatting is,"['<|endoftext|>', 'Text', ' formatting', ' is']",1,2,accessibility,pythia-1b
text_formatting,11,5,0.0051,text,formatting,Text formatting is,"['<|endoftext|>', 'Text', ' formatting', ' is']",1,2,accessibility,pythia-1b
text_formatting,11,6,0.0029,text,formatting,Text formatting is,"['<|endoftext|>', 'Text', ' formatting', ' is']",1,2,accessibility,pythia-1b
text_formatting,11,7,0.0004,text,formatting,Text formatting is,"['<|endoftext|>', 'Text', ' formatting', ' is']",1,2,accessibility,pythia-1b
text_formatting,12,0,0.0048,text,formatting,Text formatting is,"['<|endoftext|>', 'Text', ' formatting', ' is']",1,2,accessibility,pythia-1b
text_formatting,12,1,0.025,text,formatting,Text formatting is,"['<|endoftext|>', 'Text', ' formatting', ' is']",1,2,accessibility,pythia-1b
text_formatting,12,2,0.0047,text,formatting,Text formatting is,"['<|endoftext|>', 'Text', ' formatting', ' is']",1,2,accessibility,pythia-1b
text_formatting,12,3,0.0191,text,formatting,Text formatting is,"['<|endoftext|>', 'Text', ' formatting', ' is']",1,2,accessibility,pythia-1b
text_formatting,12,4,0.0129,text,formatting,Text formatting is,"['<|endoftext|>', 'Text', ' formatting', ' is']",1,2,accessibility,pythia-1b
text_formatting,12,5,0.0664,text,formatting,Text formatting is,"['<|endoftext|>', 'Text', ' formatting', ' is']",1,2,accessibility,pythia-1b
text_formatting,12,6,0.0203,text,formatting,Text formatting is,"['<|endoftext|>', 'Text', ' formatting', ' is']",1,2,accessibility,pythia-1b
text_formatting,12,7,0.0557,text,formatting,Text formatting is,"['<|endoftext|>', 'Text', ' formatting', ' is']",1,2,accessibility,pythia-1b
text_formatting,13,0,0.306,text,formatting,Text formatting is,"['<|endoftext|>', 'Text', ' formatting', ' is']",1,2,accessibility,pythia-1b
text_formatting,13,1,0.0123,text,formatting,Text formatting is,"['<|endoftext|>', 'Text', ' formatting', ' is']",1,2,accessibility,pythia-1b
text_formatting,13,2,0.0008,text,formatting,Text formatting is,"['<|endoftext|>', 'Text', ' formatting', ' is']",1,2,accessibility,pythia-1b
text_formatting,13,3,0.0105,text,formatting,Text formatting is,"['<|endoftext|>', 'Text', ' formatting', ' is']",1,2,accessibility,pythia-1b
text_formatting,13,4,0.1886,text,formatting,Text formatting is,"['<|endoftext|>', 'Text', ' formatting', ' is']",1,2,accessibility,pythia-1b
text_formatting,13,5,0.0517,text,formatting,Text formatting is,"['<|endoftext|>', 'Text', ' formatting', ' is']",1,2,accessibility,pythia-1b
text_formatting,13,6,0.0081,text,formatting,Text formatting is,"['<|endoftext|>', 'Text', ' formatting', ' is']",1,2,accessibility,pythia-1b
text_formatting,13,7,0.0097,text,formatting,Text formatting is,"['<|endoftext|>', 'Text', ' formatting', ' is']",1,2,accessibility,pythia-1b
text_formatting,14,0,0.0744,text,formatting,Text formatting is,"['<|endoftext|>', 'Text', ' formatting', ' is']",1,2,accessibility,pythia-1b
text_formatting,14,1,0.1281,text,formatting,Text formatting is,"['<|endoftext|>', 'Text', ' formatting', ' is']",1,2,accessibility,pythia-1b
text_formatting,14,2,0.0563,text,formatting,Text formatting is,"['<|endoftext|>', 'Text', ' formatting', ' is']",1,2,accessibility,pythia-1b
text_formatting,14,3,0.124,text,formatting,Text formatting is,"['<|endoftext|>', 'Text', ' formatting', ' is']",1,2,accessibility,pythia-1b
text_formatting,14,4,0.0258,text,formatting,Text formatting is,"['<|endoftext|>', 'Text', ' formatting', ' is']",1,2,accessibility,pythia-1b
text_formatting,14,5,0.0382,text,formatting,Text formatting is,"['<|endoftext|>', 'Text', ' formatting', ' is']",1,2,accessibility,pythia-1b
text_formatting,14,6,0.0327,text,formatting,Text formatting is,"['<|endoftext|>', 'Text', ' formatting', ' is']",1,2,accessibility,pythia-1b
text_formatting,14,7,0.1068,text,formatting,Text formatting is,"['<|endoftext|>', 'Text', ' formatting', ' is']",1,2,accessibility,pythia-1b
text_formatting,15,0,0.0511,text,formatting,Text formatting is,"['<|endoftext|>', 'Text', ' formatting', ' is']",1,2,accessibility,pythia-1b
text_formatting,15,1,0.0353,text,formatting,Text formatting is,"['<|endoftext|>', 'Text', ' formatting', ' is']",1,2,accessibility,pythia-1b
text_formatting,15,2,0.0926,text,formatting,Text formatting is,"['<|endoftext|>', 'Text', ' formatting', ' is']",1,2,accessibility,pythia-1b
text_formatting,15,3,0.1006,text,formatting,Text formatting is,"['<|endoftext|>', 'Text', ' formatting', ' is']",1,2,accessibility,pythia-1b
text_formatting,15,4,0.2797,text,formatting,Text formatting is,"['<|endoftext|>', 'Text', ' formatting', ' is']",1,2,accessibility,pythia-1b
text_formatting,15,5,0.1266,text,formatting,Text formatting is,"['<|endoftext|>', 'Text', ' formatting', ' is']",1,2,accessibility,pythia-1b
text_formatting,15,6,0.0948,text,formatting,Text formatting is,"['<|endoftext|>', 'Text', ' formatting', ' is']",1,2,accessibility,pythia-1b
text_formatting,15,7,0.0858,text,formatting,Text formatting is,"['<|endoftext|>', 'Text', ' formatting', ' is']",1,2,accessibility,pythia-1b
form_field,0,0,0.271,form,field,A form field is,"['<|endoftext|>', 'A', ' form', ' field', ' is']",2,3,accessibility,pythia-1b
form_field,0,1,0.5891,form,field,A form field is,"['<|endoftext|>', 'A', ' form', ' field', ' is']",2,3,accessibility,pythia-1b
form_field,0,2,0.0,form,field,A form field is,"['<|endoftext|>', 'A', ' form', ' field', ' is']",2,3,accessibility,pythia-1b
form_field,0,3,0.8314,form,field,A form field is,"['<|endoftext|>', 'A', ' form', ' field', ' is']",2,3,accessibility,pythia-1b
form_field,0,4,0.0131,form,field,A form field is,"['<|endoftext|>', 'A', ' form', ' field', ' is']",2,3,accessibility,pythia-1b
form_field,0,5,0.1238,form,field,A form field is,"['<|endoftext|>', 'A', ' form', ' field', ' is']",2,3,accessibility,pythia-1b
form_field,0,6,0.0246,form,field,A form field is,"['<|endoftext|>', 'A', ' form', ' field', ' is']",2,3,accessibility,pythia-1b
form_field,0,7,0.0056,form,field,A form field is,"['<|endoftext|>', 'A', ' form', ' field', ' is']",2,3,accessibility,pythia-1b
form_field,1,0,0.6103,form,field,A form field is,"['<|endoftext|>', 'A', ' form', ' field', ' is']",2,3,accessibility,pythia-1b
form_field,1,1,0.0699,form,field,A form field is,"['<|endoftext|>', 'A', ' form', ' field', ' is']",2,3,accessibility,pythia-1b
form_field,1,2,0.9432,form,field,A form field is,"['<|endoftext|>', 'A', ' form', ' field', ' is']",2,3,accessibility,pythia-1b
form_field,1,3,0.6034,form,field,A form field is,"['<|endoftext|>', 'A', ' form', ' field', ' is']",2,3,accessibility,pythia-1b
form_field,1,4,0.4702,form,field,A form field is,"['<|endoftext|>', 'A', ' form', ' field', ' is']",2,3,accessibility,pythia-1b
form_field,1,5,0.5051,form,field,A form field is,"['<|endoftext|>', 'A', ' form', ' field', ' is']",2,3,accessibility,pythia-1b
form_field,1,6,0.2526,form,field,A form field is,"['<|endoftext|>', 'A', ' form', ' field', ' is']",2,3,accessibility,pythia-1b
form_field,1,7,0.0087,form,field,A form field is,"['<|endoftext|>', 'A', ' form', ' field', ' is']",2,3,accessibility,pythia-1b
form_field,2,0,0.7609,form,field,A form field is,"['<|endoftext|>', 'A', ' form', ' field', ' is']",2,3,accessibility,pythia-1b
form_field,2,1,0.3939,form,field,A form field is,"['<|endoftext|>', 'A', ' form', ' field', ' is']",2,3,accessibility,pythia-1b
form_field,2,2,0.3057,form,field,A form field is,"['<|endoftext|>', 'A', ' form', ' field', ' is']",2,3,accessibility,pythia-1b
form_field,2,3,0.1606,form,field,A form field is,"['<|endoftext|>', 'A', ' form', ' field', ' is']",2,3,accessibility,pythia-1b
form_field,2,4,0.1625,form,field,A form field is,"['<|endoftext|>', 'A', ' form', ' field', ' is']",2,3,accessibility,pythia-1b
form_field,2,5,0.1433,form,field,A form field is,"['<|endoftext|>', 'A', ' form', ' field', ' is']",2,3,accessibility,pythia-1b
form_field,2,6,0.5815,form,field,A form field is,"['<|endoftext|>', 'A', ' form', ' field', ' is']",2,3,accessibility,pythia-1b
form_field,2,7,0.2268,form,field,A form field is,"['<|endoftext|>', 'A', ' form', ' field', ' is']",2,3,accessibility,pythia-1b
form_field,3,0,0.02,form,field,A form field is,"['<|endoftext|>', 'A', ' form', ' field', ' is']",2,3,accessibility,pythia-1b
form_field,3,1,0.0249,form,field,A form field is,"['<|endoftext|>', 'A', ' form', ' field', ' is']",2,3,accessibility,pythia-1b
form_field,3,2,0.1198,form,field,A form field is,"['<|endoftext|>', 'A', ' form', ' field', ' is']",2,3,accessibility,pythia-1b
form_field,3,3,0.0088,form,field,A form field is,"['<|endoftext|>', 'A', ' form', ' field', ' is']",2,3,accessibility,pythia-1b
form_field,3,4,0.0161,form,field,A form field is,"['<|endoftext|>', 'A', ' form', ' field', ' is']",2,3,accessibility,pythia-1b
form_field,3,5,0.9452,form,field,A form field is,"['<|endoftext|>', 'A', ' form', ' field', ' is']",2,3,accessibility,pythia-1b
form_field,3,6,0.4621,form,field,A form field is,"['<|endoftext|>', 'A', ' form', ' field', ' is']",2,3,accessibility,pythia-1b
form_field,3,7,0.1564,form,field,A form field is,"['<|endoftext|>', 'A', ' form', ' field', ' is']",2,3,accessibility,pythia-1b
form_field,4,0,0.1859,form,field,A form field is,"['<|endoftext|>', 'A', ' form', ' field', ' is']",2,3,accessibility,pythia-1b
form_field,4,1,0.0195,form,field,A form field is,"['<|endoftext|>', 'A', ' form', ' field', ' is']",2,3,accessibility,pythia-1b
form_field,4,2,0.056,form,field,A form field is,"['<|endoftext|>', 'A', ' form', ' field', ' is']",2,3,accessibility,pythia-1b
form_field,4,3,0.0018,form,field,A form field is,"['<|endoftext|>', 'A', ' form', ' field', ' is']",2,3,accessibility,pythia-1b
form_field,4,4,0.0001,form,field,A form field is,"['<|endoftext|>', 'A', ' form', ' field', ' is']",2,3,accessibility,pythia-1b
form_field,4,5,0.0003,form,field,A form field is,"['<|endoftext|>', 'A', ' form', ' field', ' is']",2,3,accessibility,pythia-1b
form_field,4,6,0.033,form,field,A form field is,"['<|endoftext|>', 'A', ' form', ' field', ' is']",2,3,accessibility,pythia-1b
form_field,4,7,0.0339,form,field,A form field is,"['<|endoftext|>', 'A', ' form', ' field', ' is']",2,3,accessibility,pythia-1b
form_field,5,0,0.0149,form,field,A form field is,"['<|endoftext|>', 'A', ' form', ' field', ' is']",2,3,accessibility,pythia-1b
form_field,5,1,0.0001,form,field,A form field is,"['<|endoftext|>', 'A', ' form', ' field', ' is']",2,3,accessibility,pythia-1b
form_field,5,2,0.0408,form,field,A form field is,"['<|endoftext|>', 'A', ' form', ' field', ' is']",2,3,accessibility,pythia-1b
form_field,5,3,0.0488,form,field,A form field is,"['<|endoftext|>', 'A', ' form', ' field', ' is']",2,3,accessibility,pythia-1b
form_field,5,4,0.0172,form,field,A form field is,"['<|endoftext|>', 'A', ' form', ' field', ' is']",2,3,accessibility,pythia-1b
form_field,5,5,0.1156,form,field,A form field is,"['<|endoftext|>', 'A', ' form', ' field', ' is']",2,3,accessibility,pythia-1b
form_field,5,6,0.0018,form,field,A form field is,"['<|endoftext|>', 'A', ' form', ' field', ' is']",2,3,accessibility,pythia-1b
form_field,5,7,0.0008,form,field,A form field is,"['<|endoftext|>', 'A', ' form', ' field', ' is']",2,3,accessibility,pythia-1b
form_field,6,0,0.0409,form,field,A form field is,"['<|endoftext|>', 'A', ' form', ' field', ' is']",2,3,accessibility,pythia-1b
form_field,6,1,0.0165,form,field,A form field is,"['<|endoftext|>', 'A', ' form', ' field', ' is']",2,3,accessibility,pythia-1b
form_field,6,2,0.0131,form,field,A form field is,"['<|endoftext|>', 'A', ' form', ' field', ' is']",2,3,accessibility,pythia-1b
form_field,6,3,0.4333,form,field,A form field is,"['<|endoftext|>', 'A', ' form', ' field', ' is']",2,3,accessibility,pythia-1b
form_field,6,4,0.1046,form,field,A form field is,"['<|endoftext|>', 'A', ' form', ' field', ' is']",2,3,accessibility,pythia-1b
form_field,6,5,0.0496,form,field,A form field is,"['<|endoftext|>', 'A', ' form', ' field', ' is']",2,3,accessibility,pythia-1b
form_field,6,6,0.0216,form,field,A form field is,"['<|endoftext|>', 'A', ' form', ' field', ' is']",2,3,accessibility,pythia-1b
form_field,6,7,0.0018,form,field,A form field is,"['<|endoftext|>', 'A', ' form', ' field', ' is']",2,3,accessibility,pythia-1b
form_field,7,0,0.0003,form,field,A form field is,"['<|endoftext|>', 'A', ' form', ' field', ' is']",2,3,accessibility,pythia-1b
form_field,7,1,0.0,form,field,A form field is,"['<|endoftext|>', 'A', ' form', ' field', ' is']",2,3,accessibility,pythia-1b
form_field,7,2,0.0015,form,field,A form field is,"['<|endoftext|>', 'A', ' form', ' field', ' is']",2,3,accessibility,pythia-1b
form_field,7,3,0.0767,form,field,A form field is,"['<|endoftext|>', 'A', ' form', ' field', ' is']",2,3,accessibility,pythia-1b
form_field,7,4,0.0468,form,field,A form field is,"['<|endoftext|>', 'A', ' form', ' field', ' is']",2,3,accessibility,pythia-1b
form_field,7,5,0.026,form,field,A form field is,"['<|endoftext|>', 'A', ' form', ' field', ' is']",2,3,accessibility,pythia-1b
form_field,7,6,0.1674,form,field,A form field is,"['<|endoftext|>', 'A', ' form', ' field', ' is']",2,3,accessibility,pythia-1b
form_field,7,7,0.0441,form,field,A form field is,"['<|endoftext|>', 'A', ' form', ' field', ' is']",2,3,accessibility,pythia-1b
form_field,8,0,0.0012,form,field,A form field is,"['<|endoftext|>', 'A', ' form', ' field', ' is']",2,3,accessibility,pythia-1b
form_field,8,1,0.0652,form,field,A form field is,"['<|endoftext|>', 'A', ' form', ' field', ' is']",2,3,accessibility,pythia-1b
form_field,8,2,0.0103,form,field,A form field is,"['<|endoftext|>', 'A', ' form', ' field', ' is']",2,3,accessibility,pythia-1b
form_field,8,3,0.103,form,field,A form field is,"['<|endoftext|>', 'A', ' form', ' field', ' is']",2,3,accessibility,pythia-1b
form_field,8,4,0.0079,form,field,A form field is,"['<|endoftext|>', 'A', ' form', ' field', ' is']",2,3,accessibility,pythia-1b
form_field,8,5,0.0054,form,field,A form field is,"['<|endoftext|>', 'A', ' form', ' field', ' is']",2,3,accessibility,pythia-1b
form_field,8,6,0.006,form,field,A form field is,"['<|endoftext|>', 'A', ' form', ' field', ' is']",2,3,accessibility,pythia-1b
form_field,8,7,0.1516,form,field,A form field is,"['<|endoftext|>', 'A', ' form', ' field', ' is']",2,3,accessibility,pythia-1b
form_field,9,0,0.0592,form,field,A form field is,"['<|endoftext|>', 'A', ' form', ' field', ' is']",2,3,accessibility,pythia-1b
form_field,9,1,0.0053,form,field,A form field is,"['<|endoftext|>', 'A', ' form', ' field', ' is']",2,3,accessibility,pythia-1b
form_field,9,2,0.085,form,field,A form field is,"['<|endoftext|>', 'A', ' form', ' field', ' is']",2,3,accessibility,pythia-1b
form_field,9,3,0.0739,form,field,A form field is,"['<|endoftext|>', 'A', ' form', ' field', ' is']",2,3,accessibility,pythia-1b
form_field,9,4,0.0038,form,field,A form field is,"['<|endoftext|>', 'A', ' form', ' field', ' is']",2,3,accessibility,pythia-1b
form_field,9,5,0.0147,form,field,A form field is,"['<|endoftext|>', 'A', ' form', ' field', ' is']",2,3,accessibility,pythia-1b
form_field,9,6,0.1294,form,field,A form field is,"['<|endoftext|>', 'A', ' form', ' field', ' is']",2,3,accessibility,pythia-1b
form_field,9,7,0.1908,form,field,A form field is,"['<|endoftext|>', 'A', ' form', ' field', ' is']",2,3,accessibility,pythia-1b
form_field,10,0,0.0073,form,field,A form field is,"['<|endoftext|>', 'A', ' form', ' field', ' is']",2,3,accessibility,pythia-1b
form_field,10,1,0.0948,form,field,A form field is,"['<|endoftext|>', 'A', ' form', ' field', ' is']",2,3,accessibility,pythia-1b
form_field,10,2,0.0267,form,field,A form field is,"['<|endoftext|>', 'A', ' form', ' field', ' is']",2,3,accessibility,pythia-1b
form_field,10,3,0.0788,form,field,A form field is,"['<|endoftext|>', 'A', ' form', ' field', ' is']",2,3,accessibility,pythia-1b
form_field,10,4,0.0147,form,field,A form field is,"['<|endoftext|>', 'A', ' form', ' field', ' is']",2,3,accessibility,pythia-1b
form_field,10,5,0.001,form,field,A form field is,"['<|endoftext|>', 'A', ' form', ' field', ' is']",2,3,accessibility,pythia-1b
form_field,10,6,0.0002,form,field,A form field is,"['<|endoftext|>', 'A', ' form', ' field', ' is']",2,3,accessibility,pythia-1b
form_field,10,7,0.0272,form,field,A form field is,"['<|endoftext|>', 'A', ' form', ' field', ' is']",2,3,accessibility,pythia-1b
form_field,11,0,0.0534,form,field,A form field is,"['<|endoftext|>', 'A', ' form', ' field', ' is']",2,3,accessibility,pythia-1b
form_field,11,1,0.0167,form,field,A form field is,"['<|endoftext|>', 'A', ' form', ' field', ' is']",2,3,accessibility,pythia-1b
form_field,11,2,0.0159,form,field,A form field is,"['<|endoftext|>', 'A', ' form', ' field', ' is']",2,3,accessibility,pythia-1b
form_field,11,3,0.0126,form,field,A form field is,"['<|endoftext|>', 'A', ' form', ' field', ' is']",2,3,accessibility,pythia-1b
form_field,11,4,0.075,form,field,A form field is,"['<|endoftext|>', 'A', ' form', ' field', ' is']",2,3,accessibility,pythia-1b
form_field,11,5,0.0123,form,field,A form field is,"['<|endoftext|>', 'A', ' form', ' field', ' is']",2,3,accessibility,pythia-1b
form_field,11,6,0.0012,form,field,A form field is,"['<|endoftext|>', 'A', ' form', ' field', ' is']",2,3,accessibility,pythia-1b
form_field,11,7,0.0026,form,field,A form field is,"['<|endoftext|>', 'A', ' form', ' field', ' is']",2,3,accessibility,pythia-1b
form_field,12,0,0.0021,form,field,A form field is,"['<|endoftext|>', 'A', ' form', ' field', ' is']",2,3,accessibility,pythia-1b
form_field,12,1,0.1498,form,field,A form field is,"['<|endoftext|>', 'A', ' form', ' field', ' is']",2,3,accessibility,pythia-1b
form_field,12,2,0.0299,form,field,A form field is,"['<|endoftext|>', 'A', ' form', ' field', ' is']",2,3,accessibility,pythia-1b
form_field,12,3,0.0054,form,field,A form field is,"['<|endoftext|>', 'A', ' form', ' field', ' is']",2,3,accessibility,pythia-1b
form_field,12,4,0.0375,form,field,A form field is,"['<|endoftext|>', 'A', ' form', ' field', ' is']",2,3,accessibility,pythia-1b
form_field,12,5,0.0439,form,field,A form field is,"['<|endoftext|>', 'A', ' form', ' field', ' is']",2,3,accessibility,pythia-1b
form_field,12,6,0.0109,form,field,A form field is,"['<|endoftext|>', 'A', ' form', ' field', ' is']",2,3,accessibility,pythia-1b
form_field,12,7,0.0115,form,field,A form field is,"['<|endoftext|>', 'A', ' form', ' field', ' is']",2,3,accessibility,pythia-1b
form_field,13,0,0.1119,form,field,A form field is,"['<|endoftext|>', 'A', ' form', ' field', ' is']",2,3,accessibility,pythia-1b
form_field,13,1,0.011,form,field,A form field is,"['<|endoftext|>', 'A', ' form', ' field', ' is']",2,3,accessibility,pythia-1b
form_field,13,2,0.0004,form,field,A form field is,"['<|endoftext|>', 'A', ' form', ' field', ' is']",2,3,accessibility,pythia-1b
form_field,13,3,0.0093,form,field,A form field is,"['<|endoftext|>', 'A', ' form', ' field', ' is']",2,3,accessibility,pythia-1b
form_field,13,4,0.1253,form,field,A form field is,"['<|endoftext|>', 'A', ' form', ' field', ' is']",2,3,accessibility,pythia-1b
form_field,13,5,0.0161,form,field,A form field is,"['<|endoftext|>', 'A', ' form', ' field', ' is']",2,3,accessibility,pythia-1b
form_field,13,6,0.0021,form,field,A form field is,"['<|endoftext|>', 'A', ' form', ' field', ' is']",2,3,accessibility,pythia-1b
form_field,13,7,0.08,form,field,A form field is,"['<|endoftext|>', 'A', ' form', ' field', ' is']",2,3,accessibility,pythia-1b
form_field,14,0,0.0444,form,field,A form field is,"['<|endoftext|>', 'A', ' form', ' field', ' is']",2,3,accessibility,pythia-1b
form_field,14,1,0.031,form,field,A form field is,"['<|endoftext|>', 'A', ' form', ' field', ' is']",2,3,accessibility,pythia-1b
form_field,14,2,0.0623,form,field,A form field is,"['<|endoftext|>', 'A', ' form', ' field', ' is']",2,3,accessibility,pythia-1b
form_field,14,3,0.116,form,field,A form field is,"['<|endoftext|>', 'A', ' form', ' field', ' is']",2,3,accessibility,pythia-1b
form_field,14,4,0.026,form,field,A form field is,"['<|endoftext|>', 'A', ' form', ' field', ' is']",2,3,accessibility,pythia-1b
form_field,14,5,0.0213,form,field,A form field is,"['<|endoftext|>', 'A', ' form', ' field', ' is']",2,3,accessibility,pythia-1b
form_field,14,6,0.0023,form,field,A form field is,"['<|endoftext|>', 'A', ' form', ' field', ' is']",2,3,accessibility,pythia-1b
form_field,14,7,0.0076,form,field,A form field is,"['<|endoftext|>', 'A', ' form', ' field', ' is']",2,3,accessibility,pythia-1b
form_field,15,0,0.1273,form,field,A form field is,"['<|endoftext|>', 'A', ' form', ' field', ' is']",2,3,accessibility,pythia-1b
form_field,15,1,0.0031,form,field,A form field is,"['<|endoftext|>', 'A', ' form', ' field', ' is']",2,3,accessibility,pythia-1b
form_field,15,2,0.1007,form,field,A form field is,"['<|endoftext|>', 'A', ' form', ' field', ' is']",2,3,accessibility,pythia-1b
form_field,15,3,0.0058,form,field,A form field is,"['<|endoftext|>', 'A', ' form', ' field', ' is']",2,3,accessibility,pythia-1b
form_field,15,4,0.02,form,field,A form field is,"['<|endoftext|>', 'A', ' form', ' field', ' is']",2,3,accessibility,pythia-1b
form_field,15,5,0.1866,form,field,A form field is,"['<|endoftext|>', 'A', ' form', ' field', ' is']",2,3,accessibility,pythia-1b
form_field,15,6,0.0099,form,field,A form field is,"['<|endoftext|>', 'A', ' form', ' field', ' is']",2,3,accessibility,pythia-1b
form_field,15,7,0.229,form,field,A form field is,"['<|endoftext|>', 'A', ' form', ' field', ' is']",2,3,accessibility,pythia-1b
landmark_region,0,0,0.2318,landmark,region,A landmark region is,"['<|endoftext|>', 'A', ' landmark', ' region', ' is']",2,3,accessibility,pythia-1b
landmark_region,0,1,0.3887,landmark,region,A landmark region is,"['<|endoftext|>', 'A', ' landmark', ' region', ' is']",2,3,accessibility,pythia-1b
landmark_region,0,2,0.0,landmark,region,A landmark region is,"['<|endoftext|>', 'A', ' landmark', ' region', ' is']",2,3,accessibility,pythia-1b
landmark_region,0,3,0.5123,landmark,region,A landmark region is,"['<|endoftext|>', 'A', ' landmark', ' region', ' is']",2,3,accessibility,pythia-1b
landmark_region,0,4,0.0312,landmark,region,A landmark region is,"['<|endoftext|>', 'A', ' landmark', ' region', ' is']",2,3,accessibility,pythia-1b
landmark_region,0,5,0.3769,landmark,region,A landmark region is,"['<|endoftext|>', 'A', ' landmark', ' region', ' is']",2,3,accessibility,pythia-1b
landmark_region,0,6,0.0516,landmark,region,A landmark region is,"['<|endoftext|>', 'A', ' landmark', ' region', ' is']",2,3,accessibility,pythia-1b
landmark_region,0,7,0.0192,landmark,region,A landmark region is,"['<|endoftext|>', 'A', ' landmark', ' region', ' is']",2,3,accessibility,pythia-1b
landmark_region,1,0,0.3876,landmark,region,A landmark region is,"['<|endoftext|>', 'A', ' landmark', ' region', ' is']",2,3,accessibility,pythia-1b
landmark_region,1,1,0.0758,landmark,region,A landmark region is,"['<|endoftext|>', 'A', ' landmark', ' region', ' is']",2,3,accessibility,pythia-1b
landmark_region,1,2,0.0966,landmark,region,A landmark region is,"['<|endoftext|>', 'A', ' landmark', ' region', ' is']",2,3,accessibility,pythia-1b
landmark_region,1,3,0.4112,landmark,region,A landmark region is,"['<|endoftext|>', 'A', ' landmark', ' region', ' is']",2,3,accessibility,pythia-1b
landmark_region,1,4,0.1512,landmark,region,A landmark region is,"['<|endoftext|>', 'A', ' landmark', ' region', ' is']",2,3,accessibility,pythia-1b
landmark_region,1,5,0.2801,landmark,region,A landmark region is,"['<|endoftext|>', 'A', ' landmark', ' region', ' is']",2,3,accessibility,pythia-1b
landmark_region,1,6,0.1409,landmark,region,A landmark region is,"['<|endoftext|>', 'A', ' landmark', ' region', ' is']",2,3,accessibility,pythia-1b
landmark_region,1,7,0.0013,landmark,region,A landmark region is,"['<|endoftext|>', 'A', ' landmark', ' region', ' is']",2,3,accessibility,pythia-1b
landmark_region,2,0,0.1423,landmark,region,A landmark region is,"['<|endoftext|>', 'A', ' landmark', ' region', ' is']",2,3,accessibility,pythia-1b
landmark_region,2,1,0.2256,landmark,region,A landmark region is,"['<|endoftext|>', 'A', ' landmark', ' region', ' is']",2,3,accessibility,pythia-1b
landmark_region,2,2,0.5317,landmark,region,A landmark region is,"['<|endoftext|>', 'A', ' landmark', ' region', ' is']",2,3,accessibility,pythia-1b
landmark_region,2,3,0.366,landmark,region,A landmark region is,"['<|endoftext|>', 'A', ' landmark', ' region', ' is']",2,3,accessibility,pythia-1b
landmark_region,2,4,0.2069,landmark,region,A landmark region is,"['<|endoftext|>', 'A', ' landmark', ' region', ' is']",2,3,accessibility,pythia-1b
landmark_region,2,5,0.1127,landmark,region,A landmark region is,"['<|endoftext|>', 'A', ' landmark', ' region', ' is']",2,3,accessibility,pythia-1b
landmark_region,2,6,0.3101,landmark,region,A landmark region is,"['<|endoftext|>', 'A', ' landmark', ' region', ' is']",2,3,accessibility,pythia-1b
landmark_region,2,7,0.0359,landmark,region,A landmark region is,"['<|endoftext|>', 'A', ' landmark', ' region', ' is']",2,3,accessibility,pythia-1b
landmark_region,3,0,0.215,landmark,region,A landmark region is,"['<|endoftext|>', 'A', ' landmark', ' region', ' is']",2,3,accessibility,pythia-1b
landmark_region,3,1,0.0924,landmark,region,A landmark region is,"['<|endoftext|>', 'A', ' landmark', ' region', ' is']",2,3,accessibility,pythia-1b
landmark_region,3,2,0.1642,landmark,region,A landmark region is,"['<|endoftext|>', 'A', ' landmark', ' region', ' is']",2,3,accessibility,pythia-1b
landmark_region,3,3,0.162,landmark,region,A landmark region is,"['<|endoftext|>', 'A', ' landmark', ' region', ' is']",2,3,accessibility,pythia-1b
landmark_region,3,4,0.2743,landmark,region,A landmark region is,"['<|endoftext|>', 'A', ' landmark', ' region', ' is']",2,3,accessibility,pythia-1b
landmark_region,3,5,0.9968,landmark,region,A landmark region is,"['<|endoftext|>', 'A', ' landmark', ' region', ' is']",2,3,accessibility,pythia-1b
landmark_region,3,6,0.4256,landmark,region,A landmark region is,"['<|endoftext|>', 'A', ' landmark', ' region', ' is']",2,3,accessibility,pythia-1b
landmark_region,3,7,0.0722,landmark,region,A landmark region is,"['<|endoftext|>', 'A', ' landmark', ' region', ' is']",2,3,accessibility,pythia-1b
landmark_region,4,0,0.0452,landmark,region,A landmark region is,"['<|endoftext|>', 'A', ' landmark', ' region', ' is']",2,3,accessibility,pythia-1b
landmark_region,4,1,0.0072,landmark,region,A landmark region is,"['<|endoftext|>', 'A', ' landmark', ' region', ' is']",2,3,accessibility,pythia-1b
landmark_region,4,2,0.0587,landmark,region,A landmark region is,"['<|endoftext|>', 'A', ' landmark', ' region', ' is']",2,3,accessibility,pythia-1b
landmark_region,4,3,0.0149,landmark,region,A landmark region is,"['<|endoftext|>', 'A', ' landmark', ' region', ' is']",2,3,accessibility,pythia-1b
landmark_region,4,4,0.0001,landmark,region,A landmark region is,"['<|endoftext|>', 'A', ' landmark', ' region', ' is']",2,3,accessibility,pythia-1b
landmark_region,4,5,0.0007,landmark,region,A landmark region is,"['<|endoftext|>', 'A', ' landmark', ' region', ' is']",2,3,accessibility,pythia-1b
landmark_region,4,6,0.0305,landmark,region,A landmark region is,"['<|endoftext|>', 'A', ' landmark', ' region', ' is']",2,3,accessibility,pythia-1b
landmark_region,4,7,0.0559,landmark,region,A landmark region is,"['<|endoftext|>', 'A', ' landmark', ' region', ' is']",2,3,accessibility,pythia-1b
landmark_region,5,0,0.1205,landmark,region,A landmark region is,"['<|endoftext|>', 'A', ' landmark', ' region', ' is']",2,3,accessibility,pythia-1b
landmark_region,5,1,0.0001,landmark,region,A landmark region is,"['<|endoftext|>', 'A', ' landmark', ' region', ' is']",2,3,accessibility,pythia-1b
landmark_region,5,2,0.0489,landmark,region,A landmark region is,"['<|endoftext|>', 'A', ' landmark', ' region', ' is']",2,3,accessibility,pythia-1b
landmark_region,5,3,0.0308,landmark,region,A landmark region is,"['<|endoftext|>', 'A', ' landmark', ' region', ' is']",2,3,accessibility,pythia-1b
landmark_region,5,4,0.0219,landmark,region,A landmark region is,"['<|endoftext|>', 'A', ' landmark', ' region', ' is']",2,3,accessibility,pythia-1b
landmark_region,5,5,0.3615,landmark,region,A landmark region is,"['<|endoftext|>', 'A', ' landmark', ' region', ' is']",2,3,accessibility,pythia-1b
landmark_region,5,6,0.0005,landmark,region,A landmark region is,"['<|endoftext|>', 'A', ' landmark', ' region', ' is']",2,3,accessibility,pythia-1b
landmark_region,5,7,0.0003,landmark,region,A landmark region is,"['<|endoftext|>', 'A', ' landmark', ' region', ' is']",2,3,accessibility,pythia-1b
landmark_region,6,0,0.334,landmark,region,A landmark region is,"['<|endoftext|>', 'A', ' landmark', ' region', ' is']",2,3,accessibility,pythia-1b
landmark_region,6,1,0.0083,landmark,region,A landmark region is,"['<|endoftext|>', 'A', ' landmark', ' region', ' is']",2,3,accessibility,pythia-1b
landmark_region,6,2,0.0217,landmark,region,A landmark region is,"['<|endoftext|>', 'A', ' landmark', ' region', ' is']",2,3,accessibility,pythia-1b
landmark_region,6,3,0.508,landmark,region,A landmark region is,"['<|endoftext|>', 'A', ' landmark', ' region', ' is']",2,3,accessibility,pythia-1b
landmark_region,6,4,0.0049,landmark,region,A landmark region is,"['<|endoftext|>', 'A', ' landmark', ' region', ' is']",2,3,accessibility,pythia-1b
landmark_region,6,5,0.0333,landmark,region,A landmark region is,"['<|endoftext|>', 'A', ' landmark', ' region', ' is']",2,3,accessibility,pythia-1b
landmark_region,6,6,0.0153,landmark,region,A landmark region is,"['<|endoftext|>', 'A', ' landmark', ' region', ' is']",2,3,accessibility,pythia-1b
landmark_region,6,7,0.0002,landmark,region,A landmark region is,"['<|endoftext|>', 'A', ' landmark', ' region', ' is']",2,3,accessibility,pythia-1b
landmark_region,7,0,0.0005,landmark,region,A landmark region is,"['<|endoftext|>', 'A', ' landmark', ' region', ' is']",2,3,accessibility,pythia-1b
landmark_region,7,1,0.0,landmark,region,A landmark region is,"['<|endoftext|>', 'A', ' landmark', ' region', ' is']",2,3,accessibility,pythia-1b
landmark_region,7,2,0.0008,landmark,region,A landmark region is,"['<|endoftext|>', 'A', ' landmark', ' region', ' is']",2,3,accessibility,pythia-1b
landmark_region,7,3,0.0571,landmark,region,A landmark region is,"['<|endoftext|>', 'A', ' landmark', ' region', ' is']",2,3,accessibility,pythia-1b
landmark_region,7,4,0.074,landmark,region,A landmark region is,"['<|endoftext|>', 'A', ' landmark', ' region', ' is']",2,3,accessibility,pythia-1b
landmark_region,7,5,0.074,landmark,region,A landmark region is,"['<|endoftext|>', 'A', ' landmark', ' region', ' is']",2,3,accessibility,pythia-1b
landmark_region,7,6,0.1453,landmark,region,A landmark region is,"['<|endoftext|>', 'A', ' landmark', ' region', ' is']",2,3,accessibility,pythia-1b
landmark_region,7,7,0.0117,landmark,region,A landmark region is,"['<|endoftext|>', 'A', ' landmark', ' region', ' is']",2,3,accessibility,pythia-1b
landmark_region,8,0,0.0005,landmark,region,A landmark region is,"['<|endoftext|>', 'A', ' landmark', ' region', ' is']",2,3,accessibility,pythia-1b
landmark_region,8,1,0.0412,landmark,region,A landmark region is,"['<|endoftext|>', 'A', ' landmark', ' region', ' is']",2,3,accessibility,pythia-1b
landmark_region,8,2,0.0499,landmark,region,A landmark region is,"['<|endoftext|>', 'A', ' landmark', ' region', ' is']",2,3,accessibility,pythia-1b
landmark_region,8,3,0.1966,landmark,region,A landmark region is,"['<|endoftext|>', 'A', ' landmark', ' region', ' is']",2,3,accessibility,pythia-1b
landmark_region,8,4,0.0484,landmark,region,A landmark region is,"['<|endoftext|>', 'A', ' landmark', ' region', ' is']",2,3,accessibility,pythia-1b
landmark_region,8,5,0.0075,landmark,region,A landmark region is,"['<|endoftext|>', 'A', ' landmark', ' region', ' is']",2,3,accessibility,pythia-1b
landmark_region,8,6,0.0,landmark,region,A landmark region is,"['<|endoftext|>', 'A', ' landmark', ' region', ' is']",2,3,accessibility,pythia-1b
landmark_region,8,7,0.1413,landmark,region,A landmark region is,"['<|endoftext|>', 'A', ' landmark', ' region', ' is']",2,3,accessibility,pythia-1b
landmark_region,9,0,0.064,landmark,region,A landmark region is,"['<|endoftext|>', 'A', ' landmark', ' region', ' is']",2,3,accessibility,pythia-1b
landmark_region,9,1,0.0063,landmark,region,A landmark region is,"['<|endoftext|>', 'A', ' landmark', ' region', ' is']",2,3,accessibility,pythia-1b
landmark_region,9,2,0.3456,landmark,region,A landmark region is,"['<|endoftext|>', 'A', ' landmark', ' region', ' is']",2,3,accessibility,pythia-1b
landmark_region,9,3,0.036,landmark,region,A landmark region is,"['<|endoftext|>', 'A', ' landmark', ' region', ' is']",2,3,accessibility,pythia-1b
landmark_region,9,4,0.0033,landmark,region,A landmark region is,"['<|endoftext|>', 'A', ' landmark', ' region', ' is']",2,3,accessibility,pythia-1b
landmark_region,9,5,0.024,landmark,region,A landmark region is,"['<|endoftext|>', 'A', ' landmark', ' region', ' is']",2,3,accessibility,pythia-1b
landmark_region,9,6,0.137,landmark,region,A landmark region is,"['<|endoftext|>', 'A', ' landmark', ' region', ' is']",2,3,accessibility,pythia-1b
landmark_region,9,7,0.0319,landmark,region,A landmark region is,"['<|endoftext|>', 'A', ' landmark', ' region', ' is']",2,3,accessibility,pythia-1b
landmark_region,10,0,0.0066,landmark,region,A landmark region is,"['<|endoftext|>', 'A', ' landmark', ' region', ' is']",2,3,accessibility,pythia-1b
landmark_region,10,1,0.4521,landmark,region,A landmark region is,"['<|endoftext|>', 'A', ' landmark', ' region', ' is']",2,3,accessibility,pythia-1b
landmark_region,10,2,0.008,landmark,region,A landmark region is,"['<|endoftext|>', 'A', ' landmark', ' region', ' is']",2,3,accessibility,pythia-1b
landmark_region,10,3,0.0295,landmark,region,A landmark region is,"['<|endoftext|>', 'A', ' landmark', ' region', ' is']",2,3,accessibility,pythia-1b
landmark_region,10,4,0.0013,landmark,region,A landmark region is,"['<|endoftext|>', 'A', ' landmark', ' region', ' is']",2,3,accessibility,pythia-1b
landmark_region,10,5,0.0002,landmark,region,A landmark region is,"['<|endoftext|>', 'A', ' landmark', ' region', ' is']",2,3,accessibility,pythia-1b
landmark_region,10,6,0.0003,landmark,region,A landmark region is,"['<|endoftext|>', 'A', ' landmark', ' region', ' is']",2,3,accessibility,pythia-1b
landmark_region,10,7,0.0236,landmark,region,A landmark region is,"['<|endoftext|>', 'A', ' landmark', ' region', ' is']",2,3,accessibility,pythia-1b
landmark_region,11,0,0.0844,landmark,region,A landmark region is,"['<|endoftext|>', 'A', ' landmark', ' region', ' is']",2,3,accessibility,pythia-1b
landmark_region,11,1,0.0147,landmark,region,A landmark region is,"['<|endoftext|>', 'A', ' landmark', ' region', ' is']",2,3,accessibility,pythia-1b
landmark_region,11,2,0.009,landmark,region,A landmark region is,"['<|endoftext|>', 'A', ' landmark', ' region', ' is']",2,3,accessibility,pythia-1b
landmark_region,11,3,0.0084,landmark,region,A landmark region is,"['<|endoftext|>', 'A', ' landmark', ' region', ' is']",2,3,accessibility,pythia-1b
landmark_region,11,4,0.0648,landmark,region,A landmark region is,"['<|endoftext|>', 'A', ' landmark', ' region', ' is']",2,3,accessibility,pythia-1b
landmark_region,11,5,0.0026,landmark,region,A landmark region is,"['<|endoftext|>', 'A', ' landmark', ' region', ' is']",2,3,accessibility,pythia-1b
landmark_region,11,6,0.0013,landmark,region,A landmark region is,"['<|endoftext|>', 'A', ' landmark', ' region', ' is']",2,3,accessibility,pythia-1b
landmark_region,11,7,0.0012,landmark,region,A landmark region is,"['<|endoftext|>', 'A', ' landmark', ' region', ' is']",2,3,accessibility,pythia-1b
landmark_region,12,0,0.0009,landmark,region,A landmark region is,"['<|endoftext|>', 'A', ' landmark', ' region', ' is']",2,3,accessibility,pythia-1b
landmark_region,12,1,0.0238,landmark,region,A landmark region is,"['<|endoftext|>', 'A', ' landmark', ' region', ' is']",2,3,accessibility,pythia-1b
landmark_region,12,2,0.0781,landmark,region,A landmark region is,"['<|endoftext|>', 'A', ' landmark', ' region', ' is']",2,3,accessibility,pythia-1b
landmark_region,12,3,0.0031,landmark,region,A landmark region is,"['<|endoftext|>', 'A', ' landmark', ' region', ' is']",2,3,accessibility,pythia-1b
landmark_region,12,4,0.0321,landmark,region,A landmark region is,"['<|endoftext|>', 'A', ' landmark', ' region', ' is']",2,3,accessibility,pythia-1b
landmark_region,12,5,0.0419,landmark,region,A landmark region is,"['<|endoftext|>', 'A', ' landmark', ' region', ' is']",2,3,accessibility,pythia-1b
landmark_region,12,6,0.0004,landmark,region,A landmark region is,"['<|endoftext|>', 'A', ' landmark', ' region', ' is']",2,3,accessibility,pythia-1b
landmark_region,12,7,0.0145,landmark,region,A landmark region is,"['<|endoftext|>', 'A', ' landmark', ' region', ' is']",2,3,accessibility,pythia-1b
landmark_region,13,0,0.0548,landmark,region,A landmark region is,"['<|endoftext|>', 'A', ' landmark', ' region', ' is']",2,3,accessibility,pythia-1b
landmark_region,13,1,0.0208,landmark,region,A landmark region is,"['<|endoftext|>', 'A', ' landmark', ' region', ' is']",2,3,accessibility,pythia-1b
landmark_region,13,2,0.0023,landmark,region,A landmark region is,"['<|endoftext|>', 'A', ' landmark', ' region', ' is']",2,3,accessibility,pythia-1b
landmark_region,13,3,0.0086,landmark,region,A landmark region is,"['<|endoftext|>', 'A', ' landmark', ' region', ' is']",2,3,accessibility,pythia-1b
landmark_region,13,4,0.2467,landmark,region,A landmark region is,"['<|endoftext|>', 'A', ' landmark', ' region', ' is']",2,3,accessibility,pythia-1b
landmark_region,13,5,0.0036,landmark,region,A landmark region is,"['<|endoftext|>', 'A', ' landmark', ' region', ' is']",2,3,accessibility,pythia-1b
landmark_region,13,6,0.0008,landmark,region,A landmark region is,"['<|endoftext|>', 'A', ' landmark', ' region', ' is']",2,3,accessibility,pythia-1b
landmark_region,13,7,0.0453,landmark,region,A landmark region is,"['<|endoftext|>', 'A', ' landmark', ' region', ' is']",2,3,accessibility,pythia-1b
landmark_region,14,0,0.091,landmark,region,A landmark region is,"['<|endoftext|>', 'A', ' landmark', ' region', ' is']",2,3,accessibility,pythia-1b
landmark_region,14,1,0.0593,landmark,region,A landmark region is,"['<|endoftext|>', 'A', ' landmark', ' region', ' is']",2,3,accessibility,pythia-1b
landmark_region,14,2,0.0348,landmark,region,A landmark region is,"['<|endoftext|>', 'A', ' landmark', ' region', ' is']",2,3,accessibility,pythia-1b
landmark_region,14,3,0.1024,landmark,region,A landmark region is,"['<|endoftext|>', 'A', ' landmark', ' region', ' is']",2,3,accessibility,pythia-1b
landmark_region,14,4,0.0951,landmark,region,A landmark region is,"['<|endoftext|>', 'A', ' landmark', ' region', ' is']",2,3,accessibility,pythia-1b
landmark_region,14,5,0.3557,landmark,region,A landmark region is,"['<|endoftext|>', 'A', ' landmark', ' region', ' is']",2,3,accessibility,pythia-1b
landmark_region,14,6,0.0047,landmark,region,A landmark region is,"['<|endoftext|>', 'A', ' landmark', ' region', ' is']",2,3,accessibility,pythia-1b
landmark_region,14,7,0.0173,landmark,region,A landmark region is,"['<|endoftext|>', 'A', ' landmark', ' region', ' is']",2,3,accessibility,pythia-1b
landmark_region,15,0,0.0903,landmark,region,A landmark region is,"['<|endoftext|>', 'A', ' landmark', ' region', ' is']",2,3,accessibility,pythia-1b
landmark_region,15,1,0.0055,landmark,region,A landmark region is,"['<|endoftext|>', 'A', ' landmark', ' region', ' is']",2,3,accessibility,pythia-1b
landmark_region,15,2,0.0973,landmark,region,A landmark region is,"['<|endoftext|>', 'A', ' landmark', ' region', ' is']",2,3,accessibility,pythia-1b
landmark_region,15,3,0.0111,landmark,region,A landmark region is,"['<|endoftext|>', 'A', ' landmark', ' region', ' is']",2,3,accessibility,pythia-1b
landmark_region,15,4,0.02,landmark,region,A landmark region is,"['<|endoftext|>', 'A', ' landmark', ' region', ' is']",2,3,accessibility,pythia-1b
landmark_region,15,5,0.1277,landmark,region,A landmark region is,"['<|endoftext|>', 'A', ' landmark', ' region', ' is']",2,3,accessibility,pythia-1b
landmark_region,15,6,0.0113,landmark,region,A landmark region is,"['<|endoftext|>', 'A', ' landmark', ' region', ' is']",2,3,accessibility,pythia-1b
landmark_region,15,7,0.0642,landmark,region,A landmark region is,"['<|endoftext|>', 'A', ' landmark', ' region', ' is']",2,3,accessibility,pythia-1b
low_vision,0,0,0.2205,low,vision,Low vision is,"['<|endoftext|>', 'Low', ' vision', ' is']",1,2,accessibility,pythia-1b
low_vision,0,1,0.3328,low,vision,Low vision is,"['<|endoftext|>', 'Low', ' vision', ' is']",1,2,accessibility,pythia-1b
low_vision,0,2,0.0,low,vision,Low vision is,"['<|endoftext|>', 'Low', ' vision', ' is']",1,2,accessibility,pythia-1b
low_vision,0,3,0.8804,low,vision,Low vision is,"['<|endoftext|>', 'Low', ' vision', ' is']",1,2,accessibility,pythia-1b
low_vision,0,4,0.0248,low,vision,Low vision is,"['<|endoftext|>', 'Low', ' vision', ' is']",1,2,accessibility,pythia-1b
low_vision,0,5,0.4993,low,vision,Low vision is,"['<|endoftext|>', 'Low', ' vision', ' is']",1,2,accessibility,pythia-1b
low_vision,0,6,0.0254,low,vision,Low vision is,"['<|endoftext|>', 'Low', ' vision', ' is']",1,2,accessibility,pythia-1b
low_vision,0,7,0.018,low,vision,Low vision is,"['<|endoftext|>', 'Low', ' vision', ' is']",1,2,accessibility,pythia-1b
low_vision,1,0,0.868,low,vision,Low vision is,"['<|endoftext|>', 'Low', ' vision', ' is']",1,2,accessibility,pythia-1b
low_vision,1,1,0.1542,low,vision,Low vision is,"['<|endoftext|>', 'Low', ' vision', ' is']",1,2,accessibility,pythia-1b
low_vision,1,2,0.127,low,vision,Low vision is,"['<|endoftext|>', 'Low', ' vision', ' is']",1,2,accessibility,pythia-1b
low_vision,1,3,0.6091,low,vision,Low vision is,"['<|endoftext|>', 'Low', ' vision', ' is']",1,2,accessibility,pythia-1b
low_vision,1,4,0.865,low,vision,Low vision is,"['<|endoftext|>', 'Low', ' vision', ' is']",1,2,accessibility,pythia-1b
low_vision,1,5,0.6643,low,vision,Low vision is,"['<|endoftext|>', 'Low', ' vision', ' is']",1,2,accessibility,pythia-1b
low_vision,1,6,0.3346,low,vision,Low vision is,"['<|endoftext|>', 'Low', ' vision', ' is']",1,2,accessibility,pythia-1b
low_vision,1,7,0.0015,low,vision,Low vision is,"['<|endoftext|>', 'Low', ' vision', ' is']",1,2,accessibility,pythia-1b
low_vision,2,0,0.3442,low,vision,Low vision is,"['<|endoftext|>', 'Low', ' vision', ' is']",1,2,accessibility,pythia-1b
low_vision,2,1,0.3621,low,vision,Low vision is,"['<|endoftext|>', 'Low', ' vision', ' is']",1,2,accessibility,pythia-1b
low_vision,2,2,0.7937,low,vision,Low vision is,"['<|endoftext|>', 'Low', ' vision', ' is']",1,2,accessibility,pythia-1b
low_vision,2,3,0.1211,low,vision,Low vision is,"['<|endoftext|>', 'Low', ' vision', ' is']",1,2,accessibility,pythia-1b
low_vision,2,4,0.113,low,vision,Low vision is,"['<|endoftext|>', 'Low', ' vision', ' is']",1,2,accessibility,pythia-1b
low_vision,2,5,0.1288,low,vision,Low vision is,"['<|endoftext|>', 'Low', ' vision', ' is']",1,2,accessibility,pythia-1b
low_vision,2,6,0.4707,low,vision,Low vision is,"['<|endoftext|>', 'Low', ' vision', ' is']",1,2,accessibility,pythia-1b
low_vision,2,7,0.0893,low,vision,Low vision is,"['<|endoftext|>', 'Low', ' vision', ' is']",1,2,accessibility,pythia-1b
low_vision,3,0,0.3154,low,vision,Low vision is,"['<|endoftext|>', 'Low', ' vision', ' is']",1,2,accessibility,pythia-1b
low_vision,3,1,0.2574,low,vision,Low vision is,"['<|endoftext|>', 'Low', ' vision', ' is']",1,2,accessibility,pythia-1b
low_vision,3,2,0.2028,low,vision,Low vision is,"['<|endoftext|>', 'Low', ' vision', ' is']",1,2,accessibility,pythia-1b
low_vision,3,3,0.1144,low,vision,Low vision is,"['<|endoftext|>', 'Low', ' vision', ' is']",1,2,accessibility,pythia-1b
low_vision,3,4,0.0707,low,vision,Low vision is,"['<|endoftext|>', 'Low', ' vision', ' is']",1,2,accessibility,pythia-1b
low_vision,3,5,0.9999,low,vision,Low vision is,"['<|endoftext|>', 'Low', ' vision', ' is']",1,2,accessibility,pythia-1b
low_vision,3,6,0.6803,low,vision,Low vision is,"['<|endoftext|>', 'Low', ' vision', ' is']",1,2,accessibility,pythia-1b
low_vision,3,7,0.7629,low,vision,Low vision is,"['<|endoftext|>', 'Low', ' vision', ' is']",1,2,accessibility,pythia-1b
low_vision,4,0,0.0181,low,vision,Low vision is,"['<|endoftext|>', 'Low', ' vision', ' is']",1,2,accessibility,pythia-1b
low_vision,4,1,0.0549,low,vision,Low vision is,"['<|endoftext|>', 'Low', ' vision', ' is']",1,2,accessibility,pythia-1b
low_vision,4,2,0.0168,low,vision,Low vision is,"['<|endoftext|>', 'Low', ' vision', ' is']",1,2,accessibility,pythia-1b
low_vision,4,3,0.0031,low,vision,Low vision is,"['<|endoftext|>', 'Low', ' vision', ' is']",1,2,accessibility,pythia-1b
low_vision,4,4,0.0001,low,vision,Low vision is,"['<|endoftext|>', 'Low', ' vision', ' is']",1,2,accessibility,pythia-1b
low_vision,4,5,0.0008,low,vision,Low vision is,"['<|endoftext|>', 'Low', ' vision', ' is']",1,2,accessibility,pythia-1b
low_vision,4,6,0.0429,low,vision,Low vision is,"['<|endoftext|>', 'Low', ' vision', ' is']",1,2,accessibility,pythia-1b
low_vision,4,7,0.1966,low,vision,Low vision is,"['<|endoftext|>', 'Low', ' vision', ' is']",1,2,accessibility,pythia-1b
low_vision,5,0,0.0594,low,vision,Low vision is,"['<|endoftext|>', 'Low', ' vision', ' is']",1,2,accessibility,pythia-1b
low_vision,5,1,0.0,low,vision,Low vision is,"['<|endoftext|>', 'Low', ' vision', ' is']",1,2,accessibility,pythia-1b
low_vision,5,2,0.0064,low,vision,Low vision is,"['<|endoftext|>', 'Low', ' vision', ' is']",1,2,accessibility,pythia-1b
low_vision,5,3,0.207,low,vision,Low vision is,"['<|endoftext|>', 'Low', ' vision', ' is']",1,2,accessibility,pythia-1b
low_vision,5,4,0.0048,low,vision,Low vision is,"['<|endoftext|>', 'Low', ' vision', ' is']",1,2,accessibility,pythia-1b
low_vision,5,5,0.2573,low,vision,Low vision is,"['<|endoftext|>', 'Low', ' vision', ' is']",1,2,accessibility,pythia-1b
low_vision,5,6,0.0028,low,vision,Low vision is,"['<|endoftext|>', 'Low', ' vision', ' is']",1,2,accessibility,pythia-1b
low_vision,5,7,0.0006,low,vision,Low vision is,"['<|endoftext|>', 'Low', ' vision', ' is']",1,2,accessibility,pythia-1b
low_vision,6,0,0.0211,low,vision,Low vision is,"['<|endoftext|>', 'Low', ' vision', ' is']",1,2,accessibility,pythia-1b
low_vision,6,1,0.0249,low,vision,Low vision is,"['<|endoftext|>', 'Low', ' vision', ' is']",1,2,accessibility,pythia-1b
low_vision,6,2,0.0328,low,vision,Low vision is,"['<|endoftext|>', 'Low', ' vision', ' is']",1,2,accessibility,pythia-1b
low_vision,6,3,0.7865,low,vision,Low vision is,"['<|endoftext|>', 'Low', ' vision', ' is']",1,2,accessibility,pythia-1b
low_vision,6,4,0.0129,low,vision,Low vision is,"['<|endoftext|>', 'Low', ' vision', ' is']",1,2,accessibility,pythia-1b
low_vision,6,5,0.0325,low,vision,Low vision is,"['<|endoftext|>', 'Low', ' vision', ' is']",1,2,accessibility,pythia-1b
low_vision,6,6,0.0058,low,vision,Low vision is,"['<|endoftext|>', 'Low', ' vision', ' is']",1,2,accessibility,pythia-1b
low_vision,6,7,0.0004,low,vision,Low vision is,"['<|endoftext|>', 'Low', ' vision', ' is']",1,2,accessibility,pythia-1b
low_vision,7,0,0.0031,low,vision,Low vision is,"['<|endoftext|>', 'Low', ' vision', ' is']",1,2,accessibility,pythia-1b
low_vision,7,1,0.0004,low,vision,Low vision is,"['<|endoftext|>', 'Low', ' vision', ' is']",1,2,accessibility,pythia-1b
low_vision,7,2,0.0149,low,vision,Low vision is,"['<|endoftext|>', 'Low', ' vision', ' is']",1,2,accessibility,pythia-1b
low_vision,7,3,0.0045,low,vision,Low vision is,"['<|endoftext|>', 'Low', ' vision', ' is']",1,2,accessibility,pythia-1b
low_vision,7,4,0.0705,low,vision,Low vision is,"['<|endoftext|>', 'Low', ' vision', ' is']",1,2,accessibility,pythia-1b
low_vision,7,5,0.0359,low,vision,Low vision is,"['<|endoftext|>', 'Low', ' vision', ' is']",1,2,accessibility,pythia-1b
low_vision,7,6,0.1713,low,vision,Low vision is,"['<|endoftext|>', 'Low', ' vision', ' is']",1,2,accessibility,pythia-1b
low_vision,7,7,0.0135,low,vision,Low vision is,"['<|endoftext|>', 'Low', ' vision', ' is']",1,2,accessibility,pythia-1b
low_vision,8,0,0.0032,low,vision,Low vision is,"['<|endoftext|>', 'Low', ' vision', ' is']",1,2,accessibility,pythia-1b
low_vision,8,1,0.0297,low,vision,Low vision is,"['<|endoftext|>', 'Low', ' vision', ' is']",1,2,accessibility,pythia-1b
low_vision,8,2,0.0109,low,vision,Low vision is,"['<|endoftext|>', 'Low', ' vision', ' is']",1,2,accessibility,pythia-1b
low_vision,8,3,0.0221,low,vision,Low vision is,"['<|endoftext|>', 'Low', ' vision', ' is']",1,2,accessibility,pythia-1b
low_vision,8,4,0.0045,low,vision,Low vision is,"['<|endoftext|>', 'Low', ' vision', ' is']",1,2,accessibility,pythia-1b
low_vision,8,5,0.0013,low,vision,Low vision is,"['<|endoftext|>', 'Low', ' vision', ' is']",1,2,accessibility,pythia-1b
low_vision,8,6,0.0022,low,vision,Low vision is,"['<|endoftext|>', 'Low', ' vision', ' is']",1,2,accessibility,pythia-1b
low_vision,8,7,0.0454,low,vision,Low vision is,"['<|endoftext|>', 'Low', ' vision', ' is']",1,2,accessibility,pythia-1b
low_vision,9,0,0.0511,low,vision,Low vision is,"['<|endoftext|>', 'Low', ' vision', ' is']",1,2,accessibility,pythia-1b
low_vision,9,1,0.0024,low,vision,Low vision is,"['<|endoftext|>', 'Low', ' vision', ' is']",1,2,accessibility,pythia-1b
low_vision,9,2,0.0828,low,vision,Low vision is,"['<|endoftext|>', 'Low', ' vision', ' is']",1,2,accessibility,pythia-1b
low_vision,9,3,0.0374,low,vision,Low vision is,"['<|endoftext|>', 'Low', ' vision', ' is']",1,2,accessibility,pythia-1b
low_vision,9,4,0.0047,low,vision,Low vision is,"['<|endoftext|>', 'Low', ' vision', ' is']",1,2,accessibility,pythia-1b
low_vision,9,5,0.0228,low,vision,Low vision is,"['<|endoftext|>', 'Low', ' vision', ' is']",1,2,accessibility,pythia-1b
low_vision,9,6,0.0699,low,vision,Low vision is,"['<|endoftext|>', 'Low', ' vision', ' is']",1,2,accessibility,pythia-1b
low_vision,9,7,0.0282,low,vision,Low vision is,"['<|endoftext|>', 'Low', ' vision', ' is']",1,2,accessibility,pythia-1b
low_vision,10,0,0.0073,low,vision,Low vision is,"['<|endoftext|>', 'Low', ' vision', ' is']",1,2,accessibility,pythia-1b
low_vision,10,1,0.0676,low,vision,Low vision is,"['<|endoftext|>', 'Low', ' vision', ' is']",1,2,accessibility,pythia-1b
low_vision,10,2,0.0091,low,vision,Low vision is,"['<|endoftext|>', 'Low', ' vision', ' is']",1,2,accessibility,pythia-1b
low_vision,10,3,0.0359,low,vision,Low vision is,"['<|endoftext|>', 'Low', ' vision', ' is']",1,2,accessibility,pythia-1b
low_vision,10,4,0.0024,low,vision,Low vision is,"['<|endoftext|>', 'Low', ' vision', ' is']",1,2,accessibility,pythia-1b
low_vision,10,5,0.0003,low,vision,Low vision is,"['<|endoftext|>', 'Low', ' vision', ' is']",1,2,accessibility,pythia-1b
low_vision,10,6,0.0004,low,vision,Low vision is,"['<|endoftext|>', 'Low', ' vision', ' is']",1,2,accessibility,pythia-1b
low_vision,10,7,0.0257,low,vision,Low vision is,"['<|endoftext|>', 'Low', ' vision', ' is']",1,2,accessibility,pythia-1b
low_vision,11,0,0.0502,low,vision,Low vision is,"['<|endoftext|>', 'Low', ' vision', ' is']",1,2,accessibility,pythia-1b
low_vision,11,1,0.008,low,vision,Low vision is,"['<|endoftext|>', 'Low', ' vision', ' is']",1,2,accessibility,pythia-1b
low_vision,11,2,0.0028,low,vision,Low vision is,"['<|endoftext|>', 'Low', ' vision', ' is']",1,2,accessibility,pythia-1b
low_vision,11,3,0.007,low,vision,Low vision is,"['<|endoftext|>', 'Low', ' vision', ' is']",1,2,accessibility,pythia-1b
low_vision,11,4,0.0091,low,vision,Low vision is,"['<|endoftext|>', 'Low', ' vision', ' is']",1,2,accessibility,pythia-1b
low_vision,11,5,0.0011,low,vision,Low vision is,"['<|endoftext|>', 'Low', ' vision', ' is']",1,2,accessibility,pythia-1b
low_vision,11,6,0.0004,low,vision,Low vision is,"['<|endoftext|>', 'Low', ' vision', ' is']",1,2,accessibility,pythia-1b
low_vision,11,7,0.0004,low,vision,Low vision is,"['<|endoftext|>', 'Low', ' vision', ' is']",1,2,accessibility,pythia-1b
low_vision,12,0,0.0072,low,vision,Low vision is,"['<|endoftext|>', 'Low', ' vision', ' is']",1,2,accessibility,pythia-1b
low_vision,12,1,0.0326,low,vision,Low vision is,"['<|endoftext|>', 'Low', ' vision', ' is']",1,2,accessibility,pythia-1b
low_vision,12,2,0.0106,low,vision,Low vision is,"['<|endoftext|>', 'Low', ' vision', ' is']",1,2,accessibility,pythia-1b
low_vision,12,3,0.0076,low,vision,Low vision is,"['<|endoftext|>', 'Low', ' vision', ' is']",1,2,accessibility,pythia-1b
low_vision,12,4,0.0094,low,vision,Low vision is,"['<|endoftext|>', 'Low', ' vision', ' is']",1,2,accessibility,pythia-1b
low_vision,12,5,0.038,low,vision,Low vision is,"['<|endoftext|>', 'Low', ' vision', ' is']",1,2,accessibility,pythia-1b
low_vision,12,6,0.001,low,vision,Low vision is,"['<|endoftext|>', 'Low', ' vision', ' is']",1,2,accessibility,pythia-1b
low_vision,12,7,0.0483,low,vision,Low vision is,"['<|endoftext|>', 'Low', ' vision', ' is']",1,2,accessibility,pythia-1b
low_vision,13,0,0.0892,low,vision,Low vision is,"['<|endoftext|>', 'Low', ' vision', ' is']",1,2,accessibility,pythia-1b
low_vision,13,1,0.0129,low,vision,Low vision is,"['<|endoftext|>', 'Low', ' vision', ' is']",1,2,accessibility,pythia-1b
low_vision,13,2,0.0028,low,vision,Low vision is,"['<|endoftext|>', 'Low', ' vision', ' is']",1,2,accessibility,pythia-1b
low_vision,13,3,0.0134,low,vision,Low vision is,"['<|endoftext|>', 'Low', ' vision', ' is']",1,2,accessibility,pythia-1b
low_vision,13,4,0.0749,low,vision,Low vision is,"['<|endoftext|>', 'Low', ' vision', ' is']",1,2,accessibility,pythia-1b
low_vision,13,5,0.0196,low,vision,Low vision is,"['<|endoftext|>', 'Low', ' vision', ' is']",1,2,accessibility,pythia-1b
low_vision,13,6,0.0031,low,vision,Low vision is,"['<|endoftext|>', 'Low', ' vision', ' is']",1,2,accessibility,pythia-1b
low_vision,13,7,0.0148,low,vision,Low vision is,"['<|endoftext|>', 'Low', ' vision', ' is']",1,2,accessibility,pythia-1b
low_vision,14,0,0.0268,low,vision,Low vision is,"['<|endoftext|>', 'Low', ' vision', ' is']",1,2,accessibility,pythia-1b
low_vision,14,1,0.0132,low,vision,Low vision is,"['<|endoftext|>', 'Low', ' vision', ' is']",1,2,accessibility,pythia-1b
low_vision,14,2,0.006,low,vision,Low vision is,"['<|endoftext|>', 'Low', ' vision', ' is']",1,2,accessibility,pythia-1b
low_vision,14,3,0.047,low,vision,Low vision is,"['<|endoftext|>', 'Low', ' vision', ' is']",1,2,accessibility,pythia-1b
low_vision,14,4,0.02,low,vision,Low vision is,"['<|endoftext|>', 'Low', ' vision', ' is']",1,2,accessibility,pythia-1b
low_vision,14,5,0.0434,low,vision,Low vision is,"['<|endoftext|>', 'Low', ' vision', ' is']",1,2,accessibility,pythia-1b
low_vision,14,6,0.0085,low,vision,Low vision is,"['<|endoftext|>', 'Low', ' vision', ' is']",1,2,accessibility,pythia-1b
low_vision,14,7,0.0175,low,vision,Low vision is,"['<|endoftext|>', 'Low', ' vision', ' is']",1,2,accessibility,pythia-1b
low_vision,15,0,0.007,low,vision,Low vision is,"['<|endoftext|>', 'Low', ' vision', ' is']",1,2,accessibility,pythia-1b
low_vision,15,1,0.0078,low,vision,Low vision is,"['<|endoftext|>', 'Low', ' vision', ' is']",1,2,accessibility,pythia-1b
low_vision,15,2,0.0242,low,vision,Low vision is,"['<|endoftext|>', 'Low', ' vision', ' is']",1,2,accessibility,pythia-1b
low_vision,15,3,0.0075,low,vision,Low vision is,"['<|endoftext|>', 'Low', ' vision', ' is']",1,2,accessibility,pythia-1b
low_vision,15,4,0.0112,low,vision,Low vision is,"['<|endoftext|>', 'Low', ' vision', ' is']",1,2,accessibility,pythia-1b
low_vision,15,5,0.0344,low,vision,Low vision is,"['<|endoftext|>', 'Low', ' vision', ' is']",1,2,accessibility,pythia-1b
low_vision,15,6,0.0032,low,vision,Low vision is,"['<|endoftext|>', 'Low', ' vision', ' is']",1,2,accessibility,pythia-1b
low_vision,15,7,0.0127,low,vision,Low vision is,"['<|endoftext|>', 'Low', ' vision', ' is']",1,2,accessibility,pythia-1b
cognitive_disabilities,0,0,0.1552,cognitive,disabilities,Cognitive disabilities are,"['<|endoftext|>', 'C', 'ognitive', ' disabilities', ' are']",2,3,accessibility,pythia-1b
cognitive_disabilities,0,1,0.3956,cognitive,disabilities,Cognitive disabilities are,"['<|endoftext|>', 'C', 'ognitive', ' disabilities', ' are']",2,3,accessibility,pythia-1b
cognitive_disabilities,0,2,0.0,cognitive,disabilities,Cognitive disabilities are,"['<|endoftext|>', 'C', 'ognitive', ' disabilities', ' are']",2,3,accessibility,pythia-1b
cognitive_disabilities,0,3,0.7447,cognitive,disabilities,Cognitive disabilities are,"['<|endoftext|>', 'C', 'ognitive', ' disabilities', ' are']",2,3,accessibility,pythia-1b
cognitive_disabilities,0,4,0.0797,cognitive,disabilities,Cognitive disabilities are,"['<|endoftext|>', 'C', 'ognitive', ' disabilities', ' are']",2,3,accessibility,pythia-1b
cognitive_disabilities,0,5,0.6432,cognitive,disabilities,Cognitive disabilities are,"['<|endoftext|>', 'C', 'ognitive', ' disabilities', ' are']",2,3,accessibility,pythia-1b
cognitive_disabilities,0,6,0.0309,cognitive,disabilities,Cognitive disabilities are,"['<|endoftext|>', 'C', 'ognitive', ' disabilities', ' are']",2,3,accessibility,pythia-1b
cognitive_disabilities,0,7,0.4145,cognitive,disabilities,Cognitive disabilities are,"['<|endoftext|>', 'C', 'ognitive', ' disabilities', ' are']",2,3,accessibility,pythia-1b
cognitive_disabilities,1,0,0.5484,cognitive,disabilities,Cognitive disabilities are,"['<|endoftext|>', 'C', 'ognitive', ' disabilities', ' are']",2,3,accessibility,pythia-1b
cognitive_disabilities,1,1,0.0473,cognitive,disabilities,Cognitive disabilities are,"['<|endoftext|>', 'C', 'ognitive', ' disabilities', ' are']",2,3,accessibility,pythia-1b
cognitive_disabilities,1,2,0.2381,cognitive,disabilities,Cognitive disabilities are,"['<|endoftext|>', 'C', 'ognitive', ' disabilities', ' are']",2,3,accessibility,pythia-1b
cognitive_disabilities,1,3,0.3303,cognitive,disabilities,Cognitive disabilities are,"['<|endoftext|>', 'C', 'ognitive', ' disabilities', ' are']",2,3,accessibility,pythia-1b
cognitive_disabilities,1,4,0.6838,cognitive,disabilities,Cognitive disabilities are,"['<|endoftext|>', 'C', 'ognitive', ' disabilities', ' are']",2,3,accessibility,pythia-1b
cognitive_disabilities,1,5,0.1378,cognitive,disabilities,Cognitive disabilities are,"['<|endoftext|>', 'C', 'ognitive', ' disabilities', ' are']",2,3,accessibility,pythia-1b
cognitive_disabilities,1,6,0.2011,cognitive,disabilities,Cognitive disabilities are,"['<|endoftext|>', 'C', 'ognitive', ' disabilities', ' are']",2,3,accessibility,pythia-1b
cognitive_disabilities,1,7,0.001,cognitive,disabilities,Cognitive disabilities are,"['<|endoftext|>', 'C', 'ognitive', ' disabilities', ' are']",2,3,accessibility,pythia-1b
cognitive_disabilities,2,0,0.6899,cognitive,disabilities,Cognitive disabilities are,"['<|endoftext|>', 'C', 'ognitive', ' disabilities', ' are']",2,3,accessibility,pythia-1b
cognitive_disabilities,2,1,0.1624,cognitive,disabilities,Cognitive disabilities are,"['<|endoftext|>', 'C', 'ognitive', ' disabilities', ' are']",2,3,accessibility,pythia-1b
cognitive_disabilities,2,2,0.1466,cognitive,disabilities,Cognitive disabilities are,"['<|endoftext|>', 'C', 'ognitive', ' disabilities', ' are']",2,3,accessibility,pythia-1b
cognitive_disabilities,2,3,0.2918,cognitive,disabilities,Cognitive disabilities are,"['<|endoftext|>', 'C', 'ognitive', ' disabilities', ' are']",2,3,accessibility,pythia-1b
cognitive_disabilities,2,4,0.1397,cognitive,disabilities,Cognitive disabilities are,"['<|endoftext|>', 'C', 'ognitive', ' disabilities', ' are']",2,3,accessibility,pythia-1b
cognitive_disabilities,2,5,0.0894,cognitive,disabilities,Cognitive disabilities are,"['<|endoftext|>', 'C', 'ognitive', ' disabilities', ' are']",2,3,accessibility,pythia-1b
cognitive_disabilities,2,6,0.249,cognitive,disabilities,Cognitive disabilities are,"['<|endoftext|>', 'C', 'ognitive', ' disabilities', ' are']",2,3,accessibility,pythia-1b
cognitive_disabilities,2,7,0.0757,cognitive,disabilities,Cognitive disabilities are,"['<|endoftext|>', 'C', 'ognitive', ' disabilities', ' are']",2,3,accessibility,pythia-1b
cognitive_disabilities,3,0,0.0334,cognitive,disabilities,Cognitive disabilities are,"['<|endoftext|>', 'C', 'ognitive', ' disabilities', ' are']",2,3,accessibility,pythia-1b
cognitive_disabilities,3,1,0.0197,cognitive,disabilities,Cognitive disabilities are,"['<|endoftext|>', 'C', 'ognitive', ' disabilities', ' are']",2,3,accessibility,pythia-1b
cognitive_disabilities,3,2,0.0756,cognitive,disabilities,Cognitive disabilities are,"['<|endoftext|>', 'C', 'ognitive', ' disabilities', ' are']",2,3,accessibility,pythia-1b
cognitive_disabilities,3,3,0.1698,cognitive,disabilities,Cognitive disabilities are,"['<|endoftext|>', 'C', 'ognitive', ' disabilities', ' are']",2,3,accessibility,pythia-1b
cognitive_disabilities,3,4,0.0142,cognitive,disabilities,Cognitive disabilities are,"['<|endoftext|>', 'C', 'ognitive', ' disabilities', ' are']",2,3,accessibility,pythia-1b
cognitive_disabilities,3,5,0.9984,cognitive,disabilities,Cognitive disabilities are,"['<|endoftext|>', 'C', 'ognitive', ' disabilities', ' are']",2,3,accessibility,pythia-1b
cognitive_disabilities,3,6,0.6068,cognitive,disabilities,Cognitive disabilities are,"['<|endoftext|>', 'C', 'ognitive', ' disabilities', ' are']",2,3,accessibility,pythia-1b
cognitive_disabilities,3,7,0.1618,cognitive,disabilities,Cognitive disabilities are,"['<|endoftext|>', 'C', 'ognitive', ' disabilities', ' are']",2,3,accessibility,pythia-1b
cognitive_disabilities,4,0,0.2055,cognitive,disabilities,Cognitive disabilities are,"['<|endoftext|>', 'C', 'ognitive', ' disabilities', ' are']",2,3,accessibility,pythia-1b
cognitive_disabilities,4,1,0.0237,cognitive,disabilities,Cognitive disabilities are,"['<|endoftext|>', 'C', 'ognitive', ' disabilities', ' are']",2,3,accessibility,pythia-1b
cognitive_disabilities,4,2,0.0165,cognitive,disabilities,Cognitive disabilities are,"['<|endoftext|>', 'C', 'ognitive', ' disabilities', ' are']",2,3,accessibility,pythia-1b
cognitive_disabilities,4,3,0.0905,cognitive,disabilities,Cognitive disabilities are,"['<|endoftext|>', 'C', 'ognitive', ' disabilities', ' are']",2,3,accessibility,pythia-1b
cognitive_disabilities,4,4,0.0001,cognitive,disabilities,Cognitive disabilities are,"['<|endoftext|>', 'C', 'ognitive', ' disabilities', ' are']",2,3,accessibility,pythia-1b
cognitive_disabilities,4,5,0.0012,cognitive,disabilities,Cognitive disabilities are,"['<|endoftext|>', 'C', 'ognitive', ' disabilities', ' are']",2,3,accessibility,pythia-1b
cognitive_disabilities,4,6,0.0069,cognitive,disabilities,Cognitive disabilities are,"['<|endoftext|>', 'C', 'ognitive', ' disabilities', ' are']",2,3,accessibility,pythia-1b
cognitive_disabilities,4,7,0.0257,cognitive,disabilities,Cognitive disabilities are,"['<|endoftext|>', 'C', 'ognitive', ' disabilities', ' are']",2,3,accessibility,pythia-1b
cognitive_disabilities,5,0,0.0478,cognitive,disabilities,Cognitive disabilities are,"['<|endoftext|>', 'C', 'ognitive', ' disabilities', ' are']",2,3,accessibility,pythia-1b
cognitive_disabilities,5,1,0.0019,cognitive,disabilities,Cognitive disabilities are,"['<|endoftext|>', 'C', 'ognitive', ' disabilities', ' are']",2,3,accessibility,pythia-1b
cognitive_disabilities,5,2,0.0097,cognitive,disabilities,Cognitive disabilities are,"['<|endoftext|>', 'C', 'ognitive', ' disabilities', ' are']",2,3,accessibility,pythia-1b
cognitive_disabilities,5,3,0.2222,cognitive,disabilities,Cognitive disabilities are,"['<|endoftext|>', 'C', 'ognitive', ' disabilities', ' are']",2,3,accessibility,pythia-1b
cognitive_disabilities,5,4,0.0123,cognitive,disabilities,Cognitive disabilities are,"['<|endoftext|>', 'C', 'ognitive', ' disabilities', ' are']",2,3,accessibility,pythia-1b
cognitive_disabilities,5,5,0.2092,cognitive,disabilities,Cognitive disabilities are,"['<|endoftext|>', 'C', 'ognitive', ' disabilities', ' are']",2,3,accessibility,pythia-1b
cognitive_disabilities,5,6,0.0009,cognitive,disabilities,Cognitive disabilities are,"['<|endoftext|>', 'C', 'ognitive', ' disabilities', ' are']",2,3,accessibility,pythia-1b
cognitive_disabilities,5,7,0.0012,cognitive,disabilities,Cognitive disabilities are,"['<|endoftext|>', 'C', 'ognitive', ' disabilities', ' are']",2,3,accessibility,pythia-1b
cognitive_disabilities,6,0,0.0203,cognitive,disabilities,Cognitive disabilities are,"['<|endoftext|>', 'C', 'ognitive', ' disabilities', ' are']",2,3,accessibility,pythia-1b
cognitive_disabilities,6,1,0.0099,cognitive,disabilities,Cognitive disabilities are,"['<|endoftext|>', 'C', 'ognitive', ' disabilities', ' are']",2,3,accessibility,pythia-1b
cognitive_disabilities,6,2,0.0794,cognitive,disabilities,Cognitive disabilities are,"['<|endoftext|>', 'C', 'ognitive', ' disabilities', ' are']",2,3,accessibility,pythia-1b
cognitive_disabilities,6,3,0.7901,cognitive,disabilities,Cognitive disabilities are,"['<|endoftext|>', 'C', 'ognitive', ' disabilities', ' are']",2,3,accessibility,pythia-1b
cognitive_disabilities,6,4,0.3365,cognitive,disabilities,Cognitive disabilities are,"['<|endoftext|>', 'C', 'ognitive', ' disabilities', ' are']",2,3,accessibility,pythia-1b
cognitive_disabilities,6,5,0.0991,cognitive,disabilities,Cognitive disabilities are,"['<|endoftext|>', 'C', 'ognitive', ' disabilities', ' are']",2,3,accessibility,pythia-1b
cognitive_disabilities,6,6,0.0203,cognitive,disabilities,Cognitive disabilities are,"['<|endoftext|>', 'C', 'ognitive', ' disabilities', ' are']",2,3,accessibility,pythia-1b
cognitive_disabilities,6,7,0.0138,cognitive,disabilities,Cognitive disabilities are,"['<|endoftext|>', 'C', 'ognitive', ' disabilities', ' are']",2,3,accessibility,pythia-1b
cognitive_disabilities,7,0,0.0011,cognitive,disabilities,Cognitive disabilities are,"['<|endoftext|>', 'C', 'ognitive', ' disabilities', ' are']",2,3,accessibility,pythia-1b
cognitive_disabilities,7,1,0.0004,cognitive,disabilities,Cognitive disabilities are,"['<|endoftext|>', 'C', 'ognitive', ' disabilities', ' are']",2,3,accessibility,pythia-1b
cognitive_disabilities,7,2,0.0031,cognitive,disabilities,Cognitive disabilities are,"['<|endoftext|>', 'C', 'ognitive', ' disabilities', ' are']",2,3,accessibility,pythia-1b
cognitive_disabilities,7,3,0.0159,cognitive,disabilities,Cognitive disabilities are,"['<|endoftext|>', 'C', 'ognitive', ' disabilities', ' are']",2,3,accessibility,pythia-1b
cognitive_disabilities,7,4,0.0448,cognitive,disabilities,Cognitive disabilities are,"['<|endoftext|>', 'C', 'ognitive', ' disabilities', ' are']",2,3,accessibility,pythia-1b
cognitive_disabilities,7,5,0.0201,cognitive,disabilities,Cognitive disabilities are,"['<|endoftext|>', 'C', 'ognitive', ' disabilities', ' are']",2,3,accessibility,pythia-1b
cognitive_disabilities,7,6,0.1719,cognitive,disabilities,Cognitive disabilities are,"['<|endoftext|>', 'C', 'ognitive', ' disabilities', ' are']",2,3,accessibility,pythia-1b
cognitive_disabilities,7,7,0.0228,cognitive,disabilities,Cognitive disabilities are,"['<|endoftext|>', 'C', 'ognitive', ' disabilities', ' are']",2,3,accessibility,pythia-1b
cognitive_disabilities,8,0,0.0034,cognitive,disabilities,Cognitive disabilities are,"['<|endoftext|>', 'C', 'ognitive', ' disabilities', ' are']",2,3,accessibility,pythia-1b
cognitive_disabilities,8,1,0.039,cognitive,disabilities,Cognitive disabilities are,"['<|endoftext|>', 'C', 'ognitive', ' disabilities', ' are']",2,3,accessibility,pythia-1b
cognitive_disabilities,8,2,0.0248,cognitive,disabilities,Cognitive disabilities are,"['<|endoftext|>', 'C', 'ognitive', ' disabilities', ' are']",2,3,accessibility,pythia-1b
cognitive_disabilities,8,3,0.1523,cognitive,disabilities,Cognitive disabilities are,"['<|endoftext|>', 'C', 'ognitive', ' disabilities', ' are']",2,3,accessibility,pythia-1b
cognitive_disabilities,8,4,0.0029,cognitive,disabilities,Cognitive disabilities are,"['<|endoftext|>', 'C', 'ognitive', ' disabilities', ' are']",2,3,accessibility,pythia-1b
cognitive_disabilities,8,5,0.0085,cognitive,disabilities,Cognitive disabilities are,"['<|endoftext|>', 'C', 'ognitive', ' disabilities', ' are']",2,3,accessibility,pythia-1b
cognitive_disabilities,8,6,0.0279,cognitive,disabilities,Cognitive disabilities are,"['<|endoftext|>', 'C', 'ognitive', ' disabilities', ' are']",2,3,accessibility,pythia-1b
cognitive_disabilities,8,7,0.0751,cognitive,disabilities,Cognitive disabilities are,"['<|endoftext|>', 'C', 'ognitive', ' disabilities', ' are']",2,3,accessibility,pythia-1b
cognitive_disabilities,9,0,0.1757,cognitive,disabilities,Cognitive disabilities are,"['<|endoftext|>', 'C', 'ognitive', ' disabilities', ' are']",2,3,accessibility,pythia-1b
cognitive_disabilities,9,1,0.0113,cognitive,disabilities,Cognitive disabilities are,"['<|endoftext|>', 'C', 'ognitive', ' disabilities', ' are']",2,3,accessibility,pythia-1b
cognitive_disabilities,9,2,0.0641,cognitive,disabilities,Cognitive disabilities are,"['<|endoftext|>', 'C', 'ognitive', ' disabilities', ' are']",2,3,accessibility,pythia-1b
cognitive_disabilities,9,3,0.0093,cognitive,disabilities,Cognitive disabilities are,"['<|endoftext|>', 'C', 'ognitive', ' disabilities', ' are']",2,3,accessibility,pythia-1b
cognitive_disabilities,9,4,0.0066,cognitive,disabilities,Cognitive disabilities are,"['<|endoftext|>', 'C', 'ognitive', ' disabilities', ' are']",2,3,accessibility,pythia-1b
cognitive_disabilities,9,5,0.0151,cognitive,disabilities,Cognitive disabilities are,"['<|endoftext|>', 'C', 'ognitive', ' disabilities', ' are']",2,3,accessibility,pythia-1b
cognitive_disabilities,9,6,0.2909,cognitive,disabilities,Cognitive disabilities are,"['<|endoftext|>', 'C', 'ognitive', ' disabilities', ' are']",2,3,accessibility,pythia-1b
cognitive_disabilities,9,7,0.0605,cognitive,disabilities,Cognitive disabilities are,"['<|endoftext|>', 'C', 'ognitive', ' disabilities', ' are']",2,3,accessibility,pythia-1b
cognitive_disabilities,10,0,0.0008,cognitive,disabilities,Cognitive disabilities are,"['<|endoftext|>', 'C', 'ognitive', ' disabilities', ' are']",2,3,accessibility,pythia-1b
cognitive_disabilities,10,1,0.0935,cognitive,disabilities,Cognitive disabilities are,"['<|endoftext|>', 'C', 'ognitive', ' disabilities', ' are']",2,3,accessibility,pythia-1b
cognitive_disabilities,10,2,0.0193,cognitive,disabilities,Cognitive disabilities are,"['<|endoftext|>', 'C', 'ognitive', ' disabilities', ' are']",2,3,accessibility,pythia-1b
cognitive_disabilities,10,3,0.1039,cognitive,disabilities,Cognitive disabilities are,"['<|endoftext|>', 'C', 'ognitive', ' disabilities', ' are']",2,3,accessibility,pythia-1b
cognitive_disabilities,10,4,0.009,cognitive,disabilities,Cognitive disabilities are,"['<|endoftext|>', 'C', 'ognitive', ' disabilities', ' are']",2,3,accessibility,pythia-1b
cognitive_disabilities,10,5,0.0009,cognitive,disabilities,Cognitive disabilities are,"['<|endoftext|>', 'C', 'ognitive', ' disabilities', ' are']",2,3,accessibility,pythia-1b
cognitive_disabilities,10,6,0.0003,cognitive,disabilities,Cognitive disabilities are,"['<|endoftext|>', 'C', 'ognitive', ' disabilities', ' are']",2,3,accessibility,pythia-1b
cognitive_disabilities,10,7,0.0545,cognitive,disabilities,Cognitive disabilities are,"['<|endoftext|>', 'C', 'ognitive', ' disabilities', ' are']",2,3,accessibility,pythia-1b
cognitive_disabilities,11,0,0.0867,cognitive,disabilities,Cognitive disabilities are,"['<|endoftext|>', 'C', 'ognitive', ' disabilities', ' are']",2,3,accessibility,pythia-1b
cognitive_disabilities,11,1,0.0065,cognitive,disabilities,Cognitive disabilities are,"['<|endoftext|>', 'C', 'ognitive', ' disabilities', ' are']",2,3,accessibility,pythia-1b
cognitive_disabilities,11,2,0.0633,cognitive,disabilities,Cognitive disabilities are,"['<|endoftext|>', 'C', 'ognitive', ' disabilities', ' are']",2,3,accessibility,pythia-1b
cognitive_disabilities,11,3,0.0051,cognitive,disabilities,Cognitive disabilities are,"['<|endoftext|>', 'C', 'ognitive', ' disabilities', ' are']",2,3,accessibility,pythia-1b
cognitive_disabilities,11,4,0.0711,cognitive,disabilities,Cognitive disabilities are,"['<|endoftext|>', 'C', 'ognitive', ' disabilities', ' are']",2,3,accessibility,pythia-1b
cognitive_disabilities,11,5,0.0022,cognitive,disabilities,Cognitive disabilities are,"['<|endoftext|>', 'C', 'ognitive', ' disabilities', ' are']",2,3,accessibility,pythia-1b
cognitive_disabilities,11,6,0.005,cognitive,disabilities,Cognitive disabilities are,"['<|endoftext|>', 'C', 'ognitive', ' disabilities', ' are']",2,3,accessibility,pythia-1b
cognitive_disabilities,11,7,0.0016,cognitive,disabilities,Cognitive disabilities are,"['<|endoftext|>', 'C', 'ognitive', ' disabilities', ' are']",2,3,accessibility,pythia-1b
cognitive_disabilities,12,0,0.0116,cognitive,disabilities,Cognitive disabilities are,"['<|endoftext|>', 'C', 'ognitive', ' disabilities', ' are']",2,3,accessibility,pythia-1b
cognitive_disabilities,12,1,0.0709,cognitive,disabilities,Cognitive disabilities are,"['<|endoftext|>', 'C', 'ognitive', ' disabilities', ' are']",2,3,accessibility,pythia-1b
cognitive_disabilities,12,2,0.0079,cognitive,disabilities,Cognitive disabilities are,"['<|endoftext|>', 'C', 'ognitive', ' disabilities', ' are']",2,3,accessibility,pythia-1b
cognitive_disabilities,12,3,0.0019,cognitive,disabilities,Cognitive disabilities are,"['<|endoftext|>', 'C', 'ognitive', ' disabilities', ' are']",2,3,accessibility,pythia-1b
cognitive_disabilities,12,4,0.0041,cognitive,disabilities,Cognitive disabilities are,"['<|endoftext|>', 'C', 'ognitive', ' disabilities', ' are']",2,3,accessibility,pythia-1b
cognitive_disabilities,12,5,0.0542,cognitive,disabilities,Cognitive disabilities are,"['<|endoftext|>', 'C', 'ognitive', ' disabilities', ' are']",2,3,accessibility,pythia-1b
cognitive_disabilities,12,6,0.0002,cognitive,disabilities,Cognitive disabilities are,"['<|endoftext|>', 'C', 'ognitive', ' disabilities', ' are']",2,3,accessibility,pythia-1b
cognitive_disabilities,12,7,0.0235,cognitive,disabilities,Cognitive disabilities are,"['<|endoftext|>', 'C', 'ognitive', ' disabilities', ' are']",2,3,accessibility,pythia-1b
cognitive_disabilities,13,0,0.2433,cognitive,disabilities,Cognitive disabilities are,"['<|endoftext|>', 'C', 'ognitive', ' disabilities', ' are']",2,3,accessibility,pythia-1b
cognitive_disabilities,13,1,0.0291,cognitive,disabilities,Cognitive disabilities are,"['<|endoftext|>', 'C', 'ognitive', ' disabilities', ' are']",2,3,accessibility,pythia-1b
cognitive_disabilities,13,2,0.0043,cognitive,disabilities,Cognitive disabilities are,"['<|endoftext|>', 'C', 'ognitive', ' disabilities', ' are']",2,3,accessibility,pythia-1b
cognitive_disabilities,13,3,0.004,cognitive,disabilities,Cognitive disabilities are,"['<|endoftext|>', 'C', 'ognitive', ' disabilities', ' are']",2,3,accessibility,pythia-1b
cognitive_disabilities,13,4,0.0979,cognitive,disabilities,Cognitive disabilities are,"['<|endoftext|>', 'C', 'ognitive', ' disabilities', ' are']",2,3,accessibility,pythia-1b
cognitive_disabilities,13,5,0.0069,cognitive,disabilities,Cognitive disabilities are,"['<|endoftext|>', 'C', 'ognitive', ' disabilities', ' are']",2,3,accessibility,pythia-1b
cognitive_disabilities,13,6,0.0025,cognitive,disabilities,Cognitive disabilities are,"['<|endoftext|>', 'C', 'ognitive', ' disabilities', ' are']",2,3,accessibility,pythia-1b
cognitive_disabilities,13,7,0.0214,cognitive,disabilities,Cognitive disabilities are,"['<|endoftext|>', 'C', 'ognitive', ' disabilities', ' are']",2,3,accessibility,pythia-1b
cognitive_disabilities,14,0,0.0426,cognitive,disabilities,Cognitive disabilities are,"['<|endoftext|>', 'C', 'ognitive', ' disabilities', ' are']",2,3,accessibility,pythia-1b
cognitive_disabilities,14,1,0.0128,cognitive,disabilities,Cognitive disabilities are,"['<|endoftext|>', 'C', 'ognitive', ' disabilities', ' are']",2,3,accessibility,pythia-1b
cognitive_disabilities,14,2,0.057,cognitive,disabilities,Cognitive disabilities are,"['<|endoftext|>', 'C', 'ognitive', ' disabilities', ' are']",2,3,accessibility,pythia-1b
cognitive_disabilities,14,3,0.0486,cognitive,disabilities,Cognitive disabilities are,"['<|endoftext|>', 'C', 'ognitive', ' disabilities', ' are']",2,3,accessibility,pythia-1b
cognitive_disabilities,14,4,0.0128,cognitive,disabilities,Cognitive disabilities are,"['<|endoftext|>', 'C', 'ognitive', ' disabilities', ' are']",2,3,accessibility,pythia-1b
cognitive_disabilities,14,5,0.0242,cognitive,disabilities,Cognitive disabilities are,"['<|endoftext|>', 'C', 'ognitive', ' disabilities', ' are']",2,3,accessibility,pythia-1b
cognitive_disabilities,14,6,0.0015,cognitive,disabilities,Cognitive disabilities are,"['<|endoftext|>', 'C', 'ognitive', ' disabilities', ' are']",2,3,accessibility,pythia-1b
cognitive_disabilities,14,7,0.0284,cognitive,disabilities,Cognitive disabilities are,"['<|endoftext|>', 'C', 'ognitive', ' disabilities', ' are']",2,3,accessibility,pythia-1b
cognitive_disabilities,15,0,0.0474,cognitive,disabilities,Cognitive disabilities are,"['<|endoftext|>', 'C', 'ognitive', ' disabilities', ' are']",2,3,accessibility,pythia-1b
cognitive_disabilities,15,1,0.0054,cognitive,disabilities,Cognitive disabilities are,"['<|endoftext|>', 'C', 'ognitive', ' disabilities', ' are']",2,3,accessibility,pythia-1b
cognitive_disabilities,15,2,0.019,cognitive,disabilities,Cognitive disabilities are,"['<|endoftext|>', 'C', 'ognitive', ' disabilities', ' are']",2,3,accessibility,pythia-1b
cognitive_disabilities,15,3,0.0483,cognitive,disabilities,Cognitive disabilities are,"['<|endoftext|>', 'C', 'ognitive', ' disabilities', ' are']",2,3,accessibility,pythia-1b
cognitive_disabilities,15,4,0.0166,cognitive,disabilities,Cognitive disabilities are,"['<|endoftext|>', 'C', 'ognitive', ' disabilities', ' are']",2,3,accessibility,pythia-1b
cognitive_disabilities,15,5,0.0119,cognitive,disabilities,Cognitive disabilities are,"['<|endoftext|>', 'C', 'ognitive', ' disabilities', ' are']",2,3,accessibility,pythia-1b
cognitive_disabilities,15,6,0.034,cognitive,disabilities,Cognitive disabilities are,"['<|endoftext|>', 'C', 'ognitive', ' disabilities', ' are']",2,3,accessibility,pythia-1b
cognitive_disabilities,15,7,0.0196,cognitive,disabilities,Cognitive disabilities are,"['<|endoftext|>', 'C', 'ognitive', ' disabilities', ' are']",2,3,accessibility,pythia-1b
universal_design,0,0,0.2512,universal,design,Universal design is,"['<|endoftext|>', 'Universal', ' design', ' is']",1,2,accessibility,pythia-1b
universal_design,0,1,0.7287,universal,design,Universal design is,"['<|endoftext|>', 'Universal', ' design', ' is']",1,2,accessibility,pythia-1b
universal_design,0,2,0.0,universal,design,Universal design is,"['<|endoftext|>', 'Universal', ' design', ' is']",1,2,accessibility,pythia-1b
universal_design,0,3,0.9798,universal,design,Universal design is,"['<|endoftext|>', 'Universal', ' design', ' is']",1,2,accessibility,pythia-1b
universal_design,0,4,0.0461,universal,design,Universal design is,"['<|endoftext|>', 'Universal', ' design', ' is']",1,2,accessibility,pythia-1b
universal_design,0,5,0.7813,universal,design,Universal design is,"['<|endoftext|>', 'Universal', ' design', ' is']",1,2,accessibility,pythia-1b
universal_design,0,6,0.0511,universal,design,Universal design is,"['<|endoftext|>', 'Universal', ' design', ' is']",1,2,accessibility,pythia-1b
universal_design,0,7,0.1007,universal,design,Universal design is,"['<|endoftext|>', 'Universal', ' design', ' is']",1,2,accessibility,pythia-1b
universal_design,1,0,0.9068,universal,design,Universal design is,"['<|endoftext|>', 'Universal', ' design', ' is']",1,2,accessibility,pythia-1b
universal_design,1,1,0.1358,universal,design,Universal design is,"['<|endoftext|>', 'Universal', ' design', ' is']",1,2,accessibility,pythia-1b
universal_design,1,2,0.7028,universal,design,Universal design is,"['<|endoftext|>', 'Universal', ' design', ' is']",1,2,accessibility,pythia-1b
universal_design,1,3,0.5876,universal,design,Universal design is,"['<|endoftext|>', 'Universal', ' design', ' is']",1,2,accessibility,pythia-1b
universal_design,1,4,0.3763,universal,design,Universal design is,"['<|endoftext|>', 'Universal', ' design', ' is']",1,2,accessibility,pythia-1b
universal_design,1,5,0.175,universal,design,Universal design is,"['<|endoftext|>', 'Universal', ' design', ' is']",1,2,accessibility,pythia-1b
universal_design,1,6,0.3508,universal,design,Universal design is,"['<|endoftext|>', 'Universal', ' design', ' is']",1,2,accessibility,pythia-1b
universal_design,1,7,0.0002,universal,design,Universal design is,"['<|endoftext|>', 'Universal', ' design', ' is']",1,2,accessibility,pythia-1b
universal_design,2,0,0.6013,universal,design,Universal design is,"['<|endoftext|>', 'Universal', ' design', ' is']",1,2,accessibility,pythia-1b
universal_design,2,1,0.77,universal,design,Universal design is,"['<|endoftext|>', 'Universal', ' design', ' is']",1,2,accessibility,pythia-1b
universal_design,2,2,0.8778,universal,design,Universal design is,"['<|endoftext|>', 'Universal', ' design', ' is']",1,2,accessibility,pythia-1b
universal_design,2,3,0.3562,universal,design,Universal design is,"['<|endoftext|>', 'Universal', ' design', ' is']",1,2,accessibility,pythia-1b
universal_design,2,4,0.1533,universal,design,Universal design is,"['<|endoftext|>', 'Universal', ' design', ' is']",1,2,accessibility,pythia-1b
universal_design,2,5,0.2367,universal,design,Universal design is,"['<|endoftext|>', 'Universal', ' design', ' is']",1,2,accessibility,pythia-1b
universal_design,2,6,0.3421,universal,design,Universal design is,"['<|endoftext|>', 'Universal', ' design', ' is']",1,2,accessibility,pythia-1b
universal_design,2,7,0.2278,universal,design,Universal design is,"['<|endoftext|>', 'Universal', ' design', ' is']",1,2,accessibility,pythia-1b
universal_design,3,0,0.0267,universal,design,Universal design is,"['<|endoftext|>', 'Universal', ' design', ' is']",1,2,accessibility,pythia-1b
universal_design,3,1,0.0066,universal,design,Universal design is,"['<|endoftext|>', 'Universal', ' design', ' is']",1,2,accessibility,pythia-1b
universal_design,3,2,0.0896,universal,design,Universal design is,"['<|endoftext|>', 'Universal', ' design', ' is']",1,2,accessibility,pythia-1b
universal_design,3,3,0.5881,universal,design,Universal design is,"['<|endoftext|>', 'Universal', ' design', ' is']",1,2,accessibility,pythia-1b
universal_design,3,4,0.0175,universal,design,Universal design is,"['<|endoftext|>', 'Universal', ' design', ' is']",1,2,accessibility,pythia-1b
universal_design,3,5,0.9998,universal,design,Universal design is,"['<|endoftext|>', 'Universal', ' design', ' is']",1,2,accessibility,pythia-1b
universal_design,3,6,0.6663,universal,design,Universal design is,"['<|endoftext|>', 'Universal', ' design', ' is']",1,2,accessibility,pythia-1b
universal_design,3,7,0.3751,universal,design,Universal design is,"['<|endoftext|>', 'Universal', ' design', ' is']",1,2,accessibility,pythia-1b
universal_design,4,0,0.0082,universal,design,Universal design is,"['<|endoftext|>', 'Universal', ' design', ' is']",1,2,accessibility,pythia-1b
universal_design,4,1,0.0963,universal,design,Universal design is,"['<|endoftext|>', 'Universal', ' design', ' is']",1,2,accessibility,pythia-1b
universal_design,4,2,0.0342,universal,design,Universal design is,"['<|endoftext|>', 'Universal', ' design', ' is']",1,2,accessibility,pythia-1b
universal_design,4,3,0.0223,universal,design,Universal design is,"['<|endoftext|>', 'Universal', ' design', ' is']",1,2,accessibility,pythia-1b
universal_design,4,4,0.0018,universal,design,Universal design is,"['<|endoftext|>', 'Universal', ' design', ' is']",1,2,accessibility,pythia-1b
universal_design,4,5,0.0006,universal,design,Universal design is,"['<|endoftext|>', 'Universal', ' design', ' is']",1,2,accessibility,pythia-1b
universal_design,4,6,0.0089,universal,design,Universal design is,"['<|endoftext|>', 'Universal', ' design', ' is']",1,2,accessibility,pythia-1b
universal_design,4,7,0.0346,universal,design,Universal design is,"['<|endoftext|>', 'Universal', ' design', ' is']",1,2,accessibility,pythia-1b
universal_design,5,0,0.0318,universal,design,Universal design is,"['<|endoftext|>', 'Universal', ' design', ' is']",1,2,accessibility,pythia-1b
universal_design,5,1,0.0001,universal,design,Universal design is,"['<|endoftext|>', 'Universal', ' design', ' is']",1,2,accessibility,pythia-1b
universal_design,5,2,0.0121,universal,design,Universal design is,"['<|endoftext|>', 'Universal', ' design', ' is']",1,2,accessibility,pythia-1b
universal_design,5,3,0.084,universal,design,Universal design is,"['<|endoftext|>', 'Universal', ' design', ' is']",1,2,accessibility,pythia-1b
universal_design,5,4,0.0046,universal,design,Universal design is,"['<|endoftext|>', 'Universal', ' design', ' is']",1,2,accessibility,pythia-1b
universal_design,5,5,0.3533,universal,design,Universal design is,"['<|endoftext|>', 'Universal', ' design', ' is']",1,2,accessibility,pythia-1b
universal_design,5,6,0.0073,universal,design,Universal design is,"['<|endoftext|>', 'Universal', ' design', ' is']",1,2,accessibility,pythia-1b
universal_design,5,7,0.0014,universal,design,Universal design is,"['<|endoftext|>', 'Universal', ' design', ' is']",1,2,accessibility,pythia-1b
universal_design,6,0,0.0504,universal,design,Universal design is,"['<|endoftext|>', 'Universal', ' design', ' is']",1,2,accessibility,pythia-1b
universal_design,6,1,0.0217,universal,design,Universal design is,"['<|endoftext|>', 'Universal', ' design', ' is']",1,2,accessibility,pythia-1b
universal_design,6,2,0.013,universal,design,Universal design is,"['<|endoftext|>', 'Universal', ' design', ' is']",1,2,accessibility,pythia-1b
universal_design,6,3,0.5845,universal,design,Universal design is,"['<|endoftext|>', 'Universal', ' design', ' is']",1,2,accessibility,pythia-1b
universal_design,6,4,0.0098,universal,design,Universal design is,"['<|endoftext|>', 'Universal', ' design', ' is']",1,2,accessibility,pythia-1b
universal_design,6,5,0.0265,universal,design,Universal design is,"['<|endoftext|>', 'Universal', ' design', ' is']",1,2,accessibility,pythia-1b
universal_design,6,6,0.0045,universal,design,Universal design is,"['<|endoftext|>', 'Universal', ' design', ' is']",1,2,accessibility,pythia-1b
universal_design,6,7,0.0018,universal,design,Universal design is,"['<|endoftext|>', 'Universal', ' design', ' is']",1,2,accessibility,pythia-1b
universal_design,7,0,0.0014,universal,design,Universal design is,"['<|endoftext|>', 'Universal', ' design', ' is']",1,2,accessibility,pythia-1b
universal_design,7,1,0.0001,universal,design,Universal design is,"['<|endoftext|>', 'Universal', ' design', ' is']",1,2,accessibility,pythia-1b
universal_design,7,2,0.0056,universal,design,Universal design is,"['<|endoftext|>', 'Universal', ' design', ' is']",1,2,accessibility,pythia-1b
universal_design,7,3,0.0781,universal,design,Universal design is,"['<|endoftext|>', 'Universal', ' design', ' is']",1,2,accessibility,pythia-1b
universal_design,7,4,0.0321,universal,design,Universal design is,"['<|endoftext|>', 'Universal', ' design', ' is']",1,2,accessibility,pythia-1b
universal_design,7,5,0.2333,universal,design,Universal design is,"['<|endoftext|>', 'Universal', ' design', ' is']",1,2,accessibility,pythia-1b
universal_design,7,6,0.1895,universal,design,Universal design is,"['<|endoftext|>', 'Universal', ' design', ' is']",1,2,accessibility,pythia-1b
universal_design,7,7,0.0206,universal,design,Universal design is,"['<|endoftext|>', 'Universal', ' design', ' is']",1,2,accessibility,pythia-1b
universal_design,8,0,0.0018,universal,design,Universal design is,"['<|endoftext|>', 'Universal', ' design', ' is']",1,2,accessibility,pythia-1b
universal_design,8,1,0.0229,universal,design,Universal design is,"['<|endoftext|>', 'Universal', ' design', ' is']",1,2,accessibility,pythia-1b
universal_design,8,2,0.0094,universal,design,Universal design is,"['<|endoftext|>', 'Universal', ' design', ' is']",1,2,accessibility,pythia-1b
universal_design,8,3,0.1821,universal,design,Universal design is,"['<|endoftext|>', 'Universal', ' design', ' is']",1,2,accessibility,pythia-1b
universal_design,8,4,0.0114,universal,design,Universal design is,"['<|endoftext|>', 'Universal', ' design', ' is']",1,2,accessibility,pythia-1b
universal_design,8,5,0.0038,universal,design,Universal design is,"['<|endoftext|>', 'Universal', ' design', ' is']",1,2,accessibility,pythia-1b
universal_design,8,6,0.0033,universal,design,Universal design is,"['<|endoftext|>', 'Universal', ' design', ' is']",1,2,accessibility,pythia-1b
universal_design,8,7,0.0856,universal,design,Universal design is,"['<|endoftext|>', 'Universal', ' design', ' is']",1,2,accessibility,pythia-1b
universal_design,9,0,0.0275,universal,design,Universal design is,"['<|endoftext|>', 'Universal', ' design', ' is']",1,2,accessibility,pythia-1b
universal_design,9,1,0.0088,universal,design,Universal design is,"['<|endoftext|>', 'Universal', ' design', ' is']",1,2,accessibility,pythia-1b
universal_design,9,2,0.0874,universal,design,Universal design is,"['<|endoftext|>', 'Universal', ' design', ' is']",1,2,accessibility,pythia-1b
universal_design,9,3,0.1129,universal,design,Universal design is,"['<|endoftext|>', 'Universal', ' design', ' is']",1,2,accessibility,pythia-1b
universal_design,9,4,0.0049,universal,design,Universal design is,"['<|endoftext|>', 'Universal', ' design', ' is']",1,2,accessibility,pythia-1b
universal_design,9,5,0.019,universal,design,Universal design is,"['<|endoftext|>', 'Universal', ' design', ' is']",1,2,accessibility,pythia-1b
universal_design,9,6,0.1595,universal,design,Universal design is,"['<|endoftext|>', 'Universal', ' design', ' is']",1,2,accessibility,pythia-1b
universal_design,9,7,0.0563,universal,design,Universal design is,"['<|endoftext|>', 'Universal', ' design', ' is']",1,2,accessibility,pythia-1b
universal_design,10,0,0.004,universal,design,Universal design is,"['<|endoftext|>', 'Universal', ' design', ' is']",1,2,accessibility,pythia-1b
universal_design,10,1,0.1549,universal,design,Universal design is,"['<|endoftext|>', 'Universal', ' design', ' is']",1,2,accessibility,pythia-1b
universal_design,10,2,0.0265,universal,design,Universal design is,"['<|endoftext|>', 'Universal', ' design', ' is']",1,2,accessibility,pythia-1b
universal_design,10,3,0.1399,universal,design,Universal design is,"['<|endoftext|>', 'Universal', ' design', ' is']",1,2,accessibility,pythia-1b
universal_design,10,4,0.0249,universal,design,Universal design is,"['<|endoftext|>', 'Universal', ' design', ' is']",1,2,accessibility,pythia-1b
universal_design,10,5,0.0019,universal,design,Universal design is,"['<|endoftext|>', 'Universal', ' design', ' is']",1,2,accessibility,pythia-1b
universal_design,10,6,0.001,universal,design,Universal design is,"['<|endoftext|>', 'Universal', ' design', ' is']",1,2,accessibility,pythia-1b
universal_design,10,7,0.0601,universal,design,Universal design is,"['<|endoftext|>', 'Universal', ' design', ' is']",1,2,accessibility,pythia-1b
universal_design,11,0,0.0219,universal,design,Universal design is,"['<|endoftext|>', 'Universal', ' design', ' is']",1,2,accessibility,pythia-1b
universal_design,11,1,0.0526,universal,design,Universal design is,"['<|endoftext|>', 'Universal', ' design', ' is']",1,2,accessibility,pythia-1b
universal_design,11,2,0.023,universal,design,Universal design is,"['<|endoftext|>', 'Universal', ' design', ' is']",1,2,accessibility,pythia-1b
universal_design,11,3,0.0132,universal,design,Universal design is,"['<|endoftext|>', 'Universal', ' design', ' is']",1,2,accessibility,pythia-1b
universal_design,11,4,0.0735,universal,design,Universal design is,"['<|endoftext|>', 'Universal', ' design', ' is']",1,2,accessibility,pythia-1b
universal_design,11,5,0.0011,universal,design,Universal design is,"['<|endoftext|>', 'Universal', ' design', ' is']",1,2,accessibility,pythia-1b
universal_design,11,6,0.0095,universal,design,Universal design is,"['<|endoftext|>', 'Universal', ' design', ' is']",1,2,accessibility,pythia-1b
universal_design,11,7,0.0007,universal,design,Universal design is,"['<|endoftext|>', 'Universal', ' design', ' is']",1,2,accessibility,pythia-1b
universal_design,12,0,0.017,universal,design,Universal design is,"['<|endoftext|>', 'Universal', ' design', ' is']",1,2,accessibility,pythia-1b
universal_design,12,1,0.0151,universal,design,Universal design is,"['<|endoftext|>', 'Universal', ' design', ' is']",1,2,accessibility,pythia-1b
universal_design,12,2,0.1141,universal,design,Universal design is,"['<|endoftext|>', 'Universal', ' design', ' is']",1,2,accessibility,pythia-1b
universal_design,12,3,0.0182,universal,design,Universal design is,"['<|endoftext|>', 'Universal', ' design', ' is']",1,2,accessibility,pythia-1b
universal_design,12,4,0.0105,universal,design,Universal design is,"['<|endoftext|>', 'Universal', ' design', ' is']",1,2,accessibility,pythia-1b
universal_design,12,5,0.0215,universal,design,Universal design is,"['<|endoftext|>', 'Universal', ' design', ' is']",1,2,accessibility,pythia-1b
universal_design,12,6,0.0026,universal,design,Universal design is,"['<|endoftext|>', 'Universal', ' design', ' is']",1,2,accessibility,pythia-1b
universal_design,12,7,0.0279,universal,design,Universal design is,"['<|endoftext|>', 'Universal', ' design', ' is']",1,2,accessibility,pythia-1b
universal_design,13,0,0.1238,universal,design,Universal design is,"['<|endoftext|>', 'Universal', ' design', ' is']",1,2,accessibility,pythia-1b
universal_design,13,1,0.0323,universal,design,Universal design is,"['<|endoftext|>', 'Universal', ' design', ' is']",1,2,accessibility,pythia-1b
universal_design,13,2,0.0086,universal,design,Universal design is,"['<|endoftext|>', 'Universal', ' design', ' is']",1,2,accessibility,pythia-1b
universal_design,13,3,0.0339,universal,design,Universal design is,"['<|endoftext|>', 'Universal', ' design', ' is']",1,2,accessibility,pythia-1b
universal_design,13,4,0.29,universal,design,Universal design is,"['<|endoftext|>', 'Universal', ' design', ' is']",1,2,accessibility,pythia-1b
universal_design,13,5,0.076,universal,design,Universal design is,"['<|endoftext|>', 'Universal', ' design', ' is']",1,2,accessibility,pythia-1b
universal_design,13,6,0.002,universal,design,Universal design is,"['<|endoftext|>', 'Universal', ' design', ' is']",1,2,accessibility,pythia-1b
universal_design,13,7,0.0368,universal,design,Universal design is,"['<|endoftext|>', 'Universal', ' design', ' is']",1,2,accessibility,pythia-1b
universal_design,14,0,0.0907,universal,design,Universal design is,"['<|endoftext|>', 'Universal', ' design', ' is']",1,2,accessibility,pythia-1b
universal_design,14,1,0.1026,universal,design,Universal design is,"['<|endoftext|>', 'Universal', ' design', ' is']",1,2,accessibility,pythia-1b
universal_design,14,2,0.2093,universal,design,Universal design is,"['<|endoftext|>', 'Universal', ' design', ' is']",1,2,accessibility,pythia-1b
universal_design,14,3,0.0734,universal,design,Universal design is,"['<|endoftext|>', 'Universal', ' design', ' is']",1,2,accessibility,pythia-1b
universal_design,14,4,0.0537,universal,design,Universal design is,"['<|endoftext|>', 'Universal', ' design', ' is']",1,2,accessibility,pythia-1b
universal_design,14,5,0.0653,universal,design,Universal design is,"['<|endoftext|>', 'Universal', ' design', ' is']",1,2,accessibility,pythia-1b
universal_design,14,6,0.0173,universal,design,Universal design is,"['<|endoftext|>', 'Universal', ' design', ' is']",1,2,accessibility,pythia-1b
universal_design,14,7,0.0205,universal,design,Universal design is,"['<|endoftext|>', 'Universal', ' design', ' is']",1,2,accessibility,pythia-1b
universal_design,15,0,0.1259,universal,design,Universal design is,"['<|endoftext|>', 'Universal', ' design', ' is']",1,2,accessibility,pythia-1b
universal_design,15,1,0.034,universal,design,Universal design is,"['<|endoftext|>', 'Universal', ' design', ' is']",1,2,accessibility,pythia-1b
universal_design,15,2,0.046,universal,design,Universal design is,"['<|endoftext|>', 'Universal', ' design', ' is']",1,2,accessibility,pythia-1b
universal_design,15,3,0.0916,universal,design,Universal design is,"['<|endoftext|>', 'Universal', ' design', ' is']",1,2,accessibility,pythia-1b
universal_design,15,4,0.0391,universal,design,Universal design is,"['<|endoftext|>', 'Universal', ' design', ' is']",1,2,accessibility,pythia-1b
universal_design,15,5,0.0949,universal,design,Universal design is,"['<|endoftext|>', 'Universal', ' design', ' is']",1,2,accessibility,pythia-1b
universal_design,15,6,0.0095,universal,design,Universal design is,"['<|endoftext|>', 'Universal', ' design', ' is']",1,2,accessibility,pythia-1b
universal_design,15,7,0.13,universal,design,Universal design is,"['<|endoftext|>', 'Universal', ' design', ' is']",1,2,accessibility,pythia-1b
decorative_image,0,0,0.2448,decorative,image,A decorative image is,"['<|endoftext|>', 'A', ' decorative', ' image', ' is']",2,3,accessibility,pythia-1b
decorative_image,0,1,0.2387,decorative,image,A decorative image is,"['<|endoftext|>', 'A', ' decorative', ' image', ' is']",2,3,accessibility,pythia-1b
decorative_image,0,2,0.0,decorative,image,A decorative image is,"['<|endoftext|>', 'A', ' decorative', ' image', ' is']",2,3,accessibility,pythia-1b
decorative_image,0,3,0.1282,decorative,image,A decorative image is,"['<|endoftext|>', 'A', ' decorative', ' image', ' is']",2,3,accessibility,pythia-1b
decorative_image,0,4,0.027,decorative,image,A decorative image is,"['<|endoftext|>', 'A', ' decorative', ' image', ' is']",2,3,accessibility,pythia-1b
decorative_image,0,5,0.3906,decorative,image,A decorative image is,"['<|endoftext|>', 'A', ' decorative', ' image', ' is']",2,3,accessibility,pythia-1b
decorative_image,0,6,0.0235,decorative,image,A decorative image is,"['<|endoftext|>', 'A', ' decorative', ' image', ' is']",2,3,accessibility,pythia-1b
decorative_image,0,7,0.0976,decorative,image,A decorative image is,"['<|endoftext|>', 'A', ' decorative', ' image', ' is']",2,3,accessibility,pythia-1b
decorative_image,1,0,0.0642,decorative,image,A decorative image is,"['<|endoftext|>', 'A', ' decorative', ' image', ' is']",2,3,accessibility,pythia-1b
decorative_image,1,1,0.0453,decorative,image,A decorative image is,"['<|endoftext|>', 'A', ' decorative', ' image', ' is']",2,3,accessibility,pythia-1b
decorative_image,1,2,0.478,decorative,image,A decorative image is,"['<|endoftext|>', 'A', ' decorative', ' image', ' is']",2,3,accessibility,pythia-1b
decorative_image,1,3,0.5944,decorative,image,A decorative image is,"['<|endoftext|>', 'A', ' decorative', ' image', ' is']",2,3,accessibility,pythia-1b
decorative_image,1,4,0.0957,decorative,image,A decorative image is,"['<|endoftext|>', 'A', ' decorative', ' image', ' is']",2,3,accessibility,pythia-1b
decorative_image,1,5,0.7201,decorative,image,A decorative image is,"['<|endoftext|>', 'A', ' decorative', ' image', ' is']",2,3,accessibility,pythia-1b
decorative_image,1,6,0.1988,decorative,image,A decorative image is,"['<|endoftext|>', 'A', ' decorative', ' image', ' is']",2,3,accessibility,pythia-1b
decorative_image,1,7,0.0006,decorative,image,A decorative image is,"['<|endoftext|>', 'A', ' decorative', ' image', ' is']",2,3,accessibility,pythia-1b
decorative_image,2,0,0.3352,decorative,image,A decorative image is,"['<|endoftext|>', 'A', ' decorative', ' image', ' is']",2,3,accessibility,pythia-1b
decorative_image,2,1,0.0291,decorative,image,A decorative image is,"['<|endoftext|>', 'A', ' decorative', ' image', ' is']",2,3,accessibility,pythia-1b
decorative_image,2,2,0.3014,decorative,image,A decorative image is,"['<|endoftext|>', 'A', ' decorative', ' image', ' is']",2,3,accessibility,pythia-1b
decorative_image,2,3,0.4128,decorative,image,A decorative image is,"['<|endoftext|>', 'A', ' decorative', ' image', ' is']",2,3,accessibility,pythia-1b
decorative_image,2,4,0.1391,decorative,image,A decorative image is,"['<|endoftext|>', 'A', ' decorative', ' image', ' is']",2,3,accessibility,pythia-1b
decorative_image,2,5,0.088,decorative,image,A decorative image is,"['<|endoftext|>', 'A', ' decorative', ' image', ' is']",2,3,accessibility,pythia-1b
decorative_image,2,6,0.1347,decorative,image,A decorative image is,"['<|endoftext|>', 'A', ' decorative', ' image', ' is']",2,3,accessibility,pythia-1b
decorative_image,2,7,0.258,decorative,image,A decorative image is,"['<|endoftext|>', 'A', ' decorative', ' image', ' is']",2,3,accessibility,pythia-1b
decorative_image,3,0,0.0722,decorative,image,A decorative image is,"['<|endoftext|>', 'A', ' decorative', ' image', ' is']",2,3,accessibility,pythia-1b
decorative_image,3,1,0.2293,decorative,image,A decorative image is,"['<|endoftext|>', 'A', ' decorative', ' image', ' is']",2,3,accessibility,pythia-1b
decorative_image,3,2,0.2361,decorative,image,A decorative image is,"['<|endoftext|>', 'A', ' decorative', ' image', ' is']",2,3,accessibility,pythia-1b
decorative_image,3,3,0.2001,decorative,image,A decorative image is,"['<|endoftext|>', 'A', ' decorative', ' image', ' is']",2,3,accessibility,pythia-1b
decorative_image,3,4,0.5477,decorative,image,A decorative image is,"['<|endoftext|>', 'A', ' decorative', ' image', ' is']",2,3,accessibility,pythia-1b
decorative_image,3,5,0.9991,decorative,image,A decorative image is,"['<|endoftext|>', 'A', ' decorative', ' image', ' is']",2,3,accessibility,pythia-1b
decorative_image,3,6,0.7064,decorative,image,A decorative image is,"['<|endoftext|>', 'A', ' decorative', ' image', ' is']",2,3,accessibility,pythia-1b
decorative_image,3,7,0.048,decorative,image,A decorative image is,"['<|endoftext|>', 'A', ' decorative', ' image', ' is']",2,3,accessibility,pythia-1b
decorative_image,4,0,0.3379,decorative,image,A decorative image is,"['<|endoftext|>', 'A', ' decorative', ' image', ' is']",2,3,accessibility,pythia-1b
decorative_image,4,1,0.1362,decorative,image,A decorative image is,"['<|endoftext|>', 'A', ' decorative', ' image', ' is']",2,3,accessibility,pythia-1b
decorative_image,4,2,0.0664,decorative,image,A decorative image is,"['<|endoftext|>', 'A', ' decorative', ' image', ' is']",2,3,accessibility,pythia-1b
decorative_image,4,3,0.056,decorative,image,A decorative image is,"['<|endoftext|>', 'A', ' decorative', ' image', ' is']",2,3,accessibility,pythia-1b
decorative_image,4,4,0.0005,decorative,image,A decorative image is,"['<|endoftext|>', 'A', ' decorative', ' image', ' is']",2,3,accessibility,pythia-1b
decorative_image,4,5,0.01,decorative,image,A decorative image is,"['<|endoftext|>', 'A', ' decorative', ' image', ' is']",2,3,accessibility,pythia-1b
decorative_image,4,6,0.0436,decorative,image,A decorative image is,"['<|endoftext|>', 'A', ' decorative', ' image', ' is']",2,3,accessibility,pythia-1b
decorative_image,4,7,0.0213,decorative,image,A decorative image is,"['<|endoftext|>', 'A', ' decorative', ' image', ' is']",2,3,accessibility,pythia-1b
decorative_image,5,0,0.2276,decorative,image,A decorative image is,"['<|endoftext|>', 'A', ' decorative', ' image', ' is']",2,3,accessibility,pythia-1b
decorative_image,5,1,0.0002,decorative,image,A decorative image is,"['<|endoftext|>', 'A', ' decorative', ' image', ' is']",2,3,accessibility,pythia-1b
decorative_image,5,2,0.1895,decorative,image,A decorative image is,"['<|endoftext|>', 'A', ' decorative', ' image', ' is']",2,3,accessibility,pythia-1b
decorative_image,5,3,0.0732,decorative,image,A decorative image is,"['<|endoftext|>', 'A', ' decorative', ' image', ' is']",2,3,accessibility,pythia-1b
decorative_image,5,4,0.0393,decorative,image,A decorative image is,"['<|endoftext|>', 'A', ' decorative', ' image', ' is']",2,3,accessibility,pythia-1b
decorative_image,5,5,0.4348,decorative,image,A decorative image is,"['<|endoftext|>', 'A', ' decorative', ' image', ' is']",2,3,accessibility,pythia-1b
decorative_image,5,6,0.0027,decorative,image,A decorative image is,"['<|endoftext|>', 'A', ' decorative', ' image', ' is']",2,3,accessibility,pythia-1b
decorative_image,5,7,0.003,decorative,image,A decorative image is,"['<|endoftext|>', 'A', ' decorative', ' image', ' is']",2,3,accessibility,pythia-1b
decorative_image,6,0,0.1581,decorative,image,A decorative image is,"['<|endoftext|>', 'A', ' decorative', ' image', ' is']",2,3,accessibility,pythia-1b
decorative_image,6,1,0.0155,decorative,image,A decorative image is,"['<|endoftext|>', 'A', ' decorative', ' image', ' is']",2,3,accessibility,pythia-1b
decorative_image,6,2,0.0173,decorative,image,A decorative image is,"['<|endoftext|>', 'A', ' decorative', ' image', ' is']",2,3,accessibility,pythia-1b
decorative_image,6,3,0.8251,decorative,image,A decorative image is,"['<|endoftext|>', 'A', ' decorative', ' image', ' is']",2,3,accessibility,pythia-1b
decorative_image,6,4,0.0271,decorative,image,A decorative image is,"['<|endoftext|>', 'A', ' decorative', ' image', ' is']",2,3,accessibility,pythia-1b
decorative_image,6,5,0.0586,decorative,image,A decorative image is,"['<|endoftext|>', 'A', ' decorative', ' image', ' is']",2,3,accessibility,pythia-1b
decorative_image,6,6,0.1566,decorative,image,A decorative image is,"['<|endoftext|>', 'A', ' decorative', ' image', ' is']",2,3,accessibility,pythia-1b
decorative_image,6,7,0.0051,decorative,image,A decorative image is,"['<|endoftext|>', 'A', ' decorative', ' image', ' is']",2,3,accessibility,pythia-1b
decorative_image,7,0,0.0085,decorative,image,A decorative image is,"['<|endoftext|>', 'A', ' decorative', ' image', ' is']",2,3,accessibility,pythia-1b
decorative_image,7,1,0.002,decorative,image,A decorative image is,"['<|endoftext|>', 'A', ' decorative', ' image', ' is']",2,3,accessibility,pythia-1b
decorative_image,7,2,0.0026,decorative,image,A decorative image is,"['<|endoftext|>', 'A', ' decorative', ' image', ' is']",2,3,accessibility,pythia-1b
decorative_image,7,3,0.0443,decorative,image,A decorative image is,"['<|endoftext|>', 'A', ' decorative', ' image', ' is']",2,3,accessibility,pythia-1b
decorative_image,7,4,0.0986,decorative,image,A decorative image is,"['<|endoftext|>', 'A', ' decorative', ' image', ' is']",2,3,accessibility,pythia-1b
decorative_image,7,5,0.0299,decorative,image,A decorative image is,"['<|endoftext|>', 'A', ' decorative', ' image', ' is']",2,3,accessibility,pythia-1b
decorative_image,7,6,0.2559,decorative,image,A decorative image is,"['<|endoftext|>', 'A', ' decorative', ' image', ' is']",2,3,accessibility,pythia-1b
decorative_image,7,7,0.0495,decorative,image,A decorative image is,"['<|endoftext|>', 'A', ' decorative', ' image', ' is']",2,3,accessibility,pythia-1b
decorative_image,8,0,0.0043,decorative,image,A decorative image is,"['<|endoftext|>', 'A', ' decorative', ' image', ' is']",2,3,accessibility,pythia-1b
decorative_image,8,1,0.0508,decorative,image,A decorative image is,"['<|endoftext|>', 'A', ' decorative', ' image', ' is']",2,3,accessibility,pythia-1b
decorative_image,8,2,0.1318,decorative,image,A decorative image is,"['<|endoftext|>', 'A', ' decorative', ' image', ' is']",2,3,accessibility,pythia-1b
decorative_image,8,3,0.3055,decorative,image,A decorative image is,"['<|endoftext|>', 'A', ' decorative', ' image', ' is']",2,3,accessibility,pythia-1b
decorative_image,8,4,0.0367,decorative,image,A decorative image is,"['<|endoftext|>', 'A', ' decorative', ' image', ' is']",2,3,accessibility,pythia-1b
decorative_image,8,5,0.035,decorative,image,A decorative image is,"['<|endoftext|>', 'A', ' decorative', ' image', ' is']",2,3,accessibility,pythia-1b
decorative_image,8,6,0.0258,decorative,image,A decorative image is,"['<|endoftext|>', 'A', ' decorative', ' image', ' is']",2,3,accessibility,pythia-1b
decorative_image,8,7,0.1297,decorative,image,A decorative image is,"['<|endoftext|>', 'A', ' decorative', ' image', ' is']",2,3,accessibility,pythia-1b
decorative_image,9,0,0.185,decorative,image,A decorative image is,"['<|endoftext|>', 'A', ' decorative', ' image', ' is']",2,3,accessibility,pythia-1b
decorative_image,9,1,0.0061,decorative,image,A decorative image is,"['<|endoftext|>', 'A', ' decorative', ' image', ' is']",2,3,accessibility,pythia-1b
decorative_image,9,2,0.1681,decorative,image,A decorative image is,"['<|endoftext|>', 'A', ' decorative', ' image', ' is']",2,3,accessibility,pythia-1b
decorative_image,9,3,0.1109,decorative,image,A decorative image is,"['<|endoftext|>', 'A', ' decorative', ' image', ' is']",2,3,accessibility,pythia-1b
decorative_image,9,4,0.0182,decorative,image,A decorative image is,"['<|endoftext|>', 'A', ' decorative', ' image', ' is']",2,3,accessibility,pythia-1b
decorative_image,9,5,0.0089,decorative,image,A decorative image is,"['<|endoftext|>', 'A', ' decorative', ' image', ' is']",2,3,accessibility,pythia-1b
decorative_image,9,6,0.2515,decorative,image,A decorative image is,"['<|endoftext|>', 'A', ' decorative', ' image', ' is']",2,3,accessibility,pythia-1b
decorative_image,9,7,0.1167,decorative,image,A decorative image is,"['<|endoftext|>', 'A', ' decorative', ' image', ' is']",2,3,accessibility,pythia-1b
decorative_image,10,0,0.0041,decorative,image,A decorative image is,"['<|endoftext|>', 'A', ' decorative', ' image', ' is']",2,3,accessibility,pythia-1b
decorative_image,10,1,0.1862,decorative,image,A decorative image is,"['<|endoftext|>', 'A', ' decorative', ' image', ' is']",2,3,accessibility,pythia-1b
decorative_image,10,2,0.0193,decorative,image,A decorative image is,"['<|endoftext|>', 'A', ' decorative', ' image', ' is']",2,3,accessibility,pythia-1b
decorative_image,10,3,0.132,decorative,image,A decorative image is,"['<|endoftext|>', 'A', ' decorative', ' image', ' is']",2,3,accessibility,pythia-1b
decorative_image,10,4,0.0089,decorative,image,A decorative image is,"['<|endoftext|>', 'A', ' decorative', ' image', ' is']",2,3,accessibility,pythia-1b
decorative_image,10,5,0.0026,decorative,image,A decorative image is,"['<|endoftext|>', 'A', ' decorative', ' image', ' is']",2,3,accessibility,pythia-1b
decorative_image,10,6,0.0035,decorative,image,A decorative image is,"['<|endoftext|>', 'A', ' decorative', ' image', ' is']",2,3,accessibility,pythia-1b
decorative_image,10,7,0.0582,decorative,image,A decorative image is,"['<|endoftext|>', 'A', ' decorative', ' image', ' is']",2,3,accessibility,pythia-1b
decorative_image,11,0,0.122,decorative,image,A decorative image is,"['<|endoftext|>', 'A', ' decorative', ' image', ' is']",2,3,accessibility,pythia-1b
decorative_image,11,1,0.0609,decorative,image,A decorative image is,"['<|endoftext|>', 'A', ' decorative', ' image', ' is']",2,3,accessibility,pythia-1b
decorative_image,11,2,0.0657,decorative,image,A decorative image is,"['<|endoftext|>', 'A', ' decorative', ' image', ' is']",2,3,accessibility,pythia-1b
decorative_image,11,3,0.0111,decorative,image,A decorative image is,"['<|endoftext|>', 'A', ' decorative', ' image', ' is']",2,3,accessibility,pythia-1b
decorative_image,11,4,0.1654,decorative,image,A decorative image is,"['<|endoftext|>', 'A', ' decorative', ' image', ' is']",2,3,accessibility,pythia-1b
decorative_image,11,5,0.0133,decorative,image,A decorative image is,"['<|endoftext|>', 'A', ' decorative', ' image', ' is']",2,3,accessibility,pythia-1b
decorative_image,11,6,0.0156,decorative,image,A decorative image is,"['<|endoftext|>', 'A', ' decorative', ' image', ' is']",2,3,accessibility,pythia-1b
decorative_image,11,7,0.0185,decorative,image,A decorative image is,"['<|endoftext|>', 'A', ' decorative', ' image', ' is']",2,3,accessibility,pythia-1b
decorative_image,12,0,0.0202,decorative,image,A decorative image is,"['<|endoftext|>', 'A', ' decorative', ' image', ' is']",2,3,accessibility,pythia-1b
decorative_image,12,1,0.0986,decorative,image,A decorative image is,"['<|endoftext|>', 'A', ' decorative', ' image', ' is']",2,3,accessibility,pythia-1b
decorative_image,12,2,0.1617,decorative,image,A decorative image is,"['<|endoftext|>', 'A', ' decorative', ' image', ' is']",2,3,accessibility,pythia-1b
decorative_image,12,3,0.0396,decorative,image,A decorative image is,"['<|endoftext|>', 'A', ' decorative', ' image', ' is']",2,3,accessibility,pythia-1b
decorative_image,12,4,0.0437,decorative,image,A decorative image is,"['<|endoftext|>', 'A', ' decorative', ' image', ' is']",2,3,accessibility,pythia-1b
decorative_image,12,5,0.0105,decorative,image,A decorative image is,"['<|endoftext|>', 'A', ' decorative', ' image', ' is']",2,3,accessibility,pythia-1b
decorative_image,12,6,0.0067,decorative,image,A decorative image is,"['<|endoftext|>', 'A', ' decorative', ' image', ' is']",2,3,accessibility,pythia-1b
decorative_image,12,7,0.0416,decorative,image,A decorative image is,"['<|endoftext|>', 'A', ' decorative', ' image', ' is']",2,3,accessibility,pythia-1b
decorative_image,13,0,0.2925,decorative,image,A decorative image is,"['<|endoftext|>', 'A', ' decorative', ' image', ' is']",2,3,accessibility,pythia-1b
decorative_image,13,1,0.1569,decorative,image,A decorative image is,"['<|endoftext|>', 'A', ' decorative', ' image', ' is']",2,3,accessibility,pythia-1b
decorative_image,13,2,0.0675,decorative,image,A decorative image is,"['<|endoftext|>', 'A', ' decorative', ' image', ' is']",2,3,accessibility,pythia-1b
decorative_image,13,3,0.0616,decorative,image,A decorative image is,"['<|endoftext|>', 'A', ' decorative', ' image', ' is']",2,3,accessibility,pythia-1b
decorative_image,13,4,0.4639,decorative,image,A decorative image is,"['<|endoftext|>', 'A', ' decorative', ' image', ' is']",2,3,accessibility,pythia-1b
decorative_image,13,5,0.0073,decorative,image,A decorative image is,"['<|endoftext|>', 'A', ' decorative', ' image', ' is']",2,3,accessibility,pythia-1b
decorative_image,13,6,0.0068,decorative,image,A decorative image is,"['<|endoftext|>', 'A', ' decorative', ' image', ' is']",2,3,accessibility,pythia-1b
decorative_image,13,7,0.1002,decorative,image,A decorative image is,"['<|endoftext|>', 'A', ' decorative', ' image', ' is']",2,3,accessibility,pythia-1b
decorative_image,14,0,0.1135,decorative,image,A decorative image is,"['<|endoftext|>', 'A', ' decorative', ' image', ' is']",2,3,accessibility,pythia-1b
decorative_image,14,1,0.0958,decorative,image,A decorative image is,"['<|endoftext|>', 'A', ' decorative', ' image', ' is']",2,3,accessibility,pythia-1b
decorative_image,14,2,0.1837,decorative,image,A decorative image is,"['<|endoftext|>', 'A', ' decorative', ' image', ' is']",2,3,accessibility,pythia-1b
decorative_image,14,3,0.3534,decorative,image,A decorative image is,"['<|endoftext|>', 'A', ' decorative', ' image', ' is']",2,3,accessibility,pythia-1b
decorative_image,14,4,0.0852,decorative,image,A decorative image is,"['<|endoftext|>', 'A', ' decorative', ' image', ' is']",2,3,accessibility,pythia-1b
decorative_image,14,5,0.0809,decorative,image,A decorative image is,"['<|endoftext|>', 'A', ' decorative', ' image', ' is']",2,3,accessibility,pythia-1b
decorative_image,14,6,0.0055,decorative,image,A decorative image is,"['<|endoftext|>', 'A', ' decorative', ' image', ' is']",2,3,accessibility,pythia-1b
decorative_image,14,7,0.0351,decorative,image,A decorative image is,"['<|endoftext|>', 'A', ' decorative', ' image', ' is']",2,3,accessibility,pythia-1b
decorative_image,15,0,0.1339,decorative,image,A decorative image is,"['<|endoftext|>', 'A', ' decorative', ' image', ' is']",2,3,accessibility,pythia-1b
decorative_image,15,1,0.0152,decorative,image,A decorative image is,"['<|endoftext|>', 'A', ' decorative', ' image', ' is']",2,3,accessibility,pythia-1b
decorative_image,15,2,0.0816,decorative,image,A decorative image is,"['<|endoftext|>', 'A', ' decorative', ' image', ' is']",2,3,accessibility,pythia-1b
decorative_image,15,3,0.0176,decorative,image,A decorative image is,"['<|endoftext|>', 'A', ' decorative', ' image', ' is']",2,3,accessibility,pythia-1b
decorative_image,15,4,0.0318,decorative,image,A decorative image is,"['<|endoftext|>', 'A', ' decorative', ' image', ' is']",2,3,accessibility,pythia-1b
decorative_image,15,5,0.1732,decorative,image,A decorative image is,"['<|endoftext|>', 'A', ' decorative', ' image', ' is']",2,3,accessibility,pythia-1b
decorative_image,15,6,0.0342,decorative,image,A decorative image is,"['<|endoftext|>', 'A', ' decorative', ' image', ' is']",2,3,accessibility,pythia-1b
decorative_image,15,7,0.1842,decorative,image,A decorative image is,"['<|endoftext|>', 'A', ' decorative', ' image', ' is']",2,3,accessibility,pythia-1b
informative_image,0,0,0.2491,informative,image,An informative image is,"['<|endoftext|>', 'An', ' informative', ' image', ' is']",2,3,accessibility,pythia-1b
informative_image,0,1,0.463,informative,image,An informative image is,"['<|endoftext|>', 'An', ' informative', ' image', ' is']",2,3,accessibility,pythia-1b
informative_image,0,2,0.0,informative,image,An informative image is,"['<|endoftext|>', 'An', ' informative', ' image', ' is']",2,3,accessibility,pythia-1b
informative_image,0,3,0.2857,informative,image,An informative image is,"['<|endoftext|>', 'An', ' informative', ' image', ' is']",2,3,accessibility,pythia-1b
informative_image,0,4,0.0367,informative,image,An informative image is,"['<|endoftext|>', 'An', ' informative', ' image', ' is']",2,3,accessibility,pythia-1b
informative_image,0,5,0.1511,informative,image,An informative image is,"['<|endoftext|>', 'An', ' informative', ' image', ' is']",2,3,accessibility,pythia-1b
informative_image,0,6,0.062,informative,image,An informative image is,"['<|endoftext|>', 'An', ' informative', ' image', ' is']",2,3,accessibility,pythia-1b
informative_image,0,7,0.0075,informative,image,An informative image is,"['<|endoftext|>', 'An', ' informative', ' image', ' is']",2,3,accessibility,pythia-1b
informative_image,1,0,0.2678,informative,image,An informative image is,"['<|endoftext|>', 'An', ' informative', ' image', ' is']",2,3,accessibility,pythia-1b
informative_image,1,1,0.0638,informative,image,An informative image is,"['<|endoftext|>', 'An', ' informative', ' image', ' is']",2,3,accessibility,pythia-1b
informative_image,1,2,0.2352,informative,image,An informative image is,"['<|endoftext|>', 'An', ' informative', ' image', ' is']",2,3,accessibility,pythia-1b
informative_image,1,3,0.387,informative,image,An informative image is,"['<|endoftext|>', 'An', ' informative', ' image', ' is']",2,3,accessibility,pythia-1b
informative_image,1,4,0.1227,informative,image,An informative image is,"['<|endoftext|>', 'An', ' informative', ' image', ' is']",2,3,accessibility,pythia-1b
informative_image,1,5,0.3836,informative,image,An informative image is,"['<|endoftext|>', 'An', ' informative', ' image', ' is']",2,3,accessibility,pythia-1b
informative_image,1,6,0.1937,informative,image,An informative image is,"['<|endoftext|>', 'An', ' informative', ' image', ' is']",2,3,accessibility,pythia-1b
informative_image,1,7,0.0027,informative,image,An informative image is,"['<|endoftext|>', 'An', ' informative', ' image', ' is']",2,3,accessibility,pythia-1b
informative_image,2,0,0.226,informative,image,An informative image is,"['<|endoftext|>', 'An', ' informative', ' image', ' is']",2,3,accessibility,pythia-1b
informative_image,2,1,0.1778,informative,image,An informative image is,"['<|endoftext|>', 'An', ' informative', ' image', ' is']",2,3,accessibility,pythia-1b
informative_image,2,2,0.3059,informative,image,An informative image is,"['<|endoftext|>', 'An', ' informative', ' image', ' is']",2,3,accessibility,pythia-1b
informative_image,2,3,0.135,informative,image,An informative image is,"['<|endoftext|>', 'An', ' informative', ' image', ' is']",2,3,accessibility,pythia-1b
informative_image,2,4,0.2662,informative,image,An informative image is,"['<|endoftext|>', 'An', ' informative', ' image', ' is']",2,3,accessibility,pythia-1b
informative_image,2,5,0.1142,informative,image,An informative image is,"['<|endoftext|>', 'An', ' informative', ' image', ' is']",2,3,accessibility,pythia-1b
informative_image,2,6,0.2219,informative,image,An informative image is,"['<|endoftext|>', 'An', ' informative', ' image', ' is']",2,3,accessibility,pythia-1b
informative_image,2,7,0.1247,informative,image,An informative image is,"['<|endoftext|>', 'An', ' informative', ' image', ' is']",2,3,accessibility,pythia-1b
informative_image,3,0,0.0415,informative,image,An informative image is,"['<|endoftext|>', 'An', ' informative', ' image', ' is']",2,3,accessibility,pythia-1b
informative_image,3,1,0.2542,informative,image,An informative image is,"['<|endoftext|>', 'An', ' informative', ' image', ' is']",2,3,accessibility,pythia-1b
informative_image,3,2,0.1518,informative,image,An informative image is,"['<|endoftext|>', 'An', ' informative', ' image', ' is']",2,3,accessibility,pythia-1b
informative_image,3,3,0.0521,informative,image,An informative image is,"['<|endoftext|>', 'An', ' informative', ' image', ' is']",2,3,accessibility,pythia-1b
informative_image,3,4,0.4138,informative,image,An informative image is,"['<|endoftext|>', 'An', ' informative', ' image', ' is']",2,3,accessibility,pythia-1b
informative_image,3,5,0.9931,informative,image,An informative image is,"['<|endoftext|>', 'An', ' informative', ' image', ' is']",2,3,accessibility,pythia-1b
informative_image,3,6,0.4312,informative,image,An informative image is,"['<|endoftext|>', 'An', ' informative', ' image', ' is']",2,3,accessibility,pythia-1b
informative_image,3,7,0.0111,informative,image,An informative image is,"['<|endoftext|>', 'An', ' informative', ' image', ' is']",2,3,accessibility,pythia-1b
informative_image,4,0,0.0129,informative,image,An informative image is,"['<|endoftext|>', 'An', ' informative', ' image', ' is']",2,3,accessibility,pythia-1b
informative_image,4,1,0.02,informative,image,An informative image is,"['<|endoftext|>', 'An', ' informative', ' image', ' is']",2,3,accessibility,pythia-1b
informative_image,4,2,0.0172,informative,image,An informative image is,"['<|endoftext|>', 'An', ' informative', ' image', ' is']",2,3,accessibility,pythia-1b
informative_image,4,3,0.0162,informative,image,An informative image is,"['<|endoftext|>', 'An', ' informative', ' image', ' is']",2,3,accessibility,pythia-1b
informative_image,4,4,0.0001,informative,image,An informative image is,"['<|endoftext|>', 'An', ' informative', ' image', ' is']",2,3,accessibility,pythia-1b
informative_image,4,5,0.0017,informative,image,An informative image is,"['<|endoftext|>', 'An', ' informative', ' image', ' is']",2,3,accessibility,pythia-1b
informative_image,4,6,0.0342,informative,image,An informative image is,"['<|endoftext|>', 'An', ' informative', ' image', ' is']",2,3,accessibility,pythia-1b
informative_image,4,7,0.0622,informative,image,An informative image is,"['<|endoftext|>', 'An', ' informative', ' image', ' is']",2,3,accessibility,pythia-1b
informative_image,5,0,0.1271,informative,image,An informative image is,"['<|endoftext|>', 'An', ' informative', ' image', ' is']",2,3,accessibility,pythia-1b
informative_image,5,1,0.0,informative,image,An informative image is,"['<|endoftext|>', 'An', ' informative', ' image', ' is']",2,3,accessibility,pythia-1b
informative_image,5,2,0.1618,informative,image,An informative image is,"['<|endoftext|>', 'An', ' informative', ' image', ' is']",2,3,accessibility,pythia-1b
informative_image,5,3,0.0898,informative,image,An informative image is,"['<|endoftext|>', 'An', ' informative', ' image', ' is']",2,3,accessibility,pythia-1b
informative_image,5,4,0.0291,informative,image,An informative image is,"['<|endoftext|>', 'An', ' informative', ' image', ' is']",2,3,accessibility,pythia-1b
informative_image,5,5,0.6199,informative,image,An informative image is,"['<|endoftext|>', 'An', ' informative', ' image', ' is']",2,3,accessibility,pythia-1b
informative_image,5,6,0.0007,informative,image,An informative image is,"['<|endoftext|>', 'An', ' informative', ' image', ' is']",2,3,accessibility,pythia-1b
informative_image,5,7,0.0003,informative,image,An informative image is,"['<|endoftext|>', 'An', ' informative', ' image', ' is']",2,3,accessibility,pythia-1b
informative_image,6,0,0.2054,informative,image,An informative image is,"['<|endoftext|>', 'An', ' informative', ' image', ' is']",2,3,accessibility,pythia-1b
informative_image,6,1,0.0048,informative,image,An informative image is,"['<|endoftext|>', 'An', ' informative', ' image', ' is']",2,3,accessibility,pythia-1b
informative_image,6,2,0.0045,informative,image,An informative image is,"['<|endoftext|>', 'An', ' informative', ' image', ' is']",2,3,accessibility,pythia-1b
informative_image,6,3,0.7705,informative,image,An informative image is,"['<|endoftext|>', 'An', ' informative', ' image', ' is']",2,3,accessibility,pythia-1b
informative_image,6,4,0.0194,informative,image,An informative image is,"['<|endoftext|>', 'An', ' informative', ' image', ' is']",2,3,accessibility,pythia-1b
informative_image,6,5,0.1461,informative,image,An informative image is,"['<|endoftext|>', 'An', ' informative', ' image', ' is']",2,3,accessibility,pythia-1b
informative_image,6,6,0.0298,informative,image,An informative image is,"['<|endoftext|>', 'An', ' informative', ' image', ' is']",2,3,accessibility,pythia-1b
informative_image,6,7,0.0006,informative,image,An informative image is,"['<|endoftext|>', 'An', ' informative', ' image', ' is']",2,3,accessibility,pythia-1b
informative_image,7,0,0.0009,informative,image,An informative image is,"['<|endoftext|>', 'An', ' informative', ' image', ' is']",2,3,accessibility,pythia-1b
informative_image,7,1,0.0,informative,image,An informative image is,"['<|endoftext|>', 'An', ' informative', ' image', ' is']",2,3,accessibility,pythia-1b
informative_image,7,2,0.0013,informative,image,An informative image is,"['<|endoftext|>', 'An', ' informative', ' image', ' is']",2,3,accessibility,pythia-1b
informative_image,7,3,0.0766,informative,image,An informative image is,"['<|endoftext|>', 'An', ' informative', ' image', ' is']",2,3,accessibility,pythia-1b
informative_image,7,4,0.0471,informative,image,An informative image is,"['<|endoftext|>', 'An', ' informative', ' image', ' is']",2,3,accessibility,pythia-1b
informative_image,7,5,0.0503,informative,image,An informative image is,"['<|endoftext|>', 'An', ' informative', ' image', ' is']",2,3,accessibility,pythia-1b
informative_image,7,6,0.2774,informative,image,An informative image is,"['<|endoftext|>', 'An', ' informative', ' image', ' is']",2,3,accessibility,pythia-1b
informative_image,7,7,0.0129,informative,image,An informative image is,"['<|endoftext|>', 'An', ' informative', ' image', ' is']",2,3,accessibility,pythia-1b
informative_image,8,0,0.0028,informative,image,An informative image is,"['<|endoftext|>', 'An', ' informative', ' image', ' is']",2,3,accessibility,pythia-1b
informative_image,8,1,0.0242,informative,image,An informative image is,"['<|endoftext|>', 'An', ' informative', ' image', ' is']",2,3,accessibility,pythia-1b
informative_image,8,2,0.0642,informative,image,An informative image is,"['<|endoftext|>', 'An', ' informative', ' image', ' is']",2,3,accessibility,pythia-1b
informative_image,8,3,0.284,informative,image,An informative image is,"['<|endoftext|>', 'An', ' informative', ' image', ' is']",2,3,accessibility,pythia-1b
informative_image,8,4,0.0266,informative,image,An informative image is,"['<|endoftext|>', 'An', ' informative', ' image', ' is']",2,3,accessibility,pythia-1b
informative_image,8,5,0.0035,informative,image,An informative image is,"['<|endoftext|>', 'An', ' informative', ' image', ' is']",2,3,accessibility,pythia-1b
informative_image,8,6,0.0015,informative,image,An informative image is,"['<|endoftext|>', 'An', ' informative', ' image', ' is']",2,3,accessibility,pythia-1b
informative_image,8,7,0.0955,informative,image,An informative image is,"['<|endoftext|>', 'An', ' informative', ' image', ' is']",2,3,accessibility,pythia-1b
informative_image,9,0,0.0785,informative,image,An informative image is,"['<|endoftext|>', 'An', ' informative', ' image', ' is']",2,3,accessibility,pythia-1b
informative_image,9,1,0.0116,informative,image,An informative image is,"['<|endoftext|>', 'An', ' informative', ' image', ' is']",2,3,accessibility,pythia-1b
informative_image,9,2,0.1201,informative,image,An informative image is,"['<|endoftext|>', 'An', ' informative', ' image', ' is']",2,3,accessibility,pythia-1b
informative_image,9,3,0.1048,informative,image,An informative image is,"['<|endoftext|>', 'An', ' informative', ' image', ' is']",2,3,accessibility,pythia-1b
informative_image,9,4,0.007,informative,image,An informative image is,"['<|endoftext|>', 'An', ' informative', ' image', ' is']",2,3,accessibility,pythia-1b
informative_image,9,5,0.0306,informative,image,An informative image is,"['<|endoftext|>', 'An', ' informative', ' image', ' is']",2,3,accessibility,pythia-1b
informative_image,9,6,0.1408,informative,image,An informative image is,"['<|endoftext|>', 'An', ' informative', ' image', ' is']",2,3,accessibility,pythia-1b
informative_image,9,7,0.2454,informative,image,An informative image is,"['<|endoftext|>', 'An', ' informative', ' image', ' is']",2,3,accessibility,pythia-1b
informative_image,10,0,0.0102,informative,image,An informative image is,"['<|endoftext|>', 'An', ' informative', ' image', ' is']",2,3,accessibility,pythia-1b
informative_image,10,1,0.2954,informative,image,An informative image is,"['<|endoftext|>', 'An', ' informative', ' image', ' is']",2,3,accessibility,pythia-1b
informative_image,10,2,0.0085,informative,image,An informative image is,"['<|endoftext|>', 'An', ' informative', ' image', ' is']",2,3,accessibility,pythia-1b
informative_image,10,3,0.0569,informative,image,An informative image is,"['<|endoftext|>', 'An', ' informative', ' image', ' is']",2,3,accessibility,pythia-1b
informative_image,10,4,0.004,informative,image,An informative image is,"['<|endoftext|>', 'An', ' informative', ' image', ' is']",2,3,accessibility,pythia-1b
informative_image,10,5,0.0009,informative,image,An informative image is,"['<|endoftext|>', 'An', ' informative', ' image', ' is']",2,3,accessibility,pythia-1b
informative_image,10,6,0.0023,informative,image,An informative image is,"['<|endoftext|>', 'An', ' informative', ' image', ' is']",2,3,accessibility,pythia-1b
informative_image,10,7,0.0336,informative,image,An informative image is,"['<|endoftext|>', 'An', ' informative', ' image', ' is']",2,3,accessibility,pythia-1b
informative_image,11,0,0.029,informative,image,An informative image is,"['<|endoftext|>', 'An', ' informative', ' image', ' is']",2,3,accessibility,pythia-1b
informative_image,11,1,0.011,informative,image,An informative image is,"['<|endoftext|>', 'An', ' informative', ' image', ' is']",2,3,accessibility,pythia-1b
informative_image,11,2,0.0076,informative,image,An informative image is,"['<|endoftext|>', 'An', ' informative', ' image', ' is']",2,3,accessibility,pythia-1b
informative_image,11,3,0.0055,informative,image,An informative image is,"['<|endoftext|>', 'An', ' informative', ' image', ' is']",2,3,accessibility,pythia-1b
informative_image,11,4,0.0953,informative,image,An informative image is,"['<|endoftext|>', 'An', ' informative', ' image', ' is']",2,3,accessibility,pythia-1b
informative_image,11,5,0.0085,informative,image,An informative image is,"['<|endoftext|>', 'An', ' informative', ' image', ' is']",2,3,accessibility,pythia-1b
informative_image,11,6,0.0116,informative,image,An informative image is,"['<|endoftext|>', 'An', ' informative', ' image', ' is']",2,3,accessibility,pythia-1b
informative_image,11,7,0.0078,informative,image,An informative image is,"['<|endoftext|>', 'An', ' informative', ' image', ' is']",2,3,accessibility,pythia-1b
informative_image,12,0,0.0074,informative,image,An informative image is,"['<|endoftext|>', 'An', ' informative', ' image', ' is']",2,3,accessibility,pythia-1b
informative_image,12,1,0.0372,informative,image,An informative image is,"['<|endoftext|>', 'An', ' informative', ' image', ' is']",2,3,accessibility,pythia-1b
informative_image,12,2,0.17,informative,image,An informative image is,"['<|endoftext|>', 'An', ' informative', ' image', ' is']",2,3,accessibility,pythia-1b
informative_image,12,3,0.0064,informative,image,An informative image is,"['<|endoftext|>', 'An', ' informative', ' image', ' is']",2,3,accessibility,pythia-1b
informative_image,12,4,0.0844,informative,image,An informative image is,"['<|endoftext|>', 'An', ' informative', ' image', ' is']",2,3,accessibility,pythia-1b
informative_image,12,5,0.0218,informative,image,An informative image is,"['<|endoftext|>', 'An', ' informative', ' image', ' is']",2,3,accessibility,pythia-1b
informative_image,12,6,0.0065,informative,image,An informative image is,"['<|endoftext|>', 'An', ' informative', ' image', ' is']",2,3,accessibility,pythia-1b
informative_image,12,7,0.0273,informative,image,An informative image is,"['<|endoftext|>', 'An', ' informative', ' image', ' is']",2,3,accessibility,pythia-1b
informative_image,13,0,0.1851,informative,image,An informative image is,"['<|endoftext|>', 'An', ' informative', ' image', ' is']",2,3,accessibility,pythia-1b
informative_image,13,1,0.0801,informative,image,An informative image is,"['<|endoftext|>', 'An', ' informative', ' image', ' is']",2,3,accessibility,pythia-1b
informative_image,13,2,0.0059,informative,image,An informative image is,"['<|endoftext|>', 'An', ' informative', ' image', ' is']",2,3,accessibility,pythia-1b
informative_image,13,3,0.0315,informative,image,An informative image is,"['<|endoftext|>', 'An', ' informative', ' image', ' is']",2,3,accessibility,pythia-1b
informative_image,13,4,0.4009,informative,image,An informative image is,"['<|endoftext|>', 'An', ' informative', ' image', ' is']",2,3,accessibility,pythia-1b
informative_image,13,5,0.0048,informative,image,An informative image is,"['<|endoftext|>', 'An', ' informative', ' image', ' is']",2,3,accessibility,pythia-1b
informative_image,13,6,0.0036,informative,image,An informative image is,"['<|endoftext|>', 'An', ' informative', ' image', ' is']",2,3,accessibility,pythia-1b
informative_image,13,7,0.1142,informative,image,An informative image is,"['<|endoftext|>', 'An', ' informative', ' image', ' is']",2,3,accessibility,pythia-1b
informative_image,14,0,0.0491,informative,image,An informative image is,"['<|endoftext|>', 'An', ' informative', ' image', ' is']",2,3,accessibility,pythia-1b
informative_image,14,1,0.0862,informative,image,An informative image is,"['<|endoftext|>', 'An', ' informative', ' image', ' is']",2,3,accessibility,pythia-1b
informative_image,14,2,0.0727,informative,image,An informative image is,"['<|endoftext|>', 'An', ' informative', ' image', ' is']",2,3,accessibility,pythia-1b
informative_image,14,3,0.1624,informative,image,An informative image is,"['<|endoftext|>', 'An', ' informative', ' image', ' is']",2,3,accessibility,pythia-1b
informative_image,14,4,0.2347,informative,image,An informative image is,"['<|endoftext|>', 'An', ' informative', ' image', ' is']",2,3,accessibility,pythia-1b
informative_image,14,5,0.1362,informative,image,An informative image is,"['<|endoftext|>', 'An', ' informative', ' image', ' is']",2,3,accessibility,pythia-1b
informative_image,14,6,0.0141,informative,image,An informative image is,"['<|endoftext|>', 'An', ' informative', ' image', ' is']",2,3,accessibility,pythia-1b
informative_image,14,7,0.0188,informative,image,An informative image is,"['<|endoftext|>', 'An', ' informative', ' image', ' is']",2,3,accessibility,pythia-1b
informative_image,15,0,0.1956,informative,image,An informative image is,"['<|endoftext|>', 'An', ' informative', ' image', ' is']",2,3,accessibility,pythia-1b
informative_image,15,1,0.0216,informative,image,An informative image is,"['<|endoftext|>', 'An', ' informative', ' image', ' is']",2,3,accessibility,pythia-1b
informative_image,15,2,0.0993,informative,image,An informative image is,"['<|endoftext|>', 'An', ' informative', ' image', ' is']",2,3,accessibility,pythia-1b
informative_image,15,3,0.008,informative,image,An informative image is,"['<|endoftext|>', 'An', ' informative', ' image', ' is']",2,3,accessibility,pythia-1b
informative_image,15,4,0.0302,informative,image,An informative image is,"['<|endoftext|>', 'An', ' informative', ' image', ' is']",2,3,accessibility,pythia-1b
informative_image,15,5,0.2369,informative,image,An informative image is,"['<|endoftext|>', 'An', ' informative', ' image', ' is']",2,3,accessibility,pythia-1b
informative_image,15,6,0.016,informative,image,An informative image is,"['<|endoftext|>', 'An', ' informative', ' image', ' is']",2,3,accessibility,pythia-1b
informative_image,15,7,0.1066,informative,image,An informative image is,"['<|endoftext|>', 'An', ' informative', ' image', ' is']",2,3,accessibility,pythia-1b
responsive_design,0,0,0.1306,responsive,design,Responsive design is,"['<|endoftext|>', 'Resp', 'ons', 'ive', ' design', ' is']",3,4,accessibility,pythia-1b
responsive_design,0,1,0.2189,responsive,design,Responsive design is,"['<|endoftext|>', 'Resp', 'ons', 'ive', ' design', ' is']",3,4,accessibility,pythia-1b
responsive_design,0,2,0.0,responsive,design,Responsive design is,"['<|endoftext|>', 'Resp', 'ons', 'ive', ' design', ' is']",3,4,accessibility,pythia-1b
responsive_design,0,3,0.2435,responsive,design,Responsive design is,"['<|endoftext|>', 'Resp', 'ons', 'ive', ' design', ' is']",3,4,accessibility,pythia-1b
responsive_design,0,4,0.0235,responsive,design,Responsive design is,"['<|endoftext|>', 'Resp', 'ons', 'ive', ' design', ' is']",3,4,accessibility,pythia-1b
responsive_design,0,5,0.2564,responsive,design,Responsive design is,"['<|endoftext|>', 'Resp', 'ons', 'ive', ' design', ' is']",3,4,accessibility,pythia-1b
responsive_design,0,6,0.0242,responsive,design,Responsive design is,"['<|endoftext|>', 'Resp', 'ons', 'ive', ' design', ' is']",3,4,accessibility,pythia-1b
responsive_design,0,7,0.0146,responsive,design,Responsive design is,"['<|endoftext|>', 'Resp', 'ons', 'ive', ' design', ' is']",3,4,accessibility,pythia-1b
responsive_design,1,0,0.09,responsive,design,Responsive design is,"['<|endoftext|>', 'Resp', 'ons', 'ive', ' design', ' is']",3,4,accessibility,pythia-1b
responsive_design,1,1,0.0353,responsive,design,Responsive design is,"['<|endoftext|>', 'Resp', 'ons', 'ive', ' design', ' is']",3,4,accessibility,pythia-1b
responsive_design,1,2,0.136,responsive,design,Responsive design is,"['<|endoftext|>', 'Resp', 'ons', 'ive', ' design', ' is']",3,4,accessibility,pythia-1b
responsive_design,1,3,0.4622,responsive,design,Responsive design is,"['<|endoftext|>', 'Resp', 'ons', 'ive', ' design', ' is']",3,4,accessibility,pythia-1b
responsive_design,1,4,0.5248,responsive,design,Responsive design is,"['<|endoftext|>', 'Resp', 'ons', 'ive', ' design', ' is']",3,4,accessibility,pythia-1b
responsive_design,1,5,0.1734,responsive,design,Responsive design is,"['<|endoftext|>', 'Resp', 'ons', 'ive', ' design', ' is']",3,4,accessibility,pythia-1b
responsive_design,1,6,0.1076,responsive,design,Responsive design is,"['<|endoftext|>', 'Resp', 'ons', 'ive', ' design', ' is']",3,4,accessibility,pythia-1b
responsive_design,1,7,0.0012,responsive,design,Responsive design is,"['<|endoftext|>', 'Resp', 'ons', 'ive', ' design', ' is']",3,4,accessibility,pythia-1b
responsive_design,2,0,0.3186,responsive,design,Responsive design is,"['<|endoftext|>', 'Resp', 'ons', 'ive', ' design', ' is']",3,4,accessibility,pythia-1b
responsive_design,2,1,0.1666,responsive,design,Responsive design is,"['<|endoftext|>', 'Resp', 'ons', 'ive', ' design', ' is']",3,4,accessibility,pythia-1b
responsive_design,2,2,0.1789,responsive,design,Responsive design is,"['<|endoftext|>', 'Resp', 'ons', 'ive', ' design', ' is']",3,4,accessibility,pythia-1b
responsive_design,2,3,0.3883,responsive,design,Responsive design is,"['<|endoftext|>', 'Resp', 'ons', 'ive', ' design', ' is']",3,4,accessibility,pythia-1b
responsive_design,2,4,0.1035,responsive,design,Responsive design is,"['<|endoftext|>', 'Resp', 'ons', 'ive', ' design', ' is']",3,4,accessibility,pythia-1b
responsive_design,2,5,0.044,responsive,design,Responsive design is,"['<|endoftext|>', 'Resp', 'ons', 'ive', ' design', ' is']",3,4,accessibility,pythia-1b
responsive_design,2,6,0.1119,responsive,design,Responsive design is,"['<|endoftext|>', 'Resp', 'ons', 'ive', ' design', ' is']",3,4,accessibility,pythia-1b
responsive_design,2,7,0.0131,responsive,design,Responsive design is,"['<|endoftext|>', 'Resp', 'ons', 'ive', ' design', ' is']",3,4,accessibility,pythia-1b
responsive_design,3,0,0.0399,responsive,design,Responsive design is,"['<|endoftext|>', 'Resp', 'ons', 'ive', ' design', ' is']",3,4,accessibility,pythia-1b
responsive_design,3,1,0.0568,responsive,design,Responsive design is,"['<|endoftext|>', 'Resp', 'ons', 'ive', ' design', ' is']",3,4,accessibility,pythia-1b
responsive_design,3,2,0.0486,responsive,design,Responsive design is,"['<|endoftext|>', 'Resp', 'ons', 'ive', ' design', ' is']",3,4,accessibility,pythia-1b
responsive_design,3,3,0.1295,responsive,design,Responsive design is,"['<|endoftext|>', 'Resp', 'ons', 'ive', ' design', ' is']",3,4,accessibility,pythia-1b
responsive_design,3,4,0.0215,responsive,design,Responsive design is,"['<|endoftext|>', 'Resp', 'ons', 'ive', ' design', ' is']",3,4,accessibility,pythia-1b
responsive_design,3,5,0.9995,responsive,design,Responsive design is,"['<|endoftext|>', 'Resp', 'ons', 'ive', ' design', ' is']",3,4,accessibility,pythia-1b
responsive_design,3,6,0.4629,responsive,design,Responsive design is,"['<|endoftext|>', 'Resp', 'ons', 'ive', ' design', ' is']",3,4,accessibility,pythia-1b
responsive_design,3,7,0.0675,responsive,design,Responsive design is,"['<|endoftext|>', 'Resp', 'ons', 'ive', ' design', ' is']",3,4,accessibility,pythia-1b
responsive_design,4,0,0.5091,responsive,design,Responsive design is,"['<|endoftext|>', 'Resp', 'ons', 'ive', ' design', ' is']",3,4,accessibility,pythia-1b
responsive_design,4,1,0.0059,responsive,design,Responsive design is,"['<|endoftext|>', 'Resp', 'ons', 'ive', ' design', ' is']",3,4,accessibility,pythia-1b
responsive_design,4,2,0.0091,responsive,design,Responsive design is,"['<|endoftext|>', 'Resp', 'ons', 'ive', ' design', ' is']",3,4,accessibility,pythia-1b
responsive_design,4,3,0.1351,responsive,design,Responsive design is,"['<|endoftext|>', 'Resp', 'ons', 'ive', ' design', ' is']",3,4,accessibility,pythia-1b
responsive_design,4,4,0.0001,responsive,design,Responsive design is,"['<|endoftext|>', 'Resp', 'ons', 'ive', ' design', ' is']",3,4,accessibility,pythia-1b
responsive_design,4,5,0.0001,responsive,design,Responsive design is,"['<|endoftext|>', 'Resp', 'ons', 'ive', ' design', ' is']",3,4,accessibility,pythia-1b
responsive_design,4,6,0.0091,responsive,design,Responsive design is,"['<|endoftext|>', 'Resp', 'ons', 'ive', ' design', ' is']",3,4,accessibility,pythia-1b
responsive_design,4,7,0.0286,responsive,design,Responsive design is,"['<|endoftext|>', 'Resp', 'ons', 'ive', ' design', ' is']",3,4,accessibility,pythia-1b
responsive_design,5,0,0.0433,responsive,design,Responsive design is,"['<|endoftext|>', 'Resp', 'ons', 'ive', ' design', ' is']",3,4,accessibility,pythia-1b
responsive_design,5,1,0.0001,responsive,design,Responsive design is,"['<|endoftext|>', 'Resp', 'ons', 'ive', ' design', ' is']",3,4,accessibility,pythia-1b
responsive_design,5,2,0.3123,responsive,design,Responsive design is,"['<|endoftext|>', 'Resp', 'ons', 'ive', ' design', ' is']",3,4,accessibility,pythia-1b
responsive_design,5,3,0.1223,responsive,design,Responsive design is,"['<|endoftext|>', 'Resp', 'ons', 'ive', ' design', ' is']",3,4,accessibility,pythia-1b
responsive_design,5,4,0.0714,responsive,design,Responsive design is,"['<|endoftext|>', 'Resp', 'ons', 'ive', ' design', ' is']",3,4,accessibility,pythia-1b
responsive_design,5,5,0.7695,responsive,design,Responsive design is,"['<|endoftext|>', 'Resp', 'ons', 'ive', ' design', ' is']",3,4,accessibility,pythia-1b
responsive_design,5,6,0.0021,responsive,design,Responsive design is,"['<|endoftext|>', 'Resp', 'ons', 'ive', ' design', ' is']",3,4,accessibility,pythia-1b
responsive_design,5,7,0.0002,responsive,design,Responsive design is,"['<|endoftext|>', 'Resp', 'ons', 'ive', ' design', ' is']",3,4,accessibility,pythia-1b
responsive_design,6,0,0.0143,responsive,design,Responsive design is,"['<|endoftext|>', 'Resp', 'ons', 'ive', ' design', ' is']",3,4,accessibility,pythia-1b
responsive_design,6,1,0.0112,responsive,design,Responsive design is,"['<|endoftext|>', 'Resp', 'ons', 'ive', ' design', ' is']",3,4,accessibility,pythia-1b
responsive_design,6,2,0.02,responsive,design,Responsive design is,"['<|endoftext|>', 'Resp', 'ons', 'ive', ' design', ' is']",3,4,accessibility,pythia-1b
responsive_design,6,3,0.884,responsive,design,Responsive design is,"['<|endoftext|>', 'Resp', 'ons', 'ive', ' design', ' is']",3,4,accessibility,pythia-1b
responsive_design,6,4,0.68,responsive,design,Responsive design is,"['<|endoftext|>', 'Resp', 'ons', 'ive', ' design', ' is']",3,4,accessibility,pythia-1b
responsive_design,6,5,0.1517,responsive,design,Responsive design is,"['<|endoftext|>', 'Resp', 'ons', 'ive', ' design', ' is']",3,4,accessibility,pythia-1b
responsive_design,6,6,0.0334,responsive,design,Responsive design is,"['<|endoftext|>', 'Resp', 'ons', 'ive', ' design', ' is']",3,4,accessibility,pythia-1b
responsive_design,6,7,0.0397,responsive,design,Responsive design is,"['<|endoftext|>', 'Resp', 'ons', 'ive', ' design', ' is']",3,4,accessibility,pythia-1b
responsive_design,7,0,0.002,responsive,design,Responsive design is,"['<|endoftext|>', 'Resp', 'ons', 'ive', ' design', ' is']",3,4,accessibility,pythia-1b
responsive_design,7,1,0.0,responsive,design,Responsive design is,"['<|endoftext|>', 'Resp', 'ons', 'ive', ' design', ' is']",3,4,accessibility,pythia-1b
responsive_design,7,2,0.014,responsive,design,Responsive design is,"['<|endoftext|>', 'Resp', 'ons', 'ive', ' design', ' is']",3,4,accessibility,pythia-1b
responsive_design,7,3,0.0246,responsive,design,Responsive design is,"['<|endoftext|>', 'Resp', 'ons', 'ive', ' design', ' is']",3,4,accessibility,pythia-1b
responsive_design,7,4,0.0152,responsive,design,Responsive design is,"['<|endoftext|>', 'Resp', 'ons', 'ive', ' design', ' is']",3,4,accessibility,pythia-1b
responsive_design,7,5,0.056,responsive,design,Responsive design is,"['<|endoftext|>', 'Resp', 'ons', 'ive', ' design', ' is']",3,4,accessibility,pythia-1b
responsive_design,7,6,0.125,responsive,design,Responsive design is,"['<|endoftext|>', 'Resp', 'ons', 'ive', ' design', ' is']",3,4,accessibility,pythia-1b
responsive_design,7,7,0.0642,responsive,design,Responsive design is,"['<|endoftext|>', 'Resp', 'ons', 'ive', ' design', ' is']",3,4,accessibility,pythia-1b
responsive_design,8,0,0.0052,responsive,design,Responsive design is,"['<|endoftext|>', 'Resp', 'ons', 'ive', ' design', ' is']",3,4,accessibility,pythia-1b
responsive_design,8,1,0.0652,responsive,design,Responsive design is,"['<|endoftext|>', 'Resp', 'ons', 'ive', ' design', ' is']",3,4,accessibility,pythia-1b
responsive_design,8,2,0.0506,responsive,design,Responsive design is,"['<|endoftext|>', 'Resp', 'ons', 'ive', ' design', ' is']",3,4,accessibility,pythia-1b
responsive_design,8,3,0.3122,responsive,design,Responsive design is,"['<|endoftext|>', 'Resp', 'ons', 'ive', ' design', ' is']",3,4,accessibility,pythia-1b
responsive_design,8,4,0.0014,responsive,design,Responsive design is,"['<|endoftext|>', 'Resp', 'ons', 'ive', ' design', ' is']",3,4,accessibility,pythia-1b
responsive_design,8,5,0.0248,responsive,design,Responsive design is,"['<|endoftext|>', 'Resp', 'ons', 'ive', ' design', ' is']",3,4,accessibility,pythia-1b
responsive_design,8,6,0.0039,responsive,design,Responsive design is,"['<|endoftext|>', 'Resp', 'ons', 'ive', ' design', ' is']",3,4,accessibility,pythia-1b
responsive_design,8,7,0.1256,responsive,design,Responsive design is,"['<|endoftext|>', 'Resp', 'ons', 'ive', ' design', ' is']",3,4,accessibility,pythia-1b
responsive_design,9,0,0.1476,responsive,design,Responsive design is,"['<|endoftext|>', 'Resp', 'ons', 'ive', ' design', ' is']",3,4,accessibility,pythia-1b
responsive_design,9,1,0.0226,responsive,design,Responsive design is,"['<|endoftext|>', 'Resp', 'ons', 'ive', ' design', ' is']",3,4,accessibility,pythia-1b
responsive_design,9,2,0.0811,responsive,design,Responsive design is,"['<|endoftext|>', 'Resp', 'ons', 'ive', ' design', ' is']",3,4,accessibility,pythia-1b
responsive_design,9,3,0.111,responsive,design,Responsive design is,"['<|endoftext|>', 'Resp', 'ons', 'ive', ' design', ' is']",3,4,accessibility,pythia-1b
responsive_design,9,4,0.0128,responsive,design,Responsive design is,"['<|endoftext|>', 'Resp', 'ons', 'ive', ' design', ' is']",3,4,accessibility,pythia-1b
responsive_design,9,5,0.0082,responsive,design,Responsive design is,"['<|endoftext|>', 'Resp', 'ons', 'ive', ' design', ' is']",3,4,accessibility,pythia-1b
responsive_design,9,6,0.4264,responsive,design,Responsive design is,"['<|endoftext|>', 'Resp', 'ons', 'ive', ' design', ' is']",3,4,accessibility,pythia-1b
responsive_design,9,7,0.2309,responsive,design,Responsive design is,"['<|endoftext|>', 'Resp', 'ons', 'ive', ' design', ' is']",3,4,accessibility,pythia-1b
responsive_design,10,0,0.0084,responsive,design,Responsive design is,"['<|endoftext|>', 'Resp', 'ons', 'ive', ' design', ' is']",3,4,accessibility,pythia-1b
responsive_design,10,1,0.1181,responsive,design,Responsive design is,"['<|endoftext|>', 'Resp', 'ons', 'ive', ' design', ' is']",3,4,accessibility,pythia-1b
responsive_design,10,2,0.0254,responsive,design,Responsive design is,"['<|endoftext|>', 'Resp', 'ons', 'ive', ' design', ' is']",3,4,accessibility,pythia-1b
responsive_design,10,3,0.1477,responsive,design,Responsive design is,"['<|endoftext|>', 'Resp', 'ons', 'ive', ' design', ' is']",3,4,accessibility,pythia-1b
responsive_design,10,4,0.02,responsive,design,Responsive design is,"['<|endoftext|>', 'Resp', 'ons', 'ive', ' design', ' is']",3,4,accessibility,pythia-1b
responsive_design,10,5,0.0043,responsive,design,Responsive design is,"['<|endoftext|>', 'Resp', 'ons', 'ive', ' design', ' is']",3,4,accessibility,pythia-1b
responsive_design,10,6,0.0015,responsive,design,Responsive design is,"['<|endoftext|>', 'Resp', 'ons', 'ive', ' design', ' is']",3,4,accessibility,pythia-1b
responsive_design,10,7,0.1204,responsive,design,Responsive design is,"['<|endoftext|>', 'Resp', 'ons', 'ive', ' design', ' is']",3,4,accessibility,pythia-1b
responsive_design,11,0,0.0792,responsive,design,Responsive design is,"['<|endoftext|>', 'Resp', 'ons', 'ive', ' design', ' is']",3,4,accessibility,pythia-1b
responsive_design,11,1,0.0198,responsive,design,Responsive design is,"['<|endoftext|>', 'Resp', 'ons', 'ive', ' design', ' is']",3,4,accessibility,pythia-1b
responsive_design,11,2,0.0414,responsive,design,Responsive design is,"['<|endoftext|>', 'Resp', 'ons', 'ive', ' design', ' is']",3,4,accessibility,pythia-1b
responsive_design,11,3,0.015,responsive,design,Responsive design is,"['<|endoftext|>', 'Resp', 'ons', 'ive', ' design', ' is']",3,4,accessibility,pythia-1b
responsive_design,11,4,0.1693,responsive,design,Responsive design is,"['<|endoftext|>', 'Resp', 'ons', 'ive', ' design', ' is']",3,4,accessibility,pythia-1b
responsive_design,11,5,0.0029,responsive,design,Responsive design is,"['<|endoftext|>', 'Resp', 'ons', 'ive', ' design', ' is']",3,4,accessibility,pythia-1b
responsive_design,11,6,0.0115,responsive,design,Responsive design is,"['<|endoftext|>', 'Resp', 'ons', 'ive', ' design', ' is']",3,4,accessibility,pythia-1b
responsive_design,11,7,0.002,responsive,design,Responsive design is,"['<|endoftext|>', 'Resp', 'ons', 'ive', ' design', ' is']",3,4,accessibility,pythia-1b
responsive_design,12,0,0.0224,responsive,design,Responsive design is,"['<|endoftext|>', 'Resp', 'ons', 'ive', ' design', ' is']",3,4,accessibility,pythia-1b
responsive_design,12,1,0.0219,responsive,design,Responsive design is,"['<|endoftext|>', 'Resp', 'ons', 'ive', ' design', ' is']",3,4,accessibility,pythia-1b
responsive_design,12,2,0.1446,responsive,design,Responsive design is,"['<|endoftext|>', 'Resp', 'ons', 'ive', ' design', ' is']",3,4,accessibility,pythia-1b
responsive_design,12,3,0.0217,responsive,design,Responsive design is,"['<|endoftext|>', 'Resp', 'ons', 'ive', ' design', ' is']",3,4,accessibility,pythia-1b
responsive_design,12,4,0.0101,responsive,design,Responsive design is,"['<|endoftext|>', 'Resp', 'ons', 'ive', ' design', ' is']",3,4,accessibility,pythia-1b
responsive_design,12,5,0.02,responsive,design,Responsive design is,"['<|endoftext|>', 'Resp', 'ons', 'ive', ' design', ' is']",3,4,accessibility,pythia-1b
responsive_design,12,6,0.0029,responsive,design,Responsive design is,"['<|endoftext|>', 'Resp', 'ons', 'ive', ' design', ' is']",3,4,accessibility,pythia-1b
responsive_design,12,7,0.0218,responsive,design,Responsive design is,"['<|endoftext|>', 'Resp', 'ons', 'ive', ' design', ' is']",3,4,accessibility,pythia-1b
responsive_design,13,0,0.1963,responsive,design,Responsive design is,"['<|endoftext|>', 'Resp', 'ons', 'ive', ' design', ' is']",3,4,accessibility,pythia-1b
responsive_design,13,1,0.0811,responsive,design,Responsive design is,"['<|endoftext|>', 'Resp', 'ons', 'ive', ' design', ' is']",3,4,accessibility,pythia-1b
responsive_design,13,2,0.0223,responsive,design,Responsive design is,"['<|endoftext|>', 'Resp', 'ons', 'ive', ' design', ' is']",3,4,accessibility,pythia-1b
responsive_design,13,3,0.0477,responsive,design,Responsive design is,"['<|endoftext|>', 'Resp', 'ons', 'ive', ' design', ' is']",3,4,accessibility,pythia-1b
responsive_design,13,4,0.3456,responsive,design,Responsive design is,"['<|endoftext|>', 'Resp', 'ons', 'ive', ' design', ' is']",3,4,accessibility,pythia-1b
responsive_design,13,5,0.0665,responsive,design,Responsive design is,"['<|endoftext|>', 'Resp', 'ons', 'ive', ' design', ' is']",3,4,accessibility,pythia-1b
responsive_design,13,6,0.0082,responsive,design,Responsive design is,"['<|endoftext|>', 'Resp', 'ons', 'ive', ' design', ' is']",3,4,accessibility,pythia-1b
responsive_design,13,7,0.0495,responsive,design,Responsive design is,"['<|endoftext|>', 'Resp', 'ons', 'ive', ' design', ' is']",3,4,accessibility,pythia-1b
responsive_design,14,0,0.1306,responsive,design,Responsive design is,"['<|endoftext|>', 'Resp', 'ons', 'ive', ' design', ' is']",3,4,accessibility,pythia-1b
responsive_design,14,1,0.1506,responsive,design,Responsive design is,"['<|endoftext|>', 'Resp', 'ons', 'ive', ' design', ' is']",3,4,accessibility,pythia-1b
responsive_design,14,2,0.2295,responsive,design,Responsive design is,"['<|endoftext|>', 'Resp', 'ons', 'ive', ' design', ' is']",3,4,accessibility,pythia-1b
responsive_design,14,3,0.2819,responsive,design,Responsive design is,"['<|endoftext|>', 'Resp', 'ons', 'ive', ' design', ' is']",3,4,accessibility,pythia-1b
responsive_design,14,4,0.0771,responsive,design,Responsive design is,"['<|endoftext|>', 'Resp', 'ons', 'ive', ' design', ' is']",3,4,accessibility,pythia-1b
responsive_design,14,5,0.157,responsive,design,Responsive design is,"['<|endoftext|>', 'Resp', 'ons', 'ive', ' design', ' is']",3,4,accessibility,pythia-1b
responsive_design,14,6,0.0118,responsive,design,Responsive design is,"['<|endoftext|>', 'Resp', 'ons', 'ive', ' design', ' is']",3,4,accessibility,pythia-1b
responsive_design,14,7,0.0518,responsive,design,Responsive design is,"['<|endoftext|>', 'Resp', 'ons', 'ive', ' design', ' is']",3,4,accessibility,pythia-1b
responsive_design,15,0,0.0848,responsive,design,Responsive design is,"['<|endoftext|>', 'Resp', 'ons', 'ive', ' design', ' is']",3,4,accessibility,pythia-1b
responsive_design,15,1,0.0114,responsive,design,Responsive design is,"['<|endoftext|>', 'Resp', 'ons', 'ive', ' design', ' is']",3,4,accessibility,pythia-1b
responsive_design,15,2,0.0585,responsive,design,Responsive design is,"['<|endoftext|>', 'Resp', 'ons', 'ive', ' design', ' is']",3,4,accessibility,pythia-1b
responsive_design,15,3,0.0767,responsive,design,Responsive design is,"['<|endoftext|>', 'Resp', 'ons', 'ive', ' design', ' is']",3,4,accessibility,pythia-1b
responsive_design,15,4,0.0471,responsive,design,Responsive design is,"['<|endoftext|>', 'Resp', 'ons', 'ive', ' design', ' is']",3,4,accessibility,pythia-1b
responsive_design,15,5,0.0626,responsive,design,Responsive design is,"['<|endoftext|>', 'Resp', 'ons', 'ive', ' design', ' is']",3,4,accessibility,pythia-1b
responsive_design,15,6,0.0879,responsive,design,Responsive design is,"['<|endoftext|>', 'Resp', 'ons', 'ive', ' design', ' is']",3,4,accessibility,pythia-1b
responsive_design,15,7,0.2855,responsive,design,Responsive design is,"['<|endoftext|>', 'Resp', 'ons', 'ive', ' design', ' is']",3,4,accessibility,pythia-1b
empty_link,0,0,0.2369,empty,link,An empty link is,"['<|endoftext|>', 'An', ' empty', ' link', ' is']",2,3,accessibility,pythia-1b
empty_link,0,1,0.2816,empty,link,An empty link is,"['<|endoftext|>', 'An', ' empty', ' link', ' is']",2,3,accessibility,pythia-1b
empty_link,0,2,0.0,empty,link,An empty link is,"['<|endoftext|>', 'An', ' empty', ' link', ' is']",2,3,accessibility,pythia-1b
empty_link,0,3,0.2844,empty,link,An empty link is,"['<|endoftext|>', 'An', ' empty', ' link', ' is']",2,3,accessibility,pythia-1b
empty_link,0,4,0.0291,empty,link,An empty link is,"['<|endoftext|>', 'An', ' empty', ' link', ' is']",2,3,accessibility,pythia-1b
empty_link,0,5,0.0924,empty,link,An empty link is,"['<|endoftext|>', 'An', ' empty', ' link', ' is']",2,3,accessibility,pythia-1b
empty_link,0,6,0.0148,empty,link,An empty link is,"['<|endoftext|>', 'An', ' empty', ' link', ' is']",2,3,accessibility,pythia-1b
empty_link,0,7,0.0078,empty,link,An empty link is,"['<|endoftext|>', 'An', ' empty', ' link', ' is']",2,3,accessibility,pythia-1b
empty_link,1,0,0.3695,empty,link,An empty link is,"['<|endoftext|>', 'An', ' empty', ' link', ' is']",2,3,accessibility,pythia-1b
empty_link,1,1,0.0896,empty,link,An empty link is,"['<|endoftext|>', 'An', ' empty', ' link', ' is']",2,3,accessibility,pythia-1b
empty_link,1,2,0.1265,empty,link,An empty link is,"['<|endoftext|>', 'An', ' empty', ' link', ' is']",2,3,accessibility,pythia-1b
empty_link,1,3,0.7291,empty,link,An empty link is,"['<|endoftext|>', 'An', ' empty', ' link', ' is']",2,3,accessibility,pythia-1b
empty_link,1,4,0.3891,empty,link,An empty link is,"['<|endoftext|>', 'An', ' empty', ' link', ' is']",2,3,accessibility,pythia-1b
empty_link,1,5,0.3302,empty,link,An empty link is,"['<|endoftext|>', 'An', ' empty', ' link', ' is']",2,3,accessibility,pythia-1b
empty_link,1,6,0.2734,empty,link,An empty link is,"['<|endoftext|>', 'An', ' empty', ' link', ' is']",2,3,accessibility,pythia-1b
empty_link,1,7,0.001,empty,link,An empty link is,"['<|endoftext|>', 'An', ' empty', ' link', ' is']",2,3,accessibility,pythia-1b
empty_link,2,0,0.2454,empty,link,An empty link is,"['<|endoftext|>', 'An', ' empty', ' link', ' is']",2,3,accessibility,pythia-1b
empty_link,2,1,0.1473,empty,link,An empty link is,"['<|endoftext|>', 'An', ' empty', ' link', ' is']",2,3,accessibility,pythia-1b
empty_link,2,2,0.6667,empty,link,An empty link is,"['<|endoftext|>', 'An', ' empty', ' link', ' is']",2,3,accessibility,pythia-1b
empty_link,2,3,0.4267,empty,link,An empty link is,"['<|endoftext|>', 'An', ' empty', ' link', ' is']",2,3,accessibility,pythia-1b
empty_link,2,4,0.2785,empty,link,An empty link is,"['<|endoftext|>', 'An', ' empty', ' link', ' is']",2,3,accessibility,pythia-1b
empty_link,2,5,0.0589,empty,link,An empty link is,"['<|endoftext|>', 'An', ' empty', ' link', ' is']",2,3,accessibility,pythia-1b
empty_link,2,6,0.0802,empty,link,An empty link is,"['<|endoftext|>', 'An', ' empty', ' link', ' is']",2,3,accessibility,pythia-1b
empty_link,2,7,0.0277,empty,link,An empty link is,"['<|endoftext|>', 'An', ' empty', ' link', ' is']",2,3,accessibility,pythia-1b
empty_link,3,0,0.0496,empty,link,An empty link is,"['<|endoftext|>', 'An', ' empty', ' link', ' is']",2,3,accessibility,pythia-1b
empty_link,3,1,0.038,empty,link,An empty link is,"['<|endoftext|>', 'An', ' empty', ' link', ' is']",2,3,accessibility,pythia-1b
empty_link,3,2,0.3157,empty,link,An empty link is,"['<|endoftext|>', 'An', ' empty', ' link', ' is']",2,3,accessibility,pythia-1b
empty_link,3,3,0.0824,empty,link,An empty link is,"['<|endoftext|>', 'An', ' empty', ' link', ' is']",2,3,accessibility,pythia-1b
empty_link,3,4,0.3641,empty,link,An empty link is,"['<|endoftext|>', 'An', ' empty', ' link', ' is']",2,3,accessibility,pythia-1b
empty_link,3,5,0.9992,empty,link,An empty link is,"['<|endoftext|>', 'An', ' empty', ' link', ' is']",2,3,accessibility,pythia-1b
empty_link,3,6,0.2932,empty,link,An empty link is,"['<|endoftext|>', 'An', ' empty', ' link', ' is']",2,3,accessibility,pythia-1b
empty_link,3,7,0.2842,empty,link,An empty link is,"['<|endoftext|>', 'An', ' empty', ' link', ' is']",2,3,accessibility,pythia-1b
empty_link,4,0,0.0019,empty,link,An empty link is,"['<|endoftext|>', 'An', ' empty', ' link', ' is']",2,3,accessibility,pythia-1b
empty_link,4,1,0.0071,empty,link,An empty link is,"['<|endoftext|>', 'An', ' empty', ' link', ' is']",2,3,accessibility,pythia-1b
empty_link,4,2,0.0107,empty,link,An empty link is,"['<|endoftext|>', 'An', ' empty', ' link', ' is']",2,3,accessibility,pythia-1b
empty_link,4,3,0.0029,empty,link,An empty link is,"['<|endoftext|>', 'An', ' empty', ' link', ' is']",2,3,accessibility,pythia-1b
empty_link,4,4,0.0,empty,link,An empty link is,"['<|endoftext|>', 'An', ' empty', ' link', ' is']",2,3,accessibility,pythia-1b
empty_link,4,5,0.0028,empty,link,An empty link is,"['<|endoftext|>', 'An', ' empty', ' link', ' is']",2,3,accessibility,pythia-1b
empty_link,4,6,0.0714,empty,link,An empty link is,"['<|endoftext|>', 'An', ' empty', ' link', ' is']",2,3,accessibility,pythia-1b
empty_link,4,7,0.0144,empty,link,An empty link is,"['<|endoftext|>', 'An', ' empty', ' link', ' is']",2,3,accessibility,pythia-1b
empty_link,5,0,0.0753,empty,link,An empty link is,"['<|endoftext|>', 'An', ' empty', ' link', ' is']",2,3,accessibility,pythia-1b
empty_link,5,1,0.0,empty,link,An empty link is,"['<|endoftext|>', 'An', ' empty', ' link', ' is']",2,3,accessibility,pythia-1b
empty_link,5,2,0.0642,empty,link,An empty link is,"['<|endoftext|>', 'An', ' empty', ' link', ' is']",2,3,accessibility,pythia-1b
empty_link,5,3,0.0523,empty,link,An empty link is,"['<|endoftext|>', 'An', ' empty', ' link', ' is']",2,3,accessibility,pythia-1b
empty_link,5,4,0.0177,empty,link,An empty link is,"['<|endoftext|>', 'An', ' empty', ' link', ' is']",2,3,accessibility,pythia-1b
empty_link,5,5,0.3018,empty,link,An empty link is,"['<|endoftext|>', 'An', ' empty', ' link', ' is']",2,3,accessibility,pythia-1b
empty_link,5,6,0.0001,empty,link,An empty link is,"['<|endoftext|>', 'An', ' empty', ' link', ' is']",2,3,accessibility,pythia-1b
empty_link,5,7,0.0001,empty,link,An empty link is,"['<|endoftext|>', 'An', ' empty', ' link', ' is']",2,3,accessibility,pythia-1b
empty_link,6,0,0.4852,empty,link,An empty link is,"['<|endoftext|>', 'An', ' empty', ' link', ' is']",2,3,accessibility,pythia-1b
empty_link,6,1,0.026,empty,link,An empty link is,"['<|endoftext|>', 'An', ' empty', ' link', ' is']",2,3,accessibility,pythia-1b
empty_link,6,2,0.0247,empty,link,An empty link is,"['<|endoftext|>', 'An', ' empty', ' link', ' is']",2,3,accessibility,pythia-1b
empty_link,6,3,0.8203,empty,link,An empty link is,"['<|endoftext|>', 'An', ' empty', ' link', ' is']",2,3,accessibility,pythia-1b
empty_link,6,4,0.017,empty,link,An empty link is,"['<|endoftext|>', 'An', ' empty', ' link', ' is']",2,3,accessibility,pythia-1b
empty_link,6,5,0.0577,empty,link,An empty link is,"['<|endoftext|>', 'An', ' empty', ' link', ' is']",2,3,accessibility,pythia-1b
empty_link,6,6,0.1147,empty,link,An empty link is,"['<|endoftext|>', 'An', ' empty', ' link', ' is']",2,3,accessibility,pythia-1b
empty_link,6,7,0.0031,empty,link,An empty link is,"['<|endoftext|>', 'An', ' empty', ' link', ' is']",2,3,accessibility,pythia-1b
empty_link,7,0,0.0013,empty,link,An empty link is,"['<|endoftext|>', 'An', ' empty', ' link', ' is']",2,3,accessibility,pythia-1b
empty_link,7,1,0.0,empty,link,An empty link is,"['<|endoftext|>', 'An', ' empty', ' link', ' is']",2,3,accessibility,pythia-1b
empty_link,7,2,0.0039,empty,link,An empty link is,"['<|endoftext|>', 'An', ' empty', ' link', ' is']",2,3,accessibility,pythia-1b
empty_link,7,3,0.2506,empty,link,An empty link is,"['<|endoftext|>', 'An', ' empty', ' link', ' is']",2,3,accessibility,pythia-1b
empty_link,7,4,0.0498,empty,link,An empty link is,"['<|endoftext|>', 'An', ' empty', ' link', ' is']",2,3,accessibility,pythia-1b
empty_link,7,5,0.2364,empty,link,An empty link is,"['<|endoftext|>', 'An', ' empty', ' link', ' is']",2,3,accessibility,pythia-1b
empty_link,7,6,0.4148,empty,link,An empty link is,"['<|endoftext|>', 'An', ' empty', ' link', ' is']",2,3,accessibility,pythia-1b
empty_link,7,7,0.0525,empty,link,An empty link is,"['<|endoftext|>', 'An', ' empty', ' link', ' is']",2,3,accessibility,pythia-1b
empty_link,8,0,0.0039,empty,link,An empty link is,"['<|endoftext|>', 'An', ' empty', ' link', ' is']",2,3,accessibility,pythia-1b
empty_link,8,1,0.0322,empty,link,An empty link is,"['<|endoftext|>', 'An', ' empty', ' link', ' is']",2,3,accessibility,pythia-1b
empty_link,8,2,0.1511,empty,link,An empty link is,"['<|endoftext|>', 'An', ' empty', ' link', ' is']",2,3,accessibility,pythia-1b
empty_link,8,3,0.1593,empty,link,An empty link is,"['<|endoftext|>', 'An', ' empty', ' link', ' is']",2,3,accessibility,pythia-1b
empty_link,8,4,0.0184,empty,link,An empty link is,"['<|endoftext|>', 'An', ' empty', ' link', ' is']",2,3,accessibility,pythia-1b
empty_link,8,5,0.0037,empty,link,An empty link is,"['<|endoftext|>', 'An', ' empty', ' link', ' is']",2,3,accessibility,pythia-1b
empty_link,8,6,0.0002,empty,link,An empty link is,"['<|endoftext|>', 'An', ' empty', ' link', ' is']",2,3,accessibility,pythia-1b
empty_link,8,7,0.0868,empty,link,An empty link is,"['<|endoftext|>', 'An', ' empty', ' link', ' is']",2,3,accessibility,pythia-1b
empty_link,9,0,0.0418,empty,link,An empty link is,"['<|endoftext|>', 'An', ' empty', ' link', ' is']",2,3,accessibility,pythia-1b
empty_link,9,1,0.0198,empty,link,An empty link is,"['<|endoftext|>', 'An', ' empty', ' link', ' is']",2,3,accessibility,pythia-1b
empty_link,9,2,0.3517,empty,link,An empty link is,"['<|endoftext|>', 'An', ' empty', ' link', ' is']",2,3,accessibility,pythia-1b
empty_link,9,3,0.0801,empty,link,An empty link is,"['<|endoftext|>', 'An', ' empty', ' link', ' is']",2,3,accessibility,pythia-1b
empty_link,9,4,0.0039,empty,link,An empty link is,"['<|endoftext|>', 'An', ' empty', ' link', ' is']",2,3,accessibility,pythia-1b
empty_link,9,5,0.0255,empty,link,An empty link is,"['<|endoftext|>', 'An', ' empty', ' link', ' is']",2,3,accessibility,pythia-1b
empty_link,9,6,0.0851,empty,link,An empty link is,"['<|endoftext|>', 'An', ' empty', ' link', ' is']",2,3,accessibility,pythia-1b
empty_link,9,7,0.0197,empty,link,An empty link is,"['<|endoftext|>', 'An', ' empty', ' link', ' is']",2,3,accessibility,pythia-1b
empty_link,10,0,0.0135,empty,link,An empty link is,"['<|endoftext|>', 'An', ' empty', ' link', ' is']",2,3,accessibility,pythia-1b
empty_link,10,1,0.3874,empty,link,An empty link is,"['<|endoftext|>', 'An', ' empty', ' link', ' is']",2,3,accessibility,pythia-1b
empty_link,10,2,0.0085,empty,link,An empty link is,"['<|endoftext|>', 'An', ' empty', ' link', ' is']",2,3,accessibility,pythia-1b
empty_link,10,3,0.1218,empty,link,An empty link is,"['<|endoftext|>', 'An', ' empty', ' link', ' is']",2,3,accessibility,pythia-1b
empty_link,10,4,0.0033,empty,link,An empty link is,"['<|endoftext|>', 'An', ' empty', ' link', ' is']",2,3,accessibility,pythia-1b
empty_link,10,5,0.002,empty,link,An empty link is,"['<|endoftext|>', 'An', ' empty', ' link', ' is']",2,3,accessibility,pythia-1b
empty_link,10,6,0.0002,empty,link,An empty link is,"['<|endoftext|>', 'An', ' empty', ' link', ' is']",2,3,accessibility,pythia-1b
empty_link,10,7,0.0788,empty,link,An empty link is,"['<|endoftext|>', 'An', ' empty', ' link', ' is']",2,3,accessibility,pythia-1b
empty_link,11,0,0.0484,empty,link,An empty link is,"['<|endoftext|>', 'An', ' empty', ' link', ' is']",2,3,accessibility,pythia-1b
empty_link,11,1,0.0027,empty,link,An empty link is,"['<|endoftext|>', 'An', ' empty', ' link', ' is']",2,3,accessibility,pythia-1b
empty_link,11,2,0.0238,empty,link,An empty link is,"['<|endoftext|>', 'An', ' empty', ' link', ' is']",2,3,accessibility,pythia-1b
empty_link,11,3,0.0164,empty,link,An empty link is,"['<|endoftext|>', 'An', ' empty', ' link', ' is']",2,3,accessibility,pythia-1b
empty_link,11,4,0.0505,empty,link,An empty link is,"['<|endoftext|>', 'An', ' empty', ' link', ' is']",2,3,accessibility,pythia-1b
empty_link,11,5,0.0013,empty,link,An empty link is,"['<|endoftext|>', 'An', ' empty', ' link', ' is']",2,3,accessibility,pythia-1b
empty_link,11,6,0.0055,empty,link,An empty link is,"['<|endoftext|>', 'An', ' empty', ' link', ' is']",2,3,accessibility,pythia-1b
empty_link,11,7,0.0006,empty,link,An empty link is,"['<|endoftext|>', 'An', ' empty', ' link', ' is']",2,3,accessibility,pythia-1b
empty_link,12,0,0.0039,empty,link,An empty link is,"['<|endoftext|>', 'An', ' empty', ' link', ' is']",2,3,accessibility,pythia-1b
empty_link,12,1,0.0846,empty,link,An empty link is,"['<|endoftext|>', 'An', ' empty', ' link', ' is']",2,3,accessibility,pythia-1b
empty_link,12,2,0.1491,empty,link,An empty link is,"['<|endoftext|>', 'An', ' empty', ' link', ' is']",2,3,accessibility,pythia-1b
empty_link,12,3,0.0089,empty,link,An empty link is,"['<|endoftext|>', 'An', ' empty', ' link', ' is']",2,3,accessibility,pythia-1b
empty_link,12,4,0.0242,empty,link,An empty link is,"['<|endoftext|>', 'An', ' empty', ' link', ' is']",2,3,accessibility,pythia-1b
empty_link,12,5,0.0306,empty,link,An empty link is,"['<|endoftext|>', 'An', ' empty', ' link', ' is']",2,3,accessibility,pythia-1b
empty_link,12,6,0.0031,empty,link,An empty link is,"['<|endoftext|>', 'An', ' empty', ' link', ' is']",2,3,accessibility,pythia-1b
empty_link,12,7,0.0188,empty,link,An empty link is,"['<|endoftext|>', 'An', ' empty', ' link', ' is']",2,3,accessibility,pythia-1b
empty_link,13,0,0.3085,empty,link,An empty link is,"['<|endoftext|>', 'An', ' empty', ' link', ' is']",2,3,accessibility,pythia-1b
empty_link,13,1,0.0576,empty,link,An empty link is,"['<|endoftext|>', 'An', ' empty', ' link', ' is']",2,3,accessibility,pythia-1b
empty_link,13,2,0.0054,empty,link,An empty link is,"['<|endoftext|>', 'An', ' empty', ' link', ' is']",2,3,accessibility,pythia-1b
empty_link,13,3,0.0555,empty,link,An empty link is,"['<|endoftext|>', 'An', ' empty', ' link', ' is']",2,3,accessibility,pythia-1b
empty_link,13,4,0.4235,empty,link,An empty link is,"['<|endoftext|>', 'An', ' empty', ' link', ' is']",2,3,accessibility,pythia-1b
empty_link,13,5,0.0506,empty,link,An empty link is,"['<|endoftext|>', 'An', ' empty', ' link', ' is']",2,3,accessibility,pythia-1b
empty_link,13,6,0.0015,empty,link,An empty link is,"['<|endoftext|>', 'An', ' empty', ' link', ' is']",2,3,accessibility,pythia-1b
empty_link,13,7,0.2627,empty,link,An empty link is,"['<|endoftext|>', 'An', ' empty', ' link', ' is']",2,3,accessibility,pythia-1b
empty_link,14,0,0.1997,empty,link,An empty link is,"['<|endoftext|>', 'An', ' empty', ' link', ' is']",2,3,accessibility,pythia-1b
empty_link,14,1,0.055,empty,link,An empty link is,"['<|endoftext|>', 'An', ' empty', ' link', ' is']",2,3,accessibility,pythia-1b
empty_link,14,2,0.1759,empty,link,An empty link is,"['<|endoftext|>', 'An', ' empty', ' link', ' is']",2,3,accessibility,pythia-1b
empty_link,14,3,0.1922,empty,link,An empty link is,"['<|endoftext|>', 'An', ' empty', ' link', ' is']",2,3,accessibility,pythia-1b
empty_link,14,4,0.0604,empty,link,An empty link is,"['<|endoftext|>', 'An', ' empty', ' link', ' is']",2,3,accessibility,pythia-1b
empty_link,14,5,0.151,empty,link,An empty link is,"['<|endoftext|>', 'An', ' empty', ' link', ' is']",2,3,accessibility,pythia-1b
empty_link,14,6,0.0254,empty,link,An empty link is,"['<|endoftext|>', 'An', ' empty', ' link', ' is']",2,3,accessibility,pythia-1b
empty_link,14,7,0.0213,empty,link,An empty link is,"['<|endoftext|>', 'An', ' empty', ' link', ' is']",2,3,accessibility,pythia-1b
empty_link,15,0,0.0958,empty,link,An empty link is,"['<|endoftext|>', 'An', ' empty', ' link', ' is']",2,3,accessibility,pythia-1b
empty_link,15,1,0.0151,empty,link,An empty link is,"['<|endoftext|>', 'An', ' empty', ' link', ' is']",2,3,accessibility,pythia-1b
empty_link,15,2,0.0866,empty,link,An empty link is,"['<|endoftext|>', 'An', ' empty', ' link', ' is']",2,3,accessibility,pythia-1b
empty_link,15,3,0.057,empty,link,An empty link is,"['<|endoftext|>', 'An', ' empty', ' link', ' is']",2,3,accessibility,pythia-1b
empty_link,15,4,0.0439,empty,link,An empty link is,"['<|endoftext|>', 'An', ' empty', ' link', ' is']",2,3,accessibility,pythia-1b
empty_link,15,5,0.0808,empty,link,An empty link is,"['<|endoftext|>', 'An', ' empty', ' link', ' is']",2,3,accessibility,pythia-1b
empty_link,15,6,0.014,empty,link,An empty link is,"['<|endoftext|>', 'An', ' empty', ' link', ' is']",2,3,accessibility,pythia-1b
empty_link,15,7,0.1057,empty,link,An empty link is,"['<|endoftext|>', 'An', ' empty', ' link', ' is']",2,3,accessibility,pythia-1b
