model,concept,condition,prompt,layer,rank,token,logit,margin,matches_final
pythia-12b,skip_link,regress,A skip link is,0,0,||,9.939,0.9319,False
pythia-12b,skip_link,regress,A skip link is,0,1,====================,9.007,0.9319,False
pythia-12b,skip_link,regress,A skip link is,0,2,======================,8.757,0.9319,False
pythia-12b,skip_link,regress,A skip link is,0,3,=====================,8.119,0.9319,False
pythia-12b,skip_link,regress,A skip link is,0,4,===================,7.815,0.9319,False
pythia-12b,skip_link,regress,A skip link is,1,0,||,9.146,0.5417,False
pythia-12b,skip_link,regress,A skip link is,1,1,======================,8.605,0.5417,False
pythia-12b,skip_link,regress,A skip link is,1,2,====================,8.392,0.5417,False
pythia-12b,skip_link,regress,A skip link is,1,3,=====================,7.789,0.5417,False
pythia-12b,skip_link,regress,A skip link is,1,4,Simplify,7.744,0.5417,False
pythia-12b,skip_link,regress,A skip link is,2,0,======================,8.989,0.3071,False
pythia-12b,skip_link,regress,A skip link is,2,1,||,8.682,0.3071,False
pythia-12b,skip_link,regress,A skip link is,2,2,====================,7.845,0.3071,False
pythia-12b,skip_link,regress,A skip link is,2,3,Simplify,7.558,0.3071,False
pythia-12b,skip_link,regress,A skip link is,2,4,Decided,7.551,0.3071,False
pythia-12b,skip_link,regress,A skip link is,3,0,======================,8.375,0.4706,False
pythia-12b,skip_link,regress,A skip link is,3,1,Simplify,7.905,0.4706,False
pythia-12b,skip_link,regress,A skip link is,3,2,||,7.791,0.4706,False
pythia-12b,skip_link,regress,A skip link is,3,3,ek,7.654,0.4706,False
pythia-12b,skip_link,regress,A skip link is,3,4,A,7.647,0.4706,False
pythia-12b,skip_link,regress,A skip link is,4,0,======================,8.427,0.5038,False
pythia-12b,skip_link,regress,A skip link is,4,1,||,7.923,0.5038,False
pythia-12b,skip_link,regress,A skip link is,4,2,Simplify,7.455,0.5038,False
pythia-12b,skip_link,regress,A skip link is,4,3,===================,7.148,0.5038,False
pythia-12b,skip_link,regress,A skip link is,4,4,ek,6.985,0.5038,False
pythia-12b,skip_link,regress,A skip link is,5,0,======================,8.958,1.0925,False
pythia-12b,skip_link,regress,A skip link is,5,1,Simplify,7.865,1.0925,False
pythia-12b,skip_link,regress,A skip link is,5,2,===================,6.93,1.0925,False
pythia-12b,skip_link,regress,A skip link is,5,3,=====================,6.895,1.0925,False
pythia-12b,skip_link,regress,A skip link is,5,4,====================,6.885,1.0925,False
pythia-12b,skip_link,regress,A skip link is,6,0,======================,8.165,0.9529,False
pythia-12b,skip_link,regress,A skip link is,6,1,Simplify,7.212,0.9529,False
pythia-12b,skip_link,regress,A skip link is,6,2,used,7.102,0.9529,False
pythia-12b,skip_link,regress,A skip link is,6,3,=========================,6.855,0.9529,False
pythia-12b,skip_link,regress,A skip link is,6,4,to,6.769,0.9529,False
pythia-12b,skip_link,regress,A skip link is,7,0,used,8.732,0.9354,False
pythia-12b,skip_link,regress,A skip link is,7,1,usually,7.797,0.9354,False
pythia-12b,skip_link,regress,A skip link is,7,2,to,7.685,0.9354,False
pythia-12b,skip_link,regress,A skip link is,7,3,or,7.128,0.9354,False
pythia-12b,skip_link,regress,A skip link is,7,4,======================,7.047,0.9354,False
pythia-12b,skip_link,regress,A skip link is,8,0,used,8.479,0.5041,False
pythia-12b,skip_link,regress,A skip link is,8,1,usually,7.975,0.5041,False
pythia-12b,skip_link,regress,A skip link is,8,2,typically,7.468,0.5041,False
pythia-12b,skip_link,regress,A skip link is,8,3,generally,7.454,0.5041,False
pythia-12b,skip_link,regress,A skip link is,8,4,often,7.352,0.5041,False
pythia-12b,skip_link,regress,A skip link is,9,0,typically,8.701,0.0282,False
pythia-12b,skip_link,regress,A skip link is,9,1,generally,8.673,0.0282,False
pythia-12b,skip_link,regress,A skip link is,9,2,usually,8.524,0.0282,False
pythia-12b,skip_link,regress,A skip link is,9,3,often,8.455,0.0282,False
pythia-12b,skip_link,regress,A skip link is,9,4,used,7.829,0.0282,False
pythia-12b,skip_link,regress,A skip link is,10,0,generally,8.276,0.1928,False
pythia-12b,skip_link,regress,A skip link is,10,1,typically,8.084,0.1928,False
pythia-12b,skip_link,regress,A skip link is,10,2,often,7.893,0.1928,False
pythia-12b,skip_link,regress,A skip link is,10,3,usually,7.834,0.1928,False
pythia-12b,skip_link,regress,A skip link is,10,4,used,7.572,0.1928,False
pythia-12b,skip_link,regress,A skip link is,11,0,typically,9.056,0.2862,False
pythia-12b,skip_link,regress,A skip link is,11,1,generally,8.77,0.2862,False
pythia-12b,skip_link,regress,A skip link is,11,2,often,8.743,0.2862,False
pythia-12b,skip_link,regress,A skip link is,11,3,usually,8.395,0.2862,False
pythia-12b,skip_link,regress,A skip link is,11,4,used,7.844,0.2862,False
pythia-12b,skip_link,regress,A skip link is,12,0,generally,9.188,0.2108,False
pythia-12b,skip_link,regress,A skip link is,12,1,often,8.977,0.2108,False
pythia-12b,skip_link,regress,A skip link is,12,2,typically,8.924,0.2108,False
pythia-12b,skip_link,regress,A skip link is,12,3,usually,8.353,0.2108,False
pythia-12b,skip_link,regress,A skip link is,12,4,not,7.782,0.2108,False
pythia-12b,skip_link,regress,A skip link is,13,0,generally,8.422,0.0658,False
pythia-12b,skip_link,regress,A skip link is,13,1,a,8.356,0.0658,False
pythia-12b,skip_link,regress,A skip link is,13,2,used,8.245,0.0658,False
pythia-12b,skip_link,regress,A skip link is,13,3,often,8.244,0.0658,False
pythia-12b,skip_link,regress,A skip link is,13,4,typically,8.213,0.0658,False
pythia-12b,skip_link,regress,A skip link is,14,0,a,9.931,0.3879,True
pythia-12b,skip_link,regress,A skip link is,14,1,in,9.543,0.3879,True
pythia-12b,skip_link,regress,A skip link is,14,2,an,9.22,0.3879,True
pythia-12b,skip_link,regress,A skip link is,14,3,typically,8.911,0.3879,True
pythia-12b,skip_link,regress,A skip link is,14,4,generally,8.86,0.3879,True
pythia-12b,skip_link,regress,A skip link is,15,0,a,9.636,0.4891,True
pythia-12b,skip_link,regress,A skip link is,15,1,an,9.147,0.4891,True
pythia-12b,skip_link,regress,A skip link is,15,2,in,8.883,0.4891,True
pythia-12b,skip_link,regress,A skip link is,15,3,typically,8.453,0.4891,True
pythia-12b,skip_link,regress,A skip link is,15,4,the,8.452,0.4891,True
pythia-12b,skip_link,regress,A skip link is,16,0,a,10.805,0.951,True
pythia-12b,skip_link,regress,A skip link is,16,1,an,9.854,0.951,True
pythia-12b,skip_link,regress,A skip link is,16,2,in,9.675,0.951,True
pythia-12b,skip_link,regress,A skip link is,16,3,the,9.636,0.951,True
pythia-12b,skip_link,regress,A skip link is,16,4,",",8.859,0.951,True
pythia-12b,skip_link,regress,A skip link is,17,0,a,11.147,1.1181,True
pythia-12b,skip_link,regress,A skip link is,17,1,an,10.029,1.1181,True
pythia-12b,skip_link,regress,A skip link is,17,2,in,10.024,1.1181,True
pythia-12b,skip_link,regress,A skip link is,17,3,the,9.54,1.1181,True
pythia-12b,skip_link,regress,A skip link is,17,4,",",9.237,1.1181,True
pythia-12b,skip_link,regress,A skip link is,18,0,a,11.67,1.2111,True
pythia-12b,skip_link,regress,A skip link is,18,1,an,10.459,1.2111,True
pythia-12b,skip_link,regress,A skip link is,18,2,in,9.846,1.2111,True
pythia-12b,skip_link,regress,A skip link is,18,3,the,9.436,1.2111,True
pythia-12b,skip_link,regress,A skip link is,18,4,",",9.284,1.2111,True
pythia-12b,skip_link,regress,A skip link is,19,0,a,11.085,1.0512,True
pythia-12b,skip_link,regress,A skip link is,19,1,an,10.033,1.0512,True
pythia-12b,skip_link,regress,A skip link is,19,2,in,9.149,1.0512,True
pythia-12b,skip_link,regress,A skip link is,19,3,the,9.137,1.0512,True
pythia-12b,skip_link,regress,A skip link is,19,4,used,8.612,1.0512,True
pythia-12b,skip_link,regress,A skip link is,20,0,a,12.294,1.136,True
pythia-12b,skip_link,regress,A skip link is,20,1,an,11.158,1.136,True
pythia-12b,skip_link,regress,A skip link is,20,2,the,10.137,1.136,True
pythia-12b,skip_link,regress,A skip link is,20,3,in,9.462,1.136,True
pythia-12b,skip_link,regress,A skip link is,20,4,",",9.148,1.136,True
pythia-12b,skip_link,regress,A skip link is,21,0,a,12.886,1.4075,True
pythia-12b,skip_link,regress,A skip link is,21,1,an,11.478,1.4075,True
pythia-12b,skip_link,regress,A skip link is,21,2,the,10.657,1.4075,True
pythia-12b,skip_link,regress,A skip link is,21,3,in,9.787,1.4075,True
pythia-12b,skip_link,regress,A skip link is,21,4,",",9.716,1.4075,True
pythia-12b,skip_link,regress,A skip link is,22,0,a,13.549,1.2023,True
pythia-12b,skip_link,regress,A skip link is,22,1,an,12.347,1.2023,True
pythia-12b,skip_link,regress,A skip link is,22,2,the,10.785,1.2023,True
pythia-12b,skip_link,regress,A skip link is,22,3,used,9.691,1.2023,True
pythia-12b,skip_link,regress,A skip link is,22,4,generally,9.618,1.2023,True
pythia-12b,skip_link,regress,A skip link is,23,0,a,13.803,1.1317,True
pythia-12b,skip_link,regress,A skip link is,23,1,an,12.671,1.1317,True
pythia-12b,skip_link,regress,A skip link is,23,2,the,10.61,1.1317,True
pythia-12b,skip_link,regress,A skip link is,23,3,generally,9.713,1.1317,True
pythia-12b,skip_link,regress,A skip link is,23,4,one,9.372,1.1317,True
pythia-12b,skip_link,regress,A skip link is,24,0,a,14.204,1.1145,True
pythia-12b,skip_link,regress,A skip link is,24,1,an,13.09,1.1145,True
pythia-12b,skip_link,regress,A skip link is,24,2,the,10.563,1.1145,True
pythia-12b,skip_link,regress,A skip link is,24,3,generally,9.811,1.1145,True
pythia-12b,skip_link,regress,A skip link is,24,4,one,9.723,1.1145,True
pythia-12b,skip_link,regress,A skip link is,25,0,a,15.108,1.1952,True
pythia-12b,skip_link,regress,A skip link is,25,1,an,13.913,1.1952,True
pythia-12b,skip_link,regress,A skip link is,25,2,the,10.903,1.1952,True
pythia-12b,skip_link,regress,A skip link is,25,3,used,10.435,1.1952,True
pythia-12b,skip_link,regress,A skip link is,25,4,generally,10.277,1.1952,True
pythia-12b,skip_link,regress,A skip link is,26,0,a,16.125,1.4327,True
pythia-12b,skip_link,regress,A skip link is,26,1,an,14.692,1.4327,True
pythia-12b,skip_link,regress,A skip link is,26,2,the,11.624,1.4327,True
pythia-12b,skip_link,regress,A skip link is,26,3,one,11.028,1.4327,True
pythia-12b,skip_link,regress,A skip link is,26,4,used,10.932,1.4327,True
pythia-12b,skip_link,regress,A skip link is,27,0,a,16.226,1.3794,True
pythia-12b,skip_link,regress,A skip link is,27,1,an,14.847,1.3794,True
pythia-12b,skip_link,regress,A skip link is,27,2,the,11.657,1.3794,True
pythia-12b,skip_link,regress,A skip link is,27,3,one,11.181,1.3794,True
pythia-12b,skip_link,regress,A skip link is,27,4,used,11.053,1.3794,True
pythia-12b,skip_link,regress,A skip link is,28,0,a,16.224,1.5111,True
pythia-12b,skip_link,regress,A skip link is,28,1,an,14.713,1.5111,True
pythia-12b,skip_link,regress,A skip link is,28,2,used,11.737,1.5111,True
pythia-12b,skip_link,regress,A skip link is,28,3,the,11.655,1.5111,True
pythia-12b,skip_link,regress,A skip link is,28,4,one,11.15,1.5111,True
pythia-12b,skip_link,regress,A skip link is,29,0,a,17.086,1.6225,True
pythia-12b,skip_link,regress,A skip link is,29,1,an,15.464,1.6225,True
pythia-12b,skip_link,regress,A skip link is,29,2,the,12.291,1.6225,True
pythia-12b,skip_link,regress,A skip link is,29,3,used,12.286,1.6225,True
pythia-12b,skip_link,regress,A skip link is,29,4,one,12.135,1.6225,True
pythia-12b,skip_link,regress,A skip link is,30,0,a,17.207,1.7803,True
pythia-12b,skip_link,regress,A skip link is,30,1,an,15.427,1.7803,True
pythia-12b,skip_link,regress,A skip link is,30,2,the,12.482,1.7803,True
pythia-12b,skip_link,regress,A skip link is,30,3,one,12.347,1.7803,True
pythia-12b,skip_link,regress,A skip link is,30,4,used,12.213,1.7803,True
pythia-12b,skip_link,regress,A skip link is,31,0,a,17.782,1.915,True
pythia-12b,skip_link,regress,A skip link is,31,1,an,15.867,1.915,True
pythia-12b,skip_link,regress,A skip link is,31,2,the,13.215,1.915,True
pythia-12b,skip_link,regress,A skip link is,31,3,one,13.004,1.915,True
pythia-12b,skip_link,regress,A skip link is,31,4,used,12.712,1.915,True
pythia-12b,skip_link,regress,A skip link is,32,0,a,18.076,2.7176,True
pythia-12b,skip_link,regress,A skip link is,32,1,an,15.359,2.7176,True
pythia-12b,skip_link,regress,A skip link is,32,2,the,13.479,2.7176,True
pythia-12b,skip_link,regress,A skip link is,32,3,one,13.175,2.7176,True
pythia-12b,skip_link,regress,A skip link is,32,4,used,12.535,2.7176,True
pythia-12b,skip_link,regress,A skip link is,33,0,a,18.137,2.3659,True
pythia-12b,skip_link,regress,A skip link is,33,1,an,15.771,2.3659,True
pythia-12b,skip_link,regress,A skip link is,33,2,the,14.161,2.3659,True
pythia-12b,skip_link,regress,A skip link is,33,3,one,13.639,2.3659,True
pythia-12b,skip_link,regress,A skip link is,33,4,used,12.591,2.3659,True
pythia-12b,skip_link,regress,A skip link is,34,0,a,16.227,2.3323,True
pythia-12b,skip_link,regress,A skip link is,34,1,an,13.895,2.3323,True
pythia-12b,skip_link,regress,A skip link is,34,2,the,12.707,2.3323,True
pythia-12b,skip_link,regress,A skip link is,34,3,generally,12.174,2.3323,True
pythia-12b,skip_link,regress,A skip link is,34,4,one,12.124,2.3323,True
pythia-12b,skip_link,regress,A skip link is,35,0,a,18.27,2.3729,True
pythia-12b,skip_link,regress,A skip link is,35,1,an,15.897,2.3729,True
pythia-12b,skip_link,regress,A skip link is,35,2,used,15.011,2.3729,True
pythia-12b,skip_link,regress,A skip link is,35,3,generally,14.768,2.3729,True
pythia-12b,skip_link,regress,A skip link is,35,4,the,14.491,2.3729,True
pythia-12b,keyboard_navigation,regress,Keyboard navigation is,0,0,||,10.282,1.2628,False
pythia-12b,keyboard_navigation,regress,Keyboard navigation is,0,1,====================,9.019,1.2628,False
pythia-12b,keyboard_navigation,regress,Keyboard navigation is,0,2,======================,8.695,1.2628,False
pythia-12b,keyboard_navigation,regress,Keyboard navigation is,0,3,=====================,7.935,1.2628,False
pythia-12b,keyboard_navigation,regress,Keyboard navigation is,0,4,===================,7.761,1.2628,False
pythia-12b,keyboard_navigation,regress,Keyboard navigation is,1,0,||,10.383,1.7673,False
pythia-12b,keyboard_navigation,regress,Keyboard navigation is,1,1,======================,8.615,1.7673,False
pythia-12b,keyboard_navigation,regress,Keyboard navigation is,1,2,====================,8.513,1.7673,False
pythia-12b,keyboard_navigation,regress,Keyboard navigation is,1,3,Decided,7.874,1.7673,False
pythia-12b,keyboard_navigation,regress,Keyboard navigation is,1,4,Simplify,7.418,1.7673,False
pythia-12b,keyboard_navigation,regress,Keyboard navigation is,2,0,||,9.975,0.9092,False
pythia-12b,keyboard_navigation,regress,Keyboard navigation is,2,1,======================,9.065,0.9092,False
pythia-12b,keyboard_navigation,regress,Keyboard navigation is,2,2,====================,8.129,0.9092,False
pythia-12b,keyboard_navigation,regress,Keyboard navigation is,2,3,Decided,7.837,0.9092,False
pythia-12b,keyboard_navigation,regress,Keyboard navigation is,2,4,=====================,7.316,0.9092,False
pythia-12b,keyboard_navigation,regress,Keyboard navigation is,3,0,||,9.476,0.7351,False
pythia-12b,keyboard_navigation,regress,Keyboard navigation is,3,1,======================,8.741,0.7351,False
pythia-12b,keyboard_navigation,regress,Keyboard navigation is,3,2,====================,8.016,0.7351,False
pythia-12b,keyboard_navigation,regress,Keyboard navigation is,3,3,---------------------------------------------------,7.264,0.7351,False
pythia-12b,keyboard_navigation,regress,Keyboard navigation is,3,4,-------------------------------------------,7.263,0.7351,False
pythia-12b,keyboard_navigation,regress,Keyboard navigation is,4,0,||,9.443,0.6406,False
pythia-12b,keyboard_navigation,regress,Keyboard navigation is,4,1,======================,8.803,0.6406,False
pythia-12b,keyboard_navigation,regress,Keyboard navigation is,4,2,====================,8.254,0.6406,False
pythia-12b,keyboard_navigation,regress,Keyboard navigation is,4,3,-------------------------------------------,7.076,0.6406,False
pythia-12b,keyboard_navigation,regress,Keyboard navigation is,4,4,===================,6.932,0.6406,False
pythia-12b,keyboard_navigation,regress,Keyboard navigation is,5,0,======================,8.728,0.6574,False
pythia-12b,keyboard_navigation,regress,Keyboard navigation is,5,1,||,8.071,0.6574,False
pythia-12b,keyboard_navigation,regress,Keyboard navigation is,5,2,====================,7.911,0.6574,False
pythia-12b,keyboard_navigation,regress,Keyboard navigation is,5,3,=========================,7.333,0.6574,False
pythia-12b,keyboard_navigation,regress,Keyboard navigation is,5,4,now,7.042,0.6574,False
pythia-12b,keyboard_navigation,regress,Keyboard navigation is,6,0,======================,7.776,0.4356,False
pythia-12b,keyboard_navigation,regress,Keyboard navigation is,6,1,=========================,7.34,0.4356,False
pythia-12b,keyboard_navigation,regress,Keyboard navigation is,6,2,not,6.957,0.4356,False
pythia-12b,keyboard_navigation,regress,Keyboard navigation is,6,3,now,6.917,0.4356,False
pythia-12b,keyboard_navigation,regress,Keyboard navigation is,6,4,to,6.896,0.4356,False
pythia-12b,keyboard_navigation,regress,Keyboard navigation is,7,0,not,7.579,0.2382,False
pythia-12b,keyboard_navigation,regress,Keyboard navigation is,7,1,to,7.341,0.2382,False
pythia-12b,keyboard_navigation,regress,Keyboard navigation is,7,2,now,7.319,0.2382,False
pythia-12b,keyboard_navigation,regress,Keyboard navigation is,7,3,generally,7.244,0.2382,False
pythia-12b,keyboard_navigation,regress,Keyboard navigation is,7,4,in,7.03,0.2382,False
pythia-12b,keyboard_navigation,regress,Keyboard navigation is,8,0,generally,7.941,0.0372,False
pythia-12b,keyboard_navigation,regress,Keyboard navigation is,8,1,not,7.903,0.0372,False
pythia-12b,keyboard_navigation,regress,Keyboard navigation is,8,2,often,7.426,0.0372,False
pythia-12b,keyboard_navigation,regress,Keyboard navigation is,8,3,now,7.342,0.0372,False
pythia-12b,keyboard_navigation,regress,Keyboard navigation is,8,4,usually,6.714,0.0372,False
pythia-12b,keyboard_navigation,regress,Keyboard navigation is,9,0,not,9.29,0.0311,False
pythia-12b,keyboard_navigation,regress,Keyboard navigation is,9,1,generally,9.259,0.0311,False
pythia-12b,keyboard_navigation,regress,Keyboard navigation is,9,2,often,8.194,0.0311,False
pythia-12b,keyboard_navigation,regress,Keyboard navigation is,9,3,usually,8.022,0.0311,False
pythia-12b,keyboard_navigation,regress,Keyboard navigation is,9,4,also,7.926,0.0311,False
pythia-12b,keyboard_navigation,regress,Keyboard navigation is,10,0,generally,8.955,0.6607,False
pythia-12b,keyboard_navigation,regress,Keyboard navigation is,10,1,not,8.295,0.6607,False
pythia-12b,keyboard_navigation,regress,Keyboard navigation is,10,2,often,7.893,0.6607,False
pythia-12b,keyboard_navigation,regress,Keyboard navigation is,10,3,usually,7.578,0.6607,False
pythia-12b,keyboard_navigation,regress,Keyboard navigation is,10,4,now,7.452,0.6607,False
pythia-12b,keyboard_navigation,regress,Keyboard navigation is,11,0,generally,8.285,0.0854,False
pythia-12b,keyboard_navigation,regress,Keyboard navigation is,11,1,not,8.2,0.0854,False
pythia-12b,keyboard_navigation,regress,Keyboard navigation is,11,2,typically,8.084,0.0854,False
pythia-12b,keyboard_navigation,regress,Keyboard navigation is,11,3,often,7.633,0.0854,False
pythia-12b,keyboard_navigation,regress,Keyboard navigation is,11,4,usually,7.32,0.0854,False
pythia-12b,keyboard_navigation,regress,Keyboard navigation is,12,0,not,9.236,0.1703,False
pythia-12b,keyboard_navigation,regress,Keyboard navigation is,12,1,generally,9.066,0.1703,False
pythia-12b,keyboard_navigation,regress,Keyboard navigation is,12,2,often,8.398,0.1703,False
pythia-12b,keyboard_navigation,regress,Keyboard navigation is,12,3,typically,8.344,0.1703,False
pythia-12b,keyboard_navigation,regress,Keyboard navigation is,12,4,now,8.048,0.1703,False
pythia-12b,keyboard_navigation,regress,Keyboard navigation is,13,0,typically,8.911,0.1509,False
pythia-12b,keyboard_navigation,regress,Keyboard navigation is,13,1,not,8.76,0.1509,False
pythia-12b,keyboard_navigation,regress,Keyboard navigation is,13,2,generally,8.723,0.1509,False
pythia-12b,keyboard_navigation,regress,Keyboard navigation is,13,3,often,8.531,0.1509,False
pythia-12b,keyboard_navigation,regress,Keyboard navigation is,13,4,usually,7.94,0.1509,False
pythia-12b,keyboard_navigation,regress,Keyboard navigation is,14,0,typically,8.966,0.0043,False
pythia-12b,keyboard_navigation,regress,Keyboard navigation is,14,1,generally,8.962,0.0043,False
pythia-12b,keyboard_navigation,regress,Keyboard navigation is,14,2,often,8.879,0.0043,False
pythia-12b,keyboard_navigation,regress,Keyboard navigation is,14,3,not,8.816,0.0043,False
pythia-12b,keyboard_navigation,regress,Keyboard navigation is,14,4,in,8.77,0.0043,False
pythia-12b,keyboard_navigation,regress,Keyboard navigation is,15,0,generally,8.962,0.1296,False
pythia-12b,keyboard_navigation,regress,Keyboard navigation is,15,1,not,8.832,0.1296,False
pythia-12b,keyboard_navigation,regress,Keyboard navigation is,15,2,typically,8.557,0.1296,False
pythia-12b,keyboard_navigation,regress,Keyboard navigation is,15,3,in,8.434,0.1296,False
pythia-12b,keyboard_navigation,regress,Keyboard navigation is,15,4,often,8.183,0.1296,False
pythia-12b,keyboard_navigation,regress,Keyboard navigation is,16,0,not,8.996,0.422,False
pythia-12b,keyboard_navigation,regress,Keyboard navigation is,16,1,in,8.574,0.422,False
pythia-12b,keyboard_navigation,regress,Keyboard navigation is,16,2,generally,8.133,0.422,False
pythia-12b,keyboard_navigation,regress,Keyboard navigation is,16,3,often,7.987,0.422,False
pythia-12b,keyboard_navigation,regress,Keyboard navigation is,16,4,one,7.934,0.422,False
pythia-12b,keyboard_navigation,regress,Keyboard navigation is,17,0,not,8.684,0.1671,False
pythia-12b,keyboard_navigation,regress,Keyboard navigation is,17,1,in,8.516,0.1671,False
pythia-12b,keyboard_navigation,regress,Keyboard navigation is,17,2,a,8.412,0.1671,False
pythia-12b,keyboard_navigation,regress,Keyboard navigation is,17,3,generally,8.195,0.1671,False
pythia-12b,keyboard_navigation,regress,Keyboard navigation is,17,4,the,8.124,0.1671,False
pythia-12b,keyboard_navigation,regress,Keyboard navigation is,18,0,not,8.988,0.1164,False
pythia-12b,keyboard_navigation,regress,Keyboard navigation is,18,1,a,8.872,0.1164,False
pythia-12b,keyboard_navigation,regress,Keyboard navigation is,18,2,in,8.554,0.1164,False
pythia-12b,keyboard_navigation,regress,Keyboard navigation is,18,3,generally,8.391,0.1164,False
pythia-12b,keyboard_navigation,regress,Keyboard navigation is,18,4,the,8.268,0.1164,False
pythia-12b,keyboard_navigation,regress,Keyboard navigation is,19,0,generally,8.147,0.0233,False
pythia-12b,keyboard_navigation,regress,Keyboard navigation is,19,1,a,8.124,0.0233,False
pythia-12b,keyboard_navigation,regress,Keyboard navigation is,19,2,in,8.079,0.0233,False
pythia-12b,keyboard_navigation,regress,Keyboard navigation is,19,3,not,7.959,0.0233,False
pythia-12b,keyboard_navigation,regress,Keyboard navigation is,19,4,often,7.734,0.0233,False
pythia-12b,keyboard_navigation,regress,Keyboard navigation is,20,0,a,8.765,0.3067,True
pythia-12b,keyboard_navigation,regress,Keyboard navigation is,20,1,in,8.459,0.3067,True
pythia-12b,keyboard_navigation,regress,Keyboard navigation is,20,2,not,8.219,0.3067,True
pythia-12b,keyboard_navigation,regress,Keyboard navigation is,20,3,generally,8.217,0.3067,True
pythia-12b,keyboard_navigation,regress,Keyboard navigation is,20,4,the,8.145,0.3067,True
pythia-12b,keyboard_navigation,regress,Keyboard navigation is,21,0,a,8.971,0.2372,True
pythia-12b,keyboard_navigation,regress,Keyboard navigation is,21,1,key,8.734,0.2372,True
pythia-12b,keyboard_navigation,regress,Keyboard navigation is,21,2,the,8.402,0.2372,True
pythia-12b,keyboard_navigation,regress,Keyboard navigation is,21,3,generally,8.402,0.2372,True
pythia-12b,keyboard_navigation,regress,Keyboard navigation is,21,4,in,8.353,0.2372,True
pythia-12b,keyboard_navigation,regress,Keyboard navigation is,22,0,key,9.297,0.297,False
pythia-12b,keyboard_navigation,regress,Keyboard navigation is,22,1,a,9.0,0.297,False
pythia-12b,keyboard_navigation,regress,Keyboard navigation is,22,2,one,8.717,0.297,False
pythia-12b,keyboard_navigation,regress,Keyboard navigation is,22,3,generally,8.263,0.297,False
pythia-12b,keyboard_navigation,regress,Keyboard navigation is,22,4,not,8.175,0.297,False
pythia-12b,keyboard_navigation,regress,Keyboard navigation is,23,0,key,9.845,0.924,False
pythia-12b,keyboard_navigation,regress,Keyboard navigation is,23,1,a,8.921,0.924,False
pythia-12b,keyboard_navigation,regress,Keyboard navigation is,23,2,one,8.9,0.924,False
pythia-12b,keyboard_navigation,regress,Keyboard navigation is,23,3,generally,8.422,0.924,False
pythia-12b,keyboard_navigation,regress,Keyboard navigation is,23,4,an,8.225,0.924,False
pythia-12b,keyboard_navigation,regress,Keyboard navigation is,24,0,key,10.444,0.1563,False
pythia-12b,keyboard_navigation,regress,Keyboard navigation is,24,1,a,10.288,0.1563,False
pythia-12b,keyboard_navigation,regress,Keyboard navigation is,24,2,one,10.088,0.1563,False
pythia-12b,keyboard_navigation,regress,Keyboard navigation is,24,3,the,9.538,0.1563,False
pythia-12b,keyboard_navigation,regress,Keyboard navigation is,24,4,an,9.374,0.1563,False
pythia-12b,keyboard_navigation,regress,Keyboard navigation is,25,0,key,10.772,0.0714,False
pythia-12b,keyboard_navigation,regress,Keyboard navigation is,25,1,a,10.701,0.0714,False
pythia-12b,keyboard_navigation,regress,Keyboard navigation is,25,2,one,9.845,0.0714,False
pythia-12b,keyboard_navigation,regress,Keyboard navigation is,25,3,an,9.795,0.0714,False
pythia-12b,keyboard_navigation,regress,Keyboard navigation is,25,4,the,9.667,0.0714,False
pythia-12b,keyboard_navigation,regress,Keyboard navigation is,26,0,a,11.005,0.3243,True
pythia-12b,keyboard_navigation,regress,Keyboard navigation is,26,1,one,10.681,0.3243,True
pythia-12b,keyboard_navigation,regress,Keyboard navigation is,26,2,common,9.887,0.3243,True
pythia-12b,keyboard_navigation,regress,Keyboard navigation is,26,3,key,9.806,0.3243,True
pythia-12b,keyboard_navigation,regress,Keyboard navigation is,26,4,the,9.756,0.3243,True
pythia-12b,keyboard_navigation,regress,Keyboard navigation is,27,0,a,12.442,1.1984,True
pythia-12b,keyboard_navigation,regress,Keyboard navigation is,27,1,one,11.243,1.1984,True
pythia-12b,keyboard_navigation,regress,Keyboard navigation is,27,2,common,10.946,1.1984,True
pythia-12b,keyboard_navigation,regress,Keyboard navigation is,27,3,an,10.834,1.1984,True
pythia-12b,keyboard_navigation,regress,Keyboard navigation is,27,4,the,10.646,1.1984,True
pythia-12b,keyboard_navigation,regress,Keyboard navigation is,28,0,a,12.88,1.0274,True
pythia-12b,keyboard_navigation,regress,Keyboard navigation is,28,1,one,11.852,1.0274,True
pythia-12b,keyboard_navigation,regress,Keyboard navigation is,28,2,common,11.539,1.0274,True
pythia-12b,keyboard_navigation,regress,Keyboard navigation is,28,3,an,11.307,1.0274,True
pythia-12b,keyboard_navigation,regress,Keyboard navigation is,28,4,the,10.882,1.0274,True
pythia-12b,keyboard_navigation,regress,Keyboard navigation is,29,0,one,14.043,0.2812,False
pythia-12b,keyboard_navigation,regress,Keyboard navigation is,29,1,a,13.762,0.2812,False
pythia-12b,keyboard_navigation,regress,Keyboard navigation is,29,2,common,12.095,0.2812,False
pythia-12b,keyboard_navigation,regress,Keyboard navigation is,29,3,an,12.019,0.2812,False
pythia-12b,keyboard_navigation,regress,Keyboard navigation is,29,4,the,11.676,0.2812,False
pythia-12b,keyboard_navigation,regress,Keyboard navigation is,30,0,one,14.671,0.1809,False
pythia-12b,keyboard_navigation,regress,Keyboard navigation is,30,1,a,14.49,0.1809,False
pythia-12b,keyboard_navigation,regress,Keyboard navigation is,30,2,common,12.882,0.1809,False
pythia-12b,keyboard_navigation,regress,Keyboard navigation is,30,3,an,12.766,0.1809,False
pythia-12b,keyboard_navigation,regress,Keyboard navigation is,30,4,the,12.433,0.1809,False
pythia-12b,keyboard_navigation,regress,Keyboard navigation is,31,0,one,16.0,0.6543,False
pythia-12b,keyboard_navigation,regress,Keyboard navigation is,31,1,a,15.346,0.6543,False
pythia-12b,keyboard_navigation,regress,Keyboard navigation is,31,2,an,13.63,0.6543,False
pythia-12b,keyboard_navigation,regress,Keyboard navigation is,31,3,the,13.313,0.6543,False
pythia-12b,keyboard_navigation,regress,Keyboard navigation is,31,4,common,13.275,0.6543,False
pythia-12b,keyboard_navigation,regress,Keyboard navigation is,32,0,one,15.957,0.079,False
pythia-12b,keyboard_navigation,regress,Keyboard navigation is,32,1,a,15.878,0.079,False
pythia-12b,keyboard_navigation,regress,Keyboard navigation is,32,2,an,14.003,0.079,False
pythia-12b,keyboard_navigation,regress,Keyboard navigation is,32,3,the,13.424,0.079,False
pythia-12b,keyboard_navigation,regress,Keyboard navigation is,32,4,not,12.946,0.079,False
pythia-12b,keyboard_navigation,regress,Keyboard navigation is,33,0,a,16.58,0.1041,True
pythia-12b,keyboard_navigation,regress,Keyboard navigation is,33,1,one,16.476,0.1041,True
pythia-12b,keyboard_navigation,regress,Keyboard navigation is,33,2,an,15.681,0.1041,True
pythia-12b,keyboard_navigation,regress,Keyboard navigation is,33,3,the,14.369,0.1041,True
pythia-12b,keyboard_navigation,regress,Keyboard navigation is,33,4,common,13.516,0.1041,True
pythia-12b,keyboard_navigation,regress,Keyboard navigation is,34,0,a,16.049,0.927,True
pythia-12b,keyboard_navigation,regress,Keyboard navigation is,34,1,an,15.122,0.927,True
pythia-12b,keyboard_navigation,regress,Keyboard navigation is,34,2,one,14.789,0.927,True
pythia-12b,keyboard_navigation,regress,Keyboard navigation is,34,3,not,13.294,0.927,True
pythia-12b,keyboard_navigation,regress,Keyboard navigation is,34,4,the,13.207,0.927,True
pythia-12b,keyboard_navigation,regress,Keyboard navigation is,35,0,a,16.828,0.7135,True
pythia-12b,keyboard_navigation,regress,Keyboard navigation is,35,1,one,16.115,0.7135,True
pythia-12b,keyboard_navigation,regress,Keyboard navigation is,35,2,an,15.63,0.7135,True
pythia-12b,keyboard_navigation,regress,Keyboard navigation is,35,3,widely,15.323,0.7135,True
pythia-12b,keyboard_navigation,regress,Keyboard navigation is,35,4,not,15.035,0.7135,True
pythia-12b,combo_box,regress,A combo box is,0,0,||,9.954,0.8736,False
pythia-12b,combo_box,regress,A combo box is,0,1,====================,9.08,0.8736,False
pythia-12b,combo_box,regress,A combo box is,0,2,======================,8.744,0.8736,False
pythia-12b,combo_box,regress,A combo box is,0,3,=====================,8.048,0.8736,False
pythia-12b,combo_box,regress,A combo box is,0,4,===================,7.829,0.8736,False
pythia-12b,combo_box,regress,A combo box is,1,0,||,9.66,1.1625,False
pythia-12b,combo_box,regress,A combo box is,1,1,======================,8.497,1.1625,False
pythia-12b,combo_box,regress,A combo box is,1,2,====================,8.276,1.1625,False
pythia-12b,combo_box,regress,A combo box is,1,3,Simplify,7.883,1.1625,False
pythia-12b,combo_box,regress,A combo box is,1,4,Decided,7.662,1.1625,False
pythia-12b,combo_box,regress,A combo box is,2,0,||,9.234,0.665,False
pythia-12b,combo_box,regress,A combo box is,2,1,======================,8.569,0.665,False
pythia-12b,combo_box,regress,A combo box is,2,2,Simplify,7.851,0.665,False
pythia-12b,combo_box,regress,A combo box is,2,3,====================,7.841,0.665,False
pythia-12b,combo_box,regress,A combo box is,2,4,Decided,7.731,0.665,False
pythia-12b,combo_box,regress,A combo box is,3,0,||,8.42,0.2122,False
pythia-12b,combo_box,regress,A combo box is,3,1,======================,8.208,0.2122,False
pythia-12b,combo_box,regress,A combo box is,3,2,Simplify,7.891,0.2122,False
pythia-12b,combo_box,regress,A combo box is,3,3,--------------------------------------------------,7.156,0.2122,False
pythia-12b,combo_box,regress,A combo box is,3,4,====================,7.15,0.2122,False
pythia-12b,combo_box,regress,A combo box is,4,0,======================,8.266,0.2846,False
pythia-12b,combo_box,regress,A combo box is,4,1,Simplify,7.981,0.2846,False
pythia-12b,combo_box,regress,A combo box is,4,2,||,7.667,0.2846,False
pythia-12b,combo_box,regress,A combo box is,4,3,====================,7.104,0.2846,False
pythia-12b,combo_box,regress,A combo box is,4,4,=========================,7.036,0.2846,False
pythia-12b,combo_box,regress,A combo box is,5,0,======================,8.193,0.0807,False
pythia-12b,combo_box,regress,A combo box is,5,1,Simplify,8.112,0.0807,False
pythia-12b,combo_box,regress,A combo box is,5,2,=========================,7.937,0.0807,False
pythia-12b,combo_box,regress,A combo box is,5,3,====================,7.382,0.0807,False
pythia-12b,combo_box,regress,A combo box is,5,4,===================,6.955,0.0807,False
pythia-12b,combo_box,regress,A combo box is,6,0,=========================,7.668,0.324,False
pythia-12b,combo_box,regress,A combo box is,6,1,======================,7.344,0.324,False
pythia-12b,combo_box,regress,A combo box is,6,2,Simplify,7.026,0.324,False
pythia-12b,combo_box,regress,A combo box is,6,3,now,6.709,0.324,False
pythia-12b,combo_box,regress,A combo box is,6,4,used,6.437,0.324,False
pythia-12b,combo_box,regress,A combo box is,7,0,used,7.535,0.5116,False
pythia-12b,combo_box,regress,A combo box is,7,1,now,7.024,0.5116,False
pythia-12b,combo_box,regress,A combo box is,7,2,not,6.902,0.5116,False
pythia-12b,combo_box,regress,A combo box is,7,3,======================,6.887,0.5116,False
pythia-12b,combo_box,regress,A combo box is,7,4,con,6.777,0.5116,False
pythia-12b,combo_box,regress,A combo box is,8,0,used,7.363,0.4153,False
pythia-12b,combo_box,regress,A combo box is,8,1,not,6.947,0.4153,False
pythia-12b,combo_box,regress,A combo box is,8,2,now,6.654,0.4153,False
pythia-12b,combo_box,regress,A combo box is,8,3,generally,6.448,0.4153,False
pythia-12b,combo_box,regress,A combo box is,8,4,often,6.427,0.4153,False
pythia-12b,combo_box,regress,A combo box is,9,0,not,7.744,0.5262,False
pythia-12b,combo_box,regress,A combo box is,9,1,often,7.218,0.5262,False
pythia-12b,combo_box,regress,A combo box is,9,2,used,7.175,0.5262,False
pythia-12b,combo_box,regress,A combo box is,9,3,generally,7.115,0.5262,False
pythia-12b,combo_box,regress,A combo box is,9,4,usually,6.936,0.5262,False
pythia-12b,combo_box,regress,A combo box is,10,0,not,7.768,0.3631,False
pythia-12b,combo_box,regress,A combo box is,10,1,often,7.405,0.3631,False
pythia-12b,combo_box,regress,A combo box is,10,2,generally,7.16,0.3631,False
pythia-12b,combo_box,regress,A combo box is,10,3,usually,6.992,0.3631,False
pythia-12b,combo_box,regress,A combo box is,10,4,used,6.914,0.3631,False
pythia-12b,combo_box,regress,A combo box is,11,0,not,8.524,0.4897,False
pythia-12b,combo_box,regress,A combo box is,11,1,often,8.035,0.4897,False
pythia-12b,combo_box,regress,A combo box is,11,2,used,7.946,0.4897,False
pythia-12b,combo_box,regress,A combo box is,11,3,generally,7.817,0.4897,False
pythia-12b,combo_box,regress,A combo box is,11,4,in,7.811,0.4897,False
pythia-12b,combo_box,regress,A combo box is,12,0,often,9.21,0.4297,False
pythia-12b,combo_box,regress,A combo box is,12,1,not,8.78,0.4297,False
pythia-12b,combo_box,regress,A combo box is,12,2,usually,8.774,0.4297,False
pythia-12b,combo_box,regress,A combo box is,12,3,generally,8.597,0.4297,False
pythia-12b,combo_box,regress,A combo box is,12,4,typically,8.377,0.4297,False
pythia-12b,combo_box,regress,A combo box is,13,0,not,8.462,0.1068,False
pythia-12b,combo_box,regress,A combo box is,13,1,often,8.355,0.1068,False
pythia-12b,combo_box,regress,A combo box is,13,2,in,8.33,0.1068,False
pythia-12b,combo_box,regress,A combo box is,13,3,generally,8.17,0.1068,False
pythia-12b,combo_box,regress,A combo box is,13,4,one,7.981,0.1068,False
pythia-12b,combo_box,regress,A combo box is,14,0,in,9.7,0.1586,False
pythia-12b,combo_box,regress,A combo box is,14,1,a,9.541,0.1586,False
pythia-12b,combo_box,regress,A combo box is,14,2,one,8.972,0.1586,False
pythia-12b,combo_box,regress,A combo box is,14,3,the,8.9,0.1586,False
pythia-12b,combo_box,regress,A combo box is,14,4,not,8.89,0.1586,False
pythia-12b,combo_box,regress,A combo box is,15,0,a,9.711,0.8174,True
pythia-12b,combo_box,regress,A combo box is,15,1,in,8.893,0.8174,True
pythia-12b,combo_box,regress,A combo box is,15,2,the,8.691,0.8174,True
pythia-12b,combo_box,regress,A combo box is,15,3,an,8.653,0.8174,True
pythia-12b,combo_box,regress,A combo box is,15,4,one,8.44,0.8174,True
pythia-12b,combo_box,regress,A combo box is,16,0,a,10.754,0.8327,True
pythia-12b,combo_box,regress,A combo box is,16,1,the,9.921,0.8327,True
pythia-12b,combo_box,regress,A combo box is,16,2,in,9.679,0.8327,True
pythia-12b,combo_box,regress,A combo box is,16,3,an,9.611,0.8327,True
pythia-12b,combo_box,regress,A combo box is,16,4,",",9.216,0.8327,True
pythia-12b,combo_box,regress,A combo box is,17,0,a,11.307,1.194,True
pythia-12b,combo_box,regress,A combo box is,17,1,in,10.113,1.194,True
pythia-12b,combo_box,regress,A combo box is,17,2,the,10.043,1.194,True
pythia-12b,combo_box,regress,A combo box is,17,3,an,10.034,1.194,True
pythia-12b,combo_box,regress,A combo box is,17,4,",",9.716,1.194,True
pythia-12b,combo_box,regress,A combo box is,18,0,a,11.856,1.2954,True
pythia-12b,combo_box,regress,A combo box is,18,1,an,10.56,1.2954,True
pythia-12b,combo_box,regress,A combo box is,18,2,the,10.046,1.2954,True
pythia-12b,combo_box,regress,A combo box is,18,3,in,9.869,1.2954,True
pythia-12b,combo_box,regress,A combo box is,18,4,",",9.614,1.2954,True
pythia-12b,combo_box,regress,A combo box is,19,0,a,11.751,1.2169,True
pythia-12b,combo_box,regress,A combo box is,19,1,an,10.534,1.2169,True
pythia-12b,combo_box,regress,A combo box is,19,2,the,9.774,1.2169,True
pythia-12b,combo_box,regress,A combo box is,19,3,in,9.359,1.2169,True
pythia-12b,combo_box,regress,A combo box is,19,4,",",9.106,1.2169,True
pythia-12b,combo_box,regress,A combo box is,20,0,a,13.405,1.2387,True
pythia-12b,combo_box,regress,A combo box is,20,1,an,12.167,1.2387,True
pythia-12b,combo_box,regress,A combo box is,20,2,the,11.16,1.2387,True
pythia-12b,combo_box,regress,A combo box is,20,3,one,10.277,1.2387,True
pythia-12b,combo_box,regress,A combo box is,20,4,in,10.182,1.2387,True
pythia-12b,combo_box,regress,A combo box is,21,0,a,14.336,1.5358,True
pythia-12b,combo_box,regress,A combo box is,21,1,an,12.8,1.5358,True
pythia-12b,combo_box,regress,A combo box is,21,2,the,11.739,1.5358,True
pythia-12b,combo_box,regress,A combo box is,21,3,one,11.071,1.5358,True
pythia-12b,combo_box,regress,A combo box is,21,4,in,11.057,1.5358,True
pythia-12b,combo_box,regress,A combo box is,22,0,a,14.728,1.4905,True
pythia-12b,combo_box,regress,A combo box is,22,1,an,13.238,1.4905,True
pythia-12b,combo_box,regress,A combo box is,22,2,the,11.561,1.4905,True
pythia-12b,combo_box,regress,A combo box is,22,3,one,11.237,1.4905,True
pythia-12b,combo_box,regress,A combo box is,22,4,in,10.359,1.4905,True
pythia-12b,combo_box,regress,A combo box is,23,0,a,14.768,1.4557,True
pythia-12b,combo_box,regress,A combo box is,23,1,an,13.312,1.4557,True
pythia-12b,combo_box,regress,A combo box is,23,2,the,11.308,1.4557,True
pythia-12b,combo_box,regress,A combo box is,23,3,one,11.113,1.4557,True
pythia-12b,combo_box,regress,A combo box is,23,4,used,9.852,1.4557,True
pythia-12b,combo_box,regress,A combo box is,24,0,a,15.655,1.5136,True
pythia-12b,combo_box,regress,A combo box is,24,1,an,14.141,1.5136,True
pythia-12b,combo_box,regress,A combo box is,24,2,one,11.748,1.5136,True
pythia-12b,combo_box,regress,A combo box is,24,3,the,11.59,1.5136,True
pythia-12b,combo_box,regress,A combo box is,24,4,used,10.53,1.5136,True
pythia-12b,combo_box,regress,A combo box is,25,0,a,16.023,1.3688,True
pythia-12b,combo_box,regress,A combo box is,25,1,an,14.654,1.3688,True
pythia-12b,combo_box,regress,A combo box is,25,2,one,11.756,1.3688,True
pythia-12b,combo_box,regress,A combo box is,25,3,the,11.68,1.3688,True
pythia-12b,combo_box,regress,A combo box is,25,4,used,11.19,1.3688,True
pythia-12b,combo_box,regress,A combo box is,26,0,a,16.902,1.6078,True
pythia-12b,combo_box,regress,A combo box is,26,1,an,15.294,1.6078,True
pythia-12b,combo_box,regress,A combo box is,26,2,one,12.329,1.6078,True
pythia-12b,combo_box,regress,A combo box is,26,3,the,12.197,1.6078,True
pythia-12b,combo_box,regress,A combo box is,26,4,used,11.948,1.6078,True
pythia-12b,combo_box,regress,A combo box is,27,0,a,17.159,1.5752,True
pythia-12b,combo_box,regress,A combo box is,27,1,an,15.583,1.5752,True
pythia-12b,combo_box,regress,A combo box is,27,2,one,12.53,1.5752,True
pythia-12b,combo_box,regress,A combo box is,27,3,used,12.038,1.5752,True
pythia-12b,combo_box,regress,A combo box is,27,4,the,11.892,1.5752,True
pythia-12b,combo_box,regress,A combo box is,28,0,a,17.394,1.7774,True
pythia-12b,combo_box,regress,A combo box is,28,1,an,15.616,1.7774,True
pythia-12b,combo_box,regress,A combo box is,28,2,one,12.676,1.7774,True
pythia-12b,combo_box,regress,A combo box is,28,3,used,12.545,1.7774,True
pythia-12b,combo_box,regress,A combo box is,28,4,the,11.788,1.7774,True
pythia-12b,combo_box,regress,A combo box is,29,0,a,18.312,1.9732,True
pythia-12b,combo_box,regress,A combo box is,29,1,an,16.339,1.9732,True
pythia-12b,combo_box,regress,A combo box is,29,2,one,13.778,1.9732,True
pythia-12b,combo_box,regress,A combo box is,29,3,used,13.025,1.9732,True
pythia-12b,combo_box,regress,A combo box is,29,4,the,12.368,1.9732,True
pythia-12b,combo_box,regress,A combo box is,30,0,a,18.791,2.0719,True
pythia-12b,combo_box,regress,A combo box is,30,1,an,16.72,2.0719,True
pythia-12b,combo_box,regress,A combo box is,30,2,one,14.33,2.0719,True
pythia-12b,combo_box,regress,A combo box is,30,3,used,13.16,2.0719,True
pythia-12b,combo_box,regress,A combo box is,30,4,the,12.664,2.0719,True
pythia-12b,combo_box,regress,A combo box is,31,0,a,19.263,2.2571,True
pythia-12b,combo_box,regress,A combo box is,31,1,an,17.006,2.2571,True
pythia-12b,combo_box,regress,A combo box is,31,2,one,14.709,2.2571,True
pythia-12b,combo_box,regress,A combo box is,31,3,used,13.613,2.2571,True
pythia-12b,combo_box,regress,A combo box is,31,4,the,13.329,2.2571,True
pythia-12b,combo_box,regress,A combo box is,32,0,a,19.122,2.6894,True
pythia-12b,combo_box,regress,A combo box is,32,1,an,16.433,2.6894,True
pythia-12b,combo_box,regress,A combo box is,32,2,one,14.537,2.6894,True
pythia-12b,combo_box,regress,A combo box is,32,3,the,13.658,2.6894,True
pythia-12b,combo_box,regress,A combo box is,32,4,used,13.658,2.6894,True
pythia-12b,combo_box,regress,A combo box is,33,0,a,18.777,2.1023,True
pythia-12b,combo_box,regress,A combo box is,33,1,an,16.675,2.1023,True
pythia-12b,combo_box,regress,A combo box is,33,2,one,14.881,2.1023,True
pythia-12b,combo_box,regress,A combo box is,33,3,the,13.944,2.1023,True
pythia-12b,combo_box,regress,A combo box is,33,4,used,13.69,2.1023,True
pythia-12b,combo_box,regress,A combo box is,34,0,a,16.991,2.15,True
pythia-12b,combo_box,regress,A combo box is,34,1,an,14.841,2.15,True
pythia-12b,combo_box,regress,A combo box is,34,2,one,13.425,2.15,True
pythia-12b,combo_box,regress,A combo box is,34,3,the,13.028,2.15,True
pythia-12b,combo_box,regress,A combo box is,34,4,used,12.768,2.15,True
pythia-12b,combo_box,regress,A combo box is,35,0,a,18.47,2.1035,True
pythia-12b,combo_box,regress,A combo box is,35,1,an,16.367,2.1035,True
pythia-12b,combo_box,regress,A combo box is,35,2,used,15.66,2.1035,True
pythia-12b,combo_box,regress,A combo box is,35,3,one,15.251,2.1035,True
pythia-12b,combo_box,regress,A combo box is,35,4,the,14.637,2.1035,True
pythia-12b,status_message,regress,A status message is,0,0,||,10.172,1.0777,False
pythia-12b,status_message,regress,A status message is,0,1,====================,9.094,1.0777,False
pythia-12b,status_message,regress,A status message is,0,2,======================,8.623,1.0777,False
pythia-12b,status_message,regress,A status message is,0,3,=====================,8.019,1.0777,False
pythia-12b,status_message,regress,A status message is,0,4,Simplify,7.751,1.0777,False
pythia-12b,status_message,regress,A status message is,1,0,||,9.837,1.2473,False
pythia-12b,status_message,regress,A status message is,1,1,======================,8.59,1.2473,False
pythia-12b,status_message,regress,A status message is,1,2,====================,8.462,1.2473,False
pythia-12b,status_message,regress,A status message is,1,3,Simplify,7.788,1.2473,False
pythia-12b,status_message,regress,A status message is,1,4,Decided,7.762,1.2473,False
pythia-12b,status_message,regress,A status message is,2,0,||,9.268,0.4799,False
pythia-12b,status_message,regress,A status message is,2,1,======================,8.788,0.4799,False
pythia-12b,status_message,regress,A status message is,2,2,====================,7.865,0.4799,False
pythia-12b,status_message,regress,A status message is,2,3,Decided,7.834,0.4799,False
pythia-12b,status_message,regress,A status message is,2,4,--------------------------------------------------,7.531,0.4799,False
pythia-12b,status_message,regress,A status message is,3,0,======================,8.946,0.8787,False
pythia-12b,status_message,regress,A status message is,3,1,||,8.067,0.8787,False
pythia-12b,status_message,regress,A status message is,3,2,Simplify,7.743,0.8787,False
pythia-12b,status_message,regress,A status message is,3,3,====================,7.29,0.8787,False
pythia-12b,status_message,regress,A status message is,3,4,A,7.272,0.8787,False
pythia-12b,status_message,regress,A status message is,4,0,======================,8.627,1.1804,False
pythia-12b,status_message,regress,A status message is,4,1,Simplify,7.447,1.1804,False
pythia-12b,status_message,regress,A status message is,4,2,ek,7.376,1.1804,False
pythia-12b,status_message,regress,A status message is,4,3,||,7.124,1.1804,False
pythia-12b,status_message,regress,A status message is,4,4,====================,6.907,1.1804,False
pythia-12b,status_message,regress,A status message is,5,0,======================,8.705,0.8462,False
pythia-12b,status_message,regress,A status message is,5,1,Simplify,7.859,0.8462,False
pythia-12b,status_message,regress,A status message is,5,2,ek,7.293,0.8462,False
pythia-12b,status_message,regress,A status message is,5,3,=========================,7.137,0.8462,False
pythia-12b,status_message,regress,A status message is,5,4,====================,6.752,0.8462,False
pythia-12b,status_message,regress,A status message is,6,0,======================,7.9,0.6989,False
pythia-12b,status_message,regress,A status message is,6,1,=========================,7.201,0.6989,False
pythia-12b,status_message,regress,A status message is,6,2,ek,7.125,0.6989,False
pythia-12b,status_message,regress,A status message is,6,3,now,7.045,0.6989,False
pythia-12b,status_message,regress,A status message is,6,4,Simplify,6.914,0.6989,False
pythia-12b,status_message,regress,A status message is,7,0,not,7.453,0.0065,False
pythia-12b,status_message,regress,A status message is,7,1,to,7.447,0.0065,False
pythia-12b,status_message,regress,A status message is,7,2,now,7.413,0.0065,False
pythia-12b,status_message,regress,A status message is,7,3,thus,7.23,0.0065,False
pythia-12b,status_message,regress,A status message is,7,4,used,7.194,0.0065,False
pythia-12b,status_message,regress,A status message is,8,0,not,7.665,0.2271,False
pythia-12b,status_message,regress,A status message is,8,1,usually,7.438,0.2271,False
pythia-12b,status_message,regress,A status message is,8,2,now,7.398,0.2271,False
pythia-12b,status_message,regress,A status message is,8,3,often,7.12,0.2271,False
pythia-12b,status_message,regress,A status message is,8,4,always,6.936,0.2271,False
pythia-12b,status_message,regress,A status message is,9,0,not,8.616,0.5891,False
pythia-12b,status_message,regress,A status message is,9,1,usually,8.027,0.5891,False
pythia-12b,status_message,regress,A status message is,9,2,often,8.008,0.5891,False
pythia-12b,status_message,regress,A status message is,9,3,now,7.721,0.5891,False
pythia-12b,status_message,regress,A status message is,9,4,generally,7.297,0.5891,False
pythia-12b,status_message,regress,A status message is,10,0,not,8.187,0.2173,False
pythia-12b,status_message,regress,A status message is,10,1,often,7.97,0.2173,False
pythia-12b,status_message,regress,A status message is,10,2,usually,7.81,0.2173,False
pythia-12b,status_message,regress,A status message is,10,3,generally,7.307,0.2173,False
pythia-12b,status_message,regress,A status message is,10,4,always,6.988,0.2173,False
pythia-12b,status_message,regress,A status message is,11,0,not,8.72,0.1453,False
pythia-12b,status_message,regress,A status message is,11,1,often,8.575,0.1453,False
pythia-12b,status_message,regress,A status message is,11,2,usually,8.275,0.1453,False
pythia-12b,status_message,regress,A status message is,11,3,typically,7.813,0.1453,False
pythia-12b,status_message,regress,A status message is,11,4,generally,7.802,0.1453,False
pythia-12b,status_message,regress,A status message is,12,0,not,9.397,0.1295,False
pythia-12b,status_message,regress,A status message is,12,1,often,9.268,0.1295,False
pythia-12b,status_message,regress,A status message is,12,2,usually,8.962,0.1295,False
pythia-12b,status_message,regress,A status message is,12,3,generally,8.723,0.1295,False
pythia-12b,status_message,regress,A status message is,12,4,also,8.517,0.1295,False
pythia-12b,status_message,regress,A status message is,13,0,not,9.108,0.699,False
pythia-12b,status_message,regress,A status message is,13,1,often,8.409,0.699,False
pythia-12b,status_message,regress,A status message is,13,2,also,8.266,0.699,False
pythia-12b,status_message,regress,A status message is,13,3,in,8.033,0.699,False
pythia-12b,status_message,regress,A status message is,13,4,usually,7.735,0.699,False
pythia-12b,status_message,regress,A status message is,14,0,not,9.216,0.1519,False
pythia-12b,status_message,regress,A status message is,14,1,in,9.064,0.1519,False
pythia-12b,status_message,regress,A status message is,14,2,also,8.831,0.1519,False
pythia-12b,status_message,regress,A status message is,14,3,often,8.411,0.1519,False
pythia-12b,status_message,regress,A status message is,14,4,a,8.338,0.1519,False
pythia-12b,status_message,regress,A status message is,15,0,in,8.561,0.0945,False
pythia-12b,status_message,regress,A status message is,15,1,not,8.467,0.0945,False
pythia-12b,status_message,regress,A status message is,15,2,a,8.343,0.0945,False
pythia-12b,status_message,regress,A status message is,15,3,also,8.27,0.0945,False
pythia-12b,status_message,regress,A status message is,15,4,,7.936,0.0945,False
pythia-12b,status_message,regress,A status message is,16,0,a,9.323,0.1262,True
pythia-12b,status_message,regress,A status message is,16,1,in,9.197,0.1262,True
pythia-12b,status_message,regress,A status message is,16,2,not,9.025,0.1262,True
pythia-12b,status_message,regress,A status message is,16,3,the,8.997,0.1262,True
pythia-12b,status_message,regress,A status message is,16,4,,8.413,0.1262,True
pythia-12b,status_message,regress,A status message is,17,0,a,9.943,0.2588,True
pythia-12b,status_message,regress,A status message is,17,1,in,9.684,0.2588,True
pythia-12b,status_message,regress,A status message is,17,2,not,9.437,0.2588,True
pythia-12b,status_message,regress,A status message is,17,3,the,9.412,0.2588,True
pythia-12b,status_message,regress,A status message is,17,4,",",8.851,0.2588,True
pythia-12b,status_message,regress,A status message is,18,0,a,10.839,0.9935,True
pythia-12b,status_message,regress,A status message is,18,1,in,9.845,0.9935,True
pythia-12b,status_message,regress,A status message is,18,2,the,9.717,0.9935,True
pythia-12b,status_message,regress,A status message is,18,3,an,9.575,0.9935,True
pythia-12b,status_message,regress,A status message is,18,4,not,9.572,0.9935,True
pythia-12b,status_message,regress,A status message is,19,0,a,10.944,1.2174,True
pythia-12b,status_message,regress,A status message is,19,1,an,9.726,1.2174,True
pythia-12b,status_message,regress,A status message is,19,2,the,9.664,1.2174,True
pythia-12b,status_message,regress,A status message is,19,3,in,9.461,1.2174,True
pythia-12b,status_message,regress,A status message is,19,4,not,8.908,1.2174,True
pythia-12b,status_message,regress,A status message is,20,0,a,12.124,1.3064,True
pythia-12b,status_message,regress,A status message is,20,1,an,10.818,1.3064,True
pythia-12b,status_message,regress,A status message is,20,2,the,10.734,1.3064,True
pythia-12b,status_message,regress,A status message is,20,3,in,9.915,1.3064,True
pythia-12b,status_message,regress,A status message is,20,4,",",9.614,1.3064,True
pythia-12b,status_message,regress,A status message is,21,0,a,12.774,1.6254,True
pythia-12b,status_message,regress,A status message is,21,1,an,11.149,1.6254,True
pythia-12b,status_message,regress,A status message is,21,2,the,11.075,1.6254,True
pythia-12b,status_message,regress,A status message is,21,3,in,10.183,1.6254,True
pythia-12b,status_message,regress,A status message is,21,4,",",9.815,1.6254,True
pythia-12b,status_message,regress,A status message is,22,0,a,13.406,1.4858,True
pythia-12b,status_message,regress,A status message is,22,1,an,11.92,1.4858,True
pythia-12b,status_message,regress,A status message is,22,2,the,11.147,1.4858,True
pythia-12b,status_message,regress,A status message is,22,3,in,10.169,1.4858,True
pythia-12b,status_message,regress,A status message is,22,4,one,9.751,1.4858,True
pythia-12b,status_message,regress,A status message is,23,0,a,13.461,1.3398,True
pythia-12b,status_message,regress,A status message is,23,1,an,12.121,1.3398,True
pythia-12b,status_message,regress,A status message is,23,2,the,10.938,1.3398,True
pythia-12b,status_message,regress,A status message is,23,3,one,9.677,1.3398,True
pythia-12b,status_message,regress,A status message is,23,4,in,9.404,1.3398,True
pythia-12b,status_message,regress,A status message is,24,0,a,14.198,1.3838,True
pythia-12b,status_message,regress,A status message is,24,1,an,12.814,1.3838,True
pythia-12b,status_message,regress,A status message is,24,2,the,11.495,1.3838,True
pythia-12b,status_message,regress,A status message is,24,3,one,10.307,1.3838,True
pythia-12b,status_message,regress,A status message is,24,4,usually,9.751,1.3838,True
pythia-12b,status_message,regress,A status message is,25,0,a,14.339,1.23,True
pythia-12b,status_message,regress,A status message is,25,1,an,13.109,1.23,True
pythia-12b,status_message,regress,A status message is,25,2,the,11.384,1.23,True
pythia-12b,status_message,regress,A status message is,25,3,one,10.006,1.23,True
pythia-12b,status_message,regress,A status message is,25,4,not,9.818,1.23,True
pythia-12b,status_message,regress,A status message is,26,0,a,15.119,1.5184,True
pythia-12b,status_message,regress,A status message is,26,1,an,13.6,1.5184,True
pythia-12b,status_message,regress,A status message is,26,2,the,11.854,1.5184,True
pythia-12b,status_message,regress,A status message is,26,3,one,10.654,1.5184,True
pythia-12b,status_message,regress,A status message is,26,4,displayed,10.302,1.5184,True
pythia-12b,status_message,regress,A status message is,27,0,a,15.233,1.3267,True
pythia-12b,status_message,regress,A status message is,27,1,an,13.907,1.3267,True
pythia-12b,status_message,regress,A status message is,27,2,the,11.941,1.3267,True
pythia-12b,status_message,regress,A status message is,27,3,one,10.869,1.3267,True
pythia-12b,status_message,regress,A status message is,27,4,any,10.836,1.3267,True
pythia-12b,status_message,regress,A status message is,28,0,a,15.245,1.3826,True
pythia-12b,status_message,regress,A status message is,28,1,an,13.863,1.3826,True
pythia-12b,status_message,regress,A status message is,28,2,the,11.788,1.3826,True
pythia-12b,status_message,regress,A status message is,28,3,one,11.133,1.3826,True
pythia-12b,status_message,regress,A status message is,28,4,displayed,11.057,1.3826,True
pythia-12b,status_message,regress,A status message is,29,0,a,16.087,1.7201,True
pythia-12b,status_message,regress,A status message is,29,1,an,14.366,1.7201,True
pythia-12b,status_message,regress,A status message is,29,2,the,12.23,1.7201,True
pythia-12b,status_message,regress,A status message is,29,3,one,11.921,1.7201,True
pythia-12b,status_message,regress,A status message is,29,4,sent,11.493,1.7201,True
pythia-12b,status_message,regress,A status message is,30,0,a,16.465,1.602,True
pythia-12b,status_message,regress,A status message is,30,1,an,14.863,1.602,True
pythia-12b,status_message,regress,A status message is,30,2,the,12.573,1.602,True
pythia-12b,status_message,regress,A status message is,30,3,one,12.073,1.602,True
pythia-12b,status_message,regress,A status message is,30,4,sent,12.043,1.602,True
pythia-12b,status_message,regress,A status message is,31,0,a,16.981,1.6158,True
pythia-12b,status_message,regress,A status message is,31,1,an,15.365,1.6158,True
pythia-12b,status_message,regress,A status message is,31,2,the,13.235,1.6158,True
pythia-12b,status_message,regress,A status message is,31,3,one,12.534,1.6158,True
pythia-12b,status_message,regress,A status message is,31,4,sent,12.519,1.6158,True
pythia-12b,status_message,regress,A status message is,32,0,a,16.544,1.8148,True
pythia-12b,status_message,regress,A status message is,32,1,an,14.729,1.8148,True
pythia-12b,status_message,regress,A status message is,32,2,the,13.124,1.8148,True
pythia-12b,status_message,regress,A status message is,32,3,one,12.522,1.8148,True
pythia-12b,status_message,regress,A status message is,32,4,not,12.291,1.8148,True
pythia-12b,status_message,regress,A status message is,33,0,a,16.519,1.3545,True
pythia-12b,status_message,regress,A status message is,33,1,an,15.165,1.3545,True
pythia-12b,status_message,regress,A status message is,33,2,the,13.471,1.3545,True
pythia-12b,status_message,regress,A status message is,33,3,one,12.918,1.3545,True
pythia-12b,status_message,regress,A status message is,33,4,sent,12.466,1.3545,True
pythia-12b,status_message,regress,A status message is,34,0,a,15.154,1.654,True
pythia-12b,status_message,regress,A status message is,34,1,an,13.5,1.654,True
pythia-12b,status_message,regress,A status message is,34,2,the,12.521,1.654,True
pythia-12b,status_message,regress,A status message is,34,3,sent,12.058,1.654,True
pythia-12b,status_message,regress,A status message is,34,4,displayed,11.997,1.654,True
pythia-12b,status_message,regress,A status message is,35,0,a,16.925,1.3402,True
pythia-12b,status_message,regress,A status message is,35,1,displayed,15.585,1.3402,True
pythia-12b,status_message,regress,A status message is,35,2,an,15.326,1.3402,True
pythia-12b,status_message,regress,A status message is,35,3,sent,15.109,1.3402,True
pythia-12b,status_message,regress,A status message is,35,4,shown,14.559,1.3402,True
pythia-1b,accessible_name,peak,An accessible name is,0,0,nt,8.936,0.9959,False
pythia-1b,accessible_name,peak,An accessible name is,0,1,omer,7.94,0.9959,False
pythia-1b,accessible_name,peak,An accessible name is,0,2,omers,7.895,0.9959,False
pythia-1b,accessible_name,peak,An accessible name is,0,3,not,6.678,0.9959,False
pythia-1b,accessible_name,peak,An accessible name is,0,4,probably,6.643,0.9959,False
pythia-1b,accessible_name,peak,An accessible name is,1,0,omer,9.979,0.1921,False
pythia-1b,accessible_name,peak,An accessible name is,1,1,nt,9.787,0.1921,False
pythia-1b,accessible_name,peak,An accessible name is,1,2,omers,8.783,0.1921,False
pythia-1b,accessible_name,peak,An accessible name is,1,3,not,8.449,0.1921,False
pythia-1b,accessible_name,peak,An accessible name is,1,4,indeed,7.686,0.1921,False
pythia-1b,accessible_name,peak,An accessible name is,2,0,omer,9.701,0.419,False
pythia-1b,accessible_name,peak,An accessible name is,2,1,given,9.282,0.419,False
pythia-1b,accessible_name,peak,An accessible name is,2,2,omers,9.156,0.419,False
pythia-1b,accessible_name,peak,An accessible name is,2,3,nt,8.791,0.419,False
pythia-1b,accessible_name,peak,An accessible name is,2,4,“,7.962,0.419,False
pythia-1b,accessible_name,peak,An accessible name is,3,0,nt,9.991,0.5184,False
pythia-1b,accessible_name,peak,An accessible name is,3,1,given,9.473,0.5184,False
pythia-1b,accessible_name,peak,An accessible name is,3,2,rare,8.835,0.5184,False
pythia-1b,accessible_name,peak,An accessible name is,3,3,omer,8.422,0.5184,False
pythia-1b,accessible_name,peak,An accessible name is,3,4,based,8.247,0.5184,False
pythia-1b,accessible_name,peak,An accessible name is,4,0,nt,11.605,2.3294,False
pythia-1b,accessible_name,peak,An accessible name is,4,1,also,9.275,2.3294,False
pythia-1b,accessible_name,peak,An accessible name is,4,2,omers,8.981,2.3294,False
pythia-1b,accessible_name,peak,An accessible name is,4,3,not,8.822,2.3294,False
pythia-1b,accessible_name,peak,An accessible name is,4,4,given,8.326,2.3294,False
pythia-1b,accessible_name,peak,An accessible name is,5,0,nt,12.223,2.0401,False
pythia-1b,accessible_name,peak,An accessible name is,5,1,also,10.183,2.0401,False
pythia-1b,accessible_name,peak,An accessible name is,5,2,given,9.872,2.0401,False
pythia-1b,accessible_name,peak,An accessible name is,5,3,not,9.105,2.0401,False
pythia-1b,accessible_name,peak,An accessible name is,5,4,required,8.872,2.0401,False
pythia-1b,accessible_name,peak,An accessible name is,6,0,nt,11.918,0.7751,False
pythia-1b,accessible_name,peak,An accessible name is,6,1,also,11.143,0.7751,False
pythia-1b,accessible_name,peak,An accessible name is,6,2,given,10.586,0.7751,False
pythia-1b,accessible_name,peak,An accessible name is,6,3,not,10.207,0.7751,False
pythia-1b,accessible_name,peak,An accessible name is,6,4,always,9.942,0.7751,False
pythia-1b,accessible_name,peak,An accessible name is,7,0,nt,13.004,1.4772,False
pythia-1b,accessible_name,peak,An accessible name is,7,1,also,11.527,1.4772,False
pythia-1b,accessible_name,peak,An accessible name is,7,2,not,11.469,1.4772,False
pythia-1b,accessible_name,peak,An accessible name is,7,3,always,11.288,1.4772,False
pythia-1b,accessible_name,peak,An accessible name is,7,4,given,10.77,1.4772,False
pythia-1b,accessible_name,peak,An accessible name is,8,0,not,12.51,0.446,False
pythia-1b,accessible_name,peak,An accessible name is,8,1,also,12.064,0.446,False
pythia-1b,accessible_name,peak,An accessible name is,8,2,nt,12.048,0.446,False
pythia-1b,accessible_name,peak,An accessible name is,8,3,given,10.914,0.446,False
pythia-1b,accessible_name,peak,An accessible name is,8,4,often,10.882,0.446,False
pythia-1b,accessible_name,peak,An accessible name is,9,0,not,14.844,0.5667,False
pythia-1b,accessible_name,peak,An accessible name is,9,1,also,14.277,0.5667,False
pythia-1b,accessible_name,peak,An accessible name is,9,2,nt,13.186,0.5667,False
pythia-1b,accessible_name,peak,An accessible name is,9,3,usually,12.605,0.5667,False
pythia-1b,accessible_name,peak,An accessible name is,9,4,required,12.156,0.5667,False
pythia-1b,accessible_name,peak,An accessible name is,10,0,not,14.152,0.6732,False
pythia-1b,accessible_name,peak,An accessible name is,10,1,a,13.479,0.6732,False
pythia-1b,accessible_name,peak,An accessible name is,10,2,usually,13.144,0.6732,False
pythia-1b,accessible_name,peak,An accessible name is,10,3,often,12.743,0.6732,False
pythia-1b,accessible_name,peak,An accessible name is,10,4,required,12.65,0.6732,False
pythia-1b,accessible_name,peak,An accessible name is,11,0,a,15.194,0.4308,True
pythia-1b,accessible_name,peak,An accessible name is,11,1,not,14.764,0.4308,True
pythia-1b,accessible_name,peak,An accessible name is,11,2,usually,14.259,0.4308,True
pythia-1b,accessible_name,peak,An accessible name is,11,3,name,14.204,0.4308,True
pythia-1b,accessible_name,peak,An accessible name is,11,4,defined,14.051,0.4308,True
pythia-1b,accessible_name,peak,An accessible name is,12,0,a,16.666,1.2397,True
pythia-1b,accessible_name,peak,An accessible name is,12,1,an,15.426,1.2397,True
pythia-1b,accessible_name,peak,An accessible name is,12,2,not,15.146,1.2397,True
pythia-1b,accessible_name,peak,An accessible name is,12,3,usually,13.461,1.2397,True
pythia-1b,accessible_name,peak,An accessible name is,12,4,required,13.302,1.2397,True
pythia-1b,accessible_name,peak,An accessible name is,13,0,a,16.827,1.5217,True
pythia-1b,accessible_name,peak,An accessible name is,13,1,an,15.305,1.5217,True
pythia-1b,accessible_name,peak,An accessible name is,13,2,not,14.914,1.5217,True
pythia-1b,accessible_name,peak,An accessible name is,13,3,the,13.584,1.5217,True
pythia-1b,accessible_name,peak,An accessible name is,13,4,one,13.339,1.5217,True
pythia-1b,accessible_name,peak,An accessible name is,14,0,a,17.094,1.0871,True
pythia-1b,accessible_name,peak,An accessible name is,14,1,an,16.007,1.0871,True
pythia-1b,accessible_name,peak,An accessible name is,14,2,one,14.701,1.0871,True
pythia-1b,accessible_name,peak,An accessible name is,14,3,not,14.06,1.0871,True
pythia-1b,accessible_name,peak,An accessible name is,14,4,the,13.816,1.0871,True
pythia-1b,accessible_name,peak,An accessible name is,15,0,a,15.437,1.1797,True
pythia-1b,accessible_name,peak,An accessible name is,15,1,an,14.258,1.1797,True
pythia-1b,accessible_name,peak,An accessible name is,15,2,the,13.793,1.1797,True
pythia-1b,accessible_name,peak,An accessible name is,15,3,not,13.396,1.1797,True
pythia-1b,accessible_name,peak,An accessible name is,15,4,used,13.195,1.1797,True
pythia-2.8b,accessible_name,regress,An accessible name is,0,0,ibase,13.322,0.0926,False
pythia-2.8b,accessible_name,regress,An accessible name is,0,1,amsbsy,13.23,0.0926,False
pythia-2.8b,accessible_name,regress,An accessible name is,0,2,,12.661,0.0926,False
pythia-2.8b,accessible_name,regress,An accessible name is,0,3,bolds,12.202,0.0926,False
pythia-2.8b,accessible_name,regress,An accessible name is,0,4,amssymb,11.981,0.0926,False
pythia-2.8b,accessible_name,regress,An accessible name is,1,0,,12.117,0.0813,False
pythia-2.8b,accessible_name,regress,An accessible name is,1,1,brevi,12.036,0.0813,False
pythia-2.8b,accessible_name,regress,An accessible name is,1,2,amssymb,11.922,0.0813,False
pythia-2.8b,accessible_name,regress,An accessible name is,1,3,ibase,11.888,0.0813,False
pythia-2.8b,accessible_name,regress,An accessible name is,1,4,amsbsy,11.798,0.0813,False
pythia-2.8b,accessible_name,regress,An accessible name is,2,0,,11.209,0.0952,False
pythia-2.8b,accessible_name,regress,An accessible name is,2,1,amssymb,11.113,0.0952,False
pythia-2.8b,accessible_name,regress,An accessible name is,2,2,amsbsy,10.716,0.0952,False
pythia-2.8b,accessible_name,regress,An accessible name is,2,3,lemn,10.602,0.0952,False
pythia-2.8b,accessible_name,regress,An accessible name is,2,4,=”,10.452,0.0952,False
pythia-2.8b,accessible_name,regress,An accessible name is,3,0,amssymb,11.285,0.1752,False
pythia-2.8b,accessible_name,regress,An accessible name is,3,1,ARRANT,11.11,0.1752,False
pythia-2.8b,accessible_name,regress,An accessible name is,3,2,,10.791,0.1752,False
pythia-2.8b,accessible_name,regress,An accessible name is,3,3,amsbsy,10.746,0.1752,False
pythia-2.8b,accessible_name,regress,An accessible name is,3,4,,10.126,0.1752,False
pythia-2.8b,accessible_name,regress,An accessible name is,4,0,amssymb,9.546,0.4196,False
pythia-2.8b,accessible_name,regress,An accessible name is,4,1,bolds,9.127,0.4196,False
pythia-2.8b,accessible_name,regress,An accessible name is,4,2,,9.114,0.4196,False
pythia-2.8b,accessible_name,regress,An accessible name is,4,3,��,8.982,0.4196,False
pythia-2.8b,accessible_name,regress,An accessible name is,4,4,amsbsy,8.957,0.4196,False
pythia-2.8b,accessible_name,regress,An accessible name is,5,0,OOST,8.266,0.1854,False
pythia-2.8b,accessible_name,regress,An accessible name is,5,1,/~,8.081,0.1854,False
pythia-2.8b,accessible_name,regress,An accessible name is,5,2,=”,8.08,0.1854,False
pythia-2.8b,accessible_name,regress,An accessible name is,5,3,IRST,8.01,0.1854,False
pythia-2.8b,accessible_name,regress,An accessible name is,5,4,ogl,7.74,0.1854,False
pythia-2.8b,accessible_name,regress,An accessible name is,6,0,CLUDING,8.359,0.6429,False
pythia-2.8b,accessible_name,regress,An accessible name is,6,1,oge,7.716,0.6429,False
pythia-2.8b,accessible_name,regress,An accessible name is,6,2,DSL,7.617,0.6429,False
pythia-2.8b,accessible_name,regress,An accessible name is,6,3,/~,7.412,0.6429,False
pythia-2.8b,accessible_name,regress,An accessible name is,6,4,ogl,7.215,0.6429,False
pythia-2.8b,accessible_name,regress,An accessible name is,7,0,/~,8.721,0.7828,False
pythia-2.8b,accessible_name,regress,An accessible name is,7,1,DSL,7.938,0.7828,False
pythia-2.8b,accessible_name,regress,An accessible name is,7,2,CLUDING,7.895,0.7828,False
pythia-2.8b,accessible_name,regress,An accessible name is,7,3,always,7.718,0.7828,False
pythia-2.8b,accessible_name,regress,An accessible name is,7,4,earch,7.449,0.7828,False
pythia-2.8b,accessible_name,regress,An accessible name is,8,0,always,9.456,0.6872,False
pythia-2.8b,accessible_name,regress,An accessible name is,8,1,CLUDING,8.768,0.6872,False
pythia-2.8b,accessible_name,regress,An accessible name is,8,2,often,8.681,0.6872,False
pythia-2.8b,accessible_name,regress,An accessible name is,8,3,usually,8.34,0.6872,False
pythia-2.8b,accessible_name,regress,An accessible name is,8,4,typically,7.692,0.6872,False
pythia-2.8b,accessible_name,regress,An accessible name is,9,0,always,9.373,1.1152,False
pythia-2.8b,accessible_name,regress,An accessible name is,9,1,/~,8.258,1.1152,False
pythia-2.8b,accessible_name,regress,An accessible name is,9,2,often,7.79,1.1152,False
pythia-2.8b,accessible_name,regress,An accessible name is,9,3,usually,7.615,1.1152,False
pythia-2.8b,accessible_name,regress,An accessible name is,9,4,CLUDING,7.507,1.1152,False
pythia-2.8b,accessible_name,regress,An accessible name is,10,0,always,9.43,0.5579,False
pythia-2.8b,accessible_name,regress,An accessible name is,10,1,usually,8.872,0.5579,False
pythia-2.8b,accessible_name,regress,An accessible name is,10,2,often,8.465,0.5579,False
pythia-2.8b,accessible_name,regress,An accessible name is,10,3,typically,8.154,0.5579,False
pythia-2.8b,accessible_name,regress,An accessible name is,10,4,HECK,7.597,0.5579,False
pythia-2.8b,accessible_name,regress,An accessible name is,11,0,always,9.699,0.955,False
pythia-2.8b,accessible_name,regress,An accessible name is,11,1,CLUDING,8.744,0.955,False
pythia-2.8b,accessible_name,regress,An accessible name is,11,2,usually,8.253,0.955,False
pythia-2.8b,accessible_name,regress,An accessible name is,11,3,often,8.123,0.955,False
pythia-2.8b,accessible_name,regress,An accessible name is,11,4,HEP,7.663,0.955,False
pythia-2.8b,accessible_name,regress,An accessible name is,12,0,always,11.359,2.1958,False
pythia-2.8b,accessible_name,regress,An accessible name is,12,1,CLUDING,9.164,2.1958,False
pythia-2.8b,accessible_name,regress,An accessible name is,12,2,usually,9.022,2.1958,False
pythia-2.8b,accessible_name,regress,An accessible name is,12,3,often,8.631,2.1958,False
pythia-2.8b,accessible_name,regress,An accessible name is,12,4,typically,8.094,2.1958,False
pythia-2.8b,accessible_name,regress,An accessible name is,13,0,always,11.487,2.5594,False
pythia-2.8b,accessible_name,regress,An accessible name is,13,1,usually,8.928,2.5594,False
pythia-2.8b,accessible_name,regress,An accessible name is,13,2,often,8.744,2.5594,False
pythia-2.8b,accessible_name,regress,An accessible name is,13,3,defined,8.703,2.5594,False
pythia-2.8b,accessible_name,regress,An accessible name is,13,4,definitely,7.942,2.5594,False
pythia-2.8b,accessible_name,regress,An accessible name is,14,0,always,10.889,1.1682,False
pythia-2.8b,accessible_name,regress,An accessible name is,14,1,defined,9.72,1.1682,False
pythia-2.8b,accessible_name,regress,An accessible name is,14,2,usually,9.136,1.1682,False
pythia-2.8b,accessible_name,regress,An accessible name is,14,3,often,8.558,1.1682,False
pythia-2.8b,accessible_name,regress,An accessible name is,14,4,typically,8.215,1.1682,False
pythia-2.8b,accessible_name,regress,An accessible name is,15,0,always,10.509,0.5313,False
pythia-2.8b,accessible_name,regress,An accessible name is,15,1,defined,9.978,0.5313,False
pythia-2.8b,accessible_name,regress,An accessible name is,15,2,often,9.077,0.5313,False
pythia-2.8b,accessible_name,regress,An accessible name is,15,3,usually,8.949,0.5313,False
pythia-2.8b,accessible_name,regress,An accessible name is,15,4,OOST,8.63,0.5313,False
pythia-2.8b,accessible_name,regress,An accessible name is,16,0,defined,11.363,0.7108,False
pythia-2.8b,accessible_name,regress,An accessible name is,16,1,always,10.652,0.7108,False
pythia-2.8b,accessible_name,regress,An accessible name is,16,2,usually,10.199,0.7108,False
pythia-2.8b,accessible_name,regress,An accessible name is,16,3,often,9.063,0.7108,False
pythia-2.8b,accessible_name,regress,An accessible name is,16,4,generally,8.767,0.7108,False
pythia-2.8b,accessible_name,regress,An accessible name is,17,0,defined,11.222,0.066,False
pythia-2.8b,accessible_name,regress,An accessible name is,17,1,always,11.156,0.066,False
pythia-2.8b,accessible_name,regress,An accessible name is,17,2,usually,10.891,0.066,False
pythia-2.8b,accessible_name,regress,An accessible name is,17,3,often,9.835,0.066,False
pythia-2.8b,accessible_name,regress,An accessible name is,17,4,required,9.769,0.066,False
pythia-2.8b,accessible_name,regress,An accessible name is,18,0,defined,12.694,0.3558,False
pythia-2.8b,accessible_name,regress,An accessible name is,18,1,always,12.338,0.3558,False
pythia-2.8b,accessible_name,regress,An accessible name is,18,2,usually,11.898,0.3558,False
pythia-2.8b,accessible_name,regress,An accessible name is,18,3,required,11.465,0.3558,False
pythia-2.8b,accessible_name,regress,An accessible name is,18,4,often,10.941,0.3558,False
pythia-2.8b,accessible_name,regress,An accessible name is,19,0,defined,12.622,0.1028,False
pythia-2.8b,accessible_name,regress,An accessible name is,19,1,usually,12.519,0.1028,False
pythia-2.8b,accessible_name,regress,An accessible name is,19,2,always,12.494,0.1028,False
pythia-2.8b,accessible_name,regress,An accessible name is,19,3,required,12.284,0.1028,False
pythia-2.8b,accessible_name,regress,An accessible name is,19,4,often,11.252,0.1028,False
pythia-2.8b,accessible_name,regress,An accessible name is,20,0,an,12.913,0.0138,False
pythia-2.8b,accessible_name,regress,An accessible name is,20,1,a,12.899,0.0138,False
pythia-2.8b,accessible_name,regress,An accessible name is,20,2,defined,12.77,0.0138,False
pythia-2.8b,accessible_name,regress,An accessible name is,20,3,always,12.566,0.0138,False
pythia-2.8b,accessible_name,regress,An accessible name is,20,4,required,12.255,0.0138,False
pythia-2.8b,accessible_name,regress,An accessible name is,21,0,a,14.118,0.0287,True
pythia-2.8b,accessible_name,regress,An accessible name is,21,1,one,14.089,0.0287,True
pythia-2.8b,accessible_name,regress,An accessible name is,21,2,an,13.965,0.0287,True
pythia-2.8b,accessible_name,regress,An accessible name is,21,3,defined,12.724,0.0287,True
pythia-2.8b,accessible_name,regress,An accessible name is,21,4,always,12.335,0.0287,True
pythia-2.8b,accessible_name,regress,An accessible name is,22,0,a,15.216,0.628,True
pythia-2.8b,accessible_name,regress,An accessible name is,22,1,an,14.588,0.628,True
pythia-2.8b,accessible_name,regress,An accessible name is,22,2,one,14.443,0.628,True
pythia-2.8b,accessible_name,regress,An accessible name is,22,3,the,12.486,0.628,True
pythia-2.8b,accessible_name,regress,An accessible name is,22,4,defined,12.481,0.628,True
pythia-2.8b,accessible_name,regress,An accessible name is,23,0,a,15.883,1.0843,True
pythia-2.8b,accessible_name,regress,An accessible name is,23,1,an,14.799,1.0843,True
pythia-2.8b,accessible_name,regress,An accessible name is,23,2,one,14.782,1.0843,True
pythia-2.8b,accessible_name,regress,An accessible name is,23,3,the,12.995,1.0843,True
pythia-2.8b,accessible_name,regress,An accessible name is,23,4,not,12.575,1.0843,True
pythia-2.8b,accessible_name,regress,An accessible name is,24,0,a,15.712,1.1381,True
pythia-2.8b,accessible_name,regress,An accessible name is,24,1,an,14.574,1.1381,True
pythia-2.8b,accessible_name,regress,An accessible name is,24,2,one,14.554,1.1381,True
pythia-2.8b,accessible_name,regress,An accessible name is,24,3,the,13.15,1.1381,True
pythia-2.8b,accessible_name,regress,An accessible name is,24,4,"""",12.558,1.1381,True
pythia-2.8b,accessible_name,regress,An accessible name is,25,0,a,16.058,1.1951,True
pythia-2.8b,accessible_name,regress,An accessible name is,25,1,an,14.862,1.1951,True
pythia-2.8b,accessible_name,regress,An accessible name is,25,2,one,14.596,1.1951,True
pythia-2.8b,accessible_name,regress,An accessible name is,25,3,the,13.6,1.1951,True
pythia-2.8b,accessible_name,regress,An accessible name is,25,4,"""",13.207,1.1951,True
pythia-2.8b,accessible_name,regress,An accessible name is,26,0,a,16.513,1.1404,True
pythia-2.8b,accessible_name,regress,An accessible name is,26,1,an,15.372,1.1404,True
pythia-2.8b,accessible_name,regress,An accessible name is,26,2,one,14.885,1.1404,True
pythia-2.8b,accessible_name,regress,An accessible name is,26,3,the,13.992,1.1404,True
pythia-2.8b,accessible_name,regress,An accessible name is,26,4,"""",13.401,1.1404,True
pythia-2.8b,accessible_name,regress,An accessible name is,27,0,a,16.425,0.6753,True
pythia-2.8b,accessible_name,regress,An accessible name is,27,1,one,15.75,0.6753,True
pythia-2.8b,accessible_name,regress,An accessible name is,27,2,an,15.13,0.6753,True
pythia-2.8b,accessible_name,regress,An accessible name is,27,3,the,14.006,0.6753,True
pythia-2.8b,accessible_name,regress,An accessible name is,27,4,"""",13.373,0.6753,True
pythia-2.8b,accessible_name,regress,An accessible name is,28,0,a,16.653,0.4189,True
pythia-2.8b,accessible_name,regress,An accessible name is,28,1,one,16.235,0.4189,True
pythia-2.8b,accessible_name,regress,An accessible name is,28,2,an,15.379,0.4189,True
pythia-2.8b,accessible_name,regress,An accessible name is,28,3,the,14.317,0.4189,True
pythia-2.8b,accessible_name,regress,An accessible name is,28,4,"""",13.562,0.4189,True
pythia-2.8b,accessible_name,regress,An accessible name is,29,0,one,15.718,0.0113,False
pythia-2.8b,accessible_name,regress,An accessible name is,29,1,a,15.707,0.0113,False
pythia-2.8b,accessible_name,regress,An accessible name is,29,2,an,14.555,0.0113,False
pythia-2.8b,accessible_name,regress,An accessible name is,29,3,the,13.694,0.0113,False
pythia-2.8b,accessible_name,regress,An accessible name is,29,4,not,12.965,0.0113,False
pythia-2.8b,accessible_name,regress,An accessible name is,30,0,one,14.074,0.2464,False
pythia-2.8b,accessible_name,regress,An accessible name is,30,1,a,13.828,0.2464,False
pythia-2.8b,accessible_name,regress,An accessible name is,30,2,an,13.228,0.2464,False
pythia-2.8b,accessible_name,regress,An accessible name is,30,3,not,12.27,0.2464,False
pythia-2.8b,accessible_name,regress,An accessible name is,30,4,the,12.144,0.2464,False
pythia-2.8b,accessible_name,regress,An accessible name is,31,0,a,15.363,0.6216,True
pythia-2.8b,accessible_name,regress,An accessible name is,31,1,one,14.741,0.6216,True
pythia-2.8b,accessible_name,regress,An accessible name is,31,2,an,14.439,0.6216,True
pythia-2.8b,accessible_name,regress,An accessible name is,31,3,the,13.964,0.6216,True
pythia-2.8b,accessible_name,regress,An accessible name is,31,4,required,13.885,0.6216,True
pythia-410m,landmark_region,peak,A landmark region is,0,0,",&",11.649,0.8913,False
pythia-410m,landmark_region,peak,A landmark region is,0,1,omer,10.758,0.8913,False
pythia-410m,landmark_region,peak,A landmark region is,0,2,magn,10.696,0.8913,False
pythia-410m,landmark_region,peak,A landmark region is,0,3,Pant,10.491,0.8913,False
pythia-410m,landmark_region,peak,A landmark region is,0,4,uckles,10.224,0.8913,False
pythia-410m,landmark_region,peak,A landmark region is,1,0,osin,11.048,0.172,False
pythia-410m,landmark_region,peak,A landmark region is,1,1,atur,10.876,0.172,False
pythia-410m,landmark_region,peak,A landmark region is,1,2,min,10.22,0.172,False
pythia-410m,landmark_region,peak,A landmark region is,1,3,omer,10.147,0.172,False
pythia-410m,landmark_region,peak,A landmark region is,1,4,mong,10.145,0.172,False
pythia-410m,landmark_region,peak,A landmark region is,2,0,mong,10.667,0.6797,False
pythia-410m,landmark_region,peak,A landmark region is,2,1,atur,9.987,0.6797,False
pythia-410m,landmark_region,peak,A landmark region is,2,2,min,9.836,0.6797,False
pythia-410m,landmark_region,peak,A landmark region is,2,3,osin,9.765,0.6797,False
pythia-410m,landmark_region,peak,A landmark region is,2,4,either,9.531,0.6797,False
pythia-410m,landmark_region,peak,A landmark region is,3,0,my,10.522,0.2079,False
pythia-410m,landmark_region,peak,A landmark region is,3,1,hypers,10.314,0.2079,False
pythia-410m,landmark_region,peak,A landmark region is,3,2,orth,10.234,0.2079,False
pythia-410m,landmark_region,peak,A landmark region is,3,3,achus,9.958,0.2079,False
pythia-410m,landmark_region,peak,A landmark region is,3,4,PI,9.517,0.2079,False
pythia-410m,landmark_region,peak,A landmark region is,4,0,orth,10.465,0.6148,False
pythia-410m,landmark_region,peak,A landmark region is,4,1,manuel,9.85,0.6148,False
pythia-410m,landmark_region,peak,A landmark region is,4,2,omorph,9.697,0.6148,False
pythia-410m,landmark_region,peak,A landmark region is,4,3,;|,9.39,0.6148,False
pythia-410m,landmark_region,peak,A landmark region is,4,4,surrounded,9.388,0.6148,False
pythia-410m,landmark_region,peak,A landmark region is,5,0,both,11.335,0.1042,False
pythia-410m,landmark_region,peak,A landmark region is,5,1,either,11.231,0.1042,False
pythia-410m,landmark_region,peak,A landmark region is,5,2,called,10.843,0.1042,False
pythia-410m,landmark_region,peak,A landmark region is,5,3,now,10.241,0.1042,False
pythia-410m,landmark_region,peak,A landmark region is,5,4,probably,10.236,0.1042,False
pythia-410m,landmark_region,peak,A landmark region is,6,0,judged,9.629,0.0269,False
pythia-410m,landmark_region,peak,A landmark region is,6,1,either,9.603,0.0269,False
pythia-410m,landmark_region,peak,A landmark region is,6,2,now,9.408,0.0269,False
pythia-410m,landmark_region,peak,A landmark region is,6,3,called,9.389,0.0269,False
pythia-410m,landmark_region,peak,A landmark region is,6,4,ج,9.379,0.0269,False
pythia-410m,landmark_region,peak,A landmark region is,7,0,т,10.11,0.3049,False
pythia-410m,landmark_region,peak,A landmark region is,7,1,now,9.805,0.3049,False
pythia-410m,landmark_region,peak,A landmark region is,7,2,coming,9.723,0.3049,False
pythia-410m,landmark_region,peak,A landmark region is,7,3,pie,9.601,0.3049,False
pythia-410m,landmark_region,peak,A landmark region is,7,4,ج,9.408,0.3049,False
pythia-410m,landmark_region,peak,A landmark region is,8,0,now,10.331,0.1257,False
pythia-410m,landmark_region,peak,A landmark region is,8,1,ج,10.205,0.1257,False
pythia-410m,landmark_region,peak,A landmark region is,8,2,brought,10.055,0.1257,False
pythia-410m,landmark_region,peak,A landmark region is,8,3,the,9.812,0.1257,False
pythia-410m,landmark_region,peak,A landmark region is,8,4,available,9.785,0.1257,False
pythia-410m,landmark_region,peak,A landmark region is,9,0,PR,10.554,1.2646,False
pythia-410m,landmark_region,peak,A landmark region is,9,1,only,9.289,1.2646,False
pythia-410m,landmark_region,peak,A landmark region is,9,2,eth,9.278,1.2646,False
pythia-410m,landmark_region,peak,A landmark region is,9,3,both,9.166,1.2646,False
pythia-410m,landmark_region,peak,A landmark region is,9,4,outdoor,8.931,1.2646,False
pythia-410m,landmark_region,peak,A landmark region is,10,0,worth,11.395,0.8216,False
pythia-410m,landmark_region,peak,A landmark region is,10,1,nt,10.573,0.8216,False
pythia-410m,landmark_region,peak,A landmark region is,10,2,the,10.406,0.8216,False
pythia-410m,landmark_region,peak,A landmark region is,10,3,indeed,9.901,0.8216,False
pythia-410m,landmark_region,peak,A landmark region is,10,4,such,9.893,0.8216,False
pythia-410m,landmark_region,peak,A landmark region is,11,0,met,10.533,0.0508,False
pythia-410m,landmark_region,peak,A landmark region is,11,1,not,10.483,0.0508,False
pythia-410m,landmark_region,peak,A landmark region is,11,2,nt,10.464,0.0508,False
pythia-410m,landmark_region,peak,A landmark region is,11,3,ac,10.414,0.0508,False
pythia-410m,landmark_region,peak,A landmark region is,11,4,worth,9.943,0.0508,False
pythia-410m,landmark_region,peak,A landmark region is,12,0,emerging,11.131,0.0217,False
pythia-410m,landmark_region,peak,A landmark region is,12,1,held,11.109,0.0217,False
pythia-410m,landmark_region,peak,A landmark region is,12,2,found,10.936,0.0217,False
pythia-410m,landmark_region,peak,A landmark region is,12,3,meeting,10.677,0.0217,False
pythia-410m,landmark_region,peak,A landmark region is,12,4,worth,10.643,0.0217,False
pythia-410m,landmark_region,peak,A landmark region is,13,0,nt,12.02,0.6857,False
pythia-410m,landmark_region,peak,A landmark region is,13,1,not,11.334,0.6857,False
pythia-410m,landmark_region,peak,A landmark region is,13,2,found,11.162,0.6857,False
pythia-410m,landmark_region,peak,A landmark region is,13,3,emerging,10.918,0.6857,False
pythia-410m,landmark_region,peak,A landmark region is,13,4,ac,10.852,0.6857,False
pythia-410m,landmark_region,peak,A landmark region is,14,0,emerging,10.715,0.5015,False
pythia-410m,landmark_region,peak,A landmark region is,14,1,now,10.214,0.5015,False
pythia-410m,landmark_region,peak,A landmark region is,14,2,not,10.126,0.5015,False
pythia-410m,landmark_region,peak,A landmark region is,14,3,ac,9.833,0.5015,False
pythia-410m,landmark_region,peak,A landmark region is,14,4,found,9.673,0.5015,False
pythia-410m,landmark_region,peak,A landmark region is,15,0,now,11.838,0.5938,False
pythia-410m,landmark_region,peak,A landmark region is,15,1,not,11.245,0.5938,False
pythia-410m,landmark_region,peak,A landmark region is,15,2,nt,10.756,0.5938,False
pythia-410m,landmark_region,peak,A landmark region is,15,3,located,10.42,0.5938,False
pythia-410m,landmark_region,peak,A landmark region is,15,4,also,10.371,0.5938,False
pythia-410m,landmark_region,peak,A landmark region is,16,0,now,15.246,1.6313,False
pythia-410m,landmark_region,peak,A landmark region is,16,1,being,13.615,1.6313,False
pythia-410m,landmark_region,peak,A landmark region is,16,2,the,13.502,1.6313,False
pythia-410m,landmark_region,peak,A landmark region is,16,3,also,12.746,1.6313,False
pythia-410m,landmark_region,peak,A landmark region is,16,4,not,12.733,1.6313,False
pythia-410m,landmark_region,peak,A landmark region is,17,0,being,15.096,1.4091,True
pythia-410m,landmark_region,peak,A landmark region is,17,1,now,13.687,1.4091,True
pythia-410m,landmark_region,peak,A landmark region is,17,2,the,13.418,1.4091,True
pythia-410m,landmark_region,peak,A landmark region is,17,3,becoming,12.86,1.4091,True
pythia-410m,landmark_region,peak,A landmark region is,17,4,,12.678,1.4091,True
pythia-410m,landmark_region,peak,A landmark region is,18,0,being,17.26,2.5167,True
pythia-410m,landmark_region,peak,A landmark region is,18,1,a,14.743,2.5167,True
pythia-410m,landmark_region,peak,A landmark region is,18,2,the,14.725,2.5167,True
pythia-410m,landmark_region,peak,A landmark region is,18,3,now,14.624,2.5167,True
pythia-410m,landmark_region,peak,A landmark region is,18,4,in,13.868,2.5167,True
pythia-410m,landmark_region,peak,A landmark region is,19,0,being,16.221,2.5874,True
pythia-410m,landmark_region,peak,A landmark region is,19,1,the,13.634,2.5874,True
pythia-410m,landmark_region,peak,A landmark region is,19,2,now,13.306,2.5874,True
pythia-410m,landmark_region,peak,A landmark region is,19,3,set,13.289,2.5874,True
pythia-410m,landmark_region,peak,A landmark region is,19,4,becoming,12.778,2.5874,True
pythia-410m,landmark_region,peak,A landmark region is,20,0,being,14.93,1.4874,True
pythia-410m,landmark_region,peak,A landmark region is,20,1,set,13.442,1.4874,True
pythia-410m,landmark_region,peak,A landmark region is,20,2,the,12.744,1.4874,True
pythia-410m,landmark_region,peak,A landmark region is,20,3,now,12.348,1.4874,True
pythia-410m,landmark_region,peak,A landmark region is,20,4,one,11.982,1.4874,True
pythia-410m,landmark_region,peak,A landmark region is,21,0,being,14.322,1.3219,True
pythia-410m,landmark_region,peak,A landmark region is,21,1,set,13.001,1.3219,True
pythia-410m,landmark_region,peak,A landmark region is,21,2,now,12.522,1.3219,True
pythia-410m,landmark_region,peak,A landmark region is,21,3,the,12.493,1.3219,True
pythia-410m,landmark_region,peak,A landmark region is,21,4,under,12.079,1.3219,True
pythia-410m,landmark_region,peak,A landmark region is,22,0,being,15.503,2.6523,True
pythia-410m,landmark_region,peak,A landmark region is,22,1,now,12.851,2.6523,True
pythia-410m,landmark_region,peak,A landmark region is,22,2,under,12.384,2.6523,True
pythia-410m,landmark_region,peak,A landmark region is,22,3,located,12.141,2.6523,True
pythia-410m,landmark_region,peak,A landmark region is,22,4,becoming,12.126,2.6523,True
pythia-410m,landmark_region,peak,A landmark region is,23,0,being,14.725,1.0642,True
pythia-410m,landmark_region,peak,A landmark region is,23,1,now,13.661,1.0642,True
pythia-410m,landmark_region,peak,A landmark region is,23,2,under,13.646,1.0642,True
pythia-410m,landmark_region,peak,A landmark region is,23,3,the,13.384,1.0642,True
pythia-410m,landmark_region,peak,A landmark region is,23,4,emerging,13.181,1.0642,True
pythia-6.9b,skip_link,peak,A skip link is,0,0,maha,8.901,2.0914,False
pythia-6.9b,skip_link,peak,A skip link is,0,1,$[]$,6.81,2.0914,False
pythia-6.9b,skip_link,peak,A skip link is,0,2,cryptocur,6.751,2.0914,False
pythia-6.9b,skip_link,peak,A skip link is,0,3,also,6.299,2.0914,False
pythia-6.9b,skip_link,peak,A skip link is,0,4,practition,6.298,2.0914,False
pythia-6.9b,skip_link,peak,A skip link is,1,0,maha,8.587,0.8961,False
pythia-6.9b,skip_link,peak,A skip link is,1,1,$[]$,7.691,0.8961,False
pythia-6.9b,skip_link,peak,A skip link is,1,2,cryptocur,6.87,0.8961,False
pythia-6.9b,skip_link,peak,A skip link is,1,3,practition,6.231,0.8961,False
pythia-6.9b,skip_link,peak,A skip link is,1,4,supernat,5.801,0.8961,False
pythia-6.9b,skip_link,peak,A skip link is,2,0,$[]$,7.937,0.0493,False
pythia-6.9b,skip_link,peak,A skip link is,2,1,maha,7.887,0.0493,False
pythia-6.9b,skip_link,peak,A skip link is,2,2,cryptocur,6.864,0.0493,False
pythia-6.9b,skip_link,peak,A skip link is,2,3,practition,6.305,0.0493,False
pythia-6.9b,skip_link,peak,A skip link is,2,4,cean,6.236,0.0493,False
pythia-6.9b,skip_link,peak,A skip link is,3,0,maha,7.467,0.0735,False
pythia-6.9b,skip_link,peak,A skip link is,3,1,$[]$,7.394,0.0735,False
pythia-6.9b,skip_link,peak,A skip link is,3,2,cryptocur,7.076,0.0735,False
pythia-6.9b,skip_link,peak,A skip link is,3,3,also,6.2,0.0735,False
pythia-6.9b,skip_link,peak,A skip link is,3,4,nt,5.791,0.0735,False
pythia-6.9b,skip_link,peak,A skip link is,4,0,$[]$,7.462,0.418,False
pythia-6.9b,skip_link,peak,A skip link is,4,1,cryptocur,7.044,0.418,False
pythia-6.9b,skip_link,peak,A skip link is,4,2,nt,6.654,0.418,False
pythia-6.9b,skip_link,peak,A skip link is,4,3,maha,6.651,0.418,False
pythia-6.9b,skip_link,peak,A skip link is,4,4,rá,6.043,0.418,False
pythia-6.9b,skip_link,peak,A skip link is,5,0,cryptocur,6.697,0.2283,False
pythia-6.9b,skip_link,peak,A skip link is,5,1,maha,6.469,0.2283,False
pythia-6.9b,skip_link,peak,A skip link is,5,2,$[]$,6.054,0.2283,False
pythia-6.9b,skip_link,peak,A skip link is,5,3,also,5.94,0.2283,False
pythia-6.9b,skip_link,peak,A skip link is,5,4,nt,5.88,0.2283,False
pythia-6.9b,skip_link,peak,A skip link is,6,0,nt,6.355,0.0459,False
pythia-6.9b,skip_link,peak,A skip link is,6,1,maha,6.309,0.0459,False
pythia-6.9b,skip_link,peak,A skip link is,6,2,defined,6.208,0.0459,False
pythia-6.9b,skip_link,peak,A skip link is,6,3,also,6.065,0.0459,False
pythia-6.9b,skip_link,peak,A skip link is,6,4,usually,6.047,0.0459,False
pythia-6.9b,skip_link,peak,A skip link is,7,0,also,7.272,0.0252,False
pythia-6.9b,skip_link,peak,A skip link is,7,1,generally,7.247,0.0252,False
pythia-6.9b,skip_link,peak,A skip link is,7,2,usually,7.083,0.0252,False
pythia-6.9b,skip_link,peak,A skip link is,7,3,often,6.836,0.0252,False
pythia-6.9b,skip_link,peak,A skip link is,7,4,you,6.831,0.0252,False
pythia-6.9b,skip_link,peak,A skip link is,8,0,generally,8.585,0.1948,False
pythia-6.9b,skip_link,peak,A skip link is,8,1,defined,8.39,0.1948,False
pythia-6.9b,skip_link,peak,A skip link is,8,2,usually,8.332,0.1948,False
pythia-6.9b,skip_link,peak,A skip link is,8,3,also,8.3,0.1948,False
pythia-6.9b,skip_link,peak,A skip link is,8,4,not,8.175,0.1948,False
pythia-6.9b,skip_link,peak,A skip link is,9,0,defined,9.265,0.0922,False
pythia-6.9b,skip_link,peak,A skip link is,9,1,usually,9.172,0.0922,False
pythia-6.9b,skip_link,peak,A skip link is,9,2,typically,9.062,0.0922,False
pythia-6.9b,skip_link,peak,A skip link is,9,3,often,8.768,0.0922,False
pythia-6.9b,skip_link,peak,A skip link is,9,4,generally,8.727,0.0922,False
pythia-6.9b,skip_link,peak,A skip link is,10,0,defined,9.863,0.2287,False
pythia-6.9b,skip_link,peak,A skip link is,10,1,generally,9.634,0.2287,False
pythia-6.9b,skip_link,peak,A skip link is,10,2,typically,9.475,0.2287,False
pythia-6.9b,skip_link,peak,A skip link is,10,3,used,8.971,0.2287,False
pythia-6.9b,skip_link,peak,A skip link is,10,4,usually,8.814,0.2287,False
pythia-6.9b,skip_link,peak,A skip link is,11,0,generally,10.822,0.6713,False
pythia-6.9b,skip_link,peak,A skip link is,11,1,a,10.151,0.6713,False
pythia-6.9b,skip_link,peak,A skip link is,11,2,defined,10.129,0.6713,False
pythia-6.9b,skip_link,peak,A skip link is,11,3,typically,9.919,0.6713,False
pythia-6.9b,skip_link,peak,A skip link is,11,4,an,9.536,0.6713,False
pythia-6.9b,skip_link,peak,A skip link is,12,0,a,10.999,0.5087,True
pythia-6.9b,skip_link,peak,A skip link is,12,1,generally,10.49,0.5087,True
pythia-6.9b,skip_link,peak,A skip link is,12,2,an,10.262,0.5087,True
pythia-6.9b,skip_link,peak,A skip link is,12,3,defined,9.955,0.5087,True
pythia-6.9b,skip_link,peak,A skip link is,12,4,used,9.912,0.5087,True
pythia-6.9b,skip_link,peak,A skip link is,13,0,a,11.06,0.2479,True
pythia-6.9b,skip_link,peak,A skip link is,13,1,an,10.812,0.2479,True
pythia-6.9b,skip_link,peak,A skip link is,13,2,generally,10.61,0.2479,True
pythia-6.9b,skip_link,peak,A skip link is,13,3,used,10.329,0.2479,True
pythia-6.9b,skip_link,peak,A skip link is,13,4,typically,9.991,0.2479,True
pythia-6.9b,skip_link,peak,A skip link is,14,0,a,12.267,0.5037,True
pythia-6.9b,skip_link,peak,A skip link is,14,1,an,11.763,0.5037,True
pythia-6.9b,skip_link,peak,A skip link is,14,2,generally,11.298,0.5037,True
pythia-6.9b,skip_link,peak,A skip link is,14,3,used,11.214,0.5037,True
pythia-6.9b,skip_link,peak,A skip link is,14,4,typically,10.895,0.5037,True
pythia-6.9b,skip_link,peak,A skip link is,15,0,a,13.17,0.8188,True
pythia-6.9b,skip_link,peak,A skip link is,15,1,an,12.351,0.8188,True
pythia-6.9b,skip_link,peak,A skip link is,15,2,the,11.466,0.8188,True
pythia-6.9b,skip_link,peak,A skip link is,15,3,generally,10.906,0.8188,True
pythia-6.9b,skip_link,peak,A skip link is,15,4,used,10.816,0.8188,True
pythia-6.9b,skip_link,peak,A skip link is,16,0,a,13.71,0.8896,True
pythia-6.9b,skip_link,peak,A skip link is,16,1,an,12.82,0.8896,True
pythia-6.9b,skip_link,peak,A skip link is,16,2,the,11.54,0.8896,True
pythia-6.9b,skip_link,peak,A skip link is,16,3,used,10.799,0.8896,True
pythia-6.9b,skip_link,peak,A skip link is,16,4,one,10.79,0.8896,True
pythia-6.9b,skip_link,peak,A skip link is,17,0,a,15.325,1.3411,True
pythia-6.9b,skip_link,peak,A skip link is,17,1,an,13.984,1.3411,True
pythia-6.9b,skip_link,peak,A skip link is,17,2,the,12.949,1.3411,True
pythia-6.9b,skip_link,peak,A skip link is,17,3,in,12.025,1.3411,True
pythia-6.9b,skip_link,peak,A skip link is,17,4,one,12.003,1.3411,True
pythia-6.9b,skip_link,peak,A skip link is,18,0,a,15.23,1.0139,True
pythia-6.9b,skip_link,peak,A skip link is,18,1,an,14.216,1.0139,True
pythia-6.9b,skip_link,peak,A skip link is,18,2,the,12.749,1.0139,True
pythia-6.9b,skip_link,peak,A skip link is,18,3,used,12.005,1.0139,True
pythia-6.9b,skip_link,peak,A skip link is,18,4,one,11.737,1.0139,True
pythia-6.9b,skip_link,peak,A skip link is,19,0,a,15.545,0.9615,True
pythia-6.9b,skip_link,peak,A skip link is,19,1,an,14.584,0.9615,True
pythia-6.9b,skip_link,peak,A skip link is,19,2,the,12.644,0.9615,True
pythia-6.9b,skip_link,peak,A skip link is,19,3,one,11.864,0.9615,True
pythia-6.9b,skip_link,peak,A skip link is,19,4,used,11.849,0.9615,True
pythia-6.9b,skip_link,peak,A skip link is,20,0,a,16.09,0.9177,True
pythia-6.9b,skip_link,peak,A skip link is,20,1,an,15.172,0.9177,True
pythia-6.9b,skip_link,peak,A skip link is,20,2,the,12.784,0.9177,True
pythia-6.9b,skip_link,peak,A skip link is,20,3,one,12.355,0.9177,True
pythia-6.9b,skip_link,peak,A skip link is,20,4,used,12.296,0.9177,True
pythia-6.9b,skip_link,peak,A skip link is,21,0,a,16.714,0.9926,True
pythia-6.9b,skip_link,peak,A skip link is,21,1,an,15.721,0.9926,True
pythia-6.9b,skip_link,peak,A skip link is,21,2,the,13.116,0.9926,True
pythia-6.9b,skip_link,peak,A skip link is,21,3,used,12.916,0.9926,True
pythia-6.9b,skip_link,peak,A skip link is,21,4,one,12.522,0.9926,True
pythia-6.9b,skip_link,peak,A skip link is,22,0,a,16.997,1.0683,True
pythia-6.9b,skip_link,peak,A skip link is,22,1,an,15.929,1.0683,True
pythia-6.9b,skip_link,peak,A skip link is,22,2,used,13.054,1.0683,True
pythia-6.9b,skip_link,peak,A skip link is,22,3,the,13.045,1.0683,True
pythia-6.9b,skip_link,peak,A skip link is,22,4,one,12.418,1.0683,True
pythia-6.9b,skip_link,peak,A skip link is,23,0,a,16.692,0.9553,True
pythia-6.9b,skip_link,peak,A skip link is,23,1,an,15.737,0.9553,True
pythia-6.9b,skip_link,peak,A skip link is,23,2,used,12.878,0.9553,True
pythia-6.9b,skip_link,peak,A skip link is,23,3,the,12.648,0.9553,True
pythia-6.9b,skip_link,peak,A skip link is,23,4,one,12.437,0.9553,True
pythia-6.9b,skip_link,peak,A skip link is,24,0,a,17.127,1.0477,True
pythia-6.9b,skip_link,peak,A skip link is,24,1,an,16.08,1.0477,True
pythia-6.9b,skip_link,peak,A skip link is,24,2,used,12.961,1.0477,True
pythia-6.9b,skip_link,peak,A skip link is,24,3,the,12.641,1.0477,True
pythia-6.9b,skip_link,peak,A skip link is,24,4,one,12.625,1.0477,True
pythia-6.9b,skip_link,peak,A skip link is,25,0,a,17.973,1.5201,True
pythia-6.9b,skip_link,peak,A skip link is,25,1,an,16.453,1.5201,True
pythia-6.9b,skip_link,peak,A skip link is,25,2,used,13.71,1.5201,True
pythia-6.9b,skip_link,peak,A skip link is,25,3,one,13.221,1.5201,True
pythia-6.9b,skip_link,peak,A skip link is,25,4,the,12.966,1.5201,True
pythia-6.9b,skip_link,peak,A skip link is,26,0,a,18.595,1.6427,True
pythia-6.9b,skip_link,peak,A skip link is,26,1,an,16.952,1.6427,True
pythia-6.9b,skip_link,peak,A skip link is,26,2,used,14.474,1.6427,True
pythia-6.9b,skip_link,peak,A skip link is,26,3,one,13.945,1.6427,True
pythia-6.9b,skip_link,peak,A skip link is,26,4,the,13.262,1.6427,True
pythia-6.9b,skip_link,peak,A skip link is,27,0,a,19.311,1.6464,True
pythia-6.9b,skip_link,peak,A skip link is,27,1,an,17.665,1.6464,True
pythia-6.9b,skip_link,peak,A skip link is,27,2,used,14.534,1.6464,True
pythia-6.9b,skip_link,peak,A skip link is,27,3,one,14.071,1.6464,True
pythia-6.9b,skip_link,peak,A skip link is,27,4,the,13.368,1.6464,True
pythia-6.9b,skip_link,peak,A skip link is,28,0,a,19.017,1.7048,True
pythia-6.9b,skip_link,peak,A skip link is,28,1,an,17.312,1.7048,True
pythia-6.9b,skip_link,peak,A skip link is,28,2,used,14.812,1.7048,True
pythia-6.9b,skip_link,peak,A skip link is,28,3,one,14.493,1.7048,True
pythia-6.9b,skip_link,peak,A skip link is,28,4,the,13.766,1.7048,True
pythia-6.9b,skip_link,peak,A skip link is,29,0,a,18.839,1.9337,True
pythia-6.9b,skip_link,peak,A skip link is,29,1,an,16.905,1.9337,True
pythia-6.9b,skip_link,peak,A skip link is,29,2,used,14.668,1.9337,True
pythia-6.9b,skip_link,peak,A skip link is,29,3,one,14.321,1.9337,True
pythia-6.9b,skip_link,peak,A skip link is,29,4,the,13.644,1.9337,True
pythia-6.9b,skip_link,peak,A skip link is,30,0,a,16.299,1.36,True
pythia-6.9b,skip_link,peak,A skip link is,30,1,an,14.939,1.36,True
pythia-6.9b,skip_link,peak,A skip link is,30,2,used,13.713,1.36,True
pythia-6.9b,skip_link,peak,A skip link is,30,3,one,13.061,1.36,True
pythia-6.9b,skip_link,peak,A skip link is,30,4,generally,12.636,1.36,True
pythia-6.9b,skip_link,peak,A skip link is,31,0,a,18.484,1.9807,True
pythia-6.9b,skip_link,peak,A skip link is,31,1,an,16.503,1.9807,True
pythia-6.9b,skip_link,peak,A skip link is,31,2,used,16.092,1.9807,True
pythia-6.9b,skip_link,peak,A skip link is,31,3,typically,15.038,1.9807,True
pythia-6.9b,skip_link,peak,A skip link is,31,4,generally,15.022,1.9807,True
pythia-6.9b,keyboard_navigation,peak,Keyboard navigation is,0,0,maha,9.334,2.5351,False
pythia-6.9b,keyboard_navigation,peak,Keyboard navigation is,0,1,$[]$,6.798,2.5351,False
pythia-6.9b,keyboard_navigation,peak,Keyboard navigation is,0,2,cryptocur,6.796,2.5351,False
pythia-6.9b,keyboard_navigation,peak,Keyboard navigation is,0,3,practition,6.284,2.5351,False
pythia-6.9b,keyboard_navigation,peak,Keyboard navigation is,0,4,also,6.18,2.5351,False
pythia-6.9b,keyboard_navigation,peak,Keyboard navigation is,1,0,maha,8.715,1.2765,False
pythia-6.9b,keyboard_navigation,peak,Keyboard navigation is,1,1,$[]$,7.438,1.2765,False
pythia-6.9b,keyboard_navigation,peak,Keyboard navigation is,1,2,cryptocur,6.978,1.2765,False
pythia-6.9b,keyboard_navigation,peak,Keyboard navigation is,1,3,practition,5.851,1.2765,False
pythia-6.9b,keyboard_navigation,peak,Keyboard navigation is,1,4,researc,5.537,1.2765,False
pythia-6.9b,keyboard_navigation,peak,Keyboard navigation is,2,0,maha,8.586,1.1312,False
pythia-6.9b,keyboard_navigation,peak,Keyboard navigation is,2,1,$[]$,7.455,1.1312,False
pythia-6.9b,keyboard_navigation,peak,Keyboard navigation is,2,2,cryptocur,6.902,1.1312,False
pythia-6.9b,keyboard_navigation,peak,Keyboard navigation is,2,3,practition,5.781,1.1312,False
pythia-6.9b,keyboard_navigation,peak,Keyboard navigation is,2,4,also,5.653,1.1312,False
pythia-6.9b,keyboard_navigation,peak,Keyboard navigation is,3,0,maha,8.18,1.023,False
pythia-6.9b,keyboard_navigation,peak,Keyboard navigation is,3,1,$[]$,7.157,1.023,False
pythia-6.9b,keyboard_navigation,peak,Keyboard navigation is,3,2,cryptocur,7.091,1.023,False
pythia-6.9b,keyboard_navigation,peak,Keyboard navigation is,3,3,also,6.333,1.023,False
pythia-6.9b,keyboard_navigation,peak,Keyboard navigation is,3,4,nt,5.798,1.023,False
pythia-6.9b,keyboard_navigation,peak,Keyboard navigation is,4,0,$[]$,6.869,0.1755,False
pythia-6.9b,keyboard_navigation,peak,Keyboard navigation is,4,1,cryptocur,6.693,0.1755,False
pythia-6.9b,keyboard_navigation,peak,Keyboard navigation is,4,2,also,6.69,0.1755,False
pythia-6.9b,keyboard_navigation,peak,Keyboard navigation is,4,3,maha,6.663,0.1755,False
pythia-6.9b,keyboard_navigation,peak,Keyboard navigation is,4,4,nt,6.454,0.1755,False
pythia-6.9b,keyboard_navigation,peak,Keyboard navigation is,5,0,also,7.546,0.5789,False
pythia-6.9b,keyboard_navigation,peak,Keyboard navigation is,5,1,not,6.967,0.5789,False
pythia-6.9b,keyboard_navigation,peak,Keyboard navigation is,5,2,maha,6.591,0.5789,False
pythia-6.9b,keyboard_navigation,peak,Keyboard navigation is,5,3,cryptocur,6.531,0.5789,False
pythia-6.9b,keyboard_navigation,peak,Keyboard navigation is,5,4,available,6.459,0.5789,False
pythia-6.9b,keyboard_navigation,peak,Keyboard navigation is,6,0,also,7.401,0.5031,False
pythia-6.9b,keyboard_navigation,peak,Keyboard navigation is,6,1,available,6.898,0.5031,False
pythia-6.9b,keyboard_navigation,peak,Keyboard navigation is,6,2,cryptocur,6.454,0.5031,False
pythia-6.9b,keyboard_navigation,peak,Keyboard navigation is,6,3,not,6.288,0.5031,False
pythia-6.9b,keyboard_navigation,peak,Keyboard navigation is,6,4,maha,6.257,0.5031,False
pythia-6.9b,keyboard_navigation,peak,Keyboard navigation is,7,0,also,7.931,0.9756,False
pythia-6.9b,keyboard_navigation,peak,Keyboard navigation is,7,1,available,6.955,0.9756,False
pythia-6.9b,keyboard_navigation,peak,Keyboard navigation is,7,2,defined,6.927,0.9756,False
pythia-6.9b,keyboard_navigation,peak,Keyboard navigation is,7,3,not,6.757,0.9756,False
pythia-6.9b,keyboard_navigation,peak,Keyboard navigation is,7,4,often,6.665,0.9756,False
pythia-6.9b,keyboard_navigation,peak,Keyboard navigation is,8,0,often,7.826,0.0355,False
pythia-6.9b,keyboard_navigation,peak,Keyboard navigation is,8,1,also,7.79,0.0355,False
pythia-6.9b,keyboard_navigation,peak,Keyboard navigation is,8,2,not,7.195,0.0355,False
pythia-6.9b,keyboard_navigation,peak,Keyboard navigation is,8,3,available,7.15,0.0355,False
pythia-6.9b,keyboard_navigation,peak,Keyboard navigation is,8,4,defined,7.084,0.0355,False
pythia-6.9b,keyboard_navigation,peak,Keyboard navigation is,9,0,also,8.545,0.2081,False
pythia-6.9b,keyboard_navigation,peak,Keyboard navigation is,9,1,often,8.337,0.2081,False
pythia-6.9b,keyboard_navigation,peak,Keyboard navigation is,9,2,usually,7.463,0.2081,False
pythia-6.9b,keyboard_navigation,peak,Keyboard navigation is,9,3,not,7.414,0.2081,False
pythia-6.9b,keyboard_navigation,peak,Keyboard navigation is,9,4,available,7.305,0.2081,False
pythia-6.9b,keyboard_navigation,peak,Keyboard navigation is,10,0,also,9.142,0.6187,False
pythia-6.9b,keyboard_navigation,peak,Keyboard navigation is,10,1,not,8.524,0.6187,False
pythia-6.9b,keyboard_navigation,peak,Keyboard navigation is,10,2,generally,8.41,0.6187,False
pythia-6.9b,keyboard_navigation,peak,Keyboard navigation is,10,3,often,8.372,0.6187,False
pythia-6.9b,keyboard_navigation,peak,Keyboard navigation is,10,4,commonly,8.08,0.6187,False
pythia-6.9b,keyboard_navigation,peak,Keyboard navigation is,11,0,generally,9.38,0.5261,False
pythia-6.9b,keyboard_navigation,peak,Keyboard navigation is,11,1,often,8.854,0.5261,False
pythia-6.9b,keyboard_navigation,peak,Keyboard navigation is,11,2,also,8.725,0.5261,False
pythia-6.9b,keyboard_navigation,peak,Keyboard navigation is,11,3,not,8.492,0.5261,False
pythia-6.9b,keyboard_navigation,peak,Keyboard navigation is,11,4,provided,8.478,0.5261,False
pythia-6.9b,keyboard_navigation,peak,Keyboard navigation is,12,0,often,9.48,0.0857,False
pythia-6.9b,keyboard_navigation,peak,Keyboard navigation is,12,1,a,9.394,0.0857,False
pythia-6.9b,keyboard_navigation,peak,Keyboard navigation is,12,2,generally,9.39,0.0857,False
pythia-6.9b,keyboard_navigation,peak,Keyboard navigation is,12,3,in,9.33,0.0857,False
pythia-6.9b,keyboard_navigation,peak,Keyboard navigation is,12,4,also,9.3,0.0857,False
pythia-6.9b,keyboard_navigation,peak,Keyboard navigation is,13,0,key,9.424,0.1024,False
pythia-6.9b,keyboard_navigation,peak,Keyboard navigation is,13,1,often,9.321,0.1024,False
pythia-6.9b,keyboard_navigation,peak,Keyboard navigation is,13,2,an,9.253,0.1024,False
pythia-6.9b,keyboard_navigation,peak,Keyboard navigation is,13,3,generally,9.189,0.1024,False
pythia-6.9b,keyboard_navigation,peak,Keyboard navigation is,13,4,not,9.172,0.1024,False
pythia-6.9b,keyboard_navigation,peak,Keyboard navigation is,14,0,key,10.03,0.0478,False
pythia-6.9b,keyboard_navigation,peak,Keyboard navigation is,14,1,generally,9.982,0.0478,False
pythia-6.9b,keyboard_navigation,peak,Keyboard navigation is,14,2,often,9.897,0.0478,False
pythia-6.9b,keyboard_navigation,peak,Keyboard navigation is,14,3,a,9.839,0.0478,False
pythia-6.9b,keyboard_navigation,peak,Keyboard navigation is,14,4,an,9.827,0.0478,False
pythia-6.9b,keyboard_navigation,peak,Keyboard navigation is,15,0,a,11.459,0.4907,True
pythia-6.9b,keyboard_navigation,peak,Keyboard navigation is,15,1,the,10.968,0.4907,True
pythia-6.9b,keyboard_navigation,peak,Keyboard navigation is,15,2,an,10.926,0.4907,True
pythia-6.9b,keyboard_navigation,peak,Keyboard navigation is,15,3,in,10.858,0.4907,True
pythia-6.9b,keyboard_navigation,peak,Keyboard navigation is,15,4,,10.779,0.4907,True
pythia-6.9b,keyboard_navigation,peak,Keyboard navigation is,16,0,a,10.891,0.012,True
pythia-6.9b,keyboard_navigation,peak,Keyboard navigation is,16,1,the,10.879,0.012,True
pythia-6.9b,keyboard_navigation,peak,Keyboard navigation is,16,2,an,10.38,0.012,True
pythia-6.9b,keyboard_navigation,peak,Keyboard navigation is,16,3,in,10.377,0.012,True
pythia-6.9b,keyboard_navigation,peak,Keyboard navigation is,16,4,key,10.351,0.012,True
pythia-6.9b,keyboard_navigation,peak,Keyboard navigation is,17,0,a,11.877,0.0038,True
pythia-6.9b,keyboard_navigation,peak,Keyboard navigation is,17,1,the,11.873,0.0038,True
pythia-6.9b,keyboard_navigation,peak,Keyboard navigation is,17,2,in,11.599,0.0038,True
pythia-6.9b,keyboard_navigation,peak,Keyboard navigation is,17,3,an,11.147,0.0038,True
pythia-6.9b,keyboard_navigation,peak,Keyboard navigation is,17,4,not,11.131,0.0038,True
pythia-6.9b,keyboard_navigation,peak,Keyboard navigation is,18,0,the,12.063,0.1667,False
pythia-6.9b,keyboard_navigation,peak,Keyboard navigation is,18,1,a,11.896,0.1667,False
pythia-6.9b,keyboard_navigation,peak,Keyboard navigation is,18,2,not,11.807,0.1667,False
pythia-6.9b,keyboard_navigation,peak,Keyboard navigation is,18,3,in,11.451,0.1667,False
pythia-6.9b,keyboard_navigation,peak,Keyboard navigation is,18,4,an,11.427,0.1667,False
pythia-6.9b,keyboard_navigation,peak,Keyboard navigation is,19,0,a,11.955,0.0707,True
pythia-6.9b,keyboard_navigation,peak,Keyboard navigation is,19,1,key,11.884,0.0707,True
pythia-6.9b,keyboard_navigation,peak,Keyboard navigation is,19,2,not,11.736,0.0707,True
pythia-6.9b,keyboard_navigation,peak,Keyboard navigation is,19,3,the,11.51,0.0707,True
pythia-6.9b,keyboard_navigation,peak,Keyboard navigation is,19,4,one,11.346,0.0707,True
pythia-6.9b,keyboard_navigation,peak,Keyboard navigation is,20,0,a,12.379,0.3684,True
pythia-6.9b,keyboard_navigation,peak,Keyboard navigation is,20,1,key,12.01,0.3684,True
pythia-6.9b,keyboard_navigation,peak,Keyboard navigation is,20,2,not,11.886,0.3684,True
pythia-6.9b,keyboard_navigation,peak,Keyboard navigation is,20,3,the,11.778,0.3684,True
pythia-6.9b,keyboard_navigation,peak,Keyboard navigation is,20,4,one,11.716,0.3684,True
pythia-6.9b,keyboard_navigation,peak,Keyboard navigation is,21,0,a,13.178,0.2257,True
pythia-6.9b,keyboard_navigation,peak,Keyboard navigation is,21,1,key,12.952,0.2257,True
pythia-6.9b,keyboard_navigation,peak,Keyboard navigation is,21,2,the,12.487,0.2257,True
pythia-6.9b,keyboard_navigation,peak,Keyboard navigation is,21,3,an,12.403,0.2257,True
pythia-6.9b,keyboard_navigation,peak,Keyboard navigation is,21,4,one,12.36,0.2257,True
pythia-6.9b,keyboard_navigation,peak,Keyboard navigation is,22,0,key,13.184,0.0037,False
pythia-6.9b,keyboard_navigation,peak,Keyboard navigation is,22,1,a,13.181,0.0037,False
pythia-6.9b,keyboard_navigation,peak,Keyboard navigation is,22,2,the,12.619,0.0037,False
pythia-6.9b,keyboard_navigation,peak,Keyboard navigation is,22,3,an,12.508,0.0037,False
pythia-6.9b,keyboard_navigation,peak,Keyboard navigation is,22,4,one,12.33,0.0037,False
pythia-6.9b,keyboard_navigation,peak,Keyboard navigation is,23,0,a,13.761,0.1569,True
pythia-6.9b,keyboard_navigation,peak,Keyboard navigation is,23,1,one,13.604,0.1569,True
pythia-6.9b,keyboard_navigation,peak,Keyboard navigation is,23,2,key,13.173,0.1569,True
pythia-6.9b,keyboard_navigation,peak,Keyboard navigation is,23,3,an,13.101,0.1569,True
pythia-6.9b,keyboard_navigation,peak,Keyboard navigation is,23,4,the,12.908,0.1569,True
pythia-6.9b,keyboard_navigation,peak,Keyboard navigation is,24,0,a,14.453,0.3284,True
pythia-6.9b,keyboard_navigation,peak,Keyboard navigation is,24,1,one,14.125,0.3284,True
pythia-6.9b,keyboard_navigation,peak,Keyboard navigation is,24,2,an,13.517,0.3284,True
pythia-6.9b,keyboard_navigation,peak,Keyboard navigation is,24,3,key,13.361,0.3284,True
pythia-6.9b,keyboard_navigation,peak,Keyboard navigation is,24,4,the,13.274,0.3284,True
pythia-6.9b,keyboard_navigation,peak,Keyboard navigation is,25,0,a,15.463,0.8086,True
pythia-6.9b,keyboard_navigation,peak,Keyboard navigation is,25,1,one,14.654,0.8086,True
pythia-6.9b,keyboard_navigation,peak,Keyboard navigation is,25,2,an,14.492,0.8086,True
pythia-6.9b,keyboard_navigation,peak,Keyboard navigation is,25,3,the,13.716,0.8086,True
pythia-6.9b,keyboard_navigation,peak,Keyboard navigation is,25,4,key,13.486,0.8086,True
pythia-6.9b,keyboard_navigation,peak,Keyboard navigation is,26,0,a,16.304,1.055,True
pythia-6.9b,keyboard_navigation,peak,Keyboard navigation is,26,1,one,15.249,1.055,True
pythia-6.9b,keyboard_navigation,peak,Keyboard navigation is,26,2,an,15.044,1.055,True
pythia-6.9b,keyboard_navigation,peak,Keyboard navigation is,26,3,the,14.346,1.055,True
pythia-6.9b,keyboard_navigation,peak,Keyboard navigation is,26,4,key,13.649,1.055,True
pythia-6.9b,keyboard_navigation,peak,Keyboard navigation is,27,0,a,16.506,1.0633,True
pythia-6.9b,keyboard_navigation,peak,Keyboard navigation is,27,1,an,15.443,1.0633,True
pythia-6.9b,keyboard_navigation,peak,Keyboard navigation is,27,2,one,15.152,1.0633,True
pythia-6.9b,keyboard_navigation,peak,Keyboard navigation is,27,3,the,14.407,1.0633,True
pythia-6.9b,keyboard_navigation,peak,Keyboard navigation is,27,4,key,13.497,1.0633,True
pythia-6.9b,keyboard_navigation,peak,Keyboard navigation is,28,0,a,16.386,0.4103,True
pythia-6.9b,keyboard_navigation,peak,Keyboard navigation is,28,1,one,15.976,0.4103,True
pythia-6.9b,keyboard_navigation,peak,Keyboard navigation is,28,2,an,15.214,0.4103,True
pythia-6.9b,keyboard_navigation,peak,Keyboard navigation is,28,3,the,14.486,0.4103,True
pythia-6.9b,keyboard_navigation,peak,Keyboard navigation is,28,4,not,13.671,0.4103,True
pythia-6.9b,keyboard_navigation,peak,Keyboard navigation is,29,0,a,16.057,0.6733,True
pythia-6.9b,keyboard_navigation,peak,Keyboard navigation is,29,1,one,15.384,0.6733,True
pythia-6.9b,keyboard_navigation,peak,Keyboard navigation is,29,2,an,14.927,0.6733,True
pythia-6.9b,keyboard_navigation,peak,Keyboard navigation is,29,3,the,14.026,0.6733,True
pythia-6.9b,keyboard_navigation,peak,Keyboard navigation is,29,4,not,13.509,0.6733,True
pythia-6.9b,keyboard_navigation,peak,Keyboard navigation is,30,0,a,13.932,0.1326,True
pythia-6.9b,keyboard_navigation,peak,Keyboard navigation is,30,1,one,13.799,0.1326,True
pythia-6.9b,keyboard_navigation,peak,Keyboard navigation is,30,2,an,13.246,0.1326,True
pythia-6.9b,keyboard_navigation,peak,Keyboard navigation is,30,3,the,12.419,0.1326,True
pythia-6.9b,keyboard_navigation,peak,Keyboard navigation is,30,4,not,12.356,0.1326,True
pythia-6.9b,keyboard_navigation,peak,Keyboard navigation is,31,0,a,16.299,0.6994,True
pythia-6.9b,keyboard_navigation,peak,Keyboard navigation is,31,1,one,15.6,0.6994,True
pythia-6.9b,keyboard_navigation,peak,Keyboard navigation is,31,2,an,15.257,0.6994,True
pythia-6.9b,keyboard_navigation,peak,Keyboard navigation is,31,3,the,14.856,0.6994,True
pythia-6.9b,keyboard_navigation,peak,Keyboard navigation is,31,4,not,14.471,0.6994,True
pythia-6.9b,landmark_region,regress,A landmark region is,0,0,maha,8.866,2.0746,False
pythia-6.9b,landmark_region,regress,A landmark region is,0,1,cryptocur,6.791,2.0746,False
pythia-6.9b,landmark_region,regress,A landmark region is,0,2,$[]$,6.761,2.0746,False
pythia-6.9b,landmark_region,regress,A landmark region is,0,3,practition,6.142,2.0746,False
pythia-6.9b,landmark_region,regress,A landmark region is,0,4,also,6.01,2.0746,False
pythia-6.9b,landmark_region,regress,A landmark region is,1,0,maha,7.912,0.124,False
pythia-6.9b,landmark_region,regress,A landmark region is,1,1,$[]$,7.788,0.124,False
pythia-6.9b,landmark_region,regress,A landmark region is,1,2,cryptocur,6.821,0.124,False
pythia-6.9b,landmark_region,regress,A landmark region is,1,3,practition,5.903,0.124,False
pythia-6.9b,landmark_region,regress,A landmark region is,1,4,resemb,5.622,0.124,False
pythia-6.9b,landmark_region,regress,A landmark region is,2,0,$[]$,7.843,0.1995,False
pythia-6.9b,landmark_region,regress,A landmark region is,2,1,maha,7.644,0.1995,False
pythia-6.9b,landmark_region,regress,A landmark region is,2,2,cryptocur,6.672,0.1995,False
pythia-6.9b,landmark_region,regress,A landmark region is,2,3,supernat,5.871,0.1995,False
pythia-6.9b,landmark_region,regress,A landmark region is,2,4,cean,5.871,0.1995,False
pythia-6.9b,landmark_region,regress,A landmark region is,3,0,$[]$,7.271,0.5781,False
pythia-6.9b,landmark_region,regress,A landmark region is,3,1,cryptocur,6.693,0.5781,False
pythia-6.9b,landmark_region,regress,A landmark region is,3,2,maha,6.4,0.5781,False
pythia-6.9b,landmark_region,regress,A landmark region is,3,3,also,5.717,0.5781,False
pythia-6.9b,landmark_region,regress,A landmark region is,3,4,nt,5.528,0.5781,False
pythia-6.9b,landmark_region,regress,A landmark region is,4,0,cryptocur,6.837,0.1986,False
pythia-6.9b,landmark_region,regress,A landmark region is,4,1,$[]$,6.638,0.1986,False
pythia-6.9b,landmark_region,regress,A landmark region is,4,2,maha,6.267,0.1986,False
pythia-6.9b,landmark_region,regress,A landmark region is,4,3,also,6.218,0.1986,False
pythia-6.9b,landmark_region,regress,A landmark region is,4,4,nt,6.144,0.1986,False
pythia-6.9b,landmark_region,regress,A landmark region is,5,0,also,6.768,0.5644,False
pythia-6.9b,landmark_region,regress,A landmark region is,5,1,cryptocur,6.204,0.5644,False
pythia-6.9b,landmark_region,regress,A landmark region is,5,2,indeed,5.813,0.5644,False
pythia-6.9b,landmark_region,regress,A landmark region is,5,3,often,5.535,0.5644,False
pythia-6.9b,landmark_region,regress,A landmark region is,5,4,not,5.498,0.5644,False
pythia-6.9b,landmark_region,regress,A landmark region is,6,0,also,7.931,1.7135,False
pythia-6.9b,landmark_region,regress,A landmark region is,6,1,still,6.217,1.7135,False
pythia-6.9b,landmark_region,regress,A landmark region is,6,2,composed,6.036,1.7135,False
pythia-6.9b,landmark_region,regress,A landmark region is,6,3,indeed,5.935,1.7135,False
pythia-6.9b,landmark_region,regress,A landmark region is,6,4,not,5.922,1.7135,False
pythia-6.9b,landmark_region,regress,A landmark region is,7,0,also,7.528,0.9987,False
pythia-6.9b,landmark_region,regress,A landmark region is,7,1,defined,6.529,0.9987,False
pythia-6.9b,landmark_region,regress,A landmark region is,7,2,still,6.156,0.9987,False
pythia-6.9b,landmark_region,regress,A landmark region is,7,3,often,6.143,0.9987,False
pythia-6.9b,landmark_region,regress,A landmark region is,7,4,currently,5.992,0.9987,False
pythia-6.9b,landmark_region,regress,A landmark region is,8,0,still,7.272,0.1932,False
pythia-6.9b,landmark_region,regress,A landmark region is,8,1,defined,7.078,0.1932,False
pythia-6.9b,landmark_region,regress,A landmark region is,8,2,also,7.041,0.1932,False
pythia-6.9b,landmark_region,regress,A landmark region is,8,3,currently,6.471,0.1932,False
pythia-6.9b,landmark_region,regress,A landmark region is,8,4,often,6.468,0.1932,False
pythia-6.9b,landmark_region,regress,A landmark region is,9,0,defined,7.083,0.0557,False
pythia-6.9b,landmark_region,regress,A landmark region is,9,1,still,7.028,0.0557,False
pythia-6.9b,landmark_region,regress,A landmark region is,9,2,also,6.948,0.0557,False
pythia-6.9b,landmark_region,regress,A landmark region is,9,3,ord,6.785,0.0557,False
pythia-6.9b,landmark_region,regress,A landmark region is,9,4,not,6.29,0.0557,False
pythia-6.9b,landmark_region,regress,A landmark region is,10,0,defined,7.771,0.1581,False
pythia-6.9b,landmark_region,regress,A landmark region is,10,1,also,7.613,0.1581,False
pythia-6.9b,landmark_region,regress,A landmark region is,10,2,still,7.448,0.1581,False
pythia-6.9b,landmark_region,regress,A landmark region is,10,3,ord,7.446,0.1581,False
pythia-6.9b,landmark_region,regress,A landmark region is,10,4,ma,7.224,0.1581,False
pythia-6.9b,landmark_region,regress,A landmark region is,11,0,also,8.629,0.2769,False
pythia-6.9b,landmark_region,regress,A landmark region is,11,1,defined,8.352,0.2769,False
pythia-6.9b,landmark_region,regress,A landmark region is,11,2,still,7.688,0.2769,False
pythia-6.9b,landmark_region,regress,A landmark region is,11,3,-,7.656,0.2769,False
pythia-6.9b,landmark_region,regress,A landmark region is,11,4,not,7.588,0.2769,False
pythia-6.9b,landmark_region,regress,A landmark region is,12,0,also,9.188,0.6412,False
pythia-6.9b,landmark_region,regress,A landmark region is,12,1,defined,8.547,0.6412,False
pythia-6.9b,landmark_region,regress,A landmark region is,12,2,in,8.306,0.6412,False
pythia-6.9b,landmark_region,regress,A landmark region is,12,3,now,8.139,0.6412,False
pythia-6.9b,landmark_region,regress,A landmark region is,12,4,r,8.108,0.6412,False
pythia-6.9b,landmark_region,regress,A landmark region is,13,0,nt,8.701,0.1146,False
pythia-6.9b,landmark_region,regress,A landmark region is,13,1,also,8.587,0.1146,False
pythia-6.9b,landmark_region,regress,A landmark region is,13,2,now,8.536,0.1146,False
pythia-6.9b,landmark_region,regress,A landmark region is,13,3,r,8.42,0.1146,False
pythia-6.9b,landmark_region,regress,A landmark region is,13,4,defined,8.32,0.1146,False
pythia-6.9b,landmark_region,regress,A landmark region is,14,0,region,10.048,0.8696,False
pythia-6.9b,landmark_region,regress,A landmark region is,14,1,the,9.179,0.8696,False
pythia-6.9b,landmark_region,regress,A landmark region is,14,2,in,8.756,0.8696,False
pythia-6.9b,landmark_region,regress,A landmark region is,14,3,nt,8.717,0.8696,False
pythia-6.9b,landmark_region,regress,A landmark region is,14,4,now,8.699,0.8696,False
pythia-6.9b,landmark_region,regress,A landmark region is,15,0,the,9.027,0.0596,False
pythia-6.9b,landmark_region,regress,A landmark region is,15,1,region,8.967,0.0596,False
pythia-6.9b,landmark_region,regress,A landmark region is,15,2,r,8.433,0.0596,False
pythia-6.9b,landmark_region,regress,A landmark region is,15,3,in,8.376,0.0596,False
pythia-6.9b,landmark_region,regress,A landmark region is,15,4,set,8.304,0.0596,False
pythia-6.9b,landmark_region,regress,A landmark region is,16,0,the,9.299,0.0487,False
pythia-6.9b,landmark_region,regress,A landmark region is,16,1,region,9.25,0.0487,False
pythia-6.9b,landmark_region,regress,A landmark region is,16,2,in,8.746,0.0487,False
pythia-6.9b,landmark_region,regress,A landmark region is,16,3,central,8.59,0.0487,False
pythia-6.9b,landmark_region,regress,A landmark region is,16,4,set,8.458,0.0487,False
pythia-6.9b,landmark_region,regress,A landmark region is,17,0,the,10.736,0.8583,False
pythia-6.9b,landmark_region,regress,A landmark region is,17,1,in,9.878,0.8583,False
pythia-6.9b,landmark_region,regress,A landmark region is,17,2,not,9.389,0.8583,False
pythia-6.9b,landmark_region,regress,A landmark region is,17,3,region,9.179,0.8583,False
pythia-6.9b,landmark_region,regress,A landmark region is,17,4,a,9.118,0.8583,False
pythia-6.9b,landmark_region,regress,A landmark region is,18,0,the,10.875,0.7765,False
pythia-6.9b,landmark_region,regress,A landmark region is,18,1,in,10.098,0.7765,False
pythia-6.9b,landmark_region,regress,A landmark region is,18,2,set,9.637,0.7765,False
pythia-6.9b,landmark_region,regress,A landmark region is,18,3,a,9.485,0.7765,False
pythia-6.9b,landmark_region,regress,A landmark region is,18,4,not,9.456,0.7765,False
pythia-6.9b,landmark_region,regress,A landmark region is,19,0,the,10.376,0.8905,False
pythia-6.9b,landmark_region,regress,A landmark region is,19,1,set,9.485,0.8905,False
pythia-6.9b,landmark_region,regress,A landmark region is,19,2,a,9.459,0.8905,False
pythia-6.9b,landmark_region,regress,A landmark region is,19,3,in,9.404,0.8905,False
pythia-6.9b,landmark_region,regress,A landmark region is,19,4,not,9.198,0.8905,False
pythia-6.9b,landmark_region,regress,A landmark region is,20,0,the,11.136,0.8264,False
pythia-6.9b,landmark_region,regress,A landmark region is,20,1,a,10.31,0.8264,False
pythia-6.9b,landmark_region,regress,A landmark region is,20,2,set,10.209,0.8264,False
pythia-6.9b,landmark_region,regress,A landmark region is,20,3,in,10.113,0.8264,False
pythia-6.9b,landmark_region,regress,A landmark region is,20,4,not,9.907,0.8264,False
pythia-6.9b,landmark_region,regress,A landmark region is,21,0,the,11.511,0.7435,False
pythia-6.9b,landmark_region,regress,A landmark region is,21,1,a,10.768,0.7435,False
pythia-6.9b,landmark_region,regress,A landmark region is,21,2,set,10.723,0.7435,False
pythia-6.9b,landmark_region,regress,A landmark region is,21,3,in,10.217,0.7435,False
pythia-6.9b,landmark_region,regress,A landmark region is,21,4,one,9.887,0.7435,False
pythia-6.9b,landmark_region,regress,A landmark region is,22,0,the,11.638,0.3353,False
pythia-6.9b,landmark_region,regress,A landmark region is,22,1,a,11.302,0.3353,False
pythia-6.9b,landmark_region,regress,A landmark region is,22,2,set,11.13,0.3353,False
pythia-6.9b,landmark_region,regress,A landmark region is,22,3,in,10.695,0.3353,False
pythia-6.9b,landmark_region,regress,A landmark region is,22,4,"""",10.29,0.3353,False
pythia-6.9b,landmark_region,regress,A landmark region is,23,0,the,11.678,0.5945,False
pythia-6.9b,landmark_region,regress,A landmark region is,23,1,a,11.083,0.5945,False
pythia-6.9b,landmark_region,regress,A landmark region is,23,2,set,10.957,0.5945,False
pythia-6.9b,landmark_region,regress,A landmark region is,23,3,one,10.515,0.5945,False
pythia-6.9b,landmark_region,regress,A landmark region is,23,4,being,10.365,0.5945,False
pythia-6.9b,landmark_region,regress,A landmark region is,24,0,the,12.173,0.2974,False
pythia-6.9b,landmark_region,regress,A landmark region is,24,1,a,11.875,0.2974,False
pythia-6.9b,landmark_region,regress,A landmark region is,24,2,set,11.183,0.2974,False
pythia-6.9b,landmark_region,regress,A landmark region is,24,3,one,10.947,0.2974,False
pythia-6.9b,landmark_region,regress,A landmark region is,24,4,in,10.867,0.2974,False
pythia-6.9b,landmark_region,regress,A landmark region is,25,0,the,12.342,0.1467,False
pythia-6.9b,landmark_region,regress,A landmark region is,25,1,a,12.195,0.1467,False
pythia-6.9b,landmark_region,regress,A landmark region is,25,2,set,11.65,0.1467,False
pythia-6.9b,landmark_region,regress,A landmark region is,25,3,in,11.521,0.1467,False
pythia-6.9b,landmark_region,regress,A landmark region is,25,4,under,11.145,0.1467,False
pythia-6.9b,landmark_region,regress,A landmark region is,26,0,a,12.809,0.101,False
pythia-6.9b,landmark_region,regress,A landmark region is,26,1,the,12.708,0.101,False
pythia-6.9b,landmark_region,regress,A landmark region is,26,2,being,12.513,0.101,False
pythia-6.9b,landmark_region,regress,A landmark region is,26,3,set,11.983,0.101,False
pythia-6.9b,landmark_region,regress,A landmark region is,26,4,in,11.906,0.101,False
pythia-6.9b,landmark_region,regress,A landmark region is,27,0,the,13.032,0.0288,False
pythia-6.9b,landmark_region,regress,A landmark region is,27,1,a,13.003,0.0288,False
pythia-6.9b,landmark_region,regress,A landmark region is,27,2,being,12.737,0.0288,False
pythia-6.9b,landmark_region,regress,A landmark region is,27,3,set,12.206,0.0288,False
pythia-6.9b,landmark_region,regress,A landmark region is,27,4,in,12.152,0.0288,False
pythia-6.9b,landmark_region,regress,A landmark region is,28,0,the,12.963,0.0286,False
pythia-6.9b,landmark_region,regress,A landmark region is,28,1,a,12.934,0.0286,False
pythia-6.9b,landmark_region,regress,A landmark region is,28,2,in,12.196,0.0286,False
pythia-6.9b,landmark_region,regress,A landmark region is,28,3,being,11.937,0.0286,False
pythia-6.9b,landmark_region,regress,A landmark region is,28,4,set,11.844,0.0286,False
pythia-6.9b,landmark_region,regress,A landmark region is,29,0,the,12.273,0.2664,False
pythia-6.9b,landmark_region,regress,A landmark region is,29,1,a,12.007,0.2664,False
pythia-6.9b,landmark_region,regress,A landmark region is,29,2,set,11.946,0.2664,False
pythia-6.9b,landmark_region,regress,A landmark region is,29,3,in,11.822,0.2664,False
pythia-6.9b,landmark_region,regress,A landmark region is,29,4,being,11.103,0.2664,False
pythia-6.9b,landmark_region,regress,A landmark region is,30,0,the,10.843,0.0134,False
pythia-6.9b,landmark_region,regress,A landmark region is,30,1,set,10.83,0.0134,False
pythia-6.9b,landmark_region,regress,A landmark region is,30,2,being,10.498,0.0134,False
pythia-6.9b,landmark_region,regress,A landmark region is,30,3,under,10.311,0.0134,False
pythia-6.9b,landmark_region,regress,A landmark region is,30,4,in,10.224,0.0134,False
pythia-6.9b,landmark_region,regress,A landmark region is,31,0,being,13.978,0.2934,True
pythia-6.9b,landmark_region,regress,A landmark region is,31,1,set,13.684,0.2934,True
pythia-6.9b,landmark_region,regress,A landmark region is,31,2,emerging,13.332,0.2934,True
pythia-6.9b,landmark_region,regress,A landmark region is,31,3,the,13.324,0.2934,True
pythia-6.9b,landmark_region,regress,A landmark region is,31,4,about,13.127,0.2934,True
pythia-6.9b,combo_box,peak,A combo box is,0,0,maha,8.867,2.0078,False
pythia-6.9b,combo_box,peak,A combo box is,0,1,$[]$,6.859,2.0078,False
pythia-6.9b,combo_box,peak,A combo box is,0,2,cryptocur,6.794,2.0078,False
pythia-6.9b,combo_box,peak,A combo box is,0,3,practition,6.409,2.0078,False
pythia-6.9b,combo_box,peak,A combo box is,0,4,also,6.086,2.0078,False
pythia-6.9b,combo_box,peak,A combo box is,1,0,maha,8.589,0.976,False
pythia-6.9b,combo_box,peak,A combo box is,1,1,$[]$,7.613,0.976,False
pythia-6.9b,combo_box,peak,A combo box is,1,2,cryptocur,6.962,0.976,False
pythia-6.9b,combo_box,peak,A combo box is,1,3,practition,6.125,0.976,False
pythia-6.9b,combo_box,peak,A combo box is,1,4,resemb,5.577,0.976,False
pythia-6.9b,combo_box,peak,A combo box is,2,0,maha,8.017,0.4207,False
pythia-6.9b,combo_box,peak,A combo box is,2,1,$[]$,7.596,0.4207,False
pythia-6.9b,combo_box,peak,A combo box is,2,2,cryptocur,6.658,0.4207,False
pythia-6.9b,combo_box,peak,A combo box is,2,3,supernat,5.916,0.4207,False
pythia-6.9b,combo_box,peak,A combo box is,2,4,also,5.897,0.4207,False
pythia-6.9b,combo_box,peak,A combo box is,3,0,$[]$,7.1,0.0455,False
pythia-6.9b,combo_box,peak,A combo box is,3,1,maha,7.055,0.0455,False
pythia-6.9b,combo_box,peak,A combo box is,3,2,cryptocur,6.458,0.0455,False
pythia-6.9b,combo_box,peak,A combo box is,3,3,also,6.288,0.0455,False
pythia-6.9b,combo_box,peak,A combo box is,3,4,greek,6.127,0.0455,False
pythia-6.9b,combo_box,peak,A combo box is,4,0,$[]$,6.916,0.0478,False
pythia-6.9b,combo_box,peak,A combo box is,4,1,also,6.868,0.0478,False
pythia-6.9b,combo_box,peak,A combo box is,4,2,maha,6.649,0.0478,False
pythia-6.9b,combo_box,peak,A combo box is,4,3,rá,6.581,0.0478,False
pythia-6.9b,combo_box,peak,A combo box is,4,4,cryptocur,6.46,0.0478,False
pythia-6.9b,combo_box,peak,A combo box is,5,0,also,7.333,0.5278,False
pythia-6.9b,combo_box,peak,A combo box is,5,1,composed,6.806,0.5278,False
pythia-6.9b,combo_box,peak,A combo box is,5,2,cryptocur,6.503,0.5278,False
pythia-6.9b,combo_box,peak,A combo box is,5,3,usually,5.742,0.5278,False
pythia-6.9b,combo_box,peak,A combo box is,5,4,made,5.659,0.5278,False
pythia-6.9b,combo_box,peak,A combo box is,6,0,also,7.474,0.9275,False
pythia-6.9b,combo_box,peak,A combo box is,6,1,cryptocur,6.547,0.9275,False
pythia-6.9b,combo_box,peak,A combo box is,6,2,defined,6.416,0.9275,False
pythia-6.9b,combo_box,peak,A combo box is,6,3,composed,6.377,0.9275,False
pythia-6.9b,combo_box,peak,A combo box is,6,4,usually,6.08,0.9275,False
pythia-6.9b,combo_box,peak,A combo box is,7,0,also,7.521,0.7454,False
pythia-6.9b,combo_box,peak,A combo box is,7,1,defined,6.775,0.7454,False
pythia-6.9b,combo_box,peak,A combo box is,7,2,generally,6.707,0.7454,False
pythia-6.9b,combo_box,peak,A combo box is,7,3,composed,6.438,0.7454,False
pythia-6.9b,combo_box,peak,A combo box is,7,4,typically,6.415,0.7454,False
pythia-6.9b,combo_box,peak,A combo box is,8,0,also,7.888,0.0708,False
pythia-6.9b,combo_box,peak,A combo box is,8,1,defined,7.818,0.0708,False
pythia-6.9b,combo_box,peak,A combo box is,8,2,not,7.24,0.0708,False
pythia-6.9b,combo_box,peak,A combo box is,8,3,a,7.203,0.0708,False
pythia-6.9b,combo_box,peak,A combo box is,8,4,generally,7.179,0.0708,False
pythia-6.9b,combo_box,peak,A combo box is,9,0,also,8.523,0.1527,False
pythia-6.9b,combo_box,peak,A combo box is,9,1,defined,8.37,0.1527,False
pythia-6.9b,combo_box,peak,A combo box is,9,2,a,8.353,0.1527,False
pythia-6.9b,combo_box,peak,A combo box is,9,3,generally,7.469,0.1527,False
pythia-6.9b,combo_box,peak,A combo box is,9,4,usually,7.454,0.1527,False
pythia-6.9b,combo_box,peak,A combo box is,10,0,a,9.27,0.3976,True
pythia-6.9b,combo_box,peak,A combo box is,10,1,defined,8.873,0.3976,True
pythia-6.9b,combo_box,peak,A combo box is,10,2,also,8.56,0.3976,True
pythia-6.9b,combo_box,peak,A combo box is,10,3,an,8.553,0.3976,True
pythia-6.9b,combo_box,peak,A combo box is,10,4,generally,8.54,0.3976,True
pythia-6.9b,combo_box,peak,A combo box is,11,0,a,10.821,0.7283,True
pythia-6.9b,combo_box,peak,A combo box is,11,1,an,10.092,0.7283,True
pythia-6.9b,combo_box,peak,A combo box is,11,2,generally,9.877,0.7283,True
pythia-6.9b,combo_box,peak,A combo box is,11,3,defined,9.506,0.7283,True
pythia-6.9b,combo_box,peak,A combo box is,11,4,typically,9.4,0.7283,True
pythia-6.9b,combo_box,peak,A combo box is,12,0,a,11.364,0.7271,True
pythia-6.9b,combo_box,peak,A combo box is,12,1,an,10.637,0.7271,True
pythia-6.9b,combo_box,peak,A combo box is,12,2,generally,10.036,0.7271,True
pythia-6.9b,combo_box,peak,A combo box is,12,3,used,9.976,0.7271,True
pythia-6.9b,combo_box,peak,A combo box is,12,4,in,9.822,0.7271,True
pythia-6.9b,combo_box,peak,A combo box is,13,0,a,10.993,0.136,True
pythia-6.9b,combo_box,peak,A combo box is,13,1,an,10.857,0.136,True
pythia-6.9b,combo_box,peak,A combo box is,13,2,used,10.547,0.136,True
pythia-6.9b,combo_box,peak,A combo box is,13,3,usually,9.727,0.136,True
pythia-6.9b,combo_box,peak,A combo box is,13,4,generally,9.725,0.136,True
pythia-6.9b,combo_box,peak,A combo box is,14,0,an,11.44,0.0444,False
pythia-6.9b,combo_box,peak,A combo box is,14,1,a,11.395,0.0444,False
pythia-6.9b,combo_box,peak,A combo box is,14,2,used,10.778,0.0444,False
pythia-6.9b,combo_box,peak,A combo box is,14,3,generally,10.658,0.0444,False
pythia-6.9b,combo_box,peak,A combo box is,14,4,typically,10.653,0.0444,False
pythia-6.9b,combo_box,peak,A combo box is,15,0,a,13.05,0.8053,True
pythia-6.9b,combo_box,peak,A combo box is,15,1,an,12.244,0.8053,True
pythia-6.9b,combo_box,peak,A combo box is,15,2,the,11.304,0.8053,True
pythia-6.9b,combo_box,peak,A combo box is,15,3,often,10.86,0.8053,True
pythia-6.9b,combo_box,peak,A combo box is,15,4,used,10.809,0.8053,True
pythia-6.9b,combo_box,peak,A combo box is,16,0,a,13.071,0.8196,True
pythia-6.9b,combo_box,peak,A combo box is,16,1,an,12.252,0.8196,True
pythia-6.9b,combo_box,peak,A combo box is,16,2,used,11.467,0.8196,True
pythia-6.9b,combo_box,peak,A combo box is,16,3,the,11.059,0.8196,True
pythia-6.9b,combo_box,peak,A combo box is,16,4,one,10.603,0.8196,True
pythia-6.9b,combo_box,peak,A combo box is,17,0,a,14.986,1.417,True
pythia-6.9b,combo_box,peak,A combo box is,17,1,an,13.569,1.417,True
pythia-6.9b,combo_box,peak,A combo box is,17,2,the,12.592,1.417,True
pythia-6.9b,combo_box,peak,A combo box is,17,3,one,12.271,1.417,True
pythia-6.9b,combo_box,peak,A combo box is,17,4,used,11.871,1.417,True
pythia-6.9b,combo_box,peak,A combo box is,18,0,a,14.843,1.1568,True
pythia-6.9b,combo_box,peak,A combo box is,18,1,an,13.686,1.1568,True
pythia-6.9b,combo_box,peak,A combo box is,18,2,the,12.321,1.1568,True
pythia-6.9b,combo_box,peak,A combo box is,18,3,used,12.05,1.1568,True
pythia-6.9b,combo_box,peak,A combo box is,18,4,one,11.821,1.1568,True
pythia-6.9b,combo_box,peak,A combo box is,19,0,a,15.351,1.1943,True
pythia-6.9b,combo_box,peak,A combo box is,19,1,an,14.157,1.1943,True
pythia-6.9b,combo_box,peak,A combo box is,19,2,the,12.608,1.1943,True
pythia-6.9b,combo_box,peak,A combo box is,19,3,one,12.164,1.1943,True
pythia-6.9b,combo_box,peak,A combo box is,19,4,used,11.763,1.1943,True
pythia-6.9b,combo_box,peak,A combo box is,20,0,a,15.875,0.9438,True
pythia-6.9b,combo_box,peak,A combo box is,20,1,an,14.932,0.9438,True
pythia-6.9b,combo_box,peak,A combo box is,20,2,one,12.754,0.9438,True
pythia-6.9b,combo_box,peak,A combo box is,20,3,the,12.503,0.9438,True
pythia-6.9b,combo_box,peak,A combo box is,20,4,used,11.918,0.9438,True
pythia-6.9b,combo_box,peak,A combo box is,21,0,a,16.399,1.0897,True
pythia-6.9b,combo_box,peak,A combo box is,21,1,an,15.309,1.0897,True
pythia-6.9b,combo_box,peak,A combo box is,21,2,one,12.901,1.0897,True
pythia-6.9b,combo_box,peak,A combo box is,21,3,the,12.844,1.0897,True
pythia-6.9b,combo_box,peak,A combo box is,21,4,used,12.177,1.0897,True
pythia-6.9b,combo_box,peak,A combo box is,22,0,a,16.955,1.2867,True
pythia-6.9b,combo_box,peak,A combo box is,22,1,an,15.669,1.2867,True
pythia-6.9b,combo_box,peak,A combo box is,22,2,the,12.93,1.2867,True
pythia-6.9b,combo_box,peak,A combo box is,22,3,one,12.88,1.2867,True
pythia-6.9b,combo_box,peak,A combo box is,22,4,used,12.163,1.2867,True
pythia-6.9b,combo_box,peak,A combo box is,23,0,a,16.893,1.0944,True
pythia-6.9b,combo_box,peak,A combo box is,23,1,an,15.799,1.0944,True
pythia-6.9b,combo_box,peak,A combo box is,23,2,one,13.086,1.0944,True
pythia-6.9b,combo_box,peak,A combo box is,23,3,the,12.917,1.0944,True
pythia-6.9b,combo_box,peak,A combo box is,23,4,used,12.056,1.0944,True
pythia-6.9b,combo_box,peak,A combo box is,24,0,a,17.562,1.2567,True
pythia-6.9b,combo_box,peak,A combo box is,24,1,an,16.305,1.2567,True
pythia-6.9b,combo_box,peak,A combo box is,24,2,one,13.349,1.2567,True
pythia-6.9b,combo_box,peak,A combo box is,24,3,the,13.277,1.2567,True
pythia-6.9b,combo_box,peak,A combo box is,24,4,used,12.394,1.2567,True
pythia-6.9b,combo_box,peak,A combo box is,25,0,a,18.581,1.3769,True
pythia-6.9b,combo_box,peak,A combo box is,25,1,an,17.204,1.3769,True
pythia-6.9b,combo_box,peak,A combo box is,25,2,one,14.008,1.3769,True
pythia-6.9b,combo_box,peak,A combo box is,25,3,the,13.972,1.3769,True
pythia-6.9b,combo_box,peak,A combo box is,25,4,used,13.125,1.3769,True
pythia-6.9b,combo_box,peak,A combo box is,26,0,a,19.383,1.821,True
pythia-6.9b,combo_box,peak,A combo box is,26,1,an,17.562,1.821,True
pythia-6.9b,combo_box,peak,A combo box is,26,2,one,15.117,1.821,True
pythia-6.9b,combo_box,peak,A combo box is,26,3,the,14.566,1.821,True
pythia-6.9b,combo_box,peak,A combo box is,26,4,used,13.91,1.821,True
pythia-6.9b,combo_box,peak,A combo box is,27,0,a,20.267,1.9502,True
pythia-6.9b,combo_box,peak,A combo box is,27,1,an,18.317,1.9502,True
pythia-6.9b,combo_box,peak,A combo box is,27,2,one,15.323,1.9502,True
pythia-6.9b,combo_box,peak,A combo box is,27,3,the,15.011,1.9502,True
pythia-6.9b,combo_box,peak,A combo box is,27,4,used,14.337,1.9502,True
pythia-6.9b,combo_box,peak,A combo box is,28,0,a,20.044,2.1772,True
pythia-6.9b,combo_box,peak,A combo box is,28,1,an,17.867,2.1772,True
pythia-6.9b,combo_box,peak,A combo box is,28,2,one,15.495,2.1772,True
pythia-6.9b,combo_box,peak,A combo box is,28,3,the,15.158,2.1772,True
pythia-6.9b,combo_box,peak,A combo box is,28,4,used,14.838,2.1772,True
pythia-6.9b,combo_box,peak,A combo box is,29,0,a,20.04,2.3416,True
pythia-6.9b,combo_box,peak,A combo box is,29,1,an,17.699,2.3416,True
pythia-6.9b,combo_box,peak,A combo box is,29,2,one,15.466,2.3416,True
pythia-6.9b,combo_box,peak,A combo box is,29,3,the,15.096,2.3416,True
pythia-6.9b,combo_box,peak,A combo box is,29,4,used,14.963,2.3416,True
pythia-6.9b,combo_box,peak,A combo box is,30,0,a,17.119,1.6133,True
pythia-6.9b,combo_box,peak,A combo box is,30,1,an,15.505,1.6133,True
pythia-6.9b,combo_box,peak,A combo box is,30,2,used,14.039,1.6133,True
pythia-6.9b,combo_box,peak,A combo box is,30,3,one,13.798,1.6133,True
pythia-6.9b,combo_box,peak,A combo box is,30,4,the,13.509,1.6133,True
pythia-6.9b,combo_box,peak,A combo box is,31,0,a,18.737,2.0653,True
pythia-6.9b,combo_box,peak,A combo box is,31,1,an,16.671,2.0653,True
pythia-6.9b,combo_box,peak,A combo box is,31,2,used,16.025,2.0653,True
pythia-6.9b,combo_box,peak,A combo box is,31,3,one,15.277,2.0653,True
pythia-6.9b,combo_box,peak,A combo box is,31,4,the,14.899,2.0653,True
pythia-6.9b,status_message,peak,A status message is,0,0,maha,9.085,2.271,False
pythia-6.9b,status_message,peak,A status message is,0,1,$[]$,6.814,2.271,False
pythia-6.9b,status_message,peak,A status message is,0,2,cryptocur,6.789,2.271,False
pythia-6.9b,status_message,peak,A status message is,0,3,practition,6.315,2.271,False
pythia-6.9b,status_message,peak,A status message is,0,4,also,6.127,2.271,False
pythia-6.9b,status_message,peak,A status message is,1,0,maha,8.821,1.5114,False
pythia-6.9b,status_message,peak,A status message is,1,1,$[]$,7.31,1.5114,False
pythia-6.9b,status_message,peak,A status message is,1,2,cryptocur,6.689,1.5114,False
pythia-6.9b,status_message,peak,A status message is,1,3,practition,6.056,1.5114,False
pythia-6.9b,status_message,peak,A status message is,1,4,supernat,5.681,1.5114,False
pythia-6.9b,status_message,peak,A status message is,2,0,maha,8.504,1.3569,False
pythia-6.9b,status_message,peak,A status message is,2,1,$[]$,7.147,1.3569,False
pythia-6.9b,status_message,peak,A status message is,2,2,cryptocur,6.768,1.3569,False
pythia-6.9b,status_message,peak,A status message is,2,3,practition,6.141,1.3569,False
pythia-6.9b,status_message,peak,A status message is,2,4,also,6.132,1.3569,False
pythia-6.9b,status_message,peak,A status message is,3,0,maha,8.301,1.4986,False
pythia-6.9b,status_message,peak,A status message is,3,1,$[]$,6.803,1.4986,False
pythia-6.9b,status_message,peak,A status message is,3,2,cryptocur,6.601,1.4986,False
pythia-6.9b,status_message,peak,A status message is,3,3,nt,6.412,1.4986,False
pythia-6.9b,status_message,peak,A status message is,3,4,also,6.33,1.4986,False
pythia-6.9b,status_message,peak,A status message is,4,0,maha,8.123,0.6858,False
pythia-6.9b,status_message,peak,A status message is,4,1,nt,7.438,0.6858,False
pythia-6.9b,status_message,peak,A status message is,4,2,rá,6.609,0.6858,False
pythia-6.9b,status_message,peak,A status message is,4,3,also,6.469,0.6858,False
pythia-6.9b,status_message,peak,A status message is,4,4,$[]$,6.186,0.6858,False
pythia-6.9b,status_message,peak,A status message is,5,0,nt,6.795,0.057,False
pythia-6.9b,status_message,peak,A status message is,5,1,maha,6.738,0.057,False
pythia-6.9b,status_message,peak,A status message is,5,2,also,6.674,0.057,False
pythia-6.9b,status_message,peak,A status message is,5,3,typically,6.11,0.057,False
pythia-6.9b,status_message,peak,A status message is,5,4,not,6.093,0.057,False
pythia-6.9b,status_message,peak,A status message is,6,0,also,7.959,0.7733,False
pythia-6.9b,status_message,peak,A status message is,6,1,usually,7.186,0.7733,False
pythia-6.9b,status_message,peak,A status message is,6,2,nt,7.098,0.7733,False
pythia-6.9b,status_message,peak,A status message is,6,3,typically,7.014,0.7733,False
pythia-6.9b,status_message,peak,A status message is,6,4,available,6.55,0.7733,False
pythia-6.9b,status_message,peak,A status message is,7,0,also,8.299,0.0551,False
pythia-6.9b,status_message,peak,A status message is,7,1,usually,8.244,0.0551,False
pythia-6.9b,status_message,peak,A status message is,7,2,generally,8.137,0.0551,False
pythia-6.9b,status_message,peak,A status message is,7,3,typically,7.741,0.0551,False
pythia-6.9b,status_message,peak,A status message is,7,4,nt,7.561,0.0551,False
pythia-6.9b,status_message,peak,A status message is,8,0,generally,8.956,0.402,False
pythia-6.9b,status_message,peak,A status message is,8,1,usually,8.554,0.402,False
pythia-6.9b,status_message,peak,A status message is,8,2,also,8.397,0.402,False
pythia-6.9b,status_message,peak,A status message is,8,3,often,8.029,0.402,False
pythia-6.9b,status_message,peak,A status message is,8,4,nt,7.847,0.402,False
pythia-6.9b,status_message,peak,A status message is,9,0,generally,9.078,0.2511,False
pythia-6.9b,status_message,peak,A status message is,9,1,usually,8.827,0.2511,False
pythia-6.9b,status_message,peak,A status message is,9,2,also,8.66,0.2511,False
pythia-6.9b,status_message,peak,A status message is,9,3,defined,8.524,0.2511,False
pythia-6.9b,status_message,peak,A status message is,9,4,nt,8.456,0.2511,False
pythia-6.9b,status_message,peak,A status message is,10,0,generally,10.183,0.776,False
pythia-6.9b,status_message,peak,A status message is,10,1,typically,9.407,0.776,False
pythia-6.9b,status_message,peak,A status message is,10,2,usually,9.34,0.776,False
pythia-6.9b,status_message,peak,A status message is,10,3,defined,9.293,0.776,False
pythia-6.9b,status_message,peak,A status message is,10,4,normally,9.077,0.776,False
pythia-6.9b,status_message,peak,A status message is,11,0,generally,10.631,0.5162,False
pythia-6.9b,status_message,peak,A status message is,11,1,defined,10.115,0.5162,False
pythia-6.9b,status_message,peak,A status message is,11,2,also,9.734,0.5162,False
pythia-6.9b,status_message,peak,A status message is,11,3,typically,9.714,0.5162,False
pythia-6.9b,status_message,peak,A status message is,11,4,usually,9.422,0.5162,False
pythia-6.9b,status_message,peak,A status message is,12,0,also,10.537,0.3118,False
pythia-6.9b,status_message,peak,A status message is,12,1,defined,10.225,0.3118,False
pythia-6.9b,status_message,peak,A status message is,12,2,generally,10.161,0.3118,False
pythia-6.9b,status_message,peak,A status message is,12,3,often,9.659,0.3118,False
pythia-6.9b,status_message,peak,A status message is,12,4,typically,9.569,0.3118,False
pythia-6.9b,status_message,peak,A status message is,13,0,an,9.909,0.052,False
pythia-6.9b,status_message,peak,A status message is,13,1,generally,9.857,0.052,False
pythia-6.9b,status_message,peak,A status message is,13,2,nt,9.815,0.052,False
pythia-6.9b,status_message,peak,A status message is,13,3,often,9.811,0.052,False
pythia-6.9b,status_message,peak,A status message is,13,4,defined,9.809,0.052,False
pythia-6.9b,status_message,peak,A status message is,14,0,an,10.782,0.0111,False
pythia-6.9b,status_message,peak,A status message is,14,1,a,10.771,0.0111,False
pythia-6.9b,status_message,peak,A status message is,14,2,typically,10.441,0.0111,False
pythia-6.9b,status_message,peak,A status message is,14,3,defined,10.288,0.0111,False
pythia-6.9b,status_message,peak,A status message is,14,4,generally,10.254,0.0111,False
pythia-6.9b,status_message,peak,A status message is,15,0,a,10.912,0.1086,True
pythia-6.9b,status_message,peak,A status message is,15,1,an,10.804,0.1086,True
pythia-6.9b,status_message,peak,A status message is,15,2,typically,9.83,0.1086,True
pythia-6.9b,status_message,peak,A status message is,15,3,often,9.789,0.1086,True
pythia-6.9b,status_message,peak,A status message is,15,4,the,9.783,0.1086,True
pythia-6.9b,status_message,peak,A status message is,16,0,an,11.244,0.1632,False
pythia-6.9b,status_message,peak,A status message is,16,1,a,11.08,0.1632,False
pythia-6.9b,status_message,peak,A status message is,16,2,the,9.9,0.1632,False
pythia-6.9b,status_message,peak,A status message is,16,3,defined,9.777,0.1632,False
pythia-6.9b,status_message,peak,A status message is,16,4,usually,9.514,0.1632,False
pythia-6.9b,status_message,peak,A status message is,17,0,a,12.673,0.824,True
pythia-6.9b,status_message,peak,A status message is,17,1,an,11.849,0.824,True
pythia-6.9b,status_message,peak,A status message is,17,2,the,10.989,0.824,True
pythia-6.9b,status_message,peak,A status message is,17,3,one,10.179,0.824,True
pythia-6.9b,status_message,peak,A status message is,17,4,,10.173,0.824,True
pythia-6.9b,status_message,peak,A status message is,18,0,a,11.961,0.7711,True
pythia-6.9b,status_message,peak,A status message is,18,1,an,11.19,0.7711,True
pythia-6.9b,status_message,peak,A status message is,18,2,the,10.151,0.7711,True
pythia-6.9b,status_message,peak,A status message is,18,3,typically,10.046,0.7711,True
pythia-6.9b,status_message,peak,A status message is,18,4,usually,9.865,0.7711,True
pythia-6.9b,status_message,peak,A status message is,19,0,a,12.121,0.4893,True
pythia-6.9b,status_message,peak,A status message is,19,1,an,11.632,0.4893,True
pythia-6.9b,status_message,peak,A status message is,19,2,the,10.393,0.4893,True
pythia-6.9b,status_message,peak,A status message is,19,3,usually,9.933,0.4893,True
pythia-6.9b,status_message,peak,A status message is,19,4,typically,9.781,0.4893,True
pythia-6.9b,status_message,peak,A status message is,20,0,a,13.285,0.5779,True
pythia-6.9b,status_message,peak,A status message is,20,1,an,12.707,0.5779,True
pythia-6.9b,status_message,peak,A status message is,20,2,the,11.026,0.5779,True
pythia-6.9b,status_message,peak,A status message is,20,3,one,10.316,0.5779,True
pythia-6.9b,status_message,peak,A status message is,20,4,usually,10.295,0.5779,True
pythia-6.9b,status_message,peak,A status message is,21,0,a,14.087,0.7011,True
pythia-6.9b,status_message,peak,A status message is,21,1,an,13.386,0.7011,True
pythia-6.9b,status_message,peak,A status message is,21,2,the,11.707,0.7011,True
pythia-6.9b,status_message,peak,A status message is,21,3,one,10.622,0.7011,True
pythia-6.9b,status_message,peak,A status message is,21,4,usually,10.576,0.7011,True
pythia-6.9b,status_message,peak,A status message is,22,0,a,14.695,1.3366,True
pythia-6.9b,status_message,peak,A status message is,22,1,an,13.359,1.3366,True
pythia-6.9b,status_message,peak,A status message is,22,2,the,11.803,1.3366,True
pythia-6.9b,status_message,peak,A status message is,22,3,sent,11.01,1.3366,True
pythia-6.9b,status_message,peak,A status message is,22,4,one,10.974,1.3366,True
pythia-6.9b,status_message,peak,A status message is,23,0,a,14.686,1.0486,True
pythia-6.9b,status_message,peak,A status message is,23,1,an,13.637,1.0486,True
pythia-6.9b,status_message,peak,A status message is,23,2,the,11.876,1.0486,True
pythia-6.9b,status_message,peak,A status message is,23,3,one,11.178,1.0486,True
pythia-6.9b,status_message,peak,A status message is,23,4,sent,11.097,1.0486,True
pythia-6.9b,status_message,peak,A status message is,24,0,a,15.49,1.3401,True
pythia-6.9b,status_message,peak,A status message is,24,1,an,14.15,1.3401,True
pythia-6.9b,status_message,peak,A status message is,24,2,the,12.392,1.3401,True
pythia-6.9b,status_message,peak,A status message is,24,3,sent,11.56,1.3401,True
pythia-6.9b,status_message,peak,A status message is,24,4,one,11.484,1.3401,True
pythia-6.9b,status_message,peak,A status message is,25,0,a,16.034,1.1778,True
pythia-6.9b,status_message,peak,A status message is,25,1,an,14.856,1.1778,True
pythia-6.9b,status_message,peak,A status message is,25,2,the,12.641,1.1778,True
pythia-6.9b,status_message,peak,A status message is,25,3,sent,11.956,1.1778,True
pythia-6.9b,status_message,peak,A status message is,25,4,not,11.8,1.1778,True
pythia-6.9b,status_message,peak,A status message is,26,0,a,16.233,1.4227,True
pythia-6.9b,status_message,peak,A status message is,26,1,an,14.811,1.4227,True
pythia-6.9b,status_message,peak,A status message is,26,2,the,12.898,1.4227,True
pythia-6.9b,status_message,peak,A status message is,26,3,sent,12.594,1.4227,True
pythia-6.9b,status_message,peak,A status message is,26,4,one,12.347,1.4227,True
pythia-6.9b,status_message,peak,A status message is,27,0,a,16.454,1.2987,True
pythia-6.9b,status_message,peak,A status message is,27,1,an,15.155,1.2987,True
pythia-6.9b,status_message,peak,A status message is,27,2,the,13.091,1.2987,True
pythia-6.9b,status_message,peak,A status message is,27,3,sent,12.711,1.2987,True
pythia-6.9b,status_message,peak,A status message is,27,4,one,12.47,1.2987,True
pythia-6.9b,status_message,peak,A status message is,28,0,a,16.292,1.8312,True
pythia-6.9b,status_message,peak,A status message is,28,1,an,14.461,1.8312,True
pythia-6.9b,status_message,peak,A status message is,28,2,the,13.033,1.8312,True
pythia-6.9b,status_message,peak,A status message is,28,3,sent,12.891,1.8312,True
pythia-6.9b,status_message,peak,A status message is,28,4,one,12.398,1.8312,True
pythia-6.9b,status_message,peak,A status message is,29,0,a,16.283,1.5858,True
pythia-6.9b,status_message,peak,A status message is,29,1,an,14.697,1.5858,True
pythia-6.9b,status_message,peak,A status message is,29,2,the,13.164,1.5858,True
pythia-6.9b,status_message,peak,A status message is,29,3,one,12.646,1.5858,True
pythia-6.9b,status_message,peak,A status message is,29,4,sent,12.394,1.5858,True
pythia-6.9b,status_message,peak,A status message is,30,0,a,14.313,0.8047,True
pythia-6.9b,status_message,peak,A status message is,30,1,an,13.509,0.8047,True
pythia-6.9b,status_message,peak,A status message is,30,2,sent,12.128,0.8047,True
pythia-6.9b,status_message,peak,A status message is,30,3,the,12.03,0.8047,True
pythia-6.9b,status_message,peak,A status message is,30,4,displayed,11.911,0.8047,True
pythia-6.9b,status_message,peak,A status message is,31,0,a,16.26,0.2134,True
pythia-6.9b,status_message,peak,A status message is,31,1,displayed,16.047,0.2134,True
pythia-6.9b,status_message,peak,A status message is,31,2,sent,15.219,0.2134,True
pythia-6.9b,status_message,peak,A status message is,31,3,an,14.823,0.2134,True
pythia-6.9b,status_message,peak,A status message is,31,4,shown,14.258,0.2134,True
